"Regionskode";"Region";"Dato";"Døde";"Kummuleret antal døde";"Timestamp"
;;2020-02-26;0;0;2025-02-18T10:07:19.596
;;2020-02-27;0;0;2025-02-18T10:07:19.596
;;2020-02-28;0;0;2025-02-18T10:07:19.596
;;2020-03-01;0;0;2025-02-18T10:07:19.596
;;2020-03-02;0;0;2025-02-18T10:07:19.596
;;2020-03-03;0;0;2025-02-18T10:07:19.596
;;2020-03-04;0;0;2025-02-18T10:07:19.596
;;2020-03-05;0;0;2025-02-18T10:07:19.596
;;2020-03-06;0;0;2025-02-18T10:07:19.596
;;2020-03-07;0;0;2025-02-18T10:07:19.596
;;2020-03-08;0;0;2025-02-18T10:07:19.596
;;2020-03-09;0;0;2025-02-18T10:07:19.596
;;2020-03-10;0;0;2025-02-18T10:07:19.596
;;2020-03-11;0;0;2025-02-18T10:07:19.596
;;2020-03-12;0;0;2025-02-18T10:07:19.596
;;2020-03-13;0;0;2025-02-18T10:07:19.596
1084;Hovedstaden;2020-03-14;1;1;2025-02-18T10:07:19.596
1084;Hovedstaden;2020-03-15;1;2;2025-02-18T10:07:19.596
1082;Midtjylland;2020-03-15;1;3;2025-02-18T10:07:19.596
1084;Hovedstaden;2020-03-16;1;4;2025-02-18T10:07:19.596
1084;Hovedstaden;2020-03-17;1;5;2025-02-18T10:07:19.596
1084;Hovedstaden;2020-03-18;2;7;2025-02-18T10:07:19.596
1085;Sjælland;2020-03-18;1;8;2025-02-18T10:07:19.596
1084;Hovedstaden;2020-03-19;3;11;2025-02-18T10:07:19.596
1082;Midtjylland;2020-03-19;2;13;2025-02-18T10:07:19.596
1084;Hovedstaden;2020-03-20;2;15;2025-02-18T10:07:19.596
1085;Sjælland;2020-03-20;1;16;2025-02-18T10:07:19.596
1083;Syddanmark;2020-03-20;1;17;2025-02-18T10:07:19.596
1084;Hovedstaden;2020-03-21;3;20;2025-02-18T10:07:19.596
1082;Midtjylland;2020-03-22;1;21;2025-02-18T10:07:19.596
1084;Hovedstaden;2020-03-22;2;23;2025-02-18T10:07:19.596
1084;Hovedstaden;2020-03-23;4;27;2025-02-18T10:07:19.596
1085;Sjælland;2020-03-23;1;28;2025-02-18T10:07:19.596
1082;Midtjylland;2020-03-23;1;29;2025-02-18T10:07:19.596
1084;Hovedstaden;2020-03-24;1;30;2025-02-18T10:07:19.596
1081;Nordjylland;2020-03-24;1;31;2025-02-18T10:07:19.596
1085;Sjælland;2020-03-24;4;35;2025-02-18T10:07:19.596
1083;Syddanmark;2020-03-25;1;36;2025-02-18T10:07:19.596
1084;Hovedstaden;2020-03-25;2;38;2025-02-18T10:07:19.596
1082;Midtjylland;2020-03-25;1;39;2025-02-18T10:07:19.596
1085;Sjælland;2020-03-25;2;41;2025-02-18T10:07:19.596
1084;Hovedstaden;2020-03-26;6;47;2025-02-18T10:07:19.596
1085;Sjælland;2020-03-26;3;50;2025-02-18T10:07:19.596
1083;Syddanmark;2020-03-26;1;51;2025-02-18T10:07:19.596
1084;Hovedstaden;2020-03-27;7;58;2025-02-18T10:07:19.596
1085;Sjælland;2020-03-27;2;60;2025-02-18T10:07:19.596
1083;Syddanmark;2020-03-27;2;62;2025-02-18T10:07:19.596
1081;Nordjylland;2020-03-27;1;63;2025-02-18T10:07:19.596
1081;Nordjylland;2020-03-28;1;64;2025-02-18T10:07:19.596
1085;Sjælland;2020-03-28;1;65;2025-02-18T10:07:19.596
1083;Syddanmark;2020-03-28;1;66;2025-02-18T10:07:19.596
1082;Midtjylland;2020-03-28;2;68;2025-02-18T10:07:19.596
1084;Hovedstaden;2020-03-28;4;72;2025-02-18T10:07:19.596
1082;Midtjylland;2020-03-29;2;74;2025-02-18T10:07:19.596
1084;Hovedstaden;2020-03-29;2;76;2025-02-18T10:07:19.596
1081;Nordjylland;2020-03-29;1;77;2025-02-18T10:07:19.596
1083;Syddanmark;2020-03-29;3;80;2025-02-18T10:07:19.596
1085;Sjælland;2020-03-30;4;84;2025-02-18T10:07:19.596
1084;Hovedstaden;2020-03-30;6;90;2025-02-18T10:07:19.596
1082;Midtjylland;2020-03-30;1;91;2025-02-18T10:07:19.596
1083;Syddanmark;2020-03-31;1;92;2025-02-18T10:07:19.596
1085;Sjælland;2020-03-31;3;95;2025-02-18T10:07:19.596
1082;Midtjylland;2020-03-31;1;96;2025-02-18T10:07:19.596
1084;Hovedstaden;2020-03-31;8;104;2025-02-18T10:07:19.596
1081;Nordjylland;2020-03-31;2;106;2025-02-18T10:07:19.596
1083;Syddanmark;2020-04-01;1;107;2025-02-18T10:07:19.596
1082;Midtjylland;2020-04-01;2;109;2025-02-18T10:07:19.596
1081;Nordjylland;2020-04-01;1;110;2025-02-18T10:07:19.596
1084;Hovedstaden;2020-04-01;13;123;2025-02-18T10:07:19.596
1085;Sjælland;2020-04-01;5;128;2025-02-18T10:07:19.596
1085;Sjælland;2020-04-02;4;132;2025-02-18T10:07:19.596
1082;Midtjylland;2020-04-02;4;136;2025-02-18T10:07:19.596
1081;Nordjylland;2020-04-02;1;137;2025-02-18T10:07:19.596
1084;Hovedstaden;2020-04-02;9;146;2025-02-18T10:07:19.596
1084;Hovedstaden;2020-04-03;14;160;2025-02-18T10:07:19.596
1083;Syddanmark;2020-04-03;1;161;2025-02-18T10:07:19.596
1085;Sjælland;2020-04-03;4;165;2025-02-18T10:07:19.596
1082;Midtjylland;2020-04-03;1;166;2025-02-18T10:07:19.596
1084;Hovedstaden;2020-04-04;7;173;2025-02-18T10:07:19.596
1082;Midtjylland;2020-04-04;5;178;2025-02-18T10:07:19.596
1081;Nordjylland;2020-04-04;1;179;2025-02-18T10:07:19.596
1085;Sjælland;2020-04-04;2;181;2025-02-18T10:07:19.596
1085;Sjælland;2020-04-05;2;183;2025-02-18T10:07:19.596
1081;Nordjylland;2020-04-05;1;184;2025-02-18T10:07:19.596
1084;Hovedstaden;2020-04-05;6;190;2025-02-18T10:07:19.596
1082;Midtjylland;2020-04-05;2;192;2025-02-18T10:07:19.596
1083;Syddanmark;2020-04-05;1;193;2025-02-18T10:07:19.596
1085;Sjælland;2020-04-06;2;195;2025-02-18T10:07:19.596
1084;Hovedstaden;2020-04-06;11;206;2025-02-18T10:07:19.596
1083;Syddanmark;2020-04-06;4;210;2025-02-18T10:07:19.596
1081;Nordjylland;2020-04-07;1;211;2025-02-18T10:07:19.596
1084;Hovedstaden;2020-04-07;11;222;2025-02-18T10:07:19.596
1082;Midtjylland;2020-04-08;2;224;2025-02-18T10:07:19.596
1081;Nordjylland;2020-04-08;1;225;2025-02-18T10:07:19.596
1084;Hovedstaden;2020-04-08;8;233;2025-02-18T10:07:19.596
1085;Sjælland;2020-04-08;4;237;2025-02-18T10:07:19.596
1085;Sjælland;2020-04-09;1;238;2025-02-18T10:07:19.596
1084;Hovedstaden;2020-04-09;7;245;2025-02-18T10:07:19.596
1081;Nordjylland;2020-04-09;1;246;2025-02-18T10:07:19.596
1082;Midtjylland;2020-04-09;3;249;2025-02-18T10:07:19.596
1082;Midtjylland;2020-04-10;2;251;2025-02-18T10:07:19.596
1084;Hovedstaden;2020-04-10;10;261;2025-02-18T10:07:19.596
1081;Nordjylland;2020-04-10;1;262;2025-02-18T10:07:19.596
1085;Sjælland;2020-04-10;3;265;2025-02-18T10:07:19.596
1081;Nordjylland;2020-04-11;1;266;2025-02-18T10:07:19.596
1085;Sjælland;2020-04-11;2;268;2025-02-18T10:07:19.596
1082;Midtjylland;2020-04-11;2;270;2025-02-18T10:07:19.596
1084;Hovedstaden;2020-04-11;6;276;2025-02-18T10:07:19.596
1083;Syddanmark;2020-04-12;1;277;2025-02-18T10:07:19.596
1082;Midtjylland;2020-04-12;2;279;2025-02-18T10:07:19.596
1084;Hovedstaden;2020-04-12;8;287;2025-02-18T10:07:19.596
1083;Syddanmark;2020-04-13;1;288;2025-02-18T10:07:19.596
1082;Midtjylland;2020-04-13;4;292;2025-02-18T10:07:19.596
1081;Nordjylland;2020-04-13;2;294;2025-02-18T10:07:19.596
1085;Sjælland;2020-04-13;1;295;2025-02-18T10:07:19.596
1084;Hovedstaden;2020-04-13;8;303;2025-02-18T10:07:19.596
1083;Syddanmark;2020-04-14;1;304;2025-02-18T10:07:19.596
1084;Hovedstaden;2020-04-14;8;312;2025-02-18T10:07:19.596
1082;Midtjylland;2020-04-14;3;315;2025-02-18T10:07:19.596
1084;Hovedstaden;2020-04-15;6;321;2025-02-18T10:07:19.596
1085;Sjælland;2020-04-15;1;322;2025-02-18T10:07:19.596
1082;Midtjylland;2020-04-15;3;325;2025-02-18T10:07:19.596
1083;Syddanmark;2020-04-16;1;326;2025-02-18T10:07:19.596
1085;Sjælland;2020-04-16;5;331;2025-02-18T10:07:19.596
1084;Hovedstaden;2020-04-16;5;336;2025-02-18T10:07:19.596
1082;Midtjylland;2020-04-16;1;337;2025-02-18T10:07:19.596
1085;Sjælland;2020-04-17;4;341;2025-02-18T10:07:19.596
1084;Hovedstaden;2020-04-17;4;345;2025-02-18T10:07:19.596
1082;Midtjylland;2020-04-17;1;346;2025-02-18T10:07:19.596
1085;Sjælland;2020-04-18;1;347;2025-02-18T10:07:19.596
1083;Syddanmark;2020-04-18;1;348;2025-02-18T10:07:19.596
1084;Hovedstaden;2020-04-18;8;356;2025-02-18T10:07:19.596
1083;Syddanmark;2020-04-19;1;357;2025-02-18T10:07:19.596
1084;Hovedstaden;2020-04-19;3;360;2025-02-18T10:07:19.596
1082;Midtjylland;2020-04-19;2;362;2025-02-18T10:07:19.596
1084;Hovedstaden;2020-04-20;3;365;2025-02-18T10:07:19.596
1083;Syddanmark;2020-04-20;0;365;2025-02-18T10:07:19.596
1082;Midtjylland;2020-04-20;1;366;2025-02-18T10:07:19.596
1081;Nordjylland;2020-04-20;1;367;2025-02-18T10:07:19.596
1085;Sjælland;2020-04-20;2;369;2025-02-18T10:07:19.596
1084;Hovedstaden;2020-04-21;8;377;2025-02-18T10:07:19.596
1082;Midtjylland;2020-04-21;1;378;2025-02-18T10:07:19.596
1083;Syddanmark;2020-04-21;1;379;2025-02-18T10:07:19.596
1085;Sjælland;2020-04-21;2;381;2025-02-18T10:07:19.596
1085;Sjælland;2020-04-22;2;383;2025-02-18T10:07:19.596
1083;Syddanmark;2020-04-22;1;384;2025-02-18T10:07:19.596
1082;Midtjylland;2020-04-22;1;385;2025-02-18T10:07:19.596
1084;Hovedstaden;2020-04-22;10;395;2025-02-18T10:07:19.596
1081;Nordjylland;2020-04-23;1;396;2025-02-18T10:07:19.596
1084;Hovedstaden;2020-04-23;6;402;2025-02-18T10:07:19.596
1083;Syddanmark;2020-04-23;1;403;2025-02-18T10:07:19.596
1085;Sjælland;2020-04-23;1;404;2025-02-18T10:07:19.596
1082;Midtjylland;2020-04-23;1;405;2025-02-18T10:07:19.596
1084;Hovedstaden;2020-04-24;5;410;2025-02-18T10:07:19.596
1085;Sjælland;2020-04-24;1;411;2025-02-18T10:07:19.596
1084;Hovedstaden;2020-04-25;4;415;2025-02-18T10:07:19.596
1085;Sjælland;2020-04-25;1;416;2025-02-18T10:07:19.596
1084;Hovedstaden;2020-04-26;4;420;2025-02-18T10:07:19.596
1085;Sjælland;2020-04-26;1;421;2025-02-18T10:07:19.596
1085;Sjælland;2020-04-27;3;424;2025-02-18T10:07:19.596
1084;Hovedstaden;2020-04-27;5;429;2025-02-18T10:07:19.596
1081;Nordjylland;2020-04-27;1;430;2025-02-18T10:07:19.596
1085;Sjælland;2020-04-28;1;431;2025-02-18T10:07:19.596
1084;Hovedstaden;2020-04-28;7;438;2025-02-18T10:07:19.596
1082;Midtjylland;2020-04-28;2;440;2025-02-18T10:07:19.596
1085;Sjælland;2020-04-29;2;442;2025-02-18T10:07:19.596
1084;Hovedstaden;2020-04-29;5;447;2025-02-18T10:07:19.596
1082;Midtjylland;2020-04-29;2;449;2025-02-18T10:07:19.596
1085;Sjælland;2020-04-30;1;450;2025-02-18T10:07:19.596
1084;Hovedstaden;2020-04-30;5;455;2025-02-18T10:07:19.596
1082;Midtjylland;2020-04-30;2;457;2025-02-18T10:07:19.596
1083;Syddanmark;2020-04-30;1;458;2025-02-18T10:07:19.596
1083;Syddanmark;2020-05-01;2;460;2025-02-18T10:07:19.596
1084;Hovedstaden;2020-05-01;3;463;2025-02-18T10:07:19.596
1082;Midtjylland;2020-05-01;2;465;2025-02-18T10:07:19.596
1085;Sjælland;2020-05-01;4;469;2025-02-18T10:07:19.596
1085;Sjælland;2020-05-02;4;473;2025-02-18T10:07:19.596
1084;Hovedstaden;2020-05-02;4;477;2025-02-18T10:07:19.596
1084;Hovedstaden;2020-05-03;5;482;2025-02-18T10:07:19.596
1085;Sjælland;2020-05-03;2;484;2025-02-18T10:07:19.596
1082;Midtjylland;2020-05-03;2;486;2025-02-18T10:07:19.596
1085;Sjælland;2020-05-04;3;489;2025-02-18T10:07:19.596
1082;Midtjylland;2020-05-04;2;491;2025-02-18T10:07:19.596
1084;Hovedstaden;2020-05-04;2;493;2025-02-18T10:07:19.596
1085;Sjælland;2020-05-05;2;495;2025-02-18T10:07:19.596
1083;Syddanmark;2020-05-05;0;495;2025-02-18T10:07:19.596
1084;Hovedstaden;2020-05-05;1;496;2025-02-18T10:07:19.596
1081;Nordjylland;2020-05-06;0;496;2025-02-18T10:07:19.596
1084;Hovedstaden;2020-05-06;4;500;2025-02-18T10:07:19.596
1085;Sjælland;2020-05-06;2;502;2025-02-18T10:07:19.596
1085;Sjælland;2020-05-07;2;504;2025-02-18T10:07:19.596
1084;Hovedstaden;2020-05-07;4;508;2025-02-18T10:07:19.596
1085;Sjælland;2020-05-08;4;512;2025-02-18T10:07:19.596
1084;Hovedstaden;2020-05-08;0;512;2025-02-18T10:07:19.596
1082;Midtjylland;2020-05-09;0;512;2025-02-18T10:07:19.596
1084;Hovedstaden;2020-05-09;3;515;2025-02-18T10:07:19.596
1085;Sjælland;2020-05-10;1;516;2025-02-18T10:07:19.596
1084;Hovedstaden;2020-05-10;2;518;2025-02-18T10:07:19.596
1082;Midtjylland;2020-05-10;2;520;2025-02-18T10:07:19.596
1082;Midtjylland;2020-05-11;0;520;2025-02-18T10:07:19.596
1083;Syddanmark;2020-05-11;0;520;2025-02-18T10:07:19.596
1084;Hovedstaden;2020-05-11;4;524;2025-02-18T10:07:19.596
1085;Sjælland;2020-05-12;2;526;2025-02-18T10:07:19.596
1084;Hovedstaden;2020-05-12;5;531;2025-02-18T10:07:19.596
1084;Hovedstaden;2020-05-13;5;536;2025-02-18T10:07:19.596
1085;Sjælland;2020-05-13;0;536;2025-02-18T10:07:19.596
1082;Midtjylland;2020-05-14;0;536;2025-02-18T10:07:19.596
1084;Hovedstaden;2020-05-15;2;538;2025-02-18T10:07:19.596
1085;Sjælland;2020-05-15;3;541;2025-02-18T10:07:19.596
1083;Syddanmark;2020-05-15;1;542;2025-02-18T10:07:19.596
1085;Sjælland;2020-05-16;2;544;2025-02-18T10:07:19.596
1084;Hovedstaden;2020-05-16;1;545;2025-02-18T10:07:19.596
1084;Hovedstaden;2020-05-17;2;547;2025-02-18T10:07:19.596
1083;Syddanmark;2020-05-17;1;548;2025-02-18T10:07:19.596
1085;Sjælland;2020-05-18;3;551;2025-02-18T10:07:19.596
1084;Hovedstaden;2020-05-18;0;551;2025-02-18T10:07:19.596
1084;Hovedstaden;2020-05-19;1;552;2025-02-18T10:07:19.596
1085;Sjælland;2020-05-19;1;553;2025-02-18T10:07:19.596
1083;Syddanmark;2020-05-20;1;554;2025-02-18T10:07:19.596
1085;Sjælland;2020-05-20;1;555;2025-02-18T10:07:19.596
1084;Hovedstaden;2020-05-20;2;557;2025-02-18T10:07:19.596
1081;Nordjylland;2020-05-20;1;558;2025-02-18T10:07:19.596
1085;Sjælland;2020-05-21;0;558;2025-02-18T10:07:19.596
1084;Hovedstaden;2020-05-21;0;558;2025-02-18T10:07:19.596
1084;Hovedstaden;2020-05-22;1;559;2025-02-18T10:07:19.596
1085;Sjælland;2020-05-23;0;559;2025-02-18T10:07:19.596
1084;Hovedstaden;2020-05-23;1;560;2025-02-18T10:07:19.596
1084;Hovedstaden;2020-05-24;1;561;2025-02-18T10:07:19.596
1085;Sjælland;2020-05-25;0;561;2025-02-18T10:07:19.596
1083;Syddanmark;2020-05-26;2;563;2025-02-18T10:07:19.596
1082;Midtjylland;2020-05-26;0;563;2025-02-18T10:07:19.596
1084;Hovedstaden;2020-05-26;1;564;2025-02-18T10:07:19.596
1085;Sjælland;2020-05-27;1;565;2025-02-18T10:07:19.596
1085;Sjælland;2020-05-28;0;565;2025-02-18T10:07:19.596
1084;Hovedstaden;2020-05-28;0;565;2025-02-18T10:07:19.596
1082;Midtjylland;2020-05-29;0;565;2025-02-18T10:07:19.596
1084;Hovedstaden;2020-05-29;0;565;2025-02-18T10:07:19.596
1085;Sjælland;2020-05-29;1;566;2025-02-18T10:07:19.596
1084;Hovedstaden;2020-05-30;4;570;2025-02-18T10:07:19.596
1084;Hovedstaden;2020-05-31;2;572;2025-02-18T10:07:19.596
1084;Hovedstaden;2020-06-01;3;575;2025-02-18T10:07:19.596
1084;Hovedstaden;2020-06-02;1;576;2025-02-18T10:07:19.596
1082;Midtjylland;2020-06-02;0;576;2025-02-18T10:07:19.596
1084;Hovedstaden;2020-06-03;1;577;2025-02-18T10:07:19.596
1084;Hovedstaden;2020-06-04;3;580;2025-02-18T10:07:19.596
1085;Sjælland;2020-06-04;1;581;2025-02-18T10:07:19.596
1084;Hovedstaden;2020-06-05;1;582;2025-02-18T10:07:19.596
1083;Syddanmark;2020-06-05;1;583;2025-02-18T10:07:19.596
1085;Sjælland;2020-06-05;0;583;2025-02-18T10:07:19.596
1084;Hovedstaden;2020-06-06;3;586;2025-02-18T10:07:19.596
1084;Hovedstaden;2020-06-07;1;587;2025-02-18T10:07:19.596
1085;Sjælland;2020-06-07;1;588;2025-02-18T10:07:19.596
1084;Hovedstaden;2020-06-08;0;588;2025-02-18T10:07:19.596
1084;Hovedstaden;2020-06-09;0;588;2025-02-18T10:07:19.596
1084;Hovedstaden;2020-06-10;0;588;2025-02-18T10:07:19.596
1085;Sjælland;2020-06-10;0;588;2025-02-18T10:07:19.596
1085;Sjælland;2020-06-11;1;589;2025-02-18T10:07:19.596
1085;Sjælland;2020-06-12;2;591;2025-02-18T10:07:19.596
1084;Hovedstaden;2020-06-12;1;592;2025-02-18T10:07:19.596
1084;Hovedstaden;2020-06-13;0;592;2025-02-18T10:07:19.596
1084;Hovedstaden;2020-06-14;1;593;2025-02-18T10:07:19.596
;;2020-06-15;0;593;2025-02-18T10:07:19.596
1084;Hovedstaden;2020-06-16;1;594;2025-02-18T10:07:19.596
1084;Hovedstaden;2020-06-17;1;595;2025-02-18T10:07:19.596
1084;Hovedstaden;2020-06-18;1;596;2025-02-18T10:07:19.596
1081;Nordjylland;2020-06-19;1;597;2025-02-18T10:07:19.596
1084;Hovedstaden;2020-06-20;1;598;2025-02-18T10:07:19.596
;;2020-06-21;0;598;2025-02-18T10:07:19.596
;;2020-06-22;0;598;2025-02-18T10:07:19.596
1085;Sjælland;2020-06-23;1;599;2025-02-18T10:07:19.596
;;2020-06-24;0;599;2025-02-18T10:07:19.596
1081;Nordjylland;2020-06-25;1;600;2025-02-18T10:07:19.596
;;2020-06-26;0;600;2025-02-18T10:07:19.596
;;2020-06-27;0;600;2025-02-18T10:07:19.596
1081;Nordjylland;2020-06-28;1;601;2025-02-18T10:07:19.596
1084;Hovedstaden;2020-06-28;0;601;2025-02-18T10:07:19.596
1085;Sjælland;2020-06-29;0;601;2025-02-18T10:07:19.596
;;2020-06-30;0;601;2025-02-18T10:07:19.596
1085;Sjælland;2020-07-01;1;602;2025-02-18T10:07:19.596
1085;Sjælland;2020-07-02;0;602;2025-02-18T10:07:19.596
;;2020-07-03;0;602;2025-02-18T10:07:19.596
1084;Hovedstaden;2020-07-04;1;603;2025-02-18T10:07:19.596
;;2020-07-05;0;603;2025-02-18T10:07:19.596
1084;Hovedstaden;2020-07-06;2;605;2025-02-18T10:07:19.596
;;2020-07-07;0;605;2025-02-18T10:07:19.596
;;2020-07-08;0;605;2025-02-18T10:07:19.596
;;2020-07-09;0;605;2025-02-18T10:07:19.596
1084;Hovedstaden;2020-07-10;3;608;2025-02-18T10:07:19.596
1085;Sjælland;2020-07-11;1;609;2025-02-18T10:07:19.596
;;2020-07-12;0;609;2025-02-18T10:07:19.596
;;2020-07-13;0;609;2025-02-18T10:07:19.596
;;2020-07-14;0;609;2025-02-18T10:07:19.596
1082;Midtjylland;2020-07-15;1;610;2025-02-18T10:07:19.596
;;2020-07-16;0;610;2025-02-18T10:07:19.596
1084;Hovedstaden;2020-07-17;1;611;2025-02-18T10:07:19.596
;;2020-07-18;0;611;2025-02-18T10:07:19.596
;;2020-07-19;0;611;2025-02-18T10:07:19.596
;;2020-07-20;0;611;2025-02-18T10:07:19.596
1081;Nordjylland;2020-07-21;0;611;2025-02-18T10:07:19.596
1084;Hovedstaden;2020-07-22;2;613;2025-02-18T10:07:19.596
;;2020-07-23;0;613;2025-02-18T10:07:19.596
1084;Hovedstaden;2020-07-24;0;613;2025-02-18T10:07:19.596
1083;Syddanmark;2020-07-25;0;613;2025-02-18T10:07:19.596
;;2020-07-26;0;613;2025-02-18T10:07:19.596
1084;Hovedstaden;2020-07-27;0;613;2025-02-18T10:07:19.596
1085;Sjælland;2020-07-28;1;614;2025-02-18T10:07:19.596
1081;Nordjylland;2020-07-29;1;615;2025-02-18T10:07:19.596
1084;Hovedstaden;2020-07-29;0;615;2025-02-18T10:07:19.596
;;2020-07-30;0;615;2025-02-18T10:07:19.596
1085;Sjælland;2020-07-31;1;616;2025-02-18T10:07:19.596
;;2020-08-01;0;616;2025-02-18T10:07:19.596
;;2020-08-02;0;616;2025-02-18T10:07:19.596
;;2020-08-03;0;616;2025-02-18T10:07:19.596
;;2020-08-04;0;616;2025-02-18T10:07:19.596
1084;Hovedstaden;2020-08-05;1;617;2025-02-18T10:07:19.596
;;2020-08-06;0;617;2025-02-18T10:07:19.596
;;2020-08-07;0;617;2025-02-18T10:07:19.596
1084;Hovedstaden;2020-08-08;1;618;2025-02-18T10:07:19.596
1084;Hovedstaden;2020-08-09;1;619;2025-02-18T10:07:19.596
1085;Sjælland;2020-08-09;1;620;2025-02-18T10:07:19.596
1082;Midtjylland;2020-08-10;1;621;2025-02-18T10:07:19.596
1081;Nordjylland;2020-08-11;0;621;2025-02-18T10:07:19.596
1085;Sjælland;2020-08-12;0;621;2025-02-18T10:07:19.596
;;2020-08-13;0;621;2025-02-18T10:07:19.596
;;2020-08-14;0;621;2025-02-18T10:07:19.596
;;2020-08-15;0;621;2025-02-18T10:07:19.596
;;2020-08-16;0;621;2025-02-18T10:07:19.596
;;2020-08-17;0;621;2025-02-18T10:07:19.596
;;2020-08-18;0;621;2025-02-18T10:07:19.596
;;2020-08-19;0;621;2025-02-18T10:07:19.596
;;2020-08-20;0;621;2025-02-18T10:07:19.596
1082;Midtjylland;2020-08-21;1;622;2025-02-18T10:07:19.596
1084;Hovedstaden;2020-08-21;0;622;2025-02-18T10:07:19.596
1081;Nordjylland;2020-08-22;1;623;2025-02-18T10:07:19.596
;;2020-08-23;0;623;2025-02-18T10:07:19.596
;;2020-08-24;0;623;2025-02-18T10:07:19.596
1081;Nordjylland;2020-08-25;1;624;2025-02-18T10:07:19.596
;;2020-08-26;0;624;2025-02-18T10:07:19.596
;;2020-08-27;0;624;2025-02-18T10:07:19.596
;;2020-08-28;0;624;2025-02-18T10:07:19.596
;;2020-08-29;0;624;2025-02-18T10:07:19.596
;;2020-08-30;0;624;2025-02-18T10:07:19.596
1081;Nordjylland;2020-08-31;1;625;2025-02-18T10:07:19.596
1083;Syddanmark;2020-08-31;1;626;2025-02-18T10:07:19.596
;;2020-09-01;0;626;2025-02-18T10:07:19.596
;;2020-09-02;0;626;2025-02-18T10:07:19.596
1081;Nordjylland;2020-09-03;1;627;2025-02-18T10:07:19.596
;;2020-09-04;0;627;2025-02-18T10:07:19.596
;;2020-09-05;0;627;2025-02-18T10:07:19.596
1084;Hovedstaden;2020-09-06;1;628;2025-02-18T10:07:19.596
1084;Hovedstaden;2020-09-07;1;629;2025-02-18T10:07:19.596
;;2020-09-08;0;629;2025-02-18T10:07:19.596
1083;Syddanmark;2020-09-09;1;630;2025-02-18T10:07:19.596
;;2020-09-10;0;630;2025-02-18T10:07:19.596
1081;Nordjylland;2020-09-11;1;631;2025-02-18T10:07:19.596
1084;Hovedstaden;2020-09-12;1;632;2025-02-18T10:07:19.596
1084;Hovedstaden;2020-09-13;2;634;2025-02-18T10:07:19.596
;;2020-09-14;0;634;2025-02-18T10:07:19.596
1084;Hovedstaden;2020-09-15;1;635;2025-02-18T10:07:19.596
1081;Nordjylland;2020-09-16;1;636;2025-02-18T10:07:19.596
1082;Midtjylland;2020-09-17;0;636;2025-02-18T10:07:19.596
;;2020-09-18;0;636;2025-02-18T10:07:19.596
1084;Hovedstaden;2020-09-19;3;639;2025-02-18T10:07:19.596
1085;Sjælland;2020-09-20;1;640;2025-02-18T10:07:19.596
1084;Hovedstaden;2020-09-20;2;642;2025-02-18T10:07:19.596
1084;Hovedstaden;2020-09-21;1;643;2025-02-18T10:07:19.596
1081;Nordjylland;2020-09-22;1;644;2025-02-18T10:07:19.596
1084;Hovedstaden;2020-09-22;1;645;2025-02-18T10:07:19.596
1084;Hovedstaden;2020-09-23;1;646;2025-02-18T10:07:19.596
1085;Sjælland;2020-09-24;1;647;2025-02-18T10:07:19.596
1084;Hovedstaden;2020-09-24;1;648;2025-02-18T10:07:19.596
1082;Midtjylland;2020-09-24;0;648;2025-02-18T10:07:19.596
1084;Hovedstaden;2020-09-25;1;649;2025-02-18T10:07:19.596
1084;Hovedstaden;2020-09-26;1;650;2025-02-18T10:07:19.596
1081;Nordjylland;2020-09-26;0;650;2025-02-18T10:07:19.596
;;2020-09-27;0;650;2025-02-18T10:07:19.596
1084;Hovedstaden;2020-09-28;1;651;2025-02-18T10:07:19.596
1081;Nordjylland;2020-09-29;1;652;2025-02-18T10:07:19.596
;;2020-09-30;0;652;2025-02-18T10:07:19.596
1082;Midtjylland;2020-10-01;1;653;2025-02-18T10:07:19.596
1081;Nordjylland;2020-10-01;1;654;2025-02-18T10:07:19.596
1084;Hovedstaden;2020-10-02;2;656;2025-02-18T10:07:19.596
1083;Syddanmark;2020-10-03;1;657;2025-02-18T10:07:19.596
1084;Hovedstaden;2020-10-03;2;659;2025-02-18T10:07:19.596
1082;Midtjylland;2020-10-04;1;660;2025-02-18T10:07:19.596
1081;Nordjylland;2020-10-04;1;661;2025-02-18T10:07:19.596
1084;Hovedstaden;2020-10-04;1;662;2025-02-18T10:07:19.596
1081;Nordjylland;2020-10-05;1;663;2025-02-18T10:07:19.596
1084;Hovedstaden;2020-10-05;1;664;2025-02-18T10:07:19.596
;;2020-10-06;0;664;2025-02-18T10:07:19.596
1083;Syddanmark;2020-10-07;1;665;2025-02-18T10:07:19.596
1081;Nordjylland;2020-10-08;1;666;2025-02-18T10:07:19.596
1082;Midtjylland;2020-10-08;1;667;2025-02-18T10:07:19.596
1084;Hovedstaden;2020-10-08;1;668;2025-02-18T10:07:19.596
1084;Hovedstaden;2020-10-09;1;669;2025-02-18T10:07:19.596
1084;Hovedstaden;2020-10-10;3;672;2025-02-18T10:07:19.596
1085;Sjælland;2020-10-11;1;673;2025-02-18T10:07:19.596
1084;Hovedstaden;2020-10-11;1;674;2025-02-18T10:07:19.596
1084;Hovedstaden;2020-10-12;3;677;2025-02-18T10:07:19.596
1081;Nordjylland;2020-10-13;1;678;2025-02-18T10:07:19.596
1084;Hovedstaden;2020-10-14;1;679;2025-02-18T10:07:19.596
;;2020-10-15;0;679;2025-02-18T10:07:19.596
1081;Nordjylland;2020-10-16;1;680;2025-02-18T10:07:19.596
1083;Syddanmark;2020-10-16;1;681;2025-02-18T10:07:19.596
1083;Syddanmark;2020-10-17;4;685;2025-02-18T10:07:19.596
1081;Nordjylland;2020-10-17;1;686;2025-02-18T10:07:19.596
1084;Hovedstaden;2020-10-18;1;687;2025-02-18T10:07:19.596
1083;Syddanmark;2020-10-18;2;689;2025-02-18T10:07:19.596
1084;Hovedstaden;2020-10-19;1;690;2025-02-18T10:07:19.596
1082;Midtjylland;2020-10-19;0;690;2025-02-18T10:07:19.596
1083;Syddanmark;2020-10-20;1;691;2025-02-18T10:07:19.596
1084;Hovedstaden;2020-10-20;2;693;2025-02-18T10:07:19.596
1081;Nordjylland;2020-10-21;2;695;2025-02-18T10:07:19.596
1084;Hovedstaden;2020-10-21;2;697;2025-02-18T10:07:19.596
1083;Syddanmark;2020-10-22;1;698;2025-02-18T10:07:19.596
1081;Nordjylland;2020-10-22;0;698;2025-02-18T10:07:19.596
1084;Hovedstaden;2020-10-22;3;701;2025-02-18T10:07:19.596
1081;Nordjylland;2020-10-23;1;702;2025-02-18T10:07:19.596
1082;Midtjylland;2020-10-23;1;703;2025-02-18T10:07:19.596
1083;Syddanmark;2020-10-23;1;704;2025-02-18T10:07:19.596
1084;Hovedstaden;2020-10-23;2;706;2025-02-18T10:07:19.596
1084;Hovedstaden;2020-10-24;2;708;2025-02-18T10:07:19.596
1083;Syddanmark;2020-10-24;1;709;2025-02-18T10:07:19.596
1084;Hovedstaden;2020-10-25;2;711;2025-02-18T10:07:19.596
1082;Midtjylland;2020-10-25;1;712;2025-02-18T10:07:19.596
1085;Sjælland;2020-10-26;1;713;2025-02-18T10:07:19.596
1081;Nordjylland;2020-10-26;1;714;2025-02-18T10:07:19.596
1082;Midtjylland;2020-10-26;1;715;2025-02-18T10:07:19.596
1084;Hovedstaden;2020-10-26;0;715;2025-02-18T10:07:19.596
1084;Hovedstaden;2020-10-27;2;717;2025-02-18T10:07:19.596
1085;Sjælland;2020-10-28;0;717;2025-02-18T10:07:19.596
1084;Hovedstaden;2020-10-28;2;719;2025-02-18T10:07:19.596
1081;Nordjylland;2020-10-28;1;720;2025-02-18T10:07:19.596
1081;Nordjylland;2020-10-29;1;721;2025-02-18T10:07:19.596
1083;Syddanmark;2020-10-29;1;722;2025-02-18T10:07:19.596
1084;Hovedstaden;2020-10-30;1;723;2025-02-18T10:07:19.596
1085;Sjælland;2020-10-31;0;723;2025-02-18T10:07:19.596
1084;Hovedstaden;2020-10-31;2;725;2025-02-18T10:07:19.596
1083;Syddanmark;2020-11-01;1;726;2025-02-18T10:07:19.596
1081;Nordjylland;2020-11-02;1;727;2025-02-18T10:07:19.596
1084;Hovedstaden;2020-11-02;3;730;2025-02-18T10:07:19.596
1082;Midtjylland;2020-11-03;1;731;2025-02-18T10:07:19.596
1081;Nordjylland;2020-11-03;1;732;2025-02-18T10:07:19.596
1084;Hovedstaden;2020-11-03;1;733;2025-02-18T10:07:19.596
1081;Nordjylland;2020-11-04;0;733;2025-02-18T10:07:19.596
1085;Sjælland;2020-11-04;1;734;2025-02-18T10:07:19.596
1082;Midtjylland;2020-11-04;1;735;2025-02-18T10:07:19.596
1084;Hovedstaden;2020-11-04;3;738;2025-02-18T10:07:19.596
1083;Syddanmark;2020-11-05;1;739;2025-02-18T10:07:19.596
1085;Sjælland;2020-11-05;2;741;2025-02-18T10:07:19.596
1084;Hovedstaden;2020-11-06;0;741;2025-02-18T10:07:19.596
1082;Midtjylland;2020-11-06;1;742;2025-02-18T10:07:19.596
1081;Nordjylland;2020-11-06;2;744;2025-02-18T10:07:19.596
1085;Sjælland;2020-11-06;1;745;2025-02-18T10:07:19.596
1081;Nordjylland;2020-11-07;1;746;2025-02-18T10:07:19.596
1085;Sjælland;2020-11-08;2;748;2025-02-18T10:07:19.596
1082;Midtjylland;2020-11-08;1;749;2025-02-18T10:07:19.596
1084;Hovedstaden;2020-11-08;1;750;2025-02-18T10:07:19.596
1083;Syddanmark;2020-11-09;0;750;2025-02-18T10:07:19.596
1082;Midtjylland;2020-11-09;2;752;2025-02-18T10:07:19.596
1084;Hovedstaden;2020-11-09;2;754;2025-02-18T10:07:19.596
1083;Syddanmark;2020-11-10;1;755;2025-02-18T10:07:19.596
1084;Hovedstaden;2020-11-10;1;756;2025-02-18T10:07:19.596
1084;Hovedstaden;2020-11-11;1;757;2025-02-18T10:07:19.596
1083;Syddanmark;2020-11-12;0;757;2025-02-18T10:07:19.596
1082;Midtjylland;2020-11-12;1;758;2025-02-18T10:07:19.596
1083;Syddanmark;2020-11-13;1;759;2025-02-18T10:07:19.596
1085;Sjælland;2020-11-14;1;760;2025-02-18T10:07:19.596
1083;Syddanmark;2020-11-14;1;761;2025-02-18T10:07:19.596
1082;Midtjylland;2020-11-14;1;762;2025-02-18T10:07:19.596
1081;Nordjylland;2020-11-14;2;764;2025-02-18T10:07:19.596
1084;Hovedstaden;2020-11-15;3;767;2025-02-18T10:07:19.596
1082;Midtjylland;2020-11-16;1;768;2025-02-18T10:07:19.596
1084;Hovedstaden;2020-11-16;3;771;2025-02-18T10:07:19.596
1081;Nordjylland;2020-11-17;1;772;2025-02-18T10:07:19.596
1082;Midtjylland;2020-11-17;2;774;2025-02-18T10:07:19.596
1085;Sjælland;2020-11-18;0;774;2025-02-18T10:07:19.596
1084;Hovedstaden;2020-11-18;3;777;2025-02-18T10:07:19.596
1082;Midtjylland;2020-11-18;2;779;2025-02-18T10:07:19.596
1081;Nordjylland;2020-11-19;1;780;2025-02-18T10:07:19.596
1084;Hovedstaden;2020-11-19;2;782;2025-02-18T10:07:19.596
1082;Midtjylland;2020-11-20;1;783;2025-02-18T10:07:19.596
1084;Hovedstaden;2020-11-20;3;786;2025-02-18T10:07:19.596
1085;Sjælland;2020-11-21;2;788;2025-02-18T10:07:19.596
1082;Midtjylland;2020-11-21;1;789;2025-02-18T10:07:19.596
1081;Nordjylland;2020-11-21;2;791;2025-02-18T10:07:19.596
1082;Midtjylland;2020-11-22;2;793;2025-02-18T10:07:19.596
1085;Sjælland;2020-11-22;2;795;2025-02-18T10:07:19.596
1084;Hovedstaden;2020-11-22;2;797;2025-02-18T10:07:19.596
1082;Midtjylland;2020-11-23;1;798;2025-02-18T10:07:19.596
1084;Hovedstaden;2020-11-23;2;800;2025-02-18T10:07:19.596
1085;Sjælland;2020-11-24;1;801;2025-02-18T10:07:19.596
1083;Syddanmark;2020-11-24;1;802;2025-02-18T10:07:19.596
1084;Hovedstaden;2020-11-24;1;803;2025-02-18T10:07:19.596
1082;Midtjylland;2020-11-24;3;806;2025-02-18T10:07:19.596
1084;Hovedstaden;2020-11-25;4;810;2025-02-18T10:07:19.596
1082;Midtjylland;2020-11-25;4;814;2025-02-18T10:07:19.596
1085;Sjælland;2020-11-26;1;815;2025-02-18T10:07:19.596
1084;Hovedstaden;2020-11-26;3;818;2025-02-18T10:07:19.596
1084;Hovedstaden;2020-11-27;4;822;2025-02-18T10:07:19.596
1081;Nordjylland;2020-11-27;1;823;2025-02-18T10:07:19.596
1082;Midtjylland;2020-11-27;3;826;2025-02-18T10:07:19.596
1085;Sjælland;2020-11-28;1;827;2025-02-18T10:07:19.596
1081;Nordjylland;2020-11-28;1;828;2025-02-18T10:07:19.596
1082;Midtjylland;2020-11-28;2;830;2025-02-18T10:07:19.596
1084;Hovedstaden;2020-11-28;2;832;2025-02-18T10:07:19.596
1081;Nordjylland;2020-11-29;2;834;2025-02-18T10:07:19.596
1082;Midtjylland;2020-11-29;5;839;2025-02-18T10:07:19.596
1084;Hovedstaden;2020-11-29;4;843;2025-02-18T10:07:19.596
1084;Hovedstaden;2020-11-30;4;847;2025-02-18T10:07:19.596
1081;Nordjylland;2020-11-30;1;848;2025-02-18T10:07:19.596
1082;Midtjylland;2020-11-30;2;850;2025-02-18T10:07:19.596
1081;Nordjylland;2020-12-01;2;852;2025-02-18T10:07:19.596
1082;Midtjylland;2020-12-01;2;854;2025-02-18T10:07:19.596
1084;Hovedstaden;2020-12-01;5;859;2025-02-18T10:07:19.596
1083;Syddanmark;2020-12-02;1;860;2025-02-18T10:07:19.596
1085;Sjælland;2020-12-02;1;861;2025-02-18T10:07:19.596
1082;Midtjylland;2020-12-02;2;863;2025-02-18T10:07:19.596
1084;Hovedstaden;2020-12-02;2;865;2025-02-18T10:07:19.596
1085;Sjælland;2020-12-03;3;868;2025-02-18T10:07:19.596
1083;Syddanmark;2020-12-03;1;869;2025-02-18T10:07:19.596
1084;Hovedstaden;2020-12-03;4;873;2025-02-18T10:07:19.596
1082;Midtjylland;2020-12-03;3;876;2025-02-18T10:07:19.596
1083;Syddanmark;2020-12-04;2;878;2025-02-18T10:07:19.596
1084;Hovedstaden;2020-12-04;3;881;2025-02-18T10:07:19.596
1082;Midtjylland;2020-12-04;2;883;2025-02-18T10:07:19.596
1083;Syddanmark;2020-12-05;2;885;2025-02-18T10:07:19.596
1084;Hovedstaden;2020-12-05;5;890;2025-02-18T10:07:19.596
1085;Sjælland;2020-12-05;2;892;2025-02-18T10:07:19.596
1082;Midtjylland;2020-12-05;1;893;2025-02-18T10:07:19.596
1084;Hovedstaden;2020-12-06;9;902;2025-02-18T10:07:19.596
1082;Midtjylland;2020-12-06;0;902;2025-02-18T10:07:19.596
1083;Syddanmark;2020-12-07;1;903;2025-02-18T10:07:19.596
1084;Hovedstaden;2020-12-07;4;907;2025-02-18T10:07:19.596
1082;Midtjylland;2020-12-07;1;908;2025-02-18T10:07:19.596
1083;Syddanmark;2020-12-08;1;909;2025-02-18T10:07:19.596
1084;Hovedstaden;2020-12-08;2;911;2025-02-18T10:07:19.596
1082;Midtjylland;2020-12-08;4;915;2025-02-18T10:07:19.596
1082;Midtjylland;2020-12-09;3;918;2025-02-18T10:07:19.596
1084;Hovedstaden;2020-12-09;6;924;2025-02-18T10:07:19.596
1083;Syddanmark;2020-12-09;1;925;2025-02-18T10:07:19.596
1085;Sjælland;2020-12-09;0;925;2025-02-18T10:07:19.596
1084;Hovedstaden;2020-12-10;4;929;2025-02-18T10:07:19.596
1083;Syddanmark;2020-12-10;1;930;2025-02-18T10:07:19.596
1082;Midtjylland;2020-12-10;2;932;2025-02-18T10:07:19.596
1085;Sjælland;2020-12-11;2;934;2025-02-18T10:07:19.596
1083;Syddanmark;2020-12-11;1;935;2025-02-18T10:07:19.596
1084;Hovedstaden;2020-12-11;3;938;2025-02-18T10:07:19.596
1082;Midtjylland;2020-12-11;1;939;2025-02-18T10:07:19.596
1085;Sjælland;2020-12-12;1;940;2025-02-18T10:07:19.596
1083;Syddanmark;2020-12-12;0;940;2025-02-18T10:07:19.596
1082;Midtjylland;2020-12-12;1;941;2025-02-18T10:07:19.596
1084;Hovedstaden;2020-12-12;5;946;2025-02-18T10:07:19.596
1083;Syddanmark;2020-12-13;2;948;2025-02-18T10:07:19.596
1082;Midtjylland;2020-12-13;2;950;2025-02-18T10:07:19.596
1084;Hovedstaden;2020-12-13;7;957;2025-02-18T10:07:19.596
1082;Midtjylland;2020-12-14;2;959;2025-02-18T10:07:19.596
1081;Nordjylland;2020-12-14;1;960;2025-02-18T10:07:19.596
1083;Syddanmark;2020-12-14;1;961;2025-02-18T10:07:19.596
1084;Hovedstaden;2020-12-14;7;968;2025-02-18T10:07:19.596
1083;Syddanmark;2020-12-15;1;969;2025-02-18T10:07:19.596
1081;Nordjylland;2020-12-15;1;970;2025-02-18T10:07:19.596
1085;Sjælland;2020-12-15;2;972;2025-02-18T10:07:19.596
1084;Hovedstaden;2020-12-15;12;984;2025-02-18T10:07:19.596
1082;Midtjylland;2020-12-15;1;985;2025-02-18T10:07:19.596
1085;Sjælland;2020-12-16;2;987;2025-02-18T10:07:19.596
1081;Nordjylland;2020-12-16;1;988;2025-02-18T10:07:19.596
1082;Midtjylland;2020-12-16;3;991;2025-02-18T10:07:19.596
1084;Hovedstaden;2020-12-16;8;999;2025-02-18T10:07:19.596
1084;Hovedstaden;2020-12-17;8;1007;2025-02-18T10:07:19.596
1082;Midtjylland;2020-12-17;3;1010;2025-02-18T10:07:19.596
1085;Sjælland;2020-12-17;2;1012;2025-02-18T10:07:19.596
1083;Syddanmark;2020-12-17;1;1013;2025-02-18T10:07:19.596
1081;Nordjylland;2020-12-17;1;1014;2025-02-18T10:07:19.596
1084;Hovedstaden;2020-12-18;7;1021;2025-02-18T10:07:19.596
1085;Sjælland;2020-12-18;4;1025;2025-02-18T10:07:19.596
1082;Midtjylland;2020-12-18;0;1025;2025-02-18T10:07:19.596
1084;Hovedstaden;2020-12-19;14;1039;2025-02-18T10:07:19.596
1085;Sjælland;2020-12-19;1;1040;2025-02-18T10:07:19.596
1082;Midtjylland;2020-12-19;5;1045;2025-02-18T10:07:19.596
1085;Sjælland;2020-12-20;3;1048;2025-02-18T10:07:19.596
1081;Nordjylland;2020-12-20;1;1049;2025-02-18T10:07:19.596
1083;Syddanmark;2020-12-20;1;1050;2025-02-18T10:07:19.596
1082;Midtjylland;2020-12-20;2;1052;2025-02-18T10:07:19.596
1084;Hovedstaden;2020-12-20;12;1064;2025-02-18T10:07:19.596
1082;Midtjylland;2020-12-21;3;1067;2025-02-18T10:07:19.596
1083;Syddanmark;2020-12-21;1;1068;2025-02-18T10:07:19.596
1084;Hovedstaden;2020-12-21;12;1080;2025-02-18T10:07:19.596
1081;Nordjylland;2020-12-21;0;1080;2025-02-18T10:07:19.596
1085;Sjælland;2020-12-21;3;1083;2025-02-18T10:07:19.596
1085;Sjælland;2020-12-22;6;1089;2025-02-18T10:07:19.596
1083;Syddanmark;2020-12-22;1;1090;2025-02-18T10:07:19.596
1081;Nordjylland;2020-12-22;1;1091;2025-02-18T10:07:19.596
1082;Midtjylland;2020-12-22;1;1092;2025-02-18T10:07:19.596
1084;Hovedstaden;2020-12-22;12;1104;2025-02-18T10:07:19.596
1082;Midtjylland;2020-12-23;1;1105;2025-02-18T10:07:19.596
1083;Syddanmark;2020-12-23;1;1106;2025-02-18T10:07:19.596
1084;Hovedstaden;2020-12-23;11;1117;2025-02-18T10:07:19.596
1085;Sjælland;2020-12-23;6;1123;2025-02-18T10:07:19.596
1083;Syddanmark;2020-12-24;1;1124;2025-02-18T10:07:19.596
1082;Midtjylland;2020-12-24;1;1125;2025-02-18T10:07:19.596
1081;Nordjylland;2020-12-24;2;1127;2025-02-18T10:07:19.596
1085;Sjælland;2020-12-24;5;1132;2025-02-18T10:07:19.596
1084;Hovedstaden;2020-12-24;13;1145;2025-02-18T10:07:19.596
1083;Syddanmark;2020-12-25;4;1149;2025-02-18T10:07:19.596
1085;Sjælland;2020-12-25;2;1151;2025-02-18T10:07:19.596
1082;Midtjylland;2020-12-25;5;1156;2025-02-18T10:07:19.596
1084;Hovedstaden;2020-12-25;9;1165;2025-02-18T10:07:19.596
1081;Nordjylland;2020-12-25;1;1166;2025-02-18T10:07:19.596
1081;Nordjylland;2020-12-26;1;1167;2025-02-18T10:07:19.596
1083;Syddanmark;2020-12-26;4;1171;2025-02-18T10:07:19.596
1085;Sjælland;2020-12-26;5;1176;2025-02-18T10:07:19.596
1084;Hovedstaden;2020-12-26;13;1189;2025-02-18T10:07:19.596
1082;Midtjylland;2020-12-26;3;1192;2025-02-18T10:07:19.596
1085;Sjælland;2020-12-27;5;1197;2025-02-18T10:07:19.596
1084;Hovedstaden;2020-12-27;14;1211;2025-02-18T10:07:19.596
1082;Midtjylland;2020-12-27;5;1216;2025-02-18T10:07:19.596
1081;Nordjylland;2020-12-27;3;1219;2025-02-18T10:07:19.596
1083;Syddanmark;2020-12-27;1;1220;2025-02-18T10:07:19.596
1081;Nordjylland;2020-12-28;1;1221;2025-02-18T10:07:19.596
1085;Sjælland;2020-12-28;2;1223;2025-02-18T10:07:19.596
1082;Midtjylland;2020-12-28;6;1229;2025-02-18T10:07:19.596
1083;Syddanmark;2020-12-28;2;1231;2025-02-18T10:07:19.596
1084;Hovedstaden;2020-12-28;14;1245;2025-02-18T10:07:19.596
1081;Nordjylland;2020-12-29;3;1248;2025-02-18T10:07:19.596
1082;Midtjylland;2020-12-29;4;1252;2025-02-18T10:07:19.596
1083;Syddanmark;2020-12-29;5;1257;2025-02-18T10:07:19.596
1085;Sjælland;2020-12-29;7;1264;2025-02-18T10:07:19.596
1084;Hovedstaden;2020-12-29;13;1277;2025-02-18T10:07:19.596
1085;Sjælland;2020-12-30;5;1282;2025-02-18T10:07:19.596
1083;Syddanmark;2020-12-30;2;1284;2025-02-18T10:07:19.596
1082;Midtjylland;2020-12-30;2;1286;2025-02-18T10:07:19.596
1084;Hovedstaden;2020-12-30;19;1305;2025-02-18T10:07:19.596
1084;Hovedstaden;2020-12-31;18;1323;2025-02-18T10:07:19.596
1083;Syddanmark;2020-12-31;5;1328;2025-02-18T10:07:19.596
1085;Sjælland;2020-12-31;5;1333;2025-02-18T10:07:19.596
1082;Midtjylland;2020-12-31;5;1338;2025-02-18T10:07:19.596
1083;Syddanmark;2021-01-01;2;1340;2025-02-18T10:07:19.596
1085;Sjælland;2021-01-01;3;1343;2025-02-18T10:07:19.596
1084;Hovedstaden;2021-01-01;13;1356;2025-02-18T10:07:19.596
1082;Midtjylland;2021-01-01;2;1358;2025-02-18T10:07:19.596
1081;Nordjylland;2021-01-01;1;1359;2025-02-18T10:07:19.596
1085;Sjælland;2021-01-02;4;1363;2025-02-18T10:07:19.596
1084;Hovedstaden;2021-01-02;19;1382;2025-02-18T10:07:19.596
1083;Syddanmark;2021-01-02;2;1384;2025-02-18T10:07:19.596
1081;Nordjylland;2021-01-02;2;1386;2025-02-18T10:07:19.596
1082;Midtjylland;2021-01-02;6;1392;2025-02-18T10:07:19.596
1085;Sjælland;2021-01-03;4;1396;2025-02-18T10:07:19.596
1081;Nordjylland;2021-01-03;1;1397;2025-02-18T10:07:19.596
1084;Hovedstaden;2021-01-03;16;1413;2025-02-18T10:07:19.596
1083;Syddanmark;2021-01-03;1;1414;2025-02-18T10:07:19.596
1082;Midtjylland;2021-01-03;6;1420;2025-02-18T10:07:19.596
1082;Midtjylland;2021-01-04;2;1422;2025-02-18T10:07:19.596
1083;Syddanmark;2021-01-04;1;1423;2025-02-18T10:07:19.596
1081;Nordjylland;2021-01-04;2;1425;2025-02-18T10:07:19.596
1084;Hovedstaden;2021-01-04;18;1443;2025-02-18T10:07:19.596
1085;Sjælland;2021-01-04;4;1447;2025-02-18T10:07:19.596
1082;Midtjylland;2021-01-05;3;1450;2025-02-18T10:07:19.596
1083;Syddanmark;2021-01-05;0;1450;2025-02-18T10:07:19.596
1085;Sjælland;2021-01-05;2;1452;2025-02-18T10:07:19.596
1081;Nordjylland;2021-01-05;5;1457;2025-02-18T10:07:19.596
1084;Hovedstaden;2021-01-05;11;1468;2025-02-18T10:07:19.596
1083;Syddanmark;2021-01-06;3;1471;2025-02-18T10:07:19.596
1085;Sjælland;2021-01-06;8;1479;2025-02-18T10:07:19.596
1082;Midtjylland;2021-01-06;5;1484;2025-02-18T10:07:19.596
1081;Nordjylland;2021-01-06;5;1489;2025-02-18T10:07:19.596
1084;Hovedstaden;2021-01-06;15;1504;2025-02-18T10:07:19.596
1083;Syddanmark;2021-01-07;1;1505;2025-02-18T10:07:19.596
1082;Midtjylland;2021-01-07;4;1509;2025-02-18T10:07:19.596
1084;Hovedstaden;2021-01-07;16;1525;2025-02-18T10:07:19.596
1081;Nordjylland;2021-01-07;3;1528;2025-02-18T10:07:19.596
1085;Sjælland;2021-01-07;5;1533;2025-02-18T10:07:19.596
1083;Syddanmark;2021-01-08;3;1536;2025-02-18T10:07:19.596
1085;Sjælland;2021-01-08;3;1539;2025-02-18T10:07:19.596
1081;Nordjylland;2021-01-08;3;1542;2025-02-18T10:07:19.596
1084;Hovedstaden;2021-01-08;13;1555;2025-02-18T10:07:19.596
1082;Midtjylland;2021-01-08;4;1559;2025-02-18T10:07:19.596
1081;Nordjylland;2021-01-09;2;1561;2025-02-18T10:07:19.596
1085;Sjælland;2021-01-09;5;1566;2025-02-18T10:07:19.596
1083;Syddanmark;2021-01-09;2;1568;2025-02-18T10:07:19.596
1082;Midtjylland;2021-01-09;5;1573;2025-02-18T10:07:19.596
1084;Hovedstaden;2021-01-09;10;1583;2025-02-18T10:07:19.596
1083;Syddanmark;2021-01-10;3;1586;2025-02-18T10:07:19.596
1085;Sjælland;2021-01-10;8;1594;2025-02-18T10:07:19.596
1082;Midtjylland;2021-01-10;9;1603;2025-02-18T10:07:19.596
1081;Nordjylland;2021-01-10;2;1605;2025-02-18T10:07:19.596
1084;Hovedstaden;2021-01-10;13;1618;2025-02-18T10:07:19.596
1081;Nordjylland;2021-01-11;2;1620;2025-02-18T10:07:19.596
1085;Sjælland;2021-01-11;2;1622;2025-02-18T10:07:19.596
1082;Midtjylland;2021-01-11;4;1626;2025-02-18T10:07:19.596
1083;Syddanmark;2021-01-11;3;1629;2025-02-18T10:07:19.596
1084;Hovedstaden;2021-01-11;14;1643;2025-02-18T10:07:19.596
1083;Syddanmark;2021-01-12;7;1650;2025-02-18T10:07:19.596
1081;Nordjylland;2021-01-12;2;1652;2025-02-18T10:07:19.596
1084;Hovedstaden;2021-01-12;17;1669;2025-02-18T10:07:19.596
1085;Sjælland;2021-01-12;6;1675;2025-02-18T10:07:19.596
1082;Midtjylland;2021-01-12;6;1681;2025-02-18T10:07:19.596
1083;Syddanmark;2021-01-13;2;1683;2025-02-18T10:07:19.596
1081;Nordjylland;2021-01-13;2;1685;2025-02-18T10:07:19.596
1082;Midtjylland;2021-01-13;5;1690;2025-02-18T10:07:19.596
1084;Hovedstaden;2021-01-13;18;1708;2025-02-18T10:07:19.596
1085;Sjælland;2021-01-13;3;1711;2025-02-18T10:07:19.596
1083;Syddanmark;2021-01-14;3;1714;2025-02-18T10:07:19.596
1085;Sjælland;2021-01-14;4;1718;2025-02-18T10:07:19.596
1084;Hovedstaden;2021-01-14;14;1732;2025-02-18T10:07:19.596
1081;Nordjylland;2021-01-14;2;1734;2025-02-18T10:07:19.596
1082;Midtjylland;2021-01-14;6;1740;2025-02-18T10:07:19.596
1085;Sjælland;2021-01-15;3;1743;2025-02-18T10:07:19.596
1081;Nordjylland;2021-01-15;2;1745;2025-02-18T10:07:19.596
1084;Hovedstaden;2021-01-15;16;1761;2025-02-18T10:07:19.596
1082;Midtjylland;2021-01-15;5;1766;2025-02-18T10:07:19.596
1083;Syddanmark;2021-01-16;4;1770;2025-02-18T10:07:19.596
1081;Nordjylland;2021-01-16;4;1774;2025-02-18T10:07:19.596
1082;Midtjylland;2021-01-16;4;1778;2025-02-18T10:07:19.596
1085;Sjælland;2021-01-16;6;1784;2025-02-18T10:07:19.596
1084;Hovedstaden;2021-01-16;13;1797;2025-02-18T10:07:19.596
1083;Syddanmark;2021-01-17;2;1799;2025-02-18T10:07:19.596
1085;Sjælland;2021-01-17;5;1804;2025-02-18T10:07:19.596
1081;Nordjylland;2021-01-17;3;1807;2025-02-18T10:07:19.596
1082;Midtjylland;2021-01-17;4;1811;2025-02-18T10:07:19.596
1084;Hovedstaden;2021-01-17;15;1826;2025-02-18T10:07:19.596
1083;Syddanmark;2021-01-18;4;1830;2025-02-18T10:07:19.596
1081;Nordjylland;2021-01-18;1;1831;2025-02-18T10:07:19.596
1082;Midtjylland;2021-01-18;4;1835;2025-02-18T10:07:19.596
1084;Hovedstaden;2021-01-18;15;1850;2025-02-18T10:07:19.596
1085;Sjælland;2021-01-18;5;1855;2025-02-18T10:07:19.596
1085;Sjælland;2021-01-19;3;1858;2025-02-18T10:07:19.596
1083;Syddanmark;2021-01-19;3;1861;2025-02-18T10:07:19.596
1082;Midtjylland;2021-01-19;8;1869;2025-02-18T10:07:19.596
1081;Nordjylland;2021-01-19;3;1872;2025-02-18T10:07:19.596
1084;Hovedstaden;2021-01-19;22;1894;2025-02-18T10:07:19.596
1083;Syddanmark;2021-01-20;1;1895;2025-02-18T10:07:19.596
1081;Nordjylland;2021-01-20;3;1898;2025-02-18T10:07:19.596
1082;Midtjylland;2021-01-20;5;1903;2025-02-18T10:07:19.596
1084;Hovedstaden;2021-01-20;12;1915;2025-02-18T10:07:19.596
1085;Sjælland;2021-01-20;8;1923;2025-02-18T10:07:19.596
1083;Syddanmark;2021-01-21;1;1924;2025-02-18T10:07:19.596
1081;Nordjylland;2021-01-21;3;1927;2025-02-18T10:07:19.596
1082;Midtjylland;2021-01-21;4;1931;2025-02-18T10:07:19.596
1085;Sjælland;2021-01-21;4;1935;2025-02-18T10:07:19.596
1084;Hovedstaden;2021-01-21;15;1950;2025-02-18T10:07:19.596
1083;Syddanmark;2021-01-22;2;1952;2025-02-18T10:07:19.596
1081;Nordjylland;2021-01-22;3;1955;2025-02-18T10:07:19.596
1082;Midtjylland;2021-01-22;3;1958;2025-02-18T10:07:19.596
1084;Hovedstaden;2021-01-22;10;1968;2025-02-18T10:07:19.596
1085;Sjælland;2021-01-22;6;1974;2025-02-18T10:07:19.596
1083;Syddanmark;2021-01-23;2;1976;2025-02-18T10:07:19.596
1082;Midtjylland;2021-01-23;6;1982;2025-02-18T10:07:19.596
1085;Sjælland;2021-01-23;6;1988;2025-02-18T10:07:19.596
1084;Hovedstaden;2021-01-23;12;2000;2025-02-18T10:07:19.596
1085;Sjælland;2021-01-24;2;2002;2025-02-18T10:07:19.596
1081;Nordjylland;2021-01-24;3;2005;2025-02-18T10:07:19.596
1082;Midtjylland;2021-01-24;4;2009;2025-02-18T10:07:19.596
1083;Syddanmark;2021-01-24;3;2012;2025-02-18T10:07:19.596
1084;Hovedstaden;2021-01-24;8;2020;2025-02-18T10:07:19.596
1083;Syddanmark;2021-01-25;3;2023;2025-02-18T10:07:19.596
1081;Nordjylland;2021-01-25;3;2026;2025-02-18T10:07:19.596
1084;Hovedstaden;2021-01-25;9;2035;2025-02-18T10:07:19.596
1085;Sjælland;2021-01-25;4;2039;2025-02-18T10:07:19.596
1082;Midtjylland;2021-01-25;6;2045;2025-02-18T10:07:19.596
1085;Sjælland;2021-01-26;1;2046;2025-02-18T10:07:19.596
1081;Nordjylland;2021-01-26;1;2047;2025-02-18T10:07:19.596
1083;Syddanmark;2021-01-26;2;2049;2025-02-18T10:07:19.596
1084;Hovedstaden;2021-01-26;15;2064;2025-02-18T10:07:19.596
1082;Midtjylland;2021-01-26;1;2065;2025-02-18T10:07:19.596
1083;Syddanmark;2021-01-27;1;2066;2025-02-18T10:07:19.596
1081;Nordjylland;2021-01-27;1;2067;2025-02-18T10:07:19.596
1085;Sjælland;2021-01-27;4;2071;2025-02-18T10:07:19.596
1084;Hovedstaden;2021-01-27;11;2082;2025-02-18T10:07:19.596
1082;Midtjylland;2021-01-27;0;2082;2025-02-18T10:07:19.596
1082;Midtjylland;2021-01-28;4;2086;2025-02-18T10:07:19.596
1083;Syddanmark;2021-01-28;2;2088;2025-02-18T10:07:19.596
1081;Nordjylland;2021-01-28;2;2090;2025-02-18T10:07:19.596
1085;Sjælland;2021-01-28;2;2092;2025-02-18T10:07:19.596
1084;Hovedstaden;2021-01-28;9;2101;2025-02-18T10:07:19.596
1083;Syddanmark;2021-01-29;3;2104;2025-02-18T10:07:19.596
1085;Sjælland;2021-01-29;3;2107;2025-02-18T10:07:19.596
1081;Nordjylland;2021-01-29;1;2108;2025-02-18T10:07:19.596
1082;Midtjylland;2021-01-29;2;2110;2025-02-18T10:07:19.596
1084;Hovedstaden;2021-01-29;10;2120;2025-02-18T10:07:19.596
1085;Sjælland;2021-01-30;3;2123;2025-02-18T10:07:19.596
1081;Nordjylland;2021-01-30;2;2125;2025-02-18T10:07:19.596
1083;Syddanmark;2021-01-30;2;2127;2025-02-18T10:07:19.596
1082;Midtjylland;2021-01-30;1;2128;2025-02-18T10:07:19.596
1084;Hovedstaden;2021-01-30;11;2139;2025-02-18T10:07:19.596
1083;Syddanmark;2021-01-31;3;2142;2025-02-18T10:07:19.596
1082;Midtjylland;2021-01-31;1;2143;2025-02-18T10:07:19.596
1081;Nordjylland;2021-01-31;1;2144;2025-02-18T10:07:19.596
1085;Sjælland;2021-01-31;1;2145;2025-02-18T10:07:19.596
1084;Hovedstaden;2021-01-31;11;2156;2025-02-18T10:07:19.596
1083;Syddanmark;2021-02-01;0;2156;2025-02-18T10:07:19.596
1082;Midtjylland;2021-02-01;4;2160;2025-02-18T10:07:19.596
1084;Hovedstaden;2021-02-01;6;2166;2025-02-18T10:07:19.596
1085;Sjælland;2021-02-01;2;2168;2025-02-18T10:07:19.596
1081;Nordjylland;2021-02-01;2;2170;2025-02-18T10:07:19.596
1085;Sjælland;2021-02-02;1;2171;2025-02-18T10:07:19.596
1083;Syddanmark;2021-02-02;3;2174;2025-02-18T10:07:19.596
1081;Nordjylland;2021-02-02;1;2175;2025-02-18T10:07:19.596
1084;Hovedstaden;2021-02-02;5;2180;2025-02-18T10:07:19.596
1082;Midtjylland;2021-02-02;1;2181;2025-02-18T10:07:19.596
1083;Syddanmark;2021-02-03;1;2182;2025-02-18T10:07:19.596
1085;Sjælland;2021-02-03;5;2187;2025-02-18T10:07:19.596
1081;Nordjylland;2021-02-03;1;2188;2025-02-18T10:07:19.596
1084;Hovedstaden;2021-02-03;6;2194;2025-02-18T10:07:19.596
1082;Midtjylland;2021-02-03;4;2198;2025-02-18T10:07:19.596
1081;Nordjylland;2021-02-04;1;2199;2025-02-18T10:07:19.596
1083;Syddanmark;2021-02-04;1;2200;2025-02-18T10:07:19.596
1085;Sjælland;2021-02-04;2;2202;2025-02-18T10:07:19.596
1084;Hovedstaden;2021-02-04;10;2212;2025-02-18T10:07:19.596
1082;Midtjylland;2021-02-04;1;2213;2025-02-18T10:07:19.596
1083;Syddanmark;2021-02-05;2;2215;2025-02-18T10:07:19.596
1085;Sjælland;2021-02-05;1;2216;2025-02-18T10:07:19.596
1081;Nordjylland;2021-02-05;1;2217;2025-02-18T10:07:19.596
1082;Midtjylland;2021-02-05;1;2218;2025-02-18T10:07:19.596
1084;Hovedstaden;2021-02-05;6;2224;2025-02-18T10:07:19.596
1085;Sjælland;2021-02-06;1;2225;2025-02-18T10:07:19.596
1083;Syddanmark;2021-02-06;0;2225;2025-02-18T10:07:19.596
1081;Nordjylland;2021-02-06;1;2226;2025-02-18T10:07:19.596
1084;Hovedstaden;2021-02-06;4;2230;2025-02-18T10:07:19.596
1082;Midtjylland;2021-02-06;1;2231;2025-02-18T10:07:19.596
1085;Sjælland;2021-02-07;1;2232;2025-02-18T10:07:19.596
1084;Hovedstaden;2021-02-07;3;2235;2025-02-18T10:07:19.596
1082;Midtjylland;2021-02-07;0;2235;2025-02-18T10:07:19.596
1081;Nordjylland;2021-02-07;4;2239;2025-02-18T10:07:19.596
1083;Syddanmark;2021-02-08;5;2244;2025-02-18T10:07:19.596
1085;Sjælland;2021-02-08;1;2245;2025-02-18T10:07:19.596
1082;Midtjylland;2021-02-08;2;2247;2025-02-18T10:07:19.596
1084;Hovedstaden;2021-02-08;6;2253;2025-02-18T10:07:19.596
1083;Syddanmark;2021-02-09;2;2255;2025-02-18T10:07:19.596
1085;Sjælland;2021-02-09;2;2257;2025-02-18T10:07:19.596
1081;Nordjylland;2021-02-09;0;2257;2025-02-18T10:07:19.596
1084;Hovedstaden;2021-02-09;12;2269;2025-02-18T10:07:19.596
1085;Sjælland;2021-02-10;3;2272;2025-02-18T10:07:19.596
1083;Syddanmark;2021-02-10;2;2274;2025-02-18T10:07:19.596
1081;Nordjylland;2021-02-10;3;2277;2025-02-18T10:07:19.596
1082;Midtjylland;2021-02-10;0;2277;2025-02-18T10:07:19.596
1084;Hovedstaden;2021-02-10;4;2281;2025-02-18T10:07:19.596
1083;Syddanmark;2021-02-11;2;2283;2025-02-18T10:07:19.596
1085;Sjælland;2021-02-11;0;2283;2025-02-18T10:07:19.596
1081;Nordjylland;2021-02-11;3;2286;2025-02-18T10:07:19.596
1082;Midtjylland;2021-02-11;0;2286;2025-02-18T10:07:19.596
1084;Hovedstaden;2021-02-11;4;2290;2025-02-18T10:07:19.596
1083;Syddanmark;2021-02-12;1;2291;2025-02-18T10:07:19.596
1085;Sjælland;2021-02-12;1;2292;2025-02-18T10:07:19.596
1084;Hovedstaden;2021-02-12;3;2295;2025-02-18T10:07:19.596
1082;Midtjylland;2021-02-12;0;2295;2025-02-18T10:07:19.596
1081;Nordjylland;2021-02-12;2;2297;2025-02-18T10:07:19.596
1081;Nordjylland;2021-02-13;1;2298;2025-02-18T10:07:19.596
1082;Midtjylland;2021-02-13;1;2299;2025-02-18T10:07:19.596
1084;Hovedstaden;2021-02-13;5;2304;2025-02-18T10:07:19.596
1085;Sjælland;2021-02-13;2;2306;2025-02-18T10:07:19.596
1084;Hovedstaden;2021-02-14;5;2311;2025-02-18T10:07:19.596
1083;Syddanmark;2021-02-15;3;2314;2025-02-18T10:07:19.596
1085;Sjælland;2021-02-15;0;2314;2025-02-18T10:07:19.596
1081;Nordjylland;2021-02-15;2;2316;2025-02-18T10:07:19.596
1082;Midtjylland;2021-02-15;0;2316;2025-02-18T10:07:19.596
1084;Hovedstaden;2021-02-15;2;2318;2025-02-18T10:07:19.596
1081;Nordjylland;2021-02-16;0;2318;2025-02-18T10:07:19.596
1085;Sjælland;2021-02-16;1;2319;2025-02-18T10:07:19.596
1082;Midtjylland;2021-02-16;1;2320;2025-02-18T10:07:19.596
1084;Hovedstaden;2021-02-16;1;2321;2025-02-18T10:07:19.596
1083;Syddanmark;2021-02-17;2;2323;2025-02-18T10:07:19.596
1081;Nordjylland;2021-02-17;1;2324;2025-02-18T10:07:19.596
1085;Sjælland;2021-02-17;1;2325;2025-02-18T10:07:19.596
1084;Hovedstaden;2021-02-17;2;2327;2025-02-18T10:07:19.596
1082;Midtjylland;2021-02-17;0;2327;2025-02-18T10:07:19.596
1083;Syddanmark;2021-02-18;1;2328;2025-02-18T10:07:19.596
1085;Sjælland;2021-02-18;1;2329;2025-02-18T10:07:19.596
1081;Nordjylland;2021-02-18;0;2329;2025-02-18T10:07:19.596
1084;Hovedstaden;2021-02-18;4;2333;2025-02-18T10:07:19.596
1082;Midtjylland;2021-02-18;3;2336;2025-02-18T10:07:19.596
1083;Syddanmark;2021-02-19;0;2336;2025-02-18T10:07:19.596
1081;Nordjylland;2021-02-19;0;2336;2025-02-18T10:07:19.596
1084;Hovedstaden;2021-02-19;4;2340;2025-02-18T10:07:19.596
1085;Sjælland;2021-02-20;0;2340;2025-02-18T10:07:19.596
1084;Hovedstaden;2021-02-20;3;2343;2025-02-18T10:07:19.596
1082;Midtjylland;2021-02-20;0;2343;2025-02-18T10:07:19.596
1083;Syddanmark;2021-02-20;2;2345;2025-02-18T10:07:19.596
1083;Syddanmark;2021-02-21;0;2345;2025-02-18T10:07:19.596
1085;Sjælland;2021-02-21;1;2346;2025-02-18T10:07:19.596
1084;Hovedstaden;2021-02-21;3;2349;2025-02-18T10:07:19.596
1082;Midtjylland;2021-02-21;1;2350;2025-02-18T10:07:19.596
1081;Nordjylland;2021-02-22;0;2350;2025-02-18T10:07:19.596
1085;Sjælland;2021-02-22;0;2350;2025-02-18T10:07:19.596
1083;Syddanmark;2021-02-22;0;2350;2025-02-18T10:07:19.596
1082;Midtjylland;2021-02-22;0;2350;2025-02-18T10:07:19.596
1084;Hovedstaden;2021-02-22;0;2350;2025-02-18T10:07:19.596
1083;Syddanmark;2021-02-23;2;2352;2025-02-18T10:07:19.596
1085;Sjælland;2021-02-23;0;2352;2025-02-18T10:07:19.596
1084;Hovedstaden;2021-02-23;0;2352;2025-02-18T10:07:19.596
1083;Syddanmark;2021-02-24;2;2354;2025-02-18T10:07:19.596
1081;Nordjylland;2021-02-24;1;2355;2025-02-18T10:07:19.596
1085;Sjælland;2021-02-24;3;2358;2025-02-18T10:07:19.596
1084;Hovedstaden;2021-02-24;1;2359;2025-02-18T10:07:19.596
1085;Sjælland;2021-02-25;0;2359;2025-02-18T10:07:19.596
1083;Syddanmark;2021-02-25;0;2359;2025-02-18T10:07:19.596
1081;Nordjylland;2021-02-25;0;2359;2025-02-18T10:07:19.596
1082;Midtjylland;2021-02-25;1;2360;2025-02-18T10:07:19.596
1084;Hovedstaden;2021-02-25;1;2361;2025-02-18T10:07:19.596
1083;Syddanmark;2021-02-26;1;2362;2025-02-18T10:07:19.596
1085;Sjælland;2021-02-26;0;2362;2025-02-18T10:07:19.596
1082;Midtjylland;2021-02-26;1;2363;2025-02-18T10:07:19.596
1084;Hovedstaden;2021-02-26;2;2365;2025-02-18T10:07:19.596
1085;Sjælland;2021-02-27;2;2367;2025-02-18T10:07:19.596
1081;Nordjylland;2021-02-27;1;2368;2025-02-18T10:07:19.596
1083;Syddanmark;2021-02-27;1;2369;2025-02-18T10:07:19.596
1082;Midtjylland;2021-02-27;0;2369;2025-02-18T10:07:19.596
1084;Hovedstaden;2021-02-27;1;2370;2025-02-18T10:07:19.596
1085;Sjælland;2021-02-28;1;2371;2025-02-18T10:07:19.596
1084;Hovedstaden;2021-02-28;2;2373;2025-02-18T10:07:19.596
1085;Sjælland;2021-03-01;1;2374;2025-02-18T10:07:19.596
1081;Nordjylland;2021-03-01;0;2374;2025-02-18T10:07:19.596
1084;Hovedstaden;2021-03-01;0;2374;2025-02-18T10:07:19.596
1082;Midtjylland;2021-03-02;1;2375;2025-02-18T10:07:19.596
1084;Hovedstaden;2021-03-02;3;2378;2025-02-18T10:07:19.596
1083;Syddanmark;2021-03-03;1;2379;2025-02-18T10:07:19.596
1082;Midtjylland;2021-03-03;0;2379;2025-02-18T10:07:19.596
1085;Sjælland;2021-03-03;1;2380;2025-02-18T10:07:19.596
1084;Hovedstaden;2021-03-03;1;2381;2025-02-18T10:07:19.596
1085;Sjælland;2021-03-04;0;2381;2025-02-18T10:07:19.596
1084;Hovedstaden;2021-03-04;2;2383;2025-02-18T10:07:19.596
1083;Syddanmark;2021-03-05;0;2383;2025-02-18T10:07:19.596
1081;Nordjylland;2021-03-05;0;2383;2025-02-18T10:07:19.596
1084;Hovedstaden;2021-03-05;0;2383;2025-02-18T10:07:19.596
1085;Sjælland;2021-03-06;1;2384;2025-02-18T10:07:19.596
1082;Midtjylland;2021-03-06;0;2384;2025-02-18T10:07:19.596
1084;Hovedstaden;2021-03-06;2;2386;2025-02-18T10:07:19.596
1085;Sjælland;2021-03-07;1;2387;2025-02-18T10:07:19.596
1081;Nordjylland;2021-03-07;0;2387;2025-02-18T10:07:19.596
1084;Hovedstaden;2021-03-07;1;2388;2025-02-18T10:07:19.596
1084;Hovedstaden;2021-03-08;0;2388;2025-02-18T10:07:19.596
1083;Syddanmark;2021-03-09;1;2389;2025-02-18T10:07:19.596
1084;Hovedstaden;2021-03-09;1;2390;2025-02-18T10:07:19.596
1085;Sjælland;2021-03-09;1;2391;2025-02-18T10:07:19.596
1083;Syddanmark;2021-03-10;1;2392;2025-02-18T10:07:19.596
1081;Nordjylland;2021-03-10;0;2392;2025-02-18T10:07:19.596
1085;Sjælland;2021-03-10;1;2393;2025-02-18T10:07:19.596
1084;Hovedstaden;2021-03-10;1;2394;2025-02-18T10:07:19.596
1081;Nordjylland;2021-03-11;1;2395;2025-02-18T10:07:19.596
1082;Midtjylland;2021-03-11;1;2396;2025-02-18T10:07:19.596
1085;Sjælland;2021-03-11;1;2397;2025-02-18T10:07:19.596
1085;Sjælland;2021-03-12;1;2398;2025-02-18T10:07:19.596
1084;Hovedstaden;2021-03-12;1;2399;2025-02-18T10:07:19.596
1084;Hovedstaden;2021-03-13;0;2399;2025-02-18T10:07:19.596
1083;Syddanmark;2021-03-13;1;2400;2025-02-18T10:07:19.596
1085;Sjælland;2021-03-14;1;2401;2025-02-18T10:07:19.596
1084;Hovedstaden;2021-03-14;1;2402;2025-02-18T10:07:19.596
1085;Sjælland;2021-03-15;1;2403;2025-02-18T10:07:19.596
1084;Hovedstaden;2021-03-15;1;2404;2025-02-18T10:07:19.596
1084;Hovedstaden;2021-03-16;0;2404;2025-02-18T10:07:19.596
1083;Syddanmark;2021-03-17;0;2404;2025-02-18T10:07:19.596
1084;Hovedstaden;2021-03-17;2;2406;2025-02-18T10:07:19.596
1085;Sjælland;2021-03-18;1;2407;2025-02-18T10:07:19.596
1085;Sjælland;2021-03-19;1;2408;2025-02-18T10:07:19.596
1084;Hovedstaden;2021-03-19;1;2409;2025-02-18T10:07:19.596
1083;Syddanmark;2021-03-19;2;2411;2025-02-18T10:07:19.596
1084;Hovedstaden;2021-03-20;0;2411;2025-02-18T10:07:19.596
1085;Sjælland;2021-03-21;0;2411;2025-02-18T10:07:19.596
1084;Hovedstaden;2021-03-21;1;2412;2025-02-18T10:07:19.596
1083;Syddanmark;2021-03-22;1;2413;2025-02-18T10:07:19.596
1085;Sjælland;2021-03-22;0;2413;2025-02-18T10:07:19.596
1084;Hovedstaden;2021-03-22;2;2415;2025-02-18T10:07:19.596
1084;Hovedstaden;2021-03-23;0;2415;2025-02-18T10:07:19.596
1085;Sjælland;2021-03-23;2;2417;2025-02-18T10:07:19.596
1083;Syddanmark;2021-03-24;1;2418;2025-02-18T10:07:19.596
1082;Midtjylland;2021-03-24;1;2419;2025-02-18T10:07:19.596
1085;Sjælland;2021-03-24;4;2423;2025-02-18T10:07:19.596
1084;Hovedstaden;2021-03-24;2;2425;2025-02-18T10:07:19.596
1082;Midtjylland;2021-03-25;1;2426;2025-02-18T10:07:19.596
1084;Hovedstaden;2021-03-25;0;2426;2025-02-18T10:07:19.596
1083;Syddanmark;2021-03-26;1;2427;2025-02-18T10:07:19.596
1085;Sjælland;2021-03-26;1;2428;2025-02-18T10:07:19.596
1084;Hovedstaden;2021-03-27;3;2431;2025-02-18T10:07:19.596
;;2021-03-28;0;2431;2025-02-18T10:07:19.596
1084;Hovedstaden;2021-03-29;1;2432;2025-02-18T10:07:19.596
1082;Midtjylland;2021-03-29;0;2432;2025-02-18T10:07:19.596
1084;Hovedstaden;2021-03-30;1;2433;2025-02-18T10:07:19.596
1083;Syddanmark;2021-03-30;0;2433;2025-02-18T10:07:19.596
1085;Sjælland;2021-03-30;2;2435;2025-02-18T10:07:19.596
1085;Sjælland;2021-03-31;1;2436;2025-02-18T10:07:19.596
1084;Hovedstaden;2021-03-31;3;2439;2025-02-18T10:07:19.596
1082;Midtjylland;2021-03-31;0;2439;2025-02-18T10:07:19.596
1084;Hovedstaden;2021-04-01;1;2440;2025-02-18T10:07:19.596
1083;Syddanmark;2021-04-02;1;2441;2025-02-18T10:07:19.596
1084;Hovedstaden;2021-04-02;3;2444;2025-02-18T10:07:19.596
1084;Hovedstaden;2021-04-03;1;2445;2025-02-18T10:07:19.596
1084;Hovedstaden;2021-04-04;1;2446;2025-02-18T10:07:19.596
1084;Hovedstaden;2021-04-05;1;2447;2025-02-18T10:07:19.596
1085;Sjælland;2021-04-05;1;2448;2025-02-18T10:07:19.596
1082;Midtjylland;2021-04-05;1;2449;2025-02-18T10:07:19.596
1083;Syddanmark;2021-04-06;0;2449;2025-02-18T10:07:19.596
1085;Sjælland;2021-04-06;1;2450;2025-02-18T10:07:19.596
1084;Hovedstaden;2021-04-06;0;2450;2025-02-18T10:07:19.596
1085;Sjælland;2021-04-07;0;2450;2025-02-18T10:07:19.596
1082;Midtjylland;2021-04-07;2;2452;2025-02-18T10:07:19.596
1082;Midtjylland;2021-04-08;1;2453;2025-02-18T10:07:19.596
1085;Sjælland;2021-04-08;0;2453;2025-02-18T10:07:19.596
1083;Syddanmark;2021-04-08;1;2454;2025-02-18T10:07:19.596
1083;Syddanmark;2021-04-09;2;2456;2025-02-18T10:07:19.596
1084;Hovedstaden;2021-04-09;1;2457;2025-02-18T10:07:19.596
1085;Sjælland;2021-04-10;1;2458;2025-02-18T10:07:19.596
1082;Midtjylland;2021-04-10;0;2458;2025-02-18T10:07:19.596
1081;Nordjylland;2021-04-11;1;2459;2025-02-18T10:07:19.596
1083;Syddanmark;2021-04-11;1;2460;2025-02-18T10:07:19.596
1084;Hovedstaden;2021-04-11;1;2461;2025-02-18T10:07:19.596
1082;Midtjylland;2021-04-12;1;2462;2025-02-18T10:07:19.596
1084;Hovedstaden;2021-04-12;1;2463;2025-02-18T10:07:19.596
;;2021-04-13;0;2463;2025-02-18T10:07:19.596
1082;Midtjylland;2021-04-14;1;2464;2025-02-18T10:07:19.596
1084;Hovedstaden;2021-04-14;1;2465;2025-02-18T10:07:19.596
1084;Hovedstaden;2021-04-15;2;2467;2025-02-18T10:07:19.596
1083;Syddanmark;2021-04-16;1;2468;2025-02-18T10:07:19.596
1081;Nordjylland;2021-04-16;2;2470;2025-02-18T10:07:19.596
1082;Midtjylland;2021-04-16;2;2472;2025-02-18T10:07:19.596
1084;Hovedstaden;2021-04-16;0;2472;2025-02-18T10:07:19.596
1082;Midtjylland;2021-04-17;1;2473;2025-02-18T10:07:19.596
1081;Nordjylland;2021-04-17;1;2474;2025-02-18T10:07:19.596
1084;Hovedstaden;2021-04-17;1;2475;2025-02-18T10:07:19.596
1085;Sjælland;2021-04-18;1;2476;2025-02-18T10:07:19.596
1083;Syddanmark;2021-04-18;1;2477;2025-02-18T10:07:19.596
1082;Midtjylland;2021-04-18;1;2478;2025-02-18T10:07:19.596
1084;Hovedstaden;2021-04-18;0;2478;2025-02-18T10:07:19.596
1084;Hovedstaden;2021-04-19;2;2480;2025-02-18T10:07:19.596
1084;Hovedstaden;2021-04-20;3;2483;2025-02-18T10:07:19.596
1084;Hovedstaden;2021-04-21;2;2485;2025-02-18T10:07:19.596
1082;Midtjylland;2021-04-21;1;2486;2025-02-18T10:07:19.596
1081;Nordjylland;2021-04-21;1;2487;2025-02-18T10:07:19.596
1085;Sjælland;2021-04-22;0;2487;2025-02-18T10:07:19.596
1084;Hovedstaden;2021-04-22;3;2490;2025-02-18T10:07:19.596
1084;Hovedstaden;2021-04-23;1;2491;2025-02-18T10:07:19.596
1084;Hovedstaden;2021-04-24;2;2493;2025-02-18T10:07:19.596
1084;Hovedstaden;2021-04-25;1;2494;2025-02-18T10:07:19.596
1085;Sjælland;2021-04-25;0;2494;2025-02-18T10:07:19.596
1083;Syddanmark;2021-04-26;0;2494;2025-02-18T10:07:19.596
1084;Hovedstaden;2021-04-26;1;2495;2025-02-18T10:07:19.596
1083;Syddanmark;2021-04-27;0;2495;2025-02-18T10:07:19.596
1084;Hovedstaden;2021-04-27;1;2496;2025-02-18T10:07:19.596
1081;Nordjylland;2021-04-27;2;2498;2025-02-18T10:07:19.596
1083;Syddanmark;2021-04-28;1;2499;2025-02-18T10:07:19.596
1084;Hovedstaden;2021-04-28;1;2500;2025-02-18T10:07:19.596
1083;Syddanmark;2021-04-29;1;2501;2025-02-18T10:07:19.596
1084;Hovedstaden;2021-04-29;2;2503;2025-02-18T10:07:19.596
1084;Hovedstaden;2021-04-30;3;2506;2025-02-18T10:07:19.596
1084;Hovedstaden;2021-05-01;1;2507;2025-02-18T10:07:19.596
1084;Hovedstaden;2021-05-02;2;2509;2025-02-18T10:07:19.596
1084;Hovedstaden;2021-05-03;0;2509;2025-02-18T10:07:19.596
1081;Nordjylland;2021-05-04;0;2509;2025-02-18T10:07:19.596
1084;Hovedstaden;2021-05-04;2;2511;2025-02-18T10:07:19.596
1084;Hovedstaden;2021-05-05;1;2512;2025-02-18T10:07:19.596
1085;Sjælland;2021-05-05;0;2512;2025-02-18T10:07:19.596
1085;Sjælland;2021-05-06;0;2512;2025-02-18T10:07:19.596
1084;Hovedstaden;2021-05-06;1;2513;2025-02-18T10:07:19.596
1085;Sjælland;2021-05-07;2;2515;2025-02-18T10:07:19.596
;;2021-05-08;0;2515;2025-02-18T10:07:19.596
1085;Sjælland;2021-05-09;0;2515;2025-02-18T10:07:19.596
1084;Hovedstaden;2021-05-09;0;2515;2025-02-18T10:07:19.596
1084;Hovedstaden;2021-05-10;1;2516;2025-02-18T10:07:19.596
1082;Midtjylland;2021-05-10;1;2517;2025-02-18T10:07:19.596
;;2021-05-11;0;2517;2025-02-18T10:07:19.596
;;2021-05-12;0;2517;2025-02-18T10:07:19.596
1083;Syddanmark;2021-05-13;1;2518;2025-02-18T10:07:19.596
1085;Sjælland;2021-05-14;1;2519;2025-02-18T10:07:19.596
1081;Nordjylland;2021-05-14;1;2520;2025-02-18T10:07:19.596
1083;Syddanmark;2021-05-14;0;2520;2025-02-18T10:07:19.596
1084;Hovedstaden;2021-05-14;1;2521;2025-02-18T10:07:19.596
1085;Sjælland;2021-05-15;1;2522;2025-02-18T10:07:19.596
1084;Hovedstaden;2021-05-16;1;2523;2025-02-18T10:07:19.596
1084;Hovedstaden;2021-05-17;0;2523;2025-02-18T10:07:19.596
1083;Syddanmark;2021-05-17;1;2524;2025-02-18T10:07:19.596
1083;Syddanmark;2021-05-18;0;2524;2025-02-18T10:07:19.596
1084;Hovedstaden;2021-05-19;1;2525;2025-02-18T10:07:19.596
1084;Hovedstaden;2021-05-20;0;2525;2025-02-18T10:07:19.596
1081;Nordjylland;2021-05-21;1;2526;2025-02-18T10:07:19.596
1084;Hovedstaden;2021-05-21;0;2526;2025-02-18T10:07:19.596
1084;Hovedstaden;2021-05-22;2;2528;2025-02-18T10:07:19.596
1082;Midtjylland;2021-05-23;1;2529;2025-02-18T10:07:19.596
1084;Hovedstaden;2021-05-24;1;2530;2025-02-18T10:07:19.596
1083;Syddanmark;2021-05-25;0;2530;2025-02-18T10:07:19.596
1081;Nordjylland;2021-05-25;1;2531;2025-02-18T10:07:19.596
1082;Midtjylland;2021-05-25;0;2531;2025-02-18T10:07:19.596
1085;Sjælland;2021-05-26;0;2531;2025-02-18T10:07:19.596
1082;Midtjylland;2021-05-26;1;2532;2025-02-18T10:07:19.596
1084;Hovedstaden;2021-05-26;1;2533;2025-02-18T10:07:19.596
1082;Midtjylland;2021-05-27;1;2534;2025-02-18T10:07:19.596
1082;Midtjylland;2021-05-28;1;2535;2025-02-18T10:07:19.596
1084;Hovedstaden;2021-05-28;1;2536;2025-02-18T10:07:19.596
;;2021-05-29;0;2536;2025-02-18T10:07:19.596
;;2021-05-30;0;2536;2025-02-18T10:07:19.596
;;2021-05-31;0;2536;2025-02-18T10:07:19.596
1084;Hovedstaden;2021-06-01;0;2536;2025-02-18T10:07:19.596
1083;Syddanmark;2021-06-01;1;2537;2025-02-18T10:07:19.596
1084;Hovedstaden;2021-06-02;0;2537;2025-02-18T10:07:19.596
;;2021-06-03;0;2537;2025-02-18T10:07:19.596
1083;Syddanmark;2021-06-04;1;2538;2025-02-18T10:07:19.596
;;2021-06-05;0;2538;2025-02-18T10:07:19.596
1081;Nordjylland;2021-06-06;1;2539;2025-02-18T10:07:19.596
1084;Hovedstaden;2021-06-06;1;2540;2025-02-18T10:07:19.596
;;2021-06-07;0;2540;2025-02-18T10:07:19.596
;;2021-06-08;0;2540;2025-02-18T10:07:19.596
1081;Nordjylland;2021-06-09;1;2541;2025-02-18T10:07:19.596
1084;Hovedstaden;2021-06-09;1;2542;2025-02-18T10:07:19.596
1085;Sjælland;2021-06-09;0;2542;2025-02-18T10:07:19.596
1084;Hovedstaden;2021-06-10;1;2543;2025-02-18T10:07:19.596
1084;Hovedstaden;2021-06-11;1;2544;2025-02-18T10:07:19.596
;;2021-06-12;0;2544;2025-02-18T10:07:19.596
1081;Nordjylland;2021-06-13;1;2545;2025-02-18T10:07:19.596
1085;Sjælland;2021-06-13;1;2546;2025-02-18T10:07:19.596
1083;Syddanmark;2021-06-14;1;2547;2025-02-18T10:07:19.596
1084;Hovedstaden;2021-06-14;1;2548;2025-02-18T10:07:19.596
;;2021-06-15;0;2548;2025-02-18T10:07:19.596
;;2021-06-16;0;2548;2025-02-18T10:07:19.596
1084;Hovedstaden;2021-06-17;1;2549;2025-02-18T10:07:19.596
1081;Nordjylland;2021-06-18;1;2550;2025-02-18T10:07:19.596
1084;Hovedstaden;2021-06-19;1;2551;2025-02-18T10:07:19.596
1081;Nordjylland;2021-06-20;0;2551;2025-02-18T10:07:19.596
;;2021-06-21;0;2551;2025-02-18T10:07:19.596
1084;Hovedstaden;2021-06-22;0;2551;2025-02-18T10:07:19.596
1084;Hovedstaden;2021-06-23;0;2551;2025-02-18T10:07:19.596
;;2021-06-24;0;2551;2025-02-18T10:07:19.596
1085;Sjælland;2021-06-25;1;2552;2025-02-18T10:07:19.596
1084;Hovedstaden;2021-06-25;1;2553;2025-02-18T10:07:19.596
1084;Hovedstaden;2021-06-26;1;2554;2025-02-18T10:07:19.596
1084;Hovedstaden;2021-06-27;1;2555;2025-02-18T10:07:19.596
1081;Nordjylland;2021-06-28;1;2556;2025-02-18T10:07:19.596
1081;Nordjylland;2021-06-29;0;2556;2025-02-18T10:07:19.596
;;2021-06-30;0;2556;2025-02-18T10:07:19.596
1081;Nordjylland;2021-07-01;1;2557;2025-02-18T10:07:19.596
1084;Hovedstaden;2021-07-01;1;2558;2025-02-18T10:07:19.596
1083;Syddanmark;2021-07-01;0;2558;2025-02-18T10:07:19.596
;;2021-07-02;0;2558;2025-02-18T10:07:19.596
;;2021-07-03;0;2558;2025-02-18T10:07:19.596
1082;Midtjylland;2021-07-04;1;2559;2025-02-18T10:07:19.596
1084;Hovedstaden;2021-07-05;0;2559;2025-02-18T10:07:19.596
1083;Syddanmark;2021-07-05;0;2559;2025-02-18T10:07:19.596
;;2021-07-06;0;2559;2025-02-18T10:07:19.596
;;2021-07-07;0;2559;2025-02-18T10:07:19.596
1085;Sjælland;2021-07-08;0;2559;2025-02-18T10:07:19.596
1082;Midtjylland;2021-07-09;0;2559;2025-02-18T10:07:19.596
1084;Hovedstaden;2021-07-09;1;2560;2025-02-18T10:07:19.596
;;2021-07-10;0;2560;2025-02-18T10:07:19.596
;;2021-07-11;0;2560;2025-02-18T10:07:19.596
1081;Nordjylland;2021-07-12;0;2560;2025-02-18T10:07:19.596
1084;Hovedstaden;2021-07-13;0;2560;2025-02-18T10:07:19.596
1083;Syddanmark;2021-07-13;0;2560;2025-02-18T10:07:19.596
1083;Syddanmark;2021-07-14;1;2561;2025-02-18T10:07:19.596
1082;Midtjylland;2021-07-14;1;2562;2025-02-18T10:07:19.596
1083;Syddanmark;2021-07-15;1;2563;2025-02-18T10:07:19.596
;;2021-07-16;0;2563;2025-02-18T10:07:19.596
;;2021-07-17;0;2563;2025-02-18T10:07:19.596
;;2021-07-18;0;2563;2025-02-18T10:07:19.596
;;2021-07-19;0;2563;2025-02-18T10:07:19.596
;;2021-07-20;0;2563;2025-02-18T10:07:19.596
;;2021-07-21;0;2563;2025-02-18T10:07:19.596
;;2021-07-22;0;2563;2025-02-18T10:07:19.596
;;2021-07-23;0;2563;2025-02-18T10:07:19.596
;;2021-07-24;0;2563;2025-02-18T10:07:19.596
1083;Syddanmark;2021-07-25;1;2564;2025-02-18T10:07:19.596
1084;Hovedstaden;2021-07-25;1;2565;2025-02-18T10:07:19.596
1082;Midtjylland;2021-07-26;1;2566;2025-02-18T10:07:19.596
1084;Hovedstaden;2021-07-26;1;2567;2025-02-18T10:07:19.596
1084;Hovedstaden;2021-07-27;0;2567;2025-02-18T10:07:19.596
1085;Sjælland;2021-07-28;0;2567;2025-02-18T10:07:19.596
1082;Midtjylland;2021-07-28;1;2568;2025-02-18T10:07:19.596
1082;Midtjylland;2021-07-29;1;2569;2025-02-18T10:07:19.596
;;2021-07-30;0;2569;2025-02-18T10:07:19.596
1084;Hovedstaden;2021-07-31;1;2570;2025-02-18T10:07:19.596
;;2021-08-01;0;2570;2025-02-18T10:07:19.596
;;2021-08-02;0;2570;2025-02-18T10:07:19.596
1084;Hovedstaden;2021-08-03;1;2571;2025-02-18T10:07:19.596
1083;Syddanmark;2021-08-04;1;2572;2025-02-18T10:07:19.596
;;2021-08-05;0;2572;2025-02-18T10:07:19.596
;;2021-08-06;0;2572;2025-02-18T10:07:19.596
;;2021-08-07;0;2572;2025-02-18T10:07:19.596
1082;Midtjylland;2021-08-08;1;2573;2025-02-18T10:07:19.596
1084;Hovedstaden;2021-08-09;1;2574;2025-02-18T10:07:19.596
1085;Sjælland;2021-08-10;2;2576;2025-02-18T10:07:19.596
1083;Syddanmark;2021-08-11;0;2576;2025-02-18T10:07:19.596
1084;Hovedstaden;2021-08-12;1;2577;2025-02-18T10:07:19.596
1081;Nordjylland;2021-08-12;1;2578;2025-02-18T10:07:19.596
1085;Sjælland;2021-08-12;1;2579;2025-02-18T10:07:19.596
1082;Midtjylland;2021-08-13;1;2580;2025-02-18T10:07:19.596
;;2021-08-14;0;2580;2025-02-18T10:07:19.596
1084;Hovedstaden;2021-08-15;1;2581;2025-02-18T10:07:19.596
1083;Syddanmark;2021-08-16;1;2582;2025-02-18T10:07:19.596
1084;Hovedstaden;2021-08-17;1;2583;2025-02-18T10:07:19.596
1085;Sjælland;2021-08-18;1;2584;2025-02-18T10:07:19.596
1084;Hovedstaden;2021-08-19;1;2585;2025-02-18T10:07:19.596
1084;Hovedstaden;2021-08-20;1;2586;2025-02-18T10:07:19.596
1082;Midtjylland;2021-08-21;1;2587;2025-02-18T10:07:19.596
1085;Sjælland;2021-08-21;1;2588;2025-02-18T10:07:19.596
1084;Hovedstaden;2021-08-22;1;2589;2025-02-18T10:07:19.596
1085;Sjælland;2021-08-23;1;2590;2025-02-18T10:07:19.596
1084;Hovedstaden;2021-08-23;1;2591;2025-02-18T10:07:19.596
1085;Sjælland;2021-08-24;1;2592;2025-02-18T10:07:19.596
1081;Nordjylland;2021-08-25;1;2593;2025-02-18T10:07:19.596
1084;Hovedstaden;2021-08-26;2;2595;2025-02-18T10:07:19.596
1083;Syddanmark;2021-08-27;1;2596;2025-02-18T10:07:19.596
1084;Hovedstaden;2021-08-27;2;2598;2025-02-18T10:07:19.596
1084;Hovedstaden;2021-08-28;2;2600;2025-02-18T10:07:19.596
1083;Syddanmark;2021-08-29;1;2601;2025-02-18T10:07:19.596
1082;Midtjylland;2021-08-29;1;2602;2025-02-18T10:07:19.596
1084;Hovedstaden;2021-08-30;1;2603;2025-02-18T10:07:19.596
;;2021-08-31;0;2603;2025-02-18T10:07:19.596
1082;Midtjylland;2021-09-01;1;2604;2025-02-18T10:07:19.596
1084;Hovedstaden;2021-09-02;3;2607;2025-02-18T10:07:19.596
1081;Nordjylland;2021-09-03;1;2608;2025-02-18T10:07:19.596
1084;Hovedstaden;2021-09-03;1;2609;2025-02-18T10:07:19.596
;;2021-09-04;0;2609;2025-02-18T10:07:19.596
1085;Sjælland;2021-09-05;1;2610;2025-02-18T10:07:19.596
1083;Syddanmark;2021-09-05;1;2611;2025-02-18T10:07:19.596
1084;Hovedstaden;2021-09-06;4;2615;2025-02-18T10:07:19.596
1082;Midtjylland;2021-09-07;3;2618;2025-02-18T10:07:19.596
1084;Hovedstaden;2021-09-07;1;2619;2025-02-18T10:07:19.596
1083;Syddanmark;2021-09-08;1;2620;2025-02-18T10:07:19.596
1082;Midtjylland;2021-09-08;1;2621;2025-02-18T10:07:19.596
1081;Nordjylland;2021-09-08;1;2622;2025-02-18T10:07:19.596
1084;Hovedstaden;2021-09-08;3;2625;2025-02-18T10:07:19.596
1083;Syddanmark;2021-09-09;1;2626;2025-02-18T10:07:19.596
1082;Midtjylland;2021-09-09;1;2627;2025-02-18T10:07:19.596
1084;Hovedstaden;2021-09-09;1;2628;2025-02-18T10:07:19.596
1081;Nordjylland;2021-09-09;1;2629;2025-02-18T10:07:19.596
1084;Hovedstaden;2021-09-10;2;2631;2025-02-18T10:07:19.596
1084;Hovedstaden;2021-09-11;0;2631;2025-02-18T10:07:19.596
1082;Midtjylland;2021-09-11;1;2632;2025-02-18T10:07:19.596
1084;Hovedstaden;2021-09-12;2;2634;2025-02-18T10:07:19.596
;;2021-09-13;0;2634;2025-02-18T10:07:19.596
1082;Midtjylland;2021-09-14;1;2635;2025-02-18T10:07:19.596
1084;Hovedstaden;2021-09-14;1;2636;2025-02-18T10:07:19.596
1085;Sjælland;2021-09-14;1;2637;2025-02-18T10:07:19.596
1083;Syddanmark;2021-09-15;1;2638;2025-02-18T10:07:19.596
1085;Sjælland;2021-09-15;1;2639;2025-02-18T10:07:19.596
1082;Midtjylland;2021-09-15;1;2640;2025-02-18T10:07:19.596
1085;Sjælland;2021-09-16;1;2641;2025-02-18T10:07:19.596
1082;Midtjylland;2021-09-16;1;2642;2025-02-18T10:07:19.596
1084;Hovedstaden;2021-09-16;1;2643;2025-02-18T10:07:19.596
1081;Nordjylland;2021-09-16;1;2644;2025-02-18T10:07:19.596
1083;Syddanmark;2021-09-16;1;2645;2025-02-18T10:07:19.596
1084;Hovedstaden;2021-09-17;0;2645;2025-02-18T10:07:19.596
1083;Syddanmark;2021-09-17;1;2646;2025-02-18T10:07:19.596
1085;Sjælland;2021-09-18;1;2647;2025-02-18T10:07:19.596
1082;Midtjylland;2021-09-18;1;2648;2025-02-18T10:07:19.596
1084;Hovedstaden;2021-09-18;1;2649;2025-02-18T10:07:19.596
1083;Syddanmark;2021-09-19;2;2651;2025-02-18T10:07:19.596
1085;Sjælland;2021-09-19;1;2652;2025-02-18T10:07:19.596
1082;Midtjylland;2021-09-20;1;2653;2025-02-18T10:07:19.596
1083;Syddanmark;2021-09-20;1;2654;2025-02-18T10:07:19.596
1084;Hovedstaden;2021-09-20;1;2655;2025-02-18T10:07:19.596
1082;Midtjylland;2021-09-21;1;2656;2025-02-18T10:07:19.596
1085;Sjælland;2021-09-22;0;2656;2025-02-18T10:07:19.596
1082;Midtjylland;2021-09-22;1;2657;2025-02-18T10:07:19.596
1084;Hovedstaden;2021-09-22;3;2660;2025-02-18T10:07:19.596
1085;Sjælland;2021-09-23;2;2662;2025-02-18T10:07:19.596
1084;Hovedstaden;2021-09-23;0;2662;2025-02-18T10:07:19.596
1083;Syddanmark;2021-09-24;1;2663;2025-02-18T10:07:19.596
1085;Sjælland;2021-09-24;1;2664;2025-02-18T10:07:19.596
1083;Syddanmark;2021-09-25;2;2666;2025-02-18T10:07:19.596
1081;Nordjylland;2021-09-25;1;2667;2025-02-18T10:07:19.596
1082;Midtjylland;2021-09-26;1;2668;2025-02-18T10:07:19.596
1084;Hovedstaden;2021-09-26;1;2669;2025-02-18T10:07:19.596
1082;Midtjylland;2021-09-27;1;2670;2025-02-18T10:07:19.596
1085;Sjælland;2021-09-27;1;2671;2025-02-18T10:07:19.596
1084;Hovedstaden;2021-09-27;2;2673;2025-02-18T10:07:19.596
1083;Syddanmark;2021-09-27;1;2674;2025-02-18T10:07:19.596
1082;Midtjylland;2021-09-28;1;2675;2025-02-18T10:07:19.596
1085;Sjælland;2021-09-29;0;2675;2025-02-18T10:07:19.596
1082;Midtjylland;2021-09-29;1;2676;2025-02-18T10:07:19.596
1083;Syddanmark;2021-09-29;1;2677;2025-02-18T10:07:19.596
1083;Syddanmark;2021-09-30;1;2678;2025-02-18T10:07:19.596
1085;Sjælland;2021-09-30;1;2679;2025-02-18T10:07:19.596
1084;Hovedstaden;2021-09-30;1;2680;2025-02-18T10:07:19.596
1084;Hovedstaden;2021-10-01;2;2682;2025-02-18T10:07:19.596
1085;Sjælland;2021-10-01;1;2683;2025-02-18T10:07:19.596
1083;Syddanmark;2021-10-02;1;2684;2025-02-18T10:07:19.596
1085;Sjælland;2021-10-02;0;2684;2025-02-18T10:07:19.596
1081;Nordjylland;2021-10-02;0;2684;2025-02-18T10:07:19.596
;;2021-10-03;0;2684;2025-02-18T10:07:19.596
;;2021-10-04;0;2684;2025-02-18T10:07:19.596
1085;Sjælland;2021-10-05;1;2685;2025-02-18T10:07:19.596
1082;Midtjylland;2021-10-05;0;2685;2025-02-18T10:07:19.596
1083;Syddanmark;2021-10-05;1;2686;2025-02-18T10:07:19.596
1081;Nordjylland;2021-10-06;1;2687;2025-02-18T10:07:19.596
1084;Hovedstaden;2021-10-06;1;2688;2025-02-18T10:07:19.596
1085;Sjælland;2021-10-07;1;2689;2025-02-18T10:07:19.596
1082;Midtjylland;2021-10-07;1;2690;2025-02-18T10:07:19.596
;;2021-10-08;0;2690;2025-02-18T10:07:19.596
1082;Midtjylland;2021-10-09;1;2691;2025-02-18T10:07:19.596
1083;Syddanmark;2021-10-09;1;2692;2025-02-18T10:07:19.596
1082;Midtjylland;2021-10-10;1;2693;2025-02-18T10:07:19.596
1081;Nordjylland;2021-10-10;1;2694;2025-02-18T10:07:19.596
1084;Hovedstaden;2021-10-11;2;2696;2025-02-18T10:07:19.596
;;2021-10-12;0;2696;2025-02-18T10:07:19.596
1083;Syddanmark;2021-10-13;1;2697;2025-02-18T10:07:19.596
1081;Nordjylland;2021-10-13;1;2698;2025-02-18T10:07:19.596
1084;Hovedstaden;2021-10-13;1;2699;2025-02-18T10:07:19.596
1085;Sjælland;2021-10-13;1;2700;2025-02-18T10:07:19.596
1083;Syddanmark;2021-10-14;1;2701;2025-02-18T10:07:19.596
1084;Hovedstaden;2021-10-14;0;2701;2025-02-18T10:07:19.596
1082;Midtjylland;2021-10-15;1;2702;2025-02-18T10:07:19.596
1081;Nordjylland;2021-10-15;1;2703;2025-02-18T10:07:19.596
1083;Syddanmark;2021-10-16;1;2704;2025-02-18T10:07:19.596
1084;Hovedstaden;2021-10-16;2;2706;2025-02-18T10:07:19.596
1083;Syddanmark;2021-10-17;1;2707;2025-02-18T10:07:19.596
1084;Hovedstaden;2021-10-17;3;2710;2025-02-18T10:07:19.596
1081;Nordjylland;2021-10-18;0;2710;2025-02-18T10:07:19.596
1084;Hovedstaden;2021-10-18;1;2711;2025-02-18T10:07:19.596
1082;Midtjylland;2021-10-18;0;2711;2025-02-18T10:07:19.596
1083;Syddanmark;2021-10-19;1;2712;2025-02-18T10:07:19.596
1085;Sjælland;2021-10-19;1;2713;2025-02-18T10:07:19.596
1081;Nordjylland;2021-10-19;1;2714;2025-02-18T10:07:19.596
1082;Midtjylland;2021-10-20;1;2715;2025-02-18T10:07:19.596
1084;Hovedstaden;2021-10-20;1;2716;2025-02-18T10:07:19.596
1081;Nordjylland;2021-10-21;1;2717;2025-02-18T10:07:19.596
1082;Midtjylland;2021-10-21;1;2718;2025-02-18T10:07:19.596
1084;Hovedstaden;2021-10-22;1;2719;2025-02-18T10:07:19.596
1082;Midtjylland;2021-10-22;0;2719;2025-02-18T10:07:19.596
1081;Nordjylland;2021-10-23;1;2720;2025-02-18T10:07:19.596
;;2021-10-24;0;2720;2025-02-18T10:07:19.596
1084;Hovedstaden;2021-10-25;3;2723;2025-02-18T10:07:19.596
1082;Midtjylland;2021-10-26;0;2723;2025-02-18T10:07:19.596
1081;Nordjylland;2021-10-26;2;2725;2025-02-18T10:07:19.596
1084;Hovedstaden;2021-10-26;1;2726;2025-02-18T10:07:19.596
1082;Midtjylland;2021-10-27;1;2727;2025-02-18T10:07:19.596
1081;Nordjylland;2021-10-27;0;2727;2025-02-18T10:07:19.596
1084;Hovedstaden;2021-10-27;1;2728;2025-02-18T10:07:19.596
1084;Hovedstaden;2021-10-28;1;2729;2025-02-18T10:07:19.596
1081;Nordjylland;2021-10-29;1;2730;2025-02-18T10:07:19.596
1084;Hovedstaden;2021-10-29;3;2733;2025-02-18T10:07:19.596
1085;Sjælland;2021-10-30;0;2733;2025-02-18T10:07:19.596
1084;Hovedstaden;2021-10-30;3;2736;2025-02-18T10:07:19.596
1085;Sjælland;2021-10-31;0;2736;2025-02-18T10:07:19.596
1082;Midtjylland;2021-10-31;0;2736;2025-02-18T10:07:19.596
1084;Hovedstaden;2021-10-31;2;2738;2025-02-18T10:07:19.596
;;2021-11-01;0;2738;2025-02-18T10:07:19.596
1083;Syddanmark;2021-11-02;1;2739;2025-02-18T10:07:19.596
1085;Sjælland;2021-11-02;1;2740;2025-02-18T10:07:19.596
1082;Midtjylland;2021-11-02;1;2741;2025-02-18T10:07:19.596
1083;Syddanmark;2021-11-03;1;2742;2025-02-18T10:07:19.596
1081;Nordjylland;2021-11-03;1;2743;2025-02-18T10:07:19.596
1084;Hovedstaden;2021-11-03;1;2744;2025-02-18T10:07:19.596
1085;Sjælland;2021-11-04;2;2746;2025-02-18T10:07:19.596
1082;Midtjylland;2021-11-04;1;2747;2025-02-18T10:07:19.596
1084;Hovedstaden;2021-11-04;5;2752;2025-02-18T10:07:19.596
1084;Hovedstaden;2021-11-05;3;2755;2025-02-18T10:07:19.596
1083;Syddanmark;2021-11-06;2;2757;2025-02-18T10:07:19.596
1084;Hovedstaden;2021-11-06;2;2759;2025-02-18T10:07:19.596
1083;Syddanmark;2021-11-07;2;2761;2025-02-18T10:07:19.596
1081;Nordjylland;2021-11-07;1;2762;2025-02-18T10:07:19.596
1084;Hovedstaden;2021-11-07;1;2763;2025-02-18T10:07:19.596
1083;Syddanmark;2021-11-08;1;2764;2025-02-18T10:07:19.596
1085;Sjælland;2021-11-09;1;2765;2025-02-18T10:07:19.596
1084;Hovedstaden;2021-11-09;2;2767;2025-02-18T10:07:19.596
1085;Sjælland;2021-11-10;1;2768;2025-02-18T10:07:19.596
1081;Nordjylland;2021-11-10;1;2769;2025-02-18T10:07:19.596
1082;Midtjylland;2021-11-10;1;2770;2025-02-18T10:07:19.596
1084;Hovedstaden;2021-11-10;1;2771;2025-02-18T10:07:19.596
1083;Syddanmark;2021-11-11;1;2772;2025-02-18T10:07:19.596
1081;Nordjylland;2021-11-11;1;2773;2025-02-18T10:07:19.596
1084;Hovedstaden;2021-11-11;2;2775;2025-02-18T10:07:19.596
1081;Nordjylland;2021-11-12;1;2776;2025-02-18T10:07:19.596
1084;Hovedstaden;2021-11-12;5;2781;2025-02-18T10:07:19.596
1085;Sjælland;2021-11-13;2;2783;2025-02-18T10:07:19.596
1081;Nordjylland;2021-11-13;1;2784;2025-02-18T10:07:19.596
1082;Midtjylland;2021-11-13;2;2786;2025-02-18T10:07:19.596
1084;Hovedstaden;2021-11-13;4;2790;2025-02-18T10:07:19.596
1085;Sjælland;2021-11-14;1;2791;2025-02-18T10:07:19.596
1082;Midtjylland;2021-11-14;1;2792;2025-02-18T10:07:19.596
1084;Hovedstaden;2021-11-14;4;2796;2025-02-18T10:07:19.596
1083;Syddanmark;2021-11-15;2;2798;2025-02-18T10:07:19.596
1085;Sjælland;2021-11-15;4;2802;2025-02-18T10:07:19.596
1081;Nordjylland;2021-11-15;1;2803;2025-02-18T10:07:19.596
1084;Hovedstaden;2021-11-15;3;2806;2025-02-18T10:07:19.596
1083;Syddanmark;2021-11-16;1;2807;2025-02-18T10:07:19.596
1084;Hovedstaden;2021-11-16;3;2810;2025-02-18T10:07:19.596
1081;Nordjylland;2021-11-17;1;2811;2025-02-18T10:07:19.596
1082;Midtjylland;2021-11-17;1;2812;2025-02-18T10:07:19.596
1084;Hovedstaden;2021-11-17;1;2813;2025-02-18T10:07:19.596
1083;Syddanmark;2021-11-18;3;2816;2025-02-18T10:07:19.596
1085;Sjælland;2021-11-18;1;2817;2025-02-18T10:07:19.596
1081;Nordjylland;2021-11-18;1;2818;2025-02-18T10:07:19.596
1084;Hovedstaden;2021-11-18;2;2820;2025-02-18T10:07:19.596
1083;Syddanmark;2021-11-19;2;2822;2025-02-18T10:07:19.596
1085;Sjælland;2021-11-19;1;2823;2025-02-18T10:07:19.596
1084;Hovedstaden;2021-11-19;5;2828;2025-02-18T10:07:19.596
1083;Syddanmark;2021-11-20;2;2830;2025-02-18T10:07:19.596
1085;Sjælland;2021-11-20;0;2830;2025-02-18T10:07:19.596
1084;Hovedstaden;2021-11-20;2;2832;2025-02-18T10:07:19.596
1083;Syddanmark;2021-11-21;1;2833;2025-02-18T10:07:19.596
1085;Sjælland;2021-11-21;1;2834;2025-02-18T10:07:19.596
1081;Nordjylland;2021-11-21;1;2835;2025-02-18T10:07:19.596
1084;Hovedstaden;2021-11-21;1;2836;2025-02-18T10:07:19.596
1083;Syddanmark;2021-11-22;2;2838;2025-02-18T10:07:19.596
1085;Sjælland;2021-11-22;1;2839;2025-02-18T10:07:19.596
1082;Midtjylland;2021-11-22;0;2839;2025-02-18T10:07:19.596
1084;Hovedstaden;2021-11-22;4;2843;2025-02-18T10:07:19.596
1083;Syddanmark;2021-11-23;2;2845;2025-02-18T10:07:19.596
1085;Sjælland;2021-11-23;3;2848;2025-02-18T10:07:19.596
1082;Midtjylland;2021-11-23;2;2850;2025-02-18T10:07:19.596
1084;Hovedstaden;2021-11-23;4;2854;2025-02-18T10:07:19.596
1083;Syddanmark;2021-11-24;3;2857;2025-02-18T10:07:19.596
1085;Sjælland;2021-11-24;1;2858;2025-02-18T10:07:19.596
1082;Midtjylland;2021-11-24;2;2860;2025-02-18T10:07:19.596
1084;Hovedstaden;2021-11-24;4;2864;2025-02-18T10:07:19.596
1083;Syddanmark;2021-11-25;1;2865;2025-02-18T10:07:19.596
1085;Sjælland;2021-11-25;5;2870;2025-02-18T10:07:19.596
1081;Nordjylland;2021-11-25;1;2871;2025-02-18T10:07:19.596
1084;Hovedstaden;2021-11-25;6;2877;2025-02-18T10:07:19.596
1083;Syddanmark;2021-11-26;2;2879;2025-02-18T10:07:19.596
1085;Sjælland;2021-11-26;3;2882;2025-02-18T10:07:19.596
1081;Nordjylland;2021-11-26;2;2884;2025-02-18T10:07:19.596
1082;Midtjylland;2021-11-26;1;2885;2025-02-18T10:07:19.596
1084;Hovedstaden;2021-11-26;3;2888;2025-02-18T10:07:19.596
1083;Syddanmark;2021-11-27;2;2890;2025-02-18T10:07:19.596
1085;Sjælland;2021-11-27;1;2891;2025-02-18T10:07:19.596
1081;Nordjylland;2021-11-27;1;2892;2025-02-18T10:07:19.596
1082;Midtjylland;2021-11-27;1;2893;2025-02-18T10:07:19.596
1084;Hovedstaden;2021-11-27;5;2898;2025-02-18T10:07:19.596
1083;Syddanmark;2021-11-28;1;2899;2025-02-18T10:07:19.596
1085;Sjælland;2021-11-28;7;2906;2025-02-18T10:07:19.596
1081;Nordjylland;2021-11-28;1;2907;2025-02-18T10:07:19.596
1082;Midtjylland;2021-11-28;3;2910;2025-02-18T10:07:19.596
1084;Hovedstaden;2021-11-28;3;2913;2025-02-18T10:07:19.596
1083;Syddanmark;2021-11-29;4;2917;2025-02-18T10:07:19.596
1081;Nordjylland;2021-11-29;1;2918;2025-02-18T10:07:19.596
1082;Midtjylland;2021-11-29;1;2919;2025-02-18T10:07:19.596
1084;Hovedstaden;2021-11-29;4;2923;2025-02-18T10:07:19.596
1083;Syddanmark;2021-11-30;3;2926;2025-02-18T10:07:19.596
1085;Sjælland;2021-11-30;2;2928;2025-02-18T10:07:19.596
1081;Nordjylland;2021-11-30;4;2932;2025-02-18T10:07:19.596
1082;Midtjylland;2021-11-30;0;2932;2025-02-18T10:07:19.596
1084;Hovedstaden;2021-11-30;4;2936;2025-02-18T10:07:19.596
1085;Sjælland;2021-12-01;0;2936;2025-02-18T10:07:19.596
1081;Nordjylland;2021-12-01;3;2939;2025-02-18T10:07:19.596
1084;Hovedstaden;2021-12-01;2;2941;2025-02-18T10:07:19.596
1083;Syddanmark;2021-12-02;4;2945;2025-02-18T10:07:19.596
1085;Sjælland;2021-12-02;3;2948;2025-02-18T10:07:19.596
1081;Nordjylland;2021-12-02;1;2949;2025-02-18T10:07:19.596
1082;Midtjylland;2021-12-02;1;2950;2025-02-18T10:07:19.596
1084;Hovedstaden;2021-12-02;4;2954;2025-02-18T10:07:19.596
1083;Syddanmark;2021-12-03;1;2955;2025-02-18T10:07:19.596
1085;Sjælland;2021-12-03;1;2956;2025-02-18T10:07:19.596
1081;Nordjylland;2021-12-03;3;2959;2025-02-18T10:07:19.596
1082;Midtjylland;2021-12-03;3;2962;2025-02-18T10:07:19.596
1084;Hovedstaden;2021-12-03;4;2966;2025-02-18T10:07:19.596
1083;Syddanmark;2021-12-04;3;2969;2025-02-18T10:07:19.596
1085;Sjælland;2021-12-04;3;2972;2025-02-18T10:07:19.596
1082;Midtjylland;2021-12-04;2;2974;2025-02-18T10:07:19.596
1084;Hovedstaden;2021-12-04;1;2975;2025-02-18T10:07:19.596
1083;Syddanmark;2021-12-05;1;2976;2025-02-18T10:07:19.596
1085;Sjælland;2021-12-05;3;2979;2025-02-18T10:07:19.596
1084;Hovedstaden;2021-12-05;3;2982;2025-02-18T10:07:19.596
1083;Syddanmark;2021-12-06;2;2984;2025-02-18T10:07:19.596
1085;Sjælland;2021-12-06;2;2986;2025-02-18T10:07:19.596
1082;Midtjylland;2021-12-06;2;2988;2025-02-18T10:07:19.596
1084;Hovedstaden;2021-12-06;2;2990;2025-02-18T10:07:19.596
1083;Syddanmark;2021-12-07;1;2991;2025-02-18T10:07:19.596
1085;Sjælland;2021-12-07;2;2993;2025-02-18T10:07:19.596
1084;Hovedstaden;2021-12-07;4;2997;2025-02-18T10:07:19.596
1083;Syddanmark;2021-12-08;4;3001;2025-02-18T10:07:19.596
1085;Sjælland;2021-12-08;2;3003;2025-02-18T10:07:19.596
1081;Nordjylland;2021-12-08;2;3005;2025-02-18T10:07:19.596
1082;Midtjylland;2021-12-08;1;3006;2025-02-18T10:07:19.596
1084;Hovedstaden;2021-12-08;7;3013;2025-02-18T10:07:19.596
1085;Sjælland;2021-12-09;2;3015;2025-02-18T10:07:19.596
1081;Nordjylland;2021-12-09;2;3017;2025-02-18T10:07:19.596
1084;Hovedstaden;2021-12-09;4;3021;2025-02-18T10:07:19.596
1083;Syddanmark;2021-12-10;1;3022;2025-02-18T10:07:19.596
1085;Sjælland;2021-12-10;2;3024;2025-02-18T10:07:19.596
1081;Nordjylland;2021-12-10;1;3025;2025-02-18T10:07:19.596
1084;Hovedstaden;2021-12-10;5;3030;2025-02-18T10:07:19.596
1083;Syddanmark;2021-12-11;3;3033;2025-02-18T10:07:19.596
1085;Sjælland;2021-12-11;1;3034;2025-02-18T10:07:19.596
1081;Nordjylland;2021-12-11;1;3035;2025-02-18T10:07:19.596
1082;Midtjylland;2021-12-11;4;3039;2025-02-18T10:07:19.596
1084;Hovedstaden;2021-12-11;2;3041;2025-02-18T10:07:19.596
1085;Sjælland;2021-12-12;3;3044;2025-02-18T10:07:19.596
1082;Midtjylland;2021-12-12;0;3044;2025-02-18T10:07:19.596
1084;Hovedstaden;2021-12-12;3;3047;2025-02-18T10:07:19.596
1083;Syddanmark;2021-12-13;2;3049;2025-02-18T10:07:19.596
1085;Sjælland;2021-12-13;1;3050;2025-02-18T10:07:19.596
1081;Nordjylland;2021-12-13;1;3051;2025-02-18T10:07:19.596
1082;Midtjylland;2021-12-13;1;3052;2025-02-18T10:07:19.596
1084;Hovedstaden;2021-12-13;5;3057;2025-02-18T10:07:19.596
1083;Syddanmark;2021-12-14;2;3059;2025-02-18T10:07:19.596
1085;Sjælland;2021-12-14;1;3060;2025-02-18T10:07:19.596
1082;Midtjylland;2021-12-14;1;3061;2025-02-18T10:07:19.596
1084;Hovedstaden;2021-12-14;4;3065;2025-02-18T10:07:19.596
1083;Syddanmark;2021-12-15;2;3067;2025-02-18T10:07:19.596
1085;Sjælland;2021-12-15;3;3070;2025-02-18T10:07:19.596
1081;Nordjylland;2021-12-15;1;3071;2025-02-18T10:07:19.596
1084;Hovedstaden;2021-12-15;4;3075;2025-02-18T10:07:19.596
1083;Syddanmark;2021-12-16;3;3078;2025-02-18T10:07:19.596
1085;Sjælland;2021-12-16;2;3080;2025-02-18T10:07:19.596
1082;Midtjylland;2021-12-16;1;3081;2025-02-18T10:07:19.596
1084;Hovedstaden;2021-12-16;3;3084;2025-02-18T10:07:19.596
1083;Syddanmark;2021-12-17;2;3086;2025-02-18T10:07:19.596
1085;Sjælland;2021-12-17;4;3090;2025-02-18T10:07:19.596
1081;Nordjylland;2021-12-17;2;3092;2025-02-18T10:07:19.596
1082;Midtjylland;2021-12-17;2;3094;2025-02-18T10:07:19.596
1084;Hovedstaden;2021-12-17;4;3098;2025-02-18T10:07:19.596
1083;Syddanmark;2021-12-18;4;3102;2025-02-18T10:07:19.596
1082;Midtjylland;2021-12-18;3;3105;2025-02-18T10:07:19.596
1084;Hovedstaden;2021-12-18;5;3110;2025-02-18T10:07:19.596
1083;Syddanmark;2021-12-19;4;3114;2025-02-18T10:07:19.596
1085;Sjælland;2021-12-19;2;3116;2025-02-18T10:07:19.596
1082;Midtjylland;2021-12-19;2;3118;2025-02-18T10:07:19.596
1084;Hovedstaden;2021-12-19;5;3123;2025-02-18T10:07:19.596
1083;Syddanmark;2021-12-20;3;3126;2025-02-18T10:07:19.596
1085;Sjælland;2021-12-20;2;3128;2025-02-18T10:07:19.596
1082;Midtjylland;2021-12-20;2;3130;2025-02-18T10:07:19.596
1084;Hovedstaden;2021-12-20;5;3135;2025-02-18T10:07:19.596
1083;Syddanmark;2021-12-21;4;3139;2025-02-18T10:07:19.596
1085;Sjælland;2021-12-21;2;3141;2025-02-18T10:07:19.596
1082;Midtjylland;2021-12-21;2;3143;2025-02-18T10:07:19.596
1084;Hovedstaden;2021-12-21;3;3146;2025-02-18T10:07:19.596
1083;Syddanmark;2021-12-22;1;3147;2025-02-18T10:07:19.596
1085;Sjælland;2021-12-22;1;3148;2025-02-18T10:07:19.596
1081;Nordjylland;2021-12-22;1;3149;2025-02-18T10:07:19.596
1082;Midtjylland;2021-12-22;3;3152;2025-02-18T10:07:19.596
1084;Hovedstaden;2021-12-22;8;3160;2025-02-18T10:07:19.596
1083;Syddanmark;2021-12-23;3;3163;2025-02-18T10:07:19.596
1085;Sjælland;2021-12-23;6;3169;2025-02-18T10:07:19.596
1081;Nordjylland;2021-12-23;1;3170;2025-02-18T10:07:19.596
1082;Midtjylland;2021-12-23;1;3171;2025-02-18T10:07:19.596
1084;Hovedstaden;2021-12-23;7;3178;2025-02-18T10:07:19.596
1083;Syddanmark;2021-12-24;1;3179;2025-02-18T10:07:19.596
1085;Sjælland;2021-12-24;3;3182;2025-02-18T10:07:19.596
1081;Nordjylland;2021-12-24;1;3183;2025-02-18T10:07:19.596
1084;Hovedstaden;2021-12-24;5;3188;2025-02-18T10:07:19.596
1083;Syddanmark;2021-12-25;1;3189;2025-02-18T10:07:19.596
1085;Sjælland;2021-12-25;2;3191;2025-02-18T10:07:19.596
1081;Nordjylland;2021-12-25;1;3192;2025-02-18T10:07:19.596
1082;Midtjylland;2021-12-25;1;3193;2025-02-18T10:07:19.596
1084;Hovedstaden;2021-12-25;6;3199;2025-02-18T10:07:19.596
1083;Syddanmark;2021-12-26;2;3201;2025-02-18T10:07:19.596
1085;Sjælland;2021-12-26;0;3201;2025-02-18T10:07:19.596
1082;Midtjylland;2021-12-26;3;3204;2025-02-18T10:07:19.596
1084;Hovedstaden;2021-12-26;6;3210;2025-02-18T10:07:19.596
1085;Sjælland;2021-12-27;3;3213;2025-02-18T10:07:19.596
1082;Midtjylland;2021-12-27;1;3214;2025-02-18T10:07:19.596
1084;Hovedstaden;2021-12-27;4;3218;2025-02-18T10:07:19.596
1083;Syddanmark;2021-12-28;1;3219;2025-02-18T10:07:19.596
1085;Sjælland;2021-12-28;3;3222;2025-02-18T10:07:19.596
1081;Nordjylland;2021-12-28;1;3223;2025-02-18T10:07:19.596
1082;Midtjylland;2021-12-28;2;3225;2025-02-18T10:07:19.596
1084;Hovedstaden;2021-12-28;5;3230;2025-02-18T10:07:19.596
1083;Syddanmark;2021-12-29;3;3233;2025-02-18T10:07:19.596
1085;Sjælland;2021-12-29;4;3237;2025-02-18T10:07:19.596
1082;Midtjylland;2021-12-29;0;3237;2025-02-18T10:07:19.596
1084;Hovedstaden;2021-12-29;2;3239;2025-02-18T10:07:19.596
1083;Syddanmark;2021-12-30;0;3239;2025-02-18T10:07:19.596
1085;Sjælland;2021-12-30;1;3240;2025-02-18T10:07:19.596
1081;Nordjylland;2021-12-30;2;3242;2025-02-18T10:07:19.596
1082;Midtjylland;2021-12-30;2;3244;2025-02-18T10:07:19.596
1084;Hovedstaden;2021-12-30;4;3248;2025-02-18T10:07:19.596
1083;Syddanmark;2021-12-31;1;3249;2025-02-18T10:07:19.596
1085;Sjælland;2021-12-31;1;3250;2025-02-18T10:07:19.596
1081;Nordjylland;2021-12-31;2;3252;2025-02-18T10:07:19.596
1082;Midtjylland;2021-12-31;0;3252;2025-02-18T10:07:19.596
1084;Hovedstaden;2021-12-31;6;3258;2025-02-18T10:07:19.596
1083;Syddanmark;2022-01-01;1;3259;2025-02-18T10:07:19.596
1085;Sjælland;2022-01-01;4;3263;2025-02-18T10:07:19.596
1082;Midtjylland;2022-01-01;1;3264;2025-02-18T10:07:19.596
1084;Hovedstaden;2022-01-01;6;3270;2025-02-18T10:07:19.596
1083;Syddanmark;2022-01-02;1;3271;2025-02-18T10:07:19.596
1085;Sjælland;2022-01-02;4;3275;2025-02-18T10:07:19.596
1084;Hovedstaden;2022-01-02;4;3279;2025-02-18T10:07:19.596
1083;Syddanmark;2022-01-03;1;3280;2025-02-18T10:07:19.596
1085;Sjælland;2022-01-03;2;3282;2025-02-18T10:07:19.596
1082;Midtjylland;2022-01-03;3;3285;2025-02-18T10:07:19.596
1084;Hovedstaden;2022-01-03;9;3294;2025-02-18T10:07:19.596
1083;Syddanmark;2022-01-04;1;3295;2025-02-18T10:07:19.596
1085;Sjælland;2022-01-04;3;3298;2025-02-18T10:07:19.596
1081;Nordjylland;2022-01-04;1;3299;2025-02-18T10:07:19.596
1082;Midtjylland;2022-01-04;3;3302;2025-02-18T10:07:19.596
1084;Hovedstaden;2022-01-04;6;3308;2025-02-18T10:07:19.596
1083;Syddanmark;2022-01-05;2;3310;2025-02-18T10:07:19.596
1085;Sjælland;2022-01-05;3;3313;2025-02-18T10:07:19.596
1081;Nordjylland;2022-01-05;2;3315;2025-02-18T10:07:19.596
1082;Midtjylland;2022-01-05;2;3317;2025-02-18T10:07:19.596
1084;Hovedstaden;2022-01-05;7;3324;2025-02-18T10:07:19.596
1083;Syddanmark;2022-01-06;2;3326;2025-02-18T10:07:19.596
1085;Sjælland;2022-01-06;4;3330;2025-02-18T10:07:19.596
1081;Nordjylland;2022-01-06;1;3331;2025-02-18T10:07:19.596
1082;Midtjylland;2022-01-06;2;3333;2025-02-18T10:07:19.596
1084;Hovedstaden;2022-01-06;7;3340;2025-02-18T10:07:19.596
1083;Syddanmark;2022-01-07;2;3342;2025-02-18T10:07:19.596
1085;Sjælland;2022-01-07;2;3344;2025-02-18T10:07:19.596
1082;Midtjylland;2022-01-07;5;3349;2025-02-18T10:07:19.596
1084;Hovedstaden;2022-01-07;7;3356;2025-02-18T10:07:19.596
1083;Syddanmark;2022-01-08;2;3358;2025-02-18T10:07:19.596
1085;Sjælland;2022-01-08;4;3362;2025-02-18T10:07:19.596
1082;Midtjylland;2022-01-08;2;3364;2025-02-18T10:07:19.596
1084;Hovedstaden;2022-01-08;7;3371;2025-02-18T10:07:19.596
1083;Syddanmark;2022-01-09;3;3374;2025-02-18T10:07:19.596
1085;Sjælland;2022-01-09;2;3376;2025-02-18T10:07:19.596
1081;Nordjylland;2022-01-09;4;3380;2025-02-18T10:07:19.596
1082;Midtjylland;2022-01-09;1;3381;2025-02-18T10:07:19.596
1084;Hovedstaden;2022-01-09;6;3387;2025-02-18T10:07:19.596
1085;Sjælland;2022-01-10;3;3390;2025-02-18T10:07:19.596
1081;Nordjylland;2022-01-10;3;3393;2025-02-18T10:07:19.596
1082;Midtjylland;2022-01-10;6;3399;2025-02-18T10:07:19.596
1084;Hovedstaden;2022-01-10;5;3404;2025-02-18T10:07:19.596
1083;Syddanmark;2022-01-11;2;3406;2025-02-18T10:07:19.596
1085;Sjælland;2022-01-11;3;3409;2025-02-18T10:07:19.596
1081;Nordjylland;2022-01-11;0;3409;2025-02-18T10:07:19.596
1082;Midtjylland;2022-01-11;2;3411;2025-02-18T10:07:19.596
1084;Hovedstaden;2022-01-11;11;3422;2025-02-18T10:07:19.596
1083;Syddanmark;2022-01-12;4;3426;2025-02-18T10:07:19.596
1085;Sjælland;2022-01-12;5;3431;2025-02-18T10:07:19.596
1082;Midtjylland;2022-01-12;3;3434;2025-02-18T10:07:19.596
1084;Hovedstaden;2022-01-12;5;3439;2025-02-18T10:07:19.596
1083;Syddanmark;2022-01-13;3;3442;2025-02-18T10:07:19.596
1085;Sjælland;2022-01-13;3;3445;2025-02-18T10:07:19.596
1081;Nordjylland;2022-01-13;1;3446;2025-02-18T10:07:19.596
1082;Midtjylland;2022-01-13;2;3448;2025-02-18T10:07:19.596
1084;Hovedstaden;2022-01-13;6;3454;2025-02-18T10:07:19.596
1083;Syddanmark;2022-01-14;1;3455;2025-02-18T10:07:19.596
1085;Sjælland;2022-01-14;2;3457;2025-02-18T10:07:19.596
1082;Midtjylland;2022-01-14;4;3461;2025-02-18T10:07:19.596
1084;Hovedstaden;2022-01-14;6;3467;2025-02-18T10:07:19.596
1083;Syddanmark;2022-01-15;2;3469;2025-02-18T10:07:19.596
1081;Nordjylland;2022-01-15;2;3471;2025-02-18T10:07:19.596
1084;Hovedstaden;2022-01-15;5;3476;2025-02-18T10:07:19.596
1083;Syddanmark;2022-01-16;1;3477;2025-02-18T10:07:19.596
1085;Sjælland;2022-01-16;2;3479;2025-02-18T10:07:19.596
1081;Nordjylland;2022-01-16;3;3482;2025-02-18T10:07:19.596
1082;Midtjylland;2022-01-16;2;3484;2025-02-18T10:07:19.596
1084;Hovedstaden;2022-01-16;10;3494;2025-02-18T10:07:19.596
1083;Syddanmark;2022-01-17;3;3497;2025-02-18T10:07:19.596
1085;Sjælland;2022-01-17;2;3499;2025-02-18T10:07:19.596
1081;Nordjylland;2022-01-17;1;3500;2025-02-18T10:07:19.596
1082;Midtjylland;2022-01-17;0;3500;2025-02-18T10:07:19.596
1084;Hovedstaden;2022-01-17;5;3505;2025-02-18T10:07:19.596
1083;Syddanmark;2022-01-18;1;3506;2025-02-18T10:07:19.596
1085;Sjælland;2022-01-18;1;3507;2025-02-18T10:07:19.596
1082;Midtjylland;2022-01-18;2;3509;2025-02-18T10:07:19.596
1084;Hovedstaden;2022-01-18;4;3513;2025-02-18T10:07:19.596
1083;Syddanmark;2022-01-19;3;3516;2025-02-18T10:07:19.596
1085;Sjælland;2022-01-19;3;3519;2025-02-18T10:07:19.596
1081;Nordjylland;2022-01-19;3;3522;2025-02-18T10:07:19.596
1082;Midtjylland;2022-01-19;2;3524;2025-02-18T10:07:19.596
1084;Hovedstaden;2022-01-19;14;3538;2025-02-18T10:07:19.596
1083;Syddanmark;2022-01-20;4;3542;2025-02-18T10:07:19.596
1085;Sjælland;2022-01-20;6;3548;2025-02-18T10:07:19.596
1081;Nordjylland;2022-01-20;1;3549;2025-02-18T10:07:19.596
1082;Midtjylland;2022-01-20;4;3553;2025-02-18T10:07:19.596
1084;Hovedstaden;2022-01-20;7;3560;2025-02-18T10:07:19.596
1083;Syddanmark;2022-01-21;4;3564;2025-02-18T10:07:19.596
1085;Sjælland;2022-01-21;2;3566;2025-02-18T10:07:19.596
1081;Nordjylland;2022-01-21;1;3567;2025-02-18T10:07:19.596
1082;Midtjylland;2022-01-21;3;3570;2025-02-18T10:07:19.596
1084;Hovedstaden;2022-01-21;10;3580;2025-02-18T10:07:19.596
1083;Syddanmark;2022-01-22;1;3581;2025-02-18T10:07:19.596
1085;Sjælland;2022-01-22;3;3584;2025-02-18T10:07:19.596
1081;Nordjylland;2022-01-22;2;3586;2025-02-18T10:07:19.596
1082;Midtjylland;2022-01-22;0;3586;2025-02-18T10:07:19.596
1084;Hovedstaden;2022-01-22;4;3590;2025-02-18T10:07:19.596
1083;Syddanmark;2022-01-23;1;3591;2025-02-18T10:07:19.596
1085;Sjælland;2022-01-23;1;3592;2025-02-18T10:07:19.596
1081;Nordjylland;2022-01-23;5;3597;2025-02-18T10:07:19.596
1082;Midtjylland;2022-01-23;3;3600;2025-02-18T10:07:19.596
1084;Hovedstaden;2022-01-23;5;3605;2025-02-18T10:07:19.596
1083;Syddanmark;2022-01-24;3;3608;2025-02-18T10:07:19.596
1085;Sjælland;2022-01-24;2;3610;2025-02-18T10:07:19.596
1081;Nordjylland;2022-01-24;3;3613;2025-02-18T10:07:19.596
1082;Midtjylland;2022-01-24;1;3614;2025-02-18T10:07:19.596
1084;Hovedstaden;2022-01-24;6;3620;2025-02-18T10:07:19.596
1083;Syddanmark;2022-01-25;1;3621;2025-02-18T10:07:19.596
1085;Sjælland;2022-01-25;3;3624;2025-02-18T10:07:19.596
1082;Midtjylland;2022-01-25;5;3629;2025-02-18T10:07:19.596
1084;Hovedstaden;2022-01-25;11;3640;2025-02-18T10:07:19.596
1083;Syddanmark;2022-01-26;7;3647;2025-02-18T10:07:19.596
1085;Sjælland;2022-01-26;3;3650;2025-02-18T10:07:19.596
1081;Nordjylland;2022-01-26;3;3653;2025-02-18T10:07:19.596
1082;Midtjylland;2022-01-26;0;3653;2025-02-18T10:07:19.596
1084;Hovedstaden;2022-01-26;8;3661;2025-02-18T10:07:19.596
1083;Syddanmark;2022-01-27;0;3661;2025-02-18T10:07:19.596
1085;Sjælland;2022-01-27;4;3665;2025-02-18T10:07:19.596
1081;Nordjylland;2022-01-27;2;3667;2025-02-18T10:07:19.596
1082;Midtjylland;2022-01-27;2;3669;2025-02-18T10:07:19.596
1084;Hovedstaden;2022-01-27;10;3679;2025-02-18T10:07:19.596
1083;Syddanmark;2022-01-28;4;3683;2025-02-18T10:07:19.596
1085;Sjælland;2022-01-28;2;3685;2025-02-18T10:07:19.596
1081;Nordjylland;2022-01-28;2;3687;2025-02-18T10:07:19.596
1082;Midtjylland;2022-01-28;3;3690;2025-02-18T10:07:19.596
1084;Hovedstaden;2022-01-28;10;3700;2025-02-18T10:07:19.596
1083;Syddanmark;2022-01-29;2;3702;2025-02-18T10:07:19.596
1085;Sjælland;2022-01-29;2;3704;2025-02-18T10:07:19.596
1081;Nordjylland;2022-01-29;1;3705;2025-02-18T10:07:19.596
1082;Midtjylland;2022-01-29;3;3708;2025-02-18T10:07:19.596
1084;Hovedstaden;2022-01-29;10;3718;2025-02-18T10:07:19.596
1083;Syddanmark;2022-01-30;8;3726;2025-02-18T10:07:19.596
1085;Sjælland;2022-01-30;5;3731;2025-02-18T10:07:19.596
1081;Nordjylland;2022-01-30;1;3732;2025-02-18T10:07:19.596
1082;Midtjylland;2022-01-30;3;3735;2025-02-18T10:07:19.596
1084;Hovedstaden;2022-01-30;7;3742;2025-02-18T10:07:19.596
1083;Syddanmark;2022-01-31;1;3743;2025-02-18T10:07:19.596
1085;Sjælland;2022-01-31;1;3744;2025-02-18T10:07:19.596
1081;Nordjylland;2022-01-31;1;3745;2025-02-18T10:07:19.596
1082;Midtjylland;2022-01-31;4;3749;2025-02-18T10:07:19.596
1084;Hovedstaden;2022-01-31;11;3760;2025-02-18T10:07:19.596
1083;Syddanmark;2022-02-01;4;3764;2025-02-18T10:07:19.596
1085;Sjælland;2022-02-01;4;3768;2025-02-18T10:07:19.596
1081;Nordjylland;2022-02-01;1;3769;2025-02-18T10:07:19.596
1082;Midtjylland;2022-02-01;4;3773;2025-02-18T10:07:19.596
1084;Hovedstaden;2022-02-01;4;3777;2025-02-18T10:07:19.596
1083;Syddanmark;2022-02-02;2;3779;2025-02-18T10:07:19.596
1085;Sjælland;2022-02-02;1;3780;2025-02-18T10:07:19.596
1081;Nordjylland;2022-02-02;1;3781;2025-02-18T10:07:19.596
1082;Midtjylland;2022-02-02;1;3782;2025-02-18T10:07:19.596
1084;Hovedstaden;2022-02-02;5;3787;2025-02-18T10:07:19.596
1083;Syddanmark;2022-02-03;4;3791;2025-02-18T10:07:19.596
1085;Sjælland;2022-02-03;9;3800;2025-02-18T10:07:19.596
1081;Nordjylland;2022-02-03;5;3805;2025-02-18T10:07:19.596
1082;Midtjylland;2022-02-03;2;3807;2025-02-18T10:07:19.596
1084;Hovedstaden;2022-02-03;11;3818;2025-02-18T10:07:19.596
1083;Syddanmark;2022-02-04;4;3822;2025-02-18T10:07:19.596
1085;Sjælland;2022-02-04;4;3826;2025-02-18T10:07:19.596
1081;Nordjylland;2022-02-04;1;3827;2025-02-18T10:07:19.596
1082;Midtjylland;2022-02-04;4;3831;2025-02-18T10:07:19.596
1084;Hovedstaden;2022-02-04;7;3838;2025-02-18T10:07:19.596
1083;Syddanmark;2022-02-05;4;3842;2025-02-18T10:07:19.596
1085;Sjælland;2022-02-05;3;3845;2025-02-18T10:07:19.596
1081;Nordjylland;2022-02-05;2;3847;2025-02-18T10:07:19.596
1082;Midtjylland;2022-02-05;6;3853;2025-02-18T10:07:19.596
1084;Hovedstaden;2022-02-05;6;3859;2025-02-18T10:07:19.596
1083;Syddanmark;2022-02-06;4;3863;2025-02-18T10:07:19.596
1085;Sjælland;2022-02-06;5;3868;2025-02-18T10:07:19.596
1081;Nordjylland;2022-02-06;5;3873;2025-02-18T10:07:19.596
1082;Midtjylland;2022-02-06;3;3876;2025-02-18T10:07:19.596
1084;Hovedstaden;2022-02-06;14;3890;2025-02-18T10:07:19.596
1083;Syddanmark;2022-02-07;8;3898;2025-02-18T10:07:19.596
1085;Sjælland;2022-02-07;4;3902;2025-02-18T10:07:19.596
1081;Nordjylland;2022-02-07;1;3903;2025-02-18T10:07:19.596
1082;Midtjylland;2022-02-07;3;3906;2025-02-18T10:07:19.596
1084;Hovedstaden;2022-02-07;10;3916;2025-02-18T10:07:19.596
1083;Syddanmark;2022-02-08;3;3919;2025-02-18T10:07:19.596
1085;Sjælland;2022-02-08;5;3924;2025-02-18T10:07:19.596
1081;Nordjylland;2022-02-08;3;3927;2025-02-18T10:07:19.596
1082;Midtjylland;2022-02-08;4;3931;2025-02-18T10:07:19.596
1084;Hovedstaden;2022-02-08;7;3938;2025-02-18T10:07:19.596
1083;Syddanmark;2022-02-09;3;3941;2025-02-18T10:07:19.596
1081;Nordjylland;2022-02-09;4;3945;2025-02-18T10:07:19.596
1082;Midtjylland;2022-02-09;6;3951;2025-02-18T10:07:19.596
1084;Hovedstaden;2022-02-09;10;3961;2025-02-18T10:07:19.596
1083;Syddanmark;2022-02-10;13;3974;2025-02-18T10:07:19.596
1085;Sjælland;2022-02-10;2;3976;2025-02-18T10:07:19.596
1081;Nordjylland;2022-02-10;3;3979;2025-02-18T10:07:19.596
1082;Midtjylland;2022-02-10;3;3982;2025-02-18T10:07:19.596
1084;Hovedstaden;2022-02-10;10;3992;2025-02-18T10:07:19.596
1083;Syddanmark;2022-02-11;9;4001;2025-02-18T10:07:19.596
1085;Sjælland;2022-02-11;3;4004;2025-02-18T10:07:19.596
1081;Nordjylland;2022-02-11;2;4006;2025-02-18T10:07:19.596
1082;Midtjylland;2022-02-11;5;4011;2025-02-18T10:07:19.596
1084;Hovedstaden;2022-02-11;10;4021;2025-02-18T10:07:19.596
1083;Syddanmark;2022-02-12;13;4034;2025-02-18T10:07:19.596
1085;Sjælland;2022-02-12;9;4043;2025-02-18T10:07:19.596
1081;Nordjylland;2022-02-12;5;4048;2025-02-18T10:07:19.596
1082;Midtjylland;2022-02-12;5;4053;2025-02-18T10:07:19.596
1084;Hovedstaden;2022-02-12;7;4060;2025-02-18T10:07:19.596
1083;Syddanmark;2022-02-13;11;4071;2025-02-18T10:07:19.596
1085;Sjælland;2022-02-13;5;4076;2025-02-18T10:07:19.596
1081;Nordjylland;2022-02-13;2;4078;2025-02-18T10:07:19.596
1082;Midtjylland;2022-02-13;9;4087;2025-02-18T10:07:19.596
1084;Hovedstaden;2022-02-13;16;4103;2025-02-18T10:07:19.596
1083;Syddanmark;2022-02-14;6;4109;2025-02-18T10:07:19.596
1085;Sjælland;2022-02-14;5;4114;2025-02-18T10:07:19.596
1081;Nordjylland;2022-02-14;0;4114;2025-02-18T10:07:19.596
1082;Midtjylland;2022-02-14;2;4116;2025-02-18T10:07:19.596
1084;Hovedstaden;2022-02-14;11;4127;2025-02-18T10:07:19.596
1083;Syddanmark;2022-02-15;10;4137;2025-02-18T10:07:19.596
1085;Sjælland;2022-02-15;4;4141;2025-02-18T10:07:19.596
1081;Nordjylland;2022-02-15;7;4148;2025-02-18T10:07:19.596
1082;Midtjylland;2022-02-15;4;4152;2025-02-18T10:07:19.596
1084;Hovedstaden;2022-02-15;13;4165;2025-02-18T10:07:19.596
1083;Syddanmark;2022-02-16;12;4177;2025-02-18T10:07:19.596
1085;Sjælland;2022-02-16;3;4180;2025-02-18T10:07:19.596
1081;Nordjylland;2022-02-16;5;4185;2025-02-18T10:07:19.596
1082;Midtjylland;2022-02-16;8;4193;2025-02-18T10:07:19.596
1084;Hovedstaden;2022-02-16;8;4201;2025-02-18T10:07:19.596
1083;Syddanmark;2022-02-17;6;4207;2025-02-18T10:07:19.596
1085;Sjælland;2022-02-17;7;4214;2025-02-18T10:07:19.596
1081;Nordjylland;2022-02-17;1;4215;2025-02-18T10:07:19.596
1082;Midtjylland;2022-02-17;10;4225;2025-02-18T10:07:19.596
1084;Hovedstaden;2022-02-17;7;4232;2025-02-18T10:07:19.596
1083;Syddanmark;2022-02-18;8;4240;2025-02-18T10:07:19.596
1085;Sjælland;2022-02-18;7;4247;2025-02-18T10:07:19.596
1081;Nordjylland;2022-02-18;5;4252;2025-02-18T10:07:19.596
1082;Midtjylland;2022-02-18;4;4256;2025-02-18T10:07:19.596
1084;Hovedstaden;2022-02-18;5;4261;2025-02-18T10:07:19.596
1083;Syddanmark;2022-02-19;8;4269;2025-02-18T10:07:19.596
1085;Sjælland;2022-02-19;5;4274;2025-02-18T10:07:19.596
1081;Nordjylland;2022-02-19;8;4282;2025-02-18T10:07:19.596
1082;Midtjylland;2022-02-19;8;4290;2025-02-18T10:07:19.596
1084;Hovedstaden;2022-02-19;8;4298;2025-02-18T10:07:19.596
1083;Syddanmark;2022-02-20;12;4310;2025-02-18T10:07:19.596
1085;Sjælland;2022-02-20;3;4313;2025-02-18T10:07:19.596
1081;Nordjylland;2022-02-20;5;4318;2025-02-18T10:07:19.596
1082;Midtjylland;2022-02-20;5;4323;2025-02-18T10:07:19.596
1084;Hovedstaden;2022-02-20;10;4333;2025-02-18T10:07:19.596
1083;Syddanmark;2022-02-21;12;4345;2025-02-18T10:07:19.596
1085;Sjælland;2022-02-21;4;4349;2025-02-18T10:07:19.596
1081;Nordjylland;2022-02-21;7;4356;2025-02-18T10:07:19.596
1082;Midtjylland;2022-02-21;6;4362;2025-02-18T10:07:19.596
1084;Hovedstaden;2022-02-21;5;4367;2025-02-18T10:07:19.596
1083;Syddanmark;2022-02-22;11;4378;2025-02-18T10:07:19.596
1085;Sjælland;2022-02-22;12;4390;2025-02-18T10:07:19.596
1081;Nordjylland;2022-02-22;4;4394;2025-02-18T10:07:19.596
1082;Midtjylland;2022-02-22;9;4403;2025-02-18T10:07:19.596
1084;Hovedstaden;2022-02-22;10;4413;2025-02-18T10:07:19.596
1083;Syddanmark;2022-02-23;11;4424;2025-02-18T10:07:19.596
1085;Sjælland;2022-02-23;8;4432;2025-02-18T10:07:19.596
1081;Nordjylland;2022-02-23;7;4439;2025-02-18T10:07:19.596
1082;Midtjylland;2022-02-23;5;4444;2025-02-18T10:07:19.596
1084;Hovedstaden;2022-02-23;7;4451;2025-02-18T10:07:19.596
1083;Syddanmark;2022-02-24;6;4457;2025-02-18T10:07:19.596
1085;Sjælland;2022-02-24;9;4466;2025-02-18T10:07:19.596
1081;Nordjylland;2022-02-24;4;4470;2025-02-18T10:07:19.596
1082;Midtjylland;2022-02-24;8;4478;2025-02-18T10:07:19.596
1084;Hovedstaden;2022-02-24;10;4488;2025-02-18T10:07:19.596
1083;Syddanmark;2022-02-25;11;4499;2025-02-18T10:07:19.596
1085;Sjælland;2022-02-25;10;4509;2025-02-18T10:07:19.596
1081;Nordjylland;2022-02-25;3;4512;2025-02-18T10:07:19.596
1082;Midtjylland;2022-02-25;8;4520;2025-02-18T10:07:19.596
1084;Hovedstaden;2022-02-25;7;4527;2025-02-18T10:07:19.596
1083;Syddanmark;2022-02-26;8;4535;2025-02-18T10:07:19.596
1085;Sjælland;2022-02-26;8;4543;2025-02-18T10:07:19.596
1081;Nordjylland;2022-02-26;4;4547;2025-02-18T10:07:19.596
1082;Midtjylland;2022-02-26;8;4555;2025-02-18T10:07:19.596
1084;Hovedstaden;2022-02-26;16;4571;2025-02-18T10:07:19.596
1083;Syddanmark;2022-02-27;11;4582;2025-02-18T10:07:19.596
1085;Sjælland;2022-02-27;4;4586;2025-02-18T10:07:19.596
1081;Nordjylland;2022-02-27;7;4593;2025-02-18T10:07:19.596
1082;Midtjylland;2022-02-27;10;4603;2025-02-18T10:07:19.596
1084;Hovedstaden;2022-02-27;10;4613;2025-02-18T10:07:19.596
1083;Syddanmark;2022-02-28;7;4620;2025-02-18T10:07:19.596
1085;Sjælland;2022-02-28;8;4628;2025-02-18T10:07:19.596
1081;Nordjylland;2022-02-28;6;4634;2025-02-18T10:07:19.596
1082;Midtjylland;2022-02-28;5;4639;2025-02-18T10:07:19.596
1084;Hovedstaden;2022-02-28;8;4647;2025-02-18T10:07:19.596
1083;Syddanmark;2022-03-01;12;4659;2025-02-18T10:07:19.596
1085;Sjælland;2022-03-01;11;4670;2025-02-18T10:07:19.596
1081;Nordjylland;2022-03-01;3;4673;2025-02-18T10:07:19.596
1082;Midtjylland;2022-03-01;9;4682;2025-02-18T10:07:19.596
1084;Hovedstaden;2022-03-01;8;4690;2025-02-18T10:07:19.596
1083;Syddanmark;2022-03-02;5;4695;2025-02-18T10:07:19.596
1085;Sjælland;2022-03-02;6;4701;2025-02-18T10:07:19.596
1081;Nordjylland;2022-03-02;7;4708;2025-02-18T10:07:19.596
1082;Midtjylland;2022-03-02;10;4718;2025-02-18T10:07:19.596
1084;Hovedstaden;2022-03-02;10;4728;2025-02-18T10:07:19.596
1083;Syddanmark;2022-03-03;10;4738;2025-02-18T10:07:19.596
1085;Sjælland;2022-03-03;6;4744;2025-02-18T10:07:19.596
1081;Nordjylland;2022-03-03;9;4753;2025-02-18T10:07:19.596
1082;Midtjylland;2022-03-03;11;4764;2025-02-18T10:07:19.596
1084;Hovedstaden;2022-03-03;11;4775;2025-02-18T10:07:19.596
1083;Syddanmark;2022-03-04;8;4783;2025-02-18T10:07:19.596
1085;Sjælland;2022-03-04;6;4789;2025-02-18T10:07:19.596
1081;Nordjylland;2022-03-04;12;4801;2025-02-18T10:07:19.596
1082;Midtjylland;2022-03-04;9;4810;2025-02-18T10:07:19.596
1084;Hovedstaden;2022-03-04;13;4823;2025-02-18T10:07:19.596
1083;Syddanmark;2022-03-05;23;4846;2025-02-18T10:07:19.596
1085;Sjælland;2022-03-05;4;4850;2025-02-18T10:07:19.596
1081;Nordjylland;2022-03-05;8;4858;2025-02-18T10:07:19.596
1082;Midtjylland;2022-03-05;6;4864;2025-02-18T10:07:19.596
1084;Hovedstaden;2022-03-05;6;4870;2025-02-18T10:07:19.596
1083;Syddanmark;2022-03-06;11;4881;2025-02-18T10:07:19.596
1085;Sjælland;2022-03-06;5;4886;2025-02-18T10:07:19.596
1081;Nordjylland;2022-03-06;5;4891;2025-02-18T10:07:19.596
1082;Midtjylland;2022-03-06;11;4902;2025-02-18T10:07:19.596
1084;Hovedstaden;2022-03-06;11;4913;2025-02-18T10:07:19.596
1083;Syddanmark;2022-03-07;17;4930;2025-02-18T10:07:19.596
1085;Sjælland;2022-03-07;5;4935;2025-02-18T10:07:19.596
1081;Nordjylland;2022-03-07;7;4942;2025-02-18T10:07:19.596
1082;Midtjylland;2022-03-07;10;4952;2025-02-18T10:07:19.596
1084;Hovedstaden;2022-03-07;7;4959;2025-02-18T10:07:19.596
1083;Syddanmark;2022-03-08;15;4974;2025-02-18T10:07:19.596
1085;Sjælland;2022-03-08;3;4977;2025-02-18T10:07:19.596
1081;Nordjylland;2022-03-08;4;4981;2025-02-18T10:07:19.596
1082;Midtjylland;2022-03-08;6;4987;2025-02-18T10:07:19.596
1084;Hovedstaden;2022-03-08;18;5005;2025-02-18T10:07:19.596
1083;Syddanmark;2022-03-09;6;5011;2025-02-18T10:07:19.596
1085;Sjælland;2022-03-09;4;5015;2025-02-18T10:07:19.596
1081;Nordjylland;2022-03-09;8;5023;2025-02-18T10:07:19.596
1082;Midtjylland;2022-03-09;12;5035;2025-02-18T10:07:19.596
1084;Hovedstaden;2022-03-09;13;5048;2025-02-18T10:07:19.596
1083;Syddanmark;2022-03-10;6;5054;2025-02-18T10:07:19.596
1085;Sjælland;2022-03-10;8;5062;2025-02-18T10:07:19.596
1081;Nordjylland;2022-03-10;3;5065;2025-02-18T10:07:19.596
1082;Midtjylland;2022-03-10;9;5074;2025-02-18T10:07:19.596
1084;Hovedstaden;2022-03-10;8;5082;2025-02-18T10:07:19.596
1083;Syddanmark;2022-03-11;8;5090;2025-02-18T10:07:19.596
1085;Sjælland;2022-03-11;5;5095;2025-02-18T10:07:19.596
1081;Nordjylland;2022-03-11;1;5096;2025-02-18T10:07:19.596
1082;Midtjylland;2022-03-11;10;5106;2025-02-18T10:07:19.596
1084;Hovedstaden;2022-03-11;8;5114;2025-02-18T10:07:19.596
1083;Syddanmark;2022-03-12;10;5124;2025-02-18T10:07:19.596
1085;Sjælland;2022-03-12;7;5131;2025-02-18T10:07:19.596
1081;Nordjylland;2022-03-12;5;5136;2025-02-18T10:07:19.596
1082;Midtjylland;2022-03-12;15;5151;2025-02-18T10:07:19.596
1084;Hovedstaden;2022-03-12;9;5160;2025-02-18T10:07:19.596
1083;Syddanmark;2022-03-13;12;5172;2025-02-18T10:07:19.596
1085;Sjælland;2022-03-13;4;5176;2025-02-18T10:07:19.596
1081;Nordjylland;2022-03-13;2;5178;2025-02-18T10:07:19.596
1082;Midtjylland;2022-03-13;5;5183;2025-02-18T10:07:19.596
1084;Hovedstaden;2022-03-13;7;5190;2025-02-18T10:07:19.596
1083;Syddanmark;2022-03-14;14;5204;2025-02-18T10:07:19.596
1085;Sjælland;2022-03-14;5;5209;2025-02-18T10:07:19.596
1081;Nordjylland;2022-03-14;4;5213;2025-02-18T10:07:19.596
1082;Midtjylland;2022-03-14;6;5219;2025-02-18T10:07:19.596
1084;Hovedstaden;2022-03-14;5;5224;2025-02-18T10:07:19.596
1083;Syddanmark;2022-03-15;10;5234;2025-02-18T10:07:19.596
1085;Sjælland;2022-03-15;3;5237;2025-02-18T10:07:19.596
1081;Nordjylland;2022-03-15;10;5247;2025-02-18T10:07:19.596
1082;Midtjylland;2022-03-15;7;5254;2025-02-18T10:07:19.596
1084;Hovedstaden;2022-03-15;12;5266;2025-02-18T10:07:19.596
1083;Syddanmark;2022-03-16;7;5273;2025-02-18T10:07:19.596
1085;Sjælland;2022-03-16;4;5277;2025-02-18T10:07:19.596
1081;Nordjylland;2022-03-16;6;5283;2025-02-18T10:07:19.596
1082;Midtjylland;2022-03-16;5;5288;2025-02-18T10:07:19.596
1084;Hovedstaden;2022-03-16;6;5294;2025-02-18T10:07:19.596
1083;Syddanmark;2022-03-17;4;5298;2025-02-18T10:07:19.596
1085;Sjælland;2022-03-17;8;5306;2025-02-18T10:07:19.596
1081;Nordjylland;2022-03-17;6;5312;2025-02-18T10:07:19.596
1082;Midtjylland;2022-03-17;6;5318;2025-02-18T10:07:19.596
1084;Hovedstaden;2022-03-17;11;5329;2025-02-18T10:07:19.596
1083;Syddanmark;2022-03-18;11;5340;2025-02-18T10:07:19.596
1085;Sjælland;2022-03-18;6;5346;2025-02-18T10:07:19.596
1081;Nordjylland;2022-03-18;2;5348;2025-02-18T10:07:19.596
1082;Midtjylland;2022-03-18;6;5354;2025-02-18T10:07:19.596
1084;Hovedstaden;2022-03-18;5;5359;2025-02-18T10:07:19.596
1083;Syddanmark;2022-03-19;6;5365;2025-02-18T10:07:19.596
1085;Sjælland;2022-03-19;6;5371;2025-02-18T10:07:19.596
1081;Nordjylland;2022-03-19;8;5379;2025-02-18T10:07:19.596
1082;Midtjylland;2022-03-19;2;5381;2025-02-18T10:07:19.596
1084;Hovedstaden;2022-03-19;3;5384;2025-02-18T10:07:19.596
1083;Syddanmark;2022-03-20;15;5399;2025-02-18T10:07:19.596
1085;Sjælland;2022-03-20;5;5404;2025-02-18T10:07:19.596
1081;Nordjylland;2022-03-20;9;5413;2025-02-18T10:07:19.596
1082;Midtjylland;2022-03-20;5;5418;2025-02-18T10:07:19.596
1084;Hovedstaden;2022-03-20;2;5420;2025-02-18T10:07:19.596
1083;Syddanmark;2022-03-21;6;5426;2025-02-18T10:07:19.596
1085;Sjælland;2022-03-21;5;5431;2025-02-18T10:07:19.596
1081;Nordjylland;2022-03-21;2;5433;2025-02-18T10:07:19.596
1082;Midtjylland;2022-03-21;3;5436;2025-02-18T10:07:19.596
1084;Hovedstaden;2022-03-21;4;5440;2025-02-18T10:07:19.596
1083;Syddanmark;2022-03-22;12;5452;2025-02-18T10:07:19.596
1085;Sjælland;2022-03-22;6;5458;2025-02-18T10:07:19.596
1081;Nordjylland;2022-03-22;3;5461;2025-02-18T10:07:19.596
1082;Midtjylland;2022-03-22;3;5464;2025-02-18T10:07:19.596
1084;Hovedstaden;2022-03-22;5;5469;2025-02-18T10:07:19.596
1083;Syddanmark;2022-03-23;5;5474;2025-02-18T10:07:19.596
1085;Sjælland;2022-03-23;3;5477;2025-02-18T10:07:19.596
1081;Nordjylland;2022-03-23;3;5480;2025-02-18T10:07:19.596
1082;Midtjylland;2022-03-23;10;5490;2025-02-18T10:07:19.596
1084;Hovedstaden;2022-03-23;9;5499;2025-02-18T10:07:19.596
1083;Syddanmark;2022-03-24;11;5510;2025-02-18T10:07:19.596
1085;Sjælland;2022-03-24;9;5519;2025-02-18T10:07:19.596
1081;Nordjylland;2022-03-24;2;5521;2025-02-18T10:07:19.596
1082;Midtjylland;2022-03-24;3;5524;2025-02-18T10:07:19.596
1084;Hovedstaden;2022-03-24;5;5529;2025-02-18T10:07:19.596
1083;Syddanmark;2022-03-25;6;5535;2025-02-18T10:07:19.596
1085;Sjælland;2022-03-25;4;5539;2025-02-18T10:07:19.596
1081;Nordjylland;2022-03-25;9;5548;2025-02-18T10:07:19.596
1082;Midtjylland;2022-03-25;5;5553;2025-02-18T10:07:19.596
1084;Hovedstaden;2022-03-25;12;5565;2025-02-18T10:07:19.596
1083;Syddanmark;2022-03-26;11;5576;2025-02-18T10:07:19.596
1085;Sjælland;2022-03-26;2;5578;2025-02-18T10:07:19.596
1081;Nordjylland;2022-03-26;6;5584;2025-02-18T10:07:19.596
1082;Midtjylland;2022-03-26;2;5586;2025-02-18T10:07:19.596
1084;Hovedstaden;2022-03-26;5;5591;2025-02-18T10:07:19.596
1083;Syddanmark;2022-03-27;6;5597;2025-02-18T10:07:19.596
1085;Sjælland;2022-03-27;5;5602;2025-02-18T10:07:19.596
1081;Nordjylland;2022-03-27;4;5606;2025-02-18T10:07:19.596
1082;Midtjylland;2022-03-27;4;5610;2025-02-18T10:07:19.596
1084;Hovedstaden;2022-03-27;8;5618;2025-02-18T10:07:19.596
1083;Syddanmark;2022-03-28;6;5624;2025-02-18T10:07:19.596
1085;Sjælland;2022-03-28;2;5626;2025-02-18T10:07:19.596
1081;Nordjylland;2022-03-28;3;5629;2025-02-18T10:07:19.596
1082;Midtjylland;2022-03-28;1;5630;2025-02-18T10:07:19.596
1084;Hovedstaden;2022-03-28;3;5633;2025-02-18T10:07:19.596
1083;Syddanmark;2022-03-29;8;5641;2025-02-18T10:07:19.596
1085;Sjælland;2022-03-29;3;5644;2025-02-18T10:07:19.596
1081;Nordjylland;2022-03-29;4;5648;2025-02-18T10:07:19.596
1082;Midtjylland;2022-03-29;2;5650;2025-02-18T10:07:19.596
1084;Hovedstaden;2022-03-29;6;5656;2025-02-18T10:07:19.596
1083;Syddanmark;2022-03-30;4;5660;2025-02-18T10:07:19.596
1085;Sjælland;2022-03-30;1;5661;2025-02-18T10:07:19.596
1081;Nordjylland;2022-03-30;4;5665;2025-02-18T10:07:19.596
1082;Midtjylland;2022-03-30;3;5668;2025-02-18T10:07:19.596
1084;Hovedstaden;2022-03-30;7;5675;2025-02-18T10:07:19.596
1083;Syddanmark;2022-03-31;3;5678;2025-02-18T10:07:19.596
1085;Sjælland;2022-03-31;7;5685;2025-02-18T10:07:19.596
1081;Nordjylland;2022-03-31;5;5690;2025-02-18T10:07:19.596
1082;Midtjylland;2022-03-31;6;5696;2025-02-18T10:07:19.596
1084;Hovedstaden;2022-03-31;5;5701;2025-02-18T10:07:19.596
1083;Syddanmark;2022-04-01;3;5704;2025-02-18T10:07:19.596
1085;Sjælland;2022-04-01;2;5706;2025-02-18T10:07:19.596
1081;Nordjylland;2022-04-01;2;5708;2025-02-18T10:07:19.596
1082;Midtjylland;2022-04-01;9;5717;2025-02-18T10:07:19.596
1084;Hovedstaden;2022-04-01;5;5722;2025-02-18T10:07:19.596
1083;Syddanmark;2022-04-02;4;5726;2025-02-18T10:07:19.596
1085;Sjælland;2022-04-02;0;5726;2025-02-18T10:07:19.596
1081;Nordjylland;2022-04-02;0;5726;2025-02-18T10:07:19.596
1082;Midtjylland;2022-04-02;4;5730;2025-02-18T10:07:19.596
1084;Hovedstaden;2022-04-02;6;5736;2025-02-18T10:07:19.596
1083;Syddanmark;2022-04-03;4;5740;2025-02-18T10:07:19.596
1085;Sjælland;2022-04-03;2;5742;2025-02-18T10:07:19.596
1081;Nordjylland;2022-04-03;1;5743;2025-02-18T10:07:19.596
1082;Midtjylland;2022-04-03;5;5748;2025-02-18T10:07:19.596
1084;Hovedstaden;2022-04-03;6;5754;2025-02-18T10:07:19.596
1083;Syddanmark;2022-04-04;9;5763;2025-02-18T10:07:19.596
1085;Sjælland;2022-04-04;5;5768;2025-02-18T10:07:19.596
1081;Nordjylland;2022-04-04;2;5770;2025-02-18T10:07:19.596
1082;Midtjylland;2022-04-04;5;5775;2025-02-18T10:07:19.596
1084;Hovedstaden;2022-04-04;2;5777;2025-02-18T10:07:19.596
1083;Syddanmark;2022-04-05;5;5782;2025-02-18T10:07:19.596
1085;Sjælland;2022-04-05;4;5786;2025-02-18T10:07:19.596
1081;Nordjylland;2022-04-05;3;5789;2025-02-18T10:07:19.596
1082;Midtjylland;2022-04-05;0;5789;2025-02-18T10:07:19.596
1084;Hovedstaden;2022-04-05;4;5793;2025-02-18T10:07:19.596
1083;Syddanmark;2022-04-06;7;5800;2025-02-18T10:07:19.596
1085;Sjælland;2022-04-06;2;5802;2025-02-18T10:07:19.596
1081;Nordjylland;2022-04-06;3;5805;2025-02-18T10:07:19.596
1082;Midtjylland;2022-04-06;6;5811;2025-02-18T10:07:19.596
1084;Hovedstaden;2022-04-06;3;5814;2025-02-18T10:07:19.596
1083;Syddanmark;2022-04-07;10;5824;2025-02-18T10:07:19.596
1085;Sjælland;2022-04-07;3;5827;2025-02-18T10:07:19.596
1081;Nordjylland;2022-04-07;0;5827;2025-02-18T10:07:19.596
1082;Midtjylland;2022-04-07;7;5834;2025-02-18T10:07:19.596
1084;Hovedstaden;2022-04-07;6;5840;2025-02-18T10:07:19.596
1083;Syddanmark;2022-04-08;3;5843;2025-02-18T10:07:19.596
1085;Sjælland;2022-04-08;5;5848;2025-02-18T10:07:19.596
1081;Nordjylland;2022-04-08;4;5852;2025-02-18T10:07:19.596
1082;Midtjylland;2022-04-08;1;5853;2025-02-18T10:07:19.596
1084;Hovedstaden;2022-04-08;6;5859;2025-02-18T10:07:19.596
1083;Syddanmark;2022-04-09;6;5865;2025-02-18T10:07:19.596
1085;Sjælland;2022-04-09;3;5868;2025-02-18T10:07:19.596
1081;Nordjylland;2022-04-09;4;5872;2025-02-18T10:07:19.596
1082;Midtjylland;2022-04-09;3;5875;2025-02-18T10:07:19.596
1084;Hovedstaden;2022-04-09;5;5880;2025-02-18T10:07:19.596
1083;Syddanmark;2022-04-10;3;5883;2025-02-18T10:07:19.596
1085;Sjælland;2022-04-10;4;5887;2025-02-18T10:07:19.596
1081;Nordjylland;2022-04-10;1;5888;2025-02-18T10:07:19.596
1082;Midtjylland;2022-04-10;2;5890;2025-02-18T10:07:19.596
1084;Hovedstaden;2022-04-10;7;5897;2025-02-18T10:07:19.596
1083;Syddanmark;2022-04-11;6;5903;2025-02-18T10:07:19.596
1085;Sjælland;2022-04-11;2;5905;2025-02-18T10:07:19.596
1081;Nordjylland;2022-04-11;1;5906;2025-02-18T10:07:19.596
1082;Midtjylland;2022-04-11;2;5908;2025-02-18T10:07:19.596
1084;Hovedstaden;2022-04-11;2;5910;2025-02-18T10:07:19.596
1083;Syddanmark;2022-04-12;5;5915;2025-02-18T10:07:19.596
1081;Nordjylland;2022-04-12;3;5918;2025-02-18T10:07:19.596
1082;Midtjylland;2022-04-12;2;5920;2025-02-18T10:07:19.596
1084;Hovedstaden;2022-04-12;3;5923;2025-02-18T10:07:19.596
1083;Syddanmark;2022-04-13;6;5929;2025-02-18T10:07:19.596
1085;Sjælland;2022-04-13;0;5929;2025-02-18T10:07:19.596
1081;Nordjylland;2022-04-13;3;5932;2025-02-18T10:07:19.596
1082;Midtjylland;2022-04-13;5;5937;2025-02-18T10:07:19.596
1084;Hovedstaden;2022-04-13;0;5937;2025-02-18T10:07:19.596
1083;Syddanmark;2022-04-14;3;5940;2025-02-18T10:07:19.596
1085;Sjælland;2022-04-14;1;5941;2025-02-18T10:07:19.596
1081;Nordjylland;2022-04-14;0;5941;2025-02-18T10:07:19.596
1082;Midtjylland;2022-04-14;2;5943;2025-02-18T10:07:19.596
1084;Hovedstaden;2022-04-14;4;5947;2025-02-18T10:07:19.596
1083;Syddanmark;2022-04-15;3;5950;2025-02-18T10:07:19.596
1085;Sjælland;2022-04-15;3;5953;2025-02-18T10:07:19.596
1081;Nordjylland;2022-04-15;2;5955;2025-02-18T10:07:19.596
1082;Midtjylland;2022-04-15;2;5957;2025-02-18T10:07:19.596
1084;Hovedstaden;2022-04-15;4;5961;2025-02-18T10:07:19.596
1083;Syddanmark;2022-04-16;4;5965;2025-02-18T10:07:19.596
1085;Sjælland;2022-04-16;0;5965;2025-02-18T10:07:19.596
1081;Nordjylland;2022-04-16;3;5968;2025-02-18T10:07:19.596
1082;Midtjylland;2022-04-16;3;5971;2025-02-18T10:07:19.596
1084;Hovedstaden;2022-04-16;3;5974;2025-02-18T10:07:19.596
1083;Syddanmark;2022-04-17;3;5977;2025-02-18T10:07:19.596
1085;Sjælland;2022-04-17;3;5980;2025-02-18T10:07:19.596
1081;Nordjylland;2022-04-17;0;5980;2025-02-18T10:07:19.596
1082;Midtjylland;2022-04-17;2;5982;2025-02-18T10:07:19.596
1084;Hovedstaden;2022-04-17;3;5985;2025-02-18T10:07:19.596
1083;Syddanmark;2022-04-18;7;5992;2025-02-18T10:07:19.596
1085;Sjælland;2022-04-18;5;5997;2025-02-18T10:07:19.596
1081;Nordjylland;2022-04-18;0;5997;2025-02-18T10:07:19.596
1082;Midtjylland;2022-04-18;1;5998;2025-02-18T10:07:19.596
1084;Hovedstaden;2022-04-18;2;6000;2025-02-18T10:07:19.596
1083;Syddanmark;2022-04-19;3;6003;2025-02-18T10:07:19.596
1085;Sjælland;2022-04-19;2;6005;2025-02-18T10:07:19.596
1081;Nordjylland;2022-04-19;2;6007;2025-02-18T10:07:19.596
1082;Midtjylland;2022-04-19;0;6007;2025-02-18T10:07:19.596
1084;Hovedstaden;2022-04-19;4;6011;2025-02-18T10:07:19.596
1083;Syddanmark;2022-04-20;3;6014;2025-02-18T10:07:19.596
1085;Sjælland;2022-04-20;0;6014;2025-02-18T10:07:19.596
1081;Nordjylland;2022-04-20;1;6015;2025-02-18T10:07:19.596
1082;Midtjylland;2022-04-20;2;6017;2025-02-18T10:07:19.596
1084;Hovedstaden;2022-04-20;3;6020;2025-02-18T10:07:19.596
1083;Syddanmark;2022-04-21;5;6025;2025-02-18T10:07:19.596
1085;Sjælland;2022-04-21;0;6025;2025-02-18T10:07:19.596
1081;Nordjylland;2022-04-21;0;6025;2025-02-18T10:07:19.596
1082;Midtjylland;2022-04-21;5;6030;2025-02-18T10:07:19.596
1084;Hovedstaden;2022-04-21;2;6032;2025-02-18T10:07:19.596
1083;Syddanmark;2022-04-22;4;6036;2025-02-18T10:07:19.596
1085;Sjælland;2022-04-22;3;6039;2025-02-18T10:07:19.596
1081;Nordjylland;2022-04-22;0;6039;2025-02-18T10:07:19.596
1082;Midtjylland;2022-04-22;2;6041;2025-02-18T10:07:19.596
1084;Hovedstaden;2022-04-22;1;6042;2025-02-18T10:07:19.596
1083;Syddanmark;2022-04-23;6;6048;2025-02-18T10:07:19.596
1085;Sjælland;2022-04-23;3;6051;2025-02-18T10:07:19.596
1081;Nordjylland;2022-04-23;3;6054;2025-02-18T10:07:19.596
1082;Midtjylland;2022-04-23;0;6054;2025-02-18T10:07:19.596
1084;Hovedstaden;2022-04-23;4;6058;2025-02-18T10:07:19.596
1083;Syddanmark;2022-04-24;7;6065;2025-02-18T10:07:19.596
1085;Sjælland;2022-04-24;2;6067;2025-02-18T10:07:19.596
1081;Nordjylland;2022-04-24;3;6070;2025-02-18T10:07:19.596
1082;Midtjylland;2022-04-24;2;6072;2025-02-18T10:07:19.596
1084;Hovedstaden;2022-04-24;3;6075;2025-02-18T10:07:19.596
1083;Syddanmark;2022-04-25;2;6077;2025-02-18T10:07:19.596
1085;Sjælland;2022-04-25;5;6082;2025-02-18T10:07:19.596
1081;Nordjylland;2022-04-25;1;6083;2025-02-18T10:07:19.596
1082;Midtjylland;2022-04-25;1;6084;2025-02-18T10:07:19.596
1084;Hovedstaden;2022-04-25;1;6085;2025-02-18T10:07:19.596
1083;Syddanmark;2022-04-26;3;6088;2025-02-18T10:07:19.596
1085;Sjælland;2022-04-26;3;6091;2025-02-18T10:07:19.596
1081;Nordjylland;2022-04-26;0;6091;2025-02-18T10:07:19.596
1082;Midtjylland;2022-04-26;1;6092;2025-02-18T10:07:19.596
1084;Hovedstaden;2022-04-26;3;6095;2025-02-18T10:07:19.596
1083;Syddanmark;2022-04-27;4;6099;2025-02-18T10:07:19.596
1085;Sjælland;2022-04-27;1;6100;2025-02-18T10:07:19.596
1081;Nordjylland;2022-04-27;3;6103;2025-02-18T10:07:19.596
1082;Midtjylland;2022-04-27;3;6106;2025-02-18T10:07:19.596
1084;Hovedstaden;2022-04-27;1;6107;2025-02-18T10:07:19.596
1083;Syddanmark;2022-04-28;1;6108;2025-02-18T10:07:19.596
1085;Sjælland;2022-04-28;2;6110;2025-02-18T10:07:19.596
1081;Nordjylland;2022-04-28;1;6111;2025-02-18T10:07:19.596
1082;Midtjylland;2022-04-28;1;6112;2025-02-18T10:07:19.596
1084;Hovedstaden;2022-04-28;3;6115;2025-02-18T10:07:19.596
1083;Syddanmark;2022-04-29;1;6116;2025-02-18T10:07:19.596
1085;Sjælland;2022-04-29;2;6118;2025-02-18T10:07:19.596
1081;Nordjylland;2022-04-29;0;6118;2025-02-18T10:07:19.596
1082;Midtjylland;2022-04-29;1;6119;2025-02-18T10:07:19.596
1084;Hovedstaden;2022-04-29;6;6125;2025-02-18T10:07:19.596
1083;Syddanmark;2022-04-30;5;6130;2025-02-18T10:07:19.596
1085;Sjælland;2022-04-30;5;6135;2025-02-18T10:07:19.596
1081;Nordjylland;2022-04-30;0;6135;2025-02-18T10:07:19.596
1082;Midtjylland;2022-04-30;1;6136;2025-02-18T10:07:19.596
1084;Hovedstaden;2022-04-30;4;6140;2025-02-18T10:07:19.596
1083;Syddanmark;2022-05-01;7;6147;2025-02-18T10:07:19.596
1085;Sjælland;2022-05-01;0;6147;2025-02-18T10:07:19.596
1081;Nordjylland;2022-05-01;2;6149;2025-02-18T10:07:19.596
1082;Midtjylland;2022-05-01;1;6150;2025-02-18T10:07:19.596
1084;Hovedstaden;2022-05-01;3;6153;2025-02-18T10:07:19.596
1083;Syddanmark;2022-05-02;4;6157;2025-02-18T10:07:19.596
1085;Sjælland;2022-05-02;3;6160;2025-02-18T10:07:19.596
1081;Nordjylland;2022-05-02;1;6161;2025-02-18T10:07:19.596
1082;Midtjylland;2022-05-02;1;6162;2025-02-18T10:07:19.596
1084;Hovedstaden;2022-05-02;2;6164;2025-02-18T10:07:19.596
1083;Syddanmark;2022-05-03;3;6167;2025-02-18T10:07:19.596
1085;Sjælland;2022-05-03;4;6171;2025-02-18T10:07:19.596
1081;Nordjylland;2022-05-03;1;6172;2025-02-18T10:07:19.596
1082;Midtjylland;2022-05-03;2;6174;2025-02-18T10:07:19.596
1084;Hovedstaden;2022-05-03;5;6179;2025-02-18T10:07:19.596
1081;Nordjylland;2022-05-04;2;6181;2025-02-18T10:07:19.596
1082;Midtjylland;2022-05-04;2;6183;2025-02-18T10:07:19.596
1084;Hovedstaden;2022-05-04;5;6188;2025-02-18T10:07:19.596
1083;Syddanmark;2022-05-04;1;6189;2025-02-18T10:07:19.596
1085;Sjælland;2022-05-04;1;6190;2025-02-18T10:07:19.596
1083;Syddanmark;2022-05-05;1;6191;2025-02-18T10:07:19.596
1085;Sjælland;2022-05-05;1;6192;2025-02-18T10:07:19.596
1081;Nordjylland;2022-05-05;0;6192;2025-02-18T10:07:19.596
1082;Midtjylland;2022-05-05;1;6193;2025-02-18T10:07:19.596
1084;Hovedstaden;2022-05-05;4;6197;2025-02-18T10:07:19.596
1083;Syddanmark;2022-05-06;0;6197;2025-02-18T10:07:19.596
1085;Sjælland;2022-05-06;1;6198;2025-02-18T10:07:19.596
1081;Nordjylland;2022-05-06;0;6198;2025-02-18T10:07:19.596
1082;Midtjylland;2022-05-06;1;6199;2025-02-18T10:07:19.596
1084;Hovedstaden;2022-05-06;2;6201;2025-02-18T10:07:19.596
1083;Syddanmark;2022-05-07;1;6202;2025-02-18T10:07:19.596
1085;Sjælland;2022-05-07;2;6204;2025-02-18T10:07:19.596
1081;Nordjylland;2022-05-07;1;6205;2025-02-18T10:07:19.596
1082;Midtjylland;2022-05-07;0;6205;2025-02-18T10:07:19.596
1084;Hovedstaden;2022-05-07;1;6206;2025-02-18T10:07:19.596
1083;Syddanmark;2022-05-08;0;6206;2025-02-18T10:07:19.596
1085;Sjælland;2022-05-08;1;6207;2025-02-18T10:07:19.596
1081;Nordjylland;2022-05-08;1;6208;2025-02-18T10:07:19.596
1082;Midtjylland;2022-05-08;0;6208;2025-02-18T10:07:19.596
1084;Hovedstaden;2022-05-08;4;6212;2025-02-18T10:07:19.596
1083;Syddanmark;2022-05-09;1;6213;2025-02-18T10:07:19.596
1085;Sjælland;2022-05-09;2;6215;2025-02-18T10:07:19.596
1081;Nordjylland;2022-05-09;3;6218;2025-02-18T10:07:19.596
1082;Midtjylland;2022-05-09;1;6219;2025-02-18T10:07:19.596
1084;Hovedstaden;2022-05-09;4;6223;2025-02-18T10:07:19.596
1083;Syddanmark;2022-05-10;2;6225;2025-02-18T10:07:19.596
1085;Sjælland;2022-05-10;0;6225;2025-02-18T10:07:19.596
1081;Nordjylland;2022-05-10;0;6225;2025-02-18T10:07:19.596
1082;Midtjylland;2022-05-10;1;6226;2025-02-18T10:07:19.596
1084;Hovedstaden;2022-05-10;4;6230;2025-02-18T10:07:19.596
1083;Syddanmark;2022-05-11;4;6234;2025-02-18T10:07:19.596
1082;Midtjylland;2022-05-11;1;6235;2025-02-18T10:07:19.596
1084;Hovedstaden;2022-05-11;4;6239;2025-02-18T10:07:19.596
1083;Syddanmark;2022-05-12;1;6240;2025-02-18T10:07:19.596
1085;Sjælland;2022-05-12;0;6240;2025-02-18T10:07:19.596
1081;Nordjylland;2022-05-12;2;6242;2025-02-18T10:07:19.596
1082;Midtjylland;2022-05-12;1;6243;2025-02-18T10:07:19.596
1084;Hovedstaden;2022-05-12;2;6245;2025-02-18T10:07:19.596
1083;Syddanmark;2022-05-13;0;6245;2025-02-18T10:07:19.596
1085;Sjælland;2022-05-13;1;6246;2025-02-18T10:07:19.596
1081;Nordjylland;2022-05-13;2;6248;2025-02-18T10:07:19.596
1082;Midtjylland;2022-05-13;1;6249;2025-02-18T10:07:19.596
1084;Hovedstaden;2022-05-13;2;6251;2025-02-18T10:07:19.596
1083;Syddanmark;2022-05-14;0;6251;2025-02-18T10:07:19.596
1085;Sjælland;2022-05-14;0;6251;2025-02-18T10:07:19.596
1081;Nordjylland;2022-05-14;2;6253;2025-02-18T10:07:19.596
1082;Midtjylland;2022-05-14;1;6254;2025-02-18T10:07:19.596
1084;Hovedstaden;2022-05-14;2;6256;2025-02-18T10:07:19.596
1083;Syddanmark;2022-05-15;1;6257;2025-02-18T10:07:19.596
1085;Sjælland;2022-05-15;1;6258;2025-02-18T10:07:19.596
1081;Nordjylland;2022-05-15;0;6258;2025-02-18T10:07:19.596
1084;Hovedstaden;2022-05-15;1;6259;2025-02-18T10:07:19.596
1083;Syddanmark;2022-05-16;2;6261;2025-02-18T10:07:19.596
1085;Sjælland;2022-05-16;1;6262;2025-02-18T10:07:19.596
1081;Nordjylland;2022-05-16;2;6264;2025-02-18T10:07:19.596
1084;Hovedstaden;2022-05-16;4;6268;2025-02-18T10:07:19.596
1083;Syddanmark;2022-05-17;1;6269;2025-02-18T10:07:19.596
1085;Sjælland;2022-05-17;1;6270;2025-02-18T10:07:19.596
1081;Nordjylland;2022-05-17;1;6271;2025-02-18T10:07:19.596
1082;Midtjylland;2022-05-17;0;6271;2025-02-18T10:07:19.596
1084;Hovedstaden;2022-05-17;1;6272;2025-02-18T10:07:19.596
1083;Syddanmark;2022-05-18;2;6274;2025-02-18T10:07:19.596
1085;Sjælland;2022-05-18;2;6276;2025-02-18T10:07:19.596
1081;Nordjylland;2022-05-18;2;6278;2025-02-18T10:07:19.596
1082;Midtjylland;2022-05-18;2;6280;2025-02-18T10:07:19.596
1084;Hovedstaden;2022-05-18;2;6282;2025-02-18T10:07:19.596
1083;Syddanmark;2022-05-19;1;6283;2025-02-18T10:07:19.596
1085;Sjælland;2022-05-19;1;6284;2025-02-18T10:07:19.596
1081;Nordjylland;2022-05-19;2;6286;2025-02-18T10:07:19.596
1082;Midtjylland;2022-05-19;0;6286;2025-02-18T10:07:19.596
1084;Hovedstaden;2022-05-19;0;6286;2025-02-18T10:07:19.596
1083;Syddanmark;2022-05-20;2;6288;2025-02-18T10:07:19.596
1085;Sjælland;2022-05-20;0;6288;2025-02-18T10:07:19.596
1081;Nordjylland;2022-05-20;1;6289;2025-02-18T10:07:19.596
1082;Midtjylland;2022-05-20;0;6289;2025-02-18T10:07:19.596
1084;Hovedstaden;2022-05-20;1;6290;2025-02-18T10:07:19.596
1083;Syddanmark;2022-05-21;0;6290;2025-02-18T10:07:19.596
1085;Sjælland;2022-05-21;0;6290;2025-02-18T10:07:19.596
1081;Nordjylland;2022-05-21;0;6290;2025-02-18T10:07:19.596
1082;Midtjylland;2022-05-21;2;6292;2025-02-18T10:07:19.596
1084;Hovedstaden;2022-05-21;0;6292;2025-02-18T10:07:19.596
1083;Syddanmark;2022-05-22;2;6294;2025-02-18T10:07:19.596
1085;Sjælland;2022-05-22;1;6295;2025-02-18T10:07:19.596
1081;Nordjylland;2022-05-22;1;6296;2025-02-18T10:07:19.596
1084;Hovedstaden;2022-05-22;1;6297;2025-02-18T10:07:19.596
1083;Syddanmark;2022-05-23;1;6298;2025-02-18T10:07:19.596
1085;Sjælland;2022-05-23;0;6298;2025-02-18T10:07:19.596
1081;Nordjylland;2022-05-23;1;6299;2025-02-18T10:07:19.596
1082;Midtjylland;2022-05-23;0;6299;2025-02-18T10:07:19.596
1084;Hovedstaden;2022-05-23;2;6301;2025-02-18T10:07:19.596
1083;Syddanmark;2022-05-24;1;6302;2025-02-18T10:07:19.596
1085;Sjælland;2022-05-24;0;6302;2025-02-18T10:07:19.596
1081;Nordjylland;2022-05-24;1;6303;2025-02-18T10:07:19.596
1082;Midtjylland;2022-05-24;0;6303;2025-02-18T10:07:19.596
1084;Hovedstaden;2022-05-24;1;6304;2025-02-18T10:07:19.596
1083;Syddanmark;2022-05-25;1;6305;2025-02-18T10:07:19.596
1085;Sjælland;2022-05-25;1;6306;2025-02-18T10:07:19.596
1082;Midtjylland;2022-05-25;2;6308;2025-02-18T10:07:19.596
1084;Hovedstaden;2022-05-25;1;6309;2025-02-18T10:07:19.596
1083;Syddanmark;2022-05-26;0;6309;2025-02-18T10:07:19.596
1085;Sjælland;2022-05-26;0;6309;2025-02-18T10:07:19.596
1081;Nordjylland;2022-05-26;0;6309;2025-02-18T10:07:19.596
1084;Hovedstaden;2022-05-26;0;6309;2025-02-18T10:07:19.596
1083;Syddanmark;2022-05-27;1;6310;2025-02-18T10:07:19.596
1085;Sjælland;2022-05-27;1;6311;2025-02-18T10:07:19.596
1081;Nordjylland;2022-05-27;3;6314;2025-02-18T10:07:19.596
1082;Midtjylland;2022-05-27;2;6316;2025-02-18T10:07:19.596
1084;Hovedstaden;2022-05-27;1;6317;2025-02-18T10:07:19.596
1083;Syddanmark;2022-05-28;1;6318;2025-02-18T10:07:19.596
1085;Sjælland;2022-05-28;1;6319;2025-02-18T10:07:19.596
1081;Nordjylland;2022-05-28;1;6320;2025-02-18T10:07:19.596
1084;Hovedstaden;2022-05-28;1;6321;2025-02-18T10:07:19.596
1083;Syddanmark;2022-05-29;0;6321;2025-02-18T10:07:19.596
1085;Sjælland;2022-05-29;1;6322;2025-02-18T10:07:19.596
1082;Midtjylland;2022-05-29;0;6322;2025-02-18T10:07:19.596
1084;Hovedstaden;2022-05-29;1;6323;2025-02-18T10:07:19.596
1083;Syddanmark;2022-05-30;2;6325;2025-02-18T10:07:19.596
1085;Sjælland;2022-05-30;2;6327;2025-02-18T10:07:19.596
1081;Nordjylland;2022-05-30;2;6329;2025-02-18T10:07:19.596
1084;Hovedstaden;2022-05-30;1;6330;2025-02-18T10:07:19.596
1083;Syddanmark;2022-05-31;1;6331;2025-02-18T10:07:19.596
1081;Nordjylland;2022-05-31;0;6331;2025-02-18T10:07:19.596
1082;Midtjylland;2022-05-31;0;6331;2025-02-18T10:07:19.596
1084;Hovedstaden;2022-05-31;0;6331;2025-02-18T10:07:19.596
1083;Syddanmark;2022-06-01;2;6333;2025-02-18T10:07:19.596
1082;Midtjylland;2022-06-01;0;6333;2025-02-18T10:07:19.596
1084;Hovedstaden;2022-06-01;4;6337;2025-02-18T10:07:19.596
1083;Syddanmark;2022-06-02;1;6338;2025-02-18T10:07:19.596
1085;Sjælland;2022-06-02;1;6339;2025-02-18T10:07:19.596
1082;Midtjylland;2022-06-02;1;6340;2025-02-18T10:07:19.596
1084;Hovedstaden;2022-06-02;0;6340;2025-02-18T10:07:19.596
1083;Syddanmark;2022-06-03;2;6342;2025-02-18T10:07:19.596
1085;Sjælland;2022-06-03;0;6342;2025-02-18T10:07:19.596
1081;Nordjylland;2022-06-03;0;6342;2025-02-18T10:07:19.596
1082;Midtjylland;2022-06-03;1;6343;2025-02-18T10:07:19.596
1084;Hovedstaden;2022-06-03;0;6343;2025-02-18T10:07:19.596
1083;Syddanmark;2022-06-04;0;6343;2025-02-18T10:07:19.596
1085;Sjælland;2022-06-04;0;6343;2025-02-18T10:07:19.596
1081;Nordjylland;2022-06-04;1;6344;2025-02-18T10:07:19.596
1082;Midtjylland;2022-06-04;1;6345;2025-02-18T10:07:19.596
1084;Hovedstaden;2022-06-04;0;6345;2025-02-18T10:07:19.596
1083;Syddanmark;2022-06-05;0;6345;2025-02-18T10:07:19.596
1085;Sjælland;2022-06-05;1;6346;2025-02-18T10:07:19.596
1082;Midtjylland;2022-06-05;1;6347;2025-02-18T10:07:19.596
1084;Hovedstaden;2022-06-05;3;6350;2025-02-18T10:07:19.596
1083;Syddanmark;2022-06-06;2;6352;2025-02-18T10:07:19.596
1084;Hovedstaden;2022-06-06;1;6353;2025-02-18T10:07:19.596
1083;Syddanmark;2022-06-07;0;6353;2025-02-18T10:07:19.596
1085;Sjælland;2022-06-07;0;6353;2025-02-18T10:07:19.596
1081;Nordjylland;2022-06-07;2;6355;2025-02-18T10:07:19.596
1082;Midtjylland;2022-06-07;0;6355;2025-02-18T10:07:19.596
1084;Hovedstaden;2022-06-07;1;6356;2025-02-18T10:07:19.596
1083;Syddanmark;2022-06-08;1;6357;2025-02-18T10:07:19.596
1085;Sjælland;2022-06-08;1;6358;2025-02-18T10:07:19.596
1081;Nordjylland;2022-06-08;1;6359;2025-02-18T10:07:19.596
1082;Midtjylland;2022-06-08;2;6361;2025-02-18T10:07:19.596
1083;Syddanmark;2022-06-09;0;6361;2025-02-18T10:07:19.596
1085;Sjælland;2022-06-09;2;6363;2025-02-18T10:07:19.596
1081;Nordjylland;2022-06-09;0;6363;2025-02-18T10:07:19.596
1082;Midtjylland;2022-06-09;2;6365;2025-02-18T10:07:19.596
1084;Hovedstaden;2022-06-09;1;6366;2025-02-18T10:07:19.596
1083;Syddanmark;2022-06-10;0;6366;2025-02-18T10:07:19.596
1081;Nordjylland;2022-06-10;0;6366;2025-02-18T10:07:19.596
1082;Midtjylland;2022-06-10;1;6367;2025-02-18T10:07:19.596
1084;Hovedstaden;2022-06-10;1;6368;2025-02-18T10:07:19.596
1083;Syddanmark;2022-06-11;1;6369;2025-02-18T10:07:19.596
1085;Sjælland;2022-06-11;1;6370;2025-02-18T10:07:19.596
1082;Midtjylland;2022-06-11;1;6371;2025-02-18T10:07:19.596
1084;Hovedstaden;2022-06-11;2;6373;2025-02-18T10:07:19.596
1083;Syddanmark;2022-06-12;0;6373;2025-02-18T10:07:19.596
1085;Sjælland;2022-06-12;1;6374;2025-02-18T10:07:19.596
1082;Midtjylland;2022-06-12;1;6375;2025-02-18T10:07:19.596
1084;Hovedstaden;2022-06-12;1;6376;2025-02-18T10:07:19.596
1083;Syddanmark;2022-06-13;0;6376;2025-02-18T10:07:19.596
1082;Midtjylland;2022-06-13;1;6377;2025-02-18T10:07:19.596
1084;Hovedstaden;2022-06-13;2;6379;2025-02-18T10:07:19.596
1083;Syddanmark;2022-06-14;2;6381;2025-02-18T10:07:19.596
1085;Sjælland;2022-06-14;0;6381;2025-02-18T10:07:19.596
1081;Nordjylland;2022-06-14;0;6381;2025-02-18T10:07:19.596
1084;Hovedstaden;2022-06-14;0;6381;2025-02-18T10:07:19.596
1083;Syddanmark;2022-06-15;0;6381;2025-02-18T10:07:19.596
1085;Sjælland;2022-06-15;1;6382;2025-02-18T10:07:19.596
1083;Syddanmark;2022-06-16;1;6383;2025-02-18T10:07:19.596
1085;Sjælland;2022-06-16;0;6383;2025-02-18T10:07:19.596
1083;Syddanmark;2022-06-17;2;6385;2025-02-18T10:07:19.596
1084;Hovedstaden;2022-06-17;1;6386;2025-02-18T10:07:19.596
1085;Sjælland;2022-06-18;1;6387;2025-02-18T10:07:19.596
1081;Nordjylland;2022-06-18;1;6388;2025-02-18T10:07:19.596
1084;Hovedstaden;2022-06-18;1;6389;2025-02-18T10:07:19.596
1083;Syddanmark;2022-06-19;1;6390;2025-02-18T10:07:19.596
1084;Hovedstaden;2022-06-19;1;6391;2025-02-18T10:07:19.596
1083;Syddanmark;2022-06-20;1;6392;2025-02-18T10:07:19.596
1084;Hovedstaden;2022-06-20;1;6393;2025-02-18T10:07:19.596
1083;Syddanmark;2022-06-21;1;6394;2025-02-18T10:07:19.596
1085;Sjælland;2022-06-21;2;6396;2025-02-18T10:07:19.596
1083;Syddanmark;2022-06-22;1;6397;2025-02-18T10:07:19.596
1085;Sjælland;2022-06-22;1;6398;2025-02-18T10:07:19.596
1082;Midtjylland;2022-06-22;1;6399;2025-02-18T10:07:19.596
1084;Hovedstaden;2022-06-22;1;6400;2025-02-18T10:07:19.596
1083;Syddanmark;2022-06-23;2;6402;2025-02-18T10:07:19.596
1085;Sjælland;2022-06-23;1;6403;2025-02-18T10:07:19.596
1082;Midtjylland;2022-06-23;1;6404;2025-02-18T10:07:19.596
1084;Hovedstaden;2022-06-23;3;6407;2025-02-18T10:07:19.596
1083;Syddanmark;2022-06-24;1;6408;2025-02-18T10:07:19.596
1084;Hovedstaden;2022-06-24;5;6413;2025-02-18T10:07:19.596
1083;Syddanmark;2022-06-25;2;6415;2025-02-18T10:07:19.596
1085;Sjælland;2022-06-25;1;6416;2025-02-18T10:07:19.596
1084;Hovedstaden;2022-06-25;4;6420;2025-02-18T10:07:19.596
1083;Syddanmark;2022-06-26;0;6420;2025-02-18T10:07:19.596
1085;Sjælland;2022-06-26;1;6421;2025-02-18T10:07:19.596
1081;Nordjylland;2022-06-26;0;6421;2025-02-18T10:07:19.596
1082;Midtjylland;2022-06-26;0;6421;2025-02-18T10:07:19.596
1084;Hovedstaden;2022-06-26;0;6421;2025-02-18T10:07:19.596
1083;Syddanmark;2022-06-27;0;6421;2025-02-18T10:07:19.596
1085;Sjælland;2022-06-27;2;6423;2025-02-18T10:07:19.596
1081;Nordjylland;2022-06-27;0;6423;2025-02-18T10:07:19.596
1082;Midtjylland;2022-06-27;1;6424;2025-02-18T10:07:19.596
1084;Hovedstaden;2022-06-27;2;6426;2025-02-18T10:07:19.596
1083;Syddanmark;2022-06-28;2;6428;2025-02-18T10:07:19.596
1082;Midtjylland;2022-06-28;1;6429;2025-02-18T10:07:19.596
1084;Hovedstaden;2022-06-28;2;6431;2025-02-18T10:07:19.596
1083;Syddanmark;2022-06-29;1;6432;2025-02-18T10:07:19.596
1085;Sjælland;2022-06-29;2;6434;2025-02-18T10:07:19.596
1082;Midtjylland;2022-06-29;1;6435;2025-02-18T10:07:19.596
1084;Hovedstaden;2022-06-29;1;6436;2025-02-18T10:07:19.596
1083;Syddanmark;2022-06-30;0;6436;2025-02-18T10:07:19.596
1085;Sjælland;2022-06-30;0;6436;2025-02-18T10:07:19.596
1082;Midtjylland;2022-06-30;1;6437;2025-02-18T10:07:19.596
1084;Hovedstaden;2022-06-30;0;6437;2025-02-18T10:07:19.596
1083;Syddanmark;2022-07-01;1;6438;2025-02-18T10:07:19.596
1081;Nordjylland;2022-07-01;1;6439;2025-02-18T10:07:19.596
1084;Hovedstaden;2022-07-01;2;6441;2025-02-18T10:07:19.596
1085;Sjælland;2022-07-02;2;6443;2025-02-18T10:07:19.596
1081;Nordjylland;2022-07-02;1;6444;2025-02-18T10:07:19.596
1084;Hovedstaden;2022-07-02;2;6446;2025-02-18T10:07:19.596
1083;Syddanmark;2022-07-03;3;6449;2025-02-18T10:07:19.596
1085;Sjælland;2022-07-03;0;6449;2025-02-18T10:07:19.596
1081;Nordjylland;2022-07-03;2;6451;2025-02-18T10:07:19.596
1084;Hovedstaden;2022-07-03;4;6455;2025-02-18T10:07:19.596
1083;Syddanmark;2022-07-04;0;6455;2025-02-18T10:07:19.596
1082;Midtjylland;2022-07-04;2;6457;2025-02-18T10:07:19.596
1084;Hovedstaden;2022-07-04;2;6459;2025-02-18T10:07:19.596
1083;Syddanmark;2022-07-05;2;6461;2025-02-18T10:07:19.596
1085;Sjælland;2022-07-05;1;6462;2025-02-18T10:07:19.596
1082;Midtjylland;2022-07-05;1;6463;2025-02-18T10:07:19.596
1084;Hovedstaden;2022-07-05;1;6464;2025-02-18T10:07:19.596
1083;Syddanmark;2022-07-06;1;6465;2025-02-18T10:07:19.596
1085;Sjælland;2022-07-06;3;6468;2025-02-18T10:07:19.596
1084;Hovedstaden;2022-07-06;2;6470;2025-02-18T10:07:19.596
1083;Syddanmark;2022-07-07;1;6471;2025-02-18T10:07:19.596
1081;Nordjylland;2022-07-07;1;6472;2025-02-18T10:07:19.596
1082;Midtjylland;2022-07-07;0;6472;2025-02-18T10:07:19.596
1084;Hovedstaden;2022-07-07;2;6474;2025-02-18T10:07:19.596
1083;Syddanmark;2022-07-08;3;6477;2025-02-18T10:07:19.596
1085;Sjælland;2022-07-08;1;6478;2025-02-18T10:07:19.596
1082;Midtjylland;2022-07-08;2;6480;2025-02-18T10:07:19.596
1084;Hovedstaden;2022-07-08;3;6483;2025-02-18T10:07:19.596
1083;Syddanmark;2022-07-09;2;6485;2025-02-18T10:07:19.596
1085;Sjælland;2022-07-09;1;6486;2025-02-18T10:07:19.596
1082;Midtjylland;2022-07-09;1;6487;2025-02-18T10:07:19.596
1084;Hovedstaden;2022-07-09;1;6488;2025-02-18T10:07:19.596
1083;Syddanmark;2022-07-10;1;6489;2025-02-18T10:07:19.596
1082;Midtjylland;2022-07-10;1;6490;2025-02-18T10:07:19.596
1084;Hovedstaden;2022-07-10;2;6492;2025-02-18T10:07:19.596
1083;Syddanmark;2022-07-11;2;6494;2025-02-18T10:07:19.596
1085;Sjælland;2022-07-11;1;6495;2025-02-18T10:07:19.596
1083;Syddanmark;2022-07-12;1;6496;2025-02-18T10:07:19.596
1081;Nordjylland;2022-07-12;2;6498;2025-02-18T10:07:19.596
1084;Hovedstaden;2022-07-12;1;6499;2025-02-18T10:07:19.596
1083;Syddanmark;2022-07-13;1;6500;2025-02-18T10:07:19.596
1085;Sjælland;2022-07-13;2;6502;2025-02-18T10:07:19.596
1081;Nordjylland;2022-07-13;0;6502;2025-02-18T10:07:19.596
1082;Midtjylland;2022-07-13;1;6503;2025-02-18T10:07:19.596
1084;Hovedstaden;2022-07-13;5;6508;2025-02-18T10:07:19.596
1083;Syddanmark;2022-07-14;3;6511;2025-02-18T10:07:19.596
1085;Sjælland;2022-07-14;1;6512;2025-02-18T10:07:19.596
1082;Midtjylland;2022-07-14;1;6513;2025-02-18T10:07:19.596
1084;Hovedstaden;2022-07-14;2;6515;2025-02-18T10:07:19.596
1083;Syddanmark;2022-07-15;2;6517;2025-02-18T10:07:19.596
1085;Sjælland;2022-07-15;1;6518;2025-02-18T10:07:19.596
1083;Syddanmark;2022-07-16;2;6520;2025-02-18T10:07:19.596
1084;Hovedstaden;2022-07-16;1;6521;2025-02-18T10:07:19.596
1083;Syddanmark;2022-07-17;0;6521;2025-02-18T10:07:19.596
1085;Sjælland;2022-07-17;1;6522;2025-02-18T10:07:19.596
1082;Midtjylland;2022-07-17;1;6523;2025-02-18T10:07:19.596
1084;Hovedstaden;2022-07-17;3;6526;2025-02-18T10:07:19.596
1083;Syddanmark;2022-07-18;1;6527;2025-02-18T10:07:19.596
1081;Nordjylland;2022-07-18;1;6528;2025-02-18T10:07:19.596
1084;Hovedstaden;2022-07-18;1;6529;2025-02-18T10:07:19.596
1083;Syddanmark;2022-07-19;4;6533;2025-02-18T10:07:19.596
1081;Nordjylland;2022-07-19;1;6534;2025-02-18T10:07:19.596
1082;Midtjylland;2022-07-19;1;6535;2025-02-18T10:07:19.596
1084;Hovedstaden;2022-07-19;4;6539;2025-02-18T10:07:19.596
1083;Syddanmark;2022-07-20;1;6540;2025-02-18T10:07:19.596
1085;Sjælland;2022-07-20;1;6541;2025-02-18T10:07:19.596
1082;Midtjylland;2022-07-20;1;6542;2025-02-18T10:07:19.596
1084;Hovedstaden;2022-07-20;4;6546;2025-02-18T10:07:19.596
1083;Syddanmark;2022-07-21;2;6548;2025-02-18T10:07:19.596
1085;Sjælland;2022-07-21;1;6549;2025-02-18T10:07:19.596
1082;Midtjylland;2022-07-21;1;6550;2025-02-18T10:07:19.596
1084;Hovedstaden;2022-07-21;3;6553;2025-02-18T10:07:19.596
1083;Syddanmark;2022-07-22;1;6554;2025-02-18T10:07:19.596
1085;Sjælland;2022-07-22;1;6555;2025-02-18T10:07:19.596
1081;Nordjylland;2022-07-22;1;6556;2025-02-18T10:07:19.596
1082;Midtjylland;2022-07-22;1;6557;2025-02-18T10:07:19.596
1084;Hovedstaden;2022-07-22;3;6560;2025-02-18T10:07:19.596
1083;Syddanmark;2022-07-23;3;6563;2025-02-18T10:07:19.596
1081;Nordjylland;2022-07-23;1;6564;2025-02-18T10:07:19.596
1082;Midtjylland;2022-07-23;2;6566;2025-02-18T10:07:19.596
1084;Hovedstaden;2022-07-23;3;6569;2025-02-18T10:07:19.596
1083;Syddanmark;2022-07-24;1;6570;2025-02-18T10:07:19.596
1085;Sjælland;2022-07-24;1;6571;2025-02-18T10:07:19.596
1081;Nordjylland;2022-07-24;1;6572;2025-02-18T10:07:19.596
1082;Midtjylland;2022-07-24;2;6574;2025-02-18T10:07:19.596
1084;Hovedstaden;2022-07-24;2;6576;2025-02-18T10:07:19.596
1083;Syddanmark;2022-07-25;2;6578;2025-02-18T10:07:19.596
1085;Sjælland;2022-07-25;3;6581;2025-02-18T10:07:19.596
1082;Midtjylland;2022-07-25;0;6581;2025-02-18T10:07:19.596
1084;Hovedstaden;2022-07-25;4;6585;2025-02-18T10:07:19.596
1083;Syddanmark;2022-07-26;1;6586;2025-02-18T10:07:19.596
1085;Sjælland;2022-07-26;1;6587;2025-02-18T10:07:19.596
1084;Hovedstaden;2022-07-26;1;6588;2025-02-18T10:07:19.596
1083;Syddanmark;2022-07-27;2;6590;2025-02-18T10:07:19.596
1085;Sjælland;2022-07-27;2;6592;2025-02-18T10:07:19.596
1081;Nordjylland;2022-07-27;2;6594;2025-02-18T10:07:19.596
1082;Midtjylland;2022-07-27;1;6595;2025-02-18T10:07:19.596
1084;Hovedstaden;2022-07-27;1;6596;2025-02-18T10:07:19.596
1083;Syddanmark;2022-07-28;5;6601;2025-02-18T10:07:19.596
1085;Sjælland;2022-07-28;1;6602;2025-02-18T10:07:19.596
1081;Nordjylland;2022-07-28;2;6604;2025-02-18T10:07:19.596
1082;Midtjylland;2022-07-28;1;6605;2025-02-18T10:07:19.596
1084;Hovedstaden;2022-07-28;1;6606;2025-02-18T10:07:19.596
1083;Syddanmark;2022-07-29;1;6607;2025-02-18T10:07:19.596
1081;Nordjylland;2022-07-29;1;6608;2025-02-18T10:07:19.596
1082;Midtjylland;2022-07-29;1;6609;2025-02-18T10:07:19.596
1084;Hovedstaden;2022-07-29;4;6613;2025-02-18T10:07:19.596
1083;Syddanmark;2022-07-30;3;6616;2025-02-18T10:07:19.596
1085;Sjælland;2022-07-30;0;6616;2025-02-18T10:07:19.596
1081;Nordjylland;2022-07-30;2;6618;2025-02-18T10:07:19.596
1082;Midtjylland;2022-07-30;1;6619;2025-02-18T10:07:19.596
1084;Hovedstaden;2022-07-30;6;6625;2025-02-18T10:07:19.596
1083;Syddanmark;2022-07-31;5;6630;2025-02-18T10:07:19.596
1085;Sjælland;2022-07-31;1;6631;2025-02-18T10:07:19.596
1081;Nordjylland;2022-07-31;1;6632;2025-02-18T10:07:19.596
1082;Midtjylland;2022-07-31;3;6635;2025-02-18T10:07:19.596
1084;Hovedstaden;2022-07-31;3;6638;2025-02-18T10:07:19.596
1083;Syddanmark;2022-08-01;1;6639;2025-02-18T10:07:19.596
1085;Sjælland;2022-08-01;1;6640;2025-02-18T10:07:19.596
1081;Nordjylland;2022-08-01;1;6641;2025-02-18T10:07:19.596
1084;Hovedstaden;2022-08-01;5;6646;2025-02-18T10:07:19.596
1083;Syddanmark;2022-08-02;3;6649;2025-02-18T10:07:19.596
1082;Midtjylland;2022-08-02;2;6651;2025-02-18T10:07:19.596
1084;Hovedstaden;2022-08-02;3;6654;2025-02-18T10:07:19.596
1083;Syddanmark;2022-08-03;1;6655;2025-02-18T10:07:19.596
1085;Sjælland;2022-08-03;0;6655;2025-02-18T10:07:19.596
1081;Nordjylland;2022-08-03;4;6659;2025-02-18T10:07:19.596
1082;Midtjylland;2022-08-03;2;6661;2025-02-18T10:07:19.596
1084;Hovedstaden;2022-08-03;8;6669;2025-02-18T10:07:19.596
1083;Syddanmark;2022-08-04;4;6673;2025-02-18T10:07:19.596
1085;Sjælland;2022-08-04;6;6679;2025-02-18T10:07:19.596
1081;Nordjylland;2022-08-04;2;6681;2025-02-18T10:07:19.596
1082;Midtjylland;2022-08-04;3;6684;2025-02-18T10:07:19.596
1084;Hovedstaden;2022-08-04;2;6686;2025-02-18T10:07:19.596
1083;Syddanmark;2022-08-05;4;6690;2025-02-18T10:07:19.596
1081;Nordjylland;2022-08-05;0;6690;2025-02-18T10:07:19.596
1084;Hovedstaden;2022-08-05;6;6696;2025-02-18T10:07:19.596
1083;Syddanmark;2022-08-06;2;6698;2025-02-18T10:07:19.596
1082;Midtjylland;2022-08-06;4;6702;2025-02-18T10:07:19.596
1084;Hovedstaden;2022-08-06;4;6706;2025-02-18T10:07:19.596
1083;Syddanmark;2022-08-07;3;6709;2025-02-18T10:07:19.596
1085;Sjælland;2022-08-07;3;6712;2025-02-18T10:07:19.596
1082;Midtjylland;2022-08-07;3;6715;2025-02-18T10:07:19.596
1084;Hovedstaden;2022-08-07;3;6718;2025-02-18T10:07:19.596
1083;Syddanmark;2022-08-08;3;6721;2025-02-18T10:07:19.596
1081;Nordjylland;2022-08-08;1;6722;2025-02-18T10:07:19.596
1084;Hovedstaden;2022-08-08;2;6724;2025-02-18T10:07:19.596
1083;Syddanmark;2022-08-09;2;6726;2025-02-18T10:07:19.596
1085;Sjælland;2022-08-09;3;6729;2025-02-18T10:07:19.596
1081;Nordjylland;2022-08-09;1;6730;2025-02-18T10:07:19.596
1082;Midtjylland;2022-08-09;2;6732;2025-02-18T10:07:19.596
1084;Hovedstaden;2022-08-09;6;6738;2025-02-18T10:07:19.596
1083;Syddanmark;2022-08-10;0;6738;2025-02-18T10:07:19.596
1085;Sjælland;2022-08-10;1;6739;2025-02-18T10:07:19.596
1081;Nordjylland;2022-08-10;3;6742;2025-02-18T10:07:19.596
1084;Hovedstaden;2022-08-10;4;6746;2025-02-18T10:07:19.596
1083;Syddanmark;2022-08-11;4;6750;2025-02-18T10:07:19.596
1081;Nordjylland;2022-08-11;1;6751;2025-02-18T10:07:19.596
1082;Midtjylland;2022-08-11;1;6752;2025-02-18T10:07:19.596
1084;Hovedstaden;2022-08-11;4;6756;2025-02-18T10:07:19.596
1083;Syddanmark;2022-08-12;1;6757;2025-02-18T10:07:19.596
1085;Sjælland;2022-08-12;1;6758;2025-02-18T10:07:19.596
1081;Nordjylland;2022-08-12;0;6758;2025-02-18T10:07:19.596
1082;Midtjylland;2022-08-12;3;6761;2025-02-18T10:07:19.596
1084;Hovedstaden;2022-08-12;2;6763;2025-02-18T10:07:19.596
1085;Sjælland;2022-08-13;3;6766;2025-02-18T10:07:19.596
1081;Nordjylland;2022-08-13;1;6767;2025-02-18T10:07:19.596
1082;Midtjylland;2022-08-13;2;6769;2025-02-18T10:07:19.596
1084;Hovedstaden;2022-08-13;1;6770;2025-02-18T10:07:19.596
1083;Syddanmark;2022-08-14;3;6773;2025-02-18T10:07:19.596
1085;Sjælland;2022-08-14;7;6780;2025-02-18T10:07:19.596
1081;Nordjylland;2022-08-14;1;6781;2025-02-18T10:07:19.596
1082;Midtjylland;2022-08-14;1;6782;2025-02-18T10:07:19.596
1084;Hovedstaden;2022-08-14;1;6783;2025-02-18T10:07:19.596
1083;Syddanmark;2022-08-15;2;6785;2025-02-18T10:07:19.596
1081;Nordjylland;2022-08-15;2;6787;2025-02-18T10:07:19.596
1082;Midtjylland;2022-08-15;3;6790;2025-02-18T10:07:19.596
1084;Hovedstaden;2022-08-15;2;6792;2025-02-18T10:07:19.596
1083;Syddanmark;2022-08-16;1;6793;2025-02-18T10:07:19.596
1085;Sjælland;2022-08-16;0;6793;2025-02-18T10:07:19.596
1081;Nordjylland;2022-08-16;0;6793;2025-02-18T10:07:19.596
1082;Midtjylland;2022-08-16;2;6795;2025-02-18T10:07:19.596
1084;Hovedstaden;2022-08-16;1;6796;2025-02-18T10:07:19.596
1083;Syddanmark;2022-08-17;0;6796;2025-02-18T10:07:19.596
1085;Sjælland;2022-08-17;0;6796;2025-02-18T10:07:19.596
1081;Nordjylland;2022-08-17;1;6797;2025-02-18T10:07:19.596
1084;Hovedstaden;2022-08-17;2;6799;2025-02-18T10:07:19.596
1083;Syddanmark;2022-08-18;3;6802;2025-02-18T10:07:19.596
1085;Sjælland;2022-08-18;1;6803;2025-02-18T10:07:19.596
1081;Nordjylland;2022-08-18;0;6803;2025-02-18T10:07:19.596
1082;Midtjylland;2022-08-18;1;6804;2025-02-18T10:07:19.596
1084;Hovedstaden;2022-08-18;4;6808;2025-02-18T10:07:19.596
1083;Syddanmark;2022-08-19;1;6809;2025-02-18T10:07:19.596
1085;Sjælland;2022-08-19;1;6810;2025-02-18T10:07:19.596
1082;Midtjylland;2022-08-19;1;6811;2025-02-18T10:07:19.596
1084;Hovedstaden;2022-08-19;4;6815;2025-02-18T10:07:19.596
1083;Syddanmark;2022-08-20;4;6819;2025-02-18T10:07:19.596
1082;Midtjylland;2022-08-20;2;6821;2025-02-18T10:07:19.596
1084;Hovedstaden;2022-08-20;3;6824;2025-02-18T10:07:19.596
1085;Sjælland;2022-08-21;2;6826;2025-02-18T10:07:19.596
1084;Hovedstaden;2022-08-21;3;6829;2025-02-18T10:07:19.596
1083;Syddanmark;2022-08-22;2;6831;2025-02-18T10:07:19.596
1085;Sjælland;2022-08-22;2;6833;2025-02-18T10:07:19.596
1081;Nordjylland;2022-08-22;2;6835;2025-02-18T10:07:19.596
1084;Hovedstaden;2022-08-22;1;6836;2025-02-18T10:07:19.596
1083;Syddanmark;2022-08-23;2;6838;2025-02-18T10:07:19.596
1085;Sjælland;2022-08-23;3;6841;2025-02-18T10:07:19.596
1081;Nordjylland;2022-08-23;1;6842;2025-02-18T10:07:19.596
1082;Midtjylland;2022-08-23;3;6845;2025-02-18T10:07:19.596
1083;Syddanmark;2022-08-24;1;6846;2025-02-18T10:07:19.596
1084;Hovedstaden;2022-08-24;3;6849;2025-02-18T10:07:19.596
1083;Syddanmark;2022-08-25;2;6851;2025-02-18T10:07:19.596
1085;Sjælland;2022-08-25;0;6851;2025-02-18T10:07:19.596
1082;Midtjylland;2022-08-25;1;6852;2025-02-18T10:07:19.596
1084;Hovedstaden;2022-08-25;3;6855;2025-02-18T10:07:19.596
1083;Syddanmark;2022-08-26;3;6858;2025-02-18T10:07:19.596
1085;Sjælland;2022-08-26;1;6859;2025-02-18T10:07:19.596
1081;Nordjylland;2022-08-26;1;6860;2025-02-18T10:07:19.596
1084;Hovedstaden;2022-08-26;4;6864;2025-02-18T10:07:19.596
1083;Syddanmark;2022-08-27;1;6865;2025-02-18T10:07:19.596
1081;Nordjylland;2022-08-27;0;6865;2025-02-18T10:07:19.596
1082;Midtjylland;2022-08-27;2;6867;2025-02-18T10:07:19.596
1084;Hovedstaden;2022-08-27;1;6868;2025-02-18T10:07:19.596
1083;Syddanmark;2022-08-28;0;6868;2025-02-18T10:07:19.596
1081;Nordjylland;2022-08-28;1;6869;2025-02-18T10:07:19.596
1082;Midtjylland;2022-08-28;3;6872;2025-02-18T10:07:19.596
1084;Hovedstaden;2022-08-28;2;6874;2025-02-18T10:07:19.596
1083;Syddanmark;2022-08-29;4;6878;2025-02-18T10:07:19.596
1082;Midtjylland;2022-08-29;2;6880;2025-02-18T10:07:19.596
1084;Hovedstaden;2022-08-29;3;6883;2025-02-18T10:07:19.596
1085;Sjælland;2022-08-30;1;6884;2025-02-18T10:07:19.596
1082;Midtjylland;2022-08-30;2;6886;2025-02-18T10:07:19.596
1084;Hovedstaden;2022-08-30;3;6889;2025-02-18T10:07:19.596
1083;Syddanmark;2022-08-31;4;6893;2025-02-18T10:07:19.596
1085;Sjælland;2022-08-31;1;6894;2025-02-18T10:07:19.596
1082;Midtjylland;2022-08-31;1;6895;2025-02-18T10:07:19.596
1084;Hovedstaden;2022-08-31;1;6896;2025-02-18T10:07:19.596
1083;Syddanmark;2022-09-01;1;6897;2025-02-18T10:07:19.596
1085;Sjælland;2022-09-01;1;6898;2025-02-18T10:07:19.596
1081;Nordjylland;2022-09-01;0;6898;2025-02-18T10:07:19.596
1082;Midtjylland;2022-09-01;0;6898;2025-02-18T10:07:19.596
1084;Hovedstaden;2022-09-01;0;6898;2025-02-18T10:07:19.596
1083;Syddanmark;2022-09-02;2;6900;2025-02-18T10:07:19.596
1085;Sjælland;2022-09-02;1;6901;2025-02-18T10:07:19.596
1081;Nordjylland;2022-09-02;0;6901;2025-02-18T10:07:19.596
1082;Midtjylland;2022-09-02;2;6903;2025-02-18T10:07:19.596
1084;Hovedstaden;2022-09-02;2;6905;2025-02-18T10:07:19.596
1083;Syddanmark;2022-09-03;1;6906;2025-02-18T10:07:19.596
1085;Sjælland;2022-09-03;1;6907;2025-02-18T10:07:19.596
1081;Nordjylland;2022-09-03;2;6909;2025-02-18T10:07:19.596
1082;Midtjylland;2022-09-03;1;6910;2025-02-18T10:07:19.596
1084;Hovedstaden;2022-09-03;1;6911;2025-02-18T10:07:19.596
1083;Syddanmark;2022-09-04;1;6912;2025-02-18T10:07:19.596
1085;Sjælland;2022-09-04;5;6917;2025-02-18T10:07:19.596
1081;Nordjylland;2022-09-04;0;6917;2025-02-18T10:07:19.596
1082;Midtjylland;2022-09-04;0;6917;2025-02-18T10:07:19.596
1084;Hovedstaden;2022-09-04;0;6917;2025-02-18T10:07:19.596
1083;Syddanmark;2022-09-05;2;6919;2025-02-18T10:07:19.596
1085;Sjælland;2022-09-05;0;6919;2025-02-18T10:07:19.596
1082;Midtjylland;2022-09-05;1;6920;2025-02-18T10:07:19.596
1084;Hovedstaden;2022-09-05;1;6921;2025-02-18T10:07:19.596
1081;Nordjylland;2022-09-06;2;6923;2025-02-18T10:07:19.596
1082;Midtjylland;2022-09-06;1;6924;2025-02-18T10:07:19.596
1084;Hovedstaden;2022-09-06;0;6924;2025-02-18T10:07:19.596
1085;Sjælland;2022-09-07;0;6924;2025-02-18T10:07:19.596
1082;Midtjylland;2022-09-07;1;6925;2025-02-18T10:07:19.596
1084;Hovedstaden;2022-09-07;0;6925;2025-02-18T10:07:19.596
1083;Syddanmark;2022-09-08;2;6927;2025-02-18T10:07:19.596
1085;Sjælland;2022-09-08;1;6928;2025-02-18T10:07:19.596
1081;Nordjylland;2022-09-08;1;6929;2025-02-18T10:07:19.596
1082;Midtjylland;2022-09-08;1;6930;2025-02-18T10:07:19.596
1084;Hovedstaden;2022-09-08;2;6932;2025-02-18T10:07:19.596
1083;Syddanmark;2022-09-09;0;6932;2025-02-18T10:07:19.596
1082;Midtjylland;2022-09-09;0;6932;2025-02-18T10:07:19.596
1084;Hovedstaden;2022-09-09;1;6933;2025-02-18T10:07:19.596
1083;Syddanmark;2022-09-10;2;6935;2025-02-18T10:07:19.596
1085;Sjælland;2022-09-10;1;6936;2025-02-18T10:07:19.596
1081;Nordjylland;2022-09-10;1;6937;2025-02-18T10:07:19.596
1082;Midtjylland;2022-09-10;0;6937;2025-02-18T10:07:19.596
1084;Hovedstaden;2022-09-10;2;6939;2025-02-18T10:07:19.596
1083;Syddanmark;2022-09-11;0;6939;2025-02-18T10:07:19.596
1085;Sjælland;2022-09-11;2;6941;2025-02-18T10:07:19.596
1081;Nordjylland;2022-09-11;0;6941;2025-02-18T10:07:19.596
1082;Midtjylland;2022-09-11;1;6942;2025-02-18T10:07:19.596
1084;Hovedstaden;2022-09-11;0;6942;2025-02-18T10:07:19.596
1084;Hovedstaden;2022-09-12;0;6942;2025-02-18T10:07:19.596
1083;Syddanmark;2022-09-13;2;6944;2025-02-18T10:07:19.596
1085;Sjælland;2022-09-13;1;6945;2025-02-18T10:07:19.596
1082;Midtjylland;2022-09-13;1;6946;2025-02-18T10:07:19.596
1084;Hovedstaden;2022-09-13;2;6948;2025-02-18T10:07:19.596
1083;Syddanmark;2022-09-14;1;6949;2025-02-18T10:07:19.596
1085;Sjælland;2022-09-14;1;6950;2025-02-18T10:07:19.596
1081;Nordjylland;2022-09-14;1;6951;2025-02-18T10:07:19.596
1082;Midtjylland;2022-09-14;0;6951;2025-02-18T10:07:19.596
1084;Hovedstaden;2022-09-14;1;6952;2025-02-18T10:07:19.596
1085;Sjælland;2022-09-15;0;6952;2025-02-18T10:07:19.596
1084;Hovedstaden;2022-09-15;1;6953;2025-02-18T10:07:19.596
1085;Sjælland;2022-09-16;0;6953;2025-02-18T10:07:19.596
1082;Midtjylland;2022-09-16;1;6954;2025-02-18T10:07:19.596
1084;Hovedstaden;2022-09-16;3;6957;2025-02-18T10:07:19.596
1081;Nordjylland;2022-09-17;1;6958;2025-02-18T10:07:19.596
1082;Midtjylland;2022-09-17;2;6960;2025-02-18T10:07:19.596
1084;Hovedstaden;2022-09-17;2;6962;2025-02-18T10:07:19.596
1083;Syddanmark;2022-09-18;1;6963;2025-02-18T10:07:19.596
1085;Sjælland;2022-09-18;0;6963;2025-02-18T10:07:19.596
1082;Midtjylland;2022-09-18;3;6966;2025-02-18T10:07:19.596
1084;Hovedstaden;2022-09-18;1;6967;2025-02-18T10:07:19.596
1083;Syddanmark;2022-09-19;1;6968;2025-02-18T10:07:19.596
1085;Sjælland;2022-09-19;1;6969;2025-02-18T10:07:19.596
1084;Hovedstaden;2022-09-19;1;6970;2025-02-18T10:07:19.596
1083;Syddanmark;2022-09-20;1;6971;2025-02-18T10:07:19.596
1085;Sjælland;2022-09-20;1;6972;2025-02-18T10:07:19.596
1081;Nordjylland;2022-09-20;3;6975;2025-02-18T10:07:19.596
1082;Midtjylland;2022-09-20;1;6976;2025-02-18T10:07:19.596
1084;Hovedstaden;2022-09-20;2;6978;2025-02-18T10:07:19.596
1083;Syddanmark;2022-09-21;3;6981;2025-02-18T10:07:19.596
1085;Sjælland;2022-09-21;2;6983;2025-02-18T10:07:19.596
1082;Midtjylland;2022-09-21;0;6983;2025-02-18T10:07:19.596
1084;Hovedstaden;2022-09-21;2;6985;2025-02-18T10:07:19.596
1083;Syddanmark;2022-09-22;0;6985;2025-02-18T10:07:19.596
1085;Sjælland;2022-09-22;1;6986;2025-02-18T10:07:19.596
1082;Midtjylland;2022-09-22;2;6988;2025-02-18T10:07:19.596
1084;Hovedstaden;2022-09-22;1;6989;2025-02-18T10:07:19.596
1081;Nordjylland;2022-09-23;0;6989;2025-02-18T10:07:19.596
1084;Hovedstaden;2022-09-23;3;6992;2025-02-18T10:07:19.596
1085;Sjælland;2022-09-24;3;6995;2025-02-18T10:07:19.596
1081;Nordjylland;2022-09-24;2;6997;2025-02-18T10:07:19.596
1082;Midtjylland;2022-09-24;1;6998;2025-02-18T10:07:19.596
1084;Hovedstaden;2022-09-24;1;6999;2025-02-18T10:07:19.596
1083;Syddanmark;2022-09-25;1;7000;2025-02-18T10:07:19.596
1085;Sjælland;2022-09-25;0;7000;2025-02-18T10:07:19.596
1082;Midtjylland;2022-09-25;3;7003;2025-02-18T10:07:19.596
1084;Hovedstaden;2022-09-25;1;7004;2025-02-18T10:07:19.596
1083;Syddanmark;2022-09-26;2;7006;2025-02-18T10:07:19.596
1085;Sjælland;2022-09-26;0;7006;2025-02-18T10:07:19.596
1081;Nordjylland;2022-09-26;1;7007;2025-02-18T10:07:19.596
1082;Midtjylland;2022-09-26;2;7009;2025-02-18T10:07:19.596
1084;Hovedstaden;2022-09-26;3;7012;2025-02-18T10:07:19.596
1083;Syddanmark;2022-09-27;1;7013;2025-02-18T10:07:19.596
1085;Sjælland;2022-09-27;2;7015;2025-02-18T10:07:19.596
1081;Nordjylland;2022-09-27;2;7017;2025-02-18T10:07:19.596
1082;Midtjylland;2022-09-27;0;7017;2025-02-18T10:07:19.596
1084;Hovedstaden;2022-09-27;4;7021;2025-02-18T10:07:19.596
1083;Syddanmark;2022-09-28;2;7023;2025-02-18T10:07:19.596
1085;Sjælland;2022-09-28;2;7025;2025-02-18T10:07:19.596
1081;Nordjylland;2022-09-28;2;7027;2025-02-18T10:07:19.596
1084;Hovedstaden;2022-09-28;4;7031;2025-02-18T10:07:19.596
1083;Syddanmark;2022-09-29;6;7037;2025-02-18T10:07:19.596
1085;Sjælland;2022-09-29;0;7037;2025-02-18T10:07:19.596
1084;Hovedstaden;2022-09-29;2;7039;2025-02-18T10:07:19.596
1085;Sjælland;2022-09-30;1;7040;2025-02-18T10:07:19.596
1081;Nordjylland;2022-09-30;0;7040;2025-02-18T10:07:19.596
1082;Midtjylland;2022-09-30;1;7041;2025-02-18T10:07:19.596
1084;Hovedstaden;2022-09-30;0;7041;2025-02-18T10:07:19.596
1083;Syddanmark;2022-10-01;1;7042;2025-02-18T10:07:19.596
1081;Nordjylland;2022-10-01;3;7045;2025-02-18T10:07:19.596
1082;Midtjylland;2022-10-01;1;7046;2025-02-18T10:07:19.596
1084;Hovedstaden;2022-10-01;2;7048;2025-02-18T10:07:19.596
1083;Syddanmark;2022-10-02;1;7049;2025-02-18T10:07:19.596
1085;Sjælland;2022-10-02;0;7049;2025-02-18T10:07:19.596
1081;Nordjylland;2022-10-02;1;7050;2025-02-18T10:07:19.596
1082;Midtjylland;2022-10-02;2;7052;2025-02-18T10:07:19.596
1083;Syddanmark;2022-10-03;2;7054;2025-02-18T10:07:19.596
1085;Sjælland;2022-10-03;1;7055;2025-02-18T10:07:19.596
1081;Nordjylland;2022-10-03;2;7057;2025-02-18T10:07:19.596
1082;Midtjylland;2022-10-03;1;7058;2025-02-18T10:07:19.596
1084;Hovedstaden;2022-10-03;1;7059;2025-02-18T10:07:19.596
1083;Syddanmark;2022-10-04;3;7062;2025-02-18T10:07:19.596
1082;Midtjylland;2022-10-04;1;7063;2025-02-18T10:07:19.596
1084;Hovedstaden;2022-10-04;2;7065;2025-02-18T10:07:19.596
1083;Syddanmark;2022-10-05;4;7069;2025-02-18T10:07:19.596
1085;Sjælland;2022-10-05;3;7072;2025-02-18T10:07:19.596
1081;Nordjylland;2022-10-05;3;7075;2025-02-18T10:07:19.596
1082;Midtjylland;2022-10-05;2;7077;2025-02-18T10:07:19.596
1084;Hovedstaden;2022-10-05;1;7078;2025-02-18T10:07:19.596
1085;Sjælland;2022-10-06;1;7079;2025-02-18T10:07:19.596
1081;Nordjylland;2022-10-06;1;7080;2025-02-18T10:07:19.596
1082;Midtjylland;2022-10-06;1;7081;2025-02-18T10:07:19.596
1084;Hovedstaden;2022-10-06;2;7083;2025-02-18T10:07:19.596
1083;Syddanmark;2022-10-07;2;7085;2025-02-18T10:07:19.596
1085;Sjælland;2022-10-07;1;7086;2025-02-18T10:07:19.596
1081;Nordjylland;2022-10-07;0;7086;2025-02-18T10:07:19.596
1084;Hovedstaden;2022-10-07;4;7090;2025-02-18T10:07:19.596
1083;Syddanmark;2022-10-08;4;7094;2025-02-18T10:07:19.596
1081;Nordjylland;2022-10-08;1;7095;2025-02-18T10:07:19.596
1082;Midtjylland;2022-10-08;1;7096;2025-02-18T10:07:19.596
1084;Hovedstaden;2022-10-08;2;7098;2025-02-18T10:07:19.596
1083;Syddanmark;2022-10-09;2;7100;2025-02-18T10:07:19.596
1085;Sjælland;2022-10-09;2;7102;2025-02-18T10:07:19.596
1081;Nordjylland;2022-10-09;3;7105;2025-02-18T10:07:19.596
1083;Syddanmark;2022-10-10;2;7107;2025-02-18T10:07:19.596
1085;Sjælland;2022-10-10;2;7109;2025-02-18T10:07:19.596
1081;Nordjylland;2022-10-10;2;7111;2025-02-18T10:07:19.596
1084;Hovedstaden;2022-10-10;0;7111;2025-02-18T10:07:19.596
1083;Syddanmark;2022-10-11;1;7112;2025-02-18T10:07:19.596
1085;Sjælland;2022-10-11;3;7115;2025-02-18T10:07:19.596
1081;Nordjylland;2022-10-11;1;7116;2025-02-18T10:07:19.596
1082;Midtjylland;2022-10-11;3;7119;2025-02-18T10:07:19.596
1084;Hovedstaden;2022-10-11;0;7119;2025-02-18T10:07:19.596
1083;Syddanmark;2022-10-12;1;7120;2025-02-18T10:07:19.596
1085;Sjælland;2022-10-12;2;7122;2025-02-18T10:07:19.596
1081;Nordjylland;2022-10-12;0;7122;2025-02-18T10:07:19.596
1082;Midtjylland;2022-10-12;1;7123;2025-02-18T10:07:19.596
1084;Hovedstaden;2022-10-12;2;7125;2025-02-18T10:07:19.596
1083;Syddanmark;2022-10-13;3;7128;2025-02-18T10:07:19.596
1085;Sjælland;2022-10-13;4;7132;2025-02-18T10:07:19.596
1081;Nordjylland;2022-10-13;2;7134;2025-02-18T10:07:19.596
1084;Hovedstaden;2022-10-13;2;7136;2025-02-18T10:07:19.596
1083;Syddanmark;2022-10-14;3;7139;2025-02-18T10:07:19.596
1085;Sjælland;2022-10-14;1;7140;2025-02-18T10:07:19.596
1082;Midtjylland;2022-10-14;3;7143;2025-02-18T10:07:19.596
1083;Syddanmark;2022-10-15;2;7145;2025-02-18T10:07:19.596
1085;Sjælland;2022-10-15;4;7149;2025-02-18T10:07:19.596
1082;Midtjylland;2022-10-15;1;7150;2025-02-18T10:07:19.596
1084;Hovedstaden;2022-10-15;1;7151;2025-02-18T10:07:19.596
1083;Syddanmark;2022-10-16;1;7152;2025-02-18T10:07:19.596
1085;Sjælland;2022-10-16;2;7154;2025-02-18T10:07:19.596
1081;Nordjylland;2022-10-16;2;7156;2025-02-18T10:07:19.596
1082;Midtjylland;2022-10-16;1;7157;2025-02-18T10:07:19.596
1084;Hovedstaden;2022-10-16;2;7159;2025-02-18T10:07:19.596
1083;Syddanmark;2022-10-17;5;7164;2025-02-18T10:07:19.596
1085;Sjælland;2022-10-17;3;7167;2025-02-18T10:07:19.596
1081;Nordjylland;2022-10-17;2;7169;2025-02-18T10:07:19.596
1082;Midtjylland;2022-10-17;2;7171;2025-02-18T10:07:19.596
1084;Hovedstaden;2022-10-17;4;7175;2025-02-18T10:07:19.596
1083;Syddanmark;2022-10-18;1;7176;2025-02-18T10:07:19.596
1085;Sjælland;2022-10-18;1;7177;2025-02-18T10:07:19.596
1081;Nordjylland;2022-10-18;3;7180;2025-02-18T10:07:19.596
1082;Midtjylland;2022-10-18;1;7181;2025-02-18T10:07:19.596
1084;Hovedstaden;2022-10-18;2;7183;2025-02-18T10:07:19.596
1083;Syddanmark;2022-10-19;1;7184;2025-02-18T10:07:19.596
1085;Sjælland;2022-10-19;3;7187;2025-02-18T10:07:19.596
1082;Midtjylland;2022-10-19;1;7188;2025-02-18T10:07:19.596
1084;Hovedstaden;2022-10-19;6;7194;2025-02-18T10:07:19.596
1083;Syddanmark;2022-10-20;8;7202;2025-02-18T10:07:19.596
1085;Sjælland;2022-10-20;1;7203;2025-02-18T10:07:19.596
1081;Nordjylland;2022-10-20;1;7204;2025-02-18T10:07:19.596
1082;Midtjylland;2022-10-20;1;7205;2025-02-18T10:07:19.596
1084;Hovedstaden;2022-10-20;3;7208;2025-02-18T10:07:19.596
1083;Syddanmark;2022-10-21;4;7212;2025-02-18T10:07:19.596
1085;Sjælland;2022-10-21;3;7215;2025-02-18T10:07:19.596
1081;Nordjylland;2022-10-21;6;7221;2025-02-18T10:07:19.596
1082;Midtjylland;2022-10-21;1;7222;2025-02-18T10:07:19.596
1084;Hovedstaden;2022-10-21;3;7225;2025-02-18T10:07:19.596
1083;Syddanmark;2022-10-22;4;7229;2025-02-18T10:07:19.596
1085;Sjælland;2022-10-22;3;7232;2025-02-18T10:07:19.596
1081;Nordjylland;2022-10-22;1;7233;2025-02-18T10:07:19.596
1082;Midtjylland;2022-10-22;1;7234;2025-02-18T10:07:19.596
1084;Hovedstaden;2022-10-22;3;7237;2025-02-18T10:07:19.596
1083;Syddanmark;2022-10-23;2;7239;2025-02-18T10:07:19.596
1085;Sjælland;2022-10-23;3;7242;2025-02-18T10:07:19.596
1081;Nordjylland;2022-10-23;1;7243;2025-02-18T10:07:19.596
1082;Midtjylland;2022-10-23;2;7245;2025-02-18T10:07:19.596
1084;Hovedstaden;2022-10-23;2;7247;2025-02-18T10:07:19.596
1083;Syddanmark;2022-10-24;0;7247;2025-02-18T10:07:19.596
1085;Sjælland;2022-10-24;2;7249;2025-02-18T10:07:19.596
1081;Nordjylland;2022-10-24;1;7250;2025-02-18T10:07:19.596
1084;Hovedstaden;2022-10-24;3;7253;2025-02-18T10:07:19.596
1083;Syddanmark;2022-10-25;4;7257;2025-02-18T10:07:19.596
1085;Sjælland;2022-10-25;1;7258;2025-02-18T10:07:19.596
1081;Nordjylland;2022-10-25;2;7260;2025-02-18T10:07:19.596
1082;Midtjylland;2022-10-25;1;7261;2025-02-18T10:07:19.596
1084;Hovedstaden;2022-10-25;2;7263;2025-02-18T10:07:19.596
1083;Syddanmark;2022-10-26;1;7264;2025-02-18T10:07:19.596
1085;Sjælland;2022-10-26;6;7270;2025-02-18T10:07:19.596
1081;Nordjylland;2022-10-26;2;7272;2025-02-18T10:07:19.596
1082;Midtjylland;2022-10-26;1;7273;2025-02-18T10:07:19.596
1084;Hovedstaden;2022-10-26;4;7277;2025-02-18T10:07:19.596
1083;Syddanmark;2022-10-27;2;7279;2025-02-18T10:07:19.596
1085;Sjælland;2022-10-27;1;7280;2025-02-18T10:07:19.596
1081;Nordjylland;2022-10-27;1;7281;2025-02-18T10:07:19.596
1082;Midtjylland;2022-10-27;1;7282;2025-02-18T10:07:19.596
1084;Hovedstaden;2022-10-27;4;7286;2025-02-18T10:07:19.596
1083;Syddanmark;2022-10-28;2;7288;2025-02-18T10:07:19.596
1085;Sjælland;2022-10-28;0;7288;2025-02-18T10:07:19.596
1081;Nordjylland;2022-10-28;1;7289;2025-02-18T10:07:19.596
1082;Midtjylland;2022-10-28;1;7290;2025-02-18T10:07:19.596
1084;Hovedstaden;2022-10-28;1;7291;2025-02-18T10:07:19.596
1083;Syddanmark;2022-10-29;1;7292;2025-02-18T10:07:19.596
1085;Sjælland;2022-10-29;1;7293;2025-02-18T10:07:19.596
1081;Nordjylland;2022-10-29;1;7294;2025-02-18T10:07:19.596
1082;Midtjylland;2022-10-29;2;7296;2025-02-18T10:07:19.596
1084;Hovedstaden;2022-10-29;2;7298;2025-02-18T10:07:19.596
1083;Syddanmark;2022-10-30;2;7300;2025-02-18T10:07:19.596
1085;Sjælland;2022-10-30;3;7303;2025-02-18T10:07:19.596
1081;Nordjylland;2022-10-30;1;7304;2025-02-18T10:07:19.596
1082;Midtjylland;2022-10-30;1;7305;2025-02-18T10:07:19.596
1084;Hovedstaden;2022-10-30;5;7310;2025-02-18T10:07:19.596
1083;Syddanmark;2022-10-31;2;7312;2025-02-18T10:07:19.596
1084;Hovedstaden;2022-10-31;1;7313;2025-02-18T10:07:19.596
1083;Syddanmark;2022-11-01;3;7316;2025-02-18T10:07:19.596
1085;Sjælland;2022-11-01;3;7319;2025-02-18T10:07:19.596
1081;Nordjylland;2022-11-01;1;7320;2025-02-18T10:07:19.596
1082;Midtjylland;2022-11-01;1;7321;2025-02-18T10:07:19.596
1084;Hovedstaden;2022-11-01;4;7325;2025-02-18T10:07:19.596
1083;Syddanmark;2022-11-02;3;7328;2025-02-18T10:07:19.596
1085;Sjælland;2022-11-02;1;7329;2025-02-18T10:07:19.596
1081;Nordjylland;2022-11-02;1;7330;2025-02-18T10:07:19.596
1082;Midtjylland;2022-11-02;1;7331;2025-02-18T10:07:19.596
1084;Hovedstaden;2022-11-02;3;7334;2025-02-18T10:07:19.596
1083;Syddanmark;2022-11-03;3;7337;2025-02-18T10:07:19.596
1085;Sjælland;2022-11-03;2;7339;2025-02-18T10:07:19.596
1081;Nordjylland;2022-11-03;0;7339;2025-02-18T10:07:19.596
1082;Midtjylland;2022-11-03;2;7341;2025-02-18T10:07:19.596
1084;Hovedstaden;2022-11-03;3;7344;2025-02-18T10:07:19.596
1083;Syddanmark;2022-11-04;4;7348;2025-02-18T10:07:19.596
1085;Sjælland;2022-11-04;3;7351;2025-02-18T10:07:19.596
1081;Nordjylland;2022-11-04;2;7353;2025-02-18T10:07:19.596
1082;Midtjylland;2022-11-04;1;7354;2025-02-18T10:07:19.596
1084;Hovedstaden;2022-11-04;3;7357;2025-02-18T10:07:19.596
1083;Syddanmark;2022-11-05;3;7360;2025-02-18T10:07:19.596
1085;Sjælland;2022-11-05;1;7361;2025-02-18T10:07:19.596
1081;Nordjylland;2022-11-05;1;7362;2025-02-18T10:07:19.596
1082;Midtjylland;2022-11-05;1;7363;2025-02-18T10:07:19.596
1084;Hovedstaden;2022-11-05;1;7364;2025-02-18T10:07:19.596
1083;Syddanmark;2022-11-06;2;7366;2025-02-18T10:07:19.596
1085;Sjælland;2022-11-06;2;7368;2025-02-18T10:07:19.596
1081;Nordjylland;2022-11-06;1;7369;2025-02-18T10:07:19.596
1084;Hovedstaden;2022-11-06;2;7371;2025-02-18T10:07:19.596
1083;Syddanmark;2022-11-07;1;7372;2025-02-18T10:07:19.596
1085;Sjælland;2022-11-07;3;7375;2025-02-18T10:07:19.596
1082;Midtjylland;2022-11-07;1;7376;2025-02-18T10:07:19.596
1084;Hovedstaden;2022-11-07;2;7378;2025-02-18T10:07:19.596
1085;Sjælland;2022-11-08;0;7378;2025-02-18T10:07:19.596
1081;Nordjylland;2022-11-08;2;7380;2025-02-18T10:07:19.596
1082;Midtjylland;2022-11-08;2;7382;2025-02-18T10:07:19.596
1084;Hovedstaden;2022-11-08;2;7384;2025-02-18T10:07:19.596
1085;Sjælland;2022-11-09;1;7385;2025-02-18T10:07:19.596
1081;Nordjylland;2022-11-09;0;7385;2025-02-18T10:07:19.596
1082;Midtjylland;2022-11-09;2;7387;2025-02-18T10:07:19.596
1084;Hovedstaden;2022-11-09;0;7387;2025-02-18T10:07:19.596
1083;Syddanmark;2022-11-10;3;7390;2025-02-18T10:07:19.596
1085;Sjælland;2022-11-10;1;7391;2025-02-18T10:07:19.596
1081;Nordjylland;2022-11-10;3;7394;2025-02-18T10:07:19.596
1082;Midtjylland;2022-11-10;1;7395;2025-02-18T10:07:19.596
1084;Hovedstaden;2022-11-10;3;7398;2025-02-18T10:07:19.596
1083;Syddanmark;2022-11-11;1;7399;2025-02-18T10:07:19.596
1081;Nordjylland;2022-11-11;1;7400;2025-02-18T10:07:19.596
1082;Midtjylland;2022-11-11;0;7400;2025-02-18T10:07:19.596
1084;Hovedstaden;2022-11-11;1;7401;2025-02-18T10:07:19.596
1083;Syddanmark;2022-11-12;1;7402;2025-02-18T10:07:19.596
1081;Nordjylland;2022-11-12;2;7404;2025-02-18T10:07:19.596
1082;Midtjylland;2022-11-12;1;7405;2025-02-18T10:07:19.596
1084;Hovedstaden;2022-11-12;3;7408;2025-02-18T10:07:19.596
1083;Syddanmark;2022-11-13;0;7408;2025-02-18T10:07:19.596
1081;Nordjylland;2022-11-13;1;7409;2025-02-18T10:07:19.596
1082;Midtjylland;2022-11-13;0;7409;2025-02-18T10:07:19.596
1084;Hovedstaden;2022-11-13;1;7410;2025-02-18T10:07:19.596
1085;Sjælland;2022-11-14;2;7412;2025-02-18T10:07:19.596
1081;Nordjylland;2022-11-14;3;7415;2025-02-18T10:07:19.596
1082;Midtjylland;2022-11-14;1;7416;2025-02-18T10:07:19.596
1084;Hovedstaden;2022-11-14;6;7422;2025-02-18T10:07:19.596
1083;Syddanmark;2022-11-15;0;7422;2025-02-18T10:07:19.596
1085;Sjælland;2022-11-15;1;7423;2025-02-18T10:07:19.596
1081;Nordjylland;2022-11-15;1;7424;2025-02-18T10:07:19.596
1083;Syddanmark;2022-11-16;1;7425;2025-02-18T10:07:19.596
1081;Nordjylland;2022-11-16;0;7425;2025-02-18T10:07:19.596
1082;Midtjylland;2022-11-16;0;7425;2025-02-18T10:07:19.596
1084;Hovedstaden;2022-11-16;2;7427;2025-02-18T10:07:19.596
1085;Sjælland;2022-11-17;1;7428;2025-02-18T10:07:19.596
1082;Midtjylland;2022-11-17;2;7430;2025-02-18T10:07:19.596
1084;Hovedstaden;2022-11-17;2;7432;2025-02-18T10:07:19.596
1083;Syddanmark;2022-11-18;1;7433;2025-02-18T10:07:19.596
1085;Sjælland;2022-11-18;2;7435;2025-02-18T10:07:19.596
1082;Midtjylland;2022-11-18;1;7436;2025-02-18T10:07:19.596
1084;Hovedstaden;2022-11-18;3;7439;2025-02-18T10:07:19.596
1083;Syddanmark;2022-11-19;2;7441;2025-02-18T10:07:19.596
1085;Sjælland;2022-11-19;2;7443;2025-02-18T10:07:19.596
1084;Hovedstaden;2022-11-19;2;7445;2025-02-18T10:07:19.596
1083;Syddanmark;2022-11-20;0;7445;2025-02-18T10:07:19.596
1085;Sjælland;2022-11-20;1;7446;2025-02-18T10:07:19.596
1081;Nordjylland;2022-11-20;1;7447;2025-02-18T10:07:19.596
1082;Midtjylland;2022-11-20;2;7449;2025-02-18T10:07:19.596
1084;Hovedstaden;2022-11-20;1;7450;2025-02-18T10:07:19.596
1083;Syddanmark;2022-11-21;1;7451;2025-02-18T10:07:19.596
1081;Nordjylland;2022-11-21;0;7451;2025-02-18T10:07:19.596
1082;Midtjylland;2022-11-21;1;7452;2025-02-18T10:07:19.596
1084;Hovedstaden;2022-11-21;1;7453;2025-02-18T10:07:19.596
1085;Sjælland;2022-11-22;2;7455;2025-02-18T10:07:19.596
1081;Nordjylland;2022-11-22;1;7456;2025-02-18T10:07:19.596
1082;Midtjylland;2022-11-22;0;7456;2025-02-18T10:07:19.596
1084;Hovedstaden;2022-11-22;1;7457;2025-02-18T10:07:19.596
1083;Syddanmark;2022-11-23;1;7458;2025-02-18T10:07:19.596
1085;Sjælland;2022-11-23;1;7459;2025-02-18T10:07:19.596
1081;Nordjylland;2022-11-23;0;7459;2025-02-18T10:07:19.596
1084;Hovedstaden;2022-11-23;3;7462;2025-02-18T10:07:19.596
1083;Syddanmark;2022-11-24;1;7463;2025-02-18T10:07:19.596
1085;Sjælland;2022-11-24;0;7463;2025-02-18T10:07:19.596
1082;Midtjylland;2022-11-24;2;7465;2025-02-18T10:07:19.596
1084;Hovedstaden;2022-11-24;1;7466;2025-02-18T10:07:19.596
1083;Syddanmark;2022-11-25;1;7467;2025-02-18T10:07:19.596
1085;Sjælland;2022-11-25;2;7469;2025-02-18T10:07:19.596
1081;Nordjylland;2022-11-25;0;7469;2025-02-18T10:07:19.596
1084;Hovedstaden;2022-11-25;2;7471;2025-02-18T10:07:19.596
1083;Syddanmark;2022-11-26;0;7471;2025-02-18T10:07:19.596
1084;Hovedstaden;2022-11-26;2;7473;2025-02-18T10:07:19.596
1083;Syddanmark;2022-11-27;0;7473;2025-02-18T10:07:19.596
1081;Nordjylland;2022-11-27;3;7476;2025-02-18T10:07:19.596
1082;Midtjylland;2022-11-27;2;7478;2025-02-18T10:07:19.596
1084;Hovedstaden;2022-11-27;2;7480;2025-02-18T10:07:19.596
1085;Sjælland;2022-11-28;0;7480;2025-02-18T10:07:19.596
1082;Midtjylland;2022-11-28;1;7481;2025-02-18T10:07:19.596
1084;Hovedstaden;2022-11-28;2;7483;2025-02-18T10:07:19.596
1083;Syddanmark;2022-11-29;0;7483;2025-02-18T10:07:19.596
1085;Sjælland;2022-11-29;0;7483;2025-02-18T10:07:19.596
1081;Nordjylland;2022-11-29;1;7484;2025-02-18T10:07:19.596
1084;Hovedstaden;2022-11-29;2;7486;2025-02-18T10:07:19.596
1083;Syddanmark;2022-11-30;0;7486;2025-02-18T10:07:19.596
1085;Sjælland;2022-11-30;1;7487;2025-02-18T10:07:19.596
1082;Midtjylland;2022-11-30;2;7489;2025-02-18T10:07:19.596
1084;Hovedstaden;2022-11-30;2;7491;2025-02-18T10:07:19.596
1083;Syddanmark;2022-12-01;0;7491;2025-02-18T10:07:19.596
1085;Sjælland;2022-12-01;1;7492;2025-02-18T10:07:19.596
1081;Nordjylland;2022-12-01;1;7493;2025-02-18T10:07:19.596
1082;Midtjylland;2022-12-01;0;7493;2025-02-18T10:07:19.596
1084;Hovedstaden;2022-12-01;2;7495;2025-02-18T10:07:19.596
1084;Hovedstaden;2022-12-02;1;7496;2025-02-18T10:07:19.596
1083;Syddanmark;2022-12-03;3;7499;2025-02-18T10:07:19.596
1085;Sjælland;2022-12-03;1;7500;2025-02-18T10:07:19.596
1081;Nordjylland;2022-12-03;1;7501;2025-02-18T10:07:19.596
1082;Midtjylland;2022-12-03;1;7502;2025-02-18T10:07:19.596
1084;Hovedstaden;2022-12-03;2;7504;2025-02-18T10:07:19.596
1083;Syddanmark;2022-12-04;1;7505;2025-02-18T10:07:19.596
1081;Nordjylland;2022-12-04;1;7506;2025-02-18T10:07:19.596
1084;Hovedstaden;2022-12-04;3;7509;2025-02-18T10:07:19.596
1083;Syddanmark;2022-12-05;4;7513;2025-02-18T10:07:19.596
1085;Sjælland;2022-12-05;1;7514;2025-02-18T10:07:19.596
1084;Hovedstaden;2022-12-05;1;7515;2025-02-18T10:07:19.596
1083;Syddanmark;2022-12-06;3;7518;2025-02-18T10:07:19.596
1085;Sjælland;2022-12-06;0;7518;2025-02-18T10:07:19.596
1081;Nordjylland;2022-12-06;1;7519;2025-02-18T10:07:19.596
1084;Hovedstaden;2022-12-06;6;7525;2025-02-18T10:07:19.596
1083;Syddanmark;2022-12-07;1;7526;2025-02-18T10:07:19.596
1085;Sjælland;2022-12-07;1;7527;2025-02-18T10:07:19.596
1082;Midtjylland;2022-12-07;2;7529;2025-02-18T10:07:19.596
1084;Hovedstaden;2022-12-07;1;7530;2025-02-18T10:07:19.596
1083;Syddanmark;2022-12-08;3;7533;2025-02-18T10:07:19.596
1085;Sjælland;2022-12-08;0;7533;2025-02-18T10:07:19.596
1081;Nordjylland;2022-12-08;1;7534;2025-02-18T10:07:19.596
1082;Midtjylland;2022-12-08;1;7535;2025-02-18T10:07:19.596
1084;Hovedstaden;2022-12-08;0;7535;2025-02-18T10:07:19.596
1083;Syddanmark;2022-12-09;6;7541;2025-02-18T10:07:19.596
1081;Nordjylland;2022-12-09;1;7542;2025-02-18T10:07:19.596
1082;Midtjylland;2022-12-09;2;7544;2025-02-18T10:07:19.596
1084;Hovedstaden;2022-12-09;3;7547;2025-02-18T10:07:19.596
1085;Sjælland;2022-12-10;0;7547;2025-02-18T10:07:19.596
1082;Midtjylland;2022-12-10;1;7548;2025-02-18T10:07:19.596
1084;Hovedstaden;2022-12-10;1;7549;2025-02-18T10:07:19.596
1081;Nordjylland;2022-12-11;1;7550;2025-02-18T10:07:19.596
1082;Midtjylland;2022-12-11;2;7552;2025-02-18T10:07:19.596
1084;Hovedstaden;2022-12-11;3;7555;2025-02-18T10:07:19.596
1083;Syddanmark;2022-12-12;4;7559;2025-02-18T10:07:19.596
1085;Sjælland;2022-12-12;0;7559;2025-02-18T10:07:19.596
1082;Midtjylland;2022-12-12;1;7560;2025-02-18T10:07:19.596
1084;Hovedstaden;2022-12-12;5;7565;2025-02-18T10:07:19.596
1083;Syddanmark;2022-12-13;1;7566;2025-02-18T10:07:19.596
1085;Sjælland;2022-12-13;1;7567;2025-02-18T10:07:19.596
1081;Nordjylland;2022-12-13;2;7569;2025-02-18T10:07:19.596
1082;Midtjylland;2022-12-13;2;7571;2025-02-18T10:07:19.596
1084;Hovedstaden;2022-12-13;2;7573;2025-02-18T10:07:19.596
1083;Syddanmark;2022-12-14;1;7574;2025-02-18T10:07:19.596
1085;Sjælland;2022-12-14;0;7574;2025-02-18T10:07:19.596
1082;Midtjylland;2022-12-14;2;7576;2025-02-18T10:07:19.596
1084;Hovedstaden;2022-12-14;5;7581;2025-02-18T10:07:19.596
1083;Syddanmark;2022-12-15;2;7583;2025-02-18T10:07:19.596
1085;Sjælland;2022-12-15;1;7584;2025-02-18T10:07:19.596
1081;Nordjylland;2022-12-15;1;7585;2025-02-18T10:07:19.596
1084;Hovedstaden;2022-12-15;5;7590;2025-02-18T10:07:19.596
1083;Syddanmark;2022-12-16;1;7591;2025-02-18T10:07:19.596
1085;Sjælland;2022-12-16;0;7591;2025-02-18T10:07:19.596
1081;Nordjylland;2022-12-16;0;7591;2025-02-18T10:07:19.596
1082;Midtjylland;2022-12-16;3;7594;2025-02-18T10:07:19.596
1084;Hovedstaden;2022-12-16;4;7598;2025-02-18T10:07:19.596
1083;Syddanmark;2022-12-17;1;7599;2025-02-18T10:07:19.596
1085;Sjælland;2022-12-17;1;7600;2025-02-18T10:07:19.596
1081;Nordjylland;2022-12-17;1;7601;2025-02-18T10:07:19.596
1084;Hovedstaden;2022-12-17;5;7606;2025-02-18T10:07:19.596
1083;Syddanmark;2022-12-18;2;7608;2025-02-18T10:07:19.596
1085;Sjælland;2022-12-18;1;7609;2025-02-18T10:07:19.596
1081;Nordjylland;2022-12-18;2;7611;2025-02-18T10:07:19.596
1082;Midtjylland;2022-12-18;4;7615;2025-02-18T10:07:19.596
1084;Hovedstaden;2022-12-18;5;7620;2025-02-18T10:07:19.596
1083;Syddanmark;2022-12-19;0;7620;2025-02-18T10:07:19.596
1085;Sjælland;2022-12-19;4;7624;2025-02-18T10:07:19.596
1081;Nordjylland;2022-12-19;1;7625;2025-02-18T10:07:19.596
1082;Midtjylland;2022-12-19;1;7626;2025-02-18T10:07:19.596
1084;Hovedstaden;2022-12-19;3;7629;2025-02-18T10:07:19.596
1083;Syddanmark;2022-12-20;1;7630;2025-02-18T10:07:19.596
1081;Nordjylland;2022-12-20;1;7631;2025-02-18T10:07:19.596
1082;Midtjylland;2022-12-20;1;7632;2025-02-18T10:07:19.596
1084;Hovedstaden;2022-12-20;7;7639;2025-02-18T10:07:19.596
1083;Syddanmark;2022-12-21;2;7641;2025-02-18T10:07:19.596
1085;Sjælland;2022-12-21;1;7642;2025-02-18T10:07:19.596
1081;Nordjylland;2022-12-21;1;7643;2025-02-18T10:07:19.596
1084;Hovedstaden;2022-12-21;7;7650;2025-02-18T10:07:19.596
1083;Syddanmark;2022-12-22;2;7652;2025-02-18T10:07:19.596
1085;Sjælland;2022-12-22;3;7655;2025-02-18T10:07:19.596
1081;Nordjylland;2022-12-22;2;7657;2025-02-18T10:07:19.596
1082;Midtjylland;2022-12-22;2;7659;2025-02-18T10:07:19.596
1084;Hovedstaden;2022-12-22;5;7664;2025-02-18T10:07:19.596
1083;Syddanmark;2022-12-23;3;7667;2025-02-18T10:07:19.596
1085;Sjælland;2022-12-23;1;7668;2025-02-18T10:07:19.596
1082;Midtjylland;2022-12-23;2;7670;2025-02-18T10:07:19.596
1084;Hovedstaden;2022-12-23;4;7674;2025-02-18T10:07:19.596
1083;Syddanmark;2022-12-24;1;7675;2025-02-18T10:07:19.596
1085;Sjælland;2022-12-24;0;7675;2025-02-18T10:07:19.596
1081;Nordjylland;2022-12-24;1;7676;2025-02-18T10:07:19.596
1082;Midtjylland;2022-12-24;4;7680;2025-02-18T10:07:19.596
1084;Hovedstaden;2022-12-24;3;7683;2025-02-18T10:07:19.596
1083;Syddanmark;2022-12-25;2;7685;2025-02-18T10:07:19.596
1085;Sjælland;2022-12-25;3;7688;2025-02-18T10:07:19.596
1082;Midtjylland;2022-12-25;5;7693;2025-02-18T10:07:19.596
1084;Hovedstaden;2022-12-25;3;7696;2025-02-18T10:07:19.596
1083;Syddanmark;2022-12-26;5;7701;2025-02-18T10:07:19.596
1081;Nordjylland;2022-12-26;2;7703;2025-02-18T10:07:19.596
1082;Midtjylland;2022-12-26;1;7704;2025-02-18T10:07:19.596
1084;Hovedstaden;2022-12-26;4;7708;2025-02-18T10:07:19.596
1083;Syddanmark;2022-12-27;2;7710;2025-02-18T10:07:19.596
1085;Sjælland;2022-12-27;0;7710;2025-02-18T10:07:19.596
1081;Nordjylland;2022-12-27;1;7711;2025-02-18T10:07:19.596
1082;Midtjylland;2022-12-27;1;7712;2025-02-18T10:07:19.596
1084;Hovedstaden;2022-12-27;1;7713;2025-02-18T10:07:19.596
1083;Syddanmark;2022-12-28;2;7715;2025-02-18T10:07:19.596
1085;Sjælland;2022-12-28;3;7718;2025-02-18T10:07:19.596
1081;Nordjylland;2022-12-28;5;7723;2025-02-18T10:07:19.596
1082;Midtjylland;2022-12-28;3;7726;2025-02-18T10:07:19.596
1084;Hovedstaden;2022-12-28;4;7730;2025-02-18T10:07:19.596
1083;Syddanmark;2022-12-29;1;7731;2025-02-18T10:07:19.596
1085;Sjælland;2022-12-29;1;7732;2025-02-18T10:07:19.596
1081;Nordjylland;2022-12-29;2;7734;2025-02-18T10:07:19.596
1082;Midtjylland;2022-12-29;1;7735;2025-02-18T10:07:19.596
1084;Hovedstaden;2022-12-29;5;7740;2025-02-18T10:07:19.596
1083;Syddanmark;2022-12-30;6;7746;2025-02-18T10:07:19.596
1085;Sjælland;2022-12-30;1;7747;2025-02-18T10:07:19.596
1081;Nordjylland;2022-12-30;1;7748;2025-02-18T10:07:19.596
1082;Midtjylland;2022-12-30;2;7750;2025-02-18T10:07:19.596
1084;Hovedstaden;2022-12-30;2;7752;2025-02-18T10:07:19.596
1083;Syddanmark;2022-12-31;5;7757;2025-02-18T10:07:19.596
1085;Sjælland;2022-12-31;5;7762;2025-02-18T10:07:19.596
1081;Nordjylland;2022-12-31;2;7764;2025-02-18T10:07:19.596
1082;Midtjylland;2022-12-31;3;7767;2025-02-18T10:07:19.596
1084;Hovedstaden;2022-12-31;9;7776;2025-02-18T10:07:19.596
1083;Syddanmark;2023-01-01;1;7777;2025-02-18T10:07:19.596
1085;Sjælland;2023-01-01;4;7781;2025-02-18T10:07:19.596
1081;Nordjylland;2023-01-01;2;7783;2025-02-18T10:07:19.596
1082;Midtjylland;2023-01-01;1;7784;2025-02-18T10:07:19.596
1084;Hovedstaden;2023-01-01;8;7792;2025-02-18T10:07:19.596
1083;Syddanmark;2023-01-02;3;7795;2025-02-18T10:07:19.596
1081;Nordjylland;2023-01-02;2;7797;2025-02-18T10:07:19.596
1082;Midtjylland;2023-01-02;4;7801;2025-02-18T10:07:19.596
1084;Hovedstaden;2023-01-02;6;7807;2025-02-18T10:07:19.596
1083;Syddanmark;2023-01-03;3;7810;2025-02-18T10:07:19.596
1085;Sjælland;2023-01-03;6;7816;2025-02-18T10:07:19.596
1081;Nordjylland;2023-01-03;1;7817;2025-02-18T10:07:19.596
1082;Midtjylland;2023-01-03;3;7820;2025-02-18T10:07:19.596
1084;Hovedstaden;2023-01-03;3;7823;2025-02-18T10:07:19.596
1083;Syddanmark;2023-01-04;4;7827;2025-02-18T10:07:19.596
1085;Sjælland;2023-01-04;1;7828;2025-02-18T10:07:19.596
1081;Nordjylland;2023-01-04;1;7829;2025-02-18T10:07:19.596
1082;Midtjylland;2023-01-04;6;7835;2025-02-18T10:07:19.596
1084;Hovedstaden;2023-01-04;2;7837;2025-02-18T10:07:19.596
1083;Syddanmark;2023-01-05;1;7838;2025-02-18T10:07:19.596
1085;Sjælland;2023-01-05;2;7840;2025-02-18T10:07:19.596
1082;Midtjylland;2023-01-05;3;7843;2025-02-18T10:07:19.596
1084;Hovedstaden;2023-01-05;5;7848;2025-02-18T10:07:19.596
1083;Syddanmark;2023-01-06;3;7851;2025-02-18T10:07:19.596
1085;Sjælland;2023-01-06;3;7854;2025-02-18T10:07:19.596
1081;Nordjylland;2023-01-06;1;7855;2025-02-18T10:07:19.596
1082;Midtjylland;2023-01-06;5;7860;2025-02-18T10:07:19.596
1084;Hovedstaden;2023-01-06;8;7868;2025-02-18T10:07:19.596
1083;Syddanmark;2023-01-07;4;7872;2025-02-18T10:07:19.596
1085;Sjælland;2023-01-07;1;7873;2025-02-18T10:07:19.596
1081;Nordjylland;2023-01-07;1;7874;2025-02-18T10:07:19.596
1082;Midtjylland;2023-01-07;3;7877;2025-02-18T10:07:19.596
1084;Hovedstaden;2023-01-07;4;7881;2025-02-18T10:07:19.596
1083;Syddanmark;2023-01-08;1;7882;2025-02-18T10:07:19.596
1085;Sjælland;2023-01-08;3;7885;2025-02-18T10:07:19.596
1081;Nordjylland;2023-01-08;1;7886;2025-02-18T10:07:19.596
1082;Midtjylland;2023-01-08;2;7888;2025-02-18T10:07:19.596
1084;Hovedstaden;2023-01-08;2;7890;2025-02-18T10:07:19.596
1083;Syddanmark;2023-01-09;4;7894;2025-02-18T10:07:19.596
1085;Sjælland;2023-01-09;5;7899;2025-02-18T10:07:19.596
1081;Nordjylland;2023-01-09;2;7901;2025-02-18T10:07:19.596
1082;Midtjylland;2023-01-09;5;7906;2025-02-18T10:07:19.596
1084;Hovedstaden;2023-01-09;4;7910;2025-02-18T10:07:19.596
1083;Syddanmark;2023-01-10;6;7916;2025-02-18T10:07:19.596
1085;Sjælland;2023-01-10;1;7917;2025-02-18T10:07:19.596
1081;Nordjylland;2023-01-10;2;7919;2025-02-18T10:07:19.596
1084;Hovedstaden;2023-01-10;4;7923;2025-02-18T10:07:19.596
1083;Syddanmark;2023-01-11;1;7924;2025-02-18T10:07:19.596
1081;Nordjylland;2023-01-11;1;7925;2025-02-18T10:07:19.596
1082;Midtjylland;2023-01-11;3;7928;2025-02-18T10:07:19.596
1084;Hovedstaden;2023-01-11;6;7934;2025-02-18T10:07:19.596
1083;Syddanmark;2023-01-12;3;7937;2025-02-18T10:07:19.596
1085;Sjælland;2023-01-12;3;7940;2025-02-18T10:07:19.596
1081;Nordjylland;2023-01-12;3;7943;2025-02-18T10:07:19.596
1082;Midtjylland;2023-01-12;1;7944;2025-02-18T10:07:19.596
1084;Hovedstaden;2023-01-12;3;7947;2025-02-18T10:07:19.596
1083;Syddanmark;2023-01-13;5;7952;2025-02-18T10:07:19.596
1085;Sjælland;2023-01-13;3;7955;2025-02-18T10:07:19.596
1081;Nordjylland;2023-01-13;1;7956;2025-02-18T10:07:19.596
1082;Midtjylland;2023-01-13;2;7958;2025-02-18T10:07:19.596
1084;Hovedstaden;2023-01-13;3;7961;2025-02-18T10:07:19.596
1085;Sjælland;2023-01-14;1;7962;2025-02-18T10:07:19.596
1081;Nordjylland;2023-01-14;2;7964;2025-02-18T10:07:19.596
1082;Midtjylland;2023-01-14;2;7966;2025-02-18T10:07:19.596
1084;Hovedstaden;2023-01-14;4;7970;2025-02-18T10:07:19.596
1083;Syddanmark;2023-01-15;2;7972;2025-02-18T10:07:19.596
1085;Sjælland;2023-01-15;1;7973;2025-02-18T10:07:19.596
1081;Nordjylland;2023-01-15;2;7975;2025-02-18T10:07:19.596
1082;Midtjylland;2023-01-15;1;7976;2025-02-18T10:07:19.596
1084;Hovedstaden;2023-01-15;5;7981;2025-02-18T10:07:19.596
1083;Syddanmark;2023-01-16;4;7985;2025-02-18T10:07:19.596
1085;Sjælland;2023-01-16;1;7986;2025-02-18T10:07:19.596
1081;Nordjylland;2023-01-16;1;7987;2025-02-18T10:07:19.596
1082;Midtjylland;2023-01-16;3;7990;2025-02-18T10:07:19.596
1084;Hovedstaden;2023-01-16;4;7994;2025-02-18T10:07:19.596
1083;Syddanmark;2023-01-17;1;7995;2025-02-18T10:07:19.596
1085;Sjælland;2023-01-17;0;7995;2025-02-18T10:07:19.596
1081;Nordjylland;2023-01-17;1;7996;2025-02-18T10:07:19.596
1082;Midtjylland;2023-01-17;3;7999;2025-02-18T10:07:19.596
1084;Hovedstaden;2023-01-17;4;8003;2025-02-18T10:07:19.596
1083;Syddanmark;2023-01-18;1;8004;2025-02-18T10:07:19.596
1085;Sjælland;2023-01-18;5;8009;2025-02-18T10:07:19.596
1082;Midtjylland;2023-01-18;4;8013;2025-02-18T10:07:19.596
1084;Hovedstaden;2023-01-18;5;8018;2025-02-18T10:07:19.596
1083;Syddanmark;2023-01-19;1;8019;2025-02-18T10:07:19.596
1085;Sjælland;2023-01-19;1;8020;2025-02-18T10:07:19.596
1081;Nordjylland;2023-01-19;2;8022;2025-02-18T10:07:19.596
1082;Midtjylland;2023-01-19;1;8023;2025-02-18T10:07:19.596
1084;Hovedstaden;2023-01-19;8;8031;2025-02-18T10:07:19.596
1083;Syddanmark;2023-01-20;2;8033;2025-02-18T10:07:19.596
1085;Sjælland;2023-01-20;2;8035;2025-02-18T10:07:19.596
1081;Nordjylland;2023-01-20;0;8035;2025-02-18T10:07:19.596
1082;Midtjylland;2023-01-20;0;8035;2025-02-18T10:07:19.596
1084;Hovedstaden;2023-01-20;4;8039;2025-02-18T10:07:19.596
1083;Syddanmark;2023-01-21;1;8040;2025-02-18T10:07:19.596
1085;Sjælland;2023-01-21;1;8041;2025-02-18T10:07:19.596
1082;Midtjylland;2023-01-21;3;8044;2025-02-18T10:07:19.596
1084;Hovedstaden;2023-01-21;2;8046;2025-02-18T10:07:19.596
1083;Syddanmark;2023-01-22;1;8047;2025-02-18T10:07:19.596
1085;Sjælland;2023-01-22;3;8050;2025-02-18T10:07:19.596
1081;Nordjylland;2023-01-22;2;8052;2025-02-18T10:07:19.596
1082;Midtjylland;2023-01-22;2;8054;2025-02-18T10:07:19.596
1084;Hovedstaden;2023-01-22;1;8055;2025-02-18T10:07:19.596
1083;Syddanmark;2023-01-23;2;8057;2025-02-18T10:07:19.596
1085;Sjælland;2023-01-23;0;8057;2025-02-18T10:07:19.596
1081;Nordjylland;2023-01-23;1;8058;2025-02-18T10:07:19.596
1082;Midtjylland;2023-01-23;0;8058;2025-02-18T10:07:19.596
1084;Hovedstaden;2023-01-23;1;8059;2025-02-18T10:07:19.596
1083;Syddanmark;2023-01-24;2;8061;2025-02-18T10:07:19.596
1085;Sjælland;2023-01-24;0;8061;2025-02-18T10:07:19.596
1081;Nordjylland;2023-01-24;2;8063;2025-02-18T10:07:19.596
1082;Midtjylland;2023-01-24;2;8065;2025-02-18T10:07:19.596
1084;Hovedstaden;2023-01-24;1;8066;2025-02-18T10:07:19.596
1083;Syddanmark;2023-01-25;0;8066;2025-02-18T10:07:19.596
1081;Nordjylland;2023-01-25;0;8066;2025-02-18T10:07:19.596
1082;Midtjylland;2023-01-25;0;8066;2025-02-18T10:07:19.596
1084;Hovedstaden;2023-01-25;5;8071;2025-02-18T10:07:19.596
1083;Syddanmark;2023-01-26;1;8072;2025-02-18T10:07:19.596
1085;Sjælland;2023-01-26;0;8072;2025-02-18T10:07:19.596
1081;Nordjylland;2023-01-26;0;8072;2025-02-18T10:07:19.596
1082;Midtjylland;2023-01-26;1;8073;2025-02-18T10:07:19.596
1084;Hovedstaden;2023-01-26;2;8075;2025-02-18T10:07:19.596
1083;Syddanmark;2023-01-27;0;8075;2025-02-18T10:07:19.596
1085;Sjælland;2023-01-27;3;8078;2025-02-18T10:07:19.596
1082;Midtjylland;2023-01-27;2;8080;2025-02-18T10:07:19.596
1084;Hovedstaden;2023-01-27;3;8083;2025-02-18T10:07:19.596
1083;Syddanmark;2023-01-28;4;8087;2025-02-18T10:07:19.596
1085;Sjælland;2023-01-28;1;8088;2025-02-18T10:07:19.596
1081;Nordjylland;2023-01-28;0;8088;2025-02-18T10:07:19.596
1082;Midtjylland;2023-01-28;1;8089;2025-02-18T10:07:19.596
1084;Hovedstaden;2023-01-28;2;8091;2025-02-18T10:07:19.596
1083;Syddanmark;2023-01-29;1;8092;2025-02-18T10:07:19.596
1085;Sjælland;2023-01-29;0;8092;2025-02-18T10:07:19.596
1081;Nordjylland;2023-01-29;1;8093;2025-02-18T10:07:19.596
1082;Midtjylland;2023-01-29;0;8093;2025-02-18T10:07:19.596
1084;Hovedstaden;2023-01-29;1;8094;2025-02-18T10:07:19.596
1083;Syddanmark;2023-01-30;3;8097;2025-02-18T10:07:19.596
1085;Sjælland;2023-01-30;3;8100;2025-02-18T10:07:19.596
1084;Hovedstaden;2023-01-30;1;8101;2025-02-18T10:07:19.596
1083;Syddanmark;2023-01-31;2;8103;2025-02-18T10:07:19.596
1085;Sjælland;2023-01-31;1;8104;2025-02-18T10:07:19.596
1081;Nordjylland;2023-01-31;2;8106;2025-02-18T10:07:19.596
1084;Hovedstaden;2023-01-31;1;8107;2025-02-18T10:07:19.596
1083;Syddanmark;2023-02-01;2;8109;2025-02-18T10:07:19.596
1081;Nordjylland;2023-02-01;2;8111;2025-02-18T10:07:19.596
1082;Midtjylland;2023-02-01;2;8113;2025-02-18T10:07:19.596
1084;Hovedstaden;2023-02-01;2;8115;2025-02-18T10:07:19.596
1083;Syddanmark;2023-02-02;1;8116;2025-02-18T10:07:19.596
1085;Sjælland;2023-02-02;0;8116;2025-02-18T10:07:19.596
1081;Nordjylland;2023-02-02;1;8117;2025-02-18T10:07:19.596
1084;Hovedstaden;2023-02-02;3;8120;2025-02-18T10:07:19.596
1083;Syddanmark;2023-02-03;2;8122;2025-02-18T10:07:19.596
1085;Sjælland;2023-02-03;2;8124;2025-02-18T10:07:19.596
1081;Nordjylland;2023-02-03;0;8124;2025-02-18T10:07:19.596
1082;Midtjylland;2023-02-03;1;8125;2025-02-18T10:07:19.596
1084;Hovedstaden;2023-02-03;2;8127;2025-02-18T10:07:19.596
1083;Syddanmark;2023-02-04;2;8129;2025-02-18T10:07:19.596
1085;Sjælland;2023-02-04;0;8129;2025-02-18T10:07:19.596
1081;Nordjylland;2023-02-04;1;8130;2025-02-18T10:07:19.596
1082;Midtjylland;2023-02-04;0;8130;2025-02-18T10:07:19.596
1084;Hovedstaden;2023-02-04;2;8132;2025-02-18T10:07:19.596
1083;Syddanmark;2023-02-05;0;8132;2025-02-18T10:07:19.596
1085;Sjælland;2023-02-05;1;8133;2025-02-18T10:07:19.596
1082;Midtjylland;2023-02-05;1;8134;2025-02-18T10:07:19.596
1084;Hovedstaden;2023-02-05;1;8135;2025-02-18T10:07:19.596
1083;Syddanmark;2023-02-06;1;8136;2025-02-18T10:07:19.596
1085;Sjælland;2023-02-06;0;8136;2025-02-18T10:07:19.596
1081;Nordjylland;2023-02-06;3;8139;2025-02-18T10:07:19.596
1082;Midtjylland;2023-02-06;1;8140;2025-02-18T10:07:19.596
1084;Hovedstaden;2023-02-06;0;8140;2025-02-18T10:07:19.596
1085;Sjælland;2023-02-07;0;8140;2025-02-18T10:07:19.596
1081;Nordjylland;2023-02-07;0;8140;2025-02-18T10:07:19.596
1082;Midtjylland;2023-02-07;1;8141;2025-02-18T10:07:19.596
1083;Syddanmark;2023-02-08;1;8142;2025-02-18T10:07:19.596
1081;Nordjylland;2023-02-08;1;8143;2025-02-18T10:07:19.596
1082;Midtjylland;2023-02-08;0;8143;2025-02-18T10:07:19.596
1084;Hovedstaden;2023-02-08;0;8143;2025-02-18T10:07:19.596
1083;Syddanmark;2023-02-09;2;8145;2025-02-18T10:07:19.596
1081;Nordjylland;2023-02-09;0;8145;2025-02-18T10:07:19.596
1082;Midtjylland;2023-02-09;0;8145;2025-02-18T10:07:19.596
1084;Hovedstaden;2023-02-09;1;8146;2025-02-18T10:07:19.596
1085;Sjælland;2023-02-10;1;8147;2025-02-18T10:07:19.596
1081;Nordjylland;2023-02-10;0;8147;2025-02-18T10:07:19.596
1082;Midtjylland;2023-02-10;1;8148;2025-02-18T10:07:19.596
1084;Hovedstaden;2023-02-10;0;8148;2025-02-18T10:07:19.596
1083;Syddanmark;2023-02-11;2;8150;2025-02-18T10:07:19.596
1085;Sjælland;2023-02-11;1;8151;2025-02-18T10:07:19.596
1081;Nordjylland;2023-02-11;1;8152;2025-02-18T10:07:19.596
1082;Midtjylland;2023-02-11;0;8152;2025-02-18T10:07:19.596
1084;Hovedstaden;2023-02-11;4;8156;2025-02-18T10:07:19.596
1083;Syddanmark;2023-02-12;2;8158;2025-02-18T10:07:19.596
1085;Sjælland;2023-02-12;1;8159;2025-02-18T10:07:19.596
1081;Nordjylland;2023-02-12;0;8159;2025-02-18T10:07:19.596
1084;Hovedstaden;2023-02-12;1;8160;2025-02-18T10:07:19.596
1083;Syddanmark;2023-02-13;1;8161;2025-02-18T10:07:19.596
1085;Sjælland;2023-02-13;1;8162;2025-02-18T10:07:19.596
1081;Nordjylland;2023-02-13;2;8164;2025-02-18T10:07:19.596
1082;Midtjylland;2023-02-13;0;8164;2025-02-18T10:07:19.596
1084;Hovedstaden;2023-02-13;2;8166;2025-02-18T10:07:19.596
1085;Sjælland;2023-02-14;1;8167;2025-02-18T10:07:19.596
1081;Nordjylland;2023-02-14;1;8168;2025-02-18T10:07:19.596
1082;Midtjylland;2023-02-14;1;8169;2025-02-18T10:07:19.596
1083;Syddanmark;2023-02-15;2;8171;2025-02-18T10:07:19.596
1085;Sjælland;2023-02-15;0;8171;2025-02-18T10:07:19.596
1081;Nordjylland;2023-02-15;2;8173;2025-02-18T10:07:19.596
1082;Midtjylland;2023-02-15;0;8173;2025-02-18T10:07:19.596
1084;Hovedstaden;2023-02-15;4;8177;2025-02-18T10:07:19.596
1083;Syddanmark;2023-02-16;2;8179;2025-02-18T10:07:19.596
1085;Sjælland;2023-02-16;0;8179;2025-02-18T10:07:19.596
1082;Midtjylland;2023-02-16;2;8181;2025-02-18T10:07:19.596
1084;Hovedstaden;2023-02-16;1;8182;2025-02-18T10:07:19.596
1083;Syddanmark;2023-02-17;0;8182;2025-02-18T10:07:19.596
1085;Sjælland;2023-02-17;1;8183;2025-02-18T10:07:19.596
1082;Midtjylland;2023-02-17;0;8183;2025-02-18T10:07:19.596
1084;Hovedstaden;2023-02-17;1;8184;2025-02-18T10:07:19.596
1083;Syddanmark;2023-02-18;2;8186;2025-02-18T10:07:19.596
1085;Sjælland;2023-02-18;0;8186;2025-02-18T10:07:19.596
1081;Nordjylland;2023-02-18;1;8187;2025-02-18T10:07:19.596
1082;Midtjylland;2023-02-18;0;8187;2025-02-18T10:07:19.596
1084;Hovedstaden;2023-02-18;0;8187;2025-02-18T10:07:19.596
1082;Midtjylland;2023-02-19;0;8187;2025-02-18T10:07:19.596
1084;Hovedstaden;2023-02-19;3;8190;2025-02-18T10:07:19.596
1082;Midtjylland;2023-02-20;1;8191;2025-02-18T10:07:19.596
1083;Syddanmark;2023-02-21;0;8191;2025-02-18T10:07:19.596
1084;Hovedstaden;2023-02-21;2;8193;2025-02-18T10:07:19.596
1083;Syddanmark;2023-02-22;1;8194;2025-02-18T10:07:19.596
1085;Sjælland;2023-02-22;0;8194;2025-02-18T10:07:19.596
1081;Nordjylland;2023-02-22;1;8195;2025-02-18T10:07:19.596
1084;Hovedstaden;2023-02-22;0;8195;2025-02-18T10:07:19.596
1083;Syddanmark;2023-02-23;2;8197;2025-02-18T10:07:19.596
1085;Sjælland;2023-02-23;0;8197;2025-02-18T10:07:19.596
1082;Midtjylland;2023-02-23;1;8198;2025-02-18T10:07:19.596
1084;Hovedstaden;2023-02-23;1;8199;2025-02-18T10:07:19.596
1083;Syddanmark;2023-02-24;0;8199;2025-02-18T10:07:19.596
1085;Sjælland;2023-02-24;1;8200;2025-02-18T10:07:19.596
1081;Nordjylland;2023-02-24;1;8201;2025-02-18T10:07:19.596
1082;Midtjylland;2023-02-24;2;8203;2025-02-18T10:07:19.596
1084;Hovedstaden;2023-02-24;1;8204;2025-02-18T10:07:19.596
1083;Syddanmark;2023-02-25;3;8207;2025-02-18T10:07:19.596
1085;Sjælland;2023-02-25;2;8209;2025-02-18T10:07:19.596
1081;Nordjylland;2023-02-25;1;8210;2025-02-18T10:07:19.596
1082;Midtjylland;2023-02-25;0;8210;2025-02-18T10:07:19.596
1084;Hovedstaden;2023-02-25;1;8211;2025-02-18T10:07:19.596
1083;Syddanmark;2023-02-26;0;8211;2025-02-18T10:07:19.596
1085;Sjælland;2023-02-26;0;8211;2025-02-18T10:07:19.596
1082;Midtjylland;2023-02-26;0;8211;2025-02-18T10:07:19.596
1084;Hovedstaden;2023-02-26;1;8212;2025-02-18T10:07:19.596
1083;Syddanmark;2023-02-27;0;8212;2025-02-18T10:07:19.596
1085;Sjælland;2023-02-27;4;8216;2025-02-18T10:07:19.596
1082;Midtjylland;2023-02-27;0;8216;2025-02-18T10:07:19.596
1084;Hovedstaden;2023-02-27;3;8219;2025-02-18T10:07:19.596
1085;Sjælland;2023-02-28;1;8220;2025-02-18T10:07:19.596
1081;Nordjylland;2023-02-28;1;8221;2025-02-18T10:07:19.596
1082;Midtjylland;2023-02-28;1;8222;2025-02-18T10:07:19.596
1084;Hovedstaden;2023-02-28;2;8224;2025-02-18T10:07:19.596
1085;Sjælland;2023-03-01;1;8225;2025-02-18T10:07:19.596
1082;Midtjylland;2023-03-01;1;8226;2025-02-18T10:07:19.596
1084;Hovedstaden;2023-03-01;0;8226;2025-02-18T10:07:19.596
1084;Hovedstaden;2023-03-02;1;8227;2025-02-18T10:07:19.596
1083;Syddanmark;2023-03-03;0;8227;2025-02-18T10:07:19.596
1085;Sjælland;2023-03-03;1;8228;2025-02-18T10:07:19.596
1084;Hovedstaden;2023-03-03;3;8231;2025-02-18T10:07:19.596
1083;Syddanmark;2023-03-04;1;8232;2025-02-18T10:07:19.596
1085;Sjælland;2023-03-04;1;8233;2025-02-18T10:07:19.596
1084;Hovedstaden;2023-03-04;3;8236;2025-02-18T10:07:19.596
1083;Syddanmark;2023-03-05;1;8237;2025-02-18T10:07:19.596
1084;Hovedstaden;2023-03-05;1;8238;2025-02-18T10:07:19.596
1083;Syddanmark;2023-03-06;1;8239;2025-02-18T10:07:19.596
1085;Sjælland;2023-03-06;0;8239;2025-02-18T10:07:19.596
1081;Nordjylland;2023-03-06;1;8240;2025-02-18T10:07:19.596
1082;Midtjylland;2023-03-06;1;8241;2025-02-18T10:07:19.596
1084;Hovedstaden;2023-03-06;1;8242;2025-02-18T10:07:19.596
1085;Sjælland;2023-03-07;1;8243;2025-02-18T10:07:19.596
1082;Midtjylland;2023-03-07;0;8243;2025-02-18T10:07:19.596
1084;Hovedstaden;2023-03-07;2;8245;2025-02-18T10:07:19.596
1083;Syddanmark;2023-03-08;1;8246;2025-02-18T10:07:19.596
1085;Sjælland;2023-03-08;1;8247;2025-02-18T10:07:19.596
1082;Midtjylland;2023-03-08;1;8248;2025-02-18T10:07:19.596
1084;Hovedstaden;2023-03-08;2;8250;2025-02-18T10:07:19.596
1085;Sjælland;2023-03-09;2;8252;2025-02-18T10:07:19.596
1081;Nordjylland;2023-03-09;1;8253;2025-02-18T10:07:19.596
1082;Midtjylland;2023-03-09;1;8254;2025-02-18T10:07:19.596
1084;Hovedstaden;2023-03-09;1;8255;2025-02-18T10:07:19.596
1083;Syddanmark;2023-03-10;1;8256;2025-02-18T10:07:19.596
1085;Sjælland;2023-03-10;1;8257;2025-02-18T10:07:19.596
1082;Midtjylland;2023-03-10;0;8257;2025-02-18T10:07:19.596
1084;Hovedstaden;2023-03-10;1;8258;2025-02-18T10:07:19.596
1083;Syddanmark;2023-03-11;2;8260;2025-02-18T10:07:19.596
1084;Hovedstaden;2023-03-11;3;8263;2025-02-18T10:07:19.596
1085;Sjælland;2023-03-12;2;8265;2025-02-18T10:07:19.596
1081;Nordjylland;2023-03-12;1;8266;2025-02-18T10:07:19.596
1084;Hovedstaden;2023-03-12;2;8268;2025-02-18T10:07:19.596
1083;Syddanmark;2023-03-13;1;8269;2025-02-18T10:07:19.596
1085;Sjælland;2023-03-14;2;8271;2025-02-18T10:07:19.596
1081;Nordjylland;2023-03-14;3;8274;2025-02-18T10:07:19.596
1082;Midtjylland;2023-03-14;0;8274;2025-02-18T10:07:19.596
1084;Hovedstaden;2023-03-14;1;8275;2025-02-18T10:07:19.596
1085;Sjælland;2023-03-15;1;8276;2025-02-18T10:07:19.596
1082;Midtjylland;2023-03-15;0;8276;2025-02-18T10:07:19.596
1084;Hovedstaden;2023-03-15;1;8277;2025-02-18T10:07:19.596
1083;Syddanmark;2023-03-16;2;8279;2025-02-18T10:07:19.596
1085;Sjælland;2023-03-16;2;8281;2025-02-18T10:07:19.596
1081;Nordjylland;2023-03-16;2;8283;2025-02-18T10:07:19.596
1084;Hovedstaden;2023-03-16;1;8284;2025-02-18T10:07:19.596
1085;Sjælland;2023-03-17;1;8285;2025-02-18T10:07:19.596
1081;Nordjylland;2023-03-17;0;8285;2025-02-18T10:07:19.596
1082;Midtjylland;2023-03-17;0;8285;2025-02-18T10:07:19.596
1084;Hovedstaden;2023-03-17;2;8287;2025-02-18T10:07:19.596
1085;Sjælland;2023-03-18;0;8287;2025-02-18T10:07:19.596
1081;Nordjylland;2023-03-18;1;8288;2025-02-18T10:07:19.596
1082;Midtjylland;2023-03-18;1;8289;2025-02-18T10:07:19.596
1084;Hovedstaden;2023-03-18;1;8290;2025-02-18T10:07:19.596
1084;Hovedstaden;2023-03-19;0;8290;2025-02-18T10:07:19.596
1083;Syddanmark;2023-03-20;1;8291;2025-02-18T10:07:19.596
1081;Nordjylland;2023-03-20;1;8292;2025-02-18T10:07:19.596
1082;Midtjylland;2023-03-20;1;8293;2025-02-18T10:07:19.596
1084;Hovedstaden;2023-03-20;2;8295;2025-02-18T10:07:19.596
1085;Sjælland;2023-03-21;0;8295;2025-02-18T10:07:19.596
1084;Hovedstaden;2023-03-21;1;8296;2025-02-18T10:07:19.596
1084;Hovedstaden;2023-03-22;2;8298;2025-02-18T10:07:19.596
1083;Syddanmark;2023-03-23;1;8299;2025-02-18T10:07:19.596
1085;Sjælland;2023-03-23;2;8301;2025-02-18T10:07:19.596
1081;Nordjylland;2023-03-23;0;8301;2025-02-18T10:07:19.596
1084;Hovedstaden;2023-03-23;1;8302;2025-02-18T10:07:19.596
1085;Sjælland;2023-03-24;1;8303;2025-02-18T10:07:19.596
1082;Midtjylland;2023-03-24;1;8304;2025-02-18T10:07:19.596
1084;Hovedstaden;2023-03-24;4;8308;2025-02-18T10:07:19.596
1083;Syddanmark;2023-03-25;1;8309;2025-02-18T10:07:19.596
1085;Sjælland;2023-03-25;1;8310;2025-02-18T10:07:19.596
1082;Midtjylland;2023-03-25;1;8311;2025-02-18T10:07:19.596
1084;Hovedstaden;2023-03-25;3;8314;2025-02-18T10:07:19.596
1083;Syddanmark;2023-03-26;0;8314;2025-02-18T10:07:19.596
1085;Sjælland;2023-03-26;1;8315;2025-02-18T10:07:19.596
1081;Nordjylland;2023-03-26;0;8315;2025-02-18T10:07:19.596
1084;Hovedstaden;2023-03-26;2;8317;2025-02-18T10:07:19.596
1083;Syddanmark;2023-03-27;2;8319;2025-02-18T10:07:19.596
1085;Sjælland;2023-03-27;2;8321;2025-02-18T10:07:19.596
1082;Midtjylland;2023-03-27;2;8323;2025-02-18T10:07:19.596
1084;Hovedstaden;2023-03-27;1;8324;2025-02-18T10:07:19.596
1083;Syddanmark;2023-03-28;0;8324;2025-02-18T10:07:19.596
1085;Sjælland;2023-03-28;1;8325;2025-02-18T10:07:19.596
1084;Hovedstaden;2023-03-28;3;8328;2025-02-18T10:07:19.596
1083;Syddanmark;2023-03-29;2;8330;2025-02-18T10:07:19.596
1082;Midtjylland;2023-03-29;3;8333;2025-02-18T10:07:19.596
1084;Hovedstaden;2023-03-29;1;8334;2025-02-18T10:07:19.596
1083;Syddanmark;2023-03-30;3;8337;2025-02-18T10:07:19.596
1085;Sjælland;2023-03-30;1;8338;2025-02-18T10:07:19.596
1082;Midtjylland;2023-03-30;1;8339;2025-02-18T10:07:19.596
1084;Hovedstaden;2023-03-30;1;8340;2025-02-18T10:07:19.596
1083;Syddanmark;2023-03-31;2;8342;2025-02-18T10:07:19.596
1085;Sjælland;2023-03-31;0;8342;2025-02-18T10:07:19.596
1084;Hovedstaden;2023-03-31;2;8344;2025-02-18T10:07:19.596
1083;Syddanmark;2023-04-01;1;8345;2025-02-18T10:07:19.596
1084;Hovedstaden;2023-04-01;1;8346;2025-02-18T10:07:19.596
1083;Syddanmark;2023-04-02;3;8349;2025-02-18T10:07:19.596
1085;Sjælland;2023-04-02;1;8350;2025-02-18T10:07:19.596
1081;Nordjylland;2023-04-02;1;8351;2025-02-18T10:07:19.596
1083;Syddanmark;2023-04-03;1;8352;2025-02-18T10:07:19.596
1085;Sjælland;2023-04-03;1;8353;2025-02-18T10:07:19.596
1081;Nordjylland;2023-04-03;1;8354;2025-02-18T10:07:19.596
1082;Midtjylland;2023-04-03;1;8355;2025-02-18T10:07:19.596
1084;Hovedstaden;2023-04-03;1;8356;2025-02-18T10:07:19.596
1082;Midtjylland;2023-04-04;1;8357;2025-02-18T10:07:19.596
1084;Hovedstaden;2023-04-04;2;8359;2025-02-18T10:07:19.596
1083;Syddanmark;2023-04-05;2;8361;2025-02-18T10:07:19.596
1085;Sjælland;2023-04-05;1;8362;2025-02-18T10:07:19.596
1084;Hovedstaden;2023-04-05;4;8366;2025-02-18T10:07:19.596
1081;Nordjylland;2023-04-06;1;8367;2025-02-18T10:07:19.596
1084;Hovedstaden;2023-04-06;2;8369;2025-02-18T10:07:19.596
1083;Syddanmark;2023-04-07;1;8370;2025-02-18T10:07:19.596
1085;Sjælland;2023-04-07;3;8373;2025-02-18T10:07:19.596
1084;Hovedstaden;2023-04-07;2;8375;2025-02-18T10:07:19.596
1085;Sjælland;2023-04-08;1;8376;2025-02-18T10:07:19.596
1082;Midtjylland;2023-04-08;1;8377;2025-02-18T10:07:19.596
1084;Hovedstaden;2023-04-08;3;8380;2025-02-18T10:07:19.596
1085;Sjælland;2023-04-09;2;8382;2025-02-18T10:07:19.596
1081;Nordjylland;2023-04-09;1;8383;2025-02-18T10:07:19.596
1082;Midtjylland;2023-04-09;1;8384;2025-02-18T10:07:19.596
1084;Hovedstaden;2023-04-09;2;8386;2025-02-18T10:07:19.596
1083;Syddanmark;2023-04-10;1;8387;2025-02-18T10:07:19.596
1085;Sjælland;2023-04-10;1;8388;2025-02-18T10:07:19.596
1082;Midtjylland;2023-04-10;1;8389;2025-02-18T10:07:19.596
1084;Hovedstaden;2023-04-10;2;8391;2025-02-18T10:07:19.596
1083;Syddanmark;2023-04-11;1;8392;2025-02-18T10:07:19.596
1081;Nordjylland;2023-04-11;1;8393;2025-02-18T10:07:19.596
1082;Midtjylland;2023-04-11;1;8394;2025-02-18T10:07:19.596
1084;Hovedstaden;2023-04-11;2;8396;2025-02-18T10:07:19.596
1083;Syddanmark;2023-04-12;3;8399;2025-02-18T10:07:19.596
1085;Sjælland;2023-04-12;2;8401;2025-02-18T10:07:19.596
1084;Hovedstaden;2023-04-12;3;8404;2025-02-18T10:07:19.596
1083;Syddanmark;2023-04-13;0;8404;2025-02-18T10:07:19.596
1085;Sjælland;2023-04-13;1;8405;2025-02-18T10:07:19.596
1081;Nordjylland;2023-04-13;3;8408;2025-02-18T10:07:19.596
1082;Midtjylland;2023-04-13;1;8409;2025-02-18T10:07:19.596
1084;Hovedstaden;2023-04-13;3;8412;2025-02-18T10:07:19.596
1085;Sjælland;2023-04-14;1;8413;2025-02-18T10:07:19.596
1081;Nordjylland;2023-04-14;1;8414;2025-02-18T10:07:19.596
1082;Midtjylland;2023-04-14;1;8415;2025-02-18T10:07:19.596
1084;Hovedstaden;2023-04-14;2;8417;2025-02-18T10:07:19.596
1083;Syddanmark;2023-04-15;3;8420;2025-02-18T10:07:19.596
1085;Sjælland;2023-04-15;2;8422;2025-02-18T10:07:19.596
1081;Nordjylland;2023-04-15;1;8423;2025-02-18T10:07:19.596
1084;Hovedstaden;2023-04-15;3;8426;2025-02-18T10:07:19.596
1083;Syddanmark;2023-04-16;4;8430;2025-02-18T10:07:19.596
1085;Sjælland;2023-04-16;0;8430;2025-02-18T10:07:19.596
1084;Hovedstaden;2023-04-16;2;8432;2025-02-18T10:07:19.596
1085;Sjælland;2023-04-17;2;8434;2025-02-18T10:07:19.596
1081;Nordjylland;2023-04-17;2;8436;2025-02-18T10:07:19.596
1084;Hovedstaden;2023-04-17;3;8439;2025-02-18T10:07:19.596
1083;Syddanmark;2023-04-18;1;8440;2025-02-18T10:07:19.596
1085;Sjælland;2023-04-18;1;8441;2025-02-18T10:07:19.596
1081;Nordjylland;2023-04-18;2;8443;2025-02-18T10:07:19.596
1084;Hovedstaden;2023-04-18;2;8445;2025-02-18T10:07:19.596
1083;Syddanmark;2023-04-19;1;8446;2025-02-18T10:07:19.596
1085;Sjælland;2023-04-19;2;8448;2025-02-18T10:07:19.596
1082;Midtjylland;2023-04-19;1;8449;2025-02-18T10:07:19.596
1084;Hovedstaden;2023-04-19;1;8450;2025-02-18T10:07:19.596
1085;Sjælland;2023-04-20;2;8452;2025-02-18T10:07:19.596
1084;Hovedstaden;2023-04-20;1;8453;2025-02-18T10:07:19.596
1083;Syddanmark;2023-04-21;3;8456;2025-02-18T10:07:19.596
1085;Sjælland;2023-04-21;1;8457;2025-02-18T10:07:19.596
1081;Nordjylland;2023-04-21;1;8458;2025-02-18T10:07:19.596
1082;Midtjylland;2023-04-21;1;8459;2025-02-18T10:07:19.596
1084;Hovedstaden;2023-04-21;3;8462;2025-02-18T10:07:19.596
1083;Syddanmark;2023-04-22;1;8463;2025-02-18T10:07:19.596
1085;Sjælland;2023-04-22;1;8464;2025-02-18T10:07:19.596
1082;Midtjylland;2023-04-22;1;8465;2025-02-18T10:07:19.596
1084;Hovedstaden;2023-04-22;2;8467;2025-02-18T10:07:19.596
1083;Syddanmark;2023-04-23;1;8468;2025-02-18T10:07:19.596
1081;Nordjylland;2023-04-23;0;8468;2025-02-18T10:07:19.596
1082;Midtjylland;2023-04-23;1;8469;2025-02-18T10:07:19.596
1084;Hovedstaden;2023-04-23;3;8472;2025-02-18T10:07:19.596
1083;Syddanmark;2023-04-24;1;8473;2025-02-18T10:07:19.596
1085;Sjælland;2023-04-24;2;8475;2025-02-18T10:07:19.596
1081;Nordjylland;2023-04-24;1;8476;2025-02-18T10:07:19.596
1082;Midtjylland;2023-04-24;1;8477;2025-02-18T10:07:19.596
1084;Hovedstaden;2023-04-24;1;8478;2025-02-18T10:07:19.596
1083;Syddanmark;2023-04-25;5;8483;2025-02-18T10:07:19.596
1085;Sjælland;2023-04-25;0;8483;2025-02-18T10:07:19.596
1081;Nordjylland;2023-04-25;1;8484;2025-02-18T10:07:19.596
1082;Midtjylland;2023-04-25;1;8485;2025-02-18T10:07:19.596
1084;Hovedstaden;2023-04-25;0;8485;2025-02-18T10:07:19.596
1085;Sjælland;2023-04-26;2;8487;2025-02-18T10:07:19.596
1081;Nordjylland;2023-04-26;1;8488;2025-02-18T10:07:19.596
1084;Hovedstaden;2023-04-26;0;8488;2025-02-18T10:07:19.596
1083;Syddanmark;2023-04-27;2;8490;2025-02-18T10:07:19.596
1081;Nordjylland;2023-04-27;1;8491;2025-02-18T10:07:19.596
1082;Midtjylland;2023-04-27;1;8492;2025-02-18T10:07:19.596
1084;Hovedstaden;2023-04-27;1;8493;2025-02-18T10:07:19.596
1083;Syddanmark;2023-04-28;1;8494;2025-02-18T10:07:19.596
1085;Sjælland;2023-04-28;1;8495;2025-02-18T10:07:19.596
1084;Hovedstaden;2023-04-28;4;8499;2025-02-18T10:07:19.596
1085;Sjælland;2023-04-29;1;8500;2025-02-18T10:07:19.596
1082;Midtjylland;2023-04-29;1;8501;2025-02-18T10:07:19.596
1084;Hovedstaden;2023-04-29;1;8502;2025-02-18T10:07:19.596
1083;Syddanmark;2023-04-30;1;8503;2025-02-18T10:07:19.596
1082;Midtjylland;2023-04-30;2;8505;2025-02-18T10:07:19.596
1084;Hovedstaden;2023-04-30;4;8509;2025-02-18T10:07:19.596
1083;Syddanmark;2023-05-01;2;8511;2025-02-18T10:07:19.596
1085;Sjælland;2023-05-01;2;8513;2025-02-18T10:07:19.596
1084;Hovedstaden;2023-05-01;0;8513;2025-02-18T10:07:19.596
1083;Syddanmark;2023-05-02;1;8514;2025-02-18T10:07:19.596
1085;Sjælland;2023-05-02;1;8515;2025-02-18T10:07:19.596
1081;Nordjylland;2023-05-02;1;8516;2025-02-18T10:07:19.596
1082;Midtjylland;2023-05-02;1;8517;2025-02-18T10:07:19.596
1083;Syddanmark;2023-05-03;1;8518;2025-02-18T10:07:19.596
1085;Sjælland;2023-05-03;1;8519;2025-02-18T10:07:19.596
1084;Hovedstaden;2023-05-03;6;8525;2025-02-18T10:07:19.596
1083;Syddanmark;2023-05-04;3;8528;2025-02-18T10:07:19.596
1085;Sjælland;2023-05-04;1;8529;2025-02-18T10:07:19.596
1081;Nordjylland;2023-05-04;1;8530;2025-02-18T10:07:19.596
1084;Hovedstaden;2023-05-04;1;8531;2025-02-18T10:07:19.596
1083;Syddanmark;2023-05-05;3;8534;2025-02-18T10:07:19.596
1085;Sjælland;2023-05-05;1;8535;2025-02-18T10:07:19.596
1081;Nordjylland;2023-05-05;1;8536;2025-02-18T10:07:19.596
1084;Hovedstaden;2023-05-05;2;8538;2025-02-18T10:07:19.596
1083;Syddanmark;2023-05-06;4;8542;2025-02-18T10:07:19.596
1085;Sjælland;2023-05-06;1;8543;2025-02-18T10:07:19.596
1081;Nordjylland;2023-05-06;2;8545;2025-02-18T10:07:19.596
1082;Midtjylland;2023-05-06;0;8545;2025-02-18T10:07:19.596
1084;Hovedstaden;2023-05-06;1;8546;2025-02-18T10:07:19.596
1083;Syddanmark;2023-05-07;1;8547;2025-02-18T10:07:19.596
1085;Sjælland;2023-05-07;1;8548;2025-02-18T10:07:19.596
1081;Nordjylland;2023-05-07;1;8549;2025-02-18T10:07:19.596
1082;Midtjylland;2023-05-07;1;8550;2025-02-18T10:07:19.596
1084;Hovedstaden;2023-05-07;1;8551;2025-02-18T10:07:19.596
1083;Syddanmark;2023-05-08;1;8552;2025-02-18T10:07:19.596
1085;Sjælland;2023-05-08;3;8555;2025-02-18T10:07:19.596
1081;Nordjylland;2023-05-08;1;8556;2025-02-18T10:07:19.596
1082;Midtjylland;2023-05-08;1;8557;2025-02-18T10:07:19.596
1084;Hovedstaden;2023-05-08;1;8558;2025-02-18T10:07:19.596
1085;Sjælland;2023-05-09;2;8560;2025-02-18T10:07:19.596
1082;Midtjylland;2023-05-09;2;8562;2025-02-18T10:07:19.596
1084;Hovedstaden;2023-05-09;2;8564;2025-02-18T10:07:19.596
1083;Syddanmark;2023-05-10;1;8565;2025-02-18T10:07:19.596
1081;Nordjylland;2023-05-10;1;8566;2025-02-18T10:07:19.596
1082;Midtjylland;2023-05-10;2;8568;2025-02-18T10:07:19.596
1084;Hovedstaden;2023-05-10;4;8572;2025-02-18T10:07:19.596
1085;Sjælland;2023-05-11;3;8575;2025-02-18T10:07:19.596
1084;Hovedstaden;2023-05-11;2;8577;2025-02-18T10:07:19.596
1083;Syddanmark;2023-05-12;2;8579;2025-02-18T10:07:19.596
1085;Sjælland;2023-05-12;1;8580;2025-02-18T10:07:19.596
1081;Nordjylland;2023-05-12;2;8582;2025-02-18T10:07:19.596
1084;Hovedstaden;2023-05-12;2;8584;2025-02-18T10:07:19.596
1083;Syddanmark;2023-05-13;1;8585;2025-02-18T10:07:19.596
1085;Sjælland;2023-05-13;3;8588;2025-02-18T10:07:19.596
1081;Nordjylland;2023-05-13;1;8589;2025-02-18T10:07:19.596
1082;Midtjylland;2023-05-13;0;8589;2025-02-18T10:07:19.596
1084;Hovedstaden;2023-05-13;0;8589;2025-02-18T10:07:19.596
1083;Syddanmark;2023-05-14;3;8592;2025-02-18T10:07:19.596
1085;Sjælland;2023-05-14;2;8594;2025-02-18T10:07:19.596
1084;Hovedstaden;2023-05-14;1;8595;2025-02-18T10:07:19.596
1083;Syddanmark;2023-05-15;2;8597;2025-02-18T10:07:19.596
1085;Sjælland;2023-05-15;1;8598;2025-02-18T10:07:19.596
1082;Midtjylland;2023-05-15;1;8599;2025-02-18T10:07:19.596
1084;Hovedstaden;2023-05-15;4;8603;2025-02-18T10:07:19.596
1083;Syddanmark;2023-05-16;2;8605;2025-02-18T10:07:19.596
1081;Nordjylland;2023-05-16;0;8605;2025-02-18T10:07:19.596
1083;Syddanmark;2023-05-17;1;8606;2025-02-18T10:07:19.596
1082;Midtjylland;2023-05-17;1;8607;2025-02-18T10:07:19.596
1084;Hovedstaden;2023-05-17;1;8608;2025-02-18T10:07:19.596
1081;Nordjylland;2023-05-18;1;8609;2025-02-18T10:07:19.596
1082;Midtjylland;2023-05-18;2;8611;2025-02-18T10:07:19.596
1084;Hovedstaden;2023-05-18;0;8611;2025-02-18T10:07:19.596
1085;Sjælland;2023-05-19;1;8612;2025-02-18T10:07:19.596
1081;Nordjylland;2023-05-19;2;8614;2025-02-18T10:07:19.596
1082;Midtjylland;2023-05-19;2;8616;2025-02-18T10:07:19.596
1084;Hovedstaden;2023-05-19;1;8617;2025-02-18T10:07:19.596
1083;Syddanmark;2023-05-20;2;8619;2025-02-18T10:07:19.596
1085;Sjælland;2023-05-20;1;8620;2025-02-18T10:07:19.596
1084;Hovedstaden;2023-05-20;1;8621;2025-02-18T10:07:19.596
1083;Syddanmark;2023-05-21;0;8621;2025-02-18T10:07:19.596
1085;Sjælland;2023-05-21;0;8621;2025-02-18T10:07:19.596
1081;Nordjylland;2023-05-21;0;8621;2025-02-18T10:07:19.596
1083;Syddanmark;2023-05-22;1;8622;2025-02-18T10:07:19.596
1085;Sjælland;2023-05-22;1;8623;2025-02-18T10:07:19.596
1084;Hovedstaden;2023-05-22;1;8624;2025-02-18T10:07:19.596
1083;Syddanmark;2023-05-23;2;8626;2025-02-18T10:07:19.596
1085;Sjælland;2023-05-23;0;8626;2025-02-18T10:07:19.596
1081;Nordjylland;2023-05-23;1;8627;2025-02-18T10:07:19.596
1084;Hovedstaden;2023-05-23;0;8627;2025-02-18T10:07:19.596
1083;Syddanmark;2023-05-24;1;8628;2025-02-18T10:07:19.596
1081;Nordjylland;2023-05-24;1;8629;2025-02-18T10:07:19.596
1082;Midtjylland;2023-05-24;1;8630;2025-02-18T10:07:19.596
1084;Hovedstaden;2023-05-24;3;8633;2025-02-18T10:07:19.596
1083;Syddanmark;2023-05-25;1;8634;2025-02-18T10:07:19.596
1082;Midtjylland;2023-05-25;1;8635;2025-02-18T10:07:19.596
1083;Syddanmark;2023-05-26;5;8640;2025-02-18T10:07:19.596
1084;Hovedstaden;2023-05-26;1;8641;2025-02-18T10:07:19.596
1083;Syddanmark;2023-05-27;1;8642;2025-02-18T10:07:19.596
1081;Nordjylland;2023-05-27;2;8644;2025-02-18T10:07:19.596
1084;Hovedstaden;2023-05-27;1;8645;2025-02-18T10:07:19.596
1083;Syddanmark;2023-05-28;2;8647;2025-02-18T10:07:19.596
1081;Nordjylland;2023-05-28;1;8648;2025-02-18T10:07:19.596
1084;Hovedstaden;2023-05-28;1;8649;2025-02-18T10:07:19.596
1083;Syddanmark;2023-05-29;1;8650;2025-02-18T10:07:19.596
1085;Sjælland;2023-05-29;1;8651;2025-02-18T10:07:19.596
1084;Hovedstaden;2023-05-29;1;8652;2025-02-18T10:07:19.596
1083;Syddanmark;2023-05-30;3;8655;2025-02-18T10:07:19.596
1081;Nordjylland;2023-05-30;2;8657;2025-02-18T10:07:19.596
1082;Midtjylland;2023-05-30;1;8658;2025-02-18T10:07:19.596
1083;Syddanmark;2023-05-31;0;8658;2025-02-18T10:07:19.596
1081;Nordjylland;2023-05-31;0;8658;2025-02-18T10:07:19.596
1084;Hovedstaden;2023-05-31;1;8659;2025-02-18T10:07:19.596
1083;Syddanmark;2023-06-01;1;8660;2025-02-18T10:07:19.596
1081;Nordjylland;2023-06-01;0;8660;2025-02-18T10:07:19.596
1084;Hovedstaden;2023-06-01;2;8662;2025-02-18T10:07:19.596
1083;Syddanmark;2023-06-02;0;8662;2025-02-18T10:07:19.596
1082;Midtjylland;2023-06-02;1;8663;2025-02-18T10:07:19.596
1084;Hovedstaden;2023-06-02;1;8664;2025-02-18T10:07:19.596
1083;Syddanmark;2023-06-03;0;8664;2025-02-18T10:07:19.596
1085;Sjælland;2023-06-03;0;8664;2025-02-18T10:07:19.596
1082;Midtjylland;2023-06-03;1;8665;2025-02-18T10:07:19.596
1084;Hovedstaden;2023-06-03;1;8666;2025-02-18T10:07:19.596
1083;Syddanmark;2023-06-04;1;8667;2025-02-18T10:07:19.596
1085;Sjælland;2023-06-04;1;8668;2025-02-18T10:07:19.596
1081;Nordjylland;2023-06-04;0;8668;2025-02-18T10:07:19.596
1084;Hovedstaden;2023-06-04;1;8669;2025-02-18T10:07:19.596
1083;Syddanmark;2023-06-05;1;8670;2025-02-18T10:07:19.596
1085;Sjælland;2023-06-05;2;8672;2025-02-18T10:07:19.596
1083;Syddanmark;2023-06-06;1;8673;2025-02-18T10:07:19.596
1085;Sjælland;2023-06-06;1;8674;2025-02-18T10:07:19.596
1081;Nordjylland;2023-06-06;0;8674;2025-02-18T10:07:19.596
1082;Midtjylland;2023-06-06;0;8674;2025-02-18T10:07:19.596
1084;Hovedstaden;2023-06-06;0;8674;2025-02-18T10:07:19.596
1085;Sjælland;2023-06-07;0;8674;2025-02-18T10:07:19.596
1084;Hovedstaden;2023-06-07;3;8677;2025-02-18T10:07:19.596
1083;Syddanmark;2023-06-08;1;8678;2025-02-18T10:07:19.596
1085;Sjælland;2023-06-08;0;8678;2025-02-18T10:07:19.596
1082;Midtjylland;2023-06-08;0;8678;2025-02-18T10:07:19.596
1083;Syddanmark;2023-06-09;0;8678;2025-02-18T10:07:19.596
1084;Hovedstaden;2023-06-10;3;8681;2025-02-18T10:07:19.596
1083;Syddanmark;2023-06-11;1;8682;2025-02-18T10:07:19.596
1081;Nordjylland;2023-06-11;1;8683;2025-02-18T10:07:19.596
1082;Midtjylland;2023-06-11;0;8683;2025-02-18T10:07:19.596
1084;Hovedstaden;2023-06-11;0;8683;2025-02-18T10:07:19.596
1083;Syddanmark;2023-06-12;1;8684;2025-02-18T10:07:19.596
1085;Sjælland;2023-06-12;0;8684;2025-02-18T10:07:19.596
1084;Hovedstaden;2023-06-12;1;8685;2025-02-18T10:07:19.596
;;2023-06-13;0;8685;2025-02-18T10:07:19.596
1082;Midtjylland;2023-06-14;0;8685;2025-02-18T10:07:19.596
1083;Syddanmark;2023-06-15;0;8685;2025-02-18T10:07:19.596
1085;Sjælland;2023-06-15;3;8688;2025-02-18T10:07:19.596
1081;Nordjylland;2023-06-15;0;8688;2025-02-18T10:07:19.596
1083;Syddanmark;2023-06-16;1;8689;2025-02-18T10:07:19.596
1085;Sjælland;2023-06-16;1;8690;2025-02-18T10:07:19.596
1083;Syddanmark;2023-06-17;1;8691;2025-02-18T10:07:19.596
1085;Sjælland;2023-06-17;0;8691;2025-02-18T10:07:19.596
1084;Hovedstaden;2023-06-17;0;8691;2025-02-18T10:07:19.596
1083;Syddanmark;2023-06-18;0;8691;2025-02-18T10:07:19.596
1082;Midtjylland;2023-06-18;1;8692;2025-02-18T10:07:19.596
1081;Nordjylland;2023-06-19;1;8693;2025-02-18T10:07:19.596
1084;Hovedstaden;2023-06-20;0;8693;2025-02-18T10:07:19.596
1085;Sjælland;2023-06-21;1;8694;2025-02-18T10:07:19.596
1084;Hovedstaden;2023-06-21;2;8696;2025-02-18T10:07:19.596
;;2023-06-22;0;8696;2025-02-18T10:07:19.596
1083;Syddanmark;2023-06-23;1;8697;2025-02-18T10:07:19.596
1085;Sjælland;2023-06-23;0;8697;2025-02-18T10:07:19.596
1084;Hovedstaden;2023-06-23;1;8698;2025-02-18T10:07:19.596
;;2023-06-24;0;8698;2025-02-18T10:07:19.596
1084;Hovedstaden;2023-06-25;0;8698;2025-02-18T10:07:19.596
1083;Syddanmark;2023-06-26;1;8699;2025-02-18T10:07:19.596
1084;Hovedstaden;2023-06-26;2;8701;2025-02-18T10:07:19.596
1084;Hovedstaden;2023-06-27;1;8702;2025-02-18T10:07:19.596
1083;Syddanmark;2023-06-28;1;8703;2025-02-18T10:07:19.596
1082;Midtjylland;2023-06-28;0;8703;2025-02-18T10:07:19.596
1084;Hovedstaden;2023-06-28;0;8703;2025-02-18T10:07:19.596
1083;Syddanmark;2023-06-29;0;8703;2025-02-18T10:07:19.596
1082;Midtjylland;2023-06-30;0;8703;2025-02-18T10:07:19.596
1081;Nordjylland;2023-07-01;0;8703;2025-02-18T10:07:19.596
;;2023-07-02;0;8703;2025-02-18T10:07:19.596
1083;Syddanmark;2023-07-03;1;8704;2025-02-18T10:07:19.596
1085;Sjælland;2023-07-03;0;8704;2025-02-18T10:07:19.596
1084;Hovedstaden;2023-07-03;0;8704;2025-02-18T10:07:19.596
;;2023-07-04;0;8704;2025-02-18T10:07:19.596
;;2023-07-05;0;8704;2025-02-18T10:07:19.596
1083;Syddanmark;2023-07-06;0;8704;2025-02-18T10:07:19.596
1085;Sjælland;2023-07-07;1;8705;2025-02-18T10:07:19.596
1084;Hovedstaden;2023-07-07;0;8705;2025-02-18T10:07:19.596
1081;Nordjylland;2023-07-08;0;8705;2025-02-18T10:07:19.596
1084;Hovedstaden;2023-07-08;0;8705;2025-02-18T10:07:19.596
1084;Hovedstaden;2023-07-09;0;8705;2025-02-18T10:07:19.596
1081;Nordjylland;2023-07-10;0;8705;2025-02-18T10:07:19.596
1084;Hovedstaden;2023-07-10;0;8705;2025-02-18T10:07:19.596
1085;Sjælland;2023-07-11;0;8705;2025-02-18T10:07:19.596
1081;Nordjylland;2023-07-11;2;8707;2025-02-18T10:07:19.596
1083;Syddanmark;2023-07-12;1;8708;2025-02-18T10:07:19.596
1081;Nordjylland;2023-07-12;0;8708;2025-02-18T10:07:19.596
1082;Midtjylland;2023-07-13;1;8709;2025-02-18T10:07:19.596
1084;Hovedstaden;2023-07-14;1;8710;2025-02-18T10:07:19.596
1083;Syddanmark;2023-07-15;2;8712;2025-02-18T10:07:19.596
1085;Sjælland;2023-07-15;0;8712;2025-02-18T10:07:19.596
1084;Hovedstaden;2023-07-16;1;8713;2025-02-18T10:07:19.596
1082;Midtjylland;2023-07-17;0;8713;2025-02-18T10:07:19.596
1083;Syddanmark;2023-07-18;0;8713;2025-02-18T10:07:19.596
1081;Nordjylland;2023-07-18;0;8713;2025-02-18T10:07:19.596
1082;Midtjylland;2023-07-19;0;8713;2025-02-18T10:07:19.596
1085;Sjælland;2023-07-20;0;8713;2025-02-18T10:07:19.596
1084;Hovedstaden;2023-07-20;0;8713;2025-02-18T10:07:19.596
1081;Nordjylland;2023-07-21;0;8713;2025-02-18T10:07:19.596
1084;Hovedstaden;2023-07-22;1;8714;2025-02-18T10:07:19.596
;;2023-07-23;0;8714;2025-02-18T10:07:19.596
1081;Nordjylland;2023-07-24;1;8715;2025-02-18T10:07:19.596
1084;Hovedstaden;2023-07-24;1;8716;2025-02-18T10:07:19.596
;;2023-07-25;0;8716;2025-02-18T10:07:19.596
1083;Syddanmark;2023-07-26;0;8716;2025-02-18T10:07:19.596
1085;Sjælland;2023-07-26;0;8716;2025-02-18T10:07:19.596
1085;Sjælland;2023-07-27;1;8717;2025-02-18T10:07:19.596
1081;Nordjylland;2023-07-27;1;8718;2025-02-18T10:07:19.596
1082;Midtjylland;2023-07-27;0;8718;2025-02-18T10:07:19.596
1084;Hovedstaden;2023-07-27;1;8719;2025-02-18T10:07:19.596
1084;Hovedstaden;2023-07-28;1;8720;2025-02-18T10:07:19.596
1083;Syddanmark;2023-07-29;0;8720;2025-02-18T10:07:19.596
1083;Syddanmark;2023-07-30;0;8720;2025-02-18T10:07:19.596
1082;Midtjylland;2023-07-31;1;8721;2025-02-18T10:07:19.596
;;2023-08-01;0;8721;2025-02-18T10:07:19.596
1083;Syddanmark;2023-08-02;0;8721;2025-02-18T10:07:19.596
1085;Sjælland;2023-08-03;0;8721;2025-02-18T10:07:19.596
1084;Hovedstaden;2023-08-03;0;8721;2025-02-18T10:07:19.596
;;2023-08-04;0;8721;2025-02-18T10:07:19.596
;;2023-08-05;0;8721;2025-02-18T10:07:19.596
1083;Syddanmark;2023-08-06;1;8722;2025-02-18T10:07:19.596
1084;Hovedstaden;2023-08-06;1;8723;2025-02-18T10:07:19.596
1085;Sjælland;2023-08-07;0;8723;2025-02-18T10:07:19.596
1084;Hovedstaden;2023-08-07;1;8724;2025-02-18T10:07:19.596
1081;Nordjylland;2023-08-08;0;8724;2025-02-18T10:07:19.596
1085;Sjælland;2023-08-09;0;8724;2025-02-18T10:07:19.596
1084;Hovedstaden;2023-08-09;0;8724;2025-02-18T10:07:19.596
1081;Nordjylland;2023-08-10;1;8725;2025-02-18T10:07:19.596
1084;Hovedstaden;2023-08-11;1;8726;2025-02-18T10:07:19.596
1081;Nordjylland;2023-08-12;1;8727;2025-02-18T10:07:19.596
1084;Hovedstaden;2023-08-12;0;8727;2025-02-18T10:07:19.596
1083;Syddanmark;2023-08-13;1;8728;2025-02-18T10:07:19.596
1084;Hovedstaden;2023-08-13;1;8729;2025-02-18T10:07:19.596
1084;Hovedstaden;2023-08-14;0;8729;2025-02-18T10:07:19.596
;;2023-08-15;0;8729;2025-02-18T10:07:19.596
;;2023-08-16;0;8729;2025-02-18T10:07:19.596
;;2023-08-17;0;8729;2025-02-18T10:07:19.596
1085;Sjælland;2023-08-18;0;8729;2025-02-18T10:07:19.596
1085;Sjælland;2023-08-19;1;8730;2025-02-18T10:07:19.596
1081;Nordjylland;2023-08-19;1;8731;2025-02-18T10:07:19.596
1084;Hovedstaden;2023-08-20;1;8732;2025-02-18T10:07:19.596
1082;Midtjylland;2023-08-21;1;8733;2025-02-18T10:07:19.596
1084;Hovedstaden;2023-08-22;1;8734;2025-02-18T10:07:19.596
1083;Syddanmark;2023-08-23;1;8735;2025-02-18T10:07:19.596
1085;Sjælland;2023-08-23;1;8736;2025-02-18T10:07:19.596
1084;Hovedstaden;2023-08-23;1;8737;2025-02-18T10:07:19.596
;;2023-08-24;0;8737;2025-02-18T10:07:19.596
1083;Syddanmark;2023-08-25;0;8737;2025-02-18T10:07:19.596
1081;Nordjylland;2023-08-25;1;8738;2025-02-18T10:07:19.596
1084;Hovedstaden;2023-08-25;2;8740;2025-02-18T10:07:19.596
;;2023-08-26;0;8740;2025-02-18T10:07:19.596
1082;Midtjylland;2023-08-27;1;8741;2025-02-18T10:07:19.596
;;2023-08-28;0;8741;2025-02-18T10:07:19.596
;;2023-08-29;0;8741;2025-02-18T10:07:19.596
1083;Syddanmark;2023-08-30;1;8742;2025-02-18T10:07:19.596
1081;Nordjylland;2023-08-30;1;8743;2025-02-18T10:07:19.596
1084;Hovedstaden;2023-08-30;1;8744;2025-02-18T10:07:19.596
;;2023-08-31;0;8744;2025-02-18T10:07:19.596
1083;Syddanmark;2023-09-01;2;8746;2025-02-18T10:07:19.596
1083;Syddanmark;2023-09-02;1;8747;2025-02-18T10:07:19.596
1084;Hovedstaden;2023-09-03;1;8748;2025-02-18T10:07:19.596
;;2023-09-04;0;8748;2025-02-18T10:07:19.596
1083;Syddanmark;2023-09-05;1;8749;2025-02-18T10:07:19.596
1084;Hovedstaden;2023-09-05;2;8751;2025-02-18T10:07:19.596
1083;Syddanmark;2023-09-06;1;8752;2025-02-18T10:07:19.596
1082;Midtjylland;2023-09-06;1;8753;2025-02-18T10:07:19.596
1084;Hovedstaden;2023-09-06;1;8754;2025-02-18T10:07:19.596
1082;Midtjylland;2023-09-07;1;8755;2025-02-18T10:07:19.596
1084;Hovedstaden;2023-09-07;2;8757;2025-02-18T10:07:19.596
;;2023-09-08;0;8757;2025-02-18T10:07:19.596
1084;Hovedstaden;2023-09-09;2;8759;2025-02-18T10:07:19.596
1083;Syddanmark;2023-09-10;1;8760;2025-02-18T10:07:19.596
1084;Hovedstaden;2023-09-10;1;8761;2025-02-18T10:07:19.596
1081;Nordjylland;2023-09-11;2;8763;2025-02-18T10:07:19.596
1084;Hovedstaden;2023-09-12;1;8764;2025-02-18T10:07:19.596
1085;Sjælland;2023-09-13;1;8765;2025-02-18T10:07:19.596
1082;Midtjylland;2023-09-13;1;8766;2025-02-18T10:07:19.596
;;2023-09-14;0;8766;2025-02-18T10:07:19.596
1083;Syddanmark;2023-09-15;1;8767;2025-02-18T10:07:19.596
1085;Sjælland;2023-09-15;1;8768;2025-02-18T10:07:19.596
1082;Midtjylland;2023-09-15;1;8769;2025-02-18T10:07:19.596
1081;Nordjylland;2023-09-16;2;8771;2025-02-18T10:07:19.596
1082;Midtjylland;2023-09-16;1;8772;2025-02-18T10:07:19.596
1083;Syddanmark;2023-09-17;2;8774;2025-02-18T10:07:19.596
1082;Midtjylland;2023-09-17;1;8775;2025-02-18T10:07:19.596
1085;Sjælland;2023-09-18;1;8776;2025-02-18T10:07:19.596
1084;Hovedstaden;2023-09-18;1;8777;2025-02-18T10:07:19.596
1083;Syddanmark;2023-09-19;1;8778;2025-02-18T10:07:19.596
1082;Midtjylland;2023-09-19;1;8779;2025-02-18T10:07:19.596
1084;Hovedstaden;2023-09-20;2;8781;2025-02-18T10:07:19.596
1083;Syddanmark;2023-09-21;2;8783;2025-02-18T10:07:19.596
1085;Sjælland;2023-09-21;1;8784;2025-02-18T10:07:19.596
;;2023-09-22;0;8784;2025-02-18T10:07:19.596
1084;Hovedstaden;2023-09-23;1;8785;2025-02-18T10:07:19.596
1083;Syddanmark;2023-09-24;1;8786;2025-02-18T10:07:19.596
1082;Midtjylland;2023-09-24;1;8787;2025-02-18T10:07:19.596
1084;Hovedstaden;2023-09-24;1;8788;2025-02-18T10:07:19.596
1083;Syddanmark;2023-09-25;1;8789;2025-02-18T10:07:19.596
1081;Nordjylland;2023-09-25;1;8790;2025-02-18T10:07:19.596
1081;Nordjylland;2023-09-26;1;8791;2025-02-18T10:07:19.596
1082;Midtjylland;2023-09-26;1;8792;2025-02-18T10:07:19.596
1085;Sjælland;2023-09-27;2;8794;2025-02-18T10:07:19.596
1083;Syddanmark;2023-09-28;1;8795;2025-02-18T10:07:19.596
1083;Syddanmark;2023-09-29;0;8795;2025-02-18T10:07:19.596
1085;Sjælland;2023-09-29;0;8795;2025-02-18T10:07:19.596
1083;Syddanmark;2023-09-30;1;8796;2025-02-18T10:07:19.596
1085;Sjælland;2023-09-30;1;8797;2025-02-18T10:07:19.596
1082;Midtjylland;2023-09-30;1;8798;2025-02-18T10:07:19.596
1084;Hovedstaden;2023-10-01;1;8799;2025-02-18T10:07:19.596
1082;Midtjylland;2023-10-02;1;8800;2025-02-18T10:07:19.596
1084;Hovedstaden;2023-10-02;1;8801;2025-02-18T10:07:19.596
1084;Hovedstaden;2023-10-03;1;8802;2025-02-18T10:07:19.596
;;2023-10-04;0;8802;2025-02-18T10:07:19.596
1083;Syddanmark;2023-10-05;1;8803;2025-02-18T10:07:19.596
1081;Nordjylland;2023-10-05;1;8804;2025-02-18T10:07:19.596
1083;Syddanmark;2023-10-06;1;8805;2025-02-18T10:07:19.596
1085;Sjælland;2023-10-06;1;8806;2025-02-18T10:07:19.596
1082;Midtjylland;2023-10-06;1;8807;2025-02-18T10:07:19.596
1084;Hovedstaden;2023-10-06;1;8808;2025-02-18T10:07:19.596
1083;Syddanmark;2023-10-07;0;8808;2025-02-18T10:07:19.596
1084;Hovedstaden;2023-10-07;1;8809;2025-02-18T10:07:19.596
1084;Hovedstaden;2023-10-08;1;8810;2025-02-18T10:07:19.596
1083;Syddanmark;2023-10-09;2;8812;2025-02-18T10:07:19.596
1085;Sjælland;2023-10-09;1;8813;2025-02-18T10:07:19.596
1081;Nordjylland;2023-10-09;1;8814;2025-02-18T10:07:19.596
1085;Sjælland;2023-10-10;1;8815;2025-02-18T10:07:19.596
1081;Nordjylland;2023-10-10;1;8816;2025-02-18T10:07:19.596
1082;Midtjylland;2023-10-10;1;8817;2025-02-18T10:07:19.596
1084;Hovedstaden;2023-10-10;0;8817;2025-02-18T10:07:19.596
1083;Syddanmark;2023-10-11;2;8819;2025-02-18T10:07:19.596
1081;Nordjylland;2023-10-11;1;8820;2025-02-18T10:07:19.596
1082;Midtjylland;2023-10-11;2;8822;2025-02-18T10:07:19.596
1084;Hovedstaden;2023-10-11;1;8823;2025-02-18T10:07:19.596
1083;Syddanmark;2023-10-12;1;8824;2025-02-18T10:07:19.596
1085;Sjælland;2023-10-12;1;8825;2025-02-18T10:07:19.596
1083;Syddanmark;2023-10-13;0;8825;2025-02-18T10:07:19.596
1081;Nordjylland;2023-10-13;1;8826;2025-02-18T10:07:19.596
1082;Midtjylland;2023-10-13;0;8826;2025-02-18T10:07:19.596
1083;Syddanmark;2023-10-14;2;8828;2025-02-18T10:07:19.596
1081;Nordjylland;2023-10-14;1;8829;2025-02-18T10:07:19.596
1082;Midtjylland;2023-10-14;1;8830;2025-02-18T10:07:19.596
1085;Sjælland;2023-10-15;0;8830;2025-02-18T10:07:19.596
1082;Midtjylland;2023-10-15;0;8830;2025-02-18T10:07:19.596
1083;Syddanmark;2023-10-16;0;8830;2025-02-18T10:07:19.596
1083;Syddanmark;2023-10-17;0;8830;2025-02-18T10:07:19.596
1085;Sjælland;2023-10-17;1;8831;2025-02-18T10:07:19.596
1081;Nordjylland;2023-10-17;1;8832;2025-02-18T10:07:19.596
1084;Hovedstaden;2023-10-17;2;8834;2025-02-18T10:07:19.596
1083;Syddanmark;2023-10-18;0;8834;2025-02-18T10:07:19.596
1081;Nordjylland;2023-10-18;1;8835;2025-02-18T10:07:19.596
1082;Midtjylland;2023-10-18;1;8836;2025-02-18T10:07:19.596
1084;Hovedstaden;2023-10-18;1;8837;2025-02-18T10:07:19.596
1083;Syddanmark;2023-10-19;1;8838;2025-02-18T10:07:19.596
1085;Sjælland;2023-10-19;1;8839;2025-02-18T10:07:19.596
1082;Midtjylland;2023-10-19;0;8839;2025-02-18T10:07:19.596
1084;Hovedstaden;2023-10-19;3;8842;2025-02-18T10:07:19.596
1084;Hovedstaden;2023-10-20;1;8843;2025-02-18T10:07:19.596
1083;Syddanmark;2023-10-21;3;8846;2025-02-18T10:07:19.596
1081;Nordjylland;2023-10-21;1;8847;2025-02-18T10:07:19.596
1084;Hovedstaden;2023-10-21;1;8848;2025-02-18T10:07:19.596
1085;Sjælland;2023-10-22;1;8849;2025-02-18T10:07:19.596
1081;Nordjylland;2023-10-22;2;8851;2025-02-18T10:07:19.596
1082;Midtjylland;2023-10-22;0;8851;2025-02-18T10:07:19.596
1084;Hovedstaden;2023-10-22;2;8853;2025-02-18T10:07:19.596
1084;Hovedstaden;2023-10-23;1;8854;2025-02-18T10:07:19.596
1083;Syddanmark;2023-10-24;1;8855;2025-02-18T10:07:19.596
1081;Nordjylland;2023-10-24;2;8857;2025-02-18T10:07:19.596
1083;Syddanmark;2023-10-25;2;8859;2025-02-18T10:07:19.596
1081;Nordjylland;2023-10-25;1;8860;2025-02-18T10:07:19.596
1084;Hovedstaden;2023-10-25;2;8862;2025-02-18T10:07:19.596
1083;Syddanmark;2023-10-26;2;8864;2025-02-18T10:07:19.596
1081;Nordjylland;2023-10-26;3;8867;2025-02-18T10:07:19.596
1082;Midtjylland;2023-10-26;2;8869;2025-02-18T10:07:19.596
1084;Hovedstaden;2023-10-26;1;8870;2025-02-18T10:07:19.596
1085;Sjælland;2023-10-27;3;8873;2025-02-18T10:07:19.596
1081;Nordjylland;2023-10-27;2;8875;2025-02-18T10:07:19.596
1085;Sjælland;2023-10-28;2;8877;2025-02-18T10:07:19.596
1081;Nordjylland;2023-10-28;2;8879;2025-02-18T10:07:19.596
1084;Hovedstaden;2023-10-28;2;8881;2025-02-18T10:07:19.596
1083;Syddanmark;2023-10-29;2;8883;2025-02-18T10:07:19.596
1083;Syddanmark;2023-10-30;1;8884;2025-02-18T10:07:19.596
1081;Nordjylland;2023-10-30;1;8885;2025-02-18T10:07:19.596
1084;Hovedstaden;2023-10-30;2;8887;2025-02-18T10:07:19.596
1083;Syddanmark;2023-10-31;0;8887;2025-02-18T10:07:19.596
1081;Nordjylland;2023-10-31;1;8888;2025-02-18T10:07:19.596
1082;Midtjylland;2023-10-31;1;8889;2025-02-18T10:07:19.596
1084;Hovedstaden;2023-10-31;2;8891;2025-02-18T10:07:19.596
1081;Nordjylland;2023-11-01;2;8893;2025-02-18T10:07:19.596
1084;Hovedstaden;2023-11-01;3;8896;2025-02-18T10:07:19.596
1081;Nordjylland;2023-11-02;1;8897;2025-02-18T10:07:19.596
1082;Midtjylland;2023-11-02;2;8899;2025-02-18T10:07:19.596
1084;Hovedstaden;2023-11-02;3;8902;2025-02-18T10:07:19.596
1085;Sjælland;2023-11-03;1;8903;2025-02-18T10:07:19.596
1084;Hovedstaden;2023-11-03;1;8904;2025-02-18T10:07:19.596
1083;Syddanmark;2023-11-04;1;8905;2025-02-18T10:07:19.596
1081;Nordjylland;2023-11-04;4;8909;2025-02-18T10:07:19.596
1082;Midtjylland;2023-11-04;2;8911;2025-02-18T10:07:19.596
1084;Hovedstaden;2023-11-04;2;8913;2025-02-18T10:07:19.596
1083;Syddanmark;2023-11-05;1;8914;2025-02-18T10:07:19.596
1085;Sjælland;2023-11-05;2;8916;2025-02-18T10:07:19.596
1082;Midtjylland;2023-11-05;1;8917;2025-02-18T10:07:19.596
1084;Hovedstaden;2023-11-05;2;8919;2025-02-18T10:07:19.596
1083;Syddanmark;2023-11-06;1;8920;2025-02-18T10:07:19.596
1085;Sjælland;2023-11-06;1;8921;2025-02-18T10:07:19.596
1081;Nordjylland;2023-11-06;1;8922;2025-02-18T10:07:19.596
1084;Hovedstaden;2023-11-06;1;8923;2025-02-18T10:07:19.596
1083;Syddanmark;2023-11-07;3;8926;2025-02-18T10:07:19.596
1082;Midtjylland;2023-11-07;1;8927;2025-02-18T10:07:19.596
1084;Hovedstaden;2023-11-07;3;8930;2025-02-18T10:07:19.596
1083;Syddanmark;2023-11-08;1;8931;2025-02-18T10:07:19.596
1085;Sjælland;2023-11-08;1;8932;2025-02-18T10:07:19.596
1082;Midtjylland;2023-11-08;2;8934;2025-02-18T10:07:19.596
1084;Hovedstaden;2023-11-08;1;8935;2025-02-18T10:07:19.596
1083;Syddanmark;2023-11-09;3;8938;2025-02-18T10:07:19.596
1085;Sjælland;2023-11-09;1;8939;2025-02-18T10:07:19.596
1082;Midtjylland;2023-11-09;3;8942;2025-02-18T10:07:19.596
1084;Hovedstaden;2023-11-09;1;8943;2025-02-18T10:07:19.596
1081;Nordjylland;2023-11-10;2;8945;2025-02-18T10:07:19.596
1082;Midtjylland;2023-11-10;1;8946;2025-02-18T10:07:19.596
1084;Hovedstaden;2023-11-10;2;8948;2025-02-18T10:07:19.596
1083;Syddanmark;2023-11-11;4;8952;2025-02-18T10:07:19.596
1081;Nordjylland;2023-11-11;1;8953;2025-02-18T10:07:19.596
1082;Midtjylland;2023-11-11;1;8954;2025-02-18T10:07:19.596
1083;Syddanmark;2023-11-12;1;8955;2025-02-18T10:07:19.596
1085;Sjælland;2023-11-12;1;8956;2025-02-18T10:07:19.596
1084;Hovedstaden;2023-11-12;3;8959;2025-02-18T10:07:19.596
1083;Syddanmark;2023-11-13;0;8959;2025-02-18T10:07:19.596
1085;Sjælland;2023-11-13;1;8960;2025-02-18T10:07:19.596
1082;Midtjylland;2023-11-13;4;8964;2025-02-18T10:07:19.596
1084;Hovedstaden;2023-11-13;6;8970;2025-02-18T10:07:19.596
1081;Nordjylland;2023-11-14;1;8971;2025-02-18T10:07:19.596
1082;Midtjylland;2023-11-14;2;8973;2025-02-18T10:07:19.596
1084;Hovedstaden;2023-11-14;1;8974;2025-02-18T10:07:19.596
1083;Syddanmark;2023-11-15;1;8975;2025-02-18T10:07:19.596
1085;Sjælland;2023-11-15;1;8976;2025-02-18T10:07:19.596
1082;Midtjylland;2023-11-15;1;8977;2025-02-18T10:07:19.596
1084;Hovedstaden;2023-11-15;1;8978;2025-02-18T10:07:19.596
1083;Syddanmark;2023-11-16;2;8980;2025-02-18T10:07:19.596
1085;Sjælland;2023-11-16;1;8981;2025-02-18T10:07:19.596
1081;Nordjylland;2023-11-16;2;8983;2025-02-18T10:07:19.596
1082;Midtjylland;2023-11-16;0;8983;2025-02-18T10:07:19.596
1084;Hovedstaden;2023-11-16;1;8984;2025-02-18T10:07:19.596
1083;Syddanmark;2023-11-17;0;8984;2025-02-18T10:07:19.596
1085;Sjælland;2023-11-17;1;8985;2025-02-18T10:07:19.596
1081;Nordjylland;2023-11-17;2;8987;2025-02-18T10:07:19.596
1082;Midtjylland;2023-11-17;2;8989;2025-02-18T10:07:19.596
1084;Hovedstaden;2023-11-17;2;8991;2025-02-18T10:07:19.596
1083;Syddanmark;2023-11-18;1;8992;2025-02-18T10:07:19.596
1085;Sjælland;2023-11-18;2;8994;2025-02-18T10:07:19.596
1084;Hovedstaden;2023-11-18;3;8997;2025-02-18T10:07:19.596
1083;Syddanmark;2023-11-19;1;8998;2025-02-18T10:07:19.596
1085;Sjælland;2023-11-19;1;8999;2025-02-18T10:07:19.596
1082;Midtjylland;2023-11-19;0;8999;2025-02-18T10:07:19.596
1084;Hovedstaden;2023-11-19;3;9002;2025-02-18T10:07:19.596
1083;Syddanmark;2023-11-20;3;9005;2025-02-18T10:07:19.596
1085;Sjælland;2023-11-20;1;9006;2025-02-18T10:07:19.596
1081;Nordjylland;2023-11-20;1;9007;2025-02-18T10:07:19.596
1082;Midtjylland;2023-11-20;2;9009;2025-02-18T10:07:19.596
1084;Hovedstaden;2023-11-20;2;9011;2025-02-18T10:07:19.596
1085;Sjælland;2023-11-21;1;9012;2025-02-18T10:07:19.596
1081;Nordjylland;2023-11-21;1;9013;2025-02-18T10:07:19.596
1082;Midtjylland;2023-11-21;1;9014;2025-02-18T10:07:19.596
1083;Syddanmark;2023-11-22;1;9015;2025-02-18T10:07:19.596
1085;Sjælland;2023-11-22;2;9017;2025-02-18T10:07:19.596
1081;Nordjylland;2023-11-22;1;9018;2025-02-18T10:07:19.596
1082;Midtjylland;2023-11-22;1;9019;2025-02-18T10:07:19.596
1084;Hovedstaden;2023-11-22;2;9021;2025-02-18T10:07:19.596
1083;Syddanmark;2023-11-23;1;9022;2025-02-18T10:07:19.596
1085;Sjælland;2023-11-23;3;9025;2025-02-18T10:07:19.596
1081;Nordjylland;2023-11-23;0;9025;2025-02-18T10:07:19.596
1084;Hovedstaden;2023-11-23;3;9028;2025-02-18T10:07:19.596
1083;Syddanmark;2023-11-24;1;9029;2025-02-18T10:07:19.596
1085;Sjælland;2023-11-24;3;9032;2025-02-18T10:07:19.596
1082;Midtjylland;2023-11-24;1;9033;2025-02-18T10:07:19.596
1084;Hovedstaden;2023-11-24;2;9035;2025-02-18T10:07:19.596
1083;Syddanmark;2023-11-25;3;9038;2025-02-18T10:07:19.596
1085;Sjælland;2023-11-25;1;9039;2025-02-18T10:07:19.596
1082;Midtjylland;2023-11-25;2;9041;2025-02-18T10:07:19.596
1084;Hovedstaden;2023-11-25;0;9041;2025-02-18T10:07:19.596
1085;Sjælland;2023-11-26;1;9042;2025-02-18T10:07:19.596
1081;Nordjylland;2023-11-26;1;9043;2025-02-18T10:07:19.596
1082;Midtjylland;2023-11-26;0;9043;2025-02-18T10:07:19.596
1084;Hovedstaden;2023-11-26;3;9046;2025-02-18T10:07:19.596
1083;Syddanmark;2023-11-27;5;9051;2025-02-18T10:07:19.596
1085;Sjælland;2023-11-27;1;9052;2025-02-18T10:07:19.596
1082;Midtjylland;2023-11-27;2;9054;2025-02-18T10:07:19.596
1084;Hovedstaden;2023-11-27;5;9059;2025-02-18T10:07:19.596
1083;Syddanmark;2023-11-28;2;9061;2025-02-18T10:07:19.596
1085;Sjælland;2023-11-28;2;9063;2025-02-18T10:07:19.596
1081;Nordjylland;2023-11-28;2;9065;2025-02-18T10:07:19.596
1084;Hovedstaden;2023-11-28;3;9068;2025-02-18T10:07:19.596
1083;Syddanmark;2023-11-29;1;9069;2025-02-18T10:07:19.596
1085;Sjælland;2023-11-29;2;9071;2025-02-18T10:07:19.596
1081;Nordjylland;2023-11-29;1;9072;2025-02-18T10:07:19.596
1082;Midtjylland;2023-11-29;3;9075;2025-02-18T10:07:19.596
1084;Hovedstaden;2023-11-29;5;9080;2025-02-18T10:07:19.596
1083;Syddanmark;2023-11-30;1;9081;2025-02-18T10:07:19.596
1085;Sjælland;2023-11-30;2;9083;2025-02-18T10:07:19.596
1081;Nordjylland;2023-11-30;1;9084;2025-02-18T10:07:19.596
1082;Midtjylland;2023-11-30;1;9085;2025-02-18T10:07:19.596
1084;Hovedstaden;2023-11-30;1;9086;2025-02-18T10:07:19.596
1083;Syddanmark;2023-12-01;1;9087;2025-02-18T10:07:19.596
1085;Sjælland;2023-12-01;2;9089;2025-02-18T10:07:19.596
1081;Nordjylland;2023-12-01;3;9092;2025-02-18T10:07:19.596
1084;Hovedstaden;2023-12-01;3;9095;2025-02-18T10:07:19.596
1083;Syddanmark;2023-12-02;1;9096;2025-02-18T10:07:19.596
1085;Sjælland;2023-12-02;3;9099;2025-02-18T10:07:19.596
1081;Nordjylland;2023-12-02;1;9100;2025-02-18T10:07:19.596
1084;Hovedstaden;2023-12-02;4;9104;2025-02-18T10:07:19.596
1083;Syddanmark;2023-12-03;1;9105;2025-02-18T10:07:19.596
1085;Sjælland;2023-12-03;4;9109;2025-02-18T10:07:19.596
1081;Nordjylland;2023-12-03;1;9110;2025-02-18T10:07:19.596
1084;Hovedstaden;2023-12-03;5;9115;2025-02-18T10:07:19.596
1083;Syddanmark;2023-12-04;1;9116;2025-02-18T10:07:19.596
1085;Sjælland;2023-12-04;1;9117;2025-02-18T10:07:19.596
1081;Nordjylland;2023-12-04;0;9117;2025-02-18T10:07:19.596
1082;Midtjylland;2023-12-04;2;9119;2025-02-18T10:07:19.596
1084;Hovedstaden;2023-12-04;3;9122;2025-02-18T10:07:19.596
1083;Syddanmark;2023-12-05;2;9124;2025-02-18T10:07:19.596
1085;Sjælland;2023-12-05;2;9126;2025-02-18T10:07:19.596
1081;Nordjylland;2023-12-05;1;9127;2025-02-18T10:07:19.596
1082;Midtjylland;2023-12-05;2;9129;2025-02-18T10:07:19.596
1084;Hovedstaden;2023-12-05;3;9132;2025-02-18T10:07:19.596
1083;Syddanmark;2023-12-06;4;9136;2025-02-18T10:07:19.596
1085;Sjælland;2023-12-06;1;9137;2025-02-18T10:07:19.596
1081;Nordjylland;2023-12-06;3;9140;2025-02-18T10:07:19.596
1082;Midtjylland;2023-12-06;1;9141;2025-02-18T10:07:19.596
1084;Hovedstaden;2023-12-06;4;9145;2025-02-18T10:07:19.596
1083;Syddanmark;2023-12-07;1;9146;2025-02-18T10:07:19.596
1085;Sjælland;2023-12-07;3;9149;2025-02-18T10:07:19.596
1082;Midtjylland;2023-12-07;4;9153;2025-02-18T10:07:19.596
1084;Hovedstaden;2023-12-07;6;9159;2025-02-18T10:07:19.596
1083;Syddanmark;2023-12-08;1;9160;2025-02-18T10:07:19.596
1085;Sjælland;2023-12-08;3;9163;2025-02-18T10:07:19.596
1082;Midtjylland;2023-12-08;2;9165;2025-02-18T10:07:19.596
1084;Hovedstaden;2023-12-08;1;9166;2025-02-18T10:07:19.596
1083;Syddanmark;2023-12-09;3;9169;2025-02-18T10:07:19.596
1085;Sjælland;2023-12-09;3;9172;2025-02-18T10:07:19.596
1081;Nordjylland;2023-12-09;0;9172;2025-02-18T10:07:19.596
1082;Midtjylland;2023-12-09;0;9172;2025-02-18T10:07:19.596
1084;Hovedstaden;2023-12-09;3;9175;2025-02-18T10:07:19.596
1083;Syddanmark;2023-12-10;1;9176;2025-02-18T10:07:19.596
1081;Nordjylland;2023-12-10;1;9177;2025-02-18T10:07:19.596
1082;Midtjylland;2023-12-10;0;9177;2025-02-18T10:07:19.596
1084;Hovedstaden;2023-12-10;4;9181;2025-02-18T10:07:19.596
1083;Syddanmark;2023-12-11;6;9187;2025-02-18T10:07:19.596
1082;Midtjylland;2023-12-11;1;9188;2025-02-18T10:07:19.596
1084;Hovedstaden;2023-12-11;3;9191;2025-02-18T10:07:19.596
1083;Syddanmark;2023-12-12;2;9193;2025-02-18T10:07:19.596
1085;Sjælland;2023-12-12;3;9196;2025-02-18T10:07:19.596
1081;Nordjylland;2023-12-12;2;9198;2025-02-18T10:07:19.596
1082;Midtjylland;2023-12-12;3;9201;2025-02-18T10:07:19.596
1084;Hovedstaden;2023-12-12;6;9207;2025-02-18T10:07:19.596
1083;Syddanmark;2023-12-13;2;9209;2025-02-18T10:07:19.596
1085;Sjælland;2023-12-13;4;9213;2025-02-18T10:07:19.596
1081;Nordjylland;2023-12-13;0;9213;2025-02-18T10:07:19.596
1082;Midtjylland;2023-12-13;5;9218;2025-02-18T10:07:19.596
1084;Hovedstaden;2023-12-13;5;9223;2025-02-18T10:07:19.596
1083;Syddanmark;2023-12-14;2;9225;2025-02-18T10:07:19.596
1085;Sjælland;2023-12-14;4;9229;2025-02-18T10:07:19.596
1081;Nordjylland;2023-12-14;1;9230;2025-02-18T10:07:19.596
1082;Midtjylland;2023-12-14;1;9231;2025-02-18T10:07:19.596
1084;Hovedstaden;2023-12-14;4;9235;2025-02-18T10:07:19.596
1083;Syddanmark;2023-12-15;1;9236;2025-02-18T10:07:19.596
1085;Sjælland;2023-12-15;2;9238;2025-02-18T10:07:19.596
1081;Nordjylland;2023-12-15;1;9239;2025-02-18T10:07:19.596
1082;Midtjylland;2023-12-15;5;9244;2025-02-18T10:07:19.596
1084;Hovedstaden;2023-12-15;9;9253;2025-02-18T10:07:19.596
1083;Syddanmark;2023-12-16;1;9254;2025-02-18T10:07:19.596
1085;Sjælland;2023-12-16;7;9261;2025-02-18T10:07:19.596
1081;Nordjylland;2023-12-16;2;9263;2025-02-18T10:07:19.596
1082;Midtjylland;2023-12-16;2;9265;2025-02-18T10:07:19.596
1084;Hovedstaden;2023-12-16;1;9266;2025-02-18T10:07:19.596
1083;Syddanmark;2023-12-17;2;9268;2025-02-18T10:07:19.596
1085;Sjælland;2023-12-17;1;9269;2025-02-18T10:07:19.596
1081;Nordjylland;2023-12-17;0;9269;2025-02-18T10:07:19.596
1082;Midtjylland;2023-12-17;3;9272;2025-02-18T10:07:19.596
1084;Hovedstaden;2023-12-17;8;9280;2025-02-18T10:07:19.596
1083;Syddanmark;2023-12-18;2;9282;2025-02-18T10:07:19.596
1085;Sjælland;2023-12-18;7;9289;2025-02-18T10:07:19.596
1081;Nordjylland;2023-12-18;1;9290;2025-02-18T10:07:19.596
1082;Midtjylland;2023-12-18;1;9291;2025-02-18T10:07:19.596
1084;Hovedstaden;2023-12-18;8;9299;2025-02-18T10:07:19.596
1083;Syddanmark;2023-12-19;3;9302;2025-02-18T10:07:19.596
1085;Sjælland;2023-12-19;3;9305;2025-02-18T10:07:19.596
1081;Nordjylland;2023-12-19;1;9306;2025-02-18T10:07:19.596
1082;Midtjylland;2023-12-19;1;9307;2025-02-18T10:07:19.596
1084;Hovedstaden;2023-12-19;4;9311;2025-02-18T10:07:19.596
1083;Syddanmark;2023-12-20;4;9315;2025-02-18T10:07:19.596
1085;Sjælland;2023-12-20;4;9319;2025-02-18T10:07:19.596
1081;Nordjylland;2023-12-20;1;9320;2025-02-18T10:07:19.596
1082;Midtjylland;2023-12-20;2;9322;2025-02-18T10:07:19.596
1084;Hovedstaden;2023-12-20;8;9330;2025-02-18T10:07:19.596
1083;Syddanmark;2023-12-21;4;9334;2025-02-18T10:07:19.596
1085;Sjælland;2023-12-21;2;9336;2025-02-18T10:07:19.596
1081;Nordjylland;2023-12-21;3;9339;2025-02-18T10:07:19.596
1082;Midtjylland;2023-12-21;1;9340;2025-02-18T10:07:19.596
1084;Hovedstaden;2023-12-21;4;9344;2025-02-18T10:07:19.596
1083;Syddanmark;2023-12-22;3;9347;2025-02-18T10:07:19.596
1085;Sjælland;2023-12-22;5;9352;2025-02-18T10:07:19.596
1081;Nordjylland;2023-12-22;2;9354;2025-02-18T10:07:19.596
1082;Midtjylland;2023-12-22;1;9355;2025-02-18T10:07:19.596
1084;Hovedstaden;2023-12-22;3;9358;2025-02-18T10:07:19.596
1083;Syddanmark;2023-12-23;3;9361;2025-02-18T10:07:19.596
1085;Sjælland;2023-12-23;6;9367;2025-02-18T10:07:19.596
1081;Nordjylland;2023-12-23;0;9367;2025-02-18T10:07:19.596
1084;Hovedstaden;2023-12-23;2;9369;2025-02-18T10:07:19.596
1083;Syddanmark;2023-12-24;2;9371;2025-02-18T10:07:19.596
1085;Sjælland;2023-12-24;3;9374;2025-02-18T10:07:19.596
1081;Nordjylland;2023-12-24;1;9375;2025-02-18T10:07:19.596
1082;Midtjylland;2023-12-24;3;9378;2025-02-18T10:07:19.596
1084;Hovedstaden;2023-12-24;4;9382;2025-02-18T10:07:19.596
1083;Syddanmark;2023-12-25;3;9385;2025-02-18T10:07:19.596
1085;Sjælland;2023-12-25;2;9387;2025-02-18T10:07:19.596
1081;Nordjylland;2023-12-25;4;9391;2025-02-18T10:07:19.596
1082;Midtjylland;2023-12-25;3;9394;2025-02-18T10:07:19.596
1084;Hovedstaden;2023-12-25;2;9396;2025-02-18T10:07:19.596
1083;Syddanmark;2023-12-26;2;9398;2025-02-18T10:07:19.596
1085;Sjælland;2023-12-26;3;9401;2025-02-18T10:07:19.596
1082;Midtjylland;2023-12-26;2;9403;2025-02-18T10:07:19.596
1084;Hovedstaden;2023-12-26;3;9406;2025-02-18T10:07:19.596
1083;Syddanmark;2023-12-27;4;9410;2025-02-18T10:07:19.596
1085;Sjælland;2023-12-27;2;9412;2025-02-18T10:07:19.596
1081;Nordjylland;2023-12-27;2;9414;2025-02-18T10:07:19.596
1082;Midtjylland;2023-12-27;1;9415;2025-02-18T10:07:19.596
1084;Hovedstaden;2023-12-27;4;9419;2025-02-18T10:07:19.596
1083;Syddanmark;2023-12-28;1;9420;2025-02-18T10:07:19.596
1085;Sjælland;2023-12-28;2;9422;2025-02-18T10:07:19.596
1081;Nordjylland;2023-12-28;2;9424;2025-02-18T10:07:19.596
1082;Midtjylland;2023-12-28;2;9426;2025-02-18T10:07:19.596
1084;Hovedstaden;2023-12-28;5;9431;2025-02-18T10:07:19.596
1083;Syddanmark;2023-12-29;4;9435;2025-02-18T10:07:19.596
1085;Sjælland;2023-12-29;1;9436;2025-02-18T10:07:19.596
1081;Nordjylland;2023-12-29;0;9436;2025-02-18T10:07:19.596
1082;Midtjylland;2023-12-29;1;9437;2025-02-18T10:07:19.596
1084;Hovedstaden;2023-12-29;4;9441;2025-02-18T10:07:19.596
1082;Midtjylland;2023-12-30;1;9442;2025-02-18T10:07:19.596
1084;Hovedstaden;2023-12-30;5;9447;2025-02-18T10:07:19.596
1083;Syddanmark;2023-12-30;4;9451;2025-02-18T10:07:19.596
1085;Sjælland;2023-12-30;3;9454;2025-02-18T10:07:19.596
1081;Nordjylland;2023-12-30;0;9454;2025-02-18T10:07:19.596
1083;Syddanmark;2023-12-31;2;9456;2025-02-18T10:07:19.596
1085;Sjælland;2023-12-31;3;9459;2025-02-18T10:07:19.596
1081;Nordjylland;2023-12-31;1;9460;2025-02-18T10:07:19.596
1082;Midtjylland;2023-12-31;2;9462;2025-02-18T10:07:19.596
1084;Hovedstaden;2023-12-31;7;9469;2025-02-18T10:07:19.596
1083;Syddanmark;2024-01-01;2;9471;2025-02-18T10:07:19.596
1085;Sjælland;2024-01-01;2;9473;2025-02-18T10:07:19.596
1082;Midtjylland;2024-01-01;2;9475;2025-02-18T10:07:19.596
1084;Hovedstaden;2024-01-01;3;9478;2025-02-18T10:07:19.596
1083;Syddanmark;2024-01-02;2;9480;2025-02-18T10:07:19.596
1085;Sjælland;2024-01-02;4;9484;2025-02-18T10:07:19.596
1081;Nordjylland;2024-01-02;1;9485;2025-02-18T10:07:19.596
1082;Midtjylland;2024-01-02;3;9488;2025-02-18T10:07:19.596
1084;Hovedstaden;2024-01-02;4;9492;2025-02-18T10:07:19.596
1083;Syddanmark;2024-01-03;3;9495;2025-02-18T10:07:19.596
1085;Sjælland;2024-01-03;3;9498;2025-02-18T10:07:19.596
1081;Nordjylland;2024-01-03;1;9499;2025-02-18T10:07:19.596
1082;Midtjylland;2024-01-03;1;9500;2025-02-18T10:07:19.596
1084;Hovedstaden;2024-01-03;6;9506;2025-02-18T10:07:19.596
1083;Syddanmark;2024-01-04;3;9509;2025-02-18T10:07:19.596
1085;Sjælland;2024-01-04;2;9511;2025-02-18T10:07:19.596
1081;Nordjylland;2024-01-04;1;9512;2025-02-18T10:07:19.596
1082;Midtjylland;2024-01-04;3;9515;2025-02-18T10:07:19.596
1084;Hovedstaden;2024-01-04;3;9518;2025-02-18T10:07:19.596
1083;Syddanmark;2024-01-05;3;9521;2025-02-18T10:07:19.596
1085;Sjælland;2024-01-05;3;9524;2025-02-18T10:07:19.596
1081;Nordjylland;2024-01-05;1;9525;2025-02-18T10:07:19.596
1082;Midtjylland;2024-01-05;3;9528;2025-02-18T10:07:19.596
1084;Hovedstaden;2024-01-05;4;9532;2025-02-18T10:07:19.596
1083;Syddanmark;2024-01-06;1;9533;2025-02-18T10:07:19.596
1085;Sjælland;2024-01-06;0;9533;2025-02-18T10:07:19.596
1081;Nordjylland;2024-01-06;1;9534;2025-02-18T10:07:19.596
1082;Midtjylland;2024-01-06;3;9537;2025-02-18T10:07:19.596
1084;Hovedstaden;2024-01-06;4;9541;2025-02-18T10:07:19.596
1083;Syddanmark;2024-01-07;3;9544;2025-02-18T10:07:19.596
1085;Sjælland;2024-01-07;2;9546;2025-02-18T10:07:19.596
1082;Midtjylland;2024-01-07;3;9549;2025-02-18T10:07:19.596
1084;Hovedstaden;2024-01-07;3;9552;2025-02-18T10:07:19.596
1083;Syddanmark;2024-01-08;5;9557;2025-02-18T10:07:19.596
1085;Sjælland;2024-01-08;1;9558;2025-02-18T10:07:19.596
1081;Nordjylland;2024-01-08;0;9558;2025-02-18T10:07:19.596
1082;Midtjylland;2024-01-08;2;9560;2025-02-18T10:07:19.596
1084;Hovedstaden;2024-01-08;5;9565;2025-02-18T10:07:19.596
1083;Syddanmark;2024-01-09;2;9567;2025-02-18T10:07:19.596
1085;Sjælland;2024-01-09;2;9569;2025-02-18T10:07:19.596
1081;Nordjylland;2024-01-09;1;9570;2025-02-18T10:07:19.596
1082;Midtjylland;2024-01-09;1;9571;2025-02-18T10:07:19.596
1084;Hovedstaden;2024-01-09;4;9575;2025-02-18T10:07:19.596
1083;Syddanmark;2024-01-10;4;9579;2025-02-18T10:07:19.596
1085;Sjælland;2024-01-10;2;9581;2025-02-18T10:07:19.596
1082;Midtjylland;2024-01-10;0;9581;2025-02-18T10:07:19.596
1084;Hovedstaden;2024-01-10;0;9581;2025-02-18T10:07:19.596
1083;Syddanmark;2024-01-11;1;9582;2025-02-18T10:07:19.596
1085;Sjælland;2024-01-11;1;9583;2025-02-18T10:07:19.596
1082;Midtjylland;2024-01-11;1;9584;2025-02-18T10:07:19.596
1084;Hovedstaden;2024-01-11;2;9586;2025-02-18T10:07:19.596
1083;Syddanmark;2024-01-12;1;9587;2025-02-18T10:07:19.596
1085;Sjælland;2024-01-12;2;9589;2025-02-18T10:07:19.596
1081;Nordjylland;2024-01-12;0;9589;2025-02-18T10:07:19.596
1082;Midtjylland;2024-01-12;3;9592;2025-02-18T10:07:19.596
1084;Hovedstaden;2024-01-12;3;9595;2025-02-18T10:07:19.596
1083;Syddanmark;2024-01-13;2;9597;2025-02-18T10:07:19.596
1085;Sjælland;2024-01-13;0;9597;2025-02-18T10:07:19.596
1082;Midtjylland;2024-01-13;4;9601;2025-02-18T10:07:19.596
1084;Hovedstaden;2024-01-13;2;9603;2025-02-18T10:07:19.596
1083;Syddanmark;2024-01-14;1;9604;2025-02-18T10:07:19.596
1085;Sjælland;2024-01-14;2;9606;2025-02-18T10:07:19.596
1081;Nordjylland;2024-01-14;2;9608;2025-02-18T10:07:19.596
1082;Midtjylland;2024-01-14;0;9608;2025-02-18T10:07:19.596
1084;Hovedstaden;2024-01-14;3;9611;2025-02-18T10:07:19.596
1083;Syddanmark;2024-01-15;4;9615;2025-02-18T10:07:19.596
1085;Sjælland;2024-01-15;3;9618;2025-02-18T10:07:19.596
1082;Midtjylland;2024-01-15;0;9618;2025-02-18T10:07:19.596
1084;Hovedstaden;2024-01-15;4;9622;2025-02-18T10:07:19.596
1083;Syddanmark;2024-01-16;0;9622;2025-02-18T10:07:19.596
1085;Sjælland;2024-01-16;0;9622;2025-02-18T10:07:19.596
1082;Midtjylland;2024-01-16;1;9623;2025-02-18T10:07:19.596
1084;Hovedstaden;2024-01-16;1;9624;2025-02-18T10:07:19.596
1083;Syddanmark;2024-01-17;0;9624;2025-02-18T10:07:19.596
1085;Sjælland;2024-01-17;1;9625;2025-02-18T10:07:19.596
1081;Nordjylland;2024-01-17;1;9626;2025-02-18T10:07:19.596
1082;Midtjylland;2024-01-17;0;9626;2025-02-18T10:07:19.596
1084;Hovedstaden;2024-01-17;1;9627;2025-02-18T10:07:19.596
1083;Syddanmark;2024-01-18;1;9628;2025-02-18T10:07:19.596
1085;Sjælland;2024-01-18;0;9628;2025-02-18T10:07:19.596
1081;Nordjylland;2024-01-18;1;9629;2025-02-18T10:07:19.596
1082;Midtjylland;2024-01-18;2;9631;2025-02-18T10:07:19.596
1084;Hovedstaden;2024-01-18;2;9633;2025-02-18T10:07:19.596
1083;Syddanmark;2024-01-19;2;9635;2025-02-18T10:07:19.596
1085;Sjælland;2024-01-19;1;9636;2025-02-18T10:07:19.596
1084;Hovedstaden;2024-01-19;5;9641;2025-02-18T10:07:19.596
1083;Syddanmark;2024-01-20;2;9643;2025-02-18T10:07:19.596
1085;Sjælland;2024-01-20;0;9643;2025-02-18T10:07:19.596
1081;Nordjylland;2024-01-20;1;9644;2025-02-18T10:07:19.596
1082;Midtjylland;2024-01-20;1;9645;2025-02-18T10:07:19.596
1084;Hovedstaden;2024-01-20;5;9650;2025-02-18T10:07:19.596
1083;Syddanmark;2024-01-21;0;9650;2025-02-18T10:07:19.596
1085;Sjælland;2024-01-21;0;9650;2025-02-18T10:07:19.596
1081;Nordjylland;2024-01-21;1;9651;2025-02-18T10:07:19.596
1082;Midtjylland;2024-01-21;0;9651;2025-02-18T10:07:19.596
1084;Hovedstaden;2024-01-21;3;9654;2025-02-18T10:07:19.596
1083;Syddanmark;2024-01-22;3;9657;2025-02-18T10:07:19.596
1085;Sjælland;2024-01-22;2;9659;2025-02-18T10:07:19.596
1082;Midtjylland;2024-01-22;1;9660;2025-02-18T10:07:19.596
1084;Hovedstaden;2024-01-22;1;9661;2025-02-18T10:07:19.596
1083;Syddanmark;2024-01-23;0;9661;2025-02-18T10:07:19.596
1085;Sjælland;2024-01-23;2;9663;2025-02-18T10:07:19.596
1082;Midtjylland;2024-01-23;0;9663;2025-02-18T10:07:19.596
1084;Hovedstaden;2024-01-23;1;9664;2025-02-18T10:07:19.596
1083;Syddanmark;2024-01-24;2;9666;2025-02-18T10:07:19.596
1084;Hovedstaden;2024-01-24;3;9669;2025-02-18T10:07:19.596
1083;Syddanmark;2024-01-25;0;9669;2025-02-18T10:07:19.596
1085;Sjælland;2024-01-25;2;9671;2025-02-18T10:07:19.596
1081;Nordjylland;2024-01-25;0;9671;2025-02-18T10:07:19.596
1084;Hovedstaden;2024-01-25;2;9673;2025-02-18T10:07:19.596
1083;Syddanmark;2024-01-26;1;9674;2025-02-18T10:07:19.596
1085;Sjælland;2024-01-26;1;9675;2025-02-18T10:07:19.596
1082;Midtjylland;2024-01-26;1;9676;2025-02-18T10:07:19.596
1084;Hovedstaden;2024-01-26;0;9676;2025-02-18T10:07:19.596
1085;Sjælland;2024-01-27;1;9677;2025-02-18T10:07:19.596
1082;Midtjylland;2024-01-27;1;9678;2025-02-18T10:07:19.596
1084;Hovedstaden;2024-01-27;1;9679;2025-02-18T10:07:19.596
1083;Syddanmark;2024-01-28;2;9681;2025-02-18T10:07:19.596
1085;Sjælland;2024-01-28;1;9682;2025-02-18T10:07:19.596
1081;Nordjylland;2024-01-28;2;9684;2025-02-18T10:07:19.596
1082;Midtjylland;2024-01-28;0;9684;2025-02-18T10:07:19.596
1084;Hovedstaden;2024-01-28;1;9685;2025-02-18T10:07:19.596
1083;Syddanmark;2024-01-29;0;9685;2025-02-18T10:07:19.596
1085;Sjælland;2024-01-29;2;9687;2025-02-18T10:07:19.596
1081;Nordjylland;2024-01-29;1;9688;2025-02-18T10:07:19.596
1082;Midtjylland;2024-01-29;1;9689;2025-02-18T10:07:19.596
1084;Hovedstaden;2024-01-29;1;9690;2025-02-18T10:07:19.596
1083;Syddanmark;2024-01-30;1;9691;2025-02-18T10:07:19.596
1085;Sjælland;2024-01-30;0;9691;2025-02-18T10:07:19.596
1081;Nordjylland;2024-01-30;0;9691;2025-02-18T10:07:19.596
1082;Midtjylland;2024-01-30;3;9694;2025-02-18T10:07:19.596
1084;Hovedstaden;2024-01-30;1;9695;2025-02-18T10:07:19.596
1083;Syddanmark;2024-01-31;1;9696;2025-02-18T10:07:19.596
1085;Sjælland;2024-01-31;0;9696;2025-02-18T10:07:19.596
1081;Nordjylland;2024-01-31;1;9697;2025-02-18T10:07:19.596
1082;Midtjylland;2024-01-31;0;9697;2025-02-18T10:07:19.596
1084;Hovedstaden;2024-01-31;0;9697;2025-02-18T10:07:19.596
1083;Syddanmark;2024-02-01;1;9698;2025-02-18T10:07:19.596
1081;Nordjylland;2024-02-01;1;9699;2025-02-18T10:07:19.596
1082;Midtjylland;2024-02-01;0;9699;2025-02-18T10:07:19.596
1084;Hovedstaden;2024-02-01;0;9699;2025-02-18T10:07:19.596
1083;Syddanmark;2024-02-02;0;9699;2025-02-18T10:07:19.596
1085;Sjælland;2024-02-02;0;9699;2025-02-18T10:07:19.596
1081;Nordjylland;2024-02-02;1;9700;2025-02-18T10:07:19.596
1082;Midtjylland;2024-02-02;0;9700;2025-02-18T10:07:19.596
1084;Hovedstaden;2024-02-02;3;9703;2025-02-18T10:07:19.596
1083;Syddanmark;2024-02-03;1;9704;2025-02-18T10:07:19.596
1085;Sjælland;2024-02-03;0;9704;2025-02-18T10:07:19.596
1084;Hovedstaden;2024-02-03;0;9704;2025-02-18T10:07:19.596
1083;Syddanmark;2024-02-04;1;9705;2025-02-18T10:07:19.596
1085;Sjælland;2024-02-04;1;9706;2025-02-18T10:07:19.596
1082;Midtjylland;2024-02-04;1;9707;2025-02-18T10:07:19.596
1084;Hovedstaden;2024-02-04;0;9707;2025-02-18T10:07:19.596
1083;Syddanmark;2024-02-05;0;9707;2025-02-18T10:07:19.596
1081;Nordjylland;2024-02-05;0;9707;2025-02-18T10:07:19.596
1082;Midtjylland;2024-02-05;0;9707;2025-02-18T10:07:19.596
1084;Hovedstaden;2024-02-05;1;9708;2025-02-18T10:07:19.596
1085;Sjælland;2024-02-06;0;9708;2025-02-18T10:07:19.596
1081;Nordjylland;2024-02-06;1;9709;2025-02-18T10:07:19.596
1082;Midtjylland;2024-02-06;1;9710;2025-02-18T10:07:19.596
1084;Hovedstaden;2024-02-06;1;9711;2025-02-18T10:07:19.596
1082;Midtjylland;2024-02-07;1;9712;2025-02-18T10:07:19.596
1083;Syddanmark;2024-02-08;1;9713;2025-02-18T10:07:19.596
1085;Sjælland;2024-02-08;1;9714;2025-02-18T10:07:19.596
1081;Nordjylland;2024-02-08;1;9715;2025-02-18T10:07:19.596
1082;Midtjylland;2024-02-08;0;9715;2025-02-18T10:07:19.596
1084;Hovedstaden;2024-02-08;0;9715;2025-02-18T10:07:19.596
1083;Syddanmark;2024-02-09;1;9716;2025-02-18T10:07:19.596
1084;Hovedstaden;2024-02-09;1;9717;2025-02-18T10:07:19.596
1082;Midtjylland;2024-02-10;0;9717;2025-02-18T10:07:19.596
1084;Hovedstaden;2024-02-10;1;9718;2025-02-18T10:07:19.596
1081;Nordjylland;2024-02-11;1;9719;2025-02-18T10:07:19.596
1082;Midtjylland;2024-02-11;0;9719;2025-02-18T10:07:19.596
1084;Hovedstaden;2024-02-11;0;9719;2025-02-18T10:07:19.596
1083;Syddanmark;2024-02-12;1;9720;2025-02-18T10:07:19.596
1082;Midtjylland;2024-02-12;0;9720;2025-02-18T10:07:19.596
1084;Hovedstaden;2024-02-12;0;9720;2025-02-18T10:07:19.596
1083;Syddanmark;2024-02-13;1;9721;2025-02-18T10:07:19.596
1085;Sjælland;2024-02-13;0;9721;2025-02-18T10:07:19.596
1082;Midtjylland;2024-02-13;1;9722;2025-02-18T10:07:19.596
1084;Hovedstaden;2024-02-13;0;9722;2025-02-18T10:07:19.596
1083;Syddanmark;2024-02-14;0;9722;2025-02-18T10:07:19.596
1085;Sjælland;2024-02-14;0;9722;2025-02-18T10:07:19.596
1083;Syddanmark;2024-02-15;1;9723;2025-02-18T10:07:19.596
1081;Nordjylland;2024-02-15;0;9723;2025-02-18T10:07:19.596
1084;Hovedstaden;2024-02-15;0;9723;2025-02-18T10:07:19.596
1083;Syddanmark;2024-02-16;1;9724;2025-02-18T10:07:19.596
1082;Midtjylland;2024-02-16;0;9724;2025-02-18T10:07:19.596
1084;Hovedstaden;2024-02-16;1;9725;2025-02-18T10:07:19.596
1083;Syddanmark;2024-02-17;0;9725;2025-02-18T10:07:19.596
1081;Nordjylland;2024-02-17;0;9725;2025-02-18T10:07:19.596
1083;Syddanmark;2024-02-18;1;9726;2025-02-18T10:07:19.596
1081;Nordjylland;2024-02-18;1;9727;2025-02-18T10:07:19.596
1084;Hovedstaden;2024-02-18;1;9728;2025-02-18T10:07:19.596
1085;Sjælland;2024-02-19;1;9729;2025-02-18T10:07:19.596
1081;Nordjylland;2024-02-19;1;9730;2025-02-18T10:07:19.596
1082;Midtjylland;2024-02-19;0;9730;2025-02-18T10:07:19.596
1084;Hovedstaden;2024-02-19;1;9731;2025-02-18T10:07:19.596
1083;Syddanmark;2024-02-20;0;9731;2025-02-18T10:07:19.596
1085;Sjælland;2024-02-20;0;9731;2025-02-18T10:07:19.596
1081;Nordjylland;2024-02-20;1;9732;2025-02-18T10:07:19.596
1082;Midtjylland;2024-02-20;0;9732;2025-02-18T10:07:19.596
1083;Syddanmark;2024-02-21;1;9733;2025-02-18T10:07:19.596
1085;Sjælland;2024-02-21;1;9734;2025-02-18T10:07:19.596
1082;Midtjylland;2024-02-21;1;9735;2025-02-18T10:07:19.596
1085;Sjælland;2024-02-22;0;9735;2025-02-18T10:07:19.596
1084;Hovedstaden;2024-02-22;0;9735;2025-02-18T10:07:19.596
1083;Syddanmark;2024-02-23;1;9736;2025-02-18T10:07:19.596
1084;Hovedstaden;2024-02-23;1;9737;2025-02-18T10:07:19.596
1083;Syddanmark;2024-02-24;0;9737;2025-02-18T10:07:19.596
1085;Sjælland;2024-02-24;0;9737;2025-02-18T10:07:19.596
1083;Syddanmark;2024-02-25;1;9738;2025-02-18T10:07:19.596
1085;Sjælland;2024-02-25;1;9739;2025-02-18T10:07:19.596
1084;Hovedstaden;2024-02-25;1;9740;2025-02-18T10:07:19.596
1084;Hovedstaden;2024-02-26;2;9742;2025-02-18T10:07:19.596
;;2024-02-27;0;9742;2025-02-18T10:07:19.596
1083;Syddanmark;2024-02-28;1;9743;2025-02-18T10:07:19.596
1082;Midtjylland;2024-02-28;0;9743;2025-02-18T10:07:19.596
1083;Syddanmark;2024-02-29;1;9744;2025-02-18T10:07:19.596
1084;Hovedstaden;2024-02-29;1;9745;2025-02-18T10:07:19.596
1083;Syddanmark;2024-03-01;1;9746;2025-02-18T10:07:19.596
1084;Hovedstaden;2024-03-01;1;9747;2025-02-18T10:07:19.596
;;2024-03-02;0;9747;2025-02-18T10:07:19.596
1083;Syddanmark;2024-03-03;0;9747;2025-02-18T10:07:19.596
1085;Sjælland;2024-03-03;0;9747;2025-02-18T10:07:19.596
1083;Syddanmark;2024-03-04;2;9749;2025-02-18T10:07:19.596
1083;Syddanmark;2024-03-05;1;9750;2025-02-18T10:07:19.596
1084;Hovedstaden;2024-03-05;1;9751;2025-02-18T10:07:19.596
1083;Syddanmark;2024-03-06;1;9752;2025-02-18T10:07:19.596
1085;Sjælland;2024-03-06;1;9753;2025-02-18T10:07:19.596
1084;Hovedstaden;2024-03-07;1;9754;2025-02-18T10:07:19.596
1084;Hovedstaden;2024-03-08;0;9754;2025-02-18T10:07:19.596
1084;Hovedstaden;2024-03-09;3;9757;2025-02-18T10:07:19.596
1083;Syddanmark;2024-03-10;1;9758;2025-02-18T10:07:19.596
1084;Hovedstaden;2024-03-11;1;9759;2025-02-18T10:07:19.596
1083;Syddanmark;2024-03-12;1;9760;2025-02-18T10:07:19.596
1082;Midtjylland;2024-03-12;2;9762;2025-02-18T10:07:19.596
1084;Hovedstaden;2024-03-13;1;9763;2025-02-18T10:07:19.596
1084;Hovedstaden;2024-03-14;1;9764;2025-02-18T10:07:19.596
;;2024-03-15;0;9764;2025-02-18T10:07:19.596
1084;Hovedstaden;2024-03-16;0;9764;2025-02-18T10:07:19.596
;;2024-03-17;0;9764;2025-02-18T10:07:19.596
;;2024-03-18;0;9764;2025-02-18T10:07:19.596
1083;Syddanmark;2024-03-19;0;9764;2025-02-18T10:07:19.596
1083;Syddanmark;2024-03-20;0;9764;2025-02-18T10:07:19.596
;;2024-03-21;0;9764;2025-02-18T10:07:19.596
;;2024-03-22;0;9764;2025-02-18T10:07:19.596
;;2024-03-23;0;9764;2025-02-18T10:07:19.596
1084;Hovedstaden;2024-03-24;0;9764;2025-02-18T10:07:19.596
;;2024-03-25;0;9764;2025-02-18T10:07:19.596
1083;Syddanmark;2024-03-26;1;9765;2025-02-18T10:07:19.596
1081;Nordjylland;2024-03-26;1;9766;2025-02-18T10:07:19.596
;;2024-03-27;0;9766;2025-02-18T10:07:19.596
1083;Syddanmark;2024-03-28;0;9766;2025-02-18T10:07:19.596
1082;Midtjylland;2024-03-28;1;9767;2025-02-18T10:07:19.596
;;2024-03-29;0;9767;2025-02-18T10:07:19.596
;;2024-03-30;0;9767;2025-02-18T10:07:19.596
;;2024-03-31;0;9767;2025-02-18T10:07:19.596
1084;Hovedstaden;2024-04-01;0;9767;2025-02-18T10:07:19.596
1084;Hovedstaden;2024-04-02;0;9767;2025-02-18T10:07:19.596
1083;Syddanmark;2024-04-03;1;9768;2025-02-18T10:07:19.596
1085;Sjælland;2024-04-03;0;9768;2025-02-18T10:07:19.596
1084;Hovedstaden;2024-04-03;1;9769;2025-02-18T10:07:19.596
1084;Hovedstaden;2024-04-04;2;9771;2025-02-18T10:07:19.596
;;2024-04-05;0;9771;2025-02-18T10:07:19.596
1084;Hovedstaden;2024-04-06;1;9772;2025-02-18T10:07:19.596
;;2024-04-07;0;9772;2025-02-18T10:07:19.596
1085;Sjælland;2024-04-08;1;9773;2025-02-18T10:07:19.596
;;2024-04-09;0;9773;2025-02-18T10:07:19.596
1085;Sjælland;2024-04-10;1;9774;2025-02-18T10:07:19.596
;;2024-04-11;0;9774;2025-02-18T10:07:19.596
1084;Hovedstaden;2024-04-12;1;9775;2025-02-18T10:07:19.596
;;2024-04-13;0;9775;2025-02-18T10:07:19.596
1084;Hovedstaden;2024-04-14;1;9776;2025-02-18T10:07:19.596
;;2024-04-15;0;9776;2025-02-18T10:07:19.596
1082;Midtjylland;2024-04-16;0;9776;2025-02-18T10:07:19.596
1085;Sjælland;2024-04-17;1;9777;2025-02-18T10:07:19.596
1082;Midtjylland;2024-04-17;1;9778;2025-02-18T10:07:19.596
1083;Syddanmark;2024-04-18;1;9779;2025-02-18T10:07:19.596
;;2024-04-19;0;9779;2025-02-18T10:07:19.596
;;2024-04-20;0;9779;2025-02-18T10:07:19.596
;;2024-04-21;0;9779;2025-02-18T10:07:19.596
1084;Hovedstaden;2024-04-22;0;9779;2025-02-18T10:07:19.596
;;2024-04-23;0;9779;2025-02-18T10:07:19.596
;;2024-04-24;0;9779;2025-02-18T10:07:19.596
1085;Sjælland;2024-04-25;1;9780;2025-02-18T10:07:19.596
1084;Hovedstaden;2024-04-25;0;9780;2025-02-18T10:07:19.596
;;2024-04-26;0;9780;2025-02-18T10:07:19.596
1085;Sjælland;2024-04-27;1;9781;2025-02-18T10:07:19.596
;;2024-04-28;0;9781;2025-02-18T10:07:19.596
1083;Syddanmark;2024-04-29;1;9782;2025-02-18T10:07:19.596
1081;Nordjylland;2024-04-29;1;9783;2025-02-18T10:07:19.596
;;2024-04-30;0;9783;2025-02-18T10:07:19.596
1083;Syddanmark;2024-05-01;0;9783;2025-02-18T10:07:19.596
1085;Sjælland;2024-05-01;1;9784;2025-02-18T10:07:19.596
1084;Hovedstaden;2024-05-02;0;9784;2025-02-18T10:07:19.596
;;2024-05-03;0;9784;2025-02-18T10:07:19.596
1081;Nordjylland;2024-05-04;1;9785;2025-02-18T10:07:19.596
;;2024-05-05;0;9785;2025-02-18T10:07:19.596
1085;Sjælland;2024-05-06;1;9786;2025-02-18T10:07:19.596
;;2024-05-07;0;9786;2025-02-18T10:07:19.596
1085;Sjælland;2024-05-08;1;9787;2025-02-18T10:07:19.596
;;2024-05-09;0;9787;2025-02-18T10:07:19.596
;;2024-05-10;0;9787;2025-02-18T10:07:19.596
1084;Hovedstaden;2024-05-11;0;9787;2025-02-18T10:07:19.596
;;2024-05-12;0;9787;2025-02-18T10:07:19.596
;;2024-05-13;0;9787;2025-02-18T10:07:19.596
1084;Hovedstaden;2024-05-14;1;9788;2025-02-18T10:07:19.596
1084;Hovedstaden;2024-05-15;1;9789;2025-02-18T10:07:19.596
;;2024-05-16;0;9789;2025-02-18T10:07:19.596
1084;Hovedstaden;2024-05-17;0;9789;2025-02-18T10:07:19.596
;;2024-05-18;0;9789;2025-02-18T10:07:19.596
;;2024-05-19;0;9789;2025-02-18T10:07:19.596
;;2024-05-20;0;9789;2025-02-18T10:07:19.596
;;2024-05-21;0;9789;2025-02-18T10:07:19.596
1085;Sjælland;2024-05-22;0;9789;2025-02-18T10:07:19.596
;;2024-05-23;0;9789;2025-02-18T10:07:19.596
1082;Midtjylland;2024-05-24;1;9790;2025-02-18T10:07:19.596
;;2024-05-25;0;9790;2025-02-18T10:07:19.596
1085;Sjælland;2024-05-26;1;9791;2025-02-18T10:07:19.596
;;2024-05-27;0;9791;2025-02-18T10:07:19.596
;;2024-05-28;0;9791;2025-02-18T10:07:19.596
1084;Hovedstaden;2024-05-29;1;9792;2025-02-18T10:07:19.596
1084;Hovedstaden;2024-05-30;1;9793;2025-02-18T10:07:19.596
;;2024-05-31;0;9793;2025-02-18T10:07:19.596
1084;Hovedstaden;2024-06-01;0;9793;2025-02-18T10:07:19.596
;;2024-06-02;0;9793;2025-02-18T10:07:19.596
;;2024-06-03;0;9793;2025-02-18T10:07:19.596
;;2024-06-04;0;9793;2025-02-18T10:07:19.596
;;2024-06-05;0;9793;2025-02-18T10:07:19.596
;;2024-06-06;0;9793;2025-02-18T10:07:19.596
1085;Sjælland;2024-06-07;0;9793;2025-02-18T10:07:19.596
;;2024-06-08;0;9793;2025-02-18T10:07:19.596
;;2024-06-09;0;9793;2025-02-18T10:07:19.596
;;2024-06-10;0;9793;2025-02-18T10:07:19.596
;;2024-06-11;0;9793;2025-02-18T10:07:19.596
1085;Sjælland;2024-06-12;1;9794;2025-02-18T10:07:19.596
1084;Hovedstaden;2024-06-12;1;9795;2025-02-18T10:07:19.596
1083;Syddanmark;2024-06-13;0;9795;2025-02-18T10:07:19.596
1084;Hovedstaden;2024-06-14;1;9796;2025-02-18T10:07:19.596
;;2024-06-15;0;9796;2025-02-18T10:07:19.596
;;2024-06-16;0;9796;2025-02-18T10:07:19.596
1081;Nordjylland;2024-06-17;1;9797;2025-02-18T10:07:19.596
1085;Sjælland;2024-06-18;1;9798;2025-02-18T10:07:19.596
1084;Hovedstaden;2024-06-18;0;9798;2025-02-18T10:07:19.596
1082;Midtjylland;2024-06-19;1;9799;2025-02-18T10:07:19.596
;;2024-06-20;0;9799;2025-02-18T10:07:19.596
;;2024-06-21;0;9799;2025-02-18T10:07:19.596
1081;Nordjylland;2024-06-22;1;9800;2025-02-18T10:07:19.596
1081;Nordjylland;2024-06-23;1;9801;2025-02-18T10:07:19.596
1085;Sjælland;2024-06-24;1;9802;2025-02-18T10:07:19.596
1084;Hovedstaden;2024-06-24;1;9803;2025-02-18T10:07:19.596
1083;Syddanmark;2024-06-25;1;9804;2025-02-18T10:07:19.596
1084;Hovedstaden;2024-06-25;1;9805;2025-02-18T10:07:19.596
1083;Syddanmark;2024-06-26;0;9805;2025-02-18T10:07:19.596
;;2024-06-27;0;9805;2025-02-18T10:07:19.596
1084;Hovedstaden;2024-06-28;1;9806;2025-02-18T10:07:19.596
1084;Hovedstaden;2024-06-29;1;9807;2025-02-18T10:07:19.596
1085;Sjælland;2024-06-30;0;9807;2025-02-18T10:07:19.596
;;2024-07-01;0;9807;2025-02-18T10:07:19.596
;;2024-07-02;0;9807;2025-02-18T10:07:19.596
;;2024-07-03;0;9807;2025-02-18T10:07:19.596
;;2024-07-04;0;9807;2025-02-18T10:07:19.596
;;2024-07-05;0;9807;2025-02-18T10:07:19.596
;;2024-07-06;0;9807;2025-02-18T10:07:19.596
;;2024-07-07;0;9807;2025-02-18T10:07:19.596
1083;Syddanmark;2024-07-08;2;9809;2025-02-18T10:07:19.596
1083;Syddanmark;2024-07-09;1;9810;2025-02-18T10:07:19.596
1084;Hovedstaden;2024-07-09;1;9811;2025-02-18T10:07:19.596
1083;Syddanmark;2024-07-10;1;9812;2025-02-18T10:07:19.596
1085;Sjælland;2024-07-10;1;9813;2025-02-18T10:07:19.596
1083;Syddanmark;2024-07-11;1;9814;2025-02-18T10:07:19.596
1084;Hovedstaden;2024-07-11;0;9814;2025-02-18T10:07:19.596
1084;Hovedstaden;2024-07-12;2;9816;2025-02-18T10:07:19.596
;;2024-07-13;0;9816;2025-02-18T10:07:19.596
1084;Hovedstaden;2024-07-14;1;9817;2025-02-18T10:07:19.596
1084;Hovedstaden;2024-07-15;1;9818;2025-02-18T10:07:19.596
1083;Syddanmark;2024-07-16;1;9819;2025-02-18T10:07:19.596
1082;Midtjylland;2024-07-16;2;9821;2025-02-18T10:07:19.596
1084;Hovedstaden;2024-07-16;1;9822;2025-02-18T10:07:19.596
;;2024-07-17;0;9822;2025-02-18T10:07:19.596
1083;Syddanmark;2024-07-18;1;9823;2025-02-18T10:07:19.596
;;2024-07-19;0;9823;2025-02-18T10:07:19.596
1084;Hovedstaden;2024-07-20;2;9825;2025-02-18T10:07:19.596
1081;Nordjylland;2024-07-21;1;9826;2025-02-18T10:07:19.596
1082;Midtjylland;2024-07-21;1;9827;2025-02-18T10:07:19.596
1084;Hovedstaden;2024-07-21;1;9828;2025-02-18T10:07:19.596
1083;Syddanmark;2024-07-22;1;9829;2025-02-18T10:07:19.596
1084;Hovedstaden;2024-07-22;1;9830;2025-02-18T10:07:19.596
1085;Sjælland;2024-07-23;3;9833;2025-02-18T10:07:19.596
1084;Hovedstaden;2024-07-23;3;9836;2025-02-18T10:07:19.596
1083;Syddanmark;2024-07-24;1;9837;2025-02-18T10:07:19.596
1085;Sjælland;2024-07-24;0;9837;2025-02-18T10:07:19.596
1083;Syddanmark;2024-07-25;1;9838;2025-02-18T10:07:19.596
1084;Hovedstaden;2024-07-25;1;9839;2025-02-18T10:07:19.596
1084;Hovedstaden;2024-07-26;1;9840;2025-02-18T10:07:19.596
;;2024-07-27;0;9840;2025-02-18T10:07:19.596
1082;Midtjylland;2024-07-28;2;9842;2025-02-18T10:07:19.596
1084;Hovedstaden;2024-07-28;1;9843;2025-02-18T10:07:19.596
1083;Syddanmark;2024-07-29;1;9844;2025-02-18T10:07:19.596
1082;Midtjylland;2024-07-29;2;9846;2025-02-18T10:07:19.596
1084;Hovedstaden;2024-07-29;0;9846;2025-02-18T10:07:19.596
;;2024-07-30;0;9846;2025-02-18T10:07:19.596
;;2024-07-31;0;9846;2025-02-18T10:07:19.596
;;2024-08-01;0;9846;2025-02-18T10:07:19.596
1082;Midtjylland;2024-08-02;1;9847;2025-02-18T10:07:19.596
1084;Hovedstaden;2024-08-02;1;9848;2025-02-18T10:07:19.596
1081;Nordjylland;2024-08-03;1;9849;2025-02-18T10:07:19.596
1082;Midtjylland;2024-08-03;1;9850;2025-02-18T10:07:19.596
;;2024-08-04;0;9850;2025-02-18T10:07:19.596
1081;Nordjylland;2024-08-05;1;9851;2025-02-18T10:07:19.596
1082;Midtjylland;2024-08-05;2;9853;2025-02-18T10:07:19.596
1084;Hovedstaden;2024-08-05;1;9854;2025-02-18T10:07:19.596
1081;Nordjylland;2024-08-06;1;9855;2025-02-18T10:07:19.596
1084;Hovedstaden;2024-08-07;2;9857;2025-02-18T10:07:19.596
1083;Syddanmark;2024-08-08;1;9858;2025-02-18T10:07:19.596
1084;Hovedstaden;2024-08-08;0;9858;2025-02-18T10:07:19.596
1081;Nordjylland;2024-08-09;1;9859;2025-02-18T10:07:19.596
1084;Hovedstaden;2024-08-09;1;9860;2025-02-18T10:07:19.596
1083;Syddanmark;2024-08-10;1;9861;2025-02-18T10:07:19.596
1081;Nordjylland;2024-08-10;1;9862;2025-02-18T10:07:19.596
1084;Hovedstaden;2024-08-10;2;9864;2025-02-18T10:07:19.596
1085;Sjælland;2024-08-11;1;9865;2025-02-18T10:07:19.596
1082;Midtjylland;2024-08-11;2;9867;2025-02-18T10:07:19.596
1084;Hovedstaden;2024-08-11;1;9868;2025-02-18T10:07:19.596
1083;Syddanmark;2024-08-12;1;9869;2025-02-18T10:07:19.596
1085;Sjælland;2024-08-12;1;9870;2025-02-18T10:07:19.596
1081;Nordjylland;2024-08-12;1;9871;2025-02-18T10:07:19.596
1084;Hovedstaden;2024-08-12;1;9872;2025-02-18T10:07:19.596
;;2024-08-13;0;9872;2025-02-18T10:07:19.596
1084;Hovedstaden;2024-08-14;1;9873;2025-02-18T10:07:19.596
1085;Sjælland;2024-08-15;1;9874;2025-02-18T10:07:19.596
1082;Midtjylland;2024-08-15;1;9875;2025-02-18T10:07:19.596
1084;Hovedstaden;2024-08-15;4;9879;2025-02-18T10:07:19.596
1085;Sjælland;2024-08-16;1;9880;2025-02-18T10:07:19.596
1082;Midtjylland;2024-08-16;2;9882;2025-02-18T10:07:19.596
1084;Hovedstaden;2024-08-16;3;9885;2025-02-18T10:07:19.596
1083;Syddanmark;2024-08-17;1;9886;2025-02-18T10:07:19.596
1085;Sjælland;2024-08-17;1;9887;2025-02-18T10:07:19.596
1084;Hovedstaden;2024-08-17;1;9888;2025-02-18T10:07:19.596
1085;Sjælland;2024-08-18;1;9889;2025-02-18T10:07:19.596
1084;Hovedstaden;2024-08-18;1;9890;2025-02-18T10:07:19.596
1084;Hovedstaden;2024-08-19;2;9892;2025-02-18T10:07:19.596
1083;Syddanmark;2024-08-20;0;9892;2025-02-18T10:07:19.596
1081;Nordjylland;2024-08-20;1;9893;2025-02-18T10:07:19.596
1084;Hovedstaden;2024-08-20;2;9895;2025-02-18T10:07:19.596
1081;Nordjylland;2024-08-21;1;9896;2025-02-18T10:07:19.596
1082;Midtjylland;2024-08-21;1;9897;2025-02-18T10:07:19.596
1084;Hovedstaden;2024-08-21;1;9898;2025-02-18T10:07:19.596
1083;Syddanmark;2024-08-22;1;9899;2025-02-18T10:07:19.596
1082;Midtjylland;2024-08-22;2;9901;2025-02-18T10:07:19.596
;;2024-08-23;0;9901;2025-02-18T10:07:19.596
1083;Syddanmark;2024-08-24;0;9901;2025-02-18T10:07:19.596
1085;Sjælland;2024-08-24;1;9902;2025-02-18T10:07:19.596
1081;Nordjylland;2024-08-24;1;9903;2025-02-18T10:07:19.596
1083;Syddanmark;2024-08-25;0;9903;2025-02-18T10:07:19.596
1082;Midtjylland;2024-08-25;0;9903;2025-02-18T10:07:19.596
1084;Hovedstaden;2024-08-25;1;9904;2025-02-18T10:07:19.596
1085;Sjælland;2024-08-26;1;9905;2025-02-18T10:07:19.596
1082;Midtjylland;2024-08-26;0;9905;2025-02-18T10:07:19.596
1081;Nordjylland;2024-08-27;1;9906;2025-02-18T10:07:19.596
1083;Syddanmark;2024-08-28;1;9907;2025-02-18T10:07:19.596
1081;Nordjylland;2024-08-28;0;9907;2025-02-18T10:07:19.596
1084;Hovedstaden;2024-08-28;1;9908;2025-02-18T10:07:19.596
1083;Syddanmark;2024-08-29;1;9909;2025-02-18T10:07:19.596
1085;Sjælland;2024-08-30;1;9910;2025-02-18T10:07:19.596
1082;Midtjylland;2024-08-30;1;9911;2025-02-18T10:07:19.596
1084;Hovedstaden;2024-08-30;3;9914;2025-02-18T10:07:19.596
1083;Syddanmark;2024-08-31;0;9914;2025-02-18T10:07:19.596
1085;Sjælland;2024-08-31;1;9915;2025-02-18T10:07:19.596
1082;Midtjylland;2024-08-31;1;9916;2025-02-18T10:07:19.596
1084;Hovedstaden;2024-08-31;2;9918;2025-02-18T10:07:19.596
1083;Syddanmark;2024-09-01;2;9920;2025-02-18T10:07:19.596
1085;Sjælland;2024-09-01;0;9920;2025-02-18T10:07:19.596
1082;Midtjylland;2024-09-01;1;9921;2025-02-18T10:07:19.596
1082;Midtjylland;2024-09-02;0;9921;2025-02-18T10:07:19.596
1083;Syddanmark;2024-09-03;1;9922;2025-02-18T10:07:19.596
1082;Midtjylland;2024-09-03;1;9923;2025-02-18T10:07:19.596
1084;Hovedstaden;2024-09-03;1;9924;2025-02-18T10:07:19.596
1085;Sjælland;2024-09-04;1;9925;2025-02-18T10:07:19.596
1081;Nordjylland;2024-09-04;1;9926;2025-02-18T10:07:19.596
1084;Hovedstaden;2024-09-04;1;9927;2025-02-18T10:07:19.596
1083;Syddanmark;2024-09-05;0;9927;2025-02-18T10:07:19.596
1082;Midtjylland;2024-09-05;1;9928;2025-02-18T10:07:19.596
1084;Hovedstaden;2024-09-05;1;9929;2025-02-18T10:07:19.596
1083;Syddanmark;2024-09-06;0;9929;2025-02-18T10:07:19.596
1082;Midtjylland;2024-09-06;0;9929;2025-02-18T10:07:19.596
1081;Nordjylland;2024-09-07;1;9930;2025-02-18T10:07:19.596
1082;Midtjylland;2024-09-07;0;9930;2025-02-18T10:07:19.596
1084;Hovedstaden;2024-09-07;2;9932;2025-02-18T10:07:19.596
1084;Hovedstaden;2024-09-08;0;9932;2025-02-18T10:07:19.596
1085;Sjælland;2024-09-09;2;9934;2025-02-18T10:07:19.596
1084;Hovedstaden;2024-09-09;2;9936;2025-02-18T10:07:19.596
1085;Sjælland;2024-09-10;1;9937;2025-02-18T10:07:19.596
;;2024-09-11;0;9937;2025-02-18T10:07:19.596
1083;Syddanmark;2024-09-12;1;9938;2025-02-18T10:07:19.596
1085;Sjælland;2024-09-13;1;9939;2025-02-18T10:07:19.596
1081;Nordjylland;2024-09-13;1;9940;2025-02-18T10:07:19.596
1083;Syddanmark;2024-09-14;1;9941;2025-02-18T10:07:19.596
1085;Sjælland;2024-09-14;1;9942;2025-02-18T10:07:19.596
1082;Midtjylland;2024-09-14;0;9942;2025-02-18T10:07:19.596
1084;Hovedstaden;2024-09-14;2;9944;2025-02-18T10:07:19.596
1083;Syddanmark;2024-09-15;1;9945;2025-02-18T10:07:19.596
1082;Midtjylland;2024-09-15;1;9946;2025-02-18T10:07:19.596
1084;Hovedstaden;2024-09-15;0;9946;2025-02-18T10:07:19.596
1081;Nordjylland;2024-09-16;1;9947;2025-02-18T10:07:19.596
1084;Hovedstaden;2024-09-16;1;9948;2025-02-18T10:07:19.596
1083;Syddanmark;2024-09-17;1;9949;2025-02-18T10:07:19.596
1085;Sjælland;2024-09-17;1;9950;2025-02-18T10:07:19.596
1084;Hovedstaden;2024-09-17;0;9950;2025-02-18T10:07:19.596
1083;Syddanmark;2024-09-18;1;9951;2025-02-18T10:07:19.596
1085;Sjælland;2024-09-19;1;9952;2025-02-18T10:07:19.596
1081;Nordjylland;2024-09-19;1;9953;2025-02-18T10:07:19.596
1084;Hovedstaden;2024-09-19;1;9954;2025-02-18T10:07:19.596
1082;Midtjylland;2024-09-20;1;9955;2025-02-18T10:07:19.596
1081;Nordjylland;2024-09-21;1;9956;2025-02-18T10:07:19.596
1082;Midtjylland;2024-09-21;2;9958;2025-02-18T10:07:19.596
1084;Hovedstaden;2024-09-21;1;9959;2025-02-18T10:07:19.596
1083;Syddanmark;2024-09-22;1;9960;2025-02-18T10:07:19.596
1081;Nordjylland;2024-09-22;1;9961;2025-02-18T10:07:19.596
;;2024-09-23;0;9961;2025-02-18T10:07:19.596
1082;Midtjylland;2024-09-24;0;9961;2025-02-18T10:07:19.596
1084;Hovedstaden;2024-09-24;1;9962;2025-02-18T10:07:19.596
1083;Syddanmark;2024-09-25;1;9963;2025-02-18T10:07:19.596
1085;Sjælland;2024-09-25;2;9965;2025-02-18T10:07:19.596
1081;Nordjylland;2024-09-25;1;9966;2025-02-18T10:07:19.596
1084;Hovedstaden;2024-09-25;1;9967;2025-02-18T10:07:19.596
1083;Syddanmark;2024-09-26;0;9967;2025-02-18T10:07:19.596
1085;Sjælland;2024-09-26;1;9968;2025-02-18T10:07:19.596
1081;Nordjylland;2024-09-26;2;9970;2025-02-18T10:07:19.596
1084;Hovedstaden;2024-09-26;1;9971;2025-02-18T10:07:19.596
1083;Syddanmark;2024-09-27;1;9972;2025-02-18T10:07:19.596
1085;Sjælland;2024-09-27;1;9973;2025-02-18T10:07:19.596
1084;Hovedstaden;2024-09-27;0;9973;2025-02-18T10:07:19.596
1083;Syddanmark;2024-09-28;1;9974;2025-02-18T10:07:19.596
1082;Midtjylland;2024-09-28;1;9975;2025-02-18T10:07:19.596
1083;Syddanmark;2024-09-29;0;9975;2025-02-18T10:07:19.596
1085;Sjælland;2024-09-29;1;9976;2025-02-18T10:07:19.596
1083;Syddanmark;2024-09-30;0;9976;2025-02-18T10:07:19.596
1084;Hovedstaden;2024-09-30;3;9979;2025-02-18T10:07:19.596
1084;Hovedstaden;2024-10-01;0;9979;2025-02-18T10:07:19.596
1084;Hovedstaden;2024-10-02;1;9980;2025-02-18T10:07:19.596
1083;Syddanmark;2024-10-03;0;9980;2025-02-18T10:07:19.596
1082;Midtjylland;2024-10-03;1;9981;2025-02-18T10:07:19.596
1085;Sjælland;2024-10-04;1;9982;2025-02-18T10:07:19.596
1082;Midtjylland;2024-10-04;1;9983;2025-02-18T10:07:19.596
1084;Hovedstaden;2024-10-04;2;9985;2025-02-18T10:07:19.596
1084;Hovedstaden;2024-10-05;1;9986;2025-02-18T10:07:19.596
1081;Nordjylland;2024-10-06;1;9987;2025-02-18T10:07:19.596
1082;Midtjylland;2024-10-06;1;9988;2025-02-18T10:07:19.596
1085;Sjælland;2024-10-07;2;9990;2025-02-18T10:07:19.596
1084;Hovedstaden;2024-10-07;1;9991;2025-02-18T10:07:19.596
1083;Syddanmark;2024-10-08;1;9992;2025-02-18T10:07:19.596
1085;Sjælland;2024-10-08;2;9994;2025-02-18T10:07:19.596
1084;Hovedstaden;2024-10-09;3;9997;2025-02-18T10:07:19.596
1083;Syddanmark;2024-10-10;0;9997;2025-02-18T10:07:19.596
1085;Sjælland;2024-10-10;1;9998;2025-02-18T10:07:19.596
1081;Nordjylland;2024-10-10;1;9999;2025-02-18T10:07:19.596
1082;Midtjylland;2024-10-10;1;10000;2025-02-18T10:07:19.596
1084;Hovedstaden;2024-10-10;0;10000;2025-02-18T10:07:19.596
1084;Hovedstaden;2024-10-11;3;10003;2025-02-18T10:07:19.596
1085;Sjælland;2024-10-12;0;10003;2025-02-18T10:07:19.596
1081;Nordjylland;2024-10-12;1;10004;2025-02-18T10:07:19.596
1084;Hovedstaden;2024-10-12;1;10005;2025-02-18T10:07:19.596
1084;Hovedstaden;2024-10-13;1;10006;2025-02-18T10:07:19.596
1085;Sjælland;2024-10-14;1;10007;2025-02-18T10:07:19.596
1081;Nordjylland;2024-10-14;1;10008;2025-02-18T10:07:19.596
1084;Hovedstaden;2024-10-14;1;10009;2025-02-18T10:07:19.596
1085;Sjælland;2024-10-15;3;10012;2025-02-18T10:07:19.596
1084;Hovedstaden;2024-10-15;1;10013;2025-02-18T10:07:19.596
1081;Nordjylland;2024-10-16;1;10014;2025-02-18T10:07:19.596
1085;Sjælland;2024-10-17;1;10015;2025-02-18T10:07:19.596
1084;Hovedstaden;2024-10-17;2;10017;2025-02-18T10:07:19.596
1083;Syddanmark;2024-10-18;0;10017;2025-02-18T10:07:19.596
1081;Nordjylland;2024-10-18;1;10018;2025-02-18T10:07:19.596
1082;Midtjylland;2024-10-18;2;10020;2025-02-18T10:07:19.596
1084;Hovedstaden;2024-10-18;0;10020;2025-02-18T10:07:19.596
1085;Sjælland;2024-10-19;1;10021;2025-02-18T10:07:19.596
1083;Syddanmark;2024-10-20;3;10024;2025-02-18T10:07:19.596
1081;Nordjylland;2024-10-20;0;10024;2025-02-18T10:07:19.596
1084;Hovedstaden;2024-10-20;0;10024;2025-02-18T10:07:19.596
1083;Syddanmark;2024-10-21;1;10025;2025-02-18T10:07:19.596
1084;Hovedstaden;2024-10-21;4;10029;2025-02-18T10:07:19.596
1085;Sjælland;2024-10-22;0;10029;2025-02-18T10:07:19.596
1082;Midtjylland;2024-10-22;1;10030;2025-02-18T10:07:19.596
1084;Hovedstaden;2024-10-22;0;10030;2025-02-18T10:07:19.596
1083;Syddanmark;2024-10-23;1;10031;2025-02-18T10:07:19.596
1085;Sjælland;2024-10-23;0;10031;2025-02-18T10:07:19.596
1084;Hovedstaden;2024-10-23;1;10032;2025-02-18T10:07:19.596
1083;Syddanmark;2024-10-24;1;10033;2025-02-18T10:07:19.596
1085;Sjælland;2024-10-24;4;10037;2025-02-18T10:07:19.596
1082;Midtjylland;2024-10-24;0;10037;2025-02-18T10:07:19.596
1083;Syddanmark;2024-10-25;0;10037;2025-02-18T10:07:19.596
1085;Sjælland;2024-10-25;2;10039;2025-02-18T10:07:19.596
1082;Midtjylland;2024-10-25;0;10039;2025-02-18T10:07:19.596
1084;Hovedstaden;2024-10-25;1;10040;2025-02-18T10:07:19.596
1083;Syddanmark;2024-10-26;3;10043;2025-02-18T10:07:19.596
1085;Sjælland;2024-10-26;1;10044;2025-02-18T10:07:19.596
1081;Nordjylland;2024-10-26;1;10045;2025-02-18T10:07:19.596
1084;Hovedstaden;2024-10-26;2;10047;2025-02-18T10:07:19.596
1083;Syddanmark;2024-10-27;1;10048;2025-02-18T10:07:19.596
1081;Nordjylland;2024-10-27;0;10048;2025-02-18T10:07:19.596
1082;Midtjylland;2024-10-27;0;10048;2025-02-18T10:07:19.596
1084;Hovedstaden;2024-10-27;1;10049;2025-02-18T10:07:19.596
1083;Syddanmark;2024-10-28;2;10051;2025-02-18T10:07:19.596
1081;Nordjylland;2024-10-28;1;10052;2025-02-18T10:07:19.596
1084;Hovedstaden;2024-10-28;1;10053;2025-02-18T10:07:19.596
1083;Syddanmark;2024-10-29;1;10054;2025-02-18T10:07:19.596
1085;Sjælland;2024-10-29;2;10056;2025-02-18T10:07:19.596
1084;Hovedstaden;2024-10-29;2;10058;2025-02-18T10:07:19.596
1084;Hovedstaden;2024-10-30;1;10059;2025-02-18T10:07:19.596
1085;Sjælland;2024-10-31;2;10061;2025-02-18T10:07:19.596
1083;Syddanmark;2024-11-01;0;10061;2025-02-18T10:07:19.596
1085;Sjælland;2024-11-01;2;10063;2025-02-18T10:07:19.596
1084;Hovedstaden;2024-11-01;3;10066;2025-02-18T10:07:19.596
1083;Syddanmark;2024-11-02;1;10067;2025-02-18T10:07:19.596
1085;Sjælland;2024-11-02;2;10069;2025-02-18T10:07:19.596
1081;Nordjylland;2024-11-02;0;10069;2025-02-18T10:07:19.596
1084;Hovedstaden;2024-11-02;3;10072;2025-02-18T10:07:19.596
1085;Sjælland;2024-11-03;1;10073;2025-02-18T10:07:19.596
1084;Hovedstaden;2024-11-03;2;10075;2025-02-18T10:07:19.596
1083;Syddanmark;2024-11-04;2;10077;2025-02-18T10:07:19.596
1085;Sjælland;2024-11-04;1;10078;2025-02-18T10:07:19.596
1084;Hovedstaden;2024-11-04;1;10079;2025-02-18T10:07:19.596
1083;Syddanmark;2024-11-05;1;10080;2025-02-18T10:07:19.596
1084;Hovedstaden;2024-11-05;0;10080;2025-02-18T10:07:19.596
1085;Sjælland;2024-11-06;1;10081;2025-02-18T10:07:19.596
1084;Hovedstaden;2024-11-06;2;10083;2025-02-18T10:07:19.596
1083;Syddanmark;2024-11-07;1;10084;2025-02-18T10:07:19.596
1085;Sjælland;2024-11-07;1;10085;2025-02-18T10:07:19.596
1084;Hovedstaden;2024-11-07;1;10086;2025-02-18T10:07:19.596
1083;Syddanmark;2024-11-08;1;10087;2025-02-18T10:07:19.596
1083;Syddanmark;2024-11-09;1;10088;2025-02-18T10:07:19.596
1083;Syddanmark;2024-11-10;1;10089;2025-02-18T10:07:19.596
1085;Sjælland;2024-11-10;2;10091;2025-02-18T10:07:19.596
1081;Nordjylland;2024-11-10;1;10092;2025-02-18T10:07:19.596
1083;Syddanmark;2024-11-11;1;10093;2025-02-18T10:07:19.596
1085;Sjælland;2024-11-11;0;10093;2025-02-18T10:07:19.596
1081;Nordjylland;2024-11-11;1;10094;2025-02-18T10:07:19.596
1084;Hovedstaden;2024-11-11;0;10094;2025-02-18T10:07:19.596
1085;Sjælland;2024-11-12;1;10095;2025-02-18T10:07:19.596
1084;Hovedstaden;2024-11-12;1;10096;2025-02-18T10:07:19.596
1083;Syddanmark;2024-11-13;1;10097;2025-02-18T10:07:19.596
1085;Sjælland;2024-11-13;1;10098;2025-02-18T10:07:19.596
1081;Nordjylland;2024-11-13;0;10098;2025-02-18T10:07:19.596
1084;Hovedstaden;2024-11-13;2;10100;2025-02-18T10:07:19.596
1084;Hovedstaden;2024-11-14;1;10101;2025-02-18T10:07:19.596
1085;Sjælland;2024-11-15;1;10102;2025-02-18T10:07:19.596
1081;Nordjylland;2024-11-15;1;10103;2025-02-18T10:07:19.596
1084;Hovedstaden;2024-11-15;0;10103;2025-02-18T10:07:19.596
1083;Syddanmark;2024-11-16;1;10104;2025-02-18T10:07:19.596
1084;Hovedstaden;2024-11-16;1;10105;2025-02-18T10:07:19.596
1085;Sjælland;2024-11-17;1;10106;2025-02-18T10:07:19.596
1081;Nordjylland;2024-11-17;1;10107;2025-02-18T10:07:19.596
1084;Hovedstaden;2024-11-17;1;10108;2025-02-18T10:07:19.596
1085;Sjælland;2024-11-18;1;10109;2025-02-18T10:07:19.596
1081;Nordjylland;2024-11-18;0;10109;2025-02-18T10:07:19.596
1084;Hovedstaden;2024-11-18;1;10110;2025-02-18T10:07:19.596
1083;Syddanmark;2024-11-19;0;10110;2025-02-18T10:07:19.596
1082;Midtjylland;2024-11-19;1;10111;2025-02-18T10:07:19.596
1084;Hovedstaden;2024-11-19;1;10112;2025-02-18T10:07:19.596
1085;Sjælland;2024-11-20;3;10115;2025-02-18T10:07:19.596
1081;Nordjylland;2024-11-20;1;10116;2025-02-18T10:07:19.596
1084;Hovedstaden;2024-11-20;0;10116;2025-02-18T10:07:19.596
1083;Syddanmark;2024-11-21;0;10116;2025-02-18T10:07:19.596
1084;Hovedstaden;2024-11-21;1;10117;2025-02-18T10:07:19.596
1083;Syddanmark;2024-11-22;1;10118;2025-02-18T10:07:19.596
1084;Hovedstaden;2024-11-22;1;10119;2025-02-18T10:07:19.596
1085;Sjælland;2024-11-23;2;10121;2025-02-18T10:07:19.596
1082;Midtjylland;2024-11-23;1;10122;2025-02-18T10:07:19.596
1083;Syddanmark;2024-11-24;1;10123;2025-02-18T10:07:19.596
1081;Nordjylland;2024-11-24;0;10123;2025-02-18T10:07:19.596
1084;Hovedstaden;2024-11-24;0;10123;2025-02-18T10:07:19.596
1085;Sjælland;2024-11-25;2;10125;2025-02-18T10:07:19.596
1081;Nordjylland;2024-11-25;1;10126;2025-02-18T10:07:19.596
1084;Hovedstaden;2024-11-25;0;10126;2025-02-18T10:07:19.596
1085;Sjælland;2024-11-26;1;10127;2025-02-18T10:07:19.596
1084;Hovedstaden;2024-11-26;2;10129;2025-02-18T10:07:19.596
1083;Syddanmark;2024-11-27;0;10129;2025-02-18T10:07:19.596
1085;Sjælland;2024-11-27;0;10129;2025-02-18T10:07:19.596
1082;Midtjylland;2024-11-27;0;10129;2025-02-18T10:07:19.596
1084;Hovedstaden;2024-11-27;2;10131;2025-02-18T10:07:19.596
1083;Syddanmark;2024-11-28;0;10131;2025-02-18T10:07:19.596
;;2024-11-29;0;10131;2025-02-18T10:07:19.596
;;2024-11-30;0;10131;2025-02-18T10:07:19.596
;;2024-12-01;0;10131;2025-02-18T10:07:19.596
1083;Syddanmark;2024-12-02;1;10132;2025-02-18T10:07:19.596
1085;Sjælland;2024-12-02;1;10133;2025-02-18T10:07:19.596
1081;Nordjylland;2024-12-02;0;10133;2025-02-18T10:07:19.596
1084;Hovedstaden;2024-12-02;1;10134;2025-02-18T10:07:19.596
1085;Sjælland;2024-12-03;1;10135;2025-02-18T10:07:19.596
1084;Hovedstaden;2024-12-03;2;10137;2025-02-18T10:07:19.596
1085;Sjælland;2024-12-04;1;10138;2025-02-18T10:07:19.596
1083;Syddanmark;2024-12-05;0;10138;2025-02-18T10:07:19.596
1085;Sjælland;2024-12-05;3;10141;2025-02-18T10:07:19.596
1081;Nordjylland;2024-12-05;1;10142;2025-02-18T10:07:19.596
;;2024-12-06;0;10142;2025-02-18T10:07:19.596
1083;Syddanmark;2024-12-07;0;10142;2025-02-18T10:07:19.596
1085;Sjælland;2024-12-07;2;10144;2025-02-18T10:07:19.596
1085;Sjælland;2024-12-08;0;10144;2025-02-18T10:07:19.596
1081;Nordjylland;2024-12-09;1;10145;2025-02-18T10:07:19.596
1084;Hovedstaden;2024-12-10;1;10146;2025-02-18T10:07:19.596
1084;Hovedstaden;2024-12-11;2;10148;2025-02-18T10:07:19.596
1083;Syddanmark;2024-12-12;0;10148;2025-02-18T10:07:19.596
1085;Sjælland;2024-12-12;1;10149;2025-02-18T10:07:19.596
1085;Sjælland;2024-12-13;1;10150;2025-02-18T10:07:19.596
1084;Hovedstaden;2024-12-13;1;10151;2025-02-18T10:07:19.596
1083;Syddanmark;2024-12-14;1;10152;2025-02-18T10:07:19.596
1084;Hovedstaden;2024-12-14;1;10153;2025-02-18T10:07:19.596
1083;Syddanmark;2024-12-15;1;10154;2025-02-18T10:07:19.596
1085;Sjælland;2024-12-15;1;10155;2025-02-18T10:07:19.596
1082;Midtjylland;2024-12-15;1;10156;2025-02-18T10:07:19.596
1084;Hovedstaden;2024-12-15;1;10157;2025-02-18T10:07:19.596
1083;Syddanmark;2024-12-16;0;10157;2025-02-18T10:07:19.596
1082;Midtjylland;2024-12-16;0;10157;2025-02-18T10:07:19.596
1085;Sjælland;2024-12-17;1;10158;2025-02-18T10:07:19.596
1084;Hovedstaden;2024-12-17;1;10159;2025-02-18T10:07:19.596
1084;Hovedstaden;2024-12-18;2;10161;2025-02-18T10:07:19.596
1085;Sjælland;2024-12-19;1;10162;2025-02-18T10:07:19.596
1084;Hovedstaden;2024-12-19;1;10163;2025-02-18T10:07:19.596
1083;Syddanmark;2024-12-20;1;10164;2025-02-18T10:07:19.596
1084;Hovedstaden;2024-12-20;1;10165;2025-02-18T10:07:19.596
1083;Syddanmark;2024-12-21;0;10165;2025-02-18T10:07:19.596
1082;Midtjylland;2024-12-21;1;10166;2025-02-18T10:07:19.596
1083;Syddanmark;2024-12-22;1;10167;2025-02-18T10:07:19.596
1085;Sjælland;2024-12-22;2;10169;2025-02-18T10:07:19.596
1084;Hovedstaden;2024-12-22;2;10171;2025-02-18T10:07:19.596
;;2024-12-23;0;10171;2025-02-18T10:07:19.596
1084;Hovedstaden;2024-12-24;1;10172;2025-02-18T10:07:19.596
1085;Sjælland;2024-12-25;1;10173;2025-02-18T10:07:19.596
1084;Hovedstaden;2024-12-25;1;10174;2025-02-18T10:07:19.596
1083;Syddanmark;2024-12-26;1;10175;2025-02-18T10:07:19.596
1085;Sjælland;2024-12-26;1;10176;2025-02-18T10:07:19.596
1081;Nordjylland;2024-12-26;1;10177;2025-02-18T10:07:19.596
1084;Hovedstaden;2024-12-26;3;10180;2025-02-18T10:07:19.596
1083;Syddanmark;2024-12-27;1;10181;2025-02-18T10:07:19.596
1085;Sjælland;2024-12-28;1;10182;2025-02-18T10:07:19.596
1084;Hovedstaden;2024-12-28;1;10183;2025-02-18T10:07:19.596
1084;Hovedstaden;2024-12-29;1;10184;2025-02-18T10:07:19.596
1083;Syddanmark;2024-12-30;1;10185;2025-02-18T10:07:19.596
1081;Nordjylland;2024-12-31;1;10186;2025-02-18T10:07:19.596
1084;Hovedstaden;2024-12-31;1;10187;2025-02-18T10:07:19.596
1085;Sjælland;2025-01-01;1;10188;2025-02-18T10:07:19.596
1084;Hovedstaden;2025-01-01;1;10189;2025-02-18T10:07:19.596
1083;Syddanmark;2025-01-02;1;10190;2025-02-18T10:07:19.596
1085;Sjælland;2025-01-02;0;10190;2025-02-18T10:07:19.596
1084;Hovedstaden;2025-01-02;3;10193;2025-02-18T10:07:19.596
;;2025-01-03;0;10193;2025-02-18T10:07:19.596
1085;Sjælland;2025-01-04;1;10194;2025-02-18T10:07:19.596
1084;Hovedstaden;2025-01-04;0;10194;2025-02-18T10:07:19.596
1083;Syddanmark;2025-01-05;1;10195;2025-02-18T10:07:19.596
1085;Sjælland;2025-01-05;2;10197;2025-02-18T10:07:19.596
1084;Hovedstaden;2025-01-05;2;10199;2025-02-18T10:07:19.596
1081;Nordjylland;2025-01-06;1;10200;2025-02-18T10:07:19.596
1084;Hovedstaden;2025-01-06;1;10201;2025-02-18T10:07:19.596
1083;Syddanmark;2025-01-07;1;10202;2025-02-18T10:07:19.596
1085;Sjælland;2025-01-07;1;10203;2025-02-18T10:07:19.596
1084;Hovedstaden;2025-01-07;1;10204;2025-02-18T10:07:19.596
1085;Sjælland;2025-01-08;1;10205;2025-02-18T10:07:19.596
1084;Hovedstaden;2025-01-08;1;10206;2025-02-18T10:07:19.596
1083;Syddanmark;2025-01-09;1;10207;2025-02-18T10:07:19.596
1085;Sjælland;2025-01-09;0;10207;2025-02-18T10:07:19.596
1084;Hovedstaden;2025-01-09;1;10208;2025-02-18T10:07:19.596
1085;Sjælland;2025-01-10;1;10209;2025-02-18T10:07:19.596
1082;Midtjylland;2025-01-10;1;10210;2025-02-18T10:07:19.596
1084;Hovedstaden;2025-01-10;1;10211;2025-02-18T10:07:19.596
1084;Hovedstaden;2025-01-11;1;10212;2025-02-18T10:07:19.596
1083;Syddanmark;2025-01-12;0;10212;2025-02-18T10:07:19.596
1085;Sjælland;2025-01-12;0;10212;2025-02-18T10:07:19.596
1081;Nordjylland;2025-01-12;1;10213;2025-02-18T10:07:19.596
1082;Midtjylland;2025-01-12;2;10215;2025-02-18T10:07:19.596
1085;Sjælland;2025-01-13;1;10216;2025-02-18T10:07:19.596
1084;Hovedstaden;2025-01-13;1;10217;2025-02-18T10:07:19.596
1083;Syddanmark;2025-01-14;1;10218;2025-02-18T10:07:19.596
1085;Sjælland;2025-01-14;0;10218;2025-02-18T10:07:19.596
1084;Hovedstaden;2025-01-14;2;10220;2025-02-18T10:07:19.596
1085;Sjælland;2025-01-15;0;10220;2025-02-18T10:07:19.596
1084;Hovedstaden;2025-01-15;2;10222;2025-02-18T10:07:19.596
1083;Syddanmark;2025-01-16;1;10223;2025-02-18T10:07:19.596
1085;Sjælland;2025-01-16;2;10225;2025-02-18T10:07:19.596
1084;Hovedstaden;2025-01-16;1;10226;2025-02-18T10:07:19.596
1084;Hovedstaden;2025-01-17;0;10226;2025-02-18T10:07:19.596
1083;Syddanmark;2025-01-18;1;10227;2025-02-18T10:07:19.596
1081;Nordjylland;2025-01-18;2;10229;2025-02-18T10:07:19.596
1084;Hovedstaden;2025-01-18;1;10230;2025-02-18T10:07:19.596
1085;Sjælland;2025-01-19;1;10231;2025-02-18T10:07:19.596
1083;Syddanmark;2025-01-20;2;10233;2025-02-18T10:07:19.596
1085;Sjælland;2025-01-20;0;10233;2025-02-18T10:07:19.596
1081;Nordjylland;2025-01-20;1;10234;2025-02-18T10:07:19.596
1085;Sjælland;2025-01-21;1;10235;2025-02-18T10:07:19.596
1082;Midtjylland;2025-01-21;1;10236;2025-02-18T10:07:19.596
1084;Hovedstaden;2025-01-21;0;10236;2025-02-18T10:07:19.596
1083;Syddanmark;2025-01-22;0;10236;2025-02-18T10:07:19.596
1084;Hovedstaden;2025-01-23;0;10236;2025-02-18T10:07:19.596
1084;Hovedstaden;2025-01-24;2;10238;2025-02-18T10:07:19.596
1084;Hovedstaden;2025-01-25;0;10238;2025-02-18T10:07:19.596
1083;Syddanmark;2025-01-26;2;10240;2025-02-18T10:07:19.596
1084;Hovedstaden;2025-01-26;0;10240;2025-02-18T10:07:19.596
1084;Hovedstaden;2025-01-27;2;10242;2025-02-18T10:07:19.596
1083;Syddanmark;2025-01-28;1;10243;2025-02-18T10:07:19.596
1084;Hovedstaden;2025-01-28;1;10244;2025-02-18T10:07:19.596
1084;Hovedstaden;2025-01-29;0;10244;2025-02-18T10:07:19.596
1083;Syddanmark;2025-01-30;1;10245;2025-02-18T10:07:19.596
1085;Sjælland;2025-01-30;0;10245;2025-02-18T10:07:19.596
1084;Hovedstaden;2025-01-30;0;10245;2025-02-18T10:07:19.596
1081;Nordjylland;2025-01-31;1;10246;2025-02-18T10:07:19.596
1084;Hovedstaden;2025-02-01;2;10248;2025-02-18T10:07:19.596
1083;Syddanmark;2025-02-02;0;10248;2025-02-18T10:07:19.596
1082;Midtjylland;2025-02-03;0;10248;2025-02-18T10:07:19.596
1084;Hovedstaden;2025-02-03;1;10249;2025-02-18T10:07:19.596
1085;Sjælland;2025-02-04;1;10250;2025-02-18T10:07:19.596
1084;Hovedstaden;2025-02-04;0;10250;2025-02-18T10:07:19.596
;;2025-02-05;0;10250;2025-02-18T10:07:19.596
;;2025-02-06;0;10250;2025-02-18T10:07:19.596
1084;Hovedstaden;2025-02-07;3;10253;2025-02-18T10:07:19.596
1083;Syddanmark;2025-02-08;1;10254;2025-02-18T10:07:19.596
1081;Nordjylland;2025-02-08;1;10255;2025-02-18T10:07:19.596
1084;Hovedstaden;2025-02-08;1;10256;2025-02-18T10:07:19.596
1085;Sjælland;2025-02-09;1;10257;2025-02-18T10:07:19.596
;;2025-02-10;0;10257;2025-02-18T10:07:19.596
1084;Hovedstaden;2025-02-11;0;10257;2025-02-18T10:07:19.596
1083;Syddanmark;2025-02-12;1;10258;2025-02-18T10:07:19.596
1085;Sjælland;2025-02-12;0;10258;2025-02-18T10:07:19.596
1084;Hovedstaden;2025-02-12;1;10259;2025-02-18T10:07:19.596
1085;Sjælland;2025-02-13;1;10260;2025-02-18T10:07:19.596
1081;Nordjylland;2025-02-13;1;10261;2025-02-18T10:07:19.596
1081;Nordjylland;2025-02-14;0;10261;2025-02-18T10:07:19.596
1084;Hovedstaden;2025-02-14;1;10262;2025-02-18T10:07:19.596
1085;Sjælland;2025-02-15;0;10262;2025-02-18T10:07:19.596
1081;Nordjylland;2025-02-15;1;10263;2025-02-18T10:07:19.596
1082;Midtjylland;2025-02-15;1;10264;2025-02-18T10:07:19.596
;;2025-02-16;0;10264;2025-02-18T10:07:19.596
;;2025-02-17;0;10264;2025-02-18T10:07:19.596
