"Dato";"Sidste opdatering";"Sygdom";"Sæson";"Regionskode";"Region";"Aldersgruppe";"Køn";"Antal borgere";"Antal førstegangstestede personer";"Antal tests";"Antal Bekræftede tilfælde";"Antal nye indlæggelser";"Antal døde";"Positivprocent";"Incidens";"Testrate";"Indlæggelsesrate";"timestamp_2025-11-25T11:25:03.227"
2025-11-25;2025-11-18;INFLA;2015/2016;9999;Alle;00-01;Alle;117888;3192;3760;212;99;0;0,07;179,83;2707,65;83,98;
2025-11-25;2025-11-18;INFLA;2015/2016;9999;Alle;00-01;K;57334;1407;1246;97;46;0;0,07;169,18;2454,04;80,23;
2025-11-25;2025-11-18;INFLA;2015/2016;9999;Alle;00-01;M;60554;1783;1527;115;53;0;0,06;189,91;2944,48;87,53;
2025-11-25;2025-11-18;INFLA;2015/2016;9999;Alle;02-06;Alle;309122;1432;1763;180;54;1;0,13;58,23;463,25;17,47;
2025-11-25;2025-11-18;INFLA;2015/2016;9999;Alle;02-06;K;150710;692;689;90;31;0;0,13;59,72;459,16;20,57;
2025-11-25;2025-11-18;INFLA;2015/2016;9999;Alle;02-06;M;158412;740;751;90;23;1;0,12;56,81;467,14;14,52;
2025-11-25;2025-11-18;INFLA;2015/2016;9999;Alle;07-14;Alle;537600;1034;1225;86;20;1;0,08;16,00;192,34;3,72;
2025-11-25;2025-11-18;INFLA;2015/2016;9999;Alle;07-14;K;261968;509;468;38;9;1;0,07;14,51;194,30;3,44;
2025-11-25;2025-11-18;INFLA;2015/2016;9999;Alle;07-14;M;275632;525;477;48;11;0;0,09;17,41;190,47;3,99;
2025-11-25;2025-11-18;INFLA;2015/2016;9999;Alle;15-44;Alle;2175411;5612;6146;687;251;7;0,12;31,58;257,97;11,54;
2025-11-25;2025-11-18;INFLA;2015/2016;9999;Alle;15-44;K;1073318;3312;2316;387;130;3;0,12;36,06;308,58;12,11;
2025-11-25;2025-11-18;INFLA;2015/2016;9999;Alle;15-44;M;1102093;2300;1667;300;121;4;0,13;27,22;208,69;10,98;
2025-11-25;2025-11-18;INFLA;2015/2016;9999;Alle;45-64;Alle;1513217;4811;5468;727;411;30;0,15;48,04;317,93;27,16;
2025-11-25;2025-11-18;INFLA;2015/2016;9999;Alle;45-64;K;755534;2505;2587;370;179;17;0,15;48,97;331,55;23,69;
2025-11-25;2025-11-18;INFLA;2015/2016;9999;Alle;45-64;M;757683;2305;2409;357;232;13;0,15;47,12;304,22;30,62;
2025-11-25;2025-11-18;INFLA;2015/2016;9999;Alle;65-74;Alle;643879;3301;3981;317;253;29;0,10;49,23;512,67;39,29;
2025-11-25;2025-11-18;INFLA;2015/2016;9999;Alle;65-74;K;331322;1553;1747;142;111;8;0,09;42,86;468,73;33,50;
2025-11-25;2025-11-18;INFLA;2015/2016;9999;Alle;65-74;M;312557;1747;2050;174;142;21;0,10;55,67;558,94;45,43;
2025-11-25;2025-11-18;INFLA;2015/2016;9999;Alle;75-84;Alle;323749;2367;2843;182;164;24;0,08;56,22;731,12;50,66;
2025-11-25;2025-11-18;INFLA;2015/2016;9999;Alle;75-84;K;179253;1167;1310;85;74;12;0,07;47,42;651,04;41,28;
2025-11-25;2025-11-18;INFLA;2015/2016;9999;Alle;75-84;M;144496;1199;1419;97;90;12;0,08;67,13;829,78;62,29;
2025-11-25;2025-11-18;INFLA;2015/2016;9999;Alle;85+;Alle;119332;982;1089;60;57;11;0,06;50,28;822,91;47,77;
2025-11-25;2025-11-18;INFLA;2015/2016;9999;Alle;85+;K;79502;578;616;34;32;5;0,06;42,77;727,03;40,25;
2025-11-25;2025-11-18;INFLA;2015/2016;9999;Alle;85+;M;39830;403;437;26;25;6;0,06;65,28;1011,80;62,77;
2025-11-25;2025-11-18;INFLA;2015/2016;9999;Alle;Alle;Alle;5740198;22731;26275;2451;1309;103;0,11;42,70;396,00;22,80;
2025-11-25;2025-11-18;INFLA;2015/2016;9999;Alle;Alle;K;2888941;11723;10979;1243;612;46;0,11;43,03;405,79;21,18;
2025-11-25;2025-11-18;INFLA;2015/2016;9999;Alle;Alle;M;2851257;11002;10737;1207;697;57;0,11;42,33;385,86;24,45;
2025-11-25;2025-11-18;INFLA;2015/2016;1084;Hovedstaden;00-01;Alle;41829;1156;1375;73;34;0;0,06;174,52;2763,63;81,28;
2025-11-25;2025-11-18;INFLA;2015/2016;1084;Hovedstaden;00-01;K;20299;533;635;31;11;0;0,06;152,72;2625,75;54,19;
2025-11-25;2025-11-18;INFLA;2015/2016;1084;Hovedstaden;00-01;M;21530;623;740;42;23;0;0,07;195,08;2893,64;106,83;
2025-11-25;2025-11-18;INFLA;2015/2016;1084;Hovedstaden;02-06;Alle;101981;583;721;75;19;0;0,13;73,54;571,68;18,63;
2025-11-25;2025-11-18;INFLA;2015/2016;1084;Hovedstaden;02-06;K;49793;287;358;37;10;0;0,13;74,31;576,39;20,08;
2025-11-25;2025-11-18;INFLA;2015/2016;1084;Hovedstaden;02-06;M;52188;296;363;38;9;0;0,13;72,81;567,18;17,25;
2025-11-25;2025-11-18;INFLA;2015/2016;1084;Hovedstaden;07-14;Alle;160252;404;482;34;5;0;0,08;21,22;252,10;3,12;
2025-11-25;2025-11-18;INFLA;2015/2016;1084;Hovedstaden;07-14;K;77763;209;259;18;1;0;0,09;23,15;268,77;1,29;
2025-11-25;2025-11-18;INFLA;2015/2016;1084;Hovedstaden;07-14;M;82489;195;223;16;4;0;0,08;19,40;236,40;4,85;
2025-11-25;2025-11-18;INFLA;2015/2016;1084;Hovedstaden;15-44;Alle;751295;1897;2071;246;69;2;0,13;32,74;252,50;9,18;
2025-11-25;2025-11-18;INFLA;2015/2016;1084;Hovedstaden;15-44;K;378970;1131;1219;136;30;1;0,12;35,89;298,44;7,92;
2025-11-25;2025-11-18;INFLA;2015/2016;1084;Hovedstaden;15-44;M;372325;766;852;110;39;1;0,14;29,54;205,73;10,47;
2025-11-25;2025-11-18;INFLA;2015/2016;1084;Hovedstaden;45-64;Alle;441500;1974;2239;293;156;7;0,15;66,36;447,11;35,33;
2025-11-25;2025-11-18;INFLA;2015/2016;1084;Hovedstaden;45-64;K;221555;1077;1215;160;72;3;0,15;72,22;486,11;32,50;
2025-11-25;2025-11-18;INFLA;2015/2016;1084;Hovedstaden;45-64;M;219945;897;1024;133;84;4;0,15;60,47;407,83;38,19;
2025-11-25;2025-11-18;INFLA;2015/2016;1084;Hovedstaden;65-74;Alle;178048;1374;1584;128;97;11;0,09;71,89;771,70;54,48;
2025-11-25;2025-11-18;INFLA;2015/2016;1084;Hovedstaden;65-74;K;94365;659;740;61;46;1;0,09;64,64;698,35;48,75;
2025-11-25;2025-11-18;INFLA;2015/2016;1084;Hovedstaden;65-74;M;83683;715;844;67;51;10;0,09;80,06;854,41;60,94;
2025-11-25;2025-11-18;INFLA;2015/2016;1084;Hovedstaden;75-84;Alle;88882;951;1136;76;66;10;0,08;85,51;1069,96;74,26;
2025-11-25;2025-11-18;INFLA;2015/2016;1084;Hovedstaden;75-84;K;51064;488;570;38;32;6;0,08;74,42;955,66;62,67;
2025-11-25;2025-11-18;INFLA;2015/2016;1084;Hovedstaden;75-84;M;37818;463;566;38;34;4;0,08;100,48;1224,28;89,90;
2025-11-25;2025-11-18;INFLA;2015/2016;1084;Hovedstaden;85+;Alle;34408;427;470;25;23;1;0,06;72,66;1240,99;66,84;
2025-11-25;2025-11-18;INFLA;2015/2016;1084;Hovedstaden;85+;K;23797;267;291;16;14;0;0,06;67,24;1121,99;58,83;
2025-11-25;2025-11-18;INFLA;2015/2016;1084;Hovedstaden;85+;M;10611;160;179;9;9;1;0,06;84,82;1507,87;84,82;
2025-11-25;2025-11-18;INFLA;2015/2016;1084;Hovedstaden;Alle;Alle;1798195;8766;10078;950;469;31;0,11;52,83;487,49;26,08;
2025-11-25;2025-11-18;INFLA;2015/2016;1084;Hovedstaden;Alle;K;917606;4651;5287;497;216;11;0,11;54,16;506,86;23,54;
2025-11-25;2025-11-18;INFLA;2015/2016;1084;Hovedstaden;Alle;M;880589;4115;4791;453;253;20;0,11;51,44;467,30;28,73;
2025-11-25;2025-11-18;INFLA;2015/2016;1082;Midtjylland;00-01;Alle;27215;618;710;45;20;0;0,07;165,35;2270,81;73,49;
2025-11-25;2025-11-18;INFLA;2015/2016;1082;Midtjylland;00-01;K;13264;250;293;19;10;0;0,08;143,24;1884,80;75,39;
2025-11-25;2025-11-18;INFLA;2015/2016;1082;Midtjylland;00-01;M;13951;368;417;26;10;0;0,07;186,37;2637,80;71,68;
2025-11-25;2025-11-18;INFLA;2015/2016;1082;Midtjylland;02-06;Alle;72081;276;342;32;9;0;0,12;44,39;382,90;12,49;
2025-11-25;2025-11-18;INFLA;2015/2016;1082;Midtjylland;02-06;K;35208;128;166;18;9;0;0,14;51,12;363,55;25,56;
2025-11-25;2025-11-18;INFLA;2015/2016;1082;Midtjylland;02-06;M;36873;148;176;14;0;0;0,09;37,97;401,38;0,00;
2025-11-25;2025-11-18;INFLA;2015/2016;1082;Midtjylland;07-14;Alle;126590;125;155;12;4;0;0,10;9,48;98,74;3,16;
2025-11-25;2025-11-18;INFLA;2015/2016;1082;Midtjylland;07-14;K;62032;56;63;5;2;0;0,09;8,06;90,28;3,22;
2025-11-25;2025-11-18;INFLA;2015/2016;1082;Midtjylland;07-14;M;64558;69;92;7;2;0;0,10;10,84;106,88;3,10;
2025-11-25;2025-11-18;INFLA;2015/2016;1082;Midtjylland;15-44;Alle;499321;478;549;51;27;0;0,11;10,21;95,73;5,41;
2025-11-25;2025-11-18;INFLA;2015/2016;1082;Midtjylland;15-44;K;244519;278;328;28;14;0;0,10;11,45;113,69;5,73;
2025-11-25;2025-11-18;INFLA;2015/2016;1082;Midtjylland;15-44;M;254802;200;221;23;13;0;0,12;9,03;78,49;5,10;
2025-11-25;2025-11-18;INFLA;2015/2016;1082;Midtjylland;45-64;Alle;338942;626;717;88;68;8;0,14;25,96;184,69;20,06;
2025-11-25;2025-11-18;INFLA;2015/2016;1082;Midtjylland;45-64;K;168796;314;353;41;29;5;0,13;24,29;186,02;17,18;
2025-11-25;2025-11-18;INFLA;2015/2016;1082;Midtjylland;45-64;M;170146;312;364;47;39;3;0,15;27,62;183,37;22,92;
2025-11-25;2025-11-18;INFLA;2015/2016;1082;Midtjylland;65-74;Alle;140963;460;560;45;45;5;0,10;31,92;326,33;31,92;
2025-11-25;2025-11-18;INFLA;2015/2016;1082;Midtjylland;65-74;K;71528;209;249;17;17;2;0,08;23,77;292,19;23,77;
2025-11-25;2025-11-18;INFLA;2015/2016;1082;Midtjylland;65-74;M;69435;251;311;28;28;3;0,11;40,33;361,49;40,33;
2025-11-25;2025-11-18;INFLA;2015/2016;1082;Midtjylland;75-84;Alle;70163;371;464;33;32;6;0,09;47,03;528,77;45,61;
2025-11-25;2025-11-18;INFLA;2015/2016;1082;Midtjylland;75-84;K;38330;161;195;11;10;2;0,07;28,70;420,04;26,09;
2025-11-25;2025-11-18;INFLA;2015/2016;1082;Midtjylland;75-84;M;31833;210;269;22;22;4;0,10;69,11;659,69;69,11;
2025-11-25;2025-11-18;INFLA;2015/2016;1082;Midtjylland;85+;Alle;25980;125;137;9;9;2;0,07;34,64;481,14;34,64;
2025-11-25;2025-11-18;INFLA;2015/2016;1082;Midtjylland;85+;K;17101;69;73;6;6;0;0,09;35,09;403,49;35,09;
2025-11-25;2025-11-18;INFLA;2015/2016;1082;Midtjylland;85+;M;8879;56;64;3;3;2;0,05;33,79;630,70;33,79;
2025-11-25;2025-11-18;INFLA;2015/2016;1082;Midtjylland;Alle;Alle;1301255;3079;3634;315;214;21;0,10;24,21;236,62;16,45;
2025-11-25;2025-11-18;INFLA;2015/2016;1082;Midtjylland;Alle;K;650778;1465;1720;145;97;9;0,10;22,28;225,12;14,91;
2025-11-25;2025-11-18;INFLA;2015/2016;1082;Midtjylland;Alle;M;650477;1614;1914;170;117;12;0,11;26,13;248,13;17,99;
2025-11-25;2025-11-18;INFLA;2015/2016;1081;Nordjylland;00-01;Alle;11207;48;53;4;1;0;0,08;35,69;428,30;8,92;
2025-11-25;2025-11-18;INFLA;2015/2016;1081;Nordjylland;00-01;K;5490;29;33;3;1;0;0,10;54,64;528,23;18,21;
2025-11-25;2025-11-18;INFLA;2015/2016;1081;Nordjylland;00-01;M;5717;19;20;1;0;0;0,05;17,49;332,34;0,00;
2025-11-25;2025-11-18;INFLA;2015/2016;1081;Nordjylland;02-06;Alle;29754;38;43;3;2;0;0,08;10,08;127,71;6,72;
2025-11-25;2025-11-18;INFLA;2015/2016;1081;Nordjylland;02-06;K;14480;25;30;2;1;0;0,08;13,81;172,65;6,91;
2025-11-25;2025-11-18;INFLA;2015/2016;1081;Nordjylland;02-06;M;15274;13;13;1;1;0;0,08;6,55;85,11;6,55;
2025-11-25;2025-11-18;INFLA;2015/2016;1081;Nordjylland;07-14;Alle;53638;29;29;2;0;0;0,07;3,73;54,07;0,00;
2025-11-25;2025-11-18;INFLA;2015/2016;1081;Nordjylland;07-14;K;26014;10;10;0;0;0;0,00;0,00;38,44;0,00;
2025-11-25;2025-11-18;INFLA;2015/2016;1081;Nordjylland;07-14;M;27624;19;19;2;0;0;0,11;7,24;68,78;0,00;
2025-11-25;2025-11-18;INFLA;2015/2016;1081;Nordjylland;15-44;Alle;214091;174;191;26;16;1;0,15;12,14;81,27;7,47;
2025-11-25;2025-11-18;INFLA;2015/2016;1081;Nordjylland;15-44;K;102316;106;117;17;10;0;0,16;16,62;103,60;9,77;
2025-11-25;2025-11-18;INFLA;2015/2016;1081;Nordjylland;15-44;M;111775;68;74;9;6;1;0,13;8,05;60,84;5,37;
2025-11-25;2025-11-18;INFLA;2015/2016;1081;Nordjylland;45-64;Alle;159372;240;265;40;32;2;0,17;25,10;150,59;20,08;
2025-11-25;2025-11-18;INFLA;2015/2016;1081;Nordjylland;45-64;K;79195;119;133;17;12;1;0,14;21,47;150,26;15,15;
2025-11-25;2025-11-18;INFLA;2015/2016;1081;Nordjylland;45-64;M;80177;121;132;23;20;1;0,19;28,69;150,92;24,94;
2025-11-25;2025-11-18;INFLA;2015/2016;1081;Nordjylland;65-74;Alle;70754;198;223;29;26;2;0,15;40,99;279,84;36,75;
2025-11-25;2025-11-18;INFLA;2015/2016;1081;Nordjylland;65-74;K;35632;78;86;9;8;0;0,12;25,26;218,90;22,45;
2025-11-25;2025-11-18;INFLA;2015/2016;1081;Nordjylland;65-74;M;35122;120;137;20;18;2;0,17;56,94;341,67;51,25;
2025-11-25;2025-11-18;INFLA;2015/2016;1081;Nordjylland;75-84;Alle;36431;150;158;15;15;4;0,10;41,17;411,74;41,17;
2025-11-25;2025-11-18;INFLA;2015/2016;1081;Nordjylland;75-84;K;19834;69;72;10;10;3;0,14;50,42;347,89;50,42;
2025-11-25;2025-11-18;INFLA;2015/2016;1081;Nordjylland;75-84;M;16597;81;86;5;5;1;0,06;30,13;488,04;30,13;
2025-11-25;2025-11-18;INFLA;2015/2016;1081;Nordjylland;85+;Alle;13599;55;58;2;2;0;0,04;14,71;404,44;14,71;
2025-11-25;2025-11-18;INFLA;2015/2016;1081;Nordjylland;85+;K;8816;27;28;1;1;0;0,04;11,34;306,26;11,34;
2025-11-25;2025-11-18;INFLA;2015/2016;1081;Nordjylland;85+;M;4783;28;30;1;1;0;0,04;20,91;585,41;20,91;
2025-11-25;2025-11-18;INFLA;2015/2016;1081;Nordjylland;Alle;Alle;588846;932;1020;121;94;9;0,13;20,55;158,28;15,96;
2025-11-25;2025-11-18;INFLA;2015/2016;1081;Nordjylland;Alle;K;291777;463;509;59;43;4;0,13;20,22;158,68;14,74;
2025-11-25;2025-11-18;INFLA;2015/2016;1081;Nordjylland;Alle;M;297069;469;511;62;51;5;0,13;20,87;157,88;17,17;
2025-11-25;2025-11-18;INFLA;2015/2016;1085;Sjælland;00-01;Alle;14382;190;207;14;7;0;0,07;97,34;1321,10;48,67;
2025-11-25;2025-11-18;INFLA;2015/2016;1085;Sjælland;00-01;K;6946;86;96;9;5;0;0,10;129,57;1238,12;71,98;
2025-11-25;2025-11-18;INFLA;2015/2016;1085;Sjælland;00-01;M;7436;104;111;5;2;0;0,05;67,24;1398,60;26,90;
2025-11-25;2025-11-18;INFLA;2015/2016;1085;Sjælland;02-06;Alle;41050;72;96;12;5;0;0,17;29,23;175,40;12,18;
2025-11-25;2025-11-18;INFLA;2015/2016;1085;Sjælland;02-06;K;19976;34;38;6;1;0;0,18;30,04;170,20;5,01;
2025-11-25;2025-11-18;INFLA;2015/2016;1085;Sjælland;02-06;M;21074;38;58;6;4;0;0,16;28,47;180,32;18,98;
2025-11-25;2025-11-18;INFLA;2015/2016;1085;Sjælland;07-14;Alle;80916;64;74;4;3;0;0,06;4,94;79,09;3,71;
2025-11-25;2025-11-18;INFLA;2015/2016;1085;Sjælland;07-14;K;39254;33;42;3;2;0;0,09;7,64;84,07;5,10;
2025-11-25;2025-11-18;INFLA;2015/2016;1085;Sjælland;07-14;M;41662;31;32;1;1;0;0,03;2,40;74,41;2,40;
2025-11-25;2025-11-18;INFLA;2015/2016;1085;Sjælland;15-44;Alle;276774;262;298;31;13;1;0,12;11,20;94,66;4,70;
2025-11-25;2025-11-18;INFLA;2015/2016;1085;Sjælland;15-44;K;135671;132;148;15;4;1;0,11;11,06;97,29;2,95;
2025-11-25;2025-11-18;INFLA;2015/2016;1085;Sjælland;15-44;M;141103;130;150;16;9;0;0,12;11,34;92,13;6,38;
2025-11-25;2025-11-18;INFLA;2015/2016;1085;Sjælland;45-64;Alle;239310;393;449;70;44;5;0,18;29,25;164,22;18,39;
2025-11-25;2025-11-18;INFLA;2015/2016;1085;Sjælland;45-64;K;119919;192;222;29;14;2;0,15;24,18;160,11;11,67;
2025-11-25;2025-11-18;INFLA;2015/2016;1085;Sjælland;45-64;M;119391;201;227;41;30;3;0,20;34,34;168,35;25,13;
2025-11-25;2025-11-18;INFLA;2015/2016;1085;Sjælland;65-74;Alle;109862;300;352;39;32;5;0,13;35,50;273,07;29,13;
2025-11-25;2025-11-18;INFLA;2015/2016;1085;Sjælland;65-74;K;56346;145;171;20;16;3;0,14;35,49;257,34;28,40;
2025-11-25;2025-11-18;INFLA;2015/2016;1085;Sjælland;65-74;M;53516;155;181;19;16;2;0,12;35,50;289,63;29,90;
2025-11-25;2025-11-18;INFLA;2015/2016;1085;Sjælland;75-84;Alle;52289;187;212;19;18;2;0,10;36,34;357,63;34,42;
2025-11-25;2025-11-18;INFLA;2015/2016;1085;Sjælland;75-84;K;28487;80;86;3;3;0;0,04;10,53;280,83;10,53;
2025-11-25;2025-11-18;INFLA;2015/2016;1085;Sjælland;75-84;M;23802;107;126;16;15;2;0,15;67,22;449,54;63,02;
2025-11-25;2025-11-18;INFLA;2015/2016;1085;Sjælland;85+;Alle;17669;66;72;6;6;2;0,09;33,96;373,54;33,96;
2025-11-25;2025-11-18;INFLA;2015/2016;1085;Sjælland;85+;K;11616;42;48;3;3;2;0,07;25,83;361,57;25,83;
2025-11-25;2025-11-18;INFLA;2015/2016;1085;Sjælland;85+;M;6053;24;24;3;3;0;0,13;49,56;396,50;49,56;
2025-11-25;2025-11-18;INFLA;2015/2016;1085;Sjælland;Alle;Alle;832252;1534;1760;195;128;15;0,13;23,43;184,32;15,38;
2025-11-25;2025-11-18;INFLA;2015/2016;1085;Sjælland;Alle;K;418215;744;851;88;48;8;0,12;21,04;177,90;11,48;
2025-11-25;2025-11-18;INFLA;2015/2016;1085;Sjælland;Alle;M;414037;790;909;107;80;7;0,14;25,84;190,80;19,32;
2025-11-25;2025-11-18;INFLA;2015/2016;1083;Syddanmark;00-01;Alle;23255;384;423;16;10;0;0,04;68,80;1651,26;43,00;
2025-11-25;2025-11-18;INFLA;2015/2016;1083;Syddanmark;00-01;K;11335;172;189;7;4;0;0,04;61,76;1517,42;35,29;
2025-11-25;2025-11-18;INFLA;2015/2016;1083;Syddanmark;00-01;M;11920;212;234;9;6;0;0,04;75,50;1778,52;50,34;
2025-11-25;2025-11-18;INFLA;2015/2016;1083;Syddanmark;02-06;Alle;64256;211;237;27;9;0;0,13;42,02;328,37;14,01;
2025-11-25;2025-11-18;INFLA;2015/2016;1083;Syddanmark;02-06;K;31253;89;97;13;5;0;0,15;41,60;284,77;16,00;
2025-11-25;2025-11-18;INFLA;2015/2016;1083;Syddanmark;02-06;M;33003;122;140;14;4;0;0,11;42,42;369,66;12,12;
2025-11-25;2025-11-18;INFLA;2015/2016;1083;Syddanmark;07-14;Alle;116204;172;205;10;0;0;0,06;8,61;148,02;0,00;
2025-11-25;2025-11-18;INFLA;2015/2016;1083;Syddanmark;07-14;K;56905;81;94;6;0;0;0,07;10,54;142,34;0,00;
2025-11-25;2025-11-18;INFLA;2015/2016;1083;Syddanmark;07-14;M;59299;91;111;4;0;0;0,04;6,75;153,46;0,00;
2025-11-25;2025-11-18;INFLA;2015/2016;1083;Syddanmark;15-44;Alle;433930;778;868;85;22;1;0,11;19,59;179,29;5,07;
2025-11-25;2025-11-18;INFLA;2015/2016;1083;Syddanmark;15-44;K;211842;459;501;57;14;1;0,12;26,91;216,67;6,61;
2025-11-25;2025-11-18;INFLA;2015/2016;1083;Syddanmark;15-44;M;222088;319;367;28;8;0;0,09;12,61;143,64;3,60;
2025-11-25;2025-11-18;INFLA;2015/2016;1083;Syddanmark;45-64;Alle;334093;1143;1322;140;66;4;0,12;41,90;342,12;19,75;
2025-11-25;2025-11-18;INFLA;2015/2016;1083;Syddanmark;45-64;K;166069;585;663;75;31;2;0,13;45,16;352,26;18,67;
2025-11-25;2025-11-18;INFLA;2015/2016;1083;Syddanmark;45-64;M;168024;558;659;65;35;2;0,12;38,68;332,10;20,83;
2025-11-25;2025-11-18;INFLA;2015/2016;1083;Syddanmark;65-74;Alle;144252;804;1077;61;40;5;0,08;42,29;557,36;27,73;
2025-11-25;2025-11-18;INFLA;2015/2016;1083;Syddanmark;65-74;K;73451;379;500;30;19;2;0,08;40,84;515,99;25,87;
2025-11-25;2025-11-18;INFLA;2015/2016;1083;Syddanmark;65-74;M;70801;425;577;31;21;3;0,07;43,78;600,27;29,66;
2025-11-25;2025-11-18;INFLA;2015/2016;1083;Syddanmark;75-84;Alle;75984;605;759;27;23;2;0,04;35,53;796,22;30,27;
2025-11-25;2025-11-18;INFLA;2015/2016;1083;Syddanmark;75-84;K;41538;312;387;15;13;1;0,05;36,11;751,12;31,30;
2025-11-25;2025-11-18;INFLA;2015/2016;1083;Syddanmark;75-84;M;34446;293;372;12;10;1;0,04;34,84;850,61;29,03;
2025-11-25;2025-11-18;INFLA;2015/2016;1083;Syddanmark;85+;Alle;27676;275;316;15;15;5;0,05;54,20;993,64;54,20;
2025-11-25;2025-11-18;INFLA;2015/2016;1083;Syddanmark;85+;K;18172;151;176;7;7;3;0,05;38,52;830,95;38,52;
2025-11-25;2025-11-18;INFLA;2015/2016;1083;Syddanmark;85+;M;9504;124;140;8;8;2;0,06;84,18;1304,71;84,18;
2025-11-25;2025-11-18;INFLA;2015/2016;1083;Syddanmark;Alle;Alle;1219650;4372;5207;381;185;17;0,09;31,24;358,46;15,17;
2025-11-25;2025-11-18;INFLA;2015/2016;1083;Syddanmark;Alle;K;610565;2228;2607;210;93;9;0,09;34,39;364,91;15,23;
2025-11-25;2025-11-18;INFLA;2015/2016;1083;Syddanmark;Alle;M;609085;2144;2600;171;92;8;0,08;28,07;352,00;15,10;
2025-11-25;2025-11-18;INFLA;2016/2017;9999;Alle;00-01;Alle;122627;3638;4355;142;60;0;0,04;115,80;2966,72;48,93;
2025-11-25;2025-11-18;INFLA;2016/2017;9999;Alle;00-01;K;59594;1602;1536;55;24;0;0,03;92,29;2688,19;40,27;
2025-11-25;2025-11-18;INFLA;2016/2017;9999;Alle;00-01;M;63033;2034;1902;87;36;0;0,04;138,02;3226,88;57,11;
2025-11-25;2025-11-18;INFLA;2016/2017;9999;Alle;02-06;Alle;303785;1257;1598;178;33;0;0,14;58,59;413,78;10,86;
2025-11-25;2025-11-18;INFLA;2016/2017;9999;Alle;02-06;K;147992;631;700;91;17;0;0,14;61,49;426,37;11,49;
2025-11-25;2025-11-18;INFLA;2016/2017;9999;Alle;02-06;M;155793;626;662;87;16;0;0,14;55,84;401,82;10,27;
2025-11-25;2025-11-18;INFLA;2016/2017;9999;Alle;07-14;Alle;539271;1132;1298;213;36;1;0,19;39,50;209,91;6,68;
2025-11-25;2025-11-18;INFLA;2016/2017;9999;Alle;07-14;K;262616;524;470;91;16;0;0,17;34,65;199,53;6,09;
2025-11-25;2025-11-18;INFLA;2016/2017;9999;Alle;07-14;M;276655;608;552;122;20;1;0,20;44,10;219,77;7,23;
2025-11-25;2025-11-18;INFLA;2016/2017;9999;Alle;15-44;Alle;2183469;6464;7031;941;278;2;0,15;43,10;296,04;12,73;
2025-11-25;2025-11-18;INFLA;2016/2017;9999;Alle;15-44;K;1076909;3799;2915;561;157;1;0,15;52,09;352,77;14,58;
2025-11-25;2025-11-18;INFLA;2016/2017;9999;Alle;15-44;M;1106560;2662;2032;380;121;1;0,14;34,34;240,57;10,93;
2025-11-25;2025-11-18;INFLA;2016/2017;9999;Alle;45-64;Alle;1524548;6202;7089;953;450;13;0,15;62,51;406,81;29,52;
2025-11-25;2025-11-18;INFLA;2016/2017;9999;Alle;45-64;K;760980;3207;3389;481;203;7;0,15;63,21;421,43;26,68;
2025-11-25;2025-11-18;INFLA;2016/2017;9999;Alle;45-64;M;763568;2991;3222;471;247;6;0,16;61,68;391,71;32,35;
2025-11-25;2025-11-18;INFLA;2016/2017;9999;Alle;65-74;Alle;650123;4560;5353;839;607;38;0,18;129,05;701,41;93,37;
2025-11-25;2025-11-18;INFLA;2016/2017;9999;Alle;65-74;K;334620;2224;2453;395;271;17;0,18;118,04;664,63;80,99;
2025-11-25;2025-11-18;INFLA;2016/2017;9999;Alle;65-74;M;315503;2335;2722;444;336;21;0,19;140,73;740,09;106,50;
2025-11-25;2025-11-18;INFLA;2016/2017;9999;Alle;75-84;Alle;336420;3699;4196;754;659;47;0,20;224,12;1099,52;195,89;
2025-11-25;2025-11-18;INFLA;2016/2017;9999;Alle;75-84;K;185411;1776;1932;354;301;26;0,20;190,93;957,87;162,34;
2025-11-25;2025-11-18;INFLA;2016/2017;9999;Alle;75-84;M;151009;1921;2137;400;358;21;0,21;264,88;1272,11;237,07;
2025-11-25;2025-11-18;INFLA;2016/2017;9999;Alle;85+;Alle;120432;1879;2059;472;450;86;0,25;391,92;1560,22;373,65;
2025-11-25;2025-11-18;INFLA;2016/2017;9999;Alle;85+;K;79663;1038;1097;243;229;42;0,23;305,03;1302,99;287,46;
2025-11-25;2025-11-18;INFLA;2016/2017;9999;Alle;85+;M;40769;838;906;229;221;44;0,27;561,70;2055,48;542,08;
2025-11-25;2025-11-18;INFLA;2016/2017;9999;Alle;Alle;Alle;5780675;28831;32979;4492;2573;187;0,16;77,71;498,75;44,51;
2025-11-25;2025-11-18;INFLA;2016/2017;9999;Alle;Alle;K;2907785;14801;14492;2271;1218;93;0,15;78,10;509,01;41,89;
2025-11-25;2025-11-18;INFLA;2016/2017;9999;Alle;Alle;M;2872890;14015;14135;2220;1355;94;0,16;77,27;487,84;47,17;
2025-11-25;2025-11-18;INFLA;2016/2017;1084;Hovedstaden;00-01;Alle;43618;1691;2032;59;23;0;0,03;135,27;3876,84;52,73;
2025-11-25;2025-11-18;INFLA;2016/2017;1084;Hovedstaden;00-01;K;21212;766;932;22;11;0;0,03;103,71;3611,16;51,86;
2025-11-25;2025-11-18;INFLA;2016/2017;1084;Hovedstaden;00-01;M;22406;925;1100;37;12;0;0,04;165,13;4128,36;53,56;
2025-11-25;2025-11-18;INFLA;2016/2017;1084;Hovedstaden;02-06;Alle;100572;572;728;88;5;0;0,15;87,50;568,75;4,97;
2025-11-25;2025-11-18;INFLA;2016/2017;1084;Hovedstaden;02-06;K;49032;287;375;46;3;0;0,16;93,82;585,33;6,12;
2025-11-25;2025-11-18;INFLA;2016/2017;1084;Hovedstaden;02-06;M;51540;285;353;42;2;0;0,15;81,49;552,97;3,88;
2025-11-25;2025-11-18;INFLA;2016/2017;1084;Hovedstaden;07-14;Alle;162040;469;506;85;14;0;0,18;52,46;289,43;8,64;
2025-11-25;2025-11-18;INFLA;2016/2017;1084;Hovedstaden;07-14;K;78720;215;237;36;6;0;0,17;45,73;273,12;7,62;
2025-11-25;2025-11-18;INFLA;2016/2017;1084;Hovedstaden;07-14;M;83320;254;269;49;8;0;0,19;58,81;304,85;9,60;
2025-11-25;2025-11-18;INFLA;2016/2017;1084;Hovedstaden;15-44;Alle;757969;2470;2677;331;93;0;0,13;43,67;325,87;12,27;
2025-11-25;2025-11-18;INFLA;2016/2017;1084;Hovedstaden;15-44;K;382201;1499;1629;195;48;0;0,13;51,02;392,20;12,56;
2025-11-25;2025-11-18;INFLA;2016/2017;1084;Hovedstaden;15-44;M;375768;971;1048;136;45;0;0,14;36,19;258,40;11,98;
2025-11-25;2025-11-18;INFLA;2016/2017;1084;Hovedstaden;45-64;Alle;447285;2625;2939;376;153;4;0,14;84,06;586,87;34,21;
2025-11-25;2025-11-18;INFLA;2016/2017;1084;Hovedstaden;45-64;K;224505;1412;1578;187;79;3;0,13;83,29;628,94;35,19;
2025-11-25;2025-11-18;INFLA;2016/2017;1084;Hovedstaden;45-64;M;222780;1213;1361;189;74;1;0,16;84,84;544,48;33,22;
2025-11-25;2025-11-18;INFLA;2016/2017;1084;Hovedstaden;65-74;Alle;179094;1923;2227;288;189;10;0,15;160,81;1073,74;105,53;
2025-11-25;2025-11-18;INFLA;2016/2017;1084;Hovedstaden;65-74;K;94995;1011;1142;131;80;4;0,13;137,90;1064,27;84,21;
2025-11-25;2025-11-18;INFLA;2016/2017;1084;Hovedstaden;65-74;M;84099;912;1085;157;109;6;0,17;186,68;1084,44;129,61;
2025-11-25;2025-11-18;INFLA;2016/2017;1084;Hovedstaden;75-84;Alle;92102;1529;1746;265;233;23;0,17;287,72;1660,12;252,98;
2025-11-25;2025-11-18;INFLA;2016/2017;1084;Hovedstaden;75-84;K;52540;758;866;133;113;16;0,18;253,14;1442,71;215,07;
2025-11-25;2025-11-18;INFLA;2016/2017;1084;Hovedstaden;75-84;M;39562;771;880;132;120;7;0,17;333,65;1948,84;303,32;
2025-11-25;2025-11-18;INFLA;2016/2017;1084;Hovedstaden;85+;Alle;34392;904;1004;204;195;39;0,23;593,16;2628,52;566,99;
2025-11-25;2025-11-18;INFLA;2016/2017;1084;Hovedstaden;85+;K;23619;541;597;112;108;16;0,21;474,19;2290,53;457,26;
2025-11-25;2025-11-18;INFLA;2016/2017;1084;Hovedstaden;85+;M;10773;363;407;92;87;23;0,25;853,99;3369,53;807,57;
2025-11-25;2025-11-18;INFLA;2016/2017;1084;Hovedstaden;Alle;Alle;1817072;12183;13859;1696;905;76;0,14;93,34;670,47;49,81;
2025-11-25;2025-11-18;INFLA;2016/2017;1084;Hovedstaden;Alle;K;926824;6489;7356;862;448;39;0,13;93,01;700,13;48,34;
2025-11-25;2025-11-18;INFLA;2016/2017;1084;Hovedstaden;Alle;M;890248;5694;6503;834;457;37;0,15;93,68;639,60;51,33;
2025-11-25;2025-11-18;INFLA;2016/2017;1082;Midtjylland;00-01;Alle;28354;268;301;8;3;0;0,03;28,21;945,19;10,58;
2025-11-25;2025-11-18;INFLA;2016/2017;1082;Midtjylland;00-01;K;13766;109;117;4;1;0;0,04;29,06;791,81;7,26;
2025-11-25;2025-11-18;INFLA;2016/2017;1082;Midtjylland;00-01;M;14588;159;184;4;2;0;0,03;27,42;1089,94;13,71;
2025-11-25;2025-11-18;INFLA;2016/2017;1082;Midtjylland;02-06;Alle;70968;123;163;10;3;0;0,08;14,09;173,32;4,23;
2025-11-25;2025-11-18;INFLA;2016/2017;1082;Midtjylland;02-06;K;34703;63;89;4;1;0;0,06;11,53;181,54;2,88;
2025-11-25;2025-11-18;INFLA;2016/2017;1082;Midtjylland;02-06;M;36265;60;74;6;2;0;0,10;16,54;165,45;5,51;
2025-11-25;2025-11-18;INFLA;2016/2017;1082;Midtjylland;07-14;Alle;126645;79;91;17;4;0;0,22;13,42;62,38;3,16;
2025-11-25;2025-11-18;INFLA;2016/2017;1082;Midtjylland;07-14;K;61880;34;37;5;0;0;0,15;8,08;54,95;0,00;
2025-11-25;2025-11-18;INFLA;2016/2017;1082;Midtjylland;07-14;M;64765;45;54;12;4;0;0,27;18,53;69,48;6,18;
2025-11-25;2025-11-18;INFLA;2016/2017;1082;Midtjylland;15-44;Alle;502237;495;541;65;27;1;0,13;12,94;98,56;5,38;
2025-11-25;2025-11-18;INFLA;2016/2017;1082;Midtjylland;15-44;K;246010;281;300;36;15;0;0,13;14,63;114,22;6,10;
2025-11-25;2025-11-18;INFLA;2016/2017;1082;Midtjylland;15-44;M;256227;214;241;29;12;1;0,14;11,32;83,52;4,68;
2025-11-25;2025-11-18;INFLA;2016/2017;1082;Midtjylland;45-64;Alle;341149;778;889;97;54;2;0,12;28,43;228,05;15,83;
2025-11-25;2025-11-18;INFLA;2016/2017;1082;Midtjylland;45-64;K;169717;393;438;47;20;1;0,12;27,69;231,56;11,78;
2025-11-25;2025-11-18;INFLA;2016/2017;1082;Midtjylland;45-64;M;171432;385;451;50;34;1;0,13;29,17;224,58;19,83;
2025-11-25;2025-11-18;INFLA;2016/2017;1082;Midtjylland;65-74;Alle;143535;583;681;98;80;4;0,17;68,28;406,17;55,74;
2025-11-25;2025-11-18;INFLA;2016/2017;1082;Midtjylland;65-74;K;72831;257;290;49;39;2;0,19;67,28;352,87;53,55;
2025-11-25;2025-11-18;INFLA;2016/2017;1082;Midtjylland;65-74;M;70704;326;391;49;41;2;0,15;69,30;461,08;57,99;
2025-11-25;2025-11-18;INFLA;2016/2017;1082;Midtjylland;75-84;Alle;72951;476;519;90;80;3;0,19;123,37;652,49;109,66;
2025-11-25;2025-11-18;INFLA;2016/2017;1082;Midtjylland;75-84;K;39733;232;252;45;36;0;0,19;113,26;583,90;90,60;
2025-11-25;2025-11-18;INFLA;2016/2017;1082;Midtjylland;75-84;M;33218;244;267;45;44;3;0,18;135,47;734,54;132,46;
2025-11-25;2025-11-18;INFLA;2016/2017;1082;Midtjylland;85+;Alle;26270;227;241;61;56;10;0,27;232,20;864,10;213,17;
2025-11-25;2025-11-18;INFLA;2016/2017;1082;Midtjylland;85+;K;17172;116;117;31;26;4;0,27;180,53;675,52;151,41;
2025-11-25;2025-11-18;INFLA;2016/2017;1082;Midtjylland;85+;M;9098;111;124;30;30;6;0,27;329,74;1220,05;329,74;
2025-11-25;2025-11-18;INFLA;2016/2017;1082;Midtjylland;Alle;Alle;1312109;3029;3426;446;307;20;0,15;33,99;230,85;23,40;
2025-11-25;2025-11-18;INFLA;2016/2017;1082;Midtjylland;Alle;K;655812;1485;1640;221;138;7;0,15;33,70;226,44;21,04;
2025-11-25;2025-11-18;INFLA;2016/2017;1082;Midtjylland;Alle;M;656297;1544;1786;225;169;13;0,15;34,28;235,26;25,75;
2025-11-25;2025-11-18;INFLA;2016/2017;1081;Nordjylland;00-01;Alle;11626;27;33;2;1;0;0,07;17,20;232,24;8,60;
2025-11-25;2025-11-18;INFLA;2016/2017;1081;Nordjylland;00-01;K;5648;12;12;0;0;0;0,00;0,00;212,46;0,00;
2025-11-25;2025-11-18;INFLA;2016/2017;1081;Nordjylland;00-01;M;5978;15;21;2;1;0;0,13;33,46;250,92;16,73;
2025-11-25;2025-11-18;INFLA;2016/2017;1081;Nordjylland;02-06;Alle;29100;35;43;6;1;0;0,17;20,62;120,27;3,44;
2025-11-25;2025-11-18;INFLA;2016/2017;1081;Nordjylland;02-06;K;14213;18;23;2;0;0;0,11;14,07;126,64;0,00;
2025-11-25;2025-11-18;INFLA;2016/2017;1081;Nordjylland;02-06;M;14887;17;20;4;1;0;0,24;26,87;114,19;6,72;
2025-11-25;2025-11-18;INFLA;2016/2017;1081;Nordjylland;07-14;Alle;53689;21;26;6;2;0;0,29;11,18;39,11;3,73;
2025-11-25;2025-11-18;INFLA;2016/2017;1081;Nordjylland;07-14;K;26019;9;9;4;1;0;0,44;15,37;34,59;3,84;
2025-11-25;2025-11-18;INFLA;2016/2017;1081;Nordjylland;07-14;M;27670;12;17;2;1;0;0,17;7,23;43,37;3,61;
2025-11-25;2025-11-18;INFLA;2016/2017;1081;Nordjylland;15-44;Alle;213766;180;195;34;15;1;0,19;15,91;84,20;7,02;
2025-11-25;2025-11-18;INFLA;2016/2017;1081;Nordjylland;15-44;K;102057;99;107;13;9;1;0,13;12,74;97,00;8,82;
2025-11-25;2025-11-18;INFLA;2016/2017;1081;Nordjylland;15-44;M;111709;81;88;21;6;0;0,26;18,80;72,51;5,37;
2025-11-25;2025-11-18;INFLA;2016/2017;1081;Nordjylland;45-64;Alle;159305;312;342;58;46;1;0,19;36,41;195,85;28,88;
2025-11-25;2025-11-18;INFLA;2016/2017;1081;Nordjylland;45-64;K;79203;137;150;26;20;0;0,19;32,83;172,97;25,25;
2025-11-25;2025-11-18;INFLA;2016/2017;1081;Nordjylland;45-64;M;80102;175;192;32;26;1;0,18;39,95;218,47;32,46;
2025-11-25;2025-11-18;INFLA;2016/2017;1081;Nordjylland;65-74;Alle;71542;291;318;92;79;4;0,32;128,60;406,75;110,42;
2025-11-25;2025-11-18;INFLA;2016/2017;1081;Nordjylland;65-74;K;36056;126;136;46;38;2;0,37;127,58;349,46;105,39;
2025-11-25;2025-11-18;INFLA;2016/2017;1081;Nordjylland;65-74;M;35486;165;182;46;41;2;0,28;129,63;464,97;115,54;
2025-11-25;2025-11-18;INFLA;2016/2017;1081;Nordjylland;75-84;Alle;37689;248;265;77;69;2;0,31;204,30;658,02;183,08;
2025-11-25;2025-11-18;INFLA;2016/2017;1081;Nordjylland;75-84;K;20476;117;127;39;35;0;0,33;190,47;571,40;170,93;
2025-11-25;2025-11-18;INFLA;2016/2017;1081;Nordjylland;75-84;M;17213;131;138;38;34;2;0,29;220,76;761,05;197,53;
2025-11-25;2025-11-18;INFLA;2016/2017;1081;Nordjylland;85+;Alle;13806;140;147;52;50;10;0,37;376,65;1014,05;362,16;
2025-11-25;2025-11-18;INFLA;2016/2017;1081;Nordjylland;85+;K;8843;68;74;24;23;7;0,35;271,40;768,97;260,09;
2025-11-25;2025-11-18;INFLA;2016/2017;1081;Nordjylland;85+;M;4963;72;73;28;27;3;0,39;564,17;1450,74;544,03;
2025-11-25;2025-11-18;INFLA;2016/2017;1081;Nordjylland;Alle;Alle;590523;1254;1369;327;263;18;0,26;55,37;212,35;44,54;
2025-11-25;2025-11-18;INFLA;2016/2017;1081;Nordjylland;Alle;K;292515;586;638;154;126;10;0,26;52,65;200,33;43,07;
2025-11-25;2025-11-18;INFLA;2016/2017;1081;Nordjylland;Alle;M;298008;668;731;173;137;8;0,26;58,05;224,16;45,97;
2025-11-25;2025-11-18;INFLA;2016/2017;1085;Sjælland;00-01;Alle;15129;339;409;17;10;0;0,05;112,37;2240,73;66,10;
2025-11-25;2025-11-18;INFLA;2016/2017;1085;Sjælland;00-01;K;7306;150;188;7;2;0;0,05;95,81;2053,11;27,37;
2025-11-25;2025-11-18;INFLA;2016/2017;1085;Sjælland;00-01;M;7823;189;221;10;8;0;0,05;127,83;2415,95;102,26;
2025-11-25;2025-11-18;INFLA;2016/2017;1085;Sjælland;02-06;Alle;40390;94;115;15;7;0;0,16;37,14;232,73;17,33;
2025-11-25;2025-11-18;INFLA;2016/2017;1085;Sjælland;02-06;K;19605;43;56;10;5;0;0,23;51,01;219,33;25,50;
2025-11-25;2025-11-18;INFLA;2016/2017;1085;Sjælland;02-06;M;20785;51;59;5;2;0;0,10;24,06;245,37;9,62;
2025-11-25;2025-11-18;INFLA;2016/2017;1085;Sjælland;07-14;Alle;80663;93;103;19;2;0;0,20;23,55;115,29;2,48;
2025-11-25;2025-11-18;INFLA;2016/2017;1085;Sjælland;07-14;K;39101;47;54;11;2;0;0,23;28,13;120,20;5,11;
2025-11-25;2025-11-18;INFLA;2016/2017;1085;Sjælland;07-14;M;41562;46;49;8;0;0;0,17;19,25;110,68;0,00;
2025-11-25;2025-11-18;INFLA;2016/2017;1085;Sjælland;15-44;Alle;276098;424;462;83;23;0;0,20;30,06;153,57;8,33;
2025-11-25;2025-11-18;INFLA;2016/2017;1085;Sjælland;15-44;K;135213;234;260;58;14;0;0,25;42,90;173,06;10,35;
2025-11-25;2025-11-18;INFLA;2016/2017;1085;Sjælland;15-44;M;140885;190;202;25;9;0;0,13;17,74;134,86;6,39;
2025-11-25;2025-11-18;INFLA;2016/2017;1085;Sjælland;45-64;Alle;240843;699;772;131;71;3;0,19;54,39;290,23;29,48;
2025-11-25;2025-11-18;INFLA;2016/2017;1085;Sjælland;45-64;K;120479;356;386;71;34;2;0,20;58,93;295,49;28,22;
2025-11-25;2025-11-18;INFLA;2016/2017;1085;Sjælland;45-64;M;120364;343;386;60;37;1;0,17;49,85;284,97;30,74;
2025-11-25;2025-11-18;INFLA;2016/2017;1085;Sjælland;65-74;Alle;110826;555;632;136;107;13;0,25;122,71;500,79;96,55;
2025-11-25;2025-11-18;INFLA;2016/2017;1085;Sjælland;65-74;K;56909;271;303;70;52;8;0,26;123,00;476,20;91,37;
2025-11-25;2025-11-18;INFLA;2016/2017;1085;Sjælland;65-74;M;53917;284;329;66;55;5;0,23;122,41;526,74;102,01;
2025-11-25;2025-11-18;INFLA;2016/2017;1085;Sjælland;75-84;Alle;54694;447;484;106;91;9;0,24;193,81;817,27;166,38;
2025-11-25;2025-11-18;INFLA;2016/2017;1085;Sjælland;75-84;K;29661;201;216;47;39;5;0,23;158,46;677,66;131,49;
2025-11-25;2025-11-18;INFLA;2016/2017;1085;Sjælland;75-84;M;25033;246;268;59;52;4;0,24;235,69;982,70;207,73;
2025-11-25;2025-11-18;INFLA;2016/2017;1085;Sjælland;85+;Alle;17893;141;151;36;36;7;0,26;201,20;788,02;201,20;
2025-11-25;2025-11-18;INFLA;2016/2017;1085;Sjælland;85+;K;11693;73;80;19;19;5;0,26;162,49;624,31;162,49;
2025-11-25;2025-11-18;INFLA;2016/2017;1085;Sjælland;85+;M;6200;68;71;17;17;2;0,25;274,19;1096,77;274,19;
2025-11-25;2025-11-18;INFLA;2016/2017;1085;Sjælland;Alle;Alle;836536;2792;3128;543;347;32;0,19;64,91;333,76;41,48;
2025-11-25;2025-11-18;INFLA;2016/2017;1085;Sjælland;Alle;K;419967;1375;1543;293;167;20;0,21;69,77;327,41;39,77;
2025-11-25;2025-11-18;INFLA;2016/2017;1085;Sjælland;Alle;M;416569;1417;1585;250;180;12;0,18;60,01;340,16;43,21;
2025-11-25;2025-11-18;INFLA;2016/2017;1083;Syddanmark;00-01;Alle;23900;574;658;20;9;0;0,03;83,68;2401,67;37,66;
2025-11-25;2025-11-18;INFLA;2016/2017;1083;Syddanmark;00-01;K;11662;247;286;11;5;0;0,04;94,32;2117,99;42,87;
2025-11-25;2025-11-18;INFLA;2016/2017;1083;Syddanmark;00-01;M;12238;327;372;9;4;0;0,03;73,54;2672,01;32,69;
2025-11-25;2025-11-18;INFLA;2016/2017;1083;Syddanmark;02-06;Alle;62755;257;313;40;11;0;0,16;63,74;409,53;17,53;
2025-11-25;2025-11-18;INFLA;2016/2017;1083;Syddanmark;02-06;K;30439;135;157;19;5;0;0,14;62,42;443,51;16,43;
2025-11-25;2025-11-18;INFLA;2016/2017;1083;Syddanmark;02-06;M;32316;122;156;21;6;0;0,17;64,98;377,52;18,57;
2025-11-25;2025-11-18;INFLA;2016/2017;1083;Syddanmark;07-14;Alle;116234;242;296;39;2;0;0,16;33,55;208,20;1,72;
2025-11-25;2025-11-18;INFLA;2016/2017;1083;Syddanmark;07-14;K;56896;103;133;12;1;0;0,12;21,09;181,03;1,76;
2025-11-25;2025-11-18;INFLA;2016/2017;1083;Syddanmark;07-14;M;59338;139;163;27;1;0;0,19;45,50;234,25;1,69;
2025-11-25;2025-11-18;INFLA;2016/2017;1083;Syddanmark;15-44;Alle;433399;944;1063;142;30;0;0,15;32,76;217,81;6,92;
2025-11-25;2025-11-18;INFLA;2016/2017;1083;Syddanmark;15-44;K;211428;555;613;82;16;0;0,15;38,78;262,50;7,57;
2025-11-25;2025-11-18;INFLA;2016/2017;1083;Syddanmark;15-44;M;221971;389;450;60;14;0;0,15;27,03;175,25;6,31;
2025-11-25;2025-11-18;INFLA;2016/2017;1083;Syddanmark;45-64;Alle;335966;1373;1668;214;83;2;0,16;63,70;408,67;24,70;
2025-11-25;2025-11-18;INFLA;2016/2017;1083;Syddanmark;45-64;K;167076;707;837;109;31;0;0,15;65,24;423,16;18,55;
2025-11-25;2025-11-18;INFLA;2016/2017;1083;Syddanmark;45-64;M;168890;666;831;105;52;2;0,16;62,17;394,34;30,79;
2025-11-25;2025-11-18;INFLA;2016/2017;1083;Syddanmark;65-74;Alle;145126;1043;1317;189;124;7;0,18;130,23;718,69;85,44;
2025-11-25;2025-11-18;INFLA;2016/2017;1083;Syddanmark;65-74;K;73829;482;582;80;49;1;0,17;108,36;652,86;66,37;
2025-11-25;2025-11-18;INFLA;2016/2017;1083;Syddanmark;65-74;M;71297;561;735;109;75;6;0,19;152,88;786,85;105,19;
2025-11-25;2025-11-18;INFLA;2016/2017;1083;Syddanmark;75-84;Alle;78984;879;1055;187;159;9;0,21;236,76;1112,88;201,31;
2025-11-25;2025-11-18;INFLA;2016/2017;1083;Syddanmark;75-84;K;43001;401;471;72;61;4;0,18;167,44;932,54;141,86;
2025-11-25;2025-11-18;INFLA;2016/2017;1083;Syddanmark;75-84;M;35983;478;584;115;98;5;0,24;319,60;1328,41;272,35;
2025-11-25;2025-11-18;INFLA;2016/2017;1083;Syddanmark;85+;Alle;28071;416;460;108;103;18;0,26;384,74;1481,96;366,93;
2025-11-25;2025-11-18;INFLA;2016/2017;1083;Syddanmark;85+;K;18336;207;229;51;48;9;0,25;278,14;1128,93;261,78;
2025-11-25;2025-11-18;INFLA;2016/2017;1083;Syddanmark;85+;M;9735;209;231;57;55;9;0,27;585,52;2146,89;564,97;
2025-11-25;2025-11-18;INFLA;2016/2017;1083;Syddanmark;Alle;Alle;1224435;5728;6830;939;521;36;0,16;76,69;467,81;42,55;
2025-11-25;2025-11-18;INFLA;2016/2017;1083;Syddanmark;Alle;K;612667;2837;3308;436;216;14;0,15;71,16;463,06;35,26;
2025-11-25;2025-11-18;INFLA;2016/2017;1083;Syddanmark;Alle;M;611768;2891;3522;503;305;22;0,17;82,22;472,56;49,86;
2025-11-25;2025-11-18;INFLA;2017/2018;9999;Alle;00-01;Alle;124404;5423;6555;292;112;0;0,05;234,72;4359,18;90,03;
2025-11-25;2025-11-18;INFLA;2017/2018;9999;Alle;00-01;K;60498;2434;2548;129;44;0;0,05;213,23;4023,27;72,73;
2025-11-25;2025-11-18;INFLA;2017/2018;9999;Alle;00-01;M;63906;2988;3207;163;68;0;0,05;255,06;4675,62;106,41;
2025-11-25;2025-11-18;INFLA;2017/2018;9999;Alle;02-06;Alle;300343;2434;2960;374;90;0;0,15;124,52;810,41;29,97;
2025-11-25;2025-11-18;INFLA;2017/2018;9999;Alle;02-06;K;146332;1134;1226;168;35;0;0,15;114,81;774,95;23,92;
2025-11-25;2025-11-18;INFLA;2017/2018;9999;Alle;02-06;M;154011;1299;1447;206;55;0;0,16;133,76;843,45;35,71;
2025-11-25;2025-11-18;INFLA;2017/2018;9999;Alle;07-14;Alle;539893;2199;2432;198;35;0;0,09;36,67;407,30;6,48;
2025-11-25;2025-11-18;INFLA;2017/2018;9999;Alle;07-14;K;263198;1048;1013;85;18;0;0,08;32,30;398,18;6,84;
2025-11-25;2025-11-18;INFLA;2017/2018;9999;Alle;07-14;M;276695;1150;1145;113;17;0;0,10;40,84;415,62;6,14;
2025-11-25;2025-11-18;INFLA;2017/2018;9999;Alle;15-44;Alle;2186260;12901;14067;1140;334;4;0,09;52,14;590,09;15,28;
2025-11-25;2025-11-18;INFLA;2017/2018;9999;Alle;15-44;K;1077740;7653;6544;678;194;1;0,09;62,91;710,10;18,00;
2025-11-25;2025-11-18;INFLA;2017/2018;9999;Alle;15-44;M;1108520;5241;4583;462;140;3;0,09;41,68;472,79;12,63;
2025-11-25;2025-11-18;INFLA;2017/2018;9999;Alle;45-64;Alle;1533099;12909;15212;1108;529;28;0,09;72,27;842,02;34,51;
2025-11-25;2025-11-18;INFLA;2017/2018;9999;Alle;45-64;K;765704;7018;7810;568;249;14;0,08;74,18;916,54;32,52;
2025-11-25;2025-11-18;INFLA;2017/2018;9999;Alle;45-64;M;767395;5886;6637;540;280;14;0,09;70,37;767,01;36,49;
2025-11-25;2025-11-18;INFLA;2017/2018;9999;Alle;65-74;Alle;653095;9238;11454;684;489;49;0,07;104,73;1414,50;74,87;
2025-11-25;2025-11-18;INFLA;2017/2018;9999;Alle;65-74;K;336139;4565;5393;318;221;23;0,07;94,60;1358,07;65,75;
2025-11-25;2025-11-18;INFLA;2017/2018;9999;Alle;65-74;M;316956;4666;5787;366;268;26;0,08;115,47;1472,13;84,55;
2025-11-25;2025-11-18;INFLA;2017/2018;9999;Alle;75-84;Alle;353947;7855;9698;591;485;56;0,08;166,97;2219,26;137,03;
2025-11-25;2025-11-18;INFLA;2017/2018;9999;Alle;75-84;K;194132;3926;4661;289;235;29;0,07;148,87;2022,34;121,05;
2025-11-25;2025-11-18;INFLA;2017/2018;9999;Alle;75-84;M;159815;3925;4776;302;250;27;0,08;188,97;2455,96;156,43;
2025-11-25;2025-11-18;INFLA;2017/2018;9999;Alle;85+;Alle;121259;4189;5025;336;306;56;0,08;277,09;3454,59;252,35;
2025-11-25;2025-11-18;INFLA;2017/2018;9999;Alle;85+;K;79709;2444;2864;189;175;32;0,08;237,11;3066,15;219,55;
2025-11-25;2025-11-18;INFLA;2017/2018;9999;Alle;85+;M;41550;1743;2064;147;131;24;0,08;353,79;4194,95;315,28;
2025-11-25;2025-11-18;INFLA;2017/2018;9999;Alle;Alle;Alle;5812300;57148;67403;4723;2380;193;0,08;81,26;983,23;40,95;
2025-11-25;2025-11-18;INFLA;2017/2018;9999;Alle;Alle;K;2923452;30222;32059;2424;1171;99;0,08;82,92;1033,78;40,06;
2025-11-25;2025-11-18;INFLA;2017/2018;9999;Alle;Alle;M;2888848;26898;29646;2299;1209;94;0,09;79,58;931,10;41,85;
2025-11-25;2025-11-18;INFLA;2017/2018;1084;Hovedstaden;00-01;Alle;44110;2744;3390;148;50;0;0,05;335,52;6220,81;113,35;
2025-11-25;2025-11-18;INFLA;2017/2018;1084;Hovedstaden;00-01;K;21464;1270;1534;70;23;0;0,06;326,13;5916,88;107,16;
2025-11-25;2025-11-18;INFLA;2017/2018;1084;Hovedstaden;00-01;M;22646;1474;1856;78;27;0;0,05;344,43;6508,88;119,23;
2025-11-25;2025-11-18;INFLA;2017/2018;1084;Hovedstaden;02-06;Alle;99802;1274;1501;220;45;0;0,17;220,44;1276,53;45,09;
2025-11-25;2025-11-18;INFLA;2017/2018;1084;Hovedstaden;02-06;K;48578;593;701;98;16;0;0,17;201,74;1220,72;32,94;
2025-11-25;2025-11-18;INFLA;2017/2018;1084;Hovedstaden;02-06;M;51224;681;800;122;29;0;0,18;238,17;1329,45;56,61;
2025-11-25;2025-11-18;INFLA;2017/2018;1084;Hovedstaden;07-14;Alle;163662;1017;1130;99;18;0;0,10;60,49;621,40;11,00;
2025-11-25;2025-11-18;INFLA;2017/2018;1084;Hovedstaden;07-14;K;79611;505;556;43;9;0;0,09;54,01;634,33;11,30;
2025-11-25;2025-11-18;INFLA;2017/2018;1084;Hovedstaden;07-14;M;84051;512;574;56;9;0;0,11;66,63;609,15;10,71;
2025-11-25;2025-11-18;INFLA;2017/2018;1084;Hovedstaden;15-44;Alle;761976;5533;6036;508;123;2;0,09;66,67;726,14;16,14;
2025-11-25;2025-11-18;INFLA;2017/2018;1084;Hovedstaden;15-44;K;384303;3335;3618;313;78;1;0,09;81,45;867,80;20,30;
2025-11-25;2025-11-18;INFLA;2017/2018;1084;Hovedstaden;15-44;M;377673;2198;2418;195;45;1;0,09;51,63;581,98;11,92;
2025-11-25;2025-11-18;INFLA;2017/2018;1084;Hovedstaden;45-64;Alle;452720;5617;6519;514;207;6;0,09;113,54;1240,72;45,72;
2025-11-25;2025-11-18;INFLA;2017/2018;1084;Hovedstaden;45-64;K;227111;3150;3640;280;98;2;0,09;123,29;1386,99;43,15;
2025-11-25;2025-11-18;INFLA;2017/2018;1084;Hovedstaden;45-64;M;225609;2467;2879;234;109;4;0,09;103,72;1093,48;48,31;
2025-11-25;2025-11-18;INFLA;2017/2018;1084;Hovedstaden;65-74;Alle;178476;3839;4753;271;180;15;0,07;151,84;2150,99;100,85;
2025-11-25;2025-11-18;INFLA;2017/2018;1084;Hovedstaden;65-74;K;94771;1992;2430;132;83;6;0,07;139,28;2101,91;87,58;
2025-11-25;2025-11-18;INFLA;2017/2018;1084;Hovedstaden;65-74;M;83705;1847;2323;139;97;9;0,08;166,06;2206,56;115,88;
2025-11-25;2025-11-18;INFLA;2017/2018;1084;Hovedstaden;75-84;Alle;97259;3409;4320;269;213;26;0,08;276,58;3505,07;219,00;
2025-11-25;2025-11-18;INFLA;2017/2018;1084;Hovedstaden;75-84;K;55180;1782;2233;138;104;14;0,08;250,09;3229,43;188,47;
2025-11-25;2025-11-18;INFLA;2017/2018;1084;Hovedstaden;75-84;M;42079;1627;2087;131;109;12;0,08;311,32;3866,54;259,04;
2025-11-25;2025-11-18;INFLA;2017/2018;1084;Hovedstaden;85+;Alle;34482;1975;2426;169;159;30;0,09;490,11;5727,63;461,11;
2025-11-25;2025-11-18;INFLA;2017/2018;1084;Hovedstaden;85+;K;23602;1193;1462;102;97;19;0,09;432,17;5054,66;410,98;
2025-11-25;2025-11-18;INFLA;2017/2018;1084;Hovedstaden;85+;M;10880;782;964;67;62;11;0,09;615,81;7187,50;569,85;
2025-11-25;2025-11-18;INFLA;2017/2018;1084;Hovedstaden;Alle;Alle;1832487;25408;30075;2198;995;79;0,09;119,95;1386,53;54,30;
2025-11-25;2025-11-18;INFLA;2017/2018;1084;Hovedstaden;Alle;K;934620;13820;16174;1176;508;42;0,09;125,83;1478,68;54,35;
2025-11-25;2025-11-18;INFLA;2017/2018;1084;Hovedstaden;Alle;M;897867;11588;13901;1022;487;37;0,09;113,83;1290,61;54,24;
2025-11-25;2025-11-18;INFLA;2017/2018;1082;Midtjylland;00-01;Alle;29024;529;614;37;23;0;0,07;127,48;1822,63;79,24;
2025-11-25;2025-11-18;INFLA;2017/2018;1082;Midtjylland;00-01;K;14024;205;233;15;8;0;0,07;106,96;1461,78;57,05;
2025-11-25;2025-11-18;INFLA;2017/2018;1082;Midtjylland;00-01;M;15000;324;381;22;15;0;0,07;146,67;2160,00;100,00;
2025-11-25;2025-11-18;INFLA;2017/2018;1082;Midtjylland;02-06;Alle;70151;229;302;31;10;0;0,14;44,19;326,44;14,25;
2025-11-25;2025-11-18;INFLA;2017/2018;1082;Midtjylland;02-06;K;34314;107;137;12;4;0;0,11;34,97;311,83;11,66;
2025-11-25;2025-11-18;INFLA;2017/2018;1082;Midtjylland;02-06;M;35837;122;165;19;6;0;0,16;53,02;340,43;16,74;
2025-11-25;2025-11-18;INFLA;2017/2018;1082;Midtjylland;07-14;Alle;126681;193;213;13;4;0;0,07;10,26;152,35;3,16;
2025-11-25;2025-11-18;INFLA;2017/2018;1082;Midtjylland;07-14;K;61939;92;102;6;1;0;0,07;9,69;148,53;1,61;
2025-11-25;2025-11-18;INFLA;2017/2018;1082;Midtjylland;07-14;M;64742;101;111;7;3;0;0,07;10,81;156,00;4,63;
2025-11-25;2025-11-18;INFLA;2017/2018;1082;Midtjylland;15-44;Alle;504210;1162;1283;92;46;0;0,08;18,25;230,46;9,12;
2025-11-25;2025-11-18;INFLA;2017/2018;1082;Midtjylland;15-44;K;246866;673;727;52;23;0;0,08;21,06;272,62;9,32;
2025-11-25;2025-11-18;INFLA;2017/2018;1082;Midtjylland;15-44;M;257344;489;556;40;23;0;0,08;15,54;190,02;8,94;
2025-11-25;2025-11-18;INFLA;2017/2018;1082;Midtjylland;45-64;Alle;342609;1636;1907;137;100;8;0,08;39,99;477,51;29,19;
2025-11-25;2025-11-18;INFLA;2017/2018;1082;Midtjylland;45-64;K;170686;832;951;64;42;3;0,08;37,50;487,44;24,61;
2025-11-25;2025-11-18;INFLA;2017/2018;1082;Midtjylland;45-64;M;171923;804;956;73;58;5;0,09;42,46;467,65;33,74;
2025-11-25;2025-11-18;INFLA;2017/2018;1082;Midtjylland;65-74;Alle;145482;1214;1447;92;80;6;0,08;63,24;834,47;54,99;
2025-11-25;2025-11-18;INFLA;2017/2018;1082;Midtjylland;65-74;K;73793;556;639;37;33;2;0,07;50,14;753,46;44,72;
2025-11-25;2025-11-18;INFLA;2017/2018;1082;Midtjylland;65-74;M;71689;658;808;55;47;4;0,08;76,72;917,85;65,56;
2025-11-25;2025-11-18;INFLA;2017/2018;1082;Midtjylland;75-84;Alle;76696;1028;1246;81;73;10;0,08;105,61;1340,36;95,18;
2025-11-25;2025-11-18;INFLA;2017/2018;1082;Midtjylland;75-84;K;41545;472;568;34;30;3;0,07;81,84;1136,12;72,21;
2025-11-25;2025-11-18;INFLA;2017/2018;1082;Midtjylland;75-84;M;35151;556;678;47;43;7;0,08;133,71;1581,75;122,33;
2025-11-25;2025-11-18;INFLA;2017/2018;1082;Midtjylland;85+;Alle;26368;501;585;34;34;3;0,07;128,94;1900,03;128,94;
2025-11-25;2025-11-18;INFLA;2017/2018;1082;Midtjylland;85+;K;17050;279;329;22;22;3;0,08;129,03;1636,36;129,03;
2025-11-25;2025-11-18;INFLA;2017/2018;1082;Midtjylland;85+;M;9318;222;256;12;12;0;0,05;128,78;2382,49;128,78;
2025-11-25;2025-11-18;INFLA;2017/2018;1082;Midtjylland;Alle;Alle;1321221;6492;7597;517;370;27;0,08;39,13;491,36;28,00;
2025-11-25;2025-11-18;INFLA;2017/2018;1082;Midtjylland;Alle;K;660217;3216;3686;242;163;11;0,08;36,65;487,11;24,69;
2025-11-25;2025-11-18;INFLA;2017/2018;1082;Midtjylland;Alle;M;661004;3276;3911;275;207;16;0,08;41,60;495,61;31,32;
2025-11-25;2025-11-18;INFLA;2017/2018;1081;Nordjylland;00-01;Alle;11806;85;97;7;3;0;0,08;59,29;719,97;25,41;
2025-11-25;2025-11-18;INFLA;2017/2018;1081;Nordjylland;00-01;K;5840;34;40;4;3;0;0,12;68,49;582,19;51,37;
2025-11-25;2025-11-18;INFLA;2017/2018;1081;Nordjylland;00-01;M;5966;51;57;3;0;0;0,06;50,28;854,84;0,00;
2025-11-25;2025-11-18;INFLA;2017/2018;1081;Nordjylland;02-06;Alle;28806;53;75;8;3;0;0,15;27,77;183,99;10,41;
2025-11-25;2025-11-18;INFLA;2017/2018;1081;Nordjylland;02-06;K;14031;29;34;7;2;0;0,24;49,89;206,69;14,25;
2025-11-25;2025-11-18;INFLA;2017/2018;1081;Nordjylland;02-06;M;14775;24;41;1;1;0;0,04;6,77;162,44;6,77;
2025-11-25;2025-11-18;INFLA;2017/2018;1081;Nordjylland;07-14;Alle;53472;65;73;2;0;0;0,03;3,74;121,56;0,00;
2025-11-25;2025-11-18;INFLA;2017/2018;1081;Nordjylland;07-14;K;25931;40;47;1;0;0;0,03;3,86;154,26;0,00;
2025-11-25;2025-11-18;INFLA;2017/2018;1081;Nordjylland;07-14;M;27541;25;26;1;0;0;0,04;3,63;90,77;0,00;
2025-11-25;2025-11-18;INFLA;2017/2018;1081;Nordjylland;15-44;Alle;213273;435;479;25;12;0;0,06;11,72;203,96;5,63;
2025-11-25;2025-11-18;INFLA;2017/2018;1081;Nordjylland;15-44;K;101701;242;265;17;6;0;0,07;16,72;237,95;5,90;
2025-11-25;2025-11-18;INFLA;2017/2018;1081;Nordjylland;15-44;M;111572;193;214;8;6;0;0,04;7,17;172,98;5,38;
2025-11-25;2025-11-18;INFLA;2017/2018;1081;Nordjylland;45-64;Alle;159053;751;893;53;37;2;0,07;33,32;472,17;23,26;
2025-11-25;2025-11-18;INFLA;2017/2018;1081;Nordjylland;45-64;K;79123;404;485;31;24;2;0,08;39,18;510,60;30,33;
2025-11-25;2025-11-18;INFLA;2017/2018;1081;Nordjylland;45-64;M;79930;347;408;22;13;0;0,06;27,52;434,13;16,26;
2025-11-25;2025-11-18;INFLA;2017/2018;1081;Nordjylland;65-74;Alle;72204;658;771;57;50;6;0,09;78,94;911,31;69,25;
2025-11-25;2025-11-18;INFLA;2017/2018;1081;Nordjylland;65-74;K;36331;301;352;26;22;4;0,09;71,56;828,49;60,55;
2025-11-25;2025-11-18;INFLA;2017/2018;1081;Nordjylland;65-74;M;35873;357;419;31;28;2;0,09;86,42;995,18;78,05;
2025-11-25;2025-11-18;INFLA;2017/2018;1081;Nordjylland;75-84;Alle;39367;558;644;42;38;4;0,08;106,69;1417,43;96,53;
2025-11-25;2025-11-18;INFLA;2017/2018;1081;Nordjylland;75-84;K;21316;262;297;21;20;2;0,08;98,52;1229,12;93,83;
2025-11-25;2025-11-18;INFLA;2017/2018;1081;Nordjylland;75-84;M;18051;296;347;21;18;2;0,07;116,34;1639,80;99,72;
2025-11-25;2025-11-18;INFLA;2017/2018;1081;Nordjylland;85+;Alle;13888;277;310;20;19;2;0,07;144,01;1994,53;136,81;
2025-11-25;2025-11-18;INFLA;2017/2018;1081;Nordjylland;85+;K;8820;141;163;7;6;0;0,05;79,37;1598,64;68,03;
2025-11-25;2025-11-18;INFLA;2017/2018;1081;Nordjylland;85+;M;5068;136;147;13;13;2;0,10;256,51;2683,50;256,51;
2025-11-25;2025-11-18;INFLA;2017/2018;1081;Nordjylland;Alle;Alle;591869;2882;3342;214;162;14;0,07;36,16;486,93;27,37;
2025-11-25;2025-11-18;INFLA;2017/2018;1081;Nordjylland;Alle;K;293093;1453;1683;114;83;8;0,08;38,90;495,75;28,32;
2025-11-25;2025-11-18;INFLA;2017/2018;1081;Nordjylland;Alle;M;298776;1429;1659;100;79;6;0,07;33,47;478,28;26,44;
2025-11-25;2025-11-18;INFLA;2017/2018;1085;Sjælland;00-01;Alle;15373;528;643;22;8;0;0,04;143,11;3434,59;52,04;
2025-11-25;2025-11-18;INFLA;2017/2018;1085;Sjælland;00-01;K;7458;239;269;10;3;0;0,04;134,08;3204,61;40,23;
2025-11-25;2025-11-18;INFLA;2017/2018;1085;Sjælland;00-01;M;7915;289;374;12;5;0;0,04;151,61;3651,30;63,17;
2025-11-25;2025-11-18;INFLA;2017/2018;1085;Sjælland;02-06;Alle;39972;191;261;30;7;0;0,16;75,05;477,83;17,51;
2025-11-25;2025-11-18;INFLA;2017/2018;1085;Sjælland;02-06;K;19469;87;131;11;2;0;0,13;56,50;446,86;10,27;
2025-11-25;2025-11-18;INFLA;2017/2018;1085;Sjælland;02-06;M;20503;104;130;19;5;0;0,18;92,67;507,24;24,39;
2025-11-25;2025-11-18;INFLA;2017/2018;1085;Sjælland;07-14;Alle;80177;228;247;21;2;0;0,09;26,19;284,37;2,49;
2025-11-25;2025-11-18;INFLA;2017/2018;1085;Sjælland;07-14;K;38932;107;113;12;2;0;0,11;30,82;274,84;5,14;
2025-11-25;2025-11-18;INFLA;2017/2018;1085;Sjælland;07-14;M;41245;121;134;9;0;0;0,07;21,82;293,37;0,00;
2025-11-25;2025-11-18;INFLA;2017/2018;1085;Sjælland;15-44;Alle;274536;1014;1122;111;35;0;0,11;40,43;369,35;12,75;
2025-11-25;2025-11-18;INFLA;2017/2018;1085;Sjælland;15-44;K;134337;569;620;66;23;0;0,12;49,13;423,56;17,12;
2025-11-25;2025-11-18;INFLA;2017/2018;1085;Sjælland;15-44;M;140199;445;502;45;12;0;0,10;32,10;317,41;8,56;
2025-11-25;2025-11-18;INFLA;2017/2018;1085;Sjælland;45-64;Alle;242019;1438;1713;129;55;4;0,09;53,30;594,17;22,73;
2025-11-25;2025-11-18;INFLA;2017/2018;1085;Sjælland;45-64;K;121120;803;954;66;27;2;0,08;54,49;662,98;22,29;
2025-11-25;2025-11-18;INFLA;2017/2018;1085;Sjælland;45-64;M;120899;635;759;63;28;2;0,10;52,11;525,23;23,16;
2025-11-25;2025-11-18;INFLA;2017/2018;1085;Sjælland;65-74;Alle;110822;1163;1438;96;67;10;0,08;86,63;1049,43;60,46;
2025-11-25;2025-11-18;INFLA;2017/2018;1085;Sjælland;65-74;K;57013;592;702;42;29;4;0,07;73,67;1038,36;50,87;
2025-11-25;2025-11-18;INFLA;2017/2018;1085;Sjælland;65-74;M;53809;571;736;54;38;6;0,09;100,35;1061,16;70,62;
2025-11-25;2025-11-18;INFLA;2017/2018;1085;Sjælland;75-84;Alle;58069;857;1029;66;55;5;0,08;113,66;1475,83;94,71;
2025-11-25;2025-11-18;INFLA;2017/2018;1085;Sjælland;75-84;K;31296;444;531;34;29;4;0,08;108,64;1418,71;92,66;
2025-11-25;2025-11-18;INFLA;2017/2018;1085;Sjælland;75-84;M;26773;413;498;32;26;1;0,08;119,52;1542,60;97,11;
2025-11-25;2025-11-18;INFLA;2017/2018;1085;Sjælland;85+;Alle;18070;385;440;36;34;7;0,09;199,23;2130,60;188,16;
2025-11-25;2025-11-18;INFLA;2017/2018;1085;Sjælland;85+;K;11756;229;257;20;20;5;0,09;170,13;1947,94;170,13;
2025-11-25;2025-11-18;INFLA;2017/2018;1085;Sjælland;85+;M;6314;156;183;16;14;2;0,10;253,41;2470,70;221,73;
2025-11-25;2025-11-18;INFLA;2017/2018;1085;Sjælland;Alle;Alle;839038;5804;6893;511;263;26;0,09;60,90;691,74;31,35;
2025-11-25;2025-11-18;INFLA;2017/2018;1085;Sjælland;Alle;K;421381;3070;3577;261;135;15;0,09;61,94;728,56;32,04;
2025-11-25;2025-11-18;INFLA;2017/2018;1085;Sjælland;Alle;M;417657;2734;3316;250;128;11;0,09;59,86;654,60;30,65;
2025-11-25;2025-11-18;INFLA;2017/2018;1083;Syddanmark;00-01;Alle;24091;870;1007;42;16;0;0,05;174,34;3611,31;66,41;
2025-11-25;2025-11-18;INFLA;2017/2018;1083;Syddanmark;00-01;K;11712;400;469;12;2;0;0,03;102,46;3415,30;17,08;
2025-11-25;2025-11-18;INFLA;2017/2018;1083;Syddanmark;00-01;M;12379;470;538;30;14;0;0,06;242,35;3796,75;113,09;
2025-11-25;2025-11-18;INFLA;2017/2018;1083;Syddanmark;02-06;Alle;61612;446;527;50;15;0;0,11;81,15;723,88;24,35;
2025-11-25;2025-11-18;INFLA;2017/2018;1083;Syddanmark;02-06;K;29940;199;217;23;8;0;0,12;76,82;664,66;26,72;
2025-11-25;2025-11-18;INFLA;2017/2018;1083;Syddanmark;02-06;M;31672;247;310;27;7;0;0,11;85,25;779,87;22,10;
2025-11-25;2025-11-18;INFLA;2017/2018;1083;Syddanmark;07-14;Alle;115901;446;493;39;6;0;0,09;33,65;384,81;5,18;
2025-11-25;2025-11-18;INFLA;2017/2018;1083;Syddanmark;07-14;K;56785;180;194;13;2;0;0,07;22,89;316,99;3,52;
2025-11-25;2025-11-18;INFLA;2017/2018;1083;Syddanmark;07-14;M;59116;266;299;26;4;0;0,10;43,98;449,96;6,77;
2025-11-25;2025-11-18;INFLA;2017/2018;1083;Syddanmark;15-44;Alle;432265;2019;2195;161;51;1;0,08;37,25;467,07;11,80;
2025-11-25;2025-11-18;INFLA;2017/2018;1083;Syddanmark;15-44;K;210533;1219;1312;93;28;0;0,08;44,17;579,01;13,30;
2025-11-25;2025-11-18;INFLA;2017/2018;1083;Syddanmark;15-44;M;221732;800;883;68;23;1;0,09;30,67;360,80;10,37;
2025-11-25;2025-11-18;INFLA;2017/2018;1083;Syddanmark;45-64;Alle;336698;2795;3408;215;103;7;0,08;63,86;830,12;30,59;
2025-11-25;2025-11-18;INFLA;2017/2018;1083;Syddanmark;45-64;K;167664;1493;1776;103;45;4;0,07;61,43;890,47;26,84;
2025-11-25;2025-11-18;INFLA;2017/2018;1083;Syddanmark;45-64;M;169034;1302;1632;112;58;3;0,09;66,26;770,26;34,31;
2025-11-25;2025-11-18;INFLA;2017/2018;1083;Syddanmark;65-74;Alle;146111;2122;2767;151;96;12;0,07;103,35;1452,32;65,70;
2025-11-25;2025-11-18;INFLA;2017/2018;1083;Syddanmark;65-74;K;74231;1004;1269;74;48;7;0,07;99,69;1352,53;64,66;
2025-11-25;2025-11-18;INFLA;2017/2018;1083;Syddanmark;65-74;M;71880;1118;1498;77;48;5;0,07;107,12;1555,37;66,78;
2025-11-25;2025-11-18;INFLA;2017/2018;1083;Syddanmark;75-84;Alle;82556;1787;2197;114;90;11;0,06;138,09;2164,59;109,02;
2025-11-25;2025-11-18;INFLA;2017/2018;1083;Syddanmark;75-84;K;44795;853;1031;54;45;6;0,06;120,55;1904,23;100,46;
2025-11-25;2025-11-18;INFLA;2017/2018;1083;Syddanmark;75-84;M;37761;934;1166;60;45;5;0,06;158,89;2473,45;119,17;
2025-11-25;2025-11-18;INFLA;2017/2018;1083;Syddanmark;85+;Alle;28451;966;1167;65;50;14;0,07;228,46;3395,31;175,74;
2025-11-25;2025-11-18;INFLA;2017/2018;1083;Syddanmark;85+;K;18481;546;653;31;23;5;0,06;167,74;2954,39;124,45;
2025-11-25;2025-11-18;INFLA;2017/2018;1083;Syddanmark;85+;M;9970;420;514;34;27;9;0,08;341,02;4212,64;270,81;
2025-11-25;2025-11-18;INFLA;2017/2018;1083;Syddanmark;Alle;Alle;1227685;11451;13761;837;427;45;0,07;68,18;932,73;34,78;
2025-11-25;2025-11-18;INFLA;2017/2018;1083;Syddanmark;Alle;K;614141;5894;6921;403;201;22;0,07;65,62;959,71;32,73;
2025-11-25;2025-11-18;INFLA;2017/2018;1083;Syddanmark;Alle;M;613544;5557;6840;434;226;23;0,08;70,74;905,72;36,84;
2025-11-25;2025-11-18;INFLA;2018/2019;9999;Alle;00-01;Alle;123519;6642;8049;775;229;1;0,12;627,43;5377,31;185,40;
2025-11-25;2025-11-18;INFLA;2018/2019;9999;Alle;00-01;K;60066;2969;3289;359;94;1;0,12;597,68;4942,90;156,49;
2025-11-25;2025-11-18;INFLA;2018/2019;9999;Alle;00-01;M;63453;3672;4134;416;135;0;0,11;655,60;5786,96;212,76;
2025-11-25;2025-11-18;INFLA;2018/2019;9999;Alle;02-06;Alle;301964;3140;3642;1214;217;1;0,39;402,03;1039,86;71,86;
2025-11-25;2025-11-18;INFLA;2018/2019;9999;Alle;02-06;K;146802;1457;1614;557;99;0;0,38;379,42;992,49;67,44;
2025-11-25;2025-11-18;INFLA;2018/2019;9999;Alle;02-06;M;155162;1683;1820;657;118;1;0,39;423,43;1084,67;76,05;
2025-11-25;2025-11-18;INFLA;2018/2019;9999;Alle;07-14;Alle;534757;1884;2079;591;88;0;0,31;110,52;352,31;16,46;
2025-11-25;2025-11-18;INFLA;2018/2019;9999;Alle;07-14;K;260712;934;930;280;40;0;0,30;107,40;358,25;15,34;
2025-11-25;2025-11-18;INFLA;2018/2019;9999;Alle;07-14;M;274045;949;1014;311;48;0;0,33;113,49;346,29;17,52;
2025-11-25;2025-11-18;INFLA;2018/2019;9999;Alle;15-44;Alle;2191388;12798;13876;2993;640;7;0,23;136,58;584,01;29,21;
2025-11-25;2025-11-18;INFLA;2018/2019;9999;Alle;15-44;K;1080103;7755;7270;1809;382;2;0,23;167,48;717,99;35,37;
2025-11-25;2025-11-18;INFLA;2018/2019;9999;Alle;15-44;M;1111285;5040;4783;1184;258;5;0,23;106,54;453,53;23,22;
2025-11-25;2025-11-18;INFLA;2018/2019;9999;Alle;45-64;Alle;1539045;12294;13907;2804;1078;42;0,23;182,19;798,81;70,04;
2025-11-25;2025-11-18;INFLA;2018/2019;9999;Alle;45-64;K;769034;6616;7113;1512;511;16;0,23;196,61;860,30;66,45;
2025-11-25;2025-11-18;INFLA;2018/2019;9999;Alle;45-64;M;770011;5671;6298;1291;567;26;0,23;167,66;736,48;73,64;
2025-11-25;2025-11-18;INFLA;2018/2019;9999;Alle;65-74;Alle;651685;8199;9671;1453;963;57;0,18;222,96;1258,12;147,77;
2025-11-25;2025-11-18;INFLA;2018/2019;9999;Alle;65-74;K;335535;3827;4307;677;410;15;0,18;201,77;1140,57;122,19;
2025-11-25;2025-11-18;INFLA;2018/2019;9999;Alle;65-74;M;316150;4372;5198;776;553;42;0,18;245,45;1382,89;174,92;
2025-11-25;2025-11-18;INFLA;2018/2019;9999;Alle;75-84;Alle;374019;7017;8204;1138;900;105;0,16;304,26;1876,11;240,63;
2025-11-25;2025-11-18;INFLA;2018/2019;9999;Alle;75-84;K;204560;3468;3932;553;423;48;0,16;270,34;1695,35;206,79;
2025-11-25;2025-11-18;INFLA;2018/2019;9999;Alle;75-84;M;169459;3547;4150;584;477;57;0,16;344,63;2093,13;281,48;
2025-11-25;2025-11-18;INFLA;2018/2019;9999;Alle;85+;Alle;123326;3451;3870;576;503;70;0,17;467,05;2798,27;407,86;
2025-11-25;2025-11-18;INFLA;2018/2019;9999;Alle;85+;K;80365;1974;2183;323;279;46;0,16;401,92;2456,29;347,17;
2025-11-25;2025-11-18;INFLA;2018/2019;9999;Alle;85+;M;42961;1476;1645;253;224;24;0,17;588,91;3435,67;521,40;
2025-11-25;2025-11-18;INFLA;2018/2019;9999;Alle;Alle;Alle;5839703;55425;63298;11544;4618;283;0,21;197,68;949,11;79,08;
2025-11-25;2025-11-18;INFLA;2018/2019;9999;Alle;Alle;K;2937177;29000;30638;6070;2238;128;0,21;206,66;987,34;76,20;
2025-11-25;2025-11-18;INFLA;2018/2019;9999;Alle;Alle;M;2902526;26410;29042;5472;2380;155;0,21;188,53;909,90;82,00;
2025-11-25;2025-11-18;INFLA;2018/2019;1084;Hovedstaden;00-01;Alle;43630;3345;4213;359;85;1;0,11;822,83;7666,74;194,82;
2025-11-25;2025-11-18;INFLA;2018/2019;1084;Hovedstaden;00-01;K;21294;1526;1899;172;36;1;0,11;807,74;7166,34;169,06;
2025-11-25;2025-11-18;INFLA;2018/2019;1084;Hovedstaden;00-01;M;22336;1819;2314;187;49;0;0,10;837,21;8143,80;219,38;
2025-11-25;2025-11-18;INFLA;2018/2019;1084;Hovedstaden;02-06;Alle;100890;1592;1876;601;101;0;0,38;595,70;1577,96;100,11;
2025-11-25;2025-11-18;INFLA;2018/2019;1084;Hovedstaden;02-06;K;49040;762;906;274;49;0;0,36;558,73;1553,83;99,92;
2025-11-25;2025-11-18;INFLA;2018/2019;1084;Hovedstaden;02-06;M;51850;830;970;327;52;0;0,39;630,67;1600,77;100,29;
2025-11-25;2025-11-18;INFLA;2018/2019;1084;Hovedstaden;07-14;Alle;163803;1031;1118;331;44;0;0,32;202,07;629,41;26,86;
2025-11-25;2025-11-18;INFLA;2018/2019;1084;Hovedstaden;07-14;K;79782;506;543;163;24;0;0,32;204,31;634,23;30,08;
2025-11-25;2025-11-18;INFLA;2018/2019;1084;Hovedstaden;07-14;M;84021;525;575;168;20;0;0,32;199,95;624,84;23,80;
2025-11-25;2025-11-18;INFLA;2018/2019;1084;Hovedstaden;15-44;Alle;766179;5962;6482;1376;227;1;0,23;179,59;778,15;29,63;
2025-11-25;2025-11-18;INFLA;2018/2019;1084;Hovedstaden;15-44;K;386549;3695;4000;854;151;0;0,23;220,93;955,89;39,06;
2025-11-25;2025-11-18;INFLA;2018/2019;1084;Hovedstaden;15-44;M;379630;2267;2482;522;76;1;0,23;137,50;597,16;20,02;
2025-11-25;2025-11-18;INFLA;2018/2019;1084;Hovedstaden;45-64;Alle;458137;5342;6066;1185;391;12;0,22;258,66;1166,03;85,35;
2025-11-25;2025-11-18;INFLA;2018/2019;1084;Hovedstaden;45-64;K;229780;2987;3376;675;200;5;0,23;293,76;1299,94;87,04;
2025-11-25;2025-11-18;INFLA;2018/2019;1084;Hovedstaden;45-64;M;228357;2355;2690;510;191;7;0,22;223,33;1031,28;83,64;
2025-11-25;2025-11-18;INFLA;2018/2019;1084;Hovedstaden;65-74;Alle;176678;3302;3906;551;350;18;0,17;311,87;1868,94;198,10;
2025-11-25;2025-11-18;INFLA;2018/2019;1084;Hovedstaden;65-74;K;93925;1655;1900;277;157;4;0,17;294,92;1762,04;167,15;
2025-11-25;2025-11-18;INFLA;2018/2019;1084;Hovedstaden;65-74;M;82753;1647;2006;274;193;14;0,17;331,11;1990,26;233,22;
2025-11-25;2025-11-18;INFLA;2018/2019;1084;Hovedstaden;75-84;Alle;103051;2813;3368;447;336;43;0,16;433,77;2729,72;326,05;
2025-11-25;2025-11-18;INFLA;2018/2019;1084;Hovedstaden;75-84;K;58282;1461;1732;222;161;20;0,15;380,91;2506,78;276,24;
2025-11-25;2025-11-18;INFLA;2018/2019;1084;Hovedstaden;75-84;M;44769;1352;1636;225;175;23;0,17;502,58;3019,95;390,90;
2025-11-25;2025-11-18;INFLA;2018/2019;1084;Hovedstaden;85+;Alle;34787;1490;1714;270;238;37;0,18;776,15;4283,21;684,16;
2025-11-25;2025-11-18;INFLA;2018/2019;1084;Hovedstaden;85+;K;23629;891;1017;163;147;24;0,18;689,83;3770,79;622,12;
2025-11-25;2025-11-18;INFLA;2018/2019;1084;Hovedstaden;85+;M;11158;599;697;107;91;13;0,18;958,95;5368,35;815,56;
2025-11-25;2025-11-18;INFLA;2018/2019;1084;Hovedstaden;Alle;Alle;1847155;24877;28743;5120;1772;112;0,21;277,18;1346,77;95,93;
2025-11-25;2025-11-18;INFLA;2018/2019;1084;Hovedstaden;Alle;K;942281;13483;15373;2800;925;54;0,21;297,15;1430,89;98,17;
2025-11-25;2025-11-18;INFLA;2018/2019;1084;Hovedstaden;Alle;M;904874;11394;13370;2320;847;58;0,20;256,39;1259,18;93,60;
2025-11-25;2025-11-18;INFLA;2018/2019;1082;Midtjylland;00-01;Alle;28805;616;679;99;43;0;0,16;343,69;2138,52;149,28;
2025-11-25;2025-11-18;INFLA;2018/2019;1082;Midtjylland;00-01;K;13916;289;314;45;18;0;0,16;323,37;2076,75;129,35;
2025-11-25;2025-11-18;INFLA;2018/2019;1082;Midtjylland;00-01;M;14889;327;365;54;25;0;0,17;362,68;2196,25;167,91;
2025-11-25;2025-11-18;INFLA;2018/2019;1082;Midtjylland;02-06;Alle;70289;286;329;111;26;1;0,39;157,92;406,89;36,99;
2025-11-25;2025-11-18;INFLA;2018/2019;1082;Midtjylland;02-06;K;34251;109;126;46;10;0;0,42;134,30;318,24;29,20;
2025-11-25;2025-11-18;INFLA;2018/2019;1082;Midtjylland;02-06;M;36038;177;203;65;16;1;0,37;180,37;491,15;44,40;
2025-11-25;2025-11-18;INFLA;2018/2019;1082;Midtjylland;07-14;Alle;125541;156;182;49;12;0;0,31;39,03;124,26;9,56;
2025-11-25;2025-11-18;INFLA;2018/2019;1082;Midtjylland;07-14;K;61447;74;80;18;3;0;0,24;29,29;120,43;4,88;
2025-11-25;2025-11-18;INFLA;2018/2019;1082;Midtjylland;07-14;M;64094;82;102;31;9;0;0,38;48,37;127,94;14,04;
2025-11-25;2025-11-18;INFLA;2018/2019;1082;Midtjylland;15-44;Alle;506213;1256;1338;316;99;0;0,25;62,42;248,12;19,56;
2025-11-25;2025-11-18;INFLA;2018/2019;1082;Midtjylland;15-44;K;247750;728;778;191;55;0;0,26;77,09;293,84;22,20;
2025-11-25;2025-11-18;INFLA;2018/2019;1082;Midtjylland;15-44;M;258463;528;560;125;44;0;0,24;48,36;204,28;17,02;
2025-11-25;2025-11-18;INFLA;2018/2019;1082;Midtjylland;45-64;Alle;343495;1624;1786;395;222;9;0,24;114,99;472,79;64,63;
2025-11-25;2025-11-18;INFLA;2018/2019;1082;Midtjylland;45-64;K;171374;838;901;206;106;4;0,25;120,20;488,99;61,85;
2025-11-25;2025-11-18;INFLA;2018/2019;1082;Midtjylland;45-64;M;172121;786;885;189;116;5;0,24;109,81;456,66;67,39;
2025-11-25;2025-11-18;INFLA;2018/2019;1082;Midtjylland;65-74;Alle;146299;1283;1450;243;181;17;0,19;166,10;876,97;123,72;
2025-11-25;2025-11-18;INFLA;2018/2019;1082;Midtjylland;65-74;K;74309;563;615;102;70;5;0,18;137,26;757,65;94,20;
2025-11-25;2025-11-18;INFLA;2018/2019;1082;Midtjylland;65-74;M;71990;720;835;141;111;12;0,20;195,86;1000,14;154,19;
2025-11-25;2025-11-18;INFLA;2018/2019;1082;Midtjylland;75-84;Alle;80953;1089;1197;188;155;14;0,17;232,23;1345,23;191,47;
2025-11-25;2025-11-18;INFLA;2018/2019;1082;Midtjylland;75-84;K;43650;537;581;95;76;8;0,18;217,64;1230,24;174,11;
2025-11-25;2025-11-18;INFLA;2018/2019;1082;Midtjylland;75-84;M;37303;552;616;93;79;6;0,17;249,31;1479,77;211,78;
2025-11-25;2025-11-18;INFLA;2018/2019;1082;Midtjylland;85+;Alle;26953;507;541;95;85;11;0,19;352,47;1881,05;315,36;
2025-11-25;2025-11-18;INFLA;2018/2019;1082;Midtjylland;85+;K;17261;291;309;51;44;8;0,18;295,46;1685,88;254,91;
2025-11-25;2025-11-18;INFLA;2018/2019;1082;Midtjylland;85+;M;9692;216;232;44;41;3;0,20;453,98;2228,64;423,03;
2025-11-25;2025-11-18;INFLA;2018/2019;1082;Midtjylland;Alle;Alle;1328548;6817;7502;1496;823;52;0,22;112,60;513,12;61,95;
2025-11-25;2025-11-18;INFLA;2018/2019;1082;Midtjylland;Alle;K;663958;3429;3704;754;382;25;0,22;113,56;516,45;57,53;
2025-11-25;2025-11-18;INFLA;2018/2019;1082;Midtjylland;Alle;M;664590;3388;3798;742;441;27;0,22;111,65;509,79;66,36;
2025-11-25;2025-11-18;INFLA;2018/2019;1081;Nordjylland;00-01;Alle;11836;136;143;19;3;0;0,14;160,53;1149,04;25,35;
2025-11-25;2025-11-18;INFLA;2018/2019;1081;Nordjylland;00-01;K;5791;62;67;8;1;0;0,13;138,15;1070,63;17,27;
2025-11-25;2025-11-18;INFLA;2018/2019;1081;Nordjylland;00-01;M;6045;74;76;11;2;0;0,15;181,97;1224,15;33,09;
2025-11-25;2025-11-18;INFLA;2018/2019;1081;Nordjylland;02-06;Alle;28943;88;95;31;8;0;0,35;107,11;304,05;27,64;
2025-11-25;2025-11-18;INFLA;2018/2019;1081;Nordjylland;02-06;K;14077;45;47;18;4;0;0,40;127,87;319,67;28,42;
2025-11-25;2025-11-18;INFLA;2018/2019;1081;Nordjylland;02-06;M;14866;43;48;13;4;0;0,30;87,45;289,25;26,91;
2025-11-25;2025-11-18;INFLA;2018/2019;1081;Nordjylland;07-14;Alle;52710;55;56;12;0;0;0,22;22,77;104,34;0,00;
2025-11-25;2025-11-18;INFLA;2018/2019;1081;Nordjylland;07-14;K;25601;24;24;4;0;0;0,17;15,62;93,75;0,00;
2025-11-25;2025-11-18;INFLA;2018/2019;1081;Nordjylland;07-14;M;27109;31;32;8;0;0;0,26;29,51;114,35;0,00;
2025-11-25;2025-11-18;INFLA;2018/2019;1081;Nordjylland;15-44;Alle;213353;390;404;127;45;1;0,33;59,53;182,80;21,09;
2025-11-25;2025-11-18;INFLA;2018/2019;1081;Nordjylland;15-44;K;101877;231;238;80;26;0;0,35;78,53;226,74;25,52;
2025-11-25;2025-11-18;INFLA;2018/2019;1081;Nordjylland;15-44;M;111476;159;166;47;19;1;0,30;42,16;142,63;17,04;
2025-11-25;2025-11-18;INFLA;2018/2019;1081;Nordjylland;45-64;Alle;158397;537;581;163;86;3;0,30;102,91;339,02;54,29;
2025-11-25;2025-11-18;INFLA;2018/2019;1081;Nordjylland;45-64;K;78777;277;294;79;38;2;0,29;100,28;351,63;48,24;
2025-11-25;2025-11-18;INFLA;2018/2019;1081;Nordjylland;45-64;M;79620;260;287;84;48;1;0,32;105,50;326,55;60,29;
2025-11-25;2025-11-18;INFLA;2018/2019;1081;Nordjylland;65-74;Alle;72117;456;519;104;82;6;0,23;144,21;632,31;113,70;
2025-11-25;2025-11-18;INFLA;2018/2019;1081;Nordjylland;65-74;K;36291;190;214;44;32;0;0,23;121,24;523,55;88,18;
2025-11-25;2025-11-18;INFLA;2018/2019;1081;Nordjylland;65-74;M;35826;266;305;60;50;6;0,23;167,48;742,48;139,56;
2025-11-25;2025-11-18;INFLA;2018/2019;1081;Nordjylland;75-84;Alle;41414;321;347;67;65;4;0,21;161,78;775,10;156,95;
2025-11-25;2025-11-18;INFLA;2018/2019;1081;Nordjylland;75-84;K;22387;152;160;24;23;2;0,16;107,21;678,97;102,74;
2025-11-25;2025-11-18;INFLA;2018/2019;1081;Nordjylland;75-84;M;19027;169;187;43;42;2;0,25;225,99;888,21;220,74;
2025-11-25;2025-11-18;INFLA;2018/2019;1081;Nordjylland;85+;Alle;14158;161;166;27;27;3;0,17;190,70;1137,17;190,70;
2025-11-25;2025-11-18;INFLA;2018/2019;1081;Nordjylland;85+;K;8873;83;86;14;14;1;0,17;157,78;935,42;157,78;
2025-11-25;2025-11-18;INFLA;2018/2019;1081;Nordjylland;85+;M;5285;78;80;13;13;2;0,17;245,98;1475,88;245,98;
2025-11-25;2025-11-18;INFLA;2018/2019;1081;Nordjylland;Alle;Alle;592928;2144;2311;550;316;17;0,26;92,76;361,60;53,29;
2025-11-25;2025-11-18;INFLA;2018/2019;1081;Nordjylland;Alle;K;293674;1064;1130;271;138;5;0,25;92,28;362,31;46,99;
2025-11-25;2025-11-18;INFLA;2018/2019;1081;Nordjylland;Alle;M;299254;1080;1181;279;178;12;0,26;93,23;360,90;59,48;
2025-11-25;2025-11-18;INFLA;2018/2019;1085;Sjælland;00-01;Alle;15144;948;1139;110;37;0;0,12;726,36;6259,90;244,32;
2025-11-25;2025-11-18;INFLA;2018/2019;1085;Sjælland;00-01;K;7401;419;484;42;13;0;0,10;567,49;5661,40;175,65;
2025-11-25;2025-11-18;INFLA;2018/2019;1085;Sjælland;00-01;M;7743;529;655;68;24;0;0,13;878,21;6831,98;309,96;
2025-11-25;2025-11-18;INFLA;2018/2019;1085;Sjælland;02-06;Alle;40344;413;462;173;22;0;0,42;428,81;1023,70;54,53;
2025-11-25;2025-11-18;INFLA;2018/2019;1085;Sjælland;02-06;K;19548;195;224;87;11;0;0,45;445,06;997,54;56,27;
2025-11-25;2025-11-18;INFLA;2018/2019;1085;Sjælland;02-06;M;20796;218;238;86;11;0;0,39;413,54;1048,28;52,89;
2025-11-25;2025-11-18;INFLA;2018/2019;1085;Sjælland;07-14;Alle;78557;205;216;68;12;0;0,33;86,56;260,96;15,28;
2025-11-25;2025-11-18;INFLA;2018/2019;1085;Sjælland;07-14;K;38176;99;105;26;4;0;0,26;68,11;259,33;10,48;
2025-11-25;2025-11-18;INFLA;2018/2019;1085;Sjælland;07-14;M;40381;106;111;42;8;0;0,40;104,01;262,50;19,81;
2025-11-25;2025-11-18;INFLA;2018/2019;1085;Sjælland;15-44;Alle;273607;1250;1347;359;77;3;0,29;131,21;456,86;28,14;
2025-11-25;2025-11-18;INFLA;2018/2019;1085;Sjælland;15-44;K;133476;745;807;211;47;2;0,28;158,08;558,15;35,21;
2025-11-25;2025-11-18;INFLA;2018/2019;1085;Sjælland;15-44;M;140131;505;540;148;30;1;0,29;105,62;360,38;21,41;
2025-11-25;2025-11-18;INFLA;2018/2019;1085;Sjælland;45-64;Alle;242659;1585;1747;421;153;6;0,27;173,49;653,18;63,05;
2025-11-25;2025-11-18;INFLA;2018/2019;1085;Sjælland;45-64;K;121590;863;935;235;72;1;0,27;193,27;709,76;59,22;
2025-11-25;2025-11-18;INFLA;2018/2019;1085;Sjælland;45-64;M;121069;722;812;186;81;5;0,26;153,63;596,35;66,90;
2025-11-25;2025-11-18;INFLA;2018/2019;1085;Sjælland;65-74;Alle;110048;1018;1161;206;130;5;0,20;187,19;925,05;118,13;
2025-11-25;2025-11-18;INFLA;2018/2019;1085;Sjælland;65-74;K;56565;465;537;92;56;2;0,20;162,64;822,06;99,00;
2025-11-25;2025-11-18;INFLA;2018/2019;1085;Sjælland;65-74;M;53483;553;624;114;74;3;0,21;213,15;1033,97;138,36;
2025-11-25;2025-11-18;INFLA;2018/2019;1085;Sjælland;75-84;Alle;61947;844;938;168;137;17;0,20;271,20;1362,46;221,16;
2025-11-25;2025-11-18;INFLA;2018/2019;1085;Sjælland;75-84;K;33332;416;457;87;70;7;0,21;261,01;1248,05;210,01;
2025-11-25;2025-11-18;INFLA;2018/2019;1085;Sjælland;75-84;M;28615;428;481;81;67;10;0,19;283,07;1495,72;234,14;
2025-11-25;2025-11-18;INFLA;2018/2019;1085;Sjælland;85+;Alle;18451;324;347;62;54;13;0,19;336,03;1756,00;292,67;
2025-11-25;2025-11-18;INFLA;2018/2019;1085;Sjælland;85+;K;11933;184;201;34;28;7;0,18;284,92;1541,94;234,64;
2025-11-25;2025-11-18;INFLA;2018/2019;1085;Sjælland;85+;M;6518;140;146;28;26;6;0,20;429,58;2147,90;398,90;
2025-11-25;2025-11-18;INFLA;2018/2019;1085;Sjælland;Alle;Alle;840757;6587;7357;1567;622;44;0,24;186,38;783,46;73,98;
2025-11-25;2025-11-18;INFLA;2018/2019;1085;Sjælland;Alle;K;422021;3386;3750;814;301;19;0,24;192,88;802,33;71,32;
2025-11-25;2025-11-18;INFLA;2018/2019;1085;Sjælland;Alle;M;418736;3201;3607;753;321;25;0,24;179,83;764,44;76,66;
2025-11-25;2025-11-18;INFLA;2018/2019;1083;Syddanmark;00-01;Alle;24104;1088;1241;140;45;0;0,13;580,82;4513,77;186,69;
2025-11-25;2025-11-18;INFLA;2018/2019;1083;Syddanmark;00-01;K;11664;453;522;74;20;0;0,16;634,43;3883,74;171,47;
2025-11-25;2025-11-18;INFLA;2018/2019;1083;Syddanmark;00-01;M;12440;635;719;66;25;0;0,10;530,55;5104,50;200,96;
2025-11-25;2025-11-18;INFLA;2018/2019;1083;Syddanmark;02-06;Alle;61498;577;662;219;40;0;0,38;356,11;938,24;65,04;
2025-11-25;2025-11-18;INFLA;2018/2019;1083;Syddanmark;02-06;K;29886;261;302;95;18;0;0,36;317,87;873,32;60,23;
2025-11-25;2025-11-18;INFLA;2018/2019;1083;Syddanmark;02-06;M;31612;316;360;124;22;0;0,39;392,26;999,62;69,59;
2025-11-25;2025-11-18;INFLA;2018/2019;1083;Syddanmark;07-14;Alle;114146;323;369;107;19;0;0,33;93,74;282,97;16,65;
2025-11-25;2025-11-18;INFLA;2018/2019;1083;Syddanmark;07-14;K;55706;162;175;56;9;0;0,35;100,53;290,81;16,16;
2025-11-25;2025-11-18;INFLA;2018/2019;1083;Syddanmark;07-14;M;58440;161;194;51;10;0;0,32;87,27;275,50;17,11;
2025-11-25;2025-11-18;INFLA;2018/2019;1083;Syddanmark;15-44;Alle;432036;2223;2474;476;105;2;0,21;110,18;514,54;24,30;
2025-11-25;2025-11-18;INFLA;2018/2019;1083;Syddanmark;15-44;K;210451;1308;1442;274;58;0;0,21;130,20;621,52;27,56;
2025-11-25;2025-11-18;INFLA;2018/2019;1083;Syddanmark;15-44;M;221585;915;1032;202;47;2;0,22;91,16;412,93;21,21;
2025-11-25;2025-11-18;INFLA;2018/2019;1083;Syddanmark;45-64;Alle;336357;2752;3223;554;195;9;0,20;164,71;818,18;57,97;
2025-11-25;2025-11-18;INFLA;2018/2019;1083;Syddanmark;45-64;K;167513;1429;1604;277;84;3;0,19;165,36;853,07;50,15;
2025-11-25;2025-11-18;INFLA;2018/2019;1083;Syddanmark;45-64;M;168844;1323;1619;277;111;6;0,21;164,06;783,56;65,74;
2025-11-25;2025-11-18;INFLA;2018/2019;1083;Syddanmark;65-74;Alle;146543;1999;2469;331;209;11;0,17;225,87;1364,10;142,62;
2025-11-25;2025-11-18;INFLA;2018/2019;1083;Syddanmark;65-74;K;74445;879;1041;147;86;4;0,17;197,46;1180,74;115,52;
2025-11-25;2025-11-18;INFLA;2018/2019;1083;Syddanmark;65-74;M;72098;1120;1428;184;123;7;0,16;255,21;1553,44;170,60;
2025-11-25;2025-11-18;INFLA;2018/2019;1083;Syddanmark;75-84;Alle;86654;1835;2231;248;190;26;0,14;286,20;2117,62;219,26;
2025-11-25;2025-11-18;INFLA;2018/2019;1083;Syddanmark;75-84;K;46909;848;1001;115;85;11;0,14;245,16;1807,76;181,20;
2025-11-25;2025-11-18;INFLA;2018/2019;1083;Syddanmark;75-84;M;39745;987;1230;133;105;15;0,13;334,63;2483,33;264,18;
2025-11-25;2025-11-18;INFLA;2018/2019;1083;Syddanmark;85+;Alle;28977;929;1060;117;97;6;0,13;403,77;3205,99;334,75;
2025-11-25;2025-11-18;INFLA;2018/2019;1083;Syddanmark;85+;K;18669;506;570;57;44;6;0,11;305,32;2710,38;235,68;
2025-11-25;2025-11-18;INFLA;2018/2019;1083;Syddanmark;85+;M;10308;423;490;60;53;0;0,14;582,07;4103,61;514,16;
2025-11-25;2025-11-18;INFLA;2018/2019;1083;Syddanmark;Alle;Alle;1230315;11726;13729;2192;900;54;0,19;178,17;953,09;73,15;
2025-11-25;2025-11-18;INFLA;2018/2019;1083;Syddanmark;Alle;K;615243;5846;6657;1095;404;24;0,19;177,98;950,19;65,67;
2025-11-25;2025-11-18;INFLA;2018/2019;1083;Syddanmark;Alle;M;615072;5880;7072;1097;496;30;0,19;178,35;955,99;80,64;
2025-11-25;2025-11-18;INFLA;2019/2020;9999;Alle;00-01;Alle;124487;7338;8799;485;134;0;0,07;389,60;5894,59;107,64;
2025-11-25;2025-11-18;INFLA;2019/2020;9999;Alle;00-01;K;60535;3229;3742;223;64;0;0,07;368,38;5334,10;105,72;
2025-11-25;2025-11-18;INFLA;2019/2020;9999;Alle;00-01;M;63952;4109;4803;262;70;0;0,06;409,68;6425,13;109,46;
2025-11-25;2025-11-18;INFLA;2019/2020;9999;Alle;02-06;Alle;305145;3438;3946;910;112;0;0,26;298,22;1126,68;36,70;
2025-11-25;2025-11-18;INFLA;2019/2020;9999;Alle;02-06;K;148376;1616;1784;432;48;0;0,27;291,15;1089,12;32,35;
2025-11-25;2025-11-18;INFLA;2019/2020;9999;Alle;02-06;M;156769;1822;2076;478;64;0;0,26;304,91;1162,22;40,82;
2025-11-25;2025-11-18;INFLA;2019/2020;9999;Alle;07-14;Alle;529445;2902;3154;836;77;1;0,29;157,90;548,12;14,54;
2025-11-25;2025-11-18;INFLA;2019/2020;9999;Alle;07-14;K;257978;1322;1388;359;28;1;0,27;139,16;512,45;10,85;
2025-11-25;2025-11-18;INFLA;2019/2020;9999;Alle;07-14;M;271467;1580;1699;477;49;0;0,30;175,71;582,02;18,05;
2025-11-25;2025-11-18;INFLA;2019/2020;9999;Alle;15-44;Alle;2194786;16406;17665;1905;310;5;0,12;86,80;747,50;14,12;
2025-11-25;2025-11-18;INFLA;2019/2020;9999;Alle;15-44;K;1082378;9825;10001;1114;176;3;0,11;102,92;907,72;16,26;
2025-11-25;2025-11-18;INFLA;2019/2020;9999;Alle;15-44;M;1112408;6580;6691;791;134;2;0,12;71,11;591,51;12,05;
2025-11-25;2025-11-18;INFLA;2019/2020;9999;Alle;45-64;Alle;1548712;14992;16887;1241;382;9;0,08;80,13;968,03;24,67;
2025-11-25;2025-11-18;INFLA;2019/2020;9999;Alle;45-64;K;774707;8140;8937;647;164;4;0,08;83,52;1050,72;21,17;
2025-11-25;2025-11-18;INFLA;2019/2020;9999;Alle;45-64;M;774005;6851;7691;594;218;5;0,09;76,74;885,14;28,17;
2025-11-25;2025-11-18;INFLA;2019/2020;9999;Alle;65-74;Alle;647266;9127;10723;671;388;22;0,07;103,67;1410,08;59,94;
2025-11-25;2025-11-18;INFLA;2019/2020;9999;Alle;65-74;K;333442;4338;4941;333;173;6;0,08;99,87;1300,98;51,88;
2025-11-25;2025-11-18;INFLA;2019/2020;9999;Alle;65-74;M;313824;4789;5688;338;215;16;0,07;107,70;1526,01;68,51;
2025-11-25;2025-11-18;INFLA;2019/2020;9999;Alle;75-84;Alle;397165;8549;9966;560;421;33;0,07;141,00;2152,51;106,00;
2025-11-25;2025-11-18;INFLA;2019/2020;9999;Alle;75-84;K;216377;4092;4664;273;199;13;0,07;126,17;1891,14;91,97;
2025-11-25;2025-11-18;INFLA;2019/2020;9999;Alle;75-84;M;180788;4457;5242;287;222;20;0,06;158,75;2465,32;122,80;
2025-11-25;2025-11-18;INFLA;2019/2020;9999;Alle;85+;Alle;126109;4103;4636;239;218;33;0,06;189,52;3253,53;172,87;
2025-11-25;2025-11-18;INFLA;2019/2020;9999;Alle;85+;K;81612;2299;2559;141;132;18;0,06;172,77;2816,99;161,74;
2025-11-25;2025-11-18;INFLA;2019/2020;9999;Alle;85+;M;44497;1804;2055;98;86;15;0,05;220,24;4054,21;193,27;
2025-11-25;2025-11-18;INFLA;2019/2020;9999;Alle;Alle;Alle;5873115;66855;75776;6847;2042;103;0,10;116,58;1138,32;34,77;
2025-11-25;2025-11-18;INFLA;2019/2020;9999;Alle;Alle;K;2955405;34861;38016;3522;984;45;0,10;119,17;1179,57;33,29;
2025-11-25;2025-11-18;INFLA;2019/2020;9999;Alle;Alle;M;2917710;31992;35945;3325;1058;58;0,10;113,96;1096,48;36,26;
2025-11-25;2025-11-18;INFLA;2019/2020;1084;Hovedstaden;00-01;Alle;44251;3551;4425;196;49;0;0,06;442,93;8024,68;110,73;
2025-11-25;2025-11-18;INFLA;2019/2020;1084;Hovedstaden;00-01;K;21573;1613;1985;91;23;0;0,06;421,82;7476,94;106,61;
2025-11-25;2025-11-18;INFLA;2019/2020;1084;Hovedstaden;00-01;M;22678;1938;2440;105;26;0;0,05;463,00;8545,73;114,65;
2025-11-25;2025-11-18;INFLA;2019/2020;1084;Hovedstaden;02-06;Alle;101658;1722;2015;413;33;0;0,24;406,26;1693,91;32,46;
2025-11-25;2025-11-18;INFLA;2019/2020;1084;Hovedstaden;02-06;K;49502;821;947;202;17;0;0,25;408,06;1658,52;34,34;
2025-11-25;2025-11-18;INFLA;2019/2020;1084;Hovedstaden;02-06;M;52156;901;1068;211;16;0;0,23;404,56;1727,51;30,68;
2025-11-25;2025-11-18;INFLA;2019/2020;1084;Hovedstaden;07-14;Alle;163830;1399;1534;365;26;0;0,26;222,79;853,93;15,87;
2025-11-25;2025-11-18;INFLA;2019/2020;1084;Hovedstaden;07-14;K;79705;635;692;170;12;0;0,27;213,29;796,69;15,06;
2025-11-25;2025-11-18;INFLA;2019/2020;1084;Hovedstaden;07-14;M;84125;764;842;195;14;0;0,26;231,80;908,17;16,64;
2025-11-25;2025-11-18;INFLA;2019/2020;1084;Hovedstaden;15-44;Alle;767090;7511;8152;906;132;0;0,12;118,11;979,15;17,21;
2025-11-25;2025-11-18;INFLA;2019/2020;1084;Hovedstaden;15-44;K;386842;4561;4950;544;80;0;0,12;140,63;1179,03;20,68;
2025-11-25;2025-11-18;INFLA;2019/2020;1084;Hovedstaden;15-44;M;380248;2950;3202;362;52;0;0,12;95,20;775,81;13,68;
2025-11-25;2025-11-18;INFLA;2019/2020;1084;Hovedstaden;45-64;Alle;464261;6131;6968;538;142;1;0,09;115,88;1320,59;30,59;
2025-11-25;2025-11-18;INFLA;2019/2020;1084;Hovedstaden;45-64;K;233045;3446;3853;296;68;0;0,09;127,01;1478,68;29,18;
2025-11-25;2025-11-18;INFLA;2019/2020;1084;Hovedstaden;45-64;M;231216;2685;3115;242;74;1;0,09;104,66;1161,25;32,00;
2025-11-25;2025-11-18;INFLA;2019/2020;1084;Hovedstaden;65-74;Alle;174296;3483;4166;265;143;11;0,08;152,04;1998,32;82,04;
2025-11-25;2025-11-18;INFLA;2019/2020;1084;Hovedstaden;65-74;K;92656;1733;2037;142;64;2;0,08;153,26;1870,36;69,07;
2025-11-25;2025-11-18;INFLA;2019/2020;1084;Hovedstaden;65-74;M;81640;1750;2129;123;79;9;0,07;150,66;2143,56;96,77;
2025-11-25;2025-11-18;INFLA;2019/2020;1084;Hovedstaden;75-84;Alle;109658;3268;3938;230;167;13;0,07;209,74;2980,17;152,29;
2025-11-25;2025-11-18;INFLA;2019/2020;1084;Hovedstaden;75-84;K;61908;1669;1993;116;80;5;0,07;187,37;2695,94;129,22;
2025-11-25;2025-11-18;INFLA;2019/2020;1084;Hovedstaden;75-84;M;47750;1599;1945;114;87;8;0,07;238,74;3348,69;182,20;
2025-11-25;2025-11-18;INFLA;2019/2020;1084;Hovedstaden;85+;Alle;35206;1641;1911;107;101;12;0,07;303,93;4661,14;286,88;
2025-11-25;2025-11-18;INFLA;2019/2020;1084;Hovedstaden;85+;K;23731;968;1106;66;62;8;0,07;278,12;4079,05;261,26;
2025-11-25;2025-11-18;INFLA;2019/2020;1084;Hovedstaden;85+;M;11475;673;805;41;39;4;0,06;357,30;5864,92;339,87;
2025-11-25;2025-11-18;INFLA;2019/2020;1084;Hovedstaden;Alle;Alle;1860250;28706;33109;3020;793;37;0,11;162,34;1543,13;42,63;
2025-11-25;2025-11-18;INFLA;2019/2020;1084;Hovedstaden;Alle;K;948962;15446;17563;1627;406;15;0,11;171,45;1627,67;42,78;
2025-11-25;2025-11-18;INFLA;2019/2020;1084;Hovedstaden;Alle;M;911288;13260;15546;1393;387;22;0,11;152,86;1455,08;42,47;
2025-11-25;2025-11-18;INFLA;2019/2020;1082;Midtjylland;00-01;Alle;29046;1015;1161;84;28;0;0,08;289,20;3494,46;96,40;
2025-11-25;2025-11-18;INFLA;2019/2020;1082;Midtjylland;00-01;K;14090;447;503;35;9;0;0,08;248,40;3172,46;63,88;
2025-11-25;2025-11-18;INFLA;2019/2020;1082;Midtjylland;00-01;M;14956;568;658;49;19;0;0,09;327,63;3797,81;127,04;
2025-11-25;2025-11-18;INFLA;2019/2020;1082;Midtjylland;02-06;Alle;71394;333;379;99;18;0;0,30;138,67;466,43;25,21;
2025-11-25;2025-11-18;INFLA;2019/2020;1082;Midtjylland;02-06;K;34732;148;174;41;7;0;0,28;118,05;426,12;20,15;
2025-11-25;2025-11-18;INFLA;2019/2020;1082;Midtjylland;02-06;M;36662;185;205;58;11;0;0,31;158,20;504,61;30,00;
2025-11-25;2025-11-18;INFLA;2019/2020;1082;Midtjylland;07-14;Alle;124064;285;314;87;8;0;0,31;70,13;229,72;6,45;
2025-11-25;2025-11-18;INFLA;2019/2020;1082;Midtjylland;07-14;K;60630;133;148;38;4;0;0,29;62,68;219,36;6,60;
2025-11-25;2025-11-18;INFLA;2019/2020;1082;Midtjylland;07-14;M;63434;152;166;49;4;0;0,32;77,25;239,62;6,31;
2025-11-25;2025-11-18;INFLA;2019/2020;1082;Midtjylland;15-44;Alle;509056;2165;2259;230;47;0;0,11;45,18;425,30;9,23;
2025-11-25;2025-11-18;INFLA;2019/2020;1082;Midtjylland;15-44;K;249714;1318;1376;140;28;0;0,11;56,06;527,80;11,21;
2025-11-25;2025-11-18;INFLA;2019/2020;1082;Midtjylland;15-44;M;259342;847;883;90;19;0;0,11;34,70;326,60;7,33;
2025-11-25;2025-11-18;INFLA;2019/2020;1082;Midtjylland;45-64;Alle;345327;2237;2478;154;63;2;0,07;44,60;647,79;18,24;
2025-11-25;2025-11-18;INFLA;2019/2020;1082;Midtjylland;45-64;K;172406;1176;1286;79;29;2;0,07;45,82;682,11;16,82;
2025-11-25;2025-11-18;INFLA;2019/2020;1082;Midtjylland;45-64;M;172921;1061;1192;75;34;0;0,07;43,37;613,57;19,66;
2025-11-25;2025-11-18;INFLA;2019/2020;1082;Midtjylland;65-74;Alle;146473;1496;1704;106;72;1;0,07;72,37;1021,35;49,16;
2025-11-25;2025-11-18;INFLA;2019/2020;1082;Midtjylland;65-74;K;74403;696;774;53;35;1;0,08;71,23;935,45;47,04;
2025-11-25;2025-11-18;INFLA;2019/2020;1082;Midtjylland;65-74;M;72070;800;930;53;37;0;0,07;73,54;1110,03;51,34;
2025-11-25;2025-11-18;INFLA;2019/2020;1082;Midtjylland;75-84;Alle;85838;1415;1578;90;71;4;0,06;104,85;1648,45;82,71;
2025-11-25;2025-11-18;INFLA;2019/2020;1082;Midtjylland;75-84;K;46109;616;674;32;24;1;0,05;69,40;1335,96;52,05;
2025-11-25;2025-11-18;INFLA;2019/2020;1082;Midtjylland;75-84;M;39729;799;904;58;47;3;0,07;145,99;2011,13;118,30;
2025-11-25;2025-11-18;INFLA;2019/2020;1082;Midtjylland;85+;Alle;27719;700;766;47;41;10;0,07;169,56;2525,34;147,91;
2025-11-25;2025-11-18;INFLA;2019/2020;1082;Midtjylland;85+;K;17649;393;429;30;28;4;0,08;169,98;2226,76;158,65;
2025-11-25;2025-11-18;INFLA;2019/2020;1082;Midtjylland;85+;M;10070;307;337;17;13;6;0,06;168,82;3048,66;129,10;
2025-11-25;2025-11-18;INFLA;2019/2020;1082;Midtjylland;Alle;Alle;1338917;9646;10639;897;348;17;0,09;66,99;720,43;25,99;
2025-11-25;2025-11-18;INFLA;2019/2020;1082;Midtjylland;Alle;K;669733;4927;5364;448;164;8;0,09;66,89;735,67;24,49;
2025-11-25;2025-11-18;INFLA;2019/2020;1082;Midtjylland;Alle;M;669184;4719;5275;449;184;9;0,10;67,10;705,19;27,50;
2025-11-25;2025-11-18;INFLA;2019/2020;1081;Nordjylland;00-01;Alle;11905;174;199;11;3;0;0,06;92,40;1461,57;25,20;
2025-11-25;2025-11-18;INFLA;2019/2020;1081;Nordjylland;00-01;K;5722;66;73;4;2;0;0,06;69,91;1153,44;34,95;
2025-11-25;2025-11-18;INFLA;2019/2020;1081;Nordjylland;00-01;M;6183;108;126;7;1;0;0,06;113,21;1746,72;16,17;
2025-11-25;2025-11-18;INFLA;2019/2020;1081;Nordjylland;02-06;Alle;29239;59;74;17;5;0;0,29;58,14;201,79;17,10;
2025-11-25;2025-11-18;INFLA;2019/2020;1081;Nordjylland;02-06;K;14279;30;40;9;2;0;0,30;63,03;210,10;14,01;
2025-11-25;2025-11-18;INFLA;2019/2020;1081;Nordjylland;02-06;M;14960;29;34;8;3;0;0,28;53,48;193,85;20,05;
2025-11-25;2025-11-18;INFLA;2019/2020;1081;Nordjylland;07-14;Alle;51939;62;67;25;4;0;0,40;48,13;119,37;7,70;
2025-11-25;2025-11-18;INFLA;2019/2020;1081;Nordjylland;07-14;K;25237;27;27;10;0;0;0,37;39,62;106,99;0,00;
2025-11-25;2025-11-18;INFLA;2019/2020;1081;Nordjylland;07-14;M;26702;35;40;15;4;0;0,43;56,18;131,08;14,98;
2025-11-25;2025-11-18;INFLA;2019/2020;1081;Nordjylland;15-44;Alle;214025;551;570;65;24;0;0,12;30,37;257,45;11,21;
2025-11-25;2025-11-18;INFLA;2019/2020;1081;Nordjylland;15-44;K;102254;338;348;35;11;0;0,10;34,23;330,55;10,76;
2025-11-25;2025-11-18;INFLA;2019/2020;1081;Nordjylland;15-44;M;111771;213;222;30;13;0;0,14;26,84;190,57;11,63;
2025-11-25;2025-11-18;INFLA;2019/2020;1081;Nordjylland;45-64;Alle;158053;637;676;49;24;1;0,08;31,00;403,03;15,18;
2025-11-25;2025-11-18;INFLA;2019/2020;1081;Nordjylland;45-64;K;78672;337;358;24;7;0;0,07;30,51;428,36;8,90;
2025-11-25;2025-11-18;INFLA;2019/2020;1081;Nordjylland;45-64;M;79381;300;318;25;17;1;0,08;31,49;377,92;21,42;
2025-11-25;2025-11-18;INFLA;2019/2020;1081;Nordjylland;65-74;Alle;71665;408;441;33;24;2;0,08;46,05;569,32;33,49;
2025-11-25;2025-11-18;INFLA;2019/2020;1081;Nordjylland;65-74;K;36095;169;173;13;8;0;0,08;36,02;468,21;22,16;
2025-11-25;2025-11-18;INFLA;2019/2020;1081;Nordjylland;65-74;M;35570;239;268;20;16;2;0,08;56,23;671,91;44,98;
2025-11-25;2025-11-18;INFLA;2019/2020;1081;Nordjylland;75-84;Alle;43939;351;381;19;16;3;0,05;43,24;798,83;36,41;
2025-11-25;2025-11-18;INFLA;2019/2020;1081;Nordjylland;75-84;K;23589;153;171;8;7;2;0,05;33,91;648,61;29,67;
2025-11-25;2025-11-18;INFLA;2019/2020;1081;Nordjylland;75-84;M;20350;198;210;11;9;1;0,06;54,05;972,97;44,23;
2025-11-25;2025-11-18;INFLA;2019/2020;1081;Nordjylland;85+;Alle;14414;151;161;10;9;1;0,07;69,38;1047,59;62,44;
2025-11-25;2025-11-18;INFLA;2019/2020;1081;Nordjylland;85+;K;9015;78;85;6;5;1;0,08;66,56;865,22;55,46;
2025-11-25;2025-11-18;INFLA;2019/2020;1081;Nordjylland;85+;M;5399;73;76;4;4;0;0,05;74,09;1352,10;74,09;
2025-11-25;2025-11-18;INFLA;2019/2020;1081;Nordjylland;Alle;Alle;595179;2393;2569;229;109;7;0,10;38,48;402,06;18,31;
2025-11-25;2025-11-18;INFLA;2019/2020;1081;Nordjylland;Alle;K;294863;1198;1275;109;42;3;0,09;36,97;406,29;14,24;
2025-11-25;2025-11-18;INFLA;2019/2020;1081;Nordjylland;Alle;M;300316;1195;1294;120;67;4;0,10;39,96;397,91;22,31;
2025-11-25;2025-11-18;INFLA;2019/2020;1085;Sjælland;00-01;Alle;15196;1235;1488;104;27;0;0,08;684,39;8127,14;177,68;
2025-11-25;2025-11-18;INFLA;2019/2020;1085;Sjælland;00-01;K;7414;529;639;53;17;0;0,10;714,86;7135,15;229,30;
2025-11-25;2025-11-18;INFLA;2019/2020;1085;Sjælland;00-01;M;7782;706;849;51;10;0;0,07;655,36;9072,22;128,50;
2025-11-25;2025-11-18;INFLA;2019/2020;1085;Sjælland;02-06;Alle;40985;610;689;211;26;0;0,35;514,82;1488,35;63,44;
2025-11-25;2025-11-18;INFLA;2019/2020;1085;Sjælland;02-06;K;19854;285;311;108;12;0;0,38;543,97;1435,48;60,44;
2025-11-25;2025-11-18;INFLA;2019/2020;1085;Sjælland;02-06;M;21131;325;378;103;14;0;0,32;487,44;1538,02;66,25;
2025-11-25;2025-11-18;INFLA;2019/2020;1085;Sjælland;07-14;Alle;76914;517;545;186;21;0;0,36;241,83;672,18;27,30;
2025-11-25;2025-11-18;INFLA;2019/2020;1085;Sjælland;07-14;K;37451;238;250;78;8;0;0,33;208,27;635,50;21,36;
2025-11-25;2025-11-18;INFLA;2019/2020;1085;Sjælland;07-14;M;39463;279;295;108;13;0;0,39;273,67;706,99;32,94;
2025-11-25;2025-11-18;INFLA;2019/2020;1085;Sjælland;15-44;Alle;273016;2081;2228;266;45;2;0,13;97,43;762,23;16,48;
2025-11-25;2025-11-18;INFLA;2019/2020;1085;Sjælland;15-44;K;133241;1216;1279;159;26;1;0,13;119,33;912,63;19,51;
2025-11-25;2025-11-18;INFLA;2019/2020;1085;Sjælland;15-44;M;139775;865;949;107;19;1;0,12;76,55;618,85;13,59;
2025-11-25;2025-11-18;INFLA;2019/2020;1085;Sjælland;45-64;Alle;244162;2342;2596;221;77;5;0,09;90,51;959,20;31,54;
2025-11-25;2025-11-18;INFLA;2019/2020;1085;Sjælland;45-64;K;122472;1273;1421;107;25;2;0,08;87,37;1039,42;20,41;
2025-11-25;2025-11-18;INFLA;2019/2020;1085;Sjælland;45-64;M;121690;1069;1175;114;52;3;0,11;93,68;878,46;42,73;
2025-11-25;2025-11-18;INFLA;2019/2020;1085;Sjælland;65-74;Alle;108580;1436;1603;121;66;5;0,08;111,44;1322,53;60,78;
2025-11-25;2025-11-18;INFLA;2019/2020;1085;Sjælland;65-74;K;55897;644;711;56;33;1;0,09;100,18;1152,12;59,04;
2025-11-25;2025-11-18;INFLA;2019/2020;1085;Sjælland;65-74;M;52683;792;892;65;33;4;0,08;123,38;1503,33;62,64;
2025-11-25;2025-11-18;INFLA;2019/2020;1085;Sjælland;75-84;Alle;66456;1300;1449;97;73;7;0,07;145,96;1956,18;109,85;
2025-11-25;2025-11-18;INFLA;2019/2020;1085;Sjælland;75-84;K;35654;620;682;51;41;2;0,08;143,04;1738,94;114,99;
2025-11-25;2025-11-18;INFLA;2019/2020;1085;Sjælland;75-84;M;30802;680;767;46;32;5;0,07;149,34;2207,65;103,89;
2025-11-25;2025-11-18;INFLA;2019/2020;1085;Sjælland;85+;Alle;18831;526;568;35;31;4;0,07;185,86;2793,27;164,62;
2025-11-25;2025-11-18;INFLA;2019/2020;1085;Sjælland;85+;K;12077;276;301;19;19;2;0,07;157,32;2285,34;157,32;
2025-11-25;2025-11-18;INFLA;2019/2020;1085;Sjælland;85+;M;6754;250;267;16;12;2;0,06;236,90;3701,51;177,67;
2025-11-25;2025-11-18;INFLA;2019/2020;1085;Sjælland;Alle;Alle;844140;10047;11166;1241;366;23;0,12;147,01;1190,21;43,36;
2025-11-25;2025-11-18;INFLA;2019/2020;1085;Sjælland;Alle;K;424060;5081;5594;631;181;8;0,12;148,80;1198,18;42,68;
2025-11-25;2025-11-18;INFLA;2019/2020;1085;Sjælland;Alle;M;420080;4966;5572;610;185;15;0,12;145,21;1182,16;44,04;
2025-11-25;2025-11-18;INFLA;2019/2020;1083;Syddanmark;00-01;Alle;24089;1135;1253;76;25;0;0,07;315,50;4711,69;103,78;
2025-11-25;2025-11-18;INFLA;2019/2020;1083;Syddanmark;00-01;K;11736;481;529;35;12;0;0,07;298,23;4098,50;102,25;
2025-11-25;2025-11-18;INFLA;2019/2020;1083;Syddanmark;00-01;M;12353;654;724;41;13;0;0,06;331,90;5294,26;105,24;
2025-11-25;2025-11-18;INFLA;2019/2020;1083;Syddanmark;02-06;Alle;61869;637;698;155;27;0;0,24;250,53;1029,59;43,64;
2025-11-25;2025-11-18;INFLA;2019/2020;1083;Syddanmark;02-06;K;30009;290;308;63;7;0;0,22;209,94;966,38;23,33;
2025-11-25;2025-11-18;INFLA;2019/2020;1083;Syddanmark;02-06;M;31860;347;390;92;20;0;0,27;288,76;1089,14;62,77;
2025-11-25;2025-11-18;INFLA;2019/2020;1083;Syddanmark;07-14;Alle;112698;579;624;160;17;0;0,28;141,97;513,76;15,08;
2025-11-25;2025-11-18;INFLA;2019/2020;1083;Syddanmark;07-14;K;54955;258;271;61;4;0;0,24;111,00;469,48;7,28;
2025-11-25;2025-11-18;INFLA;2019/2020;1083;Syddanmark;07-14;M;57743;321;353;99;13;0;0,31;171,45;555,91;22,51;
2025-11-25;2025-11-18;INFLA;2019/2020;1083;Syddanmark;15-44;Alle;431599;3178;3456;355;53;3;0,11;82,25;736,33;12,28;
2025-11-25;2025-11-18;INFLA;2019/2020;1083;Syddanmark;15-44;K;210327;1869;2044;183;25;2;0,10;87,01;888,62;11,89;
2025-11-25;2025-11-18;INFLA;2019/2020;1083;Syddanmark;15-44;M;221272;1309;1412;172;28;1;0,13;77,73;591,58;12,65;
2025-11-25;2025-11-18;INFLA;2019/2020;1083;Syddanmark;45-64;Alle;336909;3402;3895;263;72;0;0,08;78,06;1009,77;21,37;
2025-11-25;2025-11-18;INFLA;2019/2020;1083;Syddanmark;45-64;K;168112;1799;2010;136;35;0;0,08;80,90;1070,12;20,82;
2025-11-25;2025-11-18;INFLA;2019/2020;1083;Syddanmark;45-64;M;168797;1603;1885;127;37;0;0,08;75,24;949,66;21,92;
2025-11-25;2025-11-18;INFLA;2019/2020;1083;Syddanmark;65-74;Alle;146252;2220;2714;135;81;1;0,06;92,31;1517,93;55,38;
2025-11-25;2025-11-18;INFLA;2019/2020;1083;Syddanmark;65-74;K;74391;1059;1245;63;32;1;0,06;84,69;1423,56;43,02;
2025-11-25;2025-11-18;INFLA;2019/2020;1083;Syddanmark;65-74;M;71861;1161;1469;72;49;0;0,06;100,19;1615,62;68,19;
2025-11-25;2025-11-18;INFLA;2019/2020;1083;Syddanmark;75-84;Alle;91274;2161;2559;118;91;6;0,05;129,28;2367,60;99,70;
2025-11-25;2025-11-18;INFLA;2019/2020;1083;Syddanmark;75-84;K;49117;1007;1144;64;45;3;0,06;130,30;2050,21;91,62;
2025-11-25;2025-11-18;INFLA;2019/2020;1083;Syddanmark;75-84;M;42157;1154;1415;54;46;3;0,05;128,09;2737,39;109,12;
2025-11-25;2025-11-18;INFLA;2019/2020;1083;Syddanmark;85+;Alle;29939;1065;1208;40;36;6;0,04;133,60;3557,23;120,24;
2025-11-25;2025-11-18;INFLA;2019/2020;1083;Syddanmark;85+;K;19140;574;638;20;18;3;0,03;104,49;2998,96;94,04;
2025-11-25;2025-11-18;INFLA;2019/2020;1083;Syddanmark;85+;M;10799;491;570;20;18;3;0,04;185,20;4546,72;166,68;
2025-11-25;2025-11-18;INFLA;2019/2020;1083;Syddanmark;Alle;Alle;1234629;14377;16407;1302;402;16;0,09;105,46;1164,48;32,56;
2025-11-25;2025-11-18;INFLA;2019/2020;1083;Syddanmark;Alle;K;617787;7337;8189;625;178;9;0,09;101,17;1187,63;28,81;
2025-11-25;2025-11-18;INFLA;2019/2020;1083;Syddanmark;Alle;M;616842;7040;8218;677;224;7;0,10;109,75;1141,30;36,31;
2025-11-25;2025-11-18;INFLA;2020/2021;9999;Alle;00-01;Alle;123326;3116;3728;0;0;0;0,00;0,00;2526,64;0,00;
2025-11-25;2025-11-18;INFLA;2020/2021;9999;Alle;00-01;K;60007;1298;1523;0;0;0;0,00;0,00;2163,08;0,00;
2025-11-25;2025-11-18;INFLA;2020/2021;9999;Alle;00-01;M;63319;1818;2162;0;0;0;0,00;0,00;2871,18;0,00;
2025-11-25;2025-11-18;INFLA;2020/2021;9999;Alle;02-06;Alle;306024;1234;1516;0;0;0;0,00;0,00;403,24;0,00;
2025-11-25;2025-11-18;INFLA;2020/2021;9999;Alle;02-06;K;148730;519;627;0;0;0;0,00;0,00;348,95;0,00;
2025-11-25;2025-11-18;INFLA;2020/2021;9999;Alle;02-06;M;157294;715;876;0;0;0;0,00;0,00;454,56;0,00;
2025-11-25;2025-11-18;INFLA;2020/2021;9999;Alle;07-14;Alle;517299;1410;1630;2;0;0;0,00;0,39;272,57;0,00;
2025-11-25;2025-11-18;INFLA;2020/2021;9999;Alle;07-14;K;251958;652;729;1;0;0;0,00;0,40;258,77;0,00;
2025-11-25;2025-11-18;INFLA;2020/2021;9999;Alle;07-14;M;265341;757;885;1;0;0;0,00;0,38;285,29;0,00;
2025-11-25;2025-11-18;INFLA;2020/2021;9999;Alle;15-44;Alle;2159520;19260;21794;6;3;0;0,00;0,28;891,86;0,14;
2025-11-25;2025-11-18;INFLA;2020/2021;9999;Alle;15-44;K;1063508;11853;13366;4;3;0;0,00;0,38;1114,52;0,28;
2025-11-25;2025-11-18;INFLA;2020/2021;9999;Alle;15-44;M;1096012;7407;8015;2;0;0;0,00;0,18;675,81;0,00;
2025-11-25;2025-11-18;INFLA;2020/2021;9999;Alle;45-64;Alle;1542174;15944;19575;8;4;0;0,00;0,52;1033,87;0,26;
2025-11-25;2025-11-18;INFLA;2020/2021;9999;Alle;45-64;K;771844;7495;8967;4;2;0;0,00;0,52;971,05;0,26;
2025-11-25;2025-11-18;INFLA;2020/2021;9999;Alle;45-64;M;770330;8448;10347;4;2;0;0,00;0,52;1096,67;0,26;
2025-11-25;2025-11-18;INFLA;2020/2021;9999;Alle;65-74;Alle;634502;12250;15759;2;2;0;0,00;0,32;1930,65;0,32;
2025-11-25;2025-11-18;INFLA;2020/2021;9999;Alle;65-74;K;327275;5573;7020;1;1;0;0,00;0,31;1702,85;0,31;
2025-11-25;2025-11-18;INFLA;2020/2021;9999;Alle;65-74;M;307227;6676;8650;1;1;0;0,00;0,33;2172,99;0,33;
2025-11-25;2025-11-18;INFLA;2020/2021;9999;Alle;75-84;Alle;419322;13749;17666;2;2;0;0,00;0,48;3278,86;0,48;
2025-11-25;2025-11-18;INFLA;2020/2021;9999;Alle;75-84;K;227322;6587;8362;2;2;0;0,00;0,88;2897,65;0,88;
2025-11-25;2025-11-18;INFLA;2020/2021;9999;Alle;75-84;M;192000;7162;9263;0;0;0;0,00;0,00;3730,21;0,00;
2025-11-25;2025-11-18;INFLA;2020/2021;9999;Alle;85+;Alle;128590;7514;9466;2;1;1;0,00;1,56;5843,38;0,78;
2025-11-25;2025-11-18;INFLA;2020/2021;9999;Alle;85+;K;82697;4285;5354;1;0;1;0,00;1,21;5181,57;0,00;
2025-11-25;2025-11-18;INFLA;2020/2021;9999;Alle;85+;M;45893;3229;4098;1;1;0;0,00;2,18;7035,93;2,18;
2025-11-25;2025-11-18;INFLA;2020/2021;9999;Alle;Alle;Alle;5830757;74477;91134;22;12;1;0,00;0,38;1277,31;0,21;
2025-11-25;2025-11-18;INFLA;2020/2021;9999;Alle;Alle;K;2933341;38262;45948;13;8;1;0,00;0,44;1304,38;0,27;
2025-11-25;2025-11-18;INFLA;2020/2021;9999;Alle;Alle;M;2897416;36212;44296;9;4;0;0,00;0,31;1249,80;0,14;
2025-11-25;2025-11-18;INFLA;2020/2021;1084;Hovedstaden;00-01;Alle;43891;1790;2214;0;0;0;0,00;0,00;4078,28;0,00;
2025-11-25;2025-11-18;INFLA;2020/2021;1084;Hovedstaden;00-01;K;21297;760;922;0;0;0;0,00;0,00;3568,58;0,00;
2025-11-25;2025-11-18;INFLA;2020/2021;1084;Hovedstaden;00-01;M;22594;1030;1292;0;0;0;0,00;0,00;4558,73;0,00;
2025-11-25;2025-11-18;INFLA;2020/2021;1084;Hovedstaden;02-06;Alle;101326;672;815;0;0;0;0,00;0,00;663,21;0,00;
2025-11-25;2025-11-18;INFLA;2020/2021;1084;Hovedstaden;02-06;K;49441;298;350;0;0;0;0,00;0,00;602,74;0,00;
2025-11-25;2025-11-18;INFLA;2020/2021;1084;Hovedstaden;02-06;M;51885;374;465;0;0;0;0,00;0,00;720,82;0,00;
2025-11-25;2025-11-18;INFLA;2020/2021;1084;Hovedstaden;07-14;Alle;161565;771;916;1;0;0;0,00;0,62;477,21;0,00;
2025-11-25;2025-11-18;INFLA;2020/2021;1084;Hovedstaden;07-14;K;78654;354;411;0;0;0;0,00;0,00;450,07;0,00;
2025-11-25;2025-11-18;INFLA;2020/2021;1084;Hovedstaden;07-14;M;82911;417;505;1;0;0;0,00;1,21;502,95;0,00;
2025-11-25;2025-11-18;INFLA;2020/2021;1084;Hovedstaden;15-44;Alle;756194;10560;12052;3;2;0;0,00;0,40;1396,47;0,26;
2025-11-25;2025-11-18;INFLA;2020/2021;1084;Hovedstaden;15-44;K;380699;6616;7600;3;2;0;0,00;0,79;1737,86;0,53;
2025-11-25;2025-11-18;INFLA;2020/2021;1084;Hovedstaden;15-44;M;375495;3944;4452;0;0;0;0,00;0,00;1050,35;0,00;
2025-11-25;2025-11-18;INFLA;2020/2021;1084;Hovedstaden;45-64;Alle;465187;6847;8729;7;4;0;0,00;1,50;1471,88;0,86;
2025-11-25;2025-11-18;INFLA;2020/2021;1084;Hovedstaden;45-64;K;233634;3242;4024;4;2;0;0,00;1,71;1387,64;0,86;
2025-11-25;2025-11-18;INFLA;2020/2021;1084;Hovedstaden;45-64;M;231553;3605;4705;3;2;0;0,00;1,30;1556,88;0,86;
2025-11-25;2025-11-18;INFLA;2020/2021;1084;Hovedstaden;65-74;Alle;170008;5044;6840;0;0;0;0,00;0,00;2966,92;0,00;
2025-11-25;2025-11-18;INFLA;2020/2021;1084;Hovedstaden;65-74;K;90409;2395;3177;0;0;0;0,00;0,00;2649,07;0,00;
2025-11-25;2025-11-18;INFLA;2020/2021;1084;Hovedstaden;65-74;M;79599;2649;3663;0;0;0;0,00;0,00;3327,93;0,00;
2025-11-25;2025-11-18;INFLA;2020/2021;1084;Hovedstaden;75-84;Alle;115782;5741;7823;2;2;0;0,00;1,73;4958,46;1,73;
2025-11-25;2025-11-18;INFLA;2020/2021;1084;Hovedstaden;75-84;K;65026;2939;3984;2;2;0;0,00;3,08;4519,73;3,08;
2025-11-25;2025-11-18;INFLA;2020/2021;1084;Hovedstaden;75-84;M;50756;2802;3839;0;0;0;0,00;0,00;5520,53;0,00;
2025-11-25;2025-11-18;INFLA;2020/2021;1084;Hovedstaden;85+;Alle;35545;3261;4309;2;1;1;0,00;5,63;9174,29;2,81;
2025-11-25;2025-11-18;INFLA;2020/2021;1084;Hovedstaden;85+;K;23793;1963;2582;1;0;1;0,00;4,20;8250,33;0,00;
2025-11-25;2025-11-18;INFLA;2020/2021;1084;Hovedstaden;85+;M;11752;1298;1727;1;1;0;0,00;8,51;11044,93;8,51;
2025-11-25;2025-11-18;INFLA;2020/2021;1084;Hovedstaden;Alle;Alle;1849498;34686;43698;15;9;1;0,00;0,81;1875,43;0,49;
2025-11-25;2025-11-18;INFLA;2020/2021;1084;Hovedstaden;Alle;K;942953;18567;23050;10;6;1;0,00;1,06;1969,03;0,64;
2025-11-25;2025-11-18;INFLA;2020/2021;1084;Hovedstaden;Alle;M;906545;16119;20648;5;3;0;0,00;0,55;1778,07;0,33;
2025-11-25;2025-11-18;INFLA;2020/2021;1082;Midtjylland;00-01;Alle;29015;186;215;0;0;0;0,00;0,00;641,05;0,00;
2025-11-25;2025-11-18;INFLA;2020/2021;1082;Midtjylland;00-01;K;14129;75;83;0;0;0;0,00;0,00;530,82;0,00;
2025-11-25;2025-11-18;INFLA;2020/2021;1082;Midtjylland;00-01;M;14886;111;132;0;0;0;0,00;0,00;745,67;0,00;
2025-11-25;2025-11-18;INFLA;2020/2021;1082;Midtjylland;02-06;Alle;71756;90;111;0;0;0;0,00;0,00;125,43;0,00;
2025-11-25;2025-11-18;INFLA;2020/2021;1082;Midtjylland;02-06;K;34745;39;45;0;0;0;0,00;0,00;112,25;0,00;
2025-11-25;2025-11-18;INFLA;2020/2021;1082;Midtjylland;02-06;M;37011;51;66;0;0;0;0,00;0,00;137,80;0,00;
2025-11-25;2025-11-18;INFLA;2020/2021;1082;Midtjylland;07-14;Alle;121232;109;122;0;0;0;0,00;0,00;89,91;0,00;
2025-11-25;2025-11-18;INFLA;2020/2021;1082;Midtjylland;07-14;K;59293;57;60;0;0;0;0,00;0,00;96,13;0,00;
2025-11-25;2025-11-18;INFLA;2020/2021;1082;Midtjylland;07-14;M;61939;52;62;0;0;0;0,00;0,00;83,95;0,00;
2025-11-25;2025-11-18;INFLA;2020/2021;1082;Midtjylland;15-44;Alle;501614;2019;2209;0;0;0;0,00;0,00;402,50;0,00;
2025-11-25;2025-11-18;INFLA;2020/2021;1082;Midtjylland;15-44;K;245948;1168;1287;0;0;0;0,00;0,00;474,90;0,00;
2025-11-25;2025-11-18;INFLA;2020/2021;1082;Midtjylland;15-44;M;255666;851;922;0;0;0;0,00;0,00;332,86;0,00;
2025-11-25;2025-11-18;INFLA;2020/2021;1082;Midtjylland;45-64;Alle;343867;2311;2743;0;0;0;0,00;0,00;672,06;0,00;
2025-11-25;2025-11-18;INFLA;2020/2021;1082;Midtjylland;45-64;K;171813;1061;1248;0;0;0;0,00;0,00;617,53;0,00;
2025-11-25;2025-11-18;INFLA;2020/2021;1082;Midtjylland;45-64;M;172054;1250;1495;0;0;0;0,00;0,00;726,52;0,00;
2025-11-25;2025-11-18;INFLA;2020/2021;1082;Midtjylland;65-74;Alle;144316;1934;2361;0;0;0;0,00;0,00;1340,11;0,00;
2025-11-25;2025-11-18;INFLA;2020/2021;1082;Midtjylland;65-74;K;73411;857;1060;0;0;0;0,00;0,00;1167,40;0,00;
2025-11-25;2025-11-18;INFLA;2020/2021;1082;Midtjylland;65-74;M;70905;1077;1301;0;0;0;0,00;0,00;1518,93;0,00;
2025-11-25;2025-11-18;INFLA;2020/2021;1082;Midtjylland;75-84;Alle;90994;2355;2835;0;0;0;0,00;0,00;2588,08;0,00;
2025-11-25;2025-11-18;INFLA;2020/2021;1082;Midtjylland;75-84;K;48705;1023;1215;0;0;0;0,00;0,00;2100,40;0,00;
2025-11-25;2025-11-18;INFLA;2020/2021;1082;Midtjylland;75-84;M;42289;1332;1620;0;0;0;0,00;0,00;3149,76;0,00;
2025-11-25;2025-11-18;INFLA;2020/2021;1082;Midtjylland;85+;Alle;28221;1277;1519;0;0;0;0,00;0,00;4525,00;0,00;
2025-11-25;2025-11-18;INFLA;2020/2021;1082;Midtjylland;85+;K;17843;697;833;0;0;0;0,00;0,00;3906,29;0,00;
2025-11-25;2025-11-18;INFLA;2020/2021;1082;Midtjylland;85+;M;10378;580;686;0;0;0;0,00;0,00;5588,75;0,00;
2025-11-25;2025-11-18;INFLA;2020/2021;1082;Midtjylland;Alle;Alle;1331015;10281;12115;0;0;0;0,00;0,00;772,42;0,00;
2025-11-25;2025-11-18;INFLA;2020/2021;1082;Midtjylland;Alle;K;665887;4977;5831;0;0;0;0,00;0,00;747,42;0,00;
2025-11-25;2025-11-18;INFLA;2020/2021;1082;Midtjylland;Alle;M;665128;5304;6284;0;0;0;0,00;0,00;797,44;0,00;
2025-11-25;2025-11-18;INFLA;2020/2021;1081;Nordjylland;00-01;Alle;11572;107;119;0;0;0;0,00;0,00;924,65;0,00;
2025-11-25;2025-11-18;INFLA;2020/2021;1081;Nordjylland;00-01;K;5620;50;54;0;0;0;0,00;0,00;889,68;0,00;
2025-11-25;2025-11-18;INFLA;2020/2021;1081;Nordjylland;00-01;M;5952;57;65;0;0;0;0,00;0,00;957,66;0,00;
2025-11-25;2025-11-18;INFLA;2020/2021;1081;Nordjylland;02-06;Alle;29421;46;63;0;0;0;0,00;0,00;156,35;0,00;
2025-11-25;2025-11-18;INFLA;2020/2021;1081;Nordjylland;02-06;K;14387;15;19;0;0;0;0,00;0,00;104,26;0,00;
2025-11-25;2025-11-18;INFLA;2020/2021;1081;Nordjylland;02-06;M;15034;31;44;0;0;0;0,00;0,00;206,20;0,00;
2025-11-25;2025-11-18;INFLA;2020/2021;1081;Nordjylland;07-14;Alle;50353;51;56;0;0;0;0,00;0,00;101,28;0,00;
2025-11-25;2025-11-18;INFLA;2020/2021;1081;Nordjylland;07-14;K;24452;25;29;0;0;0;0,00;0,00;102,24;0,00;
2025-11-25;2025-11-18;INFLA;2020/2021;1081;Nordjylland;07-14;M;25901;26;27;0;0;0;0,00;0,00;100,38;0,00;
2025-11-25;2025-11-18;INFLA;2020/2021;1081;Nordjylland;15-44;Alle;210667;511;544;0;0;0;0,00;0,00;242,56;0,00;
2025-11-25;2025-11-18;INFLA;2020/2021;1081;Nordjylland;15-44;K;100642;303;323;0;0;0;0,00;0,00;301,07;0,00;
2025-11-25;2025-11-18;INFLA;2020/2021;1081;Nordjylland;15-44;M;110025;208;221;0;0;0;0,00;0,00;189,05;0,00;
2025-11-25;2025-11-18;INFLA;2020/2021;1081;Nordjylland;45-64;Alle;156367;529;598;0;0;0;0,00;0,00;338,31;0,00;
2025-11-25;2025-11-18;INFLA;2020/2021;1081;Nordjylland;45-64;K;77784;271;308;0;0;0;0,00;0,00;348,40;0,00;
2025-11-25;2025-11-18;INFLA;2020/2021;1081;Nordjylland;45-64;M;78583;258;290;0;0;0;0,00;0,00;328,32;0,00;
2025-11-25;2025-11-18;INFLA;2020/2021;1081;Nordjylland;65-74;Alle;70402;530;616;0;0;0;0,00;0,00;752,82;0,00;
2025-11-25;2025-11-18;INFLA;2020/2021;1081;Nordjylland;65-74;K;35577;238;277;0;0;0;0,00;0,00;668,97;0,00;
2025-11-25;2025-11-18;INFLA;2020/2021;1081;Nordjylland;65-74;M;34825;292;339;0;0;0;0,00;0,00;838,48;0,00;
2025-11-25;2025-11-18;INFLA;2020/2021;1081;Nordjylland;75-84;Alle;46088;506;564;0;0;0;0,00;0,00;1097,90;0,00;
2025-11-25;2025-11-18;INFLA;2020/2021;1081;Nordjylland;75-84;K;24521;210;231;0;0;0;0,00;0,00;856,41;0,00;
2025-11-25;2025-11-18;INFLA;2020/2021;1081;Nordjylland;75-84;M;21567;296;333;0;0;0;0,00;0,00;1372,47;0,00;
2025-11-25;2025-11-18;INFLA;2020/2021;1081;Nordjylland;85+;Alle;14810;275;309;0;0;0;0,00;0,00;1856,85;0,00;
2025-11-25;2025-11-18;INFLA;2020/2021;1081;Nordjylland;85+;K;9201;127;146;0;0;0;0,00;0,00;1380,28;0,00;
2025-11-25;2025-11-18;INFLA;2020/2021;1081;Nordjylland;85+;M;5609;148;163;0;0;0;0,00;0,00;2638,62;0,00;
2025-11-25;2025-11-18;INFLA;2020/2021;1081;Nordjylland;Alle;Alle;589680;2555;2869;0;0;0;0,00;0,00;433,29;0,00;
2025-11-25;2025-11-18;INFLA;2020/2021;1081;Nordjylland;Alle;K;292184;1239;1387;0;0;0;0,00;0,00;424,05;0,00;
2025-11-25;2025-11-18;INFLA;2020/2021;1081;Nordjylland;Alle;M;297496;1316;1482;0;0;0;0,00;0,00;442,36;0,00;
2025-11-25;2025-11-18;INFLA;2020/2021;1085;Sjælland;00-01;Alle;15227;480;555;0;0;0;0,00;0,00;3152,30;0,00;
2025-11-25;2025-11-18;INFLA;2020/2021;1085;Sjælland;00-01;K;7425;197;228;0;0;0;0,00;0,00;2653,20;0,00;
2025-11-25;2025-11-18;INFLA;2020/2021;1085;Sjælland;00-01;M;7802;283;327;0;0;0;0,00;0,00;3627,28;0,00;
2025-11-25;2025-11-18;INFLA;2020/2021;1085;Sjælland;02-06;Alle;41532;141;177;0;0;0;0,00;0,00;339,50;0,00;
2025-11-25;2025-11-18;INFLA;2020/2021;1085;Sjælland;02-06;K;20092;59;76;0;0;0;0,00;0,00;293,65;0,00;
2025-11-25;2025-11-18;INFLA;2020/2021;1085;Sjælland;02-06;M;21440;82;101;0;0;0;0,00;0,00;382,46;0,00;
2025-11-25;2025-11-18;INFLA;2020/2021;1085;Sjælland;07-14;Alle;74461;120;155;0;0;0;0,00;0,00;161,16;0,00;
2025-11-25;2025-11-18;INFLA;2020/2021;1085;Sjælland;07-14;K;36206;46;60;0;0;0;0,00;0,00;127,05;0,00;
2025-11-25;2025-11-18;INFLA;2020/2021;1085;Sjælland;07-14;M;38255;74;95;0;0;0;0,00;0,00;193,44;0,00;
2025-11-25;2025-11-18;INFLA;2020/2021;1085;Sjælland;15-44;Alle;268338;2176;2497;1;0;0;0,00;0,37;810,92;0,00;
2025-11-25;2025-11-18;INFLA;2020/2021;1085;Sjælland;15-44;K;130791;1238;1448;0;0;0;0,00;0,00;946,55;0,00;
2025-11-25;2025-11-18;INFLA;2020/2021;1085;Sjælland;15-44;M;137547;938;1049;1;0;0;0,00;0,73;681,95;0,00;
2025-11-25;2025-11-18;INFLA;2020/2021;1085;Sjælland;45-64;Alle;242818;2995;3507;0;0;0;0,00;0,00;1233,43;0,00;
2025-11-25;2025-11-18;INFLA;2020/2021;1085;Sjælland;45-64;K;121912;1445;1665;0;0;0;0,00;0,00;1185,28;0,00;
2025-11-25;2025-11-18;INFLA;2020/2021;1085;Sjælland;45-64;M;120906;1550;1842;0;0;0;0,00;0,00;1281,99;0,00;
2025-11-25;2025-11-18;INFLA;2020/2021;1085;Sjælland;65-74;Alle;105968;2249;2686;1;1;0;0,00;0,94;2122,34;0,94;
2025-11-25;2025-11-18;INFLA;2020/2021;1085;Sjælland;65-74;K;54560;1011;1186;1;1;0;0,00;1,83;1853,01;1,83;
2025-11-25;2025-11-18;INFLA;2020/2021;1085;Sjælland;65-74;M;51408;1238;1500;0;0;0;0,00;0,00;2408,19;0,00;
2025-11-25;2025-11-18;INFLA;2020/2021;1085;Sjælland;75-84;Alle;70326;2492;3020;0;0;0;0,00;0,00;3543,50;0,00;
2025-11-25;2025-11-18;INFLA;2020/2021;1085;Sjælland;75-84;K;37613;1195;1432;0;0;0;0,00;0,00;3177,09;0,00;
2025-11-25;2025-11-18;INFLA;2020/2021;1085;Sjælland;75-84;M;32713;1297;1588;0;0;0;0,00;0,00;3964,78;0,00;
2025-11-25;2025-11-18;INFLA;2020/2021;1085;Sjælland;85+;Alle;19331;1246;1529;0;0;0;0,00;0,00;6445,61;0,00;
2025-11-25;2025-11-18;INFLA;2020/2021;1085;Sjælland;85+;K;12336;700;825;0;0;0;0,00;0,00;5674,45;0,00;
2025-11-25;2025-11-18;INFLA;2020/2021;1085;Sjælland;85+;M;6995;546;704;0;0;0;0,00;0,00;7805,58;0,00;
2025-11-25;2025-11-18;INFLA;2020/2021;1085;Sjælland;Alle;Alle;838001;11899;14126;2;1;0;0,00;0,24;1419,93;0,12;
2025-11-25;2025-11-18;INFLA;2020/2021;1085;Sjælland;Alle;K;420935;5891;6920;1;1;0;0,00;0,24;1399,50;0,24;
2025-11-25;2025-11-18;INFLA;2020/2021;1085;Sjælland;Alle;M;417066;6008;7206;1;0;0;0,00;0,24;1440,54;0,00;
2025-11-25;2025-11-18;INFLA;2020/2021;1083;Syddanmark;00-01;Alle;23621;507;577;0;0;0;0,00;0,00;2146,40;0,00;
2025-11-25;2025-11-18;INFLA;2020/2021;1083;Syddanmark;00-01;K;11536;202;236;0;0;0;0,00;0,00;1751,04;0,00;
2025-11-25;2025-11-18;INFLA;2020/2021;1083;Syddanmark;00-01;M;12085;305;341;0;0;0;0,00;0,00;2523,79;0,00;
2025-11-25;2025-11-18;INFLA;2020/2021;1083;Syddanmark;02-06;Alle;61989;271;330;0;0;0;0,00;0,00;437,17;0,00;
2025-11-25;2025-11-18;INFLA;2020/2021;1083;Syddanmark;02-06;K;30065;102;131;0;0;0;0,00;0,00;339,26;0,00;
2025-11-25;2025-11-18;INFLA;2020/2021;1083;Syddanmark;02-06;M;31924;169;199;0;0;0;0,00;0,00;529,38;0,00;
2025-11-25;2025-11-18;INFLA;2020/2021;1083;Syddanmark;07-14;Alle;109688;342;364;0;0;0;0,00;0,00;311,79;0,00;
2025-11-25;2025-11-18;INFLA;2020/2021;1083;Syddanmark;07-14;K;53353;162;169;0;0;0;0,00;0,00;303,64;0,00;
2025-11-25;2025-11-18;INFLA;2020/2021;1083;Syddanmark;07-14;M;56335;180;195;0;0;0;0,00;0,00;319,52;0,00;
2025-11-25;2025-11-18;INFLA;2020/2021;1083;Syddanmark;15-44;Alle;422707;3561;4024;1;1;0;0,00;0,24;842,43;0,24;
2025-11-25;2025-11-18;INFLA;2020/2021;1083;Syddanmark;15-44;K;205428;2369;2675;1;1;0;0,00;0,49;1153,20;0,49;
2025-11-25;2025-11-18;INFLA;2020/2021;1083;Syddanmark;15-44;M;217279;1192;1349;0;0;0;0,00;0,00;548,60;0,00;
2025-11-25;2025-11-18;INFLA;2020/2021;1083;Syddanmark;45-64;Alle;333935;2985;3675;1;0;0;0,00;0,30;893,89;0,00;
2025-11-25;2025-11-18;INFLA;2020/2021;1083;Syddanmark;45-64;K;166701;1393;1688;0;0;0;0,00;0,00;835,63;0,00;
2025-11-25;2025-11-18;INFLA;2020/2021;1083;Syddanmark;45-64;M;167234;1592;1987;1;0;0;0,00;0,60;951,96;0,00;
2025-11-25;2025-11-18;INFLA;2020/2021;1083;Syddanmark;65-74;Alle;143808;2416;3154;1;1;0;0,00;0,70;1680,02;0,70;
2025-11-25;2025-11-18;INFLA;2020/2021;1083;Syddanmark;65-74;K;73318;1040;1315;0;0;0;0,00;0,00;1418,48;0,00;
2025-11-25;2025-11-18;INFLA;2020/2021;1083;Syddanmark;65-74;M;70490;1376;1839;1;1;0;0,00;1,42;1952,05;1,42;
2025-11-25;2025-11-18;INFLA;2020/2021;1083;Syddanmark;75-84;Alle;96132;2613;3381;0;0;0;0,00;0,00;2718,14;0,00;
2025-11-25;2025-11-18;INFLA;2020/2021;1083;Syddanmark;75-84;K;51457;1199;1499;0;0;0;0,00;0,00;2330,10;0,00;
2025-11-25;2025-11-18;INFLA;2020/2021;1083;Syddanmark;75-84;M;44675;1414;1882;0;0;0;0,00;0,00;3165,08;0,00;
2025-11-25;2025-11-18;INFLA;2020/2021;1083;Syddanmark;85+;Alle;30683;1442;1786;0;0;0;0,00;0,00;4699,67;0,00;
2025-11-25;2025-11-18;INFLA;2020/2021;1083;Syddanmark;85+;K;19524;794;968;0;0;0;0,00;0,00;4066,79;0,00;
2025-11-25;2025-11-18;INFLA;2020/2021;1083;Syddanmark;85+;M;11159;648;818;0;0;0;0,00;0,00;5806,97;0,00;
2025-11-25;2025-11-18;INFLA;2020/2021;1083;Syddanmark;Alle;Alle;1222563;14137;17291;3;2;0;0,00;0,25;1156,34;0,16;
2025-11-25;2025-11-18;INFLA;2020/2021;1083;Syddanmark;Alle;K;611382;7261;8681;1;1;0;0,00;0,16;1187,64;0,16;
2025-11-25;2025-11-18;INFLA;2020/2021;1083;Syddanmark;Alle;M;611181;6876;8610;2;1;0;0,00;0,33;1125,03;0,16;
2025-11-25;2025-11-18;INFLA;2021/2022;9999;Alle;00-01;Alle;124111;18463;23368;626;126;0;0,03;504,39;14876,20;101,52;
2025-11-25;2025-11-18;INFLA;2021/2022;9999;Alle;00-01;K;60374;8058;10000;293;56;0;0,04;485,31;13346,80;92,76;
2025-11-25;2025-11-18;INFLA;2021/2022;9999;Alle;00-01;M;63737;10405;13156;333;70;0;0,03;522,46;16324,90;109,83;
2025-11-25;2025-11-18;INFLA;2021/2022;9999;Alle;02-06;Alle;310362;9067;10909;1217;118;1;0,13;392,12;2921,43;38,02;
2025-11-25;2025-11-18;INFLA;2021/2022;9999;Alle;02-06;K;150894;3996;4737;565;45;1;0,14;374,44;2648,22;29,82;
2025-11-25;2025-11-18;INFLA;2021/2022;9999;Alle;02-06;M;159468;5071;6056;652;73;0;0,13;408,86;3179,95;45,78;
2025-11-25;2025-11-18;INFLA;2021/2022;9999;Alle;07-14;Alle;509449;7214;8165;2132;142;1;0,30;418,49;1416,04;27,87;
2025-11-25;2025-11-18;INFLA;2021/2022;9999;Alle;07-14;K;248149;3335;3778;955;67;0;0,29;384,85;1343,95;27,00;
2025-11-25;2025-11-18;INFLA;2021/2022;9999;Alle;07-14;M;261300;3879;4325;1177;75;1;0,30;450,44;1484,50;28,70;
2025-11-25;2025-11-18;INFLA;2021/2022;9999;Alle;15-44;Alle;2184180;59723;72941;6104;660;5;0,10;279,46;2734,34;30,22;
2025-11-25;2025-11-18;INFLA;2021/2022;9999;Alle;15-44;K;1074794;36654;44171;3663;409;1;0,10;340,81;3410,33;38,05;
2025-11-25;2025-11-18;INFLA;2021/2022;9999;Alle;15-44;M;1109386;23069;27321;2441;251;4;0,11;220,03;2079,44;22,63;
2025-11-25;2025-11-18;INFLA;2021/2022;9999;Alle;45-64;Alle;1544282;45285;63058;2398;557;21;0,05;155,28;2932,43;36,07;
2025-11-25;2025-11-18;INFLA;2021/2022;9999;Alle;45-64;K;772853;22695;30702;1303;266;6;0,06;168,60;2936,52;34,42;
2025-11-25;2025-11-18;INFLA;2021/2022;9999;Alle;45-64;M;771429;22590;31390;1095;291;15;0,05;141,94;2928,33;37,72;
2025-11-25;2025-11-18;INFLA;2021/2022;9999;Alle;65-74;Alle;626297;31763;47989;1475;732;51;0,05;235,51;5071,56;116,88;
2025-11-25;2025-11-18;INFLA;2021/2022;9999;Alle;65-74;K;323366;14605;21593;709;331;23;0,05;219,26;4516,55;102,36;
2025-11-25;2025-11-18;INFLA;2021/2022;9999;Alle;65-74;M;302931;17156;26083;766;401;28;0,04;252,86;5663,34;132,37;
2025-11-25;2025-11-18;INFLA;2021/2022;9999;Alle;75-84;Alle;442063;37320;56896;1551;954;98;0,04;350,85;8442,24;215,81;
2025-11-25;2025-11-18;INFLA;2021/2022;9999;Alle;75-84;K;239124;18334;27193;802;465;47;0,04;335,39;7667,15;194,46;
2025-11-25;2025-11-18;INFLA;2021/2022;9999;Alle;75-84;M;202939;18986;29486;749;489;51;0,04;369,08;9355,52;240,96;
2025-11-25;2025-11-18;INFLA;2021/2022;9999;Alle;85+;Alle;131599;20123;29849;681;532;82;0,03;517,48;15291,15;404,26;
2025-11-25;2025-11-18;INFLA;2021/2022;9999;Alle;85+;K;83889;11747;17076;406;323;52;0,03;483,97;14003,03;385,03;
2025-11-25;2025-11-18;INFLA;2021/2022;9999;Alle;85+;M;47710;8376;12713;275;209;30;0,03;576,40;17556,07;438,06;
2025-11-25;2025-11-18;INFLA;2021/2022;9999;Alle;Alle;Alle;5872343;228958;313175;16184;3821;259;0,07;275,60;3898,92;65,07;
2025-11-25;2025-11-18;INFLA;2021/2022;9999;Alle;Alle;K;2953443;119424;159250;8696;1962;130;0,07;294,44;4043,55;66,43;
2025-11-25;2025-11-18;INFLA;2021/2022;9999;Alle;Alle;M;2918900;109532;150530;7488;1859;129;0,07;256,53;3752,51;63,69;
2025-11-25;2025-11-18;INFLA;2021/2022;1084;Hovedstaden;00-01;Alle;43508;7595;9791;264;45;0;0,03;606,78;17456,56;103,43;
2025-11-25;2025-11-18;INFLA;2021/2022;1084;Hovedstaden;00-01;K;21096;3347;4266;129;19;0;0,04;611,49;15865,57;90,06;
2025-11-25;2025-11-18;INFLA;2021/2022;1084;Hovedstaden;00-01;M;22412;4248;5525;135;26;0;0,03;602,36;18954,13;116,01;
2025-11-25;2025-11-18;INFLA;2021/2022;1084;Hovedstaden;02-06;Alle;102256;3536;4196;579;43;1;0,16;566,23;3457,99;42,05;
2025-11-25;2025-11-18;INFLA;2021/2022;1084;Hovedstaden;02-06;K;49875;1570;1872;270;16;1;0,17;541,35;3147,87;32,08;
2025-11-25;2025-11-18;INFLA;2021/2022;1084;Hovedstaden;02-06;M;52381;1966;2324;309;27;0;0,16;589,91;3753,27;51,55;
2025-11-25;2025-11-18;INFLA;2021/2022;1084;Hovedstaden;07-14;Alle;159735;3029;3341;962;62;0;0,32;602,25;1896,27;38,81;
2025-11-25;2025-11-18;INFLA;2021/2022;1084;Hovedstaden;07-14;K;77787;1398;1550;445;31;0;0,32;572,08;1797,22;39,85;
2025-11-25;2025-11-18;INFLA;2021/2022;1084;Hovedstaden;07-14;M;81948;1631;1791;517;31;0;0,32;630,89;1990,29;37,83;
2025-11-25;2025-11-18;INFLA;2021/2022;1084;Hovedstaden;15-44;Alle;767976;23822;27756;2668;216;2;0,11;347,41;3101,92;28,13;
2025-11-25;2025-11-18;INFLA;2021/2022;1084;Hovedstaden;15-44;K;386342;14557;17039;1590;135;1;0,11;411,55;3767,91;34,94;
2025-11-25;2025-11-18;INFLA;2021/2022;1084;Hovedstaden;15-44;M;381634;9265;10717;1078;81;1;0,12;282,47;2427,72;21,22;
2025-11-25;2025-11-18;INFLA;2021/2022;1084;Hovedstaden;45-64;Alle;467804;15220;20046;946;176;3;0,06;202,22;3253,50;37,62;
2025-11-25;2025-11-18;INFLA;2021/2022;1084;Hovedstaden;45-64;K;234961;7750;9974;503;77;0;0,06;214,08;3298,42;32,77;
2025-11-25;2025-11-18;INFLA;2021/2022;1084;Hovedstaden;45-64;M;232843;7470;10072;443;99;3;0,06;190,26;3208,17;42,52;
2025-11-25;2025-11-18;INFLA;2021/2022;1084;Hovedstaden;65-74;Alle;166792;9835;14416;493;212;14;0,05;295,58;5896,57;127,10;
2025-11-25;2025-11-18;INFLA;2021/2022;1084;Hovedstaden;65-74;K;88674;4769;6929;260;102;7;0,05;293,21;5378,13;115,03;
2025-11-25;2025-11-18;INFLA;2021/2022;1084;Hovedstaden;65-74;M;78118;5066;7487;233;110;7;0,05;298,27;6485,06;140,81;
2025-11-25;2025-11-18;INFLA;2021/2022;1084;Hovedstaden;75-84;Alle;122258;12081;17878;563;320;31;0,05;460,50;9881,56;261,74;
2025-11-25;2025-11-18;INFLA;2021/2022;1084;Hovedstaden;75-84;K;68561;6285;9214;309;163;13;0,05;450,69;9167,02;237,74;
2025-11-25;2025-11-18;INFLA;2021/2022;1084;Hovedstaden;75-84;M;53697;5796;8664;254;157;18;0,04;473,02;10793,90;292,38;
2025-11-25;2025-11-18;INFLA;2021/2022;1084;Hovedstaden;85+;Alle;36487;6817;10053;240;181;32;0,04;657,77;18683,37;496,07;
2025-11-25;2025-11-18;INFLA;2021/2022;1084;Hovedstaden;85+;K;24183;4290;6212;151;119;25;0,04;624,41;17739,73;492,08;
2025-11-25;2025-11-18;INFLA;2021/2022;1084;Hovedstaden;85+;M;12304;2527;3841;89;62;7;0,04;723,34;20538,04;503,90;
2025-11-25;2025-11-18;INFLA;2021/2022;1084;Hovedstaden;Alle;Alle;1866816;81935;107477;6715;1255;83;0,08;359,70;4389,02;67,23;
2025-11-25;2025-11-18;INFLA;2021/2022;1084;Hovedstaden;Alle;K;951479;43966;57056;3657;662;47;0,08;384,35;4620,81;69,58;
2025-11-25;2025-11-18;INFLA;2021/2022;1084;Hovedstaden;Alle;M;915337;37969;50421;3058;593;36;0,08;334,08;4148,09;64,78;
2025-11-25;2025-11-18;INFLA;2021/2022;1082;Midtjylland;00-01;Alle;29565;2983;3575;121;32;0;0,04;409,27;10089,63;108,24;
2025-11-25;2025-11-18;INFLA;2021/2022;1082;Midtjylland;00-01;K;14355;1249;1481;54;16;0;0,04;376,18;8700,80;111,46;
2025-11-25;2025-11-18;INFLA;2021/2022;1082;Midtjylland;00-01;M;15210;1734;2094;67;16;0;0,04;440,50;11400,39;105,19;
2025-11-25;2025-11-18;INFLA;2021/2022;1082;Midtjylland;02-06;Alle;72990;1058;1280;143;17;0;0,14;195,92;1449,51;23,29;
2025-11-25;2025-11-18;INFLA;2021/2022;1082;Midtjylland;02-06;K;35384;441;537;67;6;0;0,15;189,35;1246,33;16,96;
2025-11-25;2025-11-18;INFLA;2021/2022;1082;Midtjylland;02-06;M;37606;617;743;76;11;0;0,12;202,10;1640,70;29,25;
2025-11-25;2025-11-18;INFLA;2021/2022;1082;Midtjylland;07-14;Alle;119186;767;872;232;22;0;0,30;194,65;643,53;18,46;
2025-11-25;2025-11-18;INFLA;2021/2022;1082;Midtjylland;07-14;K;58244;357;409;98;8;0;0,27;168,26;612,94;13,74;
2025-11-25;2025-11-18;INFLA;2021/2022;1082;Midtjylland;07-14;M;60942;410;463;134;14;0;0,33;219,88;672,77;22,97;
2025-11-25;2025-11-18;INFLA;2021/2022;1082;Midtjylland;15-44;Alle;508397;7510;8953;704;133;0;0,09;138,47;1477,19;26,16;
2025-11-25;2025-11-18;INFLA;2021/2022;1082;Midtjylland;15-44;K;249047;4369;5305;443;85;0;0,10;177,88;1754,29;34,13;
2025-11-25;2025-11-18;INFLA;2021/2022;1082;Midtjylland;15-44;M;259350;3141;3648;261;48;0;0,08;100,64;1211,10;18,51;
2025-11-25;2025-11-18;INFLA;2021/2022;1082;Midtjylland;45-64;Alle;344227;6521;8343;298;113;6;0,05;86,57;1894,39;32,83;
2025-11-25;2025-11-18;INFLA;2021/2022;1082;Midtjylland;45-64;K;172112;3272;4162;167;54;1;0,05;97,03;1901,09;31,37;
2025-11-25;2025-11-18;INFLA;2021/2022;1082;Midtjylland;45-64;M;172115;3249;4181;131;59;5;0,04;76,11;1887,69;34,28;
2025-11-25;2025-11-18;INFLA;2021/2022;1082;Midtjylland;65-74;Alle;143291;5163;6811;241;155;9;0,05;168,19;3603,16;108,17;
2025-11-25;2025-11-18;INFLA;2021/2022;1082;Midtjylland;65-74;K;72964;2282;2988;103;66;3;0,05;141,17;3127,57;90,46;
2025-11-25;2025-11-18;INFLA;2021/2022;1082;Midtjylland;65-74;M;70327;2881;3823;138;89;6;0,05;196,23;4096,58;126,55;
2025-11-25;2025-11-18;INFLA;2021/2022;1082;Midtjylland;75-84;Alle;95972;6192;8189;259;186;18;0,04;269,87;6451,88;193,81;
2025-11-25;2025-11-18;INFLA;2021/2022;1082;Midtjylland;75-84;K;51165;2957;3851;122;92;9;0,04;238,44;5779,34;179,81;
2025-11-25;2025-11-18;INFLA;2021/2022;1082;Midtjylland;75-84;M;44807;3235;4338;137;94;9;0,04;305,76;7219,85;209,79;
2025-11-25;2025-11-18;INFLA;2021/2022;1082;Midtjylland;85+;Alle;29042;3580;4670;119;103;7;0,03;409,75;12326,97;354,66;
2025-11-25;2025-11-18;INFLA;2021/2022;1082;Midtjylland;85+;K;18243;1952;2462;62;57;2;0,03;339,86;10699,99;312,45;
2025-11-25;2025-11-18;INFLA;2021/2022;1082;Midtjylland;85+;M;10799;1628;2208;57;46;5;0,04;527,83;15075,47;425,97;
2025-11-25;2025-11-18;INFLA;2021/2022;1082;Midtjylland;Alle;Alle;1342670;33774;42693;2117;761;40;0,06;157,67;2515,44;56,68;
2025-11-25;2025-11-18;INFLA;2021/2022;1082;Midtjylland;Alle;K;671514;16879;21195;1116;384;15;0,07;166,19;2513,57;57,18;
2025-11-25;2025-11-18;INFLA;2021/2022;1082;Midtjylland;Alle;M;671156;16895;21498;1001;377;25;0,06;149,15;2517,30;56,17;
2025-11-25;2025-11-18;INFLA;2021/2022;1081;Nordjylland;00-01;Alle;11656;1467;1861;28;9;0;0,02;240,22;12585,79;77,21;
2025-11-25;2025-11-18;INFLA;2021/2022;1081;Nordjylland;00-01;K;5695;666;829;14;3;0;0,02;245,83;11694,47;52,68;
2025-11-25;2025-11-18;INFLA;2021/2022;1081;Nordjylland;00-01;M;5961;801;1032;14;6;0;0,02;234,86;13437,34;100,65;
2025-11-25;2025-11-18;INFLA;2021/2022;1081;Nordjylland;02-06;Alle;29894;628;785;51;10;0;0,08;170,60;2100,76;33,45;
2025-11-25;2025-11-18;INFLA;2021/2022;1081;Nordjylland;02-06;K;14539;301;355;22;3;0;0,07;151,32;2070,29;20,63;
2025-11-25;2025-11-18;INFLA;2021/2022;1081;Nordjylland;02-06;M;15355;327;430;29;7;0;0,09;188,86;2129,60;45,59;
2025-11-25;2025-11-18;INFLA;2021/2022;1081;Nordjylland;07-14;Alle;49403;315;365;80;8;0;0,25;161,93;637,61;16,19;
2025-11-25;2025-11-18;INFLA;2021/2022;1081;Nordjylland;07-14;K;24032;146;175;34;4;0;0,23;141,48;607,52;16,64;
2025-11-25;2025-11-18;INFLA;2021/2022;1081;Nordjylland;07-14;M;25371;169;190;46;4;0;0,27;181,31;666,11;15,77;
2025-11-25;2025-11-18;INFLA;2021/2022;1081;Nordjylland;15-44;Alle;211502;3268;3661;260;44;1;0,08;122,93;1545,14;20,80;
2025-11-25;2025-11-18;INFLA;2021/2022;1081;Nordjylland;15-44;K;101170;2179;2440;154;27;0;0,07;152,22;2153,80;26,69;
2025-11-25;2025-11-18;INFLA;2021/2022;1081;Nordjylland;15-44;M;110332;1089;1221;106;17;1;0,10;96,07;987,02;15,41;
2025-11-25;2025-11-18;INFLA;2021/2022;1081;Nordjylland;45-64;Alle;155688;2421;2964;132;59;0;0,05;84,78;1555,03;37,90;
2025-11-25;2025-11-18;INFLA;2021/2022;1081;Nordjylland;45-64;K;77302;1248;1505;65;25;0;0,05;84,09;1614,45;32,34;
2025-11-25;2025-11-18;INFLA;2021/2022;1081;Nordjylland;45-64;M;78386;1173;1459;67;34;0;0,06;85,47;1496,44;43,38;
2025-11-25;2025-11-18;INFLA;2021/2022;1081;Nordjylland;65-74;Alle;69745;1981;2549;123;86;5;0,06;176,36;2840,35;123,31;
2025-11-25;2025-11-18;INFLA;2021/2022;1081;Nordjylland;65-74;K;35329;873;1110;60;39;1;0,07;169,83;2471,06;110,39;
2025-11-25;2025-11-18;INFLA;2021/2022;1081;Nordjylland;65-74;M;34416;1108;1439;63;47;4;0,06;183,05;3219,43;136,56;
2025-11-25;2025-11-18;INFLA;2021/2022;1081;Nordjylland;75-84;Alle;48451;2366;3089;105;75;10;0,04;216,71;4883,28;154,80;
2025-11-25;2025-11-18;INFLA;2021/2022;1081;Nordjylland;75-84;K;25675;1110;1435;55;38;2;0,05;214,22;4323,27;148,00;
2025-11-25;2025-11-18;INFLA;2021/2022;1081;Nordjylland;75-84;M;22776;1256;1654;50;37;8;0,04;219,53;5514,58;162,45;
2025-11-25;2025-11-18;INFLA;2021/2022;1081;Nordjylland;85+;Alle;14960;1344;1679;46;41;7;0,03;307,49;8983,96;274,06;
2025-11-25;2025-11-18;INFLA;2021/2022;1081;Nordjylland;85+;K;9233;705;868;29;25;3;0,04;314,09;7635,65;270,77;
2025-11-25;2025-11-18;INFLA;2021/2022;1081;Nordjylland;85+;M;5727;639;811;17;16;4;0,03;296,84;11157,67;279,38;
2025-11-25;2025-11-18;INFLA;2021/2022;1081;Nordjylland;Alle;Alle;591299;13790;16953;825;332;23;0,06;139,52;2332,15;56,15;
2025-11-25;2025-11-18;INFLA;2021/2022;1081;Nordjylland;Alle;K;292975;7228;8717;433;164;6;0,06;147,79;2467,10;55,98;
2025-11-25;2025-11-18;INFLA;2021/2022;1081;Nordjylland;Alle;M;298324;6562;8236;392;168;17;0,06;131,40;2199,62;56,31;
2025-11-25;2025-11-18;INFLA;2021/2022;1085;Sjælland;00-01;Alle;15394;2964;3850;82;17;0;0,03;532,68;19254,25;110,43;
2025-11-25;2025-11-18;INFLA;2021/2022;1085;Sjælland;00-01;K;7480;1311;1675;36;9;0;0,03;481,28;17526,74;120,32;
2025-11-25;2025-11-18;INFLA;2021/2022;1085;Sjælland;00-01;M;7914;1653;2175;46;8;0;0,03;581,25;20887,04;101,09;
2025-11-25;2025-11-18;INFLA;2021/2022;1085;Sjælland;02-06;Alle;42454;1754;2154;203;30;0;0,12;478,16;4131,53;70,66;
2025-11-25;2025-11-18;INFLA;2021/2022;1085;Sjælland;02-06;K;20609;775;938;94;15;0;0,12;456,11;3760,49;72,78;
2025-11-25;2025-11-18;INFLA;2021/2022;1085;Sjælland;02-06;M;21845;979;1216;109;15;0;0,11;498,97;4481,57;68,67;
2025-11-25;2025-11-18;INFLA;2021/2022;1085;Sjælland;07-14;Alle;73040;1208;1468;295;22;0;0,24;403,89;1653,89;30,12;
2025-11-25;2025-11-18;INFLA;2021/2022;1085;Sjælland;07-14;K;35497;559;702;129;10;0;0,23;363,41;1574,78;28,17;
2025-11-25;2025-11-18;INFLA;2021/2022;1085;Sjælland;07-14;M;37543;649;766;166;12;0;0,26;442,16;1728,68;31,96;
2025-11-25;2025-11-18;INFLA;2021/2022;1085;Sjælland;15-44;Alle;270351;11178;16273;915;130;0;0,08;338,45;4134,62;48,09;
2025-11-25;2025-11-18;INFLA;2021/2022;1085;Sjælland;15-44;K;131478;7011;9969;539;75;0;0,08;409,95;5332,45;57,04;
2025-11-25;2025-11-18;INFLA;2021/2022;1085;Sjælland;15-44;M;138873;4167;6304;376;55;0;0,09;270,75;3000,58;39,60;
2025-11-25;2025-11-18;INFLA;2021/2022;1085;Sjælland;45-64;Alle;243444;10779;18237;388;92;5;0,04;159,38;4427,71;37,79;
2025-11-25;2025-11-18;INFLA;2021/2022;1085;Sjælland;45-64;K;122273;5323;8719;215;48;2;0,04;175,84;4353,37;39,26;
2025-11-25;2025-11-18;INFLA;2021/2022;1085;Sjælland;45-64;M;121171;5456;9518;173;44;3;0,03;142,77;4502,73;36,31;
2025-11-25;2025-11-18;INFLA;2021/2022;1085;Sjælland;65-74;Alle;103715;7968;14899;256;133;10;0,03;246,83;7682,59;128,24;
2025-11-25;2025-11-18;INFLA;2021/2022;1085;Sjælland;65-74;K;53502;3635;6637;127;63;6;0,03;237,37;6794,14;117,75;
2025-11-25;2025-11-18;INFLA;2021/2022;1085;Sjælland;65-74;M;50213;4333;8262;129;70;4;0,03;256,91;8629,24;139,41;
2025-11-25;2025-11-18;INFLA;2021/2022;1085;Sjælland;75-84;Alle;74696;9226;17364;266;180;15;0,03;356,11;12351,40;240,98;
2025-11-25;2025-11-18;INFLA;2021/2022;1085;Sjælland;75-84;K;39954;4497;8082;131;83;6;0,03;327,88;11255,44;207,74;
2025-11-25;2025-11-18;INFLA;2021/2022;1085;Sjælland;75-84;M;34742;4729;9282;135;97;9;0,03;388,58;13611,77;279,20;
2025-11-25;2025-11-18;INFLA;2021/2022;1085;Sjælland;85+;Alle;19975;4538;8284;123;94;15;0,03;615,77;22718,40;470,59;
2025-11-25;2025-11-18;INFLA;2021/2022;1085;Sjælland;85+;K;12613;2673;4774;73;56;7;0,03;578,77;21192,42;443,99;
2025-11-25;2025-11-18;INFLA;2021/2022;1085;Sjælland;85+;M;7362;1865;3510;50;38;8;0,03;679,16;25332,79;516,16;
2025-11-25;2025-11-18;INFLA;2021/2022;1085;Sjælland;Alle;Alle;843069;49615;82529;2528;698;45;0,05;299,86;5885,05;82,79;
2025-11-25;2025-11-18;INFLA;2021/2022;1085;Sjælland;Alle;K;423406;25784;41496;1344;359;21;0,05;317,43;6089,66;84,79;
2025-11-25;2025-11-18;INFLA;2021/2022;1085;Sjælland;Alle;M;419663;23831;41033;1184;339;24;0,05;282,13;5678,60;80,78;
2025-11-25;2025-11-18;INFLA;2021/2022;1083;Syddanmark;00-01;Alle;23988;3235;4051;126;23;0;0,04;525,26;13485,91;95,88;
2025-11-25;2025-11-18;INFLA;2021/2022;1083;Syddanmark;00-01;K;11748;1397;1736;57;9;0;0,04;485,19;11891,39;76,61;
2025-11-25;2025-11-18;INFLA;2021/2022;1083;Syddanmark;00-01;M;12240;1838;2315;69;14;0;0,04;563,73;15016,34;114,38;
2025-11-25;2025-11-18;INFLA;2021/2022;1083;Syddanmark;02-06;Alle;62768;1979;2368;226;18;0;0,11;360,06;3152,88;28,68;
2025-11-25;2025-11-18;INFLA;2021/2022;1083;Syddanmark;02-06;K;30487;863;1032;107;5;0;0,12;350,97;2830,71;16,40;
2025-11-25;2025-11-18;INFLA;2021/2022;1083;Syddanmark;02-06;M;32281;1116;1336;119;13;0;0,11;368,64;3457,14;40,27;
2025-11-25;2025-11-18;INFLA;2021/2022;1083;Syddanmark;07-14;Alle;108085;1820;2042;552;27;1;0,30;510,71;1683,86;24,98;
2025-11-25;2025-11-18;INFLA;2021/2022;1083;Syddanmark;07-14;K;52589;839;933;241;13;0;0,29;458,27;1595,39;24,72;
2025-11-25;2025-11-18;INFLA;2021/2022;1083;Syddanmark;07-14;M;55496;981;1109;311;14;1;0,32;560,40;1767,69;25,23;
2025-11-25;2025-11-18;INFLA;2021/2022;1083;Syddanmark;15-44;Alle;425954;12502;14692;1504;133;2;0,12;353,09;2935,06;31,22;
2025-11-25;2025-11-18;INFLA;2021/2022;1083;Syddanmark;15-44;K;206757;7940;9380;908;85;0;0,11;439,16;3840,26;41,11;
2025-11-25;2025-11-18;INFLA;2021/2022;1083;Syddanmark;15-44;M;219197;4562;5312;596;48;2;0,13;271,90;2081,23;21,90;
2025-11-25;2025-11-18;INFLA;2021/2022;1083;Syddanmark;45-64;Alle;333119;9467;12406;615;116;7;0,06;184,62;2841,93;34,82;
2025-11-25;2025-11-18;INFLA;2021/2022;1083;Syddanmark;45-64;K;166205;4826;6320;341;61;3;0,07;205,17;2903,64;36,70;
2025-11-25;2025-11-18;INFLA;2021/2022;1083;Syddanmark;45-64;M;166914;4641;6086;274;55;4;0,06;164,16;2780,47;32,95;
2025-11-25;2025-11-18;INFLA;2021/2022;1083;Syddanmark;65-74;Alle;142754;6537;8986;352;146;13;0,05;246,58;4579,21;102,27;
2025-11-25;2025-11-18;INFLA;2021/2022;1083;Syddanmark;65-74;K;72897;2938;3926;155;61;6;0,05;212,63;4030,34;83,68;
2025-11-25;2025-11-18;INFLA;2021/2022;1083;Syddanmark;65-74;M;69857;3599;5060;197;85;7;0,05;282,00;5151,95;121,68;
2025-11-25;2025-11-18;INFLA;2021/2022;1083;Syddanmark;75-84;Alle;100686;7267;10147;356;193;24;0,05;353,57;7217,49;191,69;
2025-11-25;2025-11-18;INFLA;2021/2022;1083;Syddanmark;75-84;K;53769;3409;4605;184;89;17;0,05;342,20;6340,08;165,52;
2025-11-25;2025-11-18;INFLA;2021/2022;1083;Syddanmark;75-84;M;46917;3858;5542;172;104;7;0,04;366,60;8223,03;221,67;
2025-11-25;2025-11-18;INFLA;2021/2022;1083;Syddanmark;85+;Alle;31135;3789;5098;152;113;21;0,04;488,20;12169,58;362,94;
2025-11-25;2025-11-18;INFLA;2021/2022;1083;Syddanmark;85+;K;19617;2096;2756;91;66;15;0,04;463,88;10684,61;336,44;
2025-11-25;2025-11-18;INFLA;2021/2022;1083;Syddanmark;85+;M;11518;1693;2342;61;47;6;0,04;529,61;14698,73;408,06;
2025-11-25;2025-11-18;INFLA;2021/2022;1083;Syddanmark;Alle;Alle;1228489;46596;59790;3883;769;68;0,08;316,08;3792,95;62,60;
2025-11-25;2025-11-18;INFLA;2021/2022;1083;Syddanmark;Alle;K;614069;24308;30688;2084;389;41;0,09;339,38;3958,51;63,35;
2025-11-25;2025-11-18;INFLA;2021/2022;1083;Syddanmark;Alle;M;614420;22288;29102;1799;380;27;0,08;292,80;3627,49;61,85;
2025-11-25;2025-11-18;INFLA;2022/2023;9999;Alle;00-01;Alle;121595;18260;23363;542;127;1;0,03;445,74;15017,06;104,45;
2025-11-25;2025-11-18;INFLA;2022/2023;9999;Alle;00-01;K;59123;8018;9902;252;59;1;0,03;426,23;13561,56;99,79;
2025-11-25;2025-11-18;INFLA;2022/2023;9999;Alle;00-01;M;62472;10242;13237;290;68;0;0,03;464,21;16394,54;108,85;
2025-11-25;2025-11-18;INFLA;2022/2023;9999;Alle;02-06;Alle;314420;10374;12401;899;137;0;0,09;285,92;3299,41;43,57;
2025-11-25;2025-11-18;INFLA;2022/2023;9999;Alle;02-06;K;152833;4750;5642;429;61;0;0,09;280,70;3107,97;39,91;
2025-11-25;2025-11-18;INFLA;2022/2023;9999;Alle;02-06;M;161587;5624;6684;470;76;0;0,08;290,86;3480,48;47,03;
2025-11-25;2025-11-18;INFLA;2022/2023;9999;Alle;07-14;Alle;507970;8924;9843;700;70;0;0,08;137,80;1756,80;13,78;
2025-11-25;2025-11-18;INFLA;2022/2023;9999;Alle;07-14;K;247470;4173;4548;320;37;0;0,08;129,31;1686,27;14,95;
2025-11-25;2025-11-18;INFLA;2022/2023;9999;Alle;07-14;M;260500;4751;5225;380;33;0;0,08;145,87;1823,80;12,67;
2025-11-25;2025-11-18;INFLA;2022/2023;9999;Alle;15-44;Alle;2216125;48299;55280;2781;344;4;0,06;125,49;2179,43;15,52;
2025-11-25;2025-11-18;INFLA;2022/2023;9999;Alle;15-44;K;1092059;28366;31860;1643;209;0;0,06;150,45;2597,48;19,14;
2025-11-25;2025-11-18;INFLA;2022/2023;9999;Alle;15-44;M;1124066;19933;22405;1138;135;4;0,06;101,24;1773,29;12,01;
2025-11-25;2025-11-18;INFLA;2022/2023;9999;Alle;45-64;Alle;1548906;45384;59415;2673;748;29;0,06;172,57;2930,07;48,29;
2025-11-25;2025-11-18;INFLA;2022/2023;9999;Alle;45-64;K;776569;23670;30094;1445;355;9;0,06;186,07;3048,02;45,71;
2025-11-25;2025-11-18;INFLA;2022/2023;9999;Alle;45-64;M;772337;21713;28548;1228;393;20;0,06;159,00;2811,34;50,88;
2025-11-25;2025-11-18;INFLA;2022/2023;9999;Alle;65-74;Alle;623327;33229;47029;1096;600;41;0,03;175,83;5330,91;96,26;
2025-11-25;2025-11-18;INFLA;2022/2023;9999;Alle;65-74;K;321987;15909;21954;536;275;15;0,03;166,47;4940,88;85,41;
2025-11-25;2025-11-18;INFLA;2022/2023;9999;Alle;65-74;M;301340;17320;24721;560;325;26;0,03;185,84;5747,66;107,85;
2025-11-25;2025-11-18;INFLA;2022/2023;9999;Alle;75-84;Alle;458406;42089;61078;1262;859;91;0,03;275,30;9181,60;187,39;
2025-11-25;2025-11-18;INFLA;2022/2023;9999;Alle;75-84;K;247758;20271;28645;637;413;46;0,03;257,11;8181,77;166,69;
2025-11-25;2025-11-18;INFLA;2022/2023;9999;Alle;75-84;M;210648;21818;32162;625;446;45;0,03;296,70;10357,56;211,73;
2025-11-25;2025-11-18;INFLA;2022/2023;9999;Alle;85+;Alle;136230;22405;32113;448;330;70;0,02;328,86;16446,45;242,24;
2025-11-25;2025-11-18;INFLA;2022/2023;9999;Alle;85+;K;86190;12899;18060;259;186;43;0,02;300,50;14965,77;215,80;
2025-11-25;2025-11-18;INFLA;2022/2023;9999;Alle;85+;M;50040;9506;13986;189;144;27;0,02;377,70;18996,80;287,77;
2025-11-25;2025-11-18;INFLA;2022/2023;9999;Alle;Alle;Alle;5926979;228964;300522;10401;3215;236;0,05;175,49;3863,08;54,24;
2025-11-25;2025-11-18;INFLA;2022/2023;9999;Alle;Alle;K;2983989;118056;150705;5521;1595;114;0,05;185,02;3956,31;53,45;
2025-11-25;2025-11-18;INFLA;2022/2023;9999;Alle;Alle;M;2942990;110907;146968;4880;1620;122;0,04;165,82;3768,51;55,05;
2025-11-25;2025-11-18;INFLA;2022/2023;1084;Hovedstaden;00-01;Alle;42291;8100;10627;245;50;1;0,03;579,32;19153,01;118,23;
2025-11-25;2025-11-18;INFLA;2022/2023;1084;Hovedstaden;00-01;K;20610;3635;4673;125;26;1;0,03;606,50;17637,07;126,15;
2025-11-25;2025-11-18;INFLA;2022/2023;1084;Hovedstaden;00-01;M;21681;4465;5954;120;24;0;0,03;553,48;20594,07;110,70;
2025-11-25;2025-11-18;INFLA;2022/2023;1084;Hovedstaden;02-06;Alle;103676;4748;5611;468;54;0;0,10;451,41;4579,65;52,09;
2025-11-25;2025-11-18;INFLA;2022/2023;1084;Hovedstaden;02-06;K;50475;2215;2622;235;26;0;0,11;465,58;4388,31;51,51;
2025-11-25;2025-11-18;INFLA;2022/2023;1084;Hovedstaden;02-06;M;53201;2533;2989;233;28;0;0,09;437,96;4761,19;52,63;
2025-11-25;2025-11-18;INFLA;2022/2023;1084;Hovedstaden;07-14;Alle;159556;4215;4631;360;37;0;0,09;225,63;2641,71;23,19;
2025-11-25;2025-11-18;INFLA;2022/2023;1084;Hovedstaden;07-14;K;77820;1945;2135;163;21;0;0,08;209,46;2499,36;26,99;
2025-11-25;2025-11-18;INFLA;2022/2023;1084;Hovedstaden;07-14;M;81736;2270;2496;197;16;0;0,09;241,02;2777,23;19,58;
2025-11-25;2025-11-18;INFLA;2022/2023;1084;Hovedstaden;15-44;Alle;783970;21630;24432;1401;137;0;0,06;178,71;2759,03;17,48;
2025-11-25;2025-11-18;INFLA;2022/2023;1084;Hovedstaden;15-44;K;394216;12839;14469;851;82;0;0,07;215,87;3256,84;20,80;
2025-11-25;2025-11-18;INFLA;2022/2023;1084;Hovedstaden;15-44;M;389754;8791;9963;550;55;0;0,06;141,11;2255,53;14,11;
2025-11-25;2025-11-18;INFLA;2022/2023;1084;Hovedstaden;45-64;Alle;471922;16739;21520;1130;227;10;0,07;239,45;3546,98;48,10;
2025-11-25;2025-11-18;INFLA;2022/2023;1084;Hovedstaden;45-64;K;237650;9021;11355;627;107;2;0,07;263,83;3795,92;45,02;
2025-11-25;2025-11-18;INFLA;2022/2023;1084;Hovedstaden;45-64;M;234272;7718;10165;503;120;8;0,07;214,71;3294,46;51,22;
2025-11-25;2025-11-18;INFLA;2022/2023;1084;Hovedstaden;65-74;Alle;165865;10751;15291;421;186;13;0,04;253,82;6481,78;112,14;
2025-11-25;2025-11-18;INFLA;2022/2023;1084;Hovedstaden;65-74;K;87945;5419;7597;217;91;7;0,04;246,75;6161,81;103,47;
2025-11-25;2025-11-18;INFLA;2022/2023;1084;Hovedstaden;65-74;M;77920;5332;7694;204;95;6;0,04;261,81;6842,92;121,92;
2025-11-25;2025-11-18;INFLA;2022/2023;1084;Hovedstaden;75-84;Alle;126648;13655;20360;501;318;36;0,04;395,58;10781,85;251,09;
2025-11-25;2025-11-18;INFLA;2022/2023;1084;Hovedstaden;75-84;K;70910;6981;10198;266;159;17;0,04;375,12;9844,87;224,23;
2025-11-25;2025-11-18;INFLA;2022/2023;1084;Hovedstaden;75-84;M;55738;6674;10162;235;159;19;0,04;421,62;11973,88;285,26;
2025-11-25;2025-11-18;INFLA;2022/2023;1084;Hovedstaden;85+;Alle;37595;7565;11304;189;132;26;0,02;502,73;20122,36;351,11;
2025-11-25;2025-11-18;INFLA;2022/2023;1084;Hovedstaden;85+;K;24698;4653;6814;125;85;19;0,03;506,11;18839,58;344,16;
2025-11-25;2025-11-18;INFLA;2022/2023;1084;Hovedstaden;85+;M;12897;2912;4490;64;47;7;0,02;496,24;22578,89;364,43;
2025-11-25;2025-11-18;INFLA;2022/2023;1084;Hovedstaden;Alle;Alle;1891523;87403;113776;4715;1141;86;0,05;249,27;4620,77;60,32;
2025-11-25;2025-11-18;INFLA;2022/2023;1084;Hovedstaden;Alle;K;964324;46708;59863;2609;597;46;0,06;270,55;4843,60;61,91;
2025-11-25;2025-11-18;INFLA;2022/2023;1084;Hovedstaden;Alle;M;927199;40695;53913;2106;544;40;0,05;227,14;4389,03;58,67;
2025-11-25;2025-11-18;INFLA;2022/2023;1082;Midtjylland;00-01;Alle;29181;3145;3837;76;15;0;0,02;260,44;10777,56;51,40;
2025-11-25;2025-11-18;INFLA;2022/2023;1082;Midtjylland;00-01;K;14173;1361;1608;37;7;0;0,03;261,06;9602,77;49,39;
2025-11-25;2025-11-18;INFLA;2022/2023;1082;Midtjylland;00-01;M;15008;1784;2229;39;8;0;0,02;259,86;11886,99;53,30;
2025-11-25;2025-11-18;INFLA;2022/2023;1082;Midtjylland;02-06;Alle;74447;1362;1677;100;22;0;0,07;134,32;1829,49;29,55;
2025-11-25;2025-11-18;INFLA;2022/2023;1082;Midtjylland;02-06;K;36122;611;771;51;6;0;0,08;141,19;1691,49;16,61;
2025-11-25;2025-11-18;INFLA;2022/2023;1082;Midtjylland;02-06;M;38325;751;906;49;16;0;0,07;127,85;1959,56;41,75;
2025-11-25;2025-11-18;INFLA;2022/2023;1082;Midtjylland;07-14;Alle;119041;950;1072;62;7;0;0,07;52,08;798,04;5,88;
2025-11-25;2025-11-18;INFLA;2022/2023;1082;Midtjylland;07-14;K;58070;450;510;30;3;0;0,07;51,66;774,93;5,17;
2025-11-25;2025-11-18;INFLA;2022/2023;1082;Midtjylland;07-14;M;60971;500;562;32;4;0;0,06;52,48;820,06;6,56;
2025-11-25;2025-11-18;INFLA;2022/2023;1082;Midtjylland;15-44;Alle;515853;5863;6620;271;71;1;0,05;52,53;1136,56;13,76;
2025-11-25;2025-11-18;INFLA;2022/2023;1082;Midtjylland;15-44;K;253693;3470;3893;161;44;0;0,05;63,46;1367,79;17,34;
2025-11-25;2025-11-18;INFLA;2022/2023;1082;Midtjylland;15-44;M;262160;2393;2727;110;27;1;0,05;41,96;912,80;10,30;
2025-11-25;2025-11-18;INFLA;2022/2023;1082;Midtjylland;45-64;Alle;345690;6394;8108;339;164;4;0,05;98,06;1849,63;47,44;
2025-11-25;2025-11-18;INFLA;2022/2023;1082;Midtjylland;45-64;K;173194;3191;3930;170;69;1;0,05;98,16;1842,44;39,84;
2025-11-25;2025-11-18;INFLA;2022/2023;1082;Midtjylland;45-64;M;172496;3203;4178;169;95;3;0,05;97,97;1856,85;55,07;
2025-11-25;2025-11-18;INFLA;2022/2023;1082;Midtjylland;65-74;Alle;142852;5534;7372;190;145;10;0,03;133,00;3873,94;101,50;
2025-11-25;2025-11-18;INFLA;2022/2023;1082;Midtjylland;65-74;K;72914;2542;3318;93;71;2;0,04;127,55;3486,30;97,37;
2025-11-25;2025-11-18;INFLA;2022/2023;1082;Midtjylland;65-74;M;69938;2992;4054;97;74;8;0,03;138,69;4278,07;105,81;
2025-11-25;2025-11-18;INFLA;2022/2023;1082;Midtjylland;75-84;Alle;99956;7213;9641;190;152;10;0,03;190,08;7216,18;152,07;
2025-11-25;2025-11-18;INFLA;2022/2023;1082;Midtjylland;75-84;K;53126;3321;4329;89;68;5;0,03;167,53;6251,18;128,00;
2025-11-25;2025-11-18;INFLA;2022/2023;1082;Midtjylland;75-84;M;46830;3892;5312;101;84;5;0,03;215,67;8310,91;179,37;
2025-11-25;2025-11-18;INFLA;2022/2023;1082;Midtjylland;85+;Alle;30254;3943;5143;70;62;10;0,02;231,37;13032,99;204,93;
2025-11-25;2025-11-18;INFLA;2022/2023;1082;Midtjylland;85+;K;18886;2140;2722;34;29;5;0,02;180,03;11331,14;153,55;
2025-11-25;2025-11-18;INFLA;2022/2023;1082;Midtjylland;85+;M;11368;1803;2421;36;33;5;0,02;316,68;15860,31;290,29;
2025-11-25;2025-11-18;INFLA;2022/2023;1082;Midtjylland;Alle;Alle;1357274;34404;43470;1298;638;35;0,04;95,63;2534,79;47,01;
2025-11-25;2025-11-18;INFLA;2022/2023;1082;Midtjylland;Alle;K;680178;17086;21081;665;297;13;0,04;97,77;2511,99;43,67;
2025-11-25;2025-11-18;INFLA;2022/2023;1082;Midtjylland;Alle;M;677096;17318;22389;633;341;22;0,04;93,49;2557,69;50,36;
2025-11-25;2025-11-18;INFLA;2022/2023;1081;Nordjylland;00-01;Alle;11487;1713;2240;57;21;0;0,03;496,21;14912,51;182,82;
2025-11-25;2025-11-18;INFLA;2022/2023;1081;Nordjylland;00-01;K;5572;735;922;21;6;0;0,03;376,88;13190,95;107,68;
2025-11-25;2025-11-18;INFLA;2022/2023;1081;Nordjylland;00-01;M;5915;978;1318;36;15;0;0,04;608,62;16534,23;253,59;
2025-11-25;2025-11-18;INFLA;2022/2023;1081;Nordjylland;02-06;Alle;30107;852;1047;84;15;0;0,10;279,00;2829,91;49,82;
2025-11-25;2025-11-18;INFLA;2022/2023;1081;Nordjylland;02-06;K;14602;369;435;34;8;0;0,09;232,84;2527,05;54,79;
2025-11-25;2025-11-18;INFLA;2022/2023;1081;Nordjylland;02-06;M;15505;483;612;50;7;0;0,10;322,48;3115,12;45,15;
2025-11-25;2025-11-18;INFLA;2022/2023;1081;Nordjylland;07-14;Alle;49272;625;687;45;6;0;0,07;91,33;1268,47;12,18;
2025-11-25;2025-11-18;INFLA;2022/2023;1081;Nordjylland;07-14;K;24001;301;330;18;4;0;0,06;75,00;1254,11;16,67;
2025-11-25;2025-11-18;INFLA;2022/2023;1081;Nordjylland;07-14;M;25271;324;357;27;2;0;0,08;106,84;1282,10;7,91;
2025-11-25;2025-11-18;INFLA;2022/2023;1081;Nordjylland;15-44;Alle;212643;3271;3769;170;39;0;0,05;79,95;1538,26;18,34;
2025-11-25;2025-11-18;INFLA;2022/2023;1081;Nordjylland;15-44;K;101899;1873;2141;97;23;0;0,05;95,19;1838,09;22,57;
2025-11-25;2025-11-18;INFLA;2022/2023;1081;Nordjylland;15-44;M;110744;1398;1628;73;16;0;0,05;65,92;1262,37;14,45;
2025-11-25;2025-11-18;INFLA;2022/2023;1081;Nordjylland;45-64;Alle;155180;3633;4650;199;87;3;0,05;128,24;2341,15;56,06;
2025-11-25;2025-11-18;INFLA;2022/2023;1081;Nordjylland;45-64;K;77199;1831;2304;105;48;1;0,06;136,01;2371,79;62,18;
2025-11-25;2025-11-18;INFLA;2022/2023;1081;Nordjylland;45-64;M;77981;1802;2346;94;39;2;0,05;120,54;2310,82;50,01;
2025-11-25;2025-11-18;INFLA;2022/2023;1081;Nordjylland;65-74;Alle;69489;3072;4232;81;52;1;0,03;116,57;4420,84;74,83;
2025-11-25;2025-11-18;INFLA;2022/2023;1081;Nordjylland;65-74;K;35266;1402;1871;30;15;1;0,02;85,07;3975,50;42,53;
2025-11-25;2025-11-18;INFLA;2022/2023;1081;Nordjylland;65-74;M;34223;1670;2361;51;37;0;0,03;149,02;4879,76;108,11;
2025-11-25;2025-11-18;INFLA;2022/2023;1081;Nordjylland;75-84;Alle;50166;4180;5810;107;85;8;0,03;213,29;8332,34;169,44;
2025-11-25;2025-11-18;INFLA;2022/2023;1081;Nordjylland;75-84;K;26544;1903;2591;43;33;2;0,02;162,00;7169,23;124,32;
2025-11-25;2025-11-18;INFLA;2022/2023;1081;Nordjylland;75-84;M;23622;2277;3219;64;52;6;0,03;270,93;9639,32;220,13;
2025-11-25;2025-11-18;INFLA;2022/2023;1081;Nordjylland;85+;Alle;15352;2319;3107;58;42;15;0,03;377,80;15105,52;273,58;
2025-11-25;2025-11-18;INFLA;2022/2023;1081;Nordjylland;85+;K;9400;1261;1641;27;19;8;0,02;287,23;13414,89;202,13;
2025-11-25;2025-11-18;INFLA;2022/2023;1081;Nordjylland;85+;M;5952;1058;1466;31;23;7;0,03;520,83;17775,54;386,42;
2025-11-25;2025-11-18;INFLA;2022/2023;1081;Nordjylland;Alle;Alle;593696;19665;25542;801;347;27;0,04;134,92;3312,30;58,45;
2025-11-25;2025-11-18;INFLA;2022/2023;1081;Nordjylland;Alle;K;294483;9675;12235;375;156;12;0,04;127,34;3285,42;52,97;
2025-11-25;2025-11-18;INFLA;2022/2023;1081;Nordjylland;Alle;M;299213;9990;13307;426;191;15;0,04;142,37;3338,76;63,83;
2025-11-25;2025-11-18;INFLA;2022/2023;1085;Sjælland;00-01;Alle;15035;2966;3831;89;24;0;0,03;591,95;19727,30;159,63;
2025-11-25;2025-11-18;INFLA;2022/2023;1085;Sjælland;00-01;K;7287;1319;1661;34;10;0;0,03;466,58;18100,73;137,23;
2025-11-25;2025-11-18;INFLA;2022/2023;1085;Sjælland;00-01;M;7748;1647;2170;55;14;0;0,03;709,86;21257,10;180,69;
2025-11-25;2025-11-18;INFLA;2022/2023;1085;Sjælland;02-06;Alle;42830;1964;2397;142;23;0;0,07;331,54;4585,57;53,70;
2025-11-25;2025-11-18;INFLA;2022/2023;1085;Sjælland;02-06;K;20839;892;1089;66;11;0;0,07;316,71;4280,44;52,79;
2025-11-25;2025-11-18;INFLA;2022/2023;1085;Sjælland;02-06;M;21991;1072;1308;76;12;0;0,07;345,60;4874,72;54,57;
2025-11-25;2025-11-18;INFLA;2022/2023;1085;Sjælland;07-14;Alle;72571;1584;1749;119;10;0;0,08;163,98;2182,69;13,78;
2025-11-25;2025-11-18;INFLA;2022/2023;1085;Sjælland;07-14;K;35205;742;816;56;7;0;0,08;159,07;2107,66;19,88;
2025-11-25;2025-11-18;INFLA;2022/2023;1085;Sjælland;07-14;M;37366;842;933;63;3;0;0,07;168,60;2253,39;8,03;
2025-11-25;2025-11-18;INFLA;2022/2023;1085;Sjælland;15-44;Alle;273710;8488;10172;385;33;0;0,05;140,66;3101,09;12,06;
2025-11-25;2025-11-18;INFLA;2022/2023;1085;Sjælland;15-44;K;133257;5063;5976;231;22;0;0,05;173,35;3799,43;16,51;
2025-11-25;2025-11-18;INFLA;2022/2023;1085;Sjælland;15-44;M;140453;3425;4196;154;11;0;0,04;109,65;2438,54;7,83;
2025-11-25;2025-11-18;INFLA;2022/2023;1085;Sjælland;45-64;Alle;243060;9453;13546;419;108;5;0,04;172,39;3889,16;44,43;
2025-11-25;2025-11-18;INFLA;2022/2023;1085;Sjælland;45-64;K;122093;4902;6842;232;58;2;0,05;190,02;4014,97;47,50;
2025-11-25;2025-11-18;INFLA;2022/2023;1085;Sjælland;45-64;M;120967;4551;6704;187;50;3;0,04;154,59;3762,18;41,33;
2025-11-25;2025-11-18;INFLA;2022/2023;1085;Sjælland;65-74;Alle;102728;7338;11360;150;75;9;0,02;146,02;7143,14;73,01;
2025-11-25;2025-11-18;INFLA;2022/2023;1085;Sjælland;65-74;K;53087;3483;5279;77;34;4;0,02;145,04;6560,93;64,05;
2025-11-25;2025-11-18;INFLA;2022/2023;1085;Sjælland;65-74;M;49641;3855;6081;73;41;5;0,02;147,06;7765,76;82,59;
2025-11-25;2025-11-18;INFLA;2022/2023;1085;Sjælland;75-84;Alle;77505;9063;14411;180;116;16;0,02;232,24;11693,44;149,67;
2025-11-25;2025-11-18;INFLA;2022/2023;1085;Sjælland;75-84;K;41532;4362;6762;84;52;10;0,02;202,25;10502,74;125,20;
2025-11-25;2025-11-18;INFLA;2022/2023;1085;Sjælland;75-84;M;35973;4701;7649;96;64;6;0,02;266,87;13068,13;177,91;
2025-11-25;2025-11-18;INFLA;2022/2023;1085;Sjælland;85+;Alle;20890;4457;7122;54;44;8;0,01;258,50;21335,57;210,63;
2025-11-25;2025-11-18;INFLA;2022/2023;1085;Sjælland;85+;K;13046;2601;4072;30;24;4;0,01;229,96;19937,15;183,96;
2025-11-25;2025-11-18;INFLA;2022/2023;1085;Sjælland;85+;M;7844;1856;3050;24;20;4;0,01;305,97;23661,40;254,97;
2025-11-25;2025-11-18;INFLA;2022/2023;1085;Sjælland;Alle;Alle;848329;45313;64588;1538;433;38;0,03;181,30;5341,44;51,04;
2025-11-25;2025-11-18;INFLA;2022/2023;1085;Sjælland;Alle;K;426346;23364;32497;810;218;20;0,03;189,99;5480,06;51,13;
2025-11-25;2025-11-18;INFLA;2022/2023;1085;Sjælland;Alle;M;421983;21949;32091;728;215;18;0,03;172,52;5201,39;50,95;
2025-11-25;2025-11-18;INFLA;2022/2023;1083;Syddanmark;00-01;Alle;23601;2105;2579;67;17;0;0,03;283,89;8919,11;72,03;
2025-11-25;2025-11-18;INFLA;2022/2023;1083;Syddanmark;00-01;K;11481;873;1030;33;10;0;0,04;287,43;7603,87;87,10;
2025-11-25;2025-11-18;INFLA;2022/2023;1083;Syddanmark;00-01;M;12120;1232;1549;34;7;0;0,03;280,53;10165,02;57,76;
2025-11-25;2025-11-18;INFLA;2022/2023;1083;Syddanmark;02-06;Alle;63360;1367;1578;98;22;0;0,07;154,67;2157,51;34,72;
2025-11-25;2025-11-18;INFLA;2022/2023;1083;Syddanmark;02-06;K;30795;620;717;39;10;0;0,06;126,64;2013,31;32,47;
2025-11-25;2025-11-18;INFLA;2022/2023;1083;Syddanmark;02-06;M;32565;747;861;59;12;0;0,08;181,18;2293,87;36,85;
2025-11-25;2025-11-18;INFLA;2022/2023;1083;Syddanmark;07-14;Alle;107530;1477;1624;109;10;0;0,07;101,37;1373,57;9,30;
2025-11-25;2025-11-18;INFLA;2022/2023;1083;Syddanmark;07-14;K;52374;697;753;51;2;0;0,07;97,38;1330,81;3,82;
2025-11-25;2025-11-18;INFLA;2022/2023;1083;Syddanmark;07-14;M;55156;780;871;58;8;0;0,07;105,16;1414,17;14,50;
2025-11-25;2025-11-18;INFLA;2022/2023;1083;Syddanmark;15-44;Alle;429949;7975;9131;490;61;1;0,06;113,97;1854,87;14,19;
2025-11-25;2025-11-18;INFLA;2022/2023;1083;Syddanmark;15-44;K;208994;4692;5343;274;37;0;0,06;131,10;2245,04;17,70;
2025-11-25;2025-11-18;INFLA;2022/2023;1083;Syddanmark;15-44;M;220955;3283;3788;216;24;1;0,07;97,76;1485,82;10,86;
2025-11-25;2025-11-18;INFLA;2022/2023;1083;Syddanmark;45-64;Alle;333054;8443;10733;544;154;7;0,06;163,34;2535,02;46,24;
2025-11-25;2025-11-18;INFLA;2022/2023;1083;Syddanmark;45-64;K;166433;4494;5645;296;72;3;0,07;177,85;2700,19;43,26;
2025-11-25;2025-11-18;INFLA;2022/2023;1083;Syddanmark;45-64;M;166621;3949;5088;248;82;4;0,06;148,84;2370,05;49,21;
2025-11-25;2025-11-18;INFLA;2022/2023;1083;Syddanmark;65-74;Alle;142393;6203;8407;245;140;8;0,04;172,06;4356,25;98,32;
2025-11-25;2025-11-18;INFLA;2022/2023;1083;Syddanmark;65-74;K;72775;2923;3881;116;63;1;0,04;159,40;4016,49;86,57;
2025-11-25;2025-11-18;INFLA;2022/2023;1083;Syddanmark;65-74;M;69618;3280;4526;129;77;7;0,04;185,30;4711,43;110,60;
2025-11-25;2025-11-18;INFLA;2022/2023;1083;Syddanmark;75-84;Alle;104131;7720;10568;274;187;21;0,04;263,13;7413,74;179,58;
2025-11-25;2025-11-18;INFLA;2022/2023;1083;Syddanmark;75-84;K;55646;3582;4758;151;101;12;0,04;271,36;6437,12;181,50;
2025-11-25;2025-11-18;INFLA;2022/2023;1083;Syddanmark;75-84;M;48485;4138;5810;123;86;9;0,03;253,69;8534,60;177,37;
2025-11-25;2025-11-18;INFLA;2022/2023;1083;Syddanmark;85+;Alle;32139;4053;5367;71;50;11;0,02;220,92;12610,85;155,57;
2025-11-25;2025-11-18;INFLA;2022/2023;1083;Syddanmark;85+;K;20160;2212;2809;38;29;7;0,02;188,49;10972,22;143,85;
2025-11-25;2025-11-18;INFLA;2022/2023;1083;Syddanmark;85+;M;11979;1841;2558;33;21;4;0,02;275,48;15368,56;175,31;
2025-11-25;2025-11-18;INFLA;2022/2023;1083;Syddanmark;Alle;Alle;1236157;39343;49987;1898;641;48;0,05;153,54;3182,69;51,85;
2025-11-25;2025-11-18;INFLA;2022/2023;1083;Syddanmark;Alle;K;618658;20093;24936;998;324;23;0,05;161,32;3247,84;52,37;
2025-11-25;2025-11-18;INFLA;2022/2023;1083;Syddanmark;Alle;M;617499;19250;25051;900;317;25;0,05;145,75;3117,41;51,34;
2025-11-25;2025-11-18;INFLA;2023/2024;9999;Alle;00-01;Alle;115405;15917;20086;1112;221;2;0,07;963,56;13792,30;191,50;
2025-11-25;2025-11-18;INFLA;2023/2024;9999;Alle;00-01;K;56052;7078;8717;488;90;1;0,07;870,62;12627,56;160,57;
2025-11-25;2025-11-18;INFLA;2023/2024;9999;Alle;00-01;M;59353;8839;11214;624;131;1;0,07;1051,34;14892,25;220,71;
2025-11-25;2025-11-18;INFLA;2023/2024;9999;Alle;02-06;Alle;315357;8252;9726;1647;205;1;0,20;522,27;2616,72;65,01;
2025-11-25;2025-11-18;INFLA;2023/2024;9999;Alle;02-06;K;153402;3822;4457;758;91;0;0,20;494,13;2491,49;59,32;
2025-11-25;2025-11-18;INFLA;2023/2024;9999;Alle;02-06;M;161955;4430;5211;889;114;1;0,20;548,92;2735,33;70,39;
2025-11-25;2025-11-18;INFLA;2023/2024;9999;Alle;07-14;Alle;503490;9439;10462;1232;109;0;0,13;244,69;1874,71;21,65;
2025-11-25;2025-11-18;INFLA;2023/2024;9999;Alle;07-14;K;245156;4431;4908;565;51;0;0,13;230,47;1807,42;20,80;
2025-11-25;2025-11-18;INFLA;2023/2024;9999;Alle;07-14;M;258334;5008;5516;667;58;0;0,13;258,19;1938,58;22,45;
2025-11-25;2025-11-18;INFLA;2023/2024;9999;Alle;15-44;Alle;2234746;45610;51532;5262;597;10;0,12;235,46;2040,95;26,71;
2025-11-25;2025-11-18;INFLA;2023/2024;9999;Alle;15-44;K;1100039;27319;30702;3191;358;6;0,12;290,08;2483,46;32,54;
2025-11-25;2025-11-18;INFLA;2023/2024;9999;Alle;15-44;M;1134707;18291;20361;2071;239;4;0,11;182,51;1611,96;21,06;
2025-11-25;2025-11-18;INFLA;2023/2024;9999;Alle;45-64;Alle;1549233;43190;52629;4780;1215;45;0,11;308,54;2787,83;78,43;
2025-11-25;2025-11-18;INFLA;2023/2024;9999;Alle;45-64;K;777010;23870;28640;2588;603;20;0,11;333,07;3072,03;77,61;
2025-11-25;2025-11-18;INFLA;2023/2024;9999;Alle;45-64;M;772223;19319;23547;2192;612;25;0,11;283,86;2501,74;79,25;
2025-11-25;2025-11-18;INFLA;2023/2024;9999;Alle;65-74;Alle;623084;25553;34060;1818;1001;69;0,07;291,77;4101,05;160,65;
2025-11-25;2025-11-18;INFLA;2023/2024;9999;Alle;65-74;K;321712;12650;16367;896;461;30;0,07;278,51;3932,09;143,30;
2025-11-25;2025-11-18;INFLA;2023/2024;9999;Alle;65-74;M;301372;12903;17478;922;540;39;0,07;305,93;4281,42;179,18;
2025-11-25;2025-11-18;INFLA;2023/2024;9999;Alle;75-84;Alle;471553;31080;42294;2040;1353;129;0,07;432,61;6590,99;286,92;
2025-11-25;2025-11-18;INFLA;2023/2024;9999;Alle;75-84;K;254976;15058;20058;1068;674;55;0,07;418,86;5905,65;264,34;
2025-11-25;2025-11-18;INFLA;2023/2024;9999;Alle;75-84;M;216577;16021;22090;972;679;74;0,06;448,80;7397,37;313,51;
2025-11-25;2025-11-18;INFLA;2023/2024;9999;Alle;85+;Alle;141837;15874;21154;847;663;149;0,05;597,16;11191,72;467,44;
2025-11-25;2025-11-18;INFLA;2023/2024;9999;Alle;85+;K;88949;8993;11685;477;368;84;0,05;536,26;10110,29;413,72;
2025-11-25;2025-11-18;INFLA;2023/2024;9999;Alle;85+;M;52888;6881;9436;370;295;65;0,05;699,59;13010,51;557,78;
2025-11-25;2025-11-18;INFLA;2023/2024;9999;Alle;Alle;Alle;5954705;194915;241943;18738;5364;405;0,10;314,68;3273,29;90,08;
2025-11-25;2025-11-18;INFLA;2023/2024;9999;Alle;Alle;K;2997296;103221;125534;10031;2696;196;0,10;334,67;3443,80;89,95;
2025-11-25;2025-11-18;INFLA;2023/2024;9999;Alle;Alle;M;2957409;91692;114853;8707;2668;209;0,09;294,41;3100,42;90,21;
2025-11-25;2025-11-18;INFLA;2023/2024;1084;Hovedstaden;00-01;Alle;40442;8328;10792;584;81;0;0,07;1444,04;20592,45;200,29;
2025-11-25;2025-11-18;INFLA;2023/2024;1084;Hovedstaden;00-01;K;19693;3754;4794;260;29;0;0,07;1320,27;19062,61;147,26;
2025-11-25;2025-11-18;INFLA;2023/2024;1084;Hovedstaden;00-01;M;20749;4574;5998;324;52;0;0,07;1561,52;22044,44;250,61;
2025-11-25;2025-11-18;INFLA;2023/2024;1084;Hovedstaden;02-06;Alle;104226;4547;5345;934;75;0;0,21;896,13;4362,64;71,96;
2025-11-25;2025-11-18;INFLA;2023/2024;1084;Hovedstaden;02-06;K;50720;2130;2500;437;35;0;0,21;861,59;4199,53;69,01;
2025-11-25;2025-11-18;INFLA;2023/2024;1084;Hovedstaden;02-06;M;53506;2417;2845;497;40;0;0,21;928,87;4517,25;74,76;
2025-11-25;2025-11-18;INFLA;2023/2024;1084;Hovedstaden;07-14;Alle;159257;5202;5788;712;42;0;0,14;447,08;3266,42;26,37;
2025-11-25;2025-11-18;INFLA;2023/2024;1084;Hovedstaden;07-14;K;77669;2454;2720;331;22;0;0,13;426,17;3159,56;28,33;
2025-11-25;2025-11-18;INFLA;2023/2024;1084;Hovedstaden;07-14;M;81588;2748;3068;381;20;0;0,14;466,98;3368,14;24,51;
2025-11-25;2025-11-18;INFLA;2023/2024;1084;Hovedstaden;15-44;Alle;795921;24017;27340;3026;201;1;0,13;380,19;3017,51;25,25;
2025-11-25;2025-11-18;INFLA;2023/2024;1084;Hovedstaden;15-44;K;399846;14416;16428;1861;126;0;0,13;465,43;3605,39;31,51;
2025-11-25;2025-11-18;INFLA;2023/2024;1084;Hovedstaden;15-44;M;396075;9601;10912;1165;75;1;0,12;294,14;2424,04;18,94;
2025-11-25;2025-11-18;INFLA;2023/2024;1084;Hovedstaden;45-64;Alle;475119;19809;24117;2294;363;10;0,12;482,83;4169,27;76,40;
2025-11-25;2025-11-18;INFLA;2023/2024;1084;Hovedstaden;45-64;K;239521;11224;13593;1262;180;4;0,11;526,88;4686,02;75,15;
2025-11-25;2025-11-18;INFLA;2023/2024;1084;Hovedstaden;45-64;M;235598;8585;10524;1032;183;6;0,12;438,03;3643,92;77,67;
2025-11-25;2025-11-18;INFLA;2023/2024;1084;Hovedstaden;65-74;Alle;165775;10316;13989;755;307;20;0,07;455,44;6222,89;185,19;
2025-11-25;2025-11-18;INFLA;2023/2024;1084;Hovedstaden;65-74;K;87499;5376;7137;405;162;11;0,08;462,86;6144,07;185,14;
2025-11-25;2025-11-18;INFLA;2023/2024;1084;Hovedstaden;65-74;M;78276;4940;6852;350;145;9;0,07;447,14;6311,00;185,24;
2025-11-25;2025-11-18;INFLA;2023/2024;1084;Hovedstaden;75-84;Alle;129725;12301;17731;828;450;43;0,07;638,27;9482,37;346,89;
2025-11-25;2025-11-18;INFLA;2023/2024;1084;Hovedstaden;75-84;K;72568;6389;9053;458;235;20;0,07;631,13;8804,16;323,83;
2025-11-25;2025-11-18;INFLA;2023/2024;1084;Hovedstaden;75-84;M;57157;5912;8678;370;215;23;0,06;647,34;10343,44;376,16;
2025-11-25;2025-11-18;INFLA;2023/2024;1084;Hovedstaden;85+;Alle;39265;6310;9000;354;245;69;0,06;901,57;16070,29;623,97;
2025-11-25;2025-11-18;INFLA;2023/2024;1084;Hovedstaden;85+;K;25641;3752;5193;204;141;44;0,05;795,60;14632,81;549,90;
2025-11-25;2025-11-18;INFLA;2023/2024;1084;Hovedstaden;85+;M;13624;2558;3807;150;104;25;0,06;1101,00;18775,69;763,36;
2025-11-25;2025-11-18;INFLA;2023/2024;1084;Hovedstaden;Alle;Alle;1909730;90830;114102;9487;1764;143;0,10;496,77;4756,17;92,37;
2025-11-25;2025-11-18;INFLA;2023/2024;1084;Hovedstaden;Alle;K;973157;49495;61418;5218;930;79;0,11;536,19;5086,02;95,57;
2025-11-25;2025-11-18;INFLA;2023/2024;1084;Hovedstaden;Alle;M;936573;41335;52684;4269;834;64;0,10;455,81;4413,43;89,05;
2025-11-25;2025-11-18;INFLA;2023/2024;1082;Midtjylland;00-01;Alle;27694;1911;2220;98;32;0;0,05;353,87;6900,41;115,55;
2025-11-25;2025-11-18;INFLA;2023/2024;1082;Midtjylland;00-01;K;13547;868;975;44;14;0;0,05;324,80;6407,32;103,34;
2025-11-25;2025-11-18;INFLA;2023/2024;1082;Midtjylland;00-01;M;14147;1043;1245;54;18;0;0,05;381,71;7372,59;127,24;
2025-11-25;2025-11-18;INFLA;2023/2024;1082;Midtjylland;02-06;Alle;74853;703;845;122;26;0;0,17;162,99;939,17;34,73;
2025-11-25;2025-11-18;INFLA;2023/2024;1082;Midtjylland;02-06;K;36307;304;368;46;8;0;0,15;126,70;837,30;22,03;
2025-11-25;2025-11-18;INFLA;2023/2024;1082;Midtjylland;02-06;M;38546;399;477;76;18;0;0,19;197,17;1035,13;46,70;
2025-11-25;2025-11-18;INFLA;2023/2024;1082;Midtjylland;07-14;Alle;118173;797;896;87;15;0;0,11;73,62;674,43;12,69;
2025-11-25;2025-11-18;INFLA;2023/2024;1082;Midtjylland;07-14;K;57547;373;425;35;5;0;0,09;60,82;648,17;8,69;
2025-11-25;2025-11-18;INFLA;2023/2024;1082;Midtjylland;07-14;M;60626;424;471;52;10;0;0,12;85,77;699,37;16,49;
2025-11-25;2025-11-18;INFLA;2023/2024;1082;Midtjylland;15-44;Alle;519804;4851;5489;499;125;2;0,10;96,00;933,24;24,05;
2025-11-25;2025-11-18;INFLA;2023/2024;1082;Midtjylland;15-44;K;255727;2945;3336;291;75;0;0,10;113,79;1151,62;29,33;
2025-11-25;2025-11-18;INFLA;2023/2024;1082;Midtjylland;15-44;M;264077;1906;2153;208;50;2;0,11;78,76;721,76;18,93;
2025-11-25;2025-11-18;INFLA;2023/2024;1082;Midtjylland;45-64;Alle;345711;5261;6375;599;269;7;0,11;173,27;1521,79;77,81;
2025-11-25;2025-11-18;INFLA;2023/2024;1082;Midtjylland;45-64;K;173126;2800;3377;332;135;4;0,12;191,77;1617,32;77,98;
2025-11-25;2025-11-18;INFLA;2023/2024;1082;Midtjylland;45-64;M;172585;2461;2998;267;134;3;0,11;154,71;1425,96;77,64;
2025-11-25;2025-11-18;INFLA;2023/2024;1082;Midtjylland;65-74;Alle;143263;3747;4829;300;236;12;0,08;209,41;2615,47;164,73;
2025-11-25;2025-11-18;INFLA;2023/2024;1082;Midtjylland;65-74;K;73216;1694;2126;132;104;4;0,08;180,29;2313,70;142,05;
2025-11-25;2025-11-18;INFLA;2023/2024;1082;Midtjylland;65-74;M;70047;2053;2703;168;132;8;0,08;239,84;2930,89;188,44;
2025-11-25;2025-11-18;INFLA;2023/2024;1082;Midtjylland;75-84;Alle;103314;4792;6014;343;273;29;0,07;332,00;4638,29;264,24;
2025-11-25;2025-11-18;INFLA;2023/2024;1082;Midtjylland;75-84;K;54962;2216;2734;170;128;12;0,08;309,30;4031,88;232,89;
2025-11-25;2025-11-18;INFLA;2023/2024;1082;Midtjylland;75-84;M;48352;2576;3280;173;145;17;0,07;357,79;5327,60;299,88;
2025-11-25;2025-11-18;INFLA;2023/2024;1082;Midtjylland;85+;Alle;31424;2409;2954;140;125;25;0,06;445,52;7666,12;397,79;
2025-11-25;2025-11-18;INFLA;2023/2024;1082;Midtjylland;85+;K;19425;1323;1586;76;64;16;0,06;391,25;6810,81;329,47;
2025-11-25;2025-11-18;INFLA;2023/2024;1082;Midtjylland;85+;M;11999;1086;1368;64;61;9;0,06;533,38;9050,75;508,38;
2025-11-25;2025-11-18;INFLA;2023/2024;1082;Midtjylland;Alle;Alle;1364236;24471;29622;2188;1101;75;0,09;160,38;1793,75;80,70;
2025-11-25;2025-11-18;INFLA;2023/2024;1082;Midtjylland;Alle;K;683857;12523;14927;1126;533;36;0,09;164,65;1831,23;77,94;
2025-11-25;2025-11-18;INFLA;2023/2024;1082;Midtjylland;Alle;M;680379;11948;14695;1062;568;39;0,09;156,09;1756,08;83,48;
2025-11-25;2025-11-18;INFLA;2023/2024;1081;Nordjylland;00-01;Alle;10755;1500;1887;129;36;0;0,09;1199,44;13947,00;334,73;
2025-11-25;2025-11-18;INFLA;2023/2024;1081;Nordjylland;00-01;K;5137;659;821;55;17;0;0,08;1070,66;12828,50;330,93;
2025-11-25;2025-11-18;INFLA;2023/2024;1081;Nordjylland;00-01;M;5618;841;1066;74;19;0;0,09;1317,19;14969,74;338,20;
2025-11-25;2025-11-18;INFLA;2023/2024;1081;Nordjylland;02-06;Alle;30087;568;695;107;30;0;0,19;355,64;1887,86;99,71;
2025-11-25;2025-11-18;INFLA;2023/2024;1081;Nordjylland;02-06;K;14674;234;282;39;13;0;0,17;265,78;1594,66;88,59;
2025-11-25;2025-11-18;INFLA;2023/2024;1081;Nordjylland;02-06;M;15413;334;413;68;17;0;0,20;441,19;2167,00;110,30;
2025-11-25;2025-11-18;INFLA;2023/2024;1081;Nordjylland;07-14;Alle;48574;396;442;55;14;0;0,14;113,23;815,25;28,82;
2025-11-25;2025-11-18;INFLA;2023/2024;1081;Nordjylland;07-14;K;23613;174;202;26;6;0;0,15;110,11;736,88;25,41;
2025-11-25;2025-11-18;INFLA;2023/2024;1081;Nordjylland;07-14;M;24961;222;240;29;8;0;0,13;116,18;889,39;32,05;
2025-11-25;2025-11-18;INFLA;2023/2024;1081;Nordjylland;15-44;Alle;211785;2224;2527;194;62;1;0,09;91,60;1050,12;29,27;
2025-11-25;2025-11-18;INFLA;2023/2024;1081;Nordjylland;15-44;K;101343;1340;1524;119;37;1;0,09;117,42;1322,24;36,51;
2025-11-25;2025-11-18;INFLA;2023/2024;1081;Nordjylland;15-44;M;110442;884;1003;75;25;0;0,08;67,91;800,42;22,64;
2025-11-25;2025-11-18;INFLA;2023/2024;1081;Nordjylland;45-64;Alle;154030;2502;3088;247;135;7;0,10;160,36;1624,36;87,65;
2025-11-25;2025-11-18;INFLA;2023/2024;1081;Nordjylland;45-64;K;76639;1278;1542;115;68;4;0,09;150,05;1667,56;88,73;
2025-11-25;2025-11-18;INFLA;2023/2024;1081;Nordjylland;45-64;M;77391;1224;1546;132;67;3;0,11;170,56;1581,58;86,57;
2025-11-25;2025-11-18;INFLA;2023/2024;1081;Nordjylland;65-74;Alle;69403;2050;2752;166;125;10;0,08;239,18;2953,76;180,11;
2025-11-25;2025-11-18;INFLA;2023/2024;1081;Nordjylland;65-74;K;35283;955;1257;69;53;5;0,07;195,56;2706,69;150,21;
2025-11-25;2025-11-18;INFLA;2023/2024;1081;Nordjylland;65-74;M;34120;1095;1495;97;72;5;0,09;284,29;3209,26;211,02;
2025-11-25;2025-11-18;INFLA;2023/2024;1081;Nordjylland;75-84;Alle;51706;2854;3761;178;149;13;0,06;344,25;5519,67;288,17;
2025-11-25;2025-11-18;INFLA;2023/2024;1081;Nordjylland;75-84;K;27342;1305;1678;92;77;8;0,07;336,48;4772,88;281,62;
2025-11-25;2025-11-18;INFLA;2023/2024;1081;Nordjylland;75-84;M;24364;1549;2083;86;72;5;0,06;352,98;6357,74;295,52;
2025-11-25;2025-11-18;INFLA;2023/2024;1081;Nordjylland;85+;Alle;15867;1576;1955;92;85;18;0,06;579,82;9932,56;535,70;
2025-11-25;2025-11-18;INFLA;2023/2024;1081;Nordjylland;85+;K;9646;814;995;48;45;8;0,06;497,62;8438,73;466,51;
2025-11-25;2025-11-18;INFLA;2023/2024;1081;Nordjylland;85+;M;6221;762;960;44;40;10;0,06;707,28;12248,83;642,98;
2025-11-25;2025-11-18;INFLA;2023/2024;1081;Nordjylland;Alle;Alle;592207;13670;17107;1168;636;49;0,09;197,23;2308,31;107,39;
2025-11-25;2025-11-18;INFLA;2023/2024;1081;Nordjylland;Alle;K;293677;6759;8301;563;316;26;0,08;191,71;2301,51;107,60;
2025-11-25;2025-11-18;INFLA;2023/2024;1081;Nordjylland;Alle;M;298530;6911;8806;605;320;23;0,09;202,66;2315,01;107,19;
2025-11-25;2025-11-18;INFLA;2023/2024;1085;Sjælland;00-01;Alle;14240;2607;3336;206;44;0;0,08;1446,63;18307,58;308,99;
2025-11-25;2025-11-18;INFLA;2023/2024;1085;Sjælland;00-01;K;6978;1118;1414;88;20;0;0,08;1261,11;16021,78;286,62;
2025-11-25;2025-11-18;INFLA;2023/2024;1085;Sjælland;00-01;M;7262;1489;1922;118;24;0;0,08;1624,90;20503,99;330,49;
2025-11-25;2025-11-18;INFLA;2023/2024;1085;Sjælland;02-06;Alle;42566;1485;1762;301;50;0;0,20;707,14;3488,70;117,46;
2025-11-25;2025-11-18;INFLA;2023/2024;1085;Sjælland;02-06;K;20701;717;851;144;25;0;0,20;695,62;3463,60;120,77;
2025-11-25;2025-11-18;INFLA;2023/2024;1085;Sjælland;02-06;M;21865;768;911;157;25;0;0,20;718,04;3512,46;114,34;
2025-11-25;2025-11-18;INFLA;2023/2024;1085;Sjælland;07-14;Alle;71835;1642;1810;192;17;0;0,12;267,28;2285,79;23,67;
2025-11-25;2025-11-18;INFLA;2023/2024;1085;Sjælland;07-14;K;34893;754;834;88;9;0;0,12;252,20;2160,89;25,79;
2025-11-25;2025-11-18;INFLA;2023/2024;1085;Sjælland;07-14;M;36942;888;976;104;8;0;0,12;281,52;2403,77;21,66;
2025-11-25;2025-11-18;INFLA;2023/2024;1085;Sjælland;15-44;Alle;276226;7291;8149;775;96;2;0,11;280,57;2639,51;34,75;
2025-11-25;2025-11-18;INFLA;2023/2024;1085;Sjælland;15-44;K;133799;4348;4868;459;52;2;0,11;343,05;3249,65;38,86;
2025-11-25;2025-11-18;INFLA;2023/2024;1085;Sjælland;15-44;M;142427;2943;3281;316;44;0;0,11;221,87;2066,32;30,89;
2025-11-25;2025-11-18;INFLA;2023/2024;1085;Sjælland;45-64;Alle;242425;7951;9822;770;206;9;0,10;317,62;3279,78;84,97;
2025-11-25;2025-11-18;INFLA;2023/2024;1085;Sjælland;45-64;K;121729;4480;5432;414;104;1;0,09;340,10;3680,31;85,44;
2025-11-25;2025-11-18;INFLA;2023/2024;1085;Sjælland;45-64;M;120696;3471;4390;356;102;8;0,10;294,96;2875,82;84,51;
2025-11-25;2025-11-18;INFLA;2023/2024;1085;Sjælland;65-74;Alle;102337;4685;6318;269;147;13;0,06;262,86;4578,01;143,64;
2025-11-25;2025-11-18;INFLA;2023/2024;1085;Sjælland;65-74;K;52928;2330;3075;134;70;4;0,06;253,17;4402,21;132,26;
2025-11-25;2025-11-18;INFLA;2023/2024;1085;Sjælland;65-74;M;49409;2355;3243;135;77;9;0,06;273,23;4766,34;155,84;
2025-11-25;2025-11-18;INFLA;2023/2024;1085;Sjælland;75-84;Alle;79891;5601;7598;348;249;26;0,06;435,59;7010,80;311,67;
2025-11-25;2025-11-18;INFLA;2023/2024;1085;Sjælland;75-84;K;42976;2628;3446;170;116;6;0,06;395,57;6115,04;269,92;
2025-11-25;2025-11-18;INFLA;2023/2024;1085;Sjælland;75-84;M;36915;2973;4152;178;133;20;0,06;482,19;8053,64;360,29;
2025-11-25;2025-11-18;INFLA;2023/2024;1085;Sjælland;85+;Alle;22036;2707;3656;107;85;16;0,04;485,57;12284,44;385,73;
2025-11-25;2025-11-18;INFLA;2023/2024;1085;Sjælland;85+;K;13569;1522;2013;66;51;5;0,04;486,40;11216,74;375,86;
2025-11-25;2025-11-18;INFLA;2023/2024;1085;Sjælland;85+;M;8467;1185;1643;41;34;11;0,03;484,23;13995,51;401,56;
2025-11-25;2025-11-18;INFLA;2023/2024;1085;Sjælland;Alle;Alle;851556;33969;42451;2968;894;66;0,09;348,54;3989,05;104,98;
2025-11-25;2025-11-18;INFLA;2023/2024;1085;Sjælland;Alle;K;427573;17897;21933;1563;447;18;0,09;365,55;4185,72;104,54;
2025-11-25;2025-11-18;INFLA;2023/2024;1085;Sjælland;Alle;M;423983;16072;20518;1405;447;48;0,09;331,38;3790,72;105,43;
2025-11-25;2025-11-18;INFLA;2023/2024;1083;Syddanmark;00-01;Alle;22274;1411;1665;88;28;0;0,06;395,08;6334,74;125,71;
2025-11-25;2025-11-18;INFLA;2023/2024;1083;Syddanmark;00-01;K;10697;606;699;37;10;0;0,06;345,89;5665,14;93,48;
2025-11-25;2025-11-18;INFLA;2023/2024;1083;Syddanmark;00-01;M;11577;805;966;51;18;0;0,06;440,53;6953,44;155,48;
2025-11-25;2025-11-18;INFLA;2023/2024;1083;Syddanmark;02-06;Alle;63625;878;1004;174;24;0;0,20;273,48;1379,96;37,72;
2025-11-25;2025-11-18;INFLA;2023/2024;1083;Syddanmark;02-06;K;31000;408;447;87;10;0;0,21;280,65;1316,13;32,26;
2025-11-25;2025-11-18;INFLA;2023/2024;1083;Syddanmark;02-06;M;32625;470;557;87;14;0;0,19;266,67;1440,61;42,91;
2025-11-25;2025-11-18;INFLA;2023/2024;1083;Syddanmark;07-14;Alle;105651;1354;1475;180;20;0;0,13;170,37;1281,58;18,93;
2025-11-25;2025-11-18;INFLA;2023/2024;1083;Syddanmark;07-14;K;51434;650;720;82;8;0;0,13;159,43;1263,76;15,55;
2025-11-25;2025-11-18;INFLA;2023/2024;1083;Syddanmark;07-14;M;54217;704;755;98;12;0;0,14;180,76;1298,49;22,13;
2025-11-25;2025-11-18;INFLA;2023/2024;1083;Syddanmark;15-44;Alle;431010;6714;7480;717;109;2;0,11;166,35;1557,74;25,29;
2025-11-25;2025-11-18;INFLA;2023/2024;1083;Syddanmark;15-44;K;209324;4060;4517;433;66;1;0,11;206,86;1939,58;31,53;
2025-11-25;2025-11-18;INFLA;2023/2024;1083;Syddanmark;15-44;M;221686;2654;2963;284;43;1;0,11;128,11;1197,19;19,40;
2025-11-25;2025-11-18;INFLA;2023/2024;1083;Syddanmark;45-64;Alle;331948;7232;8722;823;238;12;0,11;247,93;2178,65;71,70;
2025-11-25;2025-11-18;INFLA;2023/2024;1083;Syddanmark;45-64;K;165995;3949;4686;448;115;7;0,11;269,89;2378,99;69,28;
2025-11-25;2025-11-18;INFLA;2023/2024;1083;Syddanmark;45-64;M;165953;3283;4036;375;123;5;0,11;225,97;1978,27;74,12;
2025-11-25;2025-11-18;INFLA;2023/2024;1083;Syddanmark;65-74;Alle;142306;4558;5941;310;184;14;0,07;217,84;3202,96;129,30;
2025-11-25;2025-11-18;INFLA;2023/2024;1083;Syddanmark;65-74;K;72786;2213;2770;147;72;6;0,07;201,96;3040,42;98,92;
2025-11-25;2025-11-18;INFLA;2023/2024;1083;Syddanmark;65-74;M;69520;2345;3171;163;112;8;0,07;234,46;3373,13;161,10;
2025-11-25;2025-11-18;INFLA;2023/2024;1083;Syddanmark;75-84;Alle;106917;5393;7037;333;232;18;0,06;311,46;5044,10;216,99;
2025-11-25;2025-11-18;INFLA;2023/2024;1083;Syddanmark;75-84;K;57128;2453;3144;171;118;9;0,07;299,33;4293,87;206,55;
2025-11-25;2025-11-18;INFLA;2023/2024;1083;Syddanmark;75-84;M;49789;2940;3893;162;114;9;0,06;325,37;5904,92;228,97;
2025-11-25;2025-11-18;INFLA;2023/2024;1083;Syddanmark;85+;Alle;33245;2838;3553;153;123;21;0,05;460,22;8536,62;369,98;
2025-11-25;2025-11-18;INFLA;2023/2024;1083;Syddanmark;85+;K;20668;1561;1896;82;67;11;0,05;396,75;7552,74;324,17;
2025-11-25;2025-11-18;INFLA;2023/2024;1083;Syddanmark;85+;M;12577;1277;1657;71;56;10;0,06;564,52;10153,45;445,26;
2025-11-25;2025-11-18;INFLA;2023/2024;1083;Syddanmark;Alle;Alle;1236976;30378;36877;2778;958;67;0,09;224,58;2455,83;77,45;
2025-11-25;2025-11-18;INFLA;2023/2024;1083;Syddanmark;Alle;K;619032;15900;18879;1487;466;34;0,09;240,21;2568,53;75,28;
2025-11-25;2025-11-18;INFLA;2023/2024;1083;Syddanmark;Alle;M;617944;14478;17998;1291;492;33;0,09;208,92;2342,93;79,62;
2025-11-25;2025-11-18;INFLA;2024/2025;9999;Alle;00-01;Alle;115341;12268;15339;1220;236;0;0,10;1057,73;10636,29;204,61;
2025-11-25;2025-11-18;INFLA;2024/2025;9999;Alle;00-01;K;55915;5454;6736;570;111;0;0,10;1019,40;9754,09;198,52;
2025-11-25;2025-11-18;INFLA;2024/2025;9999;Alle;00-01;M;59426;6814;8500;650;125;0;0,10;1093,80;11466,36;210,35;
2025-11-25;2025-11-18;INFLA;2024/2025;9999;Alle;02-06;Alle;311879;7795;9111;2041;211;0;0,26;654,42;2499,37;67,65;
2025-11-25;2025-11-18;INFLA;2024/2025;9999;Alle;02-06;K;151625;3541;4058;961;86;0;0,27;633,80;2335,37;56,72;
2025-11-25;2025-11-18;INFLA;2024/2025;9999;Alle;02-06;M;160254;4254;4996;1080;125;0;0,25;673,93;2654,54;78,00;
2025-11-25;2025-11-18;INFLA;2024/2025;9999;Alle;07-14;Alle;501158;8405;9330;1394;101;0;0,17;278,16;1677,12;20,15;
2025-11-25;2025-11-18;INFLA;2024/2025;9999;Alle;07-14;K;244066;3876;4282;622;41;0;0,16;254,85;1588,10;16,80;
2025-11-25;2025-11-18;INFLA;2024/2025;9999;Alle;07-14;M;257092;4529;5018;772;60;0;0,17;300,28;1761,63;23,34;
2025-11-25;2025-11-18;INFLA;2024/2025;9999;Alle;15-44;Alle;2255225;41253;46112;6627;723;14;0,16;293,85;1829,22;32,06;
2025-11-25;2025-11-18;INFLA;2024/2025;9999;Alle;15-44;K;1109665;24645;27410;4017;430;6;0,16;362,00;2220,94;38,75;
2025-11-25;2025-11-18;INFLA;2024/2025;9999;Alle;15-44;M;1145560;16608;18277;2610;293;8;0,16;227,84;1449,77;25,58;
2025-11-25;2025-11-18;INFLA;2024/2025;9999;Alle;45-64;Alle;1547912;35964;43433;5391;1442;50;0,15;348,28;2323,39;93,16;
2025-11-25;2025-11-18;INFLA;2024/2025;9999;Alle;45-64;K;777188;19808;23532;2979;703;16;0,15;383,30;2548,68;90,45;
2025-11-25;2025-11-18;INFLA;2024/2025;9999;Alle;45-64;M;770724;16156;19587;2412;739;34;0,15;312,95;2096,21;95,88;
2025-11-25;2025-11-18;INFLA;2024/2025;9999;Alle;65-74;Alle;625256;22938;30007;2536;1292;111;0,11;405,59;3668,58;206,64;
2025-11-25;2025-11-18;INFLA;2024/2025;9999;Alle;65-74;K;322549;11364;14578;1234;597;45;0,11;382,58;3523,19;185,09;
2025-11-25;2025-11-18;INFLA;2024/2025;9999;Alle;65-74;M;302707;11574;15240;1302;695;66;0,11;430,12;3823,50;229,59;
2025-11-25;2025-11-18;INFLA;2024/2025;9999;Alle;75-84;Alle;481151;27566;36806;2458;1673;189;0,09;510,86;5729,18;347,71;
2025-11-25;2025-11-18;INFLA;2024/2025;9999;Alle;75-84;K;260440;13345;17438;1195;792;80;0,09;458,84;5124,02;304,10;
2025-11-25;2025-11-18;INFLA;2024/2025;9999;Alle;75-84;M;220711;14221;19260;1263;881;109;0,09;572,24;6443,27;399,16;
2025-11-25;2025-11-18;INFLA;2024/2025;9999;Alle;85+;Alle;148283;14263;18655;1174;914;200;0,08;791,73;9618,77;616,39;
2025-11-25;2025-11-18;INFLA;2024/2025;9999;Alle;85+;K;92338;7971;10292;681;531;108;0,09;737,51;8632,42;575,06;
2025-11-25;2025-11-18;INFLA;2024/2025;9999;Alle;85+;M;55945;6292;8333;493;383;92;0,08;881,22;11246,76;684,60;
2025-11-25;2025-11-18;INFLA;2024/2025;9999;Alle;Alle;Alle;5986205;170452;208793;22841;6592;564;0,13;381,56;2847,41;110,12;
2025-11-25;2025-11-18;INFLA;2024/2025;9999;Alle;Alle;K;3013786;90004;108326;12259;3291;255;0,14;406,76;2986,41;109,20;
2025-11-25;2025-11-18;INFLA;2024/2025;9999;Alle;Alle;M;2972419;80448;99211;10582;3301;309;0,13;356,01;2706,48;111,05;
2025-11-25;2025-11-18;INFLA;2024/2025;1084;Hovedstaden;00-01;Alle;40975;7225;9301;729;86;0;0,10;1779,13;17632,70;209,88;
2025-11-25;2025-11-18;INFLA;2024/2025;1084;Hovedstaden;00-01;K;19856;3219;4124;341;37;0;0,11;1717,37;16211,72;186,34;
2025-11-25;2025-11-18;INFLA;2024/2025;1084;Hovedstaden;00-01;M;21119;4006;5177;388;49;0;0,10;1837,21;18968,70;232,02;
2025-11-25;2025-11-18;INFLA;2024/2025;1084;Hovedstaden;02-06;Alle;103158;5117;5983;1346;74;0;0,26;1304,79;4960,35;71,73;
2025-11-25;2025-11-18;INFLA;2024/2025;1084;Hovedstaden;02-06;K;50237;2315;2660;631;29;0;0,27;1256,05;4608,16;57,73;
2025-11-25;2025-11-18;INFLA;2024/2025;1084;Hovedstaden;02-06;M;52921;2802;3323;715;45;0;0,26;1351,07;5294,68;85,03;
2025-11-25;2025-11-18;INFLA;2024/2025;1084;Hovedstaden;07-14;Alle;158917;5852;6510;958;45;0;0,16;602,83;3682,43;28,32;
2025-11-25;2025-11-18;INFLA;2024/2025;1084;Hovedstaden;07-14;K;77541;2719;2995;420;20;0;0,15;541,65;3506,53;25,79;
2025-11-25;2025-11-18;INFLA;2024/2025;1084;Hovedstaden;07-14;M;81376;3133;3515;538;25;0;0,17;661,13;3850,03;30,72;
2025-11-25;2025-11-18;INFLA;2024/2025;1084;Hovedstaden;15-44;Alle;808238;26542;29735;4174;237;2;0,16;516,43;3283,93;29,32;
2025-11-25;2025-11-18;INFLA;2024/2025;1084;Hovedstaden;15-44;K;406108;15979;17946;2524;140;0;0,16;621,51;3934,67;34,47;
2025-11-25;2025-11-18;INFLA;2024/2025;1084;Hovedstaden;15-44;M;402130;10563;11789;1650;97;2;0,16;410,32;2626,76;24,12;
2025-11-25;2025-11-18;INFLA;2024/2025;1084;Hovedstaden;45-64;Alle;477873;20367;24448;2788;406;16;0,14;583,42;4262,01;84,96;
2025-11-25;2025-11-18;INFLA;2024/2025;1084;Hovedstaden;45-64;K;241203;11568;13803;1571;206;4;0,14;651,32;4795,96;85,41;
2025-11-25;2025-11-18;INFLA;2024/2025;1084;Hovedstaden;45-64;M;236670;8799;10645;1217;200;12;0,14;514,22;3717,83;84,51;
2025-11-25;2025-11-18;INFLA;2024/2025;1084;Hovedstaden;65-74;Alle;167030;10906;14446;1020;320;27;0,09;610,67;6529,37;191,58;
2025-11-25;2025-11-18;INFLA;2024/2025;1084;Hovedstaden;65-74;K;87768;5663;7410;529;153;14;0,09;602,73;6452,24;174,32;
2025-11-25;2025-11-18;INFLA;2024/2025;1084;Hovedstaden;65-74;M;79262;5243;7036;491;167;13;0,09;619,46;6614,77;210,69;
2025-11-25;2025-11-18;INFLA;2024/2025;1084;Hovedstaden;75-84;Alle;131910;12607;17428;980;522;66;0,08;742,93;9557,27;395,72;
2025-11-25;2025-11-18;INFLA;2024/2025;1084;Hovedstaden;75-84;K;73912;6525;8857;510;264;26;0,08;690,01;8828,07;357,18;
2025-11-25;2025-11-18;INFLA;2024/2025;1084;Hovedstaden;75-84;M;57998;6082;8571;470;258;40;0,08;810,37;10486,57;444,84;
2025-11-25;2025-11-18;INFLA;2024/2025;1084;Hovedstaden;85+;Alle;41112;6431;8930;389;260;49;0,06;946,20;15642,63;632,42;
2025-11-25;2025-11-18;INFLA;2024/2025;1084;Hovedstaden;85+;K;26651;3784;5175;252;176;32;0,07;945,56;14198,34;660,39;
2025-11-25;2025-11-18;INFLA;2024/2025;1084;Hovedstaden;85+;M;14461;2647;3755;137;84;17;0,05;947,38;18304,40;580,87;
2025-11-25;2025-11-18;INFLA;2024/2025;1084;Hovedstaden;Alle;Alle;1929213;95047;116781;12384;1950;160;0,13;641,92;4926,72;101,08;
2025-11-25;2025-11-18;INFLA;2024/2025;1084;Hovedstaden;Alle;K;983276;51772;62970;6778;1025;76;0,13;689,33;5265,26;104,24;
2025-11-25;2025-11-18;INFLA;2024/2025;1084;Hovedstaden;Alle;M;945937;43275;53811;5606;925;84;0,13;592,64;4574,83;97,79;
2025-11-25;2025-11-18;INFLA;2024/2025;1082;Midtjylland;00-01;Alle;27574;1120;1290;116;44;0;0,10;420,69;4061,80;159,57;
2025-11-25;2025-11-18;INFLA;2024/2025;1082;Midtjylland;00-01;K;13401;499;576;53;22;0;0,11;395,49;3723,60;164,17;
2025-11-25;2025-11-18;INFLA;2024/2025;1082;Midtjylland;00-01;M;14173;621;714;63;22;0;0,10;444,51;4381,57;155,22;
2025-11-25;2025-11-18;INFLA;2024/2025;1082;Midtjylland;02-06;Alle;74307;546;647;157;39;0;0,29;211,29;734,79;52,48;
2025-11-25;2025-11-18;INFLA;2024/2025;1082;Midtjylland;02-06;K;36111;249;293;77;17;0;0,31;213,23;689,54;47,08;
2025-11-25;2025-11-18;INFLA;2024/2025;1082;Midtjylland;02-06;M;38196;297;354;80;22;0;0,27;209,45;777,57;57,60;
2025-11-25;2025-11-18;INFLA;2024/2025;1082;Midtjylland;07-14;Alle;117989;585;630;116;16;0;0,20;98,31;495,81;13,56;
2025-11-25;2025-11-18;INFLA;2024/2025;1082;Midtjylland;07-14;K;57434;274;300;48;5;0;0,18;83,57;477,07;8,71;
2025-11-25;2025-11-18;INFLA;2024/2025;1082;Midtjylland;07-14;M;60555;311;330;68;11;0;0,22;112,29;513,58;18,17;
2025-11-25;2025-11-18;INFLA;2024/2025;1082;Midtjylland;15-44;Alle;524732;3604;3929;666;146;0;0,18;126,92;686,83;27,82;
2025-11-25;2025-11-18;INFLA;2024/2025;1082;Midtjylland;15-44;K;257967;2154;2345;404;88;0;0,19;156,61;834,99;34,11;
2025-11-25;2025-11-18;INFLA;2024/2025;1082;Midtjylland;15-44;M;266765;1450;1584;262;58;0;0,18;98,21;543,55;21,74;
2025-11-25;2025-11-18;INFLA;2024/2025;1082;Midtjylland;45-64;Alle;345495;3350;3817;622;262;4;0,19;180,03;969,62;75,83;
2025-11-25;2025-11-18;INFLA;2024/2025;1082;Midtjylland;45-64;K;173209;1775;2014;318;115;1;0,18;183,59;1024,77;66,39;
2025-11-25;2025-11-18;INFLA;2024/2025;1082;Midtjylland;45-64;M;172286;1575;1803;304;147;3;0,19;176,45;914,18;85,32;
2025-11-25;2025-11-18;INFLA;2024/2025;1082;Midtjylland;65-74;Alle;143816;2296;2638;339;221;12;0,15;235,72;1596,48;153,67;
2025-11-25;2025-11-18;INFLA;2024/2025;1082;Midtjylland;65-74;K;73654;1063;1215;147;96;4;0,14;199,58;1443,23;130,34;
2025-11-25;2025-11-18;INFLA;2024/2025;1082;Midtjylland;65-74;M;70162;1233;1423;192;125;8;0,16;273,65;1757,36;178,16;
2025-11-25;2025-11-18;INFLA;2024/2025;1082;Midtjylland;75-84;Alle;106152;2482;2793;356;289;26;0,14;335,37;2338,16;272,25;
2025-11-25;2025-11-18;INFLA;2024/2025;1082;Midtjylland;75-84;K;56445;1144;1278;170;138;8;0,15;301,18;2026,75;244,49;
2025-11-25;2025-11-18;INFLA;2024/2025;1082;Midtjylland;75-84;M;49707;1338;1515;186;151;18;0,14;374,19;2691,77;303,78;
2025-11-25;2025-11-18;INFLA;2024/2025;1082;Midtjylland;85+;Alle;32789;1192;1302;192;166;27;0,16;585,56;3635,37;506,27;
2025-11-25;2025-11-18;INFLA;2024/2025;1082;Midtjylland;85+;K;20111;618;670;107;92;14;0,17;532,05;3072,95;457,46;
2025-11-25;2025-11-18;INFLA;2024/2025;1082;Midtjylland;85+;M;12678;574;632;85;74;13;0,15;670,45;4527,53;583,69;
2025-11-25;2025-11-18;INFLA;2024/2025;1082;Midtjylland;Alle;Alle;1372854;15175;17046;2564;1183;69;0,17;186,76;1105,36;86,17;
2025-11-25;2025-11-18;INFLA;2024/2025;1082;Midtjylland;Alle;K;688332;7776;8691;1324;573;27;0,17;192,35;1129,69;83,24;
2025-11-25;2025-11-18;INFLA;2024/2025;1082;Midtjylland;Alle;M;684522;7399;8355;1240;610;42;0,17;181,15;1080,90;89,11;
2025-11-25;2025-11-18;INFLA;2024/2025;1081;Nordjylland;00-01;Alle;10492;1035;1275;99;36;0;0,10;943,58;9864,66;343,12;
2025-11-25;2025-11-18;INFLA;2024/2025;1081;Nordjylland;00-01;K;5020;433;529;45;19;0;0,10;896,41;8625,50;378,49;
2025-11-25;2025-11-18;INFLA;2024/2025;1081;Nordjylland;00-01;M;5472;602;746;54;17;0;0,09;986,84;11001,46;310,67;
2025-11-25;2025-11-18;INFLA;2024/2025;1081;Nordjylland;02-06;Alle;29616;421;502;100;28;0;0,24;337,66;1421,53;94,54;
2025-11-25;2025-11-18;INFLA;2024/2025;1081;Nordjylland;02-06;K;14319;175;200;33;10;0;0,19;230,46;1222,15;69,84;
2025-11-25;2025-11-18;INFLA;2024/2025;1081;Nordjylland;02-06;M;15297;246;302;67;18;0;0,27;437,99;1608,16;117,67;
2025-11-25;2025-11-18;INFLA;2024/2025;1081;Nordjylland;07-14;Alle;48212;269;328;34;11;0;0,13;70,52;557,95;22,82;
2025-11-25;2025-11-18;INFLA;2024/2025;1081;Nordjylland;07-14;K;23523;118;155;7;1;0;0,06;29,76;501,64;4,25;
2025-11-25;2025-11-18;INFLA;2024/2025;1081;Nordjylland;07-14;M;24689;151;173;27;10;0;0,18;109,36;611,61;40,50;
2025-11-25;2025-11-18;INFLA;2024/2025;1081;Nordjylland;15-44;Alle;211994;1503;1731;196;71;5;0,13;92,46;708,98;33,49;
2025-11-25;2025-11-18;INFLA;2024/2025;1081;Nordjylland;15-44;K;101310;903;1030;107;42;1;0,12;105,62;891,32;41,46;
2025-11-25;2025-11-18;INFLA;2024/2025;1081;Nordjylland;15-44;M;110684;600;701;89;29;4;0,15;80,41;542,08;26,20;
2025-11-25;2025-11-18;INFLA;2024/2025;1081;Nordjylland;45-64;Alle;152924;1877;2345;257;162;10;0,14;168,06;1227,41;105,93;
2025-11-25;2025-11-18;INFLA;2024/2025;1081;Nordjylland;45-64;K;76073;918;1132;142;83;3;0,15;186,66;1206,74;109,11;
2025-11-25;2025-11-18;INFLA;2024/2025;1081;Nordjylland;45-64;M;76851;959;1213;115;79;7;0,12;149,64;1247,87;102,80;
2025-11-25;2025-11-18;INFLA;2024/2025;1081;Nordjylland;65-74;Alle;69390;1791;2320;203;152;16;0,11;292,55;2581,06;219,05;
2025-11-25;2025-11-18;INFLA;2024/2025;1081;Nordjylland;65-74;K;35396;818;1088;103;77;7;0,13;290,99;2311,00;217,54;
2025-11-25;2025-11-18;INFLA;2024/2025;1081;Nordjylland;65-74;M;33994;973;1232;100;75;9;0,10;294,17;2862,27;220,63;
2025-11-25;2025-11-18;INFLA;2024/2025;1081;Nordjylland;75-84;Alle;52788;2564;3309;231;201;29;0,09;437,60;4857,16;380,77;
2025-11-25;2025-11-18;INFLA;2024/2025;1081;Nordjylland;75-84;K;27879;1176;1461;107;95;13;0,09;383,80;4218,23;340,76;
2025-11-25;2025-11-18;INFLA;2024/2025;1081;Nordjylland;75-84;M;24909;1388;1848;124;106;16;0,09;497,81;5572,28;425,55;
2025-11-25;2025-11-18;INFLA;2024/2025;1081;Nordjylland;85+;Alle;16394;1391;1676;126;109;31;0,09;768,57;8484,81;664,88;
2025-11-25;2025-11-18;INFLA;2024/2025;1081;Nordjylland;85+;K;9943;732;857;74;66;19;0,10;744,24;7361,96;663,78;
2025-11-25;2025-11-18;INFLA;2024/2025;1081;Nordjylland;85+;M;6451;659;819;52;43;12;0,08;806,08;10215,47;666,56;
2025-11-25;2025-11-18;INFLA;2024/2025;1081;Nordjylland;Alle;Alle;591810;10851;13486;1246;770;91;0,11;210,54;1833,53;130,11;
2025-11-25;2025-11-18;INFLA;2024/2025;1081;Nordjylland;Alle;K;293463;5273;6452;618;393;43;0,12;210,59;1796,82;133,92;
2025-11-25;2025-11-18;INFLA;2024/2025;1081;Nordjylland;Alle;M;298347;5578;7034;628;377;48;0,11;210,49;1869,64;126,36;
2025-11-25;2025-11-18;INFLA;2024/2025;1085;Sjælland;00-01;Alle;14101;1914;2390;170;40;0;0,09;1205,59;13573,51;283,67;
2025-11-25;2025-11-18;INFLA;2024/2025;1085;Sjælland;00-01;K;6865;870;1066;75;18;0;0,09;1092,50;12672,98;262,20;
2025-11-25;2025-11-18;INFLA;2024/2025;1085;Sjælland;00-01;M;7236;1044;1324;95;22;0;0,09;1312,88;14427,86;304,04;
2025-11-25;2025-11-18;INFLA;2024/2025;1085;Sjælland;02-06;Alle;42139;1162;1330;283;29;0;0,24;671,59;2757,54;68,82;
2025-11-25;2025-11-18;INFLA;2024/2025;1085;Sjælland;02-06;K;20455;548;631;146;14;0;0,27;713,76;2679,05;68,44;
2025-11-25;2025-11-18;INFLA;2024/2025;1085;Sjælland;02-06;M;21684;614;699;137;15;0;0,22;631,80;2831,58;69,18;
2025-11-25;2025-11-18;INFLA;2024/2025;1085;Sjælland;07-14;Alle;71260;1161;1262;189;14;0;0,16;265,23;1629,25;19,65;
2025-11-25;2025-11-18;INFLA;2024/2025;1085;Sjælland;07-14;K;34644;525;569;94;8;0;0,18;271,33;1515,41;23,09;
2025-11-25;2025-11-18;INFLA;2024/2025;1085;Sjælland;07-14;M;36616;636;693;95;6;0;0,15;259,45;1736,95;16,39;
2025-11-25;2025-11-18;INFLA;2024/2025;1085;Sjælland;15-44;Alle;277784;4939;5478;861;130;1;0,17;309,95;1778,00;46,80;
2025-11-25;2025-11-18;INFLA;2024/2025;1085;Sjælland;15-44;K;134626;2923;3233;540;79;1;0,18;401,11;2171,20;58,68;
2025-11-25;2025-11-18;INFLA;2024/2025;1085;Sjælland;15-44;M;143158;2016;2245;321;51;0;0,16;224,23;1408,23;35,62;
2025-11-25;2025-11-18;INFLA;2024/2025;1085;Sjælland;45-64;Alle;241024;5320;6575;869;244;5;0,16;360,55;2207,25;101,23;
2025-11-25;2025-11-18;INFLA;2024/2025;1085;Sjælland;45-64;K;121093;2931;3495;510;124;1;0,17;421,16;2420,45;102,40;
2025-11-25;2025-11-18;INFLA;2024/2025;1085;Sjælland;45-64;M;119931;2389;3080;359;120;4;0,15;299,34;1991,98;100,06;
2025-11-25;2025-11-18;INFLA;2024/2025;1085;Sjælland;65-74;Alle;102378;3892;5363;393;221;21;0,10;383,87;3801,60;215,87;
2025-11-25;2025-11-18;INFLA;2024/2025;1085;Sjælland;65-74;K;52875;1964;2589;187;98;8;0,10;353,66;3714,42;185,34;
2025-11-25;2025-11-18;INFLA;2024/2025;1085;Sjælland;65-74;M;49503;1928;2774;206;123;13;0,11;416,14;3894,71;248,47;
2025-11-25;2025-11-18;INFLA;2024/2025;1085;Sjælland;75-84;Alle;81478;5036;6981;369;261;25;0,07;452,88;6180,81;320,33;
2025-11-25;2025-11-18;INFLA;2024/2025;1085;Sjælland;75-84;K;43970;2329;3129;179;120;11;0,08;407,10;5296,79;272,91;
2025-11-25;2025-11-18;INFLA;2024/2025;1085;Sjælland;75-84;M;37508;2707;3852;190;141;14;0,07;506,56;7217,13;375,92;
2025-11-25;2025-11-18;INFLA;2024/2025;1085;Sjælland;85+;Alle;23191;2619;3505;198;156;38;0,08;853,78;11293,17;672,67;
2025-11-25;2025-11-18;INFLA;2024/2025;1085;Sjælland;85+;K;14161;1471;1927;111;84;18;0,08;783,84;10387,68;593,18;
2025-11-25;2025-11-18;INFLA;2024/2025;1085;Sjælland;85+;M;9030;1148;1578;87;72;20;0,08;963,46;12713,18;797,34;
2025-11-25;2025-11-18;INFLA;2024/2025;1085;Sjælland;Alle;Alle;853355;26043;32884;3332;1095;90;0,13;390,46;3051,84;128,32;
2025-11-25;2025-11-18;INFLA;2024/2025;1085;Sjælland;Alle;K;428689;13561;16639;1842;545;39;0,14;429,68;3163,37;127,13;
2025-11-25;2025-11-18;INFLA;2024/2025;1085;Sjælland;Alle;M;424666;12482;16245;1490;550;51;0,12;350,86;2939,25;129,51;
2025-11-25;2025-11-18;INFLA;2024/2025;1083;Syddanmark;00-01;Alle;22199;855;956;99;30;0;0,12;445,97;3851,52;135,14;
2025-11-25;2025-11-18;INFLA;2024/2025;1083;Syddanmark;00-01;K;10773;385;429;55;15;0;0,14;510,54;3573,75;139,24;
2025-11-25;2025-11-18;INFLA;2024/2025;1083;Syddanmark;00-01;M;11426;470;527;44;15;0;0,09;385,09;4113,43;131,28;
2025-11-25;2025-11-18;INFLA;2024/2025;1083;Syddanmark;02-06;Alle;62659;487;582;145;40;0;0,30;231,41;777,22;63,84;
2025-11-25;2025-11-18;INFLA;2024/2025;1083;Syddanmark;02-06;K;30503;234;269;68;15;0;0,29;222,93;767,14;49,18;
2025-11-25;2025-11-18;INFLA;2024/2025;1083;Syddanmark;02-06;M;32156;253;313;77;25;0;0,30;239,46;786,79;77,75;
2025-11-25;2025-11-18;INFLA;2024/2025;1083;Syddanmark;07-14;Alle;104780;502;561;96;15;0;0,19;91,62;479,10;14,32;
2025-11-25;2025-11-18;INFLA;2024/2025;1083;Syddanmark;07-14;K;50924;222;255;52;7;0;0,23;102,11;435,94;13,75;
2025-11-25;2025-11-18;INFLA;2024/2025;1083;Syddanmark;07-14;M;53856;280;306;44;8;0;0,16;81,70;519,90;14,85;
2025-11-25;2025-11-18;INFLA;2024/2025;1083;Syddanmark;15-44;Alle;432477;4195;4732;684;136;4;0,16;158,16;969,99;31,45;
2025-11-25;2025-11-18;INFLA;2024/2025;1083;Syddanmark;15-44;K;209654;2478;2823;425;80;2;0,17;202,71;1181,95;38,16;
2025-11-25;2025-11-18;INFLA;2024/2025;1083;Syddanmark;15-44;M;222823;1717;1909;259;56;2;0,15;116,24;770,57;25,13;
2025-11-25;2025-11-18;INFLA;2024/2025;1083;Syddanmark;45-64;Alle;330596;4730;5900;824;364;15;0,17;249,25;1430,75;110,10;
2025-11-25;2025-11-18;INFLA;2024/2025;1083;Syddanmark;45-64;K;165610;2498;3075;426;175;7;0,17;257,23;1508,36;105,67;
2025-11-25;2025-11-18;INFLA;2024/2025;1083;Syddanmark;45-64;M;164986;2232;2825;398;189;8;0,18;241,23;1352,84;114,56;
2025-11-25;2025-11-18;INFLA;2024/2025;1083;Syddanmark;65-74;Alle;142642;3880;5041;563;375;35;0,15;394,69;2720,10;262,90;
2025-11-25;2025-11-18;INFLA;2024/2025;1083;Syddanmark;65-74;K;72856;1783;2272;260;172;12;0,15;356,87;2447,29;236,08;
2025-11-25;2025-11-18;INFLA;2024/2025;1083;Syddanmark;65-74;M;69786;2097;2769;303;203;23;0,14;434,18;3004,90;290,89;
2025-11-25;2025-11-18;INFLA;2024/2025;1083;Syddanmark;75-84;Alle;108823;4773;6183;514;399;43;0,11;472,33;4386,02;366,65;
2025-11-25;2025-11-18;INFLA;2024/2025;1083;Syddanmark;75-84;K;58234;2129;2711;225;174;22;0,11;386,37;3655,94;298,79;
2025-11-25;2025-11-18;INFLA;2024/2025;1083;Syddanmark;75-84;M;50589;2644;3472;289;225;21;0,11;571,27;5226,43;444,76;
2025-11-25;2025-11-18;INFLA;2024/2025;1083;Syddanmark;85+;Alle;34797;2600;3211;266;222;55;0,10;764,43;7471,91;637,99;
2025-11-25;2025-11-18;INFLA;2024/2025;1083;Syddanmark;85+;K;21472;1353;1662;136;113;25;0,10;633,38;6301,23;526,27;
2025-11-25;2025-11-18;INFLA;2024/2025;1083;Syddanmark;85+;M;13325;1247;1549;130;109;30;0,10;975,61;9358,35;818,01;
2025-11-25;2025-11-18;INFLA;2024/2025;1083;Syddanmark;Alle;Alle;1238973;22022;27166;3191;1581;152;0,14;257,55;1777,44;127,61;
2025-11-25;2025-11-18;INFLA;2024/2025;1083;Syddanmark;Alle;K;620026;11082;13496;1647;751;68;0,15;265,63;1787,34;121,12;
2025-11-25;2025-11-18;INFLA;2024/2025;1083;Syddanmark;Alle;M;618947;10940;13670;1544;830;84;0,14;249,46;1767,52;134,10;
2025-11-25;2025-11-18;INFLA;2025/2026;9999;Alle;00-01;Alle;116795;2800;3163;21;4;0;0,01;17,98;2397,36;3,42;
2025-11-25;2025-11-18;INFLA;2025/2026;9999;Alle;00-01;K;56640;1186;1316;13;1;0;0,01;22,95;2093,93;1,77;
2025-11-25;2025-11-18;INFLA;2025/2026;9999;Alle;00-01;M;60155;1613;1815;8;3;0;0,00;13,30;2681,41;4,99;
2025-11-25;2025-11-18;INFLA;2025/2026;9999;Alle;02-06;Alle;309543;1146;1301;59;4;0;0,05;19,06;370,22;1,29;
2025-11-25;2025-11-18;INFLA;2025/2026;9999;Alle;02-06;K;150346;497;553;25;1;0;0,05;16,63;330,57;0,67;
2025-11-25;2025-11-18;INFLA;2025/2026;9999;Alle;02-06;M;159197;649;732;34;3;0;0,05;21,36;407,67;1,88;
2025-11-25;2025-11-18;INFLA;2025/2026;9999;Alle;07-14;Alle;500270;1203;1312;57;4;0;0,05;11,39;240,47;0,80;
2025-11-25;2025-11-18;INFLA;2025/2026;9999;Alle;07-14;K;243523;536;585;17;0;0;0,03;6,98;220,10;0,00;
2025-11-25;2025-11-18;INFLA;2025/2026;9999;Alle;07-14;M;256747;667;717;40;4;0;0,06;15,58;259,79;1,56;
2025-11-25;2025-11-18;INFLA;2025/2026;9999;Alle;15-44;Alle;2269199;10410;11303;363;51;0;0,03;16,00;458,75;2,25;
2025-11-25;2025-11-18;INFLA;2025/2026;9999;Alle;15-44;K;1116134;6244;6684;210;31;0;0,03;18,81;559,43;2,78;
2025-11-25;2025-11-18;INFLA;2025/2026;9999;Alle;15-44;M;1153065;4166;4467;153;20;0;0,04;13,27;361,30;1,73;
2025-11-25;2025-11-18;INFLA;2025/2026;9999;Alle;45-64;Alle;1545559;11058;12967;324;79;1;0,03;20,96;715,47;5,11;
2025-11-25;2025-11-18;INFLA;2025/2026;9999;Alle;45-64;K;776043;5894;6737;174;34;0;0,03;22,42;759,49;4,38;
2025-11-25;2025-11-18;INFLA;2025/2026;9999;Alle;45-64;M;769516;5164;6086;150;45;1;0,03;19,49;671,07;5,85;
2025-11-25;2025-11-18;INFLA;2025/2026;9999;Alle;65-74;Alle;628665;8162;10035;149;92;3;0,02;23,70;1298,31;14,63;
2025-11-25;2025-11-18;INFLA;2025/2026;9999;Alle;65-74;K;324059;4056;4856;76;42;2;0,02;23,45;1251,62;12,96;
2025-11-25;2025-11-18;INFLA;2025/2026;9999;Alle;65-74;M;304606;4106;5093;73;50;1;0,02;23,97;1347,97;16,41;
2025-11-25;2025-11-18;INFLA;2025/2026;9999;Alle;75-84;Alle;486688;10817;13332;147;100;10;0,01;30,20;2222,57;20,55;
2025-11-25;2025-11-18;INFLA;2025/2026;9999;Alle;75-84;K;263591;5101;6212;62;43;3;0,01;23,52;1935,20;16,31;
2025-11-25;2025-11-18;INFLA;2025/2026;9999;Alle;75-84;M;223097;5716;7044;85;57;7;0,01;38,10;2562,11;25,55;
2025-11-25;2025-11-18;INFLA;2025/2026;9999;Alle;85+;Alle;153014;5649;6754;47;32;6;0,01;30,72;3691,82;20,91;
2025-11-25;2025-11-18;INFLA;2025/2026;9999;Alle;85+;K;94855;3028;3542;23;16;1;0,01;24,25;3192,24;16,87;
2025-11-25;2025-11-18;INFLA;2025/2026;9999;Alle;85+;M;58159;2621;3195;24;16;5;0,01;41,27;4506,61;27,51;
2025-11-25;2025-11-18;INFLA;2025/2026;9999;Alle;Alle;Alle;6009733;51245;60167;1167;366;20;0,02;19,42;852,70;6,09;
2025-11-25;2025-11-18;INFLA;2025/2026;9999;Alle;Alle;K;3025191;26542;30485;600;168;6;0,02;19,83;877,37;5,55;
2025-11-25;2025-11-18;INFLA;2025/2026;9999;Alle;Alle;M;2984542;24702;29149;567;198;14;0,02;19,00;827,66;6,63;
2025-11-25;2025-11-18;INFLA;2025/2026;1084;Hovedstaden;00-01;Alle;41943;1855;2114;11;0;0;0,01;26,23;4422,67;0,00;
2025-11-25;2025-11-18;INFLA;2025/2026;1084;Hovedstaden;00-01;K;20470;794;882;8;0;0;0,01;39,08;3878,85;0,00;
2025-11-25;2025-11-18;INFLA;2025/2026;1084;Hovedstaden;00-01;M;21473;1061;1232;3;0;0;0,00;13,97;4941,09;0,00;
2025-11-25;2025-11-18;INFLA;2025/2026;1084;Hovedstaden;02-06;Alle;102394;740;837;49;3;0;0,07;47,85;722,70;2,93;
2025-11-25;2025-11-18;INFLA;2025/2026;1084;Hovedstaden;02-06;K;49698;325;356;20;1;0;0,06;40,24;653,95;2,01;
2025-11-25;2025-11-18;INFLA;2025/2026;1084;Hovedstaden;02-06;M;52696;415;481;29;2;0;0,07;55,03;787,54;3,80;
2025-11-25;2025-11-18;INFLA;2025/2026;1084;Hovedstaden;07-14;Alle;158638;844;908;48;2;0;0,06;30,26;532,03;1,26;
2025-11-25;2025-11-18;INFLA;2025/2026;1084;Hovedstaden;07-14;K;77375;372;405;14;0;0;0,04;18,09;480,78;0,00;
2025-11-25;2025-11-18;INFLA;2025/2026;1084;Hovedstaden;07-14;M;81263;472;503;34;2;0;0,07;41,84;580,83;2,46;
2025-11-25;2025-11-18;INFLA;2025/2026;1084;Hovedstaden;15-44;Alle;815044;6987;7529;269;26;0;0,04;33,00;857,25;3,19;
2025-11-25;2025-11-18;INFLA;2025/2026;1084;Hovedstaden;15-44;K;409592;4260;4597;149;16;0;0,03;36,38;1040,06;3,91;
2025-11-25;2025-11-18;INFLA;2025/2026;1084;Hovedstaden;15-44;M;405452;2727;2932;120;10;0;0,04;29,60;672,58;2,47;
2025-11-25;2025-11-18;INFLA;2025/2026;1084;Hovedstaden;45-64;Alle;478645;6418;7388;200;33;0;0,03;41,78;1340,87;6,89;
2025-11-25;2025-11-18;INFLA;2025/2026;1084;Hovedstaden;45-64;K;241665;3560;4056;112;16;0;0,03;46,35;1473,11;6,62;
2025-11-25;2025-11-18;INFLA;2025/2026;1084;Hovedstaden;45-64;M;236980;2858;3332;88;17;0;0,03;37,13;1206,01;7,17;
2025-11-25;2025-11-18;INFLA;2025/2026;1084;Hovedstaden;65-74;Alle;168499;4042;5045;74;40;0;0,02;43,92;2398,83;23,74;
2025-11-25;2025-11-18;INFLA;2025/2026;1084;Hovedstaden;65-74;K;88376;2085;2559;39;17;0;0,02;44,13;2359,24;19,24;
2025-11-25;2025-11-18;INFLA;2025/2026;1084;Hovedstaden;65-74;M;80123;1957;2486;35;23;0;0,02;43,68;2442,49;28,71;
2025-11-25;2025-11-18;INFLA;2025/2026;1084;Hovedstaden;75-84;Alle;133106;5272;6700;75;44;3;0,01;56,35;3960,75;33,06;
2025-11-25;2025-11-18;INFLA;2025/2026;1084;Hovedstaden;75-84;K;74617;2622;3319;31;21;2;0,01;41,55;3513,94;28,14;
2025-11-25;2025-11-18;INFLA;2025/2026;1084;Hovedstaden;75-84;M;58489;2650;3381;44;23;1;0,02;75,23;4530,77;39,32;
2025-11-25;2025-11-18;INFLA;2025/2026;1084;Hovedstaden;85+;Alle;42496;2792;3490;19;15;3;0,01;44,71;6570,03;35,30;
2025-11-25;2025-11-18;INFLA;2025/2026;1084;Hovedstaden;85+;K;27414;1595;1951;9;7;1;0,01;32,83;5818,20;25,53;
2025-11-25;2025-11-18;INFLA;2025/2026;1084;Hovedstaden;85+;M;15082;1197;1539;10;8;2;0,01;66,30;7936,61;53,04;
2025-11-25;2025-11-18;INFLA;2025/2026;1084;Hovedstaden;Alle;Alle;1940765;28950;34011;745;163;6;0,03;38,39;1491,68;8,40;
2025-11-25;2025-11-18;INFLA;2025/2026;1084;Hovedstaden;Alle;K;989207;15613;18125;382;78;3;0,02;38,62;1578,33;7,89;
2025-11-25;2025-11-18;INFLA;2025/2026;1084;Hovedstaden;Alle;M;951558;13337;15886;363;85;3;0,03;38,15;1401,60;8,93;
2025-11-25;2025-11-18;INFLA;2025/2026;1082;Midtjylland;00-01;Alle;27767;151;166;3;1;0;0,02;10,80;543,81;3,60;
2025-11-25;2025-11-18;INFLA;2025/2026;1082;Midtjylland;00-01;K;13435;71;82;2;0;0;0,03;14,89;528,47;0,00;
2025-11-25;2025-11-18;INFLA;2025/2026;1082;Midtjylland;00-01;M;14332;80;84;1;1;0;0,01;6,98;558,19;6,98;
2025-11-25;2025-11-18;INFLA;2025/2026;1082;Midtjylland;02-06;Alle;73913;68;78;0;0;0;0,00;0,00;92,00;0,00;
2025-11-25;2025-11-18;INFLA;2025/2026;1082;Midtjylland;02-06;K;35893;26;30;0;0;0;0,00;0,00;72,44;0,00;
2025-11-25;2025-11-18;INFLA;2025/2026;1082;Midtjylland;02-06;M;38020;42;48;0;0;0;0,00;0,00;110,47;0,00;
2025-11-25;2025-11-18;INFLA;2025/2026;1082;Midtjylland;07-14;Alle;117872;100;106;2;2;0;0,02;1,70;84,84;1,70;
2025-11-25;2025-11-18;INFLA;2025/2026;1082;Midtjylland;07-14;K;57423;49;53;0;0;0;0,00;0,00;85,33;0,00;
2025-11-25;2025-11-18;INFLA;2025/2026;1082;Midtjylland;07-14;M;60449;51;53;2;2;0;0,04;3,31;84,37;3,31;
2025-11-25;2025-11-18;INFLA;2025/2026;1082;Midtjylland;15-44;Alle;528759;790;831;34;9;0;0,04;6,43;149,41;1,70;
2025-11-25;2025-11-18;INFLA;2025/2026;1082;Midtjylland;15-44;K;259953;477;498;21;5;0;0,04;8,08;183,49;1,92;
2025-11-25;2025-11-18;INFLA;2025/2026;1082;Midtjylland;15-44;M;268806;313;333;13;4;0;0,04;4,84;116,44;1,49;
2025-11-25;2025-11-18;INFLA;2025/2026;1082;Midtjylland;45-64;Alle;345016;817;883;40;19;0;0,05;11,59;236,80;5,51;
2025-11-25;2025-11-18;INFLA;2025/2026;1082;Midtjylland;45-64;K;172972;457;493;22;9;0;0,05;12,72;264,20;5,20;
2025-11-25;2025-11-18;INFLA;2025/2026;1082;Midtjylland;45-64;M;172044;360;390;18;10;0;0,05;10,46;209,25;5,81;
2025-11-25;2025-11-18;INFLA;2025/2026;1082;Midtjylland;65-74;Alle;144354;540;598;25;13;0;0,05;17,32;374,08;9,01;
2025-11-25;2025-11-18;INFLA;2025/2026;1082;Midtjylland;65-74;K;73871;244;262;12;6;0;0,05;16,24;330,31;8,12;
2025-11-25;2025-11-18;INFLA;2025/2026;1082;Midtjylland;65-74;M;70483;296;336;13;7;0;0,04;18,44;419,96;9,93;
2025-11-25;2025-11-18;INFLA;2025/2026;1082;Midtjylland;75-84;Alle;107865;599;631;18;16;1;0,03;16,69;555,32;14,83;
2025-11-25;2025-11-18;INFLA;2025/2026;1082;Midtjylland;75-84;K;57450;267;272;7;5;0;0,03;12,18;464,75;8,70;
2025-11-25;2025-11-18;INFLA;2025/2026;1082;Midtjylland;75-84;M;50415;332;359;11;11;1;0,03;21,82;658,53;21,82;
2025-11-25;2025-11-18;INFLA;2025/2026;1082;Midtjylland;85+;Alle;33810;251;271;7;4;2;0,03;20,70;742,38;11,83;
2025-11-25;2025-11-18;INFLA;2025/2026;1082;Midtjylland;85+;K;20621;122;131;2;1;0;0,02;9,70;591,63;4,85;
2025-11-25;2025-11-18;INFLA;2025/2026;1082;Midtjylland;85+;M;13189;129;140;5;3;2;0,04;37,91;978,09;22,75;
2025-11-25;2025-11-18;INFLA;2025/2026;1082;Midtjylland;Alle;Alle;1379356;3316;3564;129;64;3;0,04;9,35;240,40;4,64;
2025-11-25;2025-11-18;INFLA;2025/2026;1082;Midtjylland;Alle;K;691618;1713;1821;66;26;0;0,04;9,54;247,68;3,76;
2025-11-25;2025-11-18;INFLA;2025/2026;1082;Midtjylland;Alle;M;687738;1603;1743;63;38;3;0,04;9,16;233,08;5,53;
2025-11-25;2025-11-18;INFLA;2025/2026;1081;Nordjylland;00-01;Alle;10579;190;212;0;0;0;0,00;0,00;1796,01;0,00;
2025-11-25;2025-11-18;INFLA;2025/2026;1081;Nordjylland;00-01;K;5120;74;84;0;0;0;0,00;0,00;1445,31;0,00;
2025-11-25;2025-11-18;INFLA;2025/2026;1081;Nordjylland;00-01;M;5459;116;128;0;0;0;0,00;0,00;2124,93;0,00;
2025-11-25;2025-11-18;INFLA;2025/2026;1081;Nordjylland;02-06;Alle;29340;75;83;1;0;0;0,01;3,41;255,62;0,00;
2025-11-25;2025-11-18;INFLA;2025/2026;1081;Nordjylland;02-06;K;14184;24;26;1;0;0;0,04;7,05;169,20;0,00;
2025-11-25;2025-11-18;INFLA;2025/2026;1081;Nordjylland;02-06;M;15156;51;57;0;0;0;0,00;0,00;336,50;0,00;
2025-11-25;2025-11-18;INFLA;2025/2026;1081;Nordjylland;07-14;Alle;48106;49;56;0;0;0;0,00;0,00;101,86;0,00;
2025-11-25;2025-11-18;INFLA;2025/2026;1081;Nordjylland;07-14;K;23401;25;31;0;0;0;0,00;0,00;106,83;0,00;
2025-11-25;2025-11-18;INFLA;2025/2026;1081;Nordjylland;07-14;M;24705;24;25;0;0;0;0,00;0,00;97,15;0,00;
2025-11-25;2025-11-18;INFLA;2025/2026;1081;Nordjylland;15-44;Alle;212807;457;517;7;1;0;0,02;3,29;214,75;0,47;
2025-11-25;2025-11-18;INFLA;2025/2026;1081;Nordjylland;15-44;K;101702;257;279;6;1;0;0,02;5,90;252,70;0,98;
2025-11-25;2025-11-18;INFLA;2025/2026;1081;Nordjylland;15-44;M;111105;200;238;1;0;0;0,01;0,90;180,01;0,00;
2025-11-25;2025-11-18;INFLA;2025/2026;1081;Nordjylland;45-64;Alle;152087;723;914;9;5;0;0,01;5,92;475,39;3,29;
2025-11-25;2025-11-18;INFLA;2025/2026;1081;Nordjylland;45-64;K;75718;347;429;4;3;0;0,01;5,28;458,28;3,96;
2025-11-25;2025-11-18;INFLA;2025/2026;1081;Nordjylland;45-64;M;76369;376;485;5;2;0;0,01;6,55;492,35;2,62;
2025-11-25;2025-11-18;INFLA;2025/2026;1081;Nordjylland;65-74;Alle;69560;812;1006;12;10;1;0,01;17,25;1167,34;14,38;
2025-11-25;2025-11-18;INFLA;2025/2026;1081;Nordjylland;65-74;K;35418;401;502;6;5;1;0,01;16,94;1132,19;14,12;
2025-11-25;2025-11-18;INFLA;2025/2026;1081;Nordjylland;65-74;M;34142;411;504;6;5;0;0,01;17,57;1203,80;14,64;
2025-11-25;2025-11-18;INFLA;2025/2026;1081;Nordjylland;75-84;Alle;53379;1149;1410;8;6;0;0,01;14,99;2152,53;11,24;
2025-11-25;2025-11-18;INFLA;2025/2026;1081;Nordjylland;75-84;K;28235;511;627;3;2;0;0,01;10,63;1809,81;7,08;
2025-11-25;2025-11-18;INFLA;2025/2026;1081;Nordjylland;75-84;M;25144;638;783;5;4;0;0,01;19,89;2537,38;15,91;
2025-11-25;2025-11-18;INFLA;2025/2026;1081;Nordjylland;85+;Alle;16813;603;693;6;3;0;0,01;35,69;3586,51;17,84;
2025-11-25;2025-11-18;INFLA;2025/2026;1081;Nordjylland;85+;K;10172;301;339;2;2;0;0,01;19,66;2959,10;19,66;
2025-11-25;2025-11-18;INFLA;2025/2026;1081;Nordjylland;85+;M;6641;302;354;4;1;0;0,01;60,23;4547,51;15,06;
2025-11-25;2025-11-18;INFLA;2025/2026;1081;Nordjylland;Alle;Alle;592671;4058;4891;43;25;1;0,01;7,26;684,70;4,22;
2025-11-25;2025-11-18;INFLA;2025/2026;1081;Nordjylland;Alle;K;293950;1940;2317;22;13;1;0,01;7,48;659,98;4,42;
2025-11-25;2025-11-18;INFLA;2025/2026;1081;Nordjylland;Alle;M;298721;2118;2574;21;12;0;0,01;7,03;709,02;4,02;
2025-11-25;2025-11-18;INFLA;2025/2026;1085;Sjælland;00-01;Alle;14207;419;473;5;3;0;0,01;35,19;2949,25;21,12;
2025-11-25;2025-11-18;INFLA;2025/2026;1085;Sjælland;00-01;K;6889;183;207;1;1;0;0,01;14,52;2656,41;14,52;
2025-11-25;2025-11-18;INFLA;2025/2026;1085;Sjælland;00-01;M;7318;236;266;4;2;0;0,02;54,66;3224,92;27,33;
2025-11-25;2025-11-18;INFLA;2025/2026;1085;Sjælland;02-06;Alle;41835;163;182;7;1;0;0,04;16,73;389,63;2,39;
2025-11-25;2025-11-18;INFLA;2025/2026;1085;Sjælland;02-06;K;20328;80;94;4;0;0;0,05;19,68;393,55;0,00;
2025-11-25;2025-11-18;INFLA;2025/2026;1085;Sjælland;02-06;M;21507;83;88;3;1;0;0,04;13,95;385,92;4,65;
2025-11-25;2025-11-18;INFLA;2025/2026;1085;Sjælland;07-14;Alle;71048;127;150;4;0;0;0,03;5,63;178,75;0,00;
2025-11-25;2025-11-18;INFLA;2025/2026;1085;Sjælland;07-14;K;34578;56;64;2;0;0;0,04;5,78;161,95;0,00;
2025-11-25;2025-11-18;INFLA;2025/2026;1085;Sjælland;07-14;M;36470;71;86;2;0;0;0,03;5,48;194,68;0,00;
2025-11-25;2025-11-18;INFLA;2025/2026;1085;Sjælland;15-44;Alle;278911;947;1062;29;9;0;0,03;10,40;339,53;3,23;
2025-11-25;2025-11-18;INFLA;2025/2026;1085;Sjælland;15-44;K;135081;555;618;21;7;0;0,04;15,55;410,86;5,18;
2025-11-25;2025-11-18;INFLA;2025/2026;1085;Sjælland;15-44;M;143830;392;444;8;2;0;0,02;5,56;272,54;1,39;
2025-11-25;2025-11-18;INFLA;2025/2026;1085;Sjælland;45-64;Alle;240150;1430;1780;35;9;1;0,02;14,57;595,46;3,75;
2025-11-25;2025-11-18;INFLA;2025/2026;1085;Sjælland;45-64;K;120732;723;875;17;1;0;0,02;14,08;598,85;0,83;
2025-11-25;2025-11-18;INFLA;2025/2026;1085;Sjælland;45-64;M;119418;707;905;18;8;1;0,03;15,07;592,04;6,70;
2025-11-25;2025-11-18;INFLA;2025/2026;1085;Sjælland;65-74;Alle;102811;1376;1732;15;13;2;0,01;14,59;1338,38;12,64;
2025-11-25;2025-11-18;INFLA;2025/2026;1085;Sjælland;65-74;K;52978;672;812;6;5;1;0,01;11,33;1268,45;9,44;
2025-11-25;2025-11-18;INFLA;2025/2026;1085;Sjælland;65-74;M;49833;704;920;9;8;1;0,01;18,06;1412,72;16,05;
2025-11-25;2025-11-18;INFLA;2025/2026;1085;Sjælland;75-84;Alle;82379;1945;2439;15;10;4;0,01;18,21;2361,04;12,14;
2025-11-25;2025-11-18;INFLA;2025/2026;1085;Sjælland;75-84;K;44495;873;1077;6;4;1;0,01;13,48;1962,02;8,99;
2025-11-25;2025-11-18;INFLA;2025/2026;1085;Sjælland;75-84;M;37884;1072;1362;9;6;3;0,01;23,76;2829,69;15,84;
2025-11-25;2025-11-18;INFLA;2025/2026;1085;Sjælland;85+;Alle;23990;985;1159;6;3;1;0,01;25,01;4105,88;12,51;
2025-11-25;2025-11-18;INFLA;2025/2026;1085;Sjælland;85+;K;14578;502;566;3;1;0;0,01;20,58;3443,55;6,86;
2025-11-25;2025-11-18;INFLA;2025/2026;1085;Sjælland;85+;M;9412;483;593;3;2;1;0,01;31,87;5131,75;21,25;
2025-11-25;2025-11-18;INFLA;2025/2026;1085;Sjælland;Alle;Alle;855331;7392;8977;116;48;8;0,02;13,56;864,23;5,61;
2025-11-25;2025-11-18;INFLA;2025/2026;1085;Sjælland;Alle;K;429659;3644;4313;60;19;2;0,02;13,96;848,11;4,42;
2025-11-25;2025-11-18;INFLA;2025/2026;1085;Sjælland;Alle;M;425672;3748;4664;56;29;6;0,01;13,16;880,49;6,81;
2025-11-25;2025-11-18;INFLA;2025/2026;1083;Syddanmark;00-01;Alle;22299;150;162;2;0;0;0,01;8,97;672,68;0,00;
2025-11-25;2025-11-18;INFLA;2025/2026;1083;Syddanmark;00-01;K;10726;52;60;2;0;0;0,04;18,65;484,80;0,00;
2025-11-25;2025-11-18;INFLA;2025/2026;1083;Syddanmark;00-01;M;11573;98;102;0;0;0;0,00;0,00;846,80;0,00;
2025-11-25;2025-11-18;INFLA;2025/2026;1083;Syddanmark;02-06;Alle;62061;81;102;1;0;0;0,01;1,61;130,52;0,00;
2025-11-25;2025-11-18;INFLA;2025/2026;1083;Syddanmark;02-06;K;30243;36;47;0;0;0;0,00;0,00;119,04;0,00;
2025-11-25;2025-11-18;INFLA;2025/2026;1083;Syddanmark;02-06;M;31818;45;55;1;0;0;0,02;3,14;141,43;0,00;
2025-11-25;2025-11-18;INFLA;2025/2026;1083;Syddanmark;07-14;Alle;104606;71;80;3;0;0;0,04;2,87;67,87;0,00;
2025-11-25;2025-11-18;INFLA;2025/2026;1083;Syddanmark;07-14;K;50746;29;30;1;0;0;0,03;1,97;57,15;0,00;
2025-11-25;2025-11-18;INFLA;2025/2026;1083;Syddanmark;07-14;M;53860;42;50;2;0;0;0,05;3,71;77,98;0,00;
2025-11-25;2025-11-18;INFLA;2025/2026;1083;Syddanmark;15-44;Alle;433678;1069;1191;22;5;0;0,02;5,07;246,50;1,15;
2025-11-25;2025-11-18;INFLA;2025/2026;1083;Syddanmark;15-44;K;209806;628;688;12;2;0;0,02;5,72;299,32;0,95;
2025-11-25;2025-11-18;INFLA;2025/2026;1083;Syddanmark;15-44;M;223872;441;503;10;3;0;0,02;4,47;196,99;1,34;
2025-11-25;2025-11-18;INFLA;2025/2026;1083;Syddanmark;45-64;Alle;329661;1525;1830;34;12;0;0,02;10,31;462,60;3,64;
2025-11-25;2025-11-18;INFLA;2025/2026;1083;Syddanmark;45-64;K;164956;748;877;16;5;0;0,02;9,70;453,45;3,03;
2025-11-25;2025-11-18;INFLA;2025/2026;1083;Syddanmark;45-64;M;164705;777;953;18;7;0;0,02;10,93;471,75;4,25;
2025-11-25;2025-11-18;INFLA;2025/2026;1083;Syddanmark;65-74;Alle;143441;1304;1560;17;15;0;0,01;11,85;909,08;10,46;
2025-11-25;2025-11-18;INFLA;2025/2026;1083;Syddanmark;65-74;K;73416;616;716;10;9;0;0,02;13,62;839,05;12,26;
2025-11-25;2025-11-18;INFLA;2025/2026;1083;Syddanmark;65-74;M;70025;688;844;7;6;0;0,01;10,00;982,51;8,57;
2025-11-25;2025-11-18;INFLA;2025/2026;1083;Syddanmark;75-84;Alle;109959;1778;2072;28;24;2;0,02;25,46;1616,97;21,83;
2025-11-25;2025-11-18;INFLA;2025/2026;1083;Syddanmark;75-84;K;58794;797;913;13;11;0;0,02;22,11;1355,58;18,71;
2025-11-25;2025-11-18;INFLA;2025/2026;1083;Syddanmark;75-84;M;51165;981;1159;15;13;2;0,02;29,32;1917,33;25,41;
2025-11-25;2025-11-18;INFLA;2025/2026;1083;Syddanmark;85+;Alle;35905;1001;1124;9;7;0;0,01;25,07;2787,91;19,50;
2025-11-25;2025-11-18;INFLA;2025/2026;1083;Syddanmark;85+;K;22070;498;555;7;5;0;0,01;31,72;2256,46;22,66;
2025-11-25;2025-11-18;INFLA;2025/2026;1083;Syddanmark;85+;M;13835;503;569;2;2;0;0,00;14,46;3635,71;14,46;
2025-11-25;2025-11-18;INFLA;2025/2026;1083;Syddanmark;Alle;Alle;1241610;6979;8121;116;63;2;0,02;9,34;562,09;5,07;
2025-11-25;2025-11-18;INFLA;2025/2026;1083;Syddanmark;Alle;K;620757;3404;3886;61;32;0;0,02;9,83;548,36;5,15;
2025-11-25;2025-11-18;INFLA;2025/2026;1083;Syddanmark;Alle;M;620853;3575;4235;55;31;2;0,02;8,86;575,82;4,99;
2025-11-25;2025-11-18;INFLB;2015/2016;9999;Alle;00-01;Alle;117888;3194;3784;163;66;0;0,05;138,27;2709,35;55,99;
2025-11-25;2025-11-18;INFLB;2015/2016;9999;Alle;00-01;K;57334;1408;1253;72;26;0;0,05;125,58;2455,79;45,35;
2025-11-25;2025-11-18;INFLB;2015/2016;9999;Alle;00-01;M;60554;1784;1534;91;40;0;0,05;150,28;2946,13;66,06;
2025-11-25;2025-11-18;INFLB;2015/2016;9999;Alle;02-06;Alle;309122;1429;1822;318;67;0;0,22;102,87;462,28;21,67;
2025-11-25;2025-11-18;INFLB;2015/2016;9999;Alle;02-06;K;150710;691;732;153;29;0;0,22;101,52;458,50;19,24;
2025-11-25;2025-11-18;INFLB;2015/2016;9999;Alle;02-06;M;158412;738;760;165;38;0;0,22;104,16;465,87;23,99;
2025-11-25;2025-11-18;INFLB;2015/2016;9999;Alle;07-14;Alle;537600;1032;1199;290;58;0;0,28;53,94;191,96;10,79;
2025-11-25;2025-11-18;INFLB;2015/2016;9999;Alle;07-14;K;261968;508;454;143;26;0;0,28;54,59;193,92;9,92;
2025-11-25;2025-11-18;INFLB;2015/2016;9999;Alle;07-14;M;275632;524;467;147;32;0;0,28;53,33;190,11;11,61;
2025-11-25;2025-11-18;INFLB;2015/2016;9999;Alle;15-44;Alle;2175411;5604;6181;912;268;2;0,16;41,92;257,61;12,32;
2025-11-25;2025-11-18;INFLB;2015/2016;9999;Alle;15-44;K;1073318;3310;2325;547;157;1;0,17;50,96;308,39;14,63;
2025-11-25;2025-11-18;INFLB;2015/2016;9999;Alle;15-44;M;1102093;2294;1674;365;111;1;0,16;33,12;208,15;10,07;
2025-11-25;2025-11-18;INFLB;2015/2016;9999;Alle;45-64;Alle;1513217;4809;5848;405;185;4;0,08;26,76;317,80;12,23;
2025-11-25;2025-11-18;INFLB;2015/2016;9999;Alle;45-64;K;755534;2505;2691;229;103;2;0,09;30,31;331,55;13,63;
2025-11-25;2025-11-18;INFLB;2015/2016;9999;Alle;45-64;M;757683;2303;2640;175;82;2;0,08;23,10;303,95;10,82;
2025-11-25;2025-11-18;INFLB;2015/2016;9999;Alle;65-74;Alle;643879;3301;3998;335;227;16;0,10;52,03;512,67;35,26;
2025-11-25;2025-11-18;INFLB;2015/2016;9999;Alle;65-74;K;331322;1553;1722;158;99;5;0,10;47,69;468,73;29,88;
2025-11-25;2025-11-18;INFLB;2015/2016;9999;Alle;65-74;M;312557;1747;2088;177;128;11;0,10;56,63;558,94;40,95;
2025-11-25;2025-11-18;INFLB;2015/2016;9999;Alle;75-84;Alle;323749;2367;2834;223;186;13;0,09;68,88;731,12;57,45;
2025-11-25;2025-11-18;INFLB;2015/2016;9999;Alle;75-84;K;179253;1167;1310;119;99;4;0,10;66,39;651,04;55,23;
2025-11-25;2025-11-18;INFLB;2015/2016;9999;Alle;75-84;M;144496;1199;1408;104;87;9;0,09;71,97;829,78;60,21;
2025-11-25;2025-11-18;INFLB;2015/2016;9999;Alle;85+;Alle;119332;982;1094;78;71;14;0,08;65,36;822,91;59,50;
2025-11-25;2025-11-18;INFLB;2015/2016;9999;Alle;85+;K;79502;578;614;45;41;10;0,08;56,60;727,03;51,57;
2025-11-25;2025-11-18;INFLB;2015/2016;9999;Alle;85+;M;39830;403;444;32;30;4;0,08;80,34;1011,80;75,32;
2025-11-25;2025-11-18;INFLB;2015/2016;9999;Alle;Alle;Alle;5740198;22718;26760;2724;1128;49;0,12;47,45;395,77;19,65;
2025-11-25;2025-11-18;INFLB;2015/2016;9999;Alle;Alle;K;2888941;11720;11101;1466;580;22;0,13;50,75;405,68;20,08;
2025-11-25;2025-11-18;INFLB;2015/2016;9999;Alle;Alle;M;2851257;10992;11015;1256;548;27;0,11;44,05;385,51;19,22;
2025-11-25;2025-11-18;INFLB;2015/2016;1084;Hovedstaden;00-01;Alle;41829;1161;1385;63;15;0;0,05;150,61;2775,59;35,86;
2025-11-25;2025-11-18;INFLB;2015/2016;1084;Hovedstaden;00-01;K;20299;535;635;30;8;0;0,06;147,79;2635,60;39,41;
2025-11-25;2025-11-18;INFLB;2015/2016;1084;Hovedstaden;00-01;M;21530;626;750;33;7;0;0,05;153,27;2907,57;32,51;
2025-11-25;2025-11-18;INFLB;2015/2016;1084;Hovedstaden;02-06;Alle;101981;581;707;141;29;0;0,24;138,26;569,71;28,44;
2025-11-25;2025-11-18;INFLB;2015/2016;1084;Hovedstaden;02-06;K;49793;287;345;71;11;0;0,25;142,59;576,39;22,09;
2025-11-25;2025-11-18;INFLB;2015/2016;1084;Hovedstaden;02-06;M;52188;294;362;70;18;0;0,24;134,13;563,35;34,49;
2025-11-25;2025-11-18;INFLB;2015/2016;1084;Hovedstaden;07-14;Alle;160252;403;466;122;21;0;0,30;76,13;251,48;13,10;
2025-11-25;2025-11-18;INFLB;2015/2016;1084;Hovedstaden;07-14;K;77763;209;247;65;13;0;0,31;83,59;268,77;16,72;
2025-11-25;2025-11-18;INFLB;2015/2016;1084;Hovedstaden;07-14;M;82489;194;219;57;8;0;0,29;69,10;235,18;9,70;
2025-11-25;2025-11-18;INFLB;2015/2016;1084;Hovedstaden;15-44;Alle;751295;1896;2090;313;77;0;0,17;41,66;252,36;10,25;
2025-11-25;2025-11-18;INFLB;2015/2016;1084;Hovedstaden;15-44;K;378970;1130;1226;184;41;0;0,16;48,55;298,18;10,82;
2025-11-25;2025-11-18;INFLB;2015/2016;1084;Hovedstaden;15-44;M;372325;766;864;129;36;0;0,17;34,65;205,73;9,67;
2025-11-25;2025-11-18;INFLB;2015/2016;1084;Hovedstaden;45-64;Alle;441500;1974;2315;168;68;2;0,09;38,05;447,11;15,40;
2025-11-25;2025-11-18;INFLB;2015/2016;1084;Hovedstaden;45-64;K;221555;1077;1237;99;40;1;0,09;44,68;486,11;18,05;
2025-11-25;2025-11-18;INFLB;2015/2016;1084;Hovedstaden;45-64;M;219945;897;1078;69;28;1;0,08;31,37;407,83;12,73;
2025-11-25;2025-11-18;INFLB;2015/2016;1084;Hovedstaden;65-74;Alle;178048;1375;1610;117;70;8;0,09;65,71;772,26;39,32;
2025-11-25;2025-11-18;INFLB;2015/2016;1084;Hovedstaden;65-74;K;94365;660;743;55;27;2;0,08;58,28;699,41;28,61;
2025-11-25;2025-11-18;INFLB;2015/2016;1084;Hovedstaden;65-74;M;83683;715;867;62;43;6;0,09;74,09;854,41;51,38;
2025-11-25;2025-11-18;INFLB;2015/2016;1084;Hovedstaden;75-84;Alle;88882;950;1142;68;56;4;0,07;76,51;1068,83;63,00;
2025-11-25;2025-11-18;INFLB;2015/2016;1084;Hovedstaden;75-84;K;51064;487;573;39;30;2;0,08;76,37;953,71;58,75;
2025-11-25;2025-11-18;INFLB;2015/2016;1084;Hovedstaden;75-84;M;37818;463;569;29;26;2;0,06;76,68;1224,28;68,75;
2025-11-25;2025-11-18;INFLB;2015/2016;1084;Hovedstaden;85+;Alle;34408;427;470;26;24;4;0,06;75,56;1240,99;69,75;
2025-11-25;2025-11-18;INFLB;2015/2016;1084;Hovedstaden;85+;K;23797;267;289;17;16;2;0,06;71,44;1121,99;67,24;
2025-11-25;2025-11-18;INFLB;2015/2016;1084;Hovedstaden;85+;M;10611;160;181;9;8;2;0,06;84,82;1507,87;75,39;
2025-11-25;2025-11-18;INFLB;2015/2016;1084;Hovedstaden;Alle;Alle;1798195;8767;10185;1018;360;18;0,12;56,61;487,54;20,02;
2025-11-25;2025-11-18;INFLB;2015/2016;1084;Hovedstaden;Alle;K;917606;4652;5295;560;186;7;0,12;61,03;506,97;20,27;
2025-11-25;2025-11-18;INFLB;2015/2016;1084;Hovedstaden;Alle;M;880589;4115;4890;458;174;11;0,11;52,01;467,30;19,76;
2025-11-25;2025-11-18;INFLB;2015/2016;1082;Midtjylland;00-01;Alle;27215;618;706;44;23;0;0,07;161,68;2270,81;84,51;
2025-11-25;2025-11-18;INFLB;2015/2016;1082;Midtjylland;00-01;K;13264;250;292;20;8;0;0,08;150,78;1884,80;60,31;
2025-11-25;2025-11-18;INFLB;2015/2016;1082;Midtjylland;00-01;M;13951;368;414;24;15;0;0,07;172,03;2637,80;107,52;
2025-11-25;2025-11-18;INFLB;2015/2016;1082;Midtjylland;02-06;Alle;72081;276;352;55;7;0;0,20;76,30;382,90;9,71;
2025-11-25;2025-11-18;INFLB;2015/2016;1082;Midtjylland;02-06;K;35208;128;169;27;1;0;0,21;76,69;363,55;2,84;
2025-11-25;2025-11-18;INFLB;2015/2016;1082;Midtjylland;02-06;M;36873;148;183;28;6;0;0,19;75,94;401,38;16,27;
2025-11-25;2025-11-18;INFLB;2015/2016;1082;Midtjylland;07-14;Alle;126590;126;146;27;7;0;0,21;21,33;99,53;5,53;
2025-11-25;2025-11-18;INFLB;2015/2016;1082;Midtjylland;07-14;K;62032;56;62;12;1;0;0,21;19,34;90,28;1,61;
2025-11-25;2025-11-18;INFLB;2015/2016;1082;Midtjylland;07-14;M;64558;70;84;15;6;0;0,21;23,23;108,43;9,29;
2025-11-25;2025-11-18;INFLB;2015/2016;1082;Midtjylland;15-44;Alle;499321;478;544;64;23;0;0,13;12,82;95,73;4,61;
2025-11-25;2025-11-18;INFLB;2015/2016;1082;Midtjylland;15-44;K;244519;278;325;38;16;0;0,14;15,54;113,69;6,54;
2025-11-25;2025-11-18;INFLB;2015/2016;1082;Midtjylland;15-44;M;254802;200;219;26;7;0;0,13;10,20;78,49;2,75;
2025-11-25;2025-11-18;INFLB;2015/2016;1082;Midtjylland;45-64;Alle;338942;626;883;49;28;0;0,08;14,46;184,69;8,26;
2025-11-25;2025-11-18;INFLB;2015/2016;1082;Midtjylland;45-64;K;168796;314;423;25;15;0;0,08;14,81;186,02;8,89;
2025-11-25;2025-11-18;INFLB;2015/2016;1082;Midtjylland;45-64;M;170146;312;460;24;13;0;0,08;14,11;183,37;7,64;
2025-11-25;2025-11-18;INFLB;2015/2016;1082;Midtjylland;65-74;Alle;140963;460;574;42;33;1;0,09;29,80;326,33;23,41;
2025-11-25;2025-11-18;INFLB;2015/2016;1082;Midtjylland;65-74;K;71528;209;258;19;13;1;0,09;26,56;292,19;18,17;
2025-11-25;2025-11-18;INFLB;2015/2016;1082;Midtjylland;65-74;M;69435;251;316;23;20;0;0,09;33,12;361,49;28,80;
2025-11-25;2025-11-18;INFLB;2015/2016;1082;Midtjylland;75-84;Alle;70163;371;468;36;34;3;0,10;51,31;528,77;48,46;
2025-11-25;2025-11-18;INFLB;2015/2016;1082;Midtjylland;75-84;K;38330;161;203;22;22;1;0,14;57,40;420,04;57,40;
2025-11-25;2025-11-18;INFLB;2015/2016;1082;Midtjylland;75-84;M;31833;210;265;14;12;2;0,07;43,98;659,69;37,70;
2025-11-25;2025-11-18;INFLB;2015/2016;1082;Midtjylland;85+;Alle;25980;125;141;15;13;5;0,12;57,74;481,14;50,04;
2025-11-25;2025-11-18;INFLB;2015/2016;1082;Midtjylland;85+;K;17101;69;77;8;7;4;0,12;46,78;403,49;40,93;
2025-11-25;2025-11-18;INFLB;2015/2016;1082;Midtjylland;85+;M;8879;56;64;7;6;1;0,13;78,84;630,70;67,58;
2025-11-25;2025-11-18;INFLB;2015/2016;1082;Midtjylland;Alle;Alle;1301255;3080;3814;332;168;9;0,11;25,51;236,69;12,91;
2025-11-25;2025-11-18;INFLB;2015/2016;1082;Midtjylland;Alle;K;650778;1465;1809;171;83;6;0,12;26,28;225,12;12,75;
2025-11-25;2025-11-18;INFLB;2015/2016;1082;Midtjylland;Alle;M;650477;1615;2005;161;85;3;0,10;24,75;248,28;13,07;
2025-11-25;2025-11-18;INFLB;2015/2016;1081;Nordjylland;00-01;Alle;11207;48;53;5;4;0;0,10;44,61;428,30;35,69;
2025-11-25;2025-11-18;INFLB;2015/2016;1081;Nordjylland;00-01;K;5490;29;33;3;2;0;0,10;54,64;528,23;36,43;
2025-11-25;2025-11-18;INFLB;2015/2016;1081;Nordjylland;00-01;M;5717;19;20;2;2;0;0,11;34,98;332,34;34,98;
2025-11-25;2025-11-18;INFLB;2015/2016;1081;Nordjylland;02-06;Alle;29754;38;42;15;8;0;0,39;50,41;127,71;26,89;
2025-11-25;2025-11-18;INFLB;2015/2016;1081;Nordjylland;02-06;K;14480;25;29;10;4;0;0,40;69,06;172,65;27,62;
2025-11-25;2025-11-18;INFLB;2015/2016;1081;Nordjylland;02-06;M;15274;13;13;5;4;0;0,38;32,74;85,11;26,19;
2025-11-25;2025-11-18;INFLB;2015/2016;1081;Nordjylland;07-14;Alle;53638;29;29;6;2;0;0,21;11,19;54,07;3,73;
2025-11-25;2025-11-18;INFLB;2015/2016;1081;Nordjylland;07-14;K;26014;10;10;0;0;0;0,00;0,00;38,44;0,00;
2025-11-25;2025-11-18;INFLB;2015/2016;1081;Nordjylland;07-14;M;27624;19;19;6;2;0;0,32;21,72;68,78;7,24;
2025-11-25;2025-11-18;INFLB;2015/2016;1081;Nordjylland;15-44;Alle;214091;174;190;20;10;0;0,11;9,34;81,27;4,67;
2025-11-25;2025-11-18;INFLB;2015/2016;1081;Nordjylland;15-44;K;102316;106;118;14;7;0;0,13;13,68;103,60;6,84;
2025-11-25;2025-11-18;INFLB;2015/2016;1081;Nordjylland;15-44;M;111775;68;72;6;3;0;0,09;5,37;60,84;2,68;
2025-11-25;2025-11-18;INFLB;2015/2016;1081;Nordjylland;45-64;Alle;159372;240;293;15;11;0;0,06;9,41;150,59;6,90;
2025-11-25;2025-11-18;INFLB;2015/2016;1081;Nordjylland;45-64;K;79195;119;134;7;5;0;0,06;8,84;150,26;6,31;
2025-11-25;2025-11-18;INFLB;2015/2016;1081;Nordjylland;45-64;M;80177;121;159;8;6;0;0,07;9,98;150,92;7,48;
2025-11-25;2025-11-18;INFLB;2015/2016;1081;Nordjylland;65-74;Alle;70754;198;229;23;20;1;0,12;32,51;279,84;28,27;
2025-11-25;2025-11-18;INFLB;2015/2016;1081;Nordjylland;65-74;K;35632;78;82;12;10;0;0,15;33,68;218,90;28,06;
2025-11-25;2025-11-18;INFLB;2015/2016;1081;Nordjylland;65-74;M;35122;120;147;11;10;1;0,09;31,32;341,67;28,47;
2025-11-25;2025-11-18;INFLB;2015/2016;1081;Nordjylland;75-84;Alle;36431;150;163;10;10;1;0,07;27,45;411,74;27,45;
2025-11-25;2025-11-18;INFLB;2015/2016;1081;Nordjylland;75-84;K;19834;69;77;5;5;0;0,07;25,21;347,89;25,21;
2025-11-25;2025-11-18;INFLB;2015/2016;1081;Nordjylland;75-84;M;16597;81;86;5;5;1;0,06;30,13;488,04;30,13;
2025-11-25;2025-11-18;INFLB;2015/2016;1081;Nordjylland;85+;Alle;13599;55;58;7;7;0;0,13;51,47;404,44;51,47;
2025-11-25;2025-11-18;INFLB;2015/2016;1081;Nordjylland;85+;K;8816;27;28;3;3;0;0,11;34,03;306,26;34,03;
2025-11-25;2025-11-18;INFLB;2015/2016;1081;Nordjylland;85+;M;4783;28;30;4;4;0;0,14;83,63;585,41;83,63;
2025-11-25;2025-11-18;INFLB;2015/2016;1081;Nordjylland;Alle;Alle;588846;932;1057;101;72;2;0,11;17,15;158,28;12,23;
2025-11-25;2025-11-18;INFLB;2015/2016;1081;Nordjylland;Alle;K;291777;463;511;54;36;0;0,12;18,51;158,68;12,34;
2025-11-25;2025-11-18;INFLB;2015/2016;1081;Nordjylland;Alle;M;297069;469;546;47;36;2;0,10;15,82;157,88;12,12;
2025-11-25;2025-11-18;INFLB;2015/2016;1085;Sjælland;00-01;Alle;14382;190;213;2;0;0;0,01;13,91;1321,10;0,00;
2025-11-25;2025-11-18;INFLB;2015/2016;1085;Sjælland;00-01;K;6946;86;102;1;0;0;0,01;14,40;1238,12;0,00;
2025-11-25;2025-11-18;INFLB;2015/2016;1085;Sjælland;00-01;M;7436;104;111;1;0;0;0,01;13,45;1398,60;0,00;
2025-11-25;2025-11-18;INFLB;2015/2016;1085;Sjælland;02-06;Alle;41050;72;96;13;1;0;0,18;31,67;175,40;2,44;
2025-11-25;2025-11-18;INFLB;2015/2016;1085;Sjælland;02-06;K;19976;34;35;4;1;0;0,12;20,02;170,20;5,01;
2025-11-25;2025-11-18;INFLB;2015/2016;1085;Sjælland;02-06;M;21074;38;61;9;0;0;0,24;42,71;180,32;0,00;
2025-11-25;2025-11-18;INFLB;2015/2016;1085;Sjælland;07-14;Alle;80916;64;75;12;2;0;0,19;14,83;79,09;2,47;
2025-11-25;2025-11-18;INFLB;2015/2016;1085;Sjælland;07-14;K;39254;33;42;5;1;0;0,15;12,74;84,07;2,55;
2025-11-25;2025-11-18;INFLB;2015/2016;1085;Sjælland;07-14;M;41662;31;33;7;1;0;0,23;16,80;74,41;2,40;
2025-11-25;2025-11-18;INFLB;2015/2016;1085;Sjælland;15-44;Alle;276774;262;304;42;7;0;0,16;15,17;94,66;2,53;
2025-11-25;2025-11-18;INFLB;2015/2016;1085;Sjælland;15-44;K;135671;132;147;27;5;0;0,20;19,90;97,29;3,69;
2025-11-25;2025-11-18;INFLB;2015/2016;1085;Sjælland;15-44;M;141103;130;157;15;2;0;0,12;10,63;92,13;1,42;
2025-11-25;2025-11-18;INFLB;2015/2016;1085;Sjælland;45-64;Alle;239310;392;506;29;17;0;0,07;12,12;163,80;7,10;
2025-11-25;2025-11-18;INFLB;2015/2016;1085;Sjælland;45-64;K;119919;192;231;17;12;0;0,09;14,18;160,11;10,01;
2025-11-25;2025-11-18;INFLB;2015/2016;1085;Sjælland;45-64;M;119391;200;275;12;5;0;0,06;10,05;167,52;4,19;
2025-11-25;2025-11-18;INFLB;2015/2016;1085;Sjælland;65-74;Alle;109862;300;369;31;20;1;0,10;28,22;273,07;18,20;
2025-11-25;2025-11-18;INFLB;2015/2016;1085;Sjælland;65-74;K;56346;145;178;7;4;0;0,05;12,42;257,34;7,10;
2025-11-25;2025-11-18;INFLB;2015/2016;1085;Sjælland;65-74;M;53516;155;191;24;16;1;0,15;44,85;289,63;29,90;
2025-11-25;2025-11-18;INFLB;2015/2016;1085;Sjælland;75-84;Alle;52289;187;218;20;14;0;0,11;38,25;357,63;26,77;
2025-11-25;2025-11-18;INFLB;2015/2016;1085;Sjælland;75-84;K;28487;80;85;7;5;0;0,09;24,57;280,83;17,55;
2025-11-25;2025-11-18;INFLB;2015/2016;1085;Sjælland;75-84;M;23802;107;133;13;9;0;0,12;54,62;449,54;37,81;
2025-11-25;2025-11-18;INFLB;2015/2016;1085;Sjælland;85+;Alle;17669;66;74;5;5;1;0,08;28,30;373,54;28,30;
2025-11-25;2025-11-18;INFLB;2015/2016;1085;Sjælland;85+;K;11616;42;48;3;3;0;0,07;25,83;361,57;25,83;
2025-11-25;2025-11-18;INFLB;2015/2016;1085;Sjælland;85+;M;6053;24;26;2;2;1;0,08;33,04;396,50;33,04;
2025-11-25;2025-11-18;INFLB;2015/2016;1085;Sjælland;Alle;Alle;832252;1533;1855;154;66;2;0,10;18,50;184,20;7,93;
2025-11-25;2025-11-18;INFLB;2015/2016;1085;Sjælland;Alle;K;418215;744;868;71;31;0;0,10;16,98;177,90;7,41;
2025-11-25;2025-11-18;INFLB;2015/2016;1085;Sjælland;Alle;M;414037;789;987;83;35;2;0,11;20,05;190,56;8,45;
2025-11-25;2025-11-18;INFLB;2015/2016;1083;Syddanmark;00-01;Alle;23255;384;425;12;3;0;0,03;51,60;1651,26;12,90;
2025-11-25;2025-11-18;INFLB;2015/2016;1083;Syddanmark;00-01;K;11335;172;191;3;0;0;0,02;26,47;1517,42;0,00;
2025-11-25;2025-11-18;INFLB;2015/2016;1083;Syddanmark;00-01;M;11920;212;234;9;3;0;0,04;75,50;1778,52;25,17;
2025-11-25;2025-11-18;INFLB;2015/2016;1083;Syddanmark;02-06;Alle;64256;211;294;46;8;0;0,22;71,59;328,37;12,45;
2025-11-25;2025-11-18;INFLB;2015/2016;1083;Syddanmark;02-06;K;31253;89;154;18;4;0;0,20;57,59;284,77;12,80;
2025-11-25;2025-11-18;INFLB;2015/2016;1083;Syddanmark;02-06;M;33003;122;140;28;4;0;0,23;84,84;369,66;12,12;
2025-11-25;2025-11-18;INFLB;2015/2016;1083;Syddanmark;07-14;Alle;116204;171;205;53;9;0;0,31;45,61;147,16;7,75;
2025-11-25;2025-11-18;INFLB;2015/2016;1083;Syddanmark;07-14;K;56905;80;93;25;4;0;0,31;43,93;140,59;7,03;
2025-11-25;2025-11-18;INFLB;2015/2016;1083;Syddanmark;07-14;M;59299;91;112;28;5;0;0,31;47,22;153,46;8,43;
2025-11-25;2025-11-18;INFLB;2015/2016;1083;Syddanmark;15-44;Alle;433930;773;865;137;43;1;0,18;31,57;178,14;9,91;
2025-11-25;2025-11-18;INFLB;2015/2016;1083;Syddanmark;15-44;K;211842;458;506;74;19;0;0,16;34,93;216,20;8,97;
2025-11-25;2025-11-18;INFLB;2015/2016;1083;Syddanmark;15-44;M;222088;315;359;63;24;1;0,20;28,37;141,84;10,81;
2025-11-25;2025-11-18;INFLB;2015/2016;1083;Syddanmark;45-64;Alle;334093;1142;1330;110;47;1;0,10;32,92;341,82;14,07;
2025-11-25;2025-11-18;INFLB;2015/2016;1083;Syddanmark;45-64;K;166069;585;665;68;27;0;0,12;40,95;352,26;16,26;
2025-11-25;2025-11-18;INFLB;2015/2016;1083;Syddanmark;45-64;M;168024;557;665;42;20;1;0,08;25,00;331,50;11,90;
2025-11-25;2025-11-18;INFLB;2015/2016;1083;Syddanmark;65-74;Alle;144252;803;1027;104;73;5;0,13;72,10;556,66;50,61;
2025-11-25;2025-11-18;INFLB;2015/2016;1083;Syddanmark;65-74;K;73451;378;460;55;39;2;0,15;74,88;514,63;53,10;
2025-11-25;2025-11-18;INFLB;2015/2016;1083;Syddanmark;65-74;M;70801;425;567;49;34;3;0,12;69,21;600,27;48,02;
2025-11-25;2025-11-18;INFLB;2015/2016;1083;Syddanmark;75-84;Alle;75984;607;727;77;64;5;0,13;101,34;798,85;84,23;
2025-11-25;2025-11-18;INFLB;2015/2016;1083;Syddanmark;75-84;K;41538;314;372;40;33;1;0,13;96,30;755,93;79,45;
2025-11-25;2025-11-18;INFLB;2015/2016;1083;Syddanmark;75-84;M;34446;293;355;37;31;4;0,13;107,41;850,61;90,00;
2025-11-25;2025-11-18;INFLB;2015/2016;1083;Syddanmark;85+;Alle;27676;275;315;19;18;4;0,07;68,65;993,64;65,04;
2025-11-25;2025-11-18;INFLB;2015/2016;1083;Syddanmark;85+;K;18172;151;172;11;10;4;0,07;60,53;830,95;55,03;
2025-11-25;2025-11-18;INFLB;2015/2016;1083;Syddanmark;85+;M;9504;124;143;8;8;0;0,06;84,18;1304,71;84,18;
2025-11-25;2025-11-18;INFLB;2015/2016;1083;Syddanmark;Alle;Alle;1219650;4366;5188;558;265;16;0,13;45,75;357,97;21,73;
2025-11-25;2025-11-18;INFLB;2015/2016;1083;Syddanmark;Alle;K;610565;2227;2613;294;136;7;0,13;48,15;364,74;22,27;
2025-11-25;2025-11-18;INFLB;2015/2016;1083;Syddanmark;Alle;M;609085;2139;2575;264;129;9;0,12;43,34;351,18;21,18;
2025-11-25;2025-11-18;INFLB;2016/2017;9999;Alle;00-01;Alle;122627;3632;4399;8;4;0;0,00;6,52;2961,83;3,26;
2025-11-25;2025-11-18;INFLB;2016/2017;9999;Alle;00-01;K;59594;1603;1553;3;1;0;0,00;5,03;2689,87;1,68;
2025-11-25;2025-11-18;INFLB;2016/2017;9999;Alle;00-01;M;63033;2027;1905;5;3;0;0,00;7,93;3215,78;4,76;
2025-11-25;2025-11-18;INFLB;2016/2017;9999;Alle;02-06;Alle;303785;1247;1632;10;3;0;0,01;3,29;410,49;0,99;
2025-11-25;2025-11-18;INFLB;2016/2017;9999;Alle;02-06;K;147992;626;721;4;2;0;0,01;2,70;423,00;1,35;
2025-11-25;2025-11-18;INFLB;2016/2017;9999;Alle;02-06;M;155793;621;666;6;1;0;0,01;3,85;398,61;0,64;
2025-11-25;2025-11-18;INFLB;2016/2017;9999;Alle;07-14;Alle;539271;1130;1323;17;4;0;0,02;3,15;209,54;0,74;
2025-11-25;2025-11-18;INFLB;2016/2017;9999;Alle;07-14;K;262616;524;477;6;2;0;0,01;2,28;199,53;0,76;
2025-11-25;2025-11-18;INFLB;2016/2017;9999;Alle;07-14;M;276655;606;562;11;2;0;0,02;3,98;219,05;0,72;
2025-11-25;2025-11-18;INFLB;2016/2017;9999;Alle;15-44;Alle;2183469;6426;7089;70;25;0;0,01;3,21;294,30;1,14;
2025-11-25;2025-11-18;INFLB;2016/2017;9999;Alle;15-44;K;1076909;3781;2942;41;16;0;0,01;3,81;351,10;1,49;
2025-11-25;2025-11-18;INFLB;2016/2017;9999;Alle;15-44;M;1106560;2642;2046;29;9;0;0,01;2,62;238,76;0,81;
2025-11-25;2025-11-18;INFLB;2016/2017;9999;Alle;45-64;Alle;1524548;6165;7270;95;44;0;0,02;6,23;404,38;2,89;
2025-11-25;2025-11-18;INFLB;2016/2017;9999;Alle;45-64;K;760980;3189;3466;47;21;0;0,01;6,18;419,06;2,76;
2025-11-25;2025-11-18;INFLB;2016/2017;9999;Alle;45-64;M;763568;2972;3320;48;23;0;0,02;6,29;389,23;3,01;
2025-11-25;2025-11-18;INFLB;2016/2017;9999;Alle;65-74;Alle;650123;4536;5623;43;31;2;0,01;6,61;697,71;4,77;
2025-11-25;2025-11-18;INFLB;2016/2017;9999;Alle;65-74;K;334620;2216;2582;22;15;0;0,01;6,57;662,24;4,48;
2025-11-25;2025-11-18;INFLB;2016/2017;9999;Alle;65-74;M;315503;2319;2853;21;16;2;0,01;6,66;735,02;5,07;
2025-11-25;2025-11-18;INFLB;2016/2017;9999;Alle;75-84;Alle;336420;3683;4422;16;13;0;0,00;4,76;1094,76;3,86;
2025-11-25;2025-11-18;INFLB;2016/2017;9999;Alle;75-84;K;185411;1770;2038;10;8;0;0,01;5,39;954,64;4,31;
2025-11-25;2025-11-18;INFLB;2016/2017;9999;Alle;75-84;M;151009;1911;2249;6;5;0;0,00;3,97;1265,49;3,31;
2025-11-25;2025-11-18;INFLB;2016/2017;9999;Alle;85+;Alle;120432;1873;2163;10;10;4;0,01;8,30;1555,23;8,30;
2025-11-25;2025-11-18;INFLB;2016/2017;9999;Alle;85+;K;79663;1034;1134;6;6;2;0,01;7,53;1297,97;7,53;
2025-11-25;2025-11-18;INFLB;2016/2017;9999;Alle;85+;M;40769;836;970;4;4;2;0,00;9,81;2050,58;9,81;
2025-11-25;2025-11-18;INFLB;2016/2017;9999;Alle;Alle;Alle;5780675;28692;33921;269;134;6;0,01;4,65;496,34;2,32;
2025-11-25;2025-11-18;INFLB;2016/2017;9999;Alle;Alle;K;2907785;14743;14913;139;71;2;0,01;4,78;507,02;2,44;
2025-11-25;2025-11-18;INFLB;2016/2017;9999;Alle;Alle;M;2872890;13934;14571;130;63;4;0,01;4,53;485,02;2,19;
2025-11-25;2025-11-18;INFLB;2016/2017;1084;Hovedstaden;00-01;Alle;43618;1692;2045;6;2;0;0,00;13,76;3879,13;4,59;
2025-11-25;2025-11-18;INFLB;2016/2017;1084;Hovedstaden;00-01;K;21212;767;940;2;0;0;0,00;9,43;3615,88;0,00;
2025-11-25;2025-11-18;INFLB;2016/2017;1084;Hovedstaden;00-01;M;22406;925;1105;4;2;0;0,00;17,85;4128,36;8,93;
2025-11-25;2025-11-18;INFLB;2016/2017;1084;Hovedstaden;02-06;Alle;100572;569;746;8;3;0;0,01;7,95;565,76;2,98;
2025-11-25;2025-11-18;INFLB;2016/2017;1084;Hovedstaden;02-06;K;49032;286;391;3;2;0;0,01;6,12;583,29;4,08;
2025-11-25;2025-11-18;INFLB;2016/2017;1084;Hovedstaden;02-06;M;51540;283;355;5;1;0;0,02;9,70;549,09;1,94;
2025-11-25;2025-11-18;INFLB;2016/2017;1084;Hovedstaden;07-14;Alle;162040;469;518;11;2;0;0,02;6,79;289,43;1,23;
2025-11-25;2025-11-18;INFLB;2016/2017;1084;Hovedstaden;07-14;K;78720;215;242;2;1;0;0,01;2,54;273,12;1,27;
2025-11-25;2025-11-18;INFLB;2016/2017;1084;Hovedstaden;07-14;M;83320;254;276;9;1;0;0,04;10,80;304,85;1,20;
2025-11-25;2025-11-18;INFLB;2016/2017;1084;Hovedstaden;15-44;Alle;757969;2470;2725;33;9;0;0,01;4,35;325,87;1,19;
2025-11-25;2025-11-18;INFLB;2016/2017;1084;Hovedstaden;15-44;K;382201;1500;1659;22;6;0;0,01;5,76;392,46;1,57;
2025-11-25;2025-11-18;INFLB;2016/2017;1084;Hovedstaden;15-44;M;375768;970;1066;11;3;0;0,01;2,93;258,14;0,80;
2025-11-25;2025-11-18;INFLB;2016/2017;1084;Hovedstaden;45-64;Alle;447285;2621;3021;46;21;0;0,02;10,28;585,98;4,69;
2025-11-25;2025-11-18;INFLB;2016/2017;1084;Hovedstaden;45-64;K;224505;1410;1622;24;11;0;0,02;10,69;628,05;4,90;
2025-11-25;2025-11-18;INFLB;2016/2017;1084;Hovedstaden;45-64;M;222780;1211;1399;22;10;0;0,02;9,88;543,59;4,49;
2025-11-25;2025-11-18;INFLB;2016/2017;1084;Hovedstaden;65-74;Alle;179094;1923;2291;23;14;0;0,01;12,84;1073,74;7,82;
2025-11-25;2025-11-18;INFLB;2016/2017;1084;Hovedstaden;65-74;K;94995;1011;1170;11;6;0;0,01;11,58;1064,27;6,32;
2025-11-25;2025-11-18;INFLB;2016/2017;1084;Hovedstaden;65-74;M;84099;912;1121;12;8;0;0,01;14,27;1084,44;9,51;
2025-11-25;2025-11-18;INFLB;2016/2017;1084;Hovedstaden;75-84;Alle;92102;1528;1817;11;9;0;0,01;11,94;1659,03;9,77;
2025-11-25;2025-11-18;INFLB;2016/2017;1084;Hovedstaden;75-84;K;52540;758;904;7;6;0;0,01;13,32;1442,71;11,42;
2025-11-25;2025-11-18;INFLB;2016/2017;1084;Hovedstaden;75-84;M;39562;770;913;4;3;0;0,01;10,11;1946,31;7,58;
2025-11-25;2025-11-18;INFLB;2016/2017;1084;Hovedstaden;85+;Alle;34392;905;1062;7;7;3;0,01;20,35;2631,43;20,35;
2025-11-25;2025-11-18;INFLB;2016/2017;1084;Hovedstaden;85+;K;23619;541;616;4;4;1;0,01;16,94;2290,53;16,94;
2025-11-25;2025-11-18;INFLB;2016/2017;1084;Hovedstaden;85+;M;10773;364;446;3;3;2;0,01;27,85;3378,82;27,85;
2025-11-25;2025-11-18;INFLB;2016/2017;1084;Hovedstaden;Alle;Alle;1817072;12177;14225;145;67;3;0,01;7,98;670,14;3,69;
2025-11-25;2025-11-18;INFLB;2016/2017;1084;Hovedstaden;Alle;K;926824;6488;7544;75;36;1;0,01;8,09;700,03;3,88;
2025-11-25;2025-11-18;INFLB;2016/2017;1084;Hovedstaden;Alle;M;890248;5689;6681;70;31;2;0,01;7,86;639,04;3,48;
2025-11-25;2025-11-18;INFLB;2016/2017;1082;Midtjylland;00-01;Alle;28354;264;297;1;1;0;0,00;3,53;931,09;3,53;
2025-11-25;2025-11-18;INFLB;2016/2017;1082;Midtjylland;00-01;K;13766;108;116;1;1;0;0,01;7,26;784,54;7,26;
2025-11-25;2025-11-18;INFLB;2016/2017;1082;Midtjylland;00-01;M;14588;156;181;0;0;0;0,00;0,00;1069,37;0,00;
2025-11-25;2025-11-18;INFLB;2016/2017;1082;Midtjylland;02-06;Alle;70968;122;167;0;0;0;0,00;0,00;171,91;0,00;
2025-11-25;2025-11-18;INFLB;2016/2017;1082;Midtjylland;02-06;K;34703;62;93;0;0;0;0,00;0,00;178,66;0,00;
2025-11-25;2025-11-18;INFLB;2016/2017;1082;Midtjylland;02-06;M;36265;60;74;0;0;0;0,00;0,00;165,45;0,00;
2025-11-25;2025-11-18;INFLB;2016/2017;1082;Midtjylland;07-14;Alle;126645;79;92;0;0;0;0,00;0,00;62,38;0,00;
2025-11-25;2025-11-18;INFLB;2016/2017;1082;Midtjylland;07-14;K;61880;34;37;0;0;0;0,00;0,00;54,95;0,00;
2025-11-25;2025-11-18;INFLB;2016/2017;1082;Midtjylland;07-14;M;64765;45;55;0;0;0;0,00;0,00;69,48;0,00;
2025-11-25;2025-11-18;INFLB;2016/2017;1082;Midtjylland;15-44;Alle;502237;495;545;6;3;0;0,01;1,19;98,56;0,60;
2025-11-25;2025-11-18;INFLB;2016/2017;1082;Midtjylland;15-44;K;246010;281;302;5;2;0;0,02;2,03;114,22;0,81;
2025-11-25;2025-11-18;INFLB;2016/2017;1082;Midtjylland;15-44;M;256227;214;243;1;1;0;0,00;0,39;83,52;0,39;
2025-11-25;2025-11-18;INFLB;2016/2017;1082;Midtjylland;45-64;Alle;341149;778;937;13;11;0;0,02;3,81;228,05;3,22;
2025-11-25;2025-11-18;INFLB;2016/2017;1082;Midtjylland;45-64;K;169717;393;462;5;5;0;0,01;2,95;231,56;2,95;
2025-11-25;2025-11-18;INFLB;2016/2017;1082;Midtjylland;45-64;M;171432;385;475;8;6;0;0,02;4,67;224,58;3,50;
2025-11-25;2025-11-18;INFLB;2016/2017;1082;Midtjylland;65-74;Alle;143535;582;744;2;2;0;0,00;1,39;405,48;1,39;
2025-11-25;2025-11-18;INFLB;2016/2017;1082;Midtjylland;65-74;K;72831;256;321;0;0;0;0,00;0,00;351,50;0,00;
2025-11-25;2025-11-18;INFLB;2016/2017;1082;Midtjylland;65-74;M;70704;326;423;2;2;0;0,01;2,83;461,08;2,83;
2025-11-25;2025-11-18;INFLB;2016/2017;1082;Midtjylland;75-84;Alle;72951;476;545;1;1;0;0,00;1,37;652,49;1,37;
2025-11-25;2025-11-18;INFLB;2016/2017;1082;Midtjylland;75-84;K;39733;232;261;0;0;0;0,00;0,00;583,90;0,00;
2025-11-25;2025-11-18;INFLB;2016/2017;1082;Midtjylland;75-84;M;33218;244;284;1;1;0;0,00;3,01;734,54;3,01;
2025-11-25;2025-11-18;INFLB;2016/2017;1082;Midtjylland;85+;Alle;26270;226;252;1;1;0;0,00;3,81;860,30;3,81;
2025-11-25;2025-11-18;INFLB;2016/2017;1082;Midtjylland;85+;K;17172;116;121;0;0;0;0,00;0,00;675,52;0,00;
2025-11-25;2025-11-18;INFLB;2016/2017;1082;Midtjylland;85+;M;9098;110;131;1;1;0;0,01;10,99;1209,06;10,99;
2025-11-25;2025-11-18;INFLB;2016/2017;1082;Midtjylland;Alle;Alle;1312109;3022;3579;24;19;0;0,01;1,83;230,32;1,45;
2025-11-25;2025-11-18;INFLB;2016/2017;1082;Midtjylland;Alle;K;655812;1482;1713;11;8;0;0,01;1,68;225,98;1,22;
2025-11-25;2025-11-18;INFLB;2016/2017;1082;Midtjylland;Alle;M;656297;1540;1866;13;11;0;0,01;1,98;234,65;1,68;
2025-11-25;2025-11-18;INFLB;2016/2017;1081;Nordjylland;00-01;Alle;11626;24;29;0;0;0;0,00;0,00;206,43;0,00;
2025-11-25;2025-11-18;INFLB;2016/2017;1081;Nordjylland;00-01;K;5648;12;12;0;0;0;0,00;0,00;212,46;0,00;
2025-11-25;2025-11-18;INFLB;2016/2017;1081;Nordjylland;00-01;M;5978;12;17;0;0;0;0,00;0,00;200,74;0,00;
2025-11-25;2025-11-18;INFLB;2016/2017;1081;Nordjylland;02-06;Alle;29100;29;38;0;0;0;0,00;0,00;99,66;0,00;
2025-11-25;2025-11-18;INFLB;2016/2017;1081;Nordjylland;02-06;K;14213;15;20;0;0;0;0,00;0,00;105,54;0,00;
2025-11-25;2025-11-18;INFLB;2016/2017;1081;Nordjylland;02-06;M;14887;14;18;0;0;0;0,00;0,00;94,04;0,00;
2025-11-25;2025-11-18;INFLB;2016/2017;1081;Nordjylland;07-14;Alle;53689;19;23;0;0;0;0,00;0,00;35,39;0,00;
2025-11-25;2025-11-18;INFLB;2016/2017;1081;Nordjylland;07-14;K;26019;9;9;0;0;0;0,00;0,00;34,59;0,00;
2025-11-25;2025-11-18;INFLB;2016/2017;1081;Nordjylland;07-14;M;27670;10;14;0;0;0;0,00;0,00;36,14;0,00;
2025-11-25;2025-11-18;INFLB;2016/2017;1081;Nordjylland;15-44;Alle;213766;153;170;2;2;0;0,01;0,94;71,57;0,94;
2025-11-25;2025-11-18;INFLB;2016/2017;1081;Nordjylland;15-44;K;102057;83;94;1;1;0;0,01;0,98;81,33;0,98;
2025-11-25;2025-11-18;INFLB;2016/2017;1081;Nordjylland;15-44;M;111709;70;76;1;1;0;0,01;0,90;62,66;0,90;
2025-11-25;2025-11-18;INFLB;2016/2017;1081;Nordjylland;45-64;Alle;159305;282;318;5;2;0;0,02;3,14;177,02;1,26;
2025-11-25;2025-11-18;INFLB;2016/2017;1081;Nordjylland;45-64;K;79203;125;137;4;2;0;0,03;5,05;157,82;2,53;
2025-11-25;2025-11-18;INFLB;2016/2017;1081;Nordjylland;45-64;M;80102;157;181;1;0;0;0,01;1,25;196,00;0,00;
2025-11-25;2025-11-18;INFLB;2016/2017;1081;Nordjylland;65-74;Alle;71542;270;332;1;1;0;0,00;1,40;377,40;1,40;
2025-11-25;2025-11-18;INFLB;2016/2017;1081;Nordjylland;65-74;K;36056;120;149;0;0;0;0,00;0,00;332,82;0,00;
2025-11-25;2025-11-18;INFLB;2016/2017;1081;Nordjylland;65-74;M;35486;150;183;1;1;0;0,01;2,82;422,70;2,82;
2025-11-25;2025-11-18;INFLB;2016/2017;1081;Nordjylland;75-84;Alle;37689;233;268;0;0;0;0,00;0,00;618,22;0,00;
2025-11-25;2025-11-18;INFLB;2016/2017;1081;Nordjylland;75-84;K;20476;111;129;0;0;0;0,00;0,00;542,10;0,00;
2025-11-25;2025-11-18;INFLB;2016/2017;1081;Nordjylland;75-84;M;17213;122;139;0;0;0;0,00;0,00;708,77;0,00;
2025-11-25;2025-11-18;INFLB;2016/2017;1081;Nordjylland;85+;Alle;13806;133;148;0;0;0;0,00;0,00;963,35;0,00;
2025-11-25;2025-11-18;INFLB;2016/2017;1081;Nordjylland;85+;K;8843;64;73;0;0;0;0,00;0,00;723,74;0,00;
2025-11-25;2025-11-18;INFLB;2016/2017;1081;Nordjylland;85+;M;4963;69;75;0;0;0;0,00;0,00;1390,29;0,00;
2025-11-25;2025-11-18;INFLB;2016/2017;1081;Nordjylland;Alle;Alle;590523;1143;1326;8;5;0;0,01;1,35;193,56;0,85;
2025-11-25;2025-11-18;INFLB;2016/2017;1081;Nordjylland;Alle;K;292515;539;623;5;3;0;0,01;1,71;184,26;1,03;
2025-11-25;2025-11-18;INFLB;2016/2017;1081;Nordjylland;Alle;M;298008;604;703;3;2;0;0,00;1,01;202,68;0,67;
2025-11-25;2025-11-18;INFLB;2016/2017;1085;Sjælland;00-01;Alle;15129;339;419;0;0;0;0,00;0,00;2240,73;0,00;
2025-11-25;2025-11-18;INFLB;2016/2017;1085;Sjælland;00-01;K;7306;150;194;0;0;0;0,00;0,00;2053,11;0,00;
2025-11-25;2025-11-18;INFLB;2016/2017;1085;Sjælland;00-01;M;7823;189;225;0;0;0;0,00;0,00;2415,95;0,00;
2025-11-25;2025-11-18;INFLB;2016/2017;1085;Sjælland;02-06;Alle;40390;94;119;1;0;0;0,01;2,48;232,73;0,00;
2025-11-25;2025-11-18;INFLB;2016/2017;1085;Sjælland;02-06;K;19605;43;60;1;0;0;0,02;5,10;219,33;0,00;
2025-11-25;2025-11-18;INFLB;2016/2017;1085;Sjælland;02-06;M;20785;51;59;0;0;0;0,00;0,00;245,37;0,00;
2025-11-25;2025-11-18;INFLB;2016/2017;1085;Sjælland;07-14;Alle;80663;93;107;0;0;0;0,00;0,00;115,29;0,00;
2025-11-25;2025-11-18;INFLB;2016/2017;1085;Sjælland;07-14;K;39101;47;57;0;0;0;0,00;0,00;120,20;0,00;
2025-11-25;2025-11-18;INFLB;2016/2017;1085;Sjælland;07-14;M;41562;46;50;0;0;0;0,00;0,00;110,68;0,00;
2025-11-25;2025-11-18;INFLB;2016/2017;1085;Sjælland;15-44;Alle;276098;424;466;5;4;0;0,01;1,81;153,57;1,45;
2025-11-25;2025-11-18;INFLB;2016/2017;1085;Sjælland;15-44;K;135213;234;264;2;2;0;0,01;1,48;173,06;1,48;
2025-11-25;2025-11-18;INFLB;2016/2017;1085;Sjælland;15-44;M;140885;190;202;3;2;0;0,02;2,13;134,86;1,42;
2025-11-25;2025-11-18;INFLB;2016/2017;1085;Sjælland;45-64;Alle;240843;699;799;6;1;0;0,01;2,49;290,23;0,42;
2025-11-25;2025-11-18;INFLB;2016/2017;1085;Sjælland;45-64;K;120479;356;397;4;0;0;0,01;3,32;295,49;0,00;
2025-11-25;2025-11-18;INFLB;2016/2017;1085;Sjælland;45-64;M;120364;343;402;2;1;0;0,01;1,66;284,97;0,83;
2025-11-25;2025-11-18;INFLB;2016/2017;1085;Sjælland;65-74;Alle;110826;555;699;4;4;2;0,01;3,61;500,79;3,61;
2025-11-25;2025-11-18;INFLB;2016/2017;1085;Sjælland;65-74;K;56909;271;346;2;2;0;0,01;3,51;476,20;3,51;
2025-11-25;2025-11-18;INFLB;2016/2017;1085;Sjælland;65-74;M;53917;284;353;2;2;2;0,01;3,71;526,74;3,71;
2025-11-25;2025-11-18;INFLB;2016/2017;1085;Sjælland;75-84;Alle;54694;447;533;3;2;0;0,01;5,49;817,27;3,66;
2025-11-25;2025-11-18;INFLB;2016/2017;1085;Sjælland;75-84;K;29661;201;248;2;1;0;0,01;6,74;677,66;3,37;
2025-11-25;2025-11-18;INFLB;2016/2017;1085;Sjælland;75-84;M;25033;246;285;1;1;0;0,00;3,99;982,70;3,99;
2025-11-25;2025-11-18;INFLB;2016/2017;1085;Sjælland;85+;Alle;17893;141;155;1;1;1;0,01;5,59;788,02;5,59;
2025-11-25;2025-11-18;INFLB;2016/2017;1085;Sjælland;85+;K;11693;73;81;1;1;1;0,01;8,55;624,31;8,55;
2025-11-25;2025-11-18;INFLB;2016/2017;1085;Sjælland;85+;M;6200;68;74;0;0;0;0,00;0,00;1096,77;0,00;
2025-11-25;2025-11-18;INFLB;2016/2017;1085;Sjælland;Alle;Alle;836536;2792;3297;20;12;3;0,01;2,39;333,76;1,43;
2025-11-25;2025-11-18;INFLB;2016/2017;1085;Sjælland;Alle;K;419967;1375;1647;12;6;1;0,01;2,86;327,41;1,43;
2025-11-25;2025-11-18;INFLB;2016/2017;1085;Sjælland;Alle;M;416569;1417;1650;8;6;2;0,01;1,92;340,16;1,44;
2025-11-25;2025-11-18;INFLB;2016/2017;1083;Syddanmark;00-01;Alle;23900;573;663;0;0;0;0,00;0,00;2397,49;0,00;
2025-11-25;2025-11-18;INFLB;2016/2017;1083;Syddanmark;00-01;K;11662;247;290;0;0;0;0,00;0,00;2117,99;0,00;
2025-11-25;2025-11-18;INFLB;2016/2017;1083;Syddanmark;00-01;M;12238;326;373;0;0;0;0,00;0,00;2663,83;0,00;
2025-11-25;2025-11-18;INFLB;2016/2017;1083;Syddanmark;02-06;Alle;62755;257;317;0;0;0;0,00;0,00;409,53;0,00;
2025-11-25;2025-11-18;INFLB;2016/2017;1083;Syddanmark;02-06;K;30439;135;157;0;0;0;0,00;0,00;443,51;0,00;
2025-11-25;2025-11-18;INFLB;2016/2017;1083;Syddanmark;02-06;M;32316;122;160;0;0;0;0,00;0,00;377,52;0,00;
2025-11-25;2025-11-18;INFLB;2016/2017;1083;Syddanmark;07-14;Alle;116234;242;299;5;1;0;0,02;4,30;208,20;0,86;
2025-11-25;2025-11-18;INFLB;2016/2017;1083;Syddanmark;07-14;K;56896;103;132;4;1;0;0,04;7,03;181,03;1,76;
2025-11-25;2025-11-18;INFLB;2016/2017;1083;Syddanmark;07-14;M;59338;139;167;1;0;0;0,01;1,69;234,25;0,00;
2025-11-25;2025-11-18;INFLB;2016/2017;1083;Syddanmark;15-44;Alle;433399;943;1073;7;4;0;0,01;1,62;217,58;0,92;
2025-11-25;2025-11-18;INFLB;2016/2017;1083;Syddanmark;15-44;K;211428;555;617;4;3;0;0,01;1,89;262,50;1,42;
2025-11-25;2025-11-18;INFLB;2016/2017;1083;Syddanmark;15-44;M;221971;388;456;3;1;0;0,01;1,35;174,80;0,45;
2025-11-25;2025-11-18;INFLB;2016/2017;1083;Syddanmark;45-64;Alle;335966;1372;1710;18;7;0;0,01;5,36;408,37;2,08;
2025-11-25;2025-11-18;INFLB;2016/2017;1083;Syddanmark;45-64;K;167076;705;848;8;3;0;0,01;4,79;421,96;1,80;
2025-11-25;2025-11-18;INFLB;2016/2017;1083;Syddanmark;45-64;M;168890;667;862;10;4;0;0,01;5,92;394,93;2,37;
2025-11-25;2025-11-18;INFLB;2016/2017;1083;Syddanmark;65-74;Alle;145126;1042;1369;13;10;0;0,01;8,96;718,00;6,89;
2025-11-25;2025-11-18;INFLB;2016/2017;1083;Syddanmark;65-74;K;73829;482;596;9;7;0;0,02;12,19;652,86;9,48;
2025-11-25;2025-11-18;INFLB;2016/2017;1083;Syddanmark;65-74;M;71297;560;773;4;3;0;0,01;5,61;785,45;4,21;
2025-11-25;2025-11-18;INFLB;2016/2017;1083;Syddanmark;75-84;Alle;78984;879;1124;1;1;0;0,00;1,27;1112,88;1,27;
2025-11-25;2025-11-18;INFLB;2016/2017;1083;Syddanmark;75-84;K;43001;401;496;1;1;0;0,00;2,33;932,54;2,33;
2025-11-25;2025-11-18;INFLB;2016/2017;1083;Syddanmark;75-84;M;35983;478;628;0;0;0;0,00;0,00;1328,41;0,00;
2025-11-25;2025-11-18;INFLB;2016/2017;1083;Syddanmark;85+;Alle;28071;416;487;1;1;0;0,00;3,56;1481,96;3,56;
2025-11-25;2025-11-18;INFLB;2016/2017;1083;Syddanmark;85+;K;18336;207;243;1;1;0;0,00;5,45;1128,93;5,45;
2025-11-25;2025-11-18;INFLB;2016/2017;1083;Syddanmark;85+;M;9735;209;244;0;0;0;0,00;0,00;2146,89;0,00;
2025-11-25;2025-11-18;INFLB;2016/2017;1083;Syddanmark;Alle;Alle;1224435;5724;7042;45;24;0;0,01;3,68;467,48;1,96;
2025-11-25;2025-11-18;INFLB;2016/2017;1083;Syddanmark;Alle;K;612667;2835;3379;27;16;0;0,01;4,41;462,73;2,61;
2025-11-25;2025-11-18;INFLB;2016/2017;1083;Syddanmark;Alle;M;611768;2889;3663;18;8;0;0,01;2,94;472,24;1,31;
2025-11-25;2025-11-18;INFLB;2017/2018;9999;Alle;00-01;Alle;124404;5421;6551;219;74;0;0,04;176,04;4357,58;59,48;
2025-11-25;2025-11-18;INFLB;2017/2018;9999;Alle;00-01;K;60498;2433;2553;101;34;0;0,04;166,95;4021,62;56,20;
2025-11-25;2025-11-18;INFLB;2017/2018;9999;Alle;00-01;M;63906;2987;3194;118;40;0;0,04;184,65;4674,05;62,59;
2025-11-25;2025-11-18;INFLB;2017/2018;9999;Alle;02-06;Alle;300343;2435;2917;423;72;0;0,17;140,84;810,74;23,97;
2025-11-25;2025-11-18;INFLB;2017/2018;9999;Alle;02-06;K;146332;1134;1208;200;36;0;0,18;136,68;774,95;24,60;
2025-11-25;2025-11-18;INFLB;2017/2018;9999;Alle;02-06;M;154011;1300;1424;223;36;0;0,17;144,79;844,10;23,37;
2025-11-25;2025-11-18;INFLB;2017/2018;9999;Alle;07-14;Alle;539893;2197;2403;666;114;0;0,30;123,36;406,93;21,12;
2025-11-25;2025-11-18;INFLB;2017/2018;9999;Alle;07-14;K;263198;1047;1002;328;57;0;0,31;124,62;397,80;21,66;
2025-11-25;2025-11-18;INFLB;2017/2018;9999;Alle;07-14;M;276695;1149;1129;338;57;0;0,29;122,16;415,26;20,60;
2025-11-25;2025-11-18;INFLB;2017/2018;9999;Alle;15-44;Alle;2186260;12899;13951;2656;561;2;0,21;121,49;590,00;25,66;
2025-11-25;2025-11-18;INFLB;2017/2018;9999;Alle;15-44;K;1077740;7652;6482;1553;326;2;0,20;144,10;710,00;30,25;
2025-11-25;2025-11-18;INFLB;2017/2018;9999;Alle;15-44;M;1108520;5240;4539;1103;235;0;0,21;99,50;472,70;21,20;
2025-11-25;2025-11-18;INFLB;2017/2018;9999;Alle;45-64;Alle;1533099;12897;14954;3178;1123;47;0,25;207,29;841,24;73,25;
2025-11-25;2025-11-18;INFLB;2017/2018;9999;Alle;45-64;K;765704;7008;7593;1797;614;21;0,26;234,69;915,24;80,19;
2025-11-25;2025-11-18;INFLB;2017/2018;9999;Alle;45-64;M;767395;5884;6607;1379;509;26;0,23;179,70;766,75;66,33;
2025-11-25;2025-11-18;INFLB;2017/2018;9999;Alle;65-74;Alle;653095;9232;10989;2062;1233;90;0,22;315,73;1413,58;188,79;
2025-11-25;2025-11-18;INFLB;2017/2018;9999;Alle;65-74;K;336139;4564;5216;1089;612;42;0,24;323,97;1357,77;182,07;
2025-11-25;2025-11-18;INFLB;2017/2018;9999;Alle;65-74;M;316956;4661;5503;972;621;48;0,21;306,67;1470,55;195,93;
2025-11-25;2025-11-18;INFLB;2017/2018;9999;Alle;75-84;Alle;353947;7854;9386;1693;1284;133;0,22;478,32;2218,98;362,77;
2025-11-25;2025-11-18;INFLB;2017/2018;9999;Alle;75-84;K;194132;3925;4513;884;646;50;0,23;455,36;2021,82;332,76;
2025-11-25;2025-11-18;INFLB;2017/2018;9999;Alle;75-84;M;159815;3925;4625;808;638;83;0,21;505,58;2455,96;399,21;
2025-11-25;2025-11-18;INFLB;2017/2018;9999;Alle;85+;Alle;121259;4190;4859;935;828;175;0,22;771,08;3455,41;682,84;
2025-11-25;2025-11-18;INFLB;2017/2018;9999;Alle;85+;K;79709;2444;2760;560;491;100;0,23;702,56;3066,15;615,99;
2025-11-25;2025-11-18;INFLB;2017/2018;9999;Alle;85+;M;41550;1744;2004;375;337;75;0,22;902,53;4197,35;811,07;
2025-11-25;2025-11-18;INFLB;2017/2018;9999;Alle;Alle;Alle;5812300;57125;66010;11832;5289;447;0,21;203,57;982,83;91,00;
2025-11-25;2025-11-18;INFLB;2017/2018;9999;Alle;Alle;K;2923452;30207;31327;6512;2816;215;0,22;222,75;1033,26;96,32;
2025-11-25;2025-11-18;INFLB;2017/2018;9999;Alle;Alle;M;2888848;26890;29025;5316;2473;232;0,20;184,02;930,82;85,61;
2025-11-25;2025-11-18;INFLB;2017/2018;1084;Hovedstaden;00-01;Alle;44110;2744;3395;111;35;0;0,04;251,64;6220,81;79,35;
2025-11-25;2025-11-18;INFLB;2017/2018;1084;Hovedstaden;00-01;K;21464;1270;1539;55;18;0;0,04;256,24;5916,88;83,86;
2025-11-25;2025-11-18;INFLB;2017/2018;1084;Hovedstaden;00-01;M;22646;1474;1856;56;17;0;0,04;247,28;6508,88;75,07;
2025-11-25;2025-11-18;INFLB;2017/2018;1084;Hovedstaden;02-06;Alle;99802;1275;1503;240;27;0;0,19;240,48;1277,53;27,05;
2025-11-25;2025-11-18;INFLB;2017/2018;1084;Hovedstaden;02-06;K;48578;593;700;104;15;0;0,18;214,09;1220,72;30,88;
2025-11-25;2025-11-18;INFLB;2017/2018;1084;Hovedstaden;02-06;M;51224;682;803;136;12;0;0,20;265,50;1331,41;23,43;
2025-11-25;2025-11-18;INFLB;2017/2018;1084;Hovedstaden;07-14;Alle;163662;1016;1116;339;47;0;0,33;207,13;620,79;28,72;
2025-11-25;2025-11-18;INFLB;2017/2018;1084;Hovedstaden;07-14;K;79611;504;550;174;23;0;0,35;218,56;633,08;28,89;
2025-11-25;2025-11-18;INFLB;2017/2018;1084;Hovedstaden;07-14;M;84051;512;566;165;24;0;0,32;196,31;609,15;28,55;
2025-11-25;2025-11-18;INFLB;2017/2018;1084;Hovedstaden;15-44;Alle;761976;5531;5988;1164;212;1;0,21;152,76;725,88;27,82;
2025-11-25;2025-11-18;INFLB;2017/2018;1084;Hovedstaden;15-44;K;384303;3333;3600;689;126;1;0,21;179,29;867,28;32,79;
2025-11-25;2025-11-18;INFLB;2017/2018;1084;Hovedstaden;15-44;M;377673;2198;2388;475;86;0;0,22;125,77;581,98;22,77;
2025-11-25;2025-11-18;INFLB;2017/2018;1084;Hovedstaden;45-64;Alle;452720;5611;6431;1357;413;13;0,24;299,74;1239,40;91,23;
2025-11-25;2025-11-18;INFLB;2017/2018;1084;Hovedstaden;45-64;K;227111;3145;3554;788;235;5;0,25;346,97;1384,79;103,47;
2025-11-25;2025-11-18;INFLB;2017/2018;1084;Hovedstaden;45-64;M;225609;2466;2877;569;178;8;0,23;252,21;1093,04;78,90;
2025-11-25;2025-11-18;INFLB;2017/2018;1084;Hovedstaden;65-74;Alle;178476;3833;4593;846;471;26;0,22;474,01;2147,63;263,90;
2025-11-25;2025-11-18;INFLB;2017/2018;1084;Hovedstaden;65-74;K;94771;1989;2368;455;235;10;0,23;480,10;2098,74;247,97;
2025-11-25;2025-11-18;INFLB;2017/2018;1084;Hovedstaden;65-74;M;83705;1844;2225;391;236;16;0,21;467,12;2202,97;281,94;
2025-11-25;2025-11-18;INFLB;2017/2018;1084;Hovedstaden;75-84;Alle;97259;3409;4206;666;482;48;0,20;684,77;3505,07;495,58;
2025-11-25;2025-11-18;INFLB;2017/2018;1084;Hovedstaden;75-84;K;55180;1781;2173;364;247;17;0,20;659,66;3227,62;447,63;
2025-11-25;2025-11-18;INFLB;2017/2018;1084;Hovedstaden;75-84;M;42079;1628;2033;302;235;31;0,19;717,70;3868,91;558,47;
2025-11-25;2025-11-18;INFLB;2017/2018;1084;Hovedstaden;85+;Alle;34482;1975;2363;402;364;80;0,20;1165,83;5727,63;1055,62;
2025-11-25;2025-11-18;INFLB;2017/2018;1084;Hovedstaden;85+;K;23602;1193;1411;254;230;43;0,21;1076,18;5054,66;974,49;
2025-11-25;2025-11-18;INFLB;2017/2018;1084;Hovedstaden;85+;M;10880;782;952;148;134;37;0,19;1360,29;7187,50;1231,62;
2025-11-25;2025-11-18;INFLB;2017/2018;1084;Hovedstaden;Alle;Alle;1832487;25394;29595;5125;2051;168;0,20;279,67;1385,77;111,92;
2025-11-25;2025-11-18;INFLB;2017/2018;1084;Hovedstaden;Alle;K;934620;13808;15895;2883;1129;76;0,21;308,47;1477,39;120,80;
2025-11-25;2025-11-18;INFLB;2017/2018;1084;Hovedstaden;Alle;M;897867;11586;13700;2242;922;92;0,19;249,70;1290,39;102,69;
2025-11-25;2025-11-18;INFLB;2017/2018;1082;Midtjylland;00-01;Alle;29024;528;616;29;10;0;0,05;99,92;1819,18;34,45;
2025-11-25;2025-11-18;INFLB;2017/2018;1082;Midtjylland;00-01;K;14024;204;237;11;5;0;0,05;78,44;1454,65;35,65;
2025-11-25;2025-11-18;INFLB;2017/2018;1082;Midtjylland;00-01;M;15000;324;379;18;5;0;0,06;120,00;2160,00;33,33;
2025-11-25;2025-11-18;INFLB;2017/2018;1082;Midtjylland;02-06;Alle;70151;228;281;34;9;0;0,15;48,47;325,01;12,83;
2025-11-25;2025-11-18;INFLB;2017/2018;1082;Midtjylland;02-06;K;34314;107;134;24;5;0;0,22;69,94;311,83;14,57;
2025-11-25;2025-11-18;INFLB;2017/2018;1082;Midtjylland;02-06;M;35837;121;147;10;4;0;0,08;27,90;337,64;11,16;
2025-11-25;2025-11-18;INFLB;2017/2018;1082;Midtjylland;07-14;Alle;126681;193;212;57;19;0;0,30;44,99;152,35;15,00;
2025-11-25;2025-11-18;INFLB;2017/2018;1082;Midtjylland;07-14;K;61939;92;102;32;10;0;0,35;51,66;148,53;16,14;
2025-11-25;2025-11-18;INFLB;2017/2018;1082;Midtjylland;07-14;M;64742;101;110;25;9;0;0,25;38,61;156,00;13,90;
2025-11-25;2025-11-18;INFLB;2017/2018;1082;Midtjylland;15-44;Alle;504210;1162;1258;237;74;0;0,20;47,00;230,46;14,68;
2025-11-25;2025-11-18;INFLB;2017/2018;1082;Midtjylland;15-44;K;246866;673;708;141;43;0;0,21;57,12;272,62;17,42;
2025-11-25;2025-11-18;INFLB;2017/2018;1082;Midtjylland;15-44;M;257344;489;550;96;31;0;0,20;37,30;190,02;12,05;
2025-11-25;2025-11-18;INFLB;2017/2018;1082;Midtjylland;45-64;Alle;342609;1635;1925;397;187;6;0,24;115,88;477,22;54,58;
2025-11-25;2025-11-18;INFLB;2017/2018;1082;Midtjylland;45-64;K;170686;832;964;216;100;3;0,26;126,55;487,44;58,59;
2025-11-25;2025-11-18;INFLB;2017/2018;1082;Midtjylland;45-64;M;171923;803;961;181;87;3;0,23;105,28;467,07;50,60;
2025-11-25;2025-11-18;INFLB;2017/2018;1082;Midtjylland;65-74;Alle;145482;1214;1417;248;172;8;0,20;170,47;834,47;118,23;
2025-11-25;2025-11-18;INFLB;2017/2018;1082;Midtjylland;65-74;K;73793;556;623;131;83;4;0,24;177,52;753,46;112,48;
2025-11-25;2025-11-18;INFLB;2017/2018;1082;Midtjylland;65-74;M;71689;658;794;117;89;4;0,18;163,20;917,85;124,15;
2025-11-25;2025-11-18;INFLB;2017/2018;1082;Midtjylland;75-84;Alle;76696;1028;1157;237;188;26;0,23;309,01;1340,36;245,12;
2025-11-25;2025-11-18;INFLB;2017/2018;1082;Midtjylland;75-84;K;41545;472;524;115;86;9;0,24;276,81;1136,12;207,00;
2025-11-25;2025-11-18;INFLB;2017/2018;1082;Midtjylland;75-84;M;35151;556;633;122;102;17;0,22;347,07;1581,75;290,18;
2025-11-25;2025-11-18;INFLB;2017/2018;1082;Midtjylland;85+;Alle;26368;500;563;108;93;13;0,22;409,59;1896,24;352,70;
2025-11-25;2025-11-18;INFLB;2017/2018;1082;Midtjylland;85+;K;17050;278;321;61;53;10;0,22;357,77;1630,50;310,85;
2025-11-25;2025-11-18;INFLB;2017/2018;1082;Midtjylland;85+;M;9318;222;242;47;40;3;0,21;504,40;2382,49;429,28;
2025-11-25;2025-11-18;INFLB;2017/2018;1082;Midtjylland;Alle;Alle;1321221;6488;7429;1347;752;53;0,21;101,95;491,06;56,92;
2025-11-25;2025-11-18;INFLB;2017/2018;1082;Midtjylland;Alle;K;660217;3214;3613;731;385;26;0,23;110,72;486,81;58,31;
2025-11-25;2025-11-18;INFLB;2017/2018;1082;Midtjylland;Alle;M;661004;3274;3816;616;367;27;0,19;93,19;495,31;55,52;
2025-11-25;2025-11-18;INFLB;2017/2018;1081;Nordjylland;00-01;Alle;11806;85;98;8;5;0;0,09;67,76;719,97;42,35;
2025-11-25;2025-11-18;INFLB;2017/2018;1081;Nordjylland;00-01;K;5840;34;40;1;0;0;0,03;17,12;582,19;0,00;
2025-11-25;2025-11-18;INFLB;2017/2018;1081;Nordjylland;00-01;M;5966;51;58;7;5;0;0,14;117,33;854,84;83,81;
2025-11-25;2025-11-18;INFLB;2017/2018;1081;Nordjylland;02-06;Alle;28806;53;71;17;3;0;0,32;59,02;183,99;10,41;
2025-11-25;2025-11-18;INFLB;2017/2018;1081;Nordjylland;02-06;K;14031;29;32;10;1;0;0,34;71,27;206,69;7,13;
2025-11-25;2025-11-18;INFLB;2017/2018;1081;Nordjylland;02-06;M;14775;24;39;7;2;0;0,29;47,38;162,44;13,54;
2025-11-25;2025-11-18;INFLB;2017/2018;1081;Nordjylland;07-14;Alle;53472;65;69;23;6;0;0,35;43,01;121,56;11,22;
2025-11-25;2025-11-18;INFLB;2017/2018;1081;Nordjylland;07-14;K;25931;40;43;14;5;0;0,35;53,99;154,26;19,28;
2025-11-25;2025-11-18;INFLB;2017/2018;1081;Nordjylland;07-14;M;27541;25;26;9;1;0;0,36;32,68;90,77;3,63;
2025-11-25;2025-11-18;INFLB;2017/2018;1081;Nordjylland;15-44;Alle;213273;435;461;125;34;0;0,29;58,61;203,96;15,94;
2025-11-25;2025-11-18;INFLB;2017/2018;1081;Nordjylland;15-44;K;101701;242;254;68;18;0;0,28;66,86;237,95;17,70;
2025-11-25;2025-11-18;INFLB;2017/2018;1081;Nordjylland;15-44;M;111572;193;207;57;16;0;0,30;51,09;172,98;14,34;
2025-11-25;2025-11-18;INFLB;2017/2018;1081;Nordjylland;45-64;Alle;159053;751;854;205;94;3;0,27;128,89;472,17;59,10;
2025-11-25;2025-11-18;INFLB;2017/2018;1081;Nordjylland;45-64;K;79123;404;460;113;50;1;0,28;142,82;510,60;63,19;
2025-11-25;2025-11-18;INFLB;2017/2018;1081;Nordjylland;45-64;M;79930;347;394;92;44;2;0,27;115,10;434,13;55,05;
2025-11-25;2025-11-18;INFLB;2017/2018;1081;Nordjylland;65-74;Alle;72204;659;739;166;123;11;0,25;229,90;912,69;170,35;
2025-11-25;2025-11-18;INFLB;2017/2018;1081;Nordjylland;65-74;K;36331;302;326;89;66;7;0,29;244,97;831,25;181,66;
2025-11-25;2025-11-18;INFLB;2017/2018;1081;Nordjylland;65-74;M;35873;357;413;77;57;4;0,22;214,65;995,18;158,89;
2025-11-25;2025-11-18;INFLB;2017/2018;1081;Nordjylland;75-84;Alle;39367;558;626;160;142;10;0,29;406,43;1417,43;360,71;
2025-11-25;2025-11-18;INFLB;2017/2018;1081;Nordjylland;75-84;K;21316;262;288;71;63;3;0,27;333,08;1229,12;295,55;
2025-11-25;2025-11-18;INFLB;2017/2018;1081;Nordjylland;75-84;M;18051;296;338;89;79;7;0,30;493,05;1639,80;437,65;
2025-11-25;2025-11-18;INFLB;2017/2018;1081;Nordjylland;85+;Alle;13888;277;292;83;74;18;0,30;597,64;1994,53;532,83;
2025-11-25;2025-11-18;INFLB;2017/2018;1081;Nordjylland;85+;K;8820;141;151;41;38;11;0,29;464,85;1598,64;430,84;
2025-11-25;2025-11-18;INFLB;2017/2018;1081;Nordjylland;85+;M;5068;136;141;42;36;7;0,31;828,73;2683,50;710,34;
2025-11-25;2025-11-18;INFLB;2017/2018;1081;Nordjylland;Alle;Alle;591869;2883;3210;787;481;42;0,27;132,97;487,10;81,27;
2025-11-25;2025-11-18;INFLB;2017/2018;1081;Nordjylland;Alle;K;293093;1454;1594;407;241;22;0,28;138,86;496,09;82,23;
2025-11-25;2025-11-18;INFLB;2017/2018;1081;Nordjylland;Alle;M;298776;1429;1616;380;240;20;0,27;127,19;478,28;80,33;
2025-11-25;2025-11-18;INFLB;2017/2018;1085;Sjælland;00-01;Alle;15373;527;628;15;3;0;0,03;97,57;3428,09;19,51;
2025-11-25;2025-11-18;INFLB;2017/2018;1085;Sjælland;00-01;K;7458;239;267;8;1;0;0,03;107,27;3204,61;13,41;
2025-11-25;2025-11-18;INFLB;2017/2018;1085;Sjælland;00-01;M;7915;288;361;7;2;0;0,02;88,44;3638,66;25,27;
2025-11-25;2025-11-18;INFLB;2017/2018;1085;Sjælland;02-06;Alle;39972;191;251;37;8;0;0,19;92,56;477,83;20,01;
2025-11-25;2025-11-18;INFLB;2017/2018;1085;Sjælland;02-06;K;19469;87;119;16;4;0;0,18;82,18;446,86;20,55;
2025-11-25;2025-11-18;INFLB;2017/2018;1085;Sjælland;02-06;M;20503;104;132;21;4;0;0,20;102,42;507,24;19,51;
2025-11-25;2025-11-18;INFLB;2017/2018;1085;Sjælland;07-14;Alle;80177;228;244;59;10;0;0,26;73,59;284,37;12,47;
2025-11-25;2025-11-18;INFLB;2017/2018;1085;Sjælland;07-14;K;38932;107;113;27;6;0;0,25;69,35;274,84;15,41;
2025-11-25;2025-11-18;INFLB;2017/2018;1085;Sjælland;07-14;M;41245;121;131;32;4;0;0,26;77,59;293,37;9,70;
2025-11-25;2025-11-18;INFLB;2017/2018;1085;Sjælland;15-44;Alle;274536;1014;1096;245;50;1;0,24;89,24;369,35;18,21;
2025-11-25;2025-11-18;INFLB;2017/2018;1085;Sjælland;15-44;K;134337;569;607;134;22;1;0,24;99,75;423,56;16,38;
2025-11-25;2025-11-18;INFLB;2017/2018;1085;Sjælland;15-44;M;140199;445;489;111;28;0;0,25;79,17;317,41;19,97;
2025-11-25;2025-11-18;INFLB;2017/2018;1085;Sjælland;45-64;Alle;242019;1438;1625;401;141;7;0,28;165,69;594,17;58,26;
2025-11-25;2025-11-18;INFLB;2017/2018;1085;Sjælland;45-64;K;121120;803;892;241;76;4;0,30;198,98;662,98;62,75;
2025-11-25;2025-11-18;INFLB;2017/2018;1085;Sjælland;45-64;M;120899;635;733;160;65;3;0,25;132,34;525,23;53,76;
2025-11-25;2025-11-18;INFLB;2017/2018;1085;Sjælland;65-74;Alle;110822;1163;1333;293;176;23;0,25;264,39;1049,43;158,81;
2025-11-25;2025-11-18;INFLB;2017/2018;1085;Sjælland;65-74;K;57013;592;665;146;88;12;0,25;256,08;1038,36;154,35;
2025-11-25;2025-11-18;INFLB;2017/2018;1085;Sjælland;65-74;M;53809;571;668;147;88;11;0,26;273,19;1061,16;163,54;
2025-11-25;2025-11-18;INFLB;2017/2018;1085;Sjælland;75-84;Alle;58069;855;968;248;198;24;0,29;427,08;1472,39;340,97;
2025-11-25;2025-11-18;INFLB;2017/2018;1085;Sjælland;75-84;K;31296;443;502;131;109;8;0,30;418,58;1415,52;348,29;
2025-11-25;2025-11-18;INFLB;2017/2018;1085;Sjælland;75-84;M;26773;412;466;117;89;16;0,28;437,01;1538,86;332,42;
2025-11-25;2025-11-18;INFLB;2017/2018;1085;Sjælland;85+;Alle;18070;386;422;97;85;15;0,25;536,80;2136,14;470,39;
2025-11-25;2025-11-18;INFLB;2017/2018;1085;Sjælland;85+;K;11756;229;252;59;50;9;0,26;501,87;1947,94;425,31;
2025-11-25;2025-11-18;INFLB;2017/2018;1085;Sjælland;85+;M;6314;157;170;38;35;6;0,24;601,84;2486,54;554,32;
2025-11-25;2025-11-18;INFLB;2017/2018;1085;Sjælland;Alle;Alle;839038;5802;6567;1395;671;70;0,24;166,26;691,51;79,97;
2025-11-25;2025-11-18;INFLB;2017/2018;1085;Sjælland;Alle;K;421381;3069;3417;762;356;34;0,25;180,83;728,32;84,48;
2025-11-25;2025-11-18;INFLB;2017/2018;1085;Sjælland;Alle;M;417657;2733;3150;633;315;36;0,23;151,56;654,36;75,42;
2025-11-25;2025-11-18;INFLB;2017/2018;1083;Syddanmark;00-01;Alle;24091;870;1006;32;13;0;0,04;132,83;3611,31;53,96;
2025-11-25;2025-11-18;INFLB;2017/2018;1083;Syddanmark;00-01;K;11712;400;467;14;6;0;0,04;119,54;3415,30;51,23;
2025-11-25;2025-11-18;INFLB;2017/2018;1083;Syddanmark;00-01;M;12379;470;539;18;7;0;0,04;145,41;3796,75;56,55;
2025-11-25;2025-11-18;INFLB;2017/2018;1083;Syddanmark;02-06;Alle;61612;447;519;63;18;0;0,14;102,25;725,51;29,22;
2025-11-25;2025-11-18;INFLB;2017/2018;1083;Syddanmark;02-06;K;29940;199;217;29;6;0;0,15;96,86;664,66;20,04;
2025-11-25;2025-11-18;INFLB;2017/2018;1083;Syddanmark;02-06;M;31672;248;302;34;12;0;0,14;107,35;783,03;37,89;
2025-11-25;2025-11-18;INFLB;2017/2018;1083;Syddanmark;07-14;Alle;115901;445;488;120;18;0;0,27;103,54;383,95;15,53;
2025-11-25;2025-11-18;INFLB;2017/2018;1083;Syddanmark;07-14;K;56785;180;193;53;7;0;0,29;93,33;316,99;12,33;
2025-11-25;2025-11-18;INFLB;2017/2018;1083;Syddanmark;07-14;M;59116;265;295;67;11;0;0,25;113,34;448,27;18,61;
2025-11-25;2025-11-18;INFLB;2017/2018;1083;Syddanmark;15-44;Alle;432265;2019;2206;385;76;0;0,19;89,07;467,07;17,58;
2025-11-25;2025-11-18;INFLB;2017/2018;1083;Syddanmark;15-44;K;210533;1219;1311;221;46;0;0,18;104,97;579,01;21,85;
2025-11-25;2025-11-18;INFLB;2017/2018;1083;Syddanmark;15-44;M;221732;800;895;164;30;0;0,21;73,96;360,80;13,53;
2025-11-25;2025-11-18;INFLB;2017/2018;1083;Syddanmark;45-64;Alle;336698;2792;3361;657;219;14;0,24;195,13;829,23;65,04;
2025-11-25;2025-11-18;INFLB;2017/2018;1083;Syddanmark;45-64;K;167664;1489;1722;361;116;7;0,24;215,31;888,09;69,19;
2025-11-25;2025-11-18;INFLB;2017/2018;1083;Syddanmark;45-64;M;169034;1303;1639;296;103;7;0,23;175,11;770,85;60,93;
2025-11-25;2025-11-18;INFLB;2017/2018;1083;Syddanmark;65-74;Alle;146111;2121;2633;454;265;22;0,21;310,72;1451,64;181,37;
2025-11-25;2025-11-18;INFLB;2017/2018;1083;Syddanmark;65-74;K;74231;1005;1233;235;127;9;0,23;316,58;1353,88;171,09;
2025-11-25;2025-11-18;INFLB;2017/2018;1083;Syddanmark;65-74;M;71880;1116;1400;219;138;13;0,20;304,67;1552,59;191,99;
2025-11-25;2025-11-18;INFLB;2017/2018;1083;Syddanmark;75-84;Alle;82556;1788;2180;336;239;24;0,19;407,00;2165,80;289,50;
2025-11-25;2025-11-18;INFLB;2017/2018;1083;Syddanmark;75-84;K;44795;854;1025;178;120;13;0,21;397,37;1906,46;267,89;
2025-11-25;2025-11-18;INFLB;2017/2018;1083;Syddanmark;75-84;M;37761;934;1155;158;119;11;0,17;418,42;2473,45;315,14;
2025-11-25;2025-11-18;INFLB;2017/2018;1083;Syddanmark;85+;Alle;28451;967;1124;230;198;49;0,24;808,41;3398,83;695,93;
2025-11-25;2025-11-18;INFLB;2017/2018;1083;Syddanmark;85+;K;18481;547;625;135;111;27;0,25;730,48;2959,80;600,62;
2025-11-25;2025-11-18;INFLB;2017/2018;1083;Syddanmark;85+;M;9970;420;499;95;87;22;0,23;952,86;4212,64;872,62;
2025-11-25;2025-11-18;INFLB;2017/2018;1083;Syddanmark;Alle;Alle;1227685;11449;13517;2277;1046;109;0,20;185,47;932,57;85,20;
2025-11-25;2025-11-18;INFLB;2017/2018;1083;Syddanmark;Alle;K;614141;5893;6793;1226;539;56;0,21;199,63;959,55;87,76;
2025-11-25;2025-11-18;INFLB;2017/2018;1083;Syddanmark;Alle;M;613544;5556;6724;1051;507;53;0,19;171,30;905,56;82,63;
2025-11-25;2025-11-18;INFLB;2018/2019;9999;Alle;00-01;Alle;123519;6646;8157;3;1;0;0,00;2,43;5380,55;0,81;
2025-11-25;2025-11-18;INFLB;2018/2019;9999;Alle;00-01;K;60066;2970;3333;1;1;0;0,00;1,66;4944,56;1,66;
2025-11-25;2025-11-18;INFLB;2018/2019;9999;Alle;00-01;M;63453;3675;4194;2;0;0;0,00;3,15;5791,69;0,00;
2025-11-25;2025-11-18;INFLB;2018/2019;9999;Alle;02-06;Alle;301964;3129;3705;7;1;0;0,00;2,32;1036,22;0,33;
2025-11-25;2025-11-18;INFLB;2018/2019;9999;Alle;02-06;K;146802;1452;1643;6;1;0;0,00;4,09;989,09;0,68;
2025-11-25;2025-11-18;INFLB;2018/2019;9999;Alle;02-06;M;155162;1677;1847;1;0;0;0,00;0,64;1080,81;0,00;
2025-11-25;2025-11-18;INFLB;2018/2019;9999;Alle;07-14;Alle;534757;1884;2109;5;1;0;0,00;0,94;352,31;0,19;
2025-11-25;2025-11-18;INFLB;2018/2019;9999;Alle;07-14;K;260712;934;948;4;0;0;0,00;1,53;358,25;0,00;
2025-11-25;2025-11-18;INFLB;2018/2019;9999;Alle;07-14;M;274045;949;1025;1;1;0;0,00;0,36;346,29;0,36;
2025-11-25;2025-11-18;INFLB;2018/2019;9999;Alle;15-44;Alle;2191388;12801;14136;41;11;0;0,00;1,87;584,15;0,50;
2025-11-25;2025-11-18;INFLB;2018/2019;9999;Alle;15-44;K;1080103;7756;7387;29;7;0;0,00;2,68;718,08;0,65;
2025-11-25;2025-11-18;INFLB;2018/2019;9999;Alle;15-44;M;1111285;5042;4905;12;4;0;0,00;1,08;453,71;0,36;
2025-11-25;2025-11-18;INFLB;2018/2019;9999;Alle;45-64;Alle;1539045;12294;14538;25;12;0;0,00;1,62;798,81;0,78;
2025-11-25;2025-11-18;INFLB;2018/2019;9999;Alle;45-64;K;769034;6617;7389;13;6;0;0,00;1,69;860,43;0,78;
2025-11-25;2025-11-18;INFLB;2018/2019;9999;Alle;45-64;M;770011;5670;6636;12;6;0;0,00;1,56;736,35;0,78;
2025-11-25;2025-11-18;INFLB;2018/2019;9999;Alle;65-74;Alle;651685;8199;10138;24;18;0;0,00;3,68;1258,12;2,76;
2025-11-25;2025-11-18;INFLB;2018/2019;9999;Alle;65-74;K;335535;3827;4491;10;8;0;0,00;2,98;1140,57;2,38;
2025-11-25;2025-11-18;INFLB;2018/2019;9999;Alle;65-74;M;316150;4372;5481;14;10;0;0,00;4,43;1382,89;3,16;
2025-11-25;2025-11-18;INFLB;2018/2019;9999;Alle;75-84;Alle;374019;7017;8508;15;12;4;0,00;4,01;1876,11;3,21;
2025-11-25;2025-11-18;INFLB;2018/2019;9999;Alle;75-84;K;204560;3467;4057;7;6;3;0,00;3,42;1694,86;2,93;
2025-11-25;2025-11-18;INFLB;2018/2019;9999;Alle;75-84;M;169459;3548;4325;8;6;1;0,00;4,72;2093,72;3,54;
2025-11-25;2025-11-18;INFLB;2018/2019;9999;Alle;85+;Alle;123326;3452;3984;5;5;0;0,00;4,05;2799,09;4,05;
2025-11-25;2025-11-18;INFLB;2018/2019;9999;Alle;85+;K;80365;1974;2233;3;3;0;0,00;3,73;2456,29;3,73;
2025-11-25;2025-11-18;INFLB;2018/2019;9999;Alle;85+;M;42961;1477;1709;2;2;0;0,00;4,66;3438,00;4,66;
2025-11-25;2025-11-18;INFLB;2018/2019;9999;Alle;Alle;Alle;5839703;55422;65275;125;61;4;0,00;2,14;949,06;1,04;
2025-11-25;2025-11-18;INFLB;2018/2019;9999;Alle;Alle;K;2937177;28997;31481;73;32;3;0,00;2,49;987,24;1,09;
2025-11-25;2025-11-18;INFLB;2018/2019;9999;Alle;Alle;M;2902526;26410;30122;52;29;1;0,00;1,79;909,90;1,00;
2025-11-25;2025-11-18;INFLB;2018/2019;1084;Hovedstaden;00-01;Alle;43630;3344;4281;1;1;0;0,00;2,29;7664,45;2,29;
2025-11-25;2025-11-18;INFLB;2018/2019;1084;Hovedstaden;00-01;K;21294;1526;1931;1;1;0;0,00;4,70;7166,34;4,70;
2025-11-25;2025-11-18;INFLB;2018/2019;1084;Hovedstaden;00-01;M;22336;1818;2350;0;0;0;0,00;0,00;8139,33;0,00;
2025-11-25;2025-11-18;INFLB;2018/2019;1084;Hovedstaden;02-06;Alle;100890;1591;1910;6;1;0;0,00;5,95;1576,97;0,99;
2025-11-25;2025-11-18;INFLB;2018/2019;1084;Hovedstaden;02-06;K;49040;762;920;5;1;0;0,01;10,20;1553,83;2,04;
2025-11-25;2025-11-18;INFLB;2018/2019;1084;Hovedstaden;02-06;M;51850;829;990;1;0;0;0,00;1,93;1598,84;0,00;
2025-11-25;2025-11-18;INFLB;2018/2019;1084;Hovedstaden;07-14;Alle;163803;1031;1132;4;1;0;0,00;2,44;629,41;0,61;
2025-11-25;2025-11-18;INFLB;2018/2019;1084;Hovedstaden;07-14;K;79782;506;552;3;0;0;0,01;3,76;634,23;0,00;
2025-11-25;2025-11-18;INFLB;2018/2019;1084;Hovedstaden;07-14;M;84021;525;580;1;1;0;0,00;1,19;624,84;1,19;
2025-11-25;2025-11-18;INFLB;2018/2019;1084;Hovedstaden;15-44;Alle;766179;5965;6584;24;5;0;0,00;3,13;778,54;0,65;
2025-11-25;2025-11-18;INFLB;2018/2019;1084;Hovedstaden;15-44;K;386549;3696;4062;18;4;0;0,00;4,66;956,15;1,03;
2025-11-25;2025-11-18;INFLB;2018/2019;1084;Hovedstaden;15-44;M;379630;2269;2522;6;1;0;0,00;1,58;597,69;0,26;
2025-11-25;2025-11-18;INFLB;2018/2019;1084;Hovedstaden;45-64;Alle;458137;5342;6208;12;2;0;0,00;2,62;1166,03;0,44;
2025-11-25;2025-11-18;INFLB;2018/2019;1084;Hovedstaden;45-64;K;229780;2988;3444;7;1;0;0,00;3,05;1300,37;0,44;
2025-11-25;2025-11-18;INFLB;2018/2019;1084;Hovedstaden;45-64;M;228357;2354;2764;5;1;0;0,00;2,19;1030,84;0,44;
2025-11-25;2025-11-18;INFLB;2018/2019;1084;Hovedstaden;65-74;Alle;176678;3303;4016;12;8;0;0,00;6,79;1869,50;4,53;
2025-11-25;2025-11-18;INFLB;2018/2019;1084;Hovedstaden;65-74;K;93925;1655;1953;5;4;0;0,00;5,32;1762,04;4,26;
2025-11-25;2025-11-18;INFLB;2018/2019;1084;Hovedstaden;65-74;M;82753;1648;2063;7;4;0;0,00;8,46;1991,47;4,83;
2025-11-25;2025-11-18;INFLB;2018/2019;1084;Hovedstaden;75-84;Alle;103051;2814;3470;9;7;4;0,00;8,73;2730,69;6,79;
2025-11-25;2025-11-18;INFLB;2018/2019;1084;Hovedstaden;75-84;K;58282;1461;1770;5;5;3;0,00;8,58;2506,78;8,58;
2025-11-25;2025-11-18;INFLB;2018/2019;1084;Hovedstaden;75-84;M;44769;1353;1700;4;2;1;0,00;8,93;3022,18;4,47;
2025-11-25;2025-11-18;INFLB;2018/2019;1084;Hovedstaden;85+;Alle;34787;1491;1758;3;3;0;0,00;8,62;4286,08;8,62;
2025-11-25;2025-11-18;INFLB;2018/2019;1084;Hovedstaden;85+;K;23629;891;1039;2;2;0;0,00;8,46;3770,79;8,46;
2025-11-25;2025-11-18;INFLB;2018/2019;1084;Hovedstaden;85+;M;11158;600;719;1;1;0;0,00;8,96;5377,31;8,96;
2025-11-25;2025-11-18;INFLB;2018/2019;1084;Hovedstaden;Alle;Alle;1847155;24881;29359;71;28;4;0,00;3,84;1346,99;1,52;
2025-11-25;2025-11-18;INFLB;2018/2019;1084;Hovedstaden;Alle;K;942281;13485;15671;46;18;3;0,00;4,88;1431,10;1,91;
2025-11-25;2025-11-18;INFLB;2018/2019;1084;Hovedstaden;Alle;M;904874;11396;13688;25;10;1;0,00;2,76;1259,40;1,11;
2025-11-25;2025-11-18;INFLB;2018/2019;1082;Midtjylland;00-01;Alle;28805;616;687;1;0;0;0,00;3,47;2138,52;0,00;
2025-11-25;2025-11-18;INFLB;2018/2019;1082;Midtjylland;00-01;K;13916;288;317;0;0;0;0,00;0,00;2069,56;0,00;
2025-11-25;2025-11-18;INFLB;2018/2019;1082;Midtjylland;00-01;M;14889;328;370;1;0;0;0,00;6,72;2202,97;0,00;
2025-11-25;2025-11-18;INFLB;2018/2019;1082;Midtjylland;02-06;Alle;70289;283;340;0;0;0;0,00;0,00;402,62;0,00;
2025-11-25;2025-11-18;INFLB;2018/2019;1082;Midtjylland;02-06;K;34251;108;131;0;0;0;0,00;0,00;315,32;0,00;
2025-11-25;2025-11-18;INFLB;2018/2019;1082;Midtjylland;02-06;M;36038;175;209;0;0;0;0,00;0,00;485,60;0,00;
2025-11-25;2025-11-18;INFLB;2018/2019;1082;Midtjylland;07-14;Alle;125541;156;182;1;0;0;0,01;0,80;124,26;0,00;
2025-11-25;2025-11-18;INFLB;2018/2019;1082;Midtjylland;07-14;K;61447;74;80;1;0;0;0,01;1,63;120,43;0,00;
2025-11-25;2025-11-18;INFLB;2018/2019;1082;Midtjylland;07-14;M;64094;82;102;0;0;0;0,00;0,00;127,94;0,00;
2025-11-25;2025-11-18;INFLB;2018/2019;1082;Midtjylland;15-44;Alle;506213;1254;1392;5;3;0;0,00;0,99;247,72;0,59;
2025-11-25;2025-11-18;INFLB;2018/2019;1082;Midtjylland;15-44;K;247750;727;799;3;1;0;0,00;1,21;293,44;0,40;
2025-11-25;2025-11-18;INFLB;2018/2019;1082;Midtjylland;15-44;M;258463;527;593;2;2;0;0,00;0,77;203,90;0,77;
2025-11-25;2025-11-18;INFLB;2018/2019;1082;Midtjylland;45-64;Alle;343495;1624;1971;8;6;0;0,00;2,33;472,79;1,75;
2025-11-25;2025-11-18;INFLB;2018/2019;1082;Midtjylland;45-64;K;171374;838;1022;3;2;0;0,00;1,75;488,99;1,17;
2025-11-25;2025-11-18;INFLB;2018/2019;1082;Midtjylland;45-64;M;172121;786;949;5;4;0;0,01;2,90;456,66;2,32;
2025-11-25;2025-11-18;INFLB;2018/2019;1082;Midtjylland;65-74;Alle;146299;1282;1571;7;7;0;0,01;4,78;876,29;4,78;
2025-11-25;2025-11-18;INFLB;2018/2019;1082;Midtjylland;65-74;K;74309;563;655;3;3;0;0,01;4,04;757,65;4,04;
2025-11-25;2025-11-18;INFLB;2018/2019;1082;Midtjylland;65-74;M;71990;719;916;4;4;0;0,01;5,56;998,75;5,56;
2025-11-25;2025-11-18;INFLB;2018/2019;1082;Midtjylland;75-84;Alle;80953;1089;1270;4;4;0;0,00;4,94;1345,23;4,94;
2025-11-25;2025-11-18;INFLB;2018/2019;1082;Midtjylland;75-84;K;43650;537;623;1;1;0;0,00;2,29;1230,24;2,29;
2025-11-25;2025-11-18;INFLB;2018/2019;1082;Midtjylland;75-84;M;37303;552;647;3;3;0;0,01;8,04;1479,77;8,04;
2025-11-25;2025-11-18;INFLB;2018/2019;1082;Midtjylland;85+;Alle;26953;507;565;2;2;0;0,00;7,42;1881,05;7,42;
2025-11-25;2025-11-18;INFLB;2018/2019;1082;Midtjylland;85+;K;17261;291;319;1;1;0;0,00;5,79;1685,88;5,79;
2025-11-25;2025-11-18;INFLB;2018/2019;1082;Midtjylland;85+;M;9692;216;246;1;1;0;0,00;10,32;2228,64;10,32;
2025-11-25;2025-11-18;INFLB;2018/2019;1082;Midtjylland;Alle;Alle;1328548;6811;7978;28;22;0;0,00;2,11;512,66;1,66;
2025-11-25;2025-11-18;INFLB;2018/2019;1082;Midtjylland;Alle;K;663958;3426;3946;12;8;0;0,00;1,81;516,00;1,20;
2025-11-25;2025-11-18;INFLB;2018/2019;1082;Midtjylland;Alle;M;664590;3385;4032;16;14;0;0,00;2,41;509,34;2,11;
2025-11-25;2025-11-18;INFLB;2018/2019;1081;Nordjylland;00-01;Alle;11836;136;143;0;0;0;0,00;0,00;1149,04;0,00;
2025-11-25;2025-11-18;INFLB;2018/2019;1081;Nordjylland;00-01;K;5791;62;67;0;0;0;0,00;0,00;1070,63;0,00;
2025-11-25;2025-11-18;INFLB;2018/2019;1081;Nordjylland;00-01;M;6045;74;76;0;0;0;0,00;0,00;1224,15;0,00;
2025-11-25;2025-11-18;INFLB;2018/2019;1081;Nordjylland;02-06;Alle;28943;88;95;0;0;0;0,00;0,00;304,05;0,00;
2025-11-25;2025-11-18;INFLB;2018/2019;1081;Nordjylland;02-06;K;14077;45;47;0;0;0;0,00;0,00;319,67;0,00;
2025-11-25;2025-11-18;INFLB;2018/2019;1081;Nordjylland;02-06;M;14866;43;48;0;0;0;0,00;0,00;289,25;0,00;
2025-11-25;2025-11-18;INFLB;2018/2019;1081;Nordjylland;07-14;Alle;52710;55;56;0;0;0;0,00;0,00;104,34;0,00;
2025-11-25;2025-11-18;INFLB;2018/2019;1081;Nordjylland;07-14;K;25601;24;24;0;0;0;0,00;0,00;93,75;0,00;
2025-11-25;2025-11-18;INFLB;2018/2019;1081;Nordjylland;07-14;M;27109;31;32;0;0;0;0,00;0,00;114,35;0,00;
2025-11-25;2025-11-18;INFLB;2018/2019;1081;Nordjylland;15-44;Alle;213353;390;417;0;0;0;0,00;0,00;182,80;0,00;
2025-11-25;2025-11-18;INFLB;2018/2019;1081;Nordjylland;15-44;K;101877;231;247;0;0;0;0,00;0,00;226,74;0,00;
2025-11-25;2025-11-18;INFLB;2018/2019;1081;Nordjylland;15-44;M;111476;159;170;0;0;0;0,00;0,00;142,63;0,00;
2025-11-25;2025-11-18;INFLB;2018/2019;1081;Nordjylland;45-64;Alle;158397;537;651;0;0;0;0,00;0,00;339,02;0,00;
2025-11-25;2025-11-18;INFLB;2018/2019;1081;Nordjylland;45-64;K;78777;277;304;0;0;0;0,00;0,00;351,63;0,00;
2025-11-25;2025-11-18;INFLB;2018/2019;1081;Nordjylland;45-64;M;79620;260;347;0;0;0;0,00;0,00;326,55;0,00;
2025-11-25;2025-11-18;INFLB;2018/2019;1081;Nordjylland;65-74;Alle;72117;456;583;0;0;0;0,00;0,00;632,31;0,00;
2025-11-25;2025-11-18;INFLB;2018/2019;1081;Nordjylland;65-74;K;36291;190;228;0;0;0;0,00;0,00;523,55;0,00;
2025-11-25;2025-11-18;INFLB;2018/2019;1081;Nordjylland;65-74;M;35826;266;355;0;0;0;0,00;0,00;742,48;0,00;
2025-11-25;2025-11-18;INFLB;2018/2019;1081;Nordjylland;75-84;Alle;41414;321;353;0;0;0;0,00;0,00;775,10;0,00;
2025-11-25;2025-11-18;INFLB;2018/2019;1081;Nordjylland;75-84;K;22387;152;161;0;0;0;0,00;0,00;678,97;0,00;
2025-11-25;2025-11-18;INFLB;2018/2019;1081;Nordjylland;75-84;M;19027;169;192;0;0;0;0,00;0,00;888,21;0,00;
2025-11-25;2025-11-18;INFLB;2018/2019;1081;Nordjylland;85+;Alle;14158;161;168;0;0;0;0,00;0,00;1137,17;0,00;
2025-11-25;2025-11-18;INFLB;2018/2019;1081;Nordjylland;85+;K;8873;83;86;0;0;0;0,00;0,00;935,42;0,00;
2025-11-25;2025-11-18;INFLB;2018/2019;1081;Nordjylland;85+;M;5285;78;82;0;0;0;0,00;0,00;1475,88;0,00;
2025-11-25;2025-11-18;INFLB;2018/2019;1081;Nordjylland;Alle;Alle;592928;2144;2466;0;0;0;0,00;0,00;361,60;0,00;
2025-11-25;2025-11-18;INFLB;2018/2019;1081;Nordjylland;Alle;K;293674;1064;1164;0;0;0;0,00;0,00;362,31;0,00;
2025-11-25;2025-11-18;INFLB;2018/2019;1081;Nordjylland;Alle;M;299254;1080;1302;0;0;0;0,00;0,00;360,90;0,00;
2025-11-25;2025-11-18;INFLB;2018/2019;1085;Sjælland;00-01;Alle;15144;951;1154;0;0;0;0,00;0,00;6279,71;0,00;
2025-11-25;2025-11-18;INFLB;2018/2019;1085;Sjælland;00-01;K;7401;420;488;0;0;0;0,00;0,00;5674,91;0,00;
2025-11-25;2025-11-18;INFLB;2018/2019;1085;Sjælland;00-01;M;7743;531;666;0;0;0;0,00;0,00;6857,81;0,00;
2025-11-25;2025-11-18;INFLB;2018/2019;1085;Sjælland;02-06;Alle;40344;411;470;0;0;0;0,00;0,00;1018,74;0,00;
2025-11-25;2025-11-18;INFLB;2018/2019;1085;Sjælland;02-06;K;19548;194;231;0;0;0;0,00;0,00;992,43;0,00;
2025-11-25;2025-11-18;INFLB;2018/2019;1085;Sjælland;02-06;M;20796;217;239;0;0;0;0,00;0,00;1043,47;0,00;
2025-11-25;2025-11-18;INFLB;2018/2019;1085;Sjælland;07-14;Alle;78557;205;225;0;0;0;0,00;0,00;260,96;0,00;
2025-11-25;2025-11-18;INFLB;2018/2019;1085;Sjælland;07-14;K;38176;99;114;0;0;0;0,00;0,00;259,33;0,00;
2025-11-25;2025-11-18;INFLB;2018/2019;1085;Sjælland;07-14;M;40381;106;111;0;0;0;0,00;0,00;262,50;0,00;
2025-11-25;2025-11-18;INFLB;2018/2019;1085;Sjælland;15-44;Alle;273607;1250;1368;0;0;0;0,00;0,00;456,86;0,00;
2025-11-25;2025-11-18;INFLB;2018/2019;1085;Sjælland;15-44;K;133476;745;822;0;0;0;0,00;0,00;558,15;0,00;
2025-11-25;2025-11-18;INFLB;2018/2019;1085;Sjælland;15-44;M;140131;505;546;0;0;0;0,00;0,00;360,38;0,00;
2025-11-25;2025-11-18;INFLB;2018/2019;1085;Sjælland;45-64;Alle;242659;1585;1809;1;0;0;0,00;0,41;653,18;0,00;
2025-11-25;2025-11-18;INFLB;2018/2019;1085;Sjælland;45-64;K;121590;863;968;0;0;0;0,00;0,00;709,76;0,00;
2025-11-25;2025-11-18;INFLB;2018/2019;1085;Sjælland;45-64;M;121069;722;841;1;0;0;0,00;0,83;596,35;0,00;
2025-11-25;2025-11-18;INFLB;2018/2019;1085;Sjælland;65-74;Alle;110048;1018;1210;1;1;0;0,00;0,91;925,05;0,91;
2025-11-25;2025-11-18;INFLB;2018/2019;1085;Sjælland;65-74;K;56565;465;552;1;1;0;0,00;1,77;822,06;1,77;
2025-11-25;2025-11-18;INFLB;2018/2019;1085;Sjælland;65-74;M;53483;553;658;0;0;0;0,00;0,00;1033,97;0,00;
2025-11-25;2025-11-18;INFLB;2018/2019;1085;Sjælland;75-84;Alle;61947;844;959;0;0;0;0,00;0,00;1362,46;0,00;
2025-11-25;2025-11-18;INFLB;2018/2019;1085;Sjælland;75-84;K;33332;416;466;0;0;0;0,00;0,00;1248,05;0,00;
2025-11-25;2025-11-18;INFLB;2018/2019;1085;Sjælland;75-84;M;28615;428;493;0;0;0;0,00;0,00;1495,72;0,00;
2025-11-25;2025-11-18;INFLB;2018/2019;1085;Sjælland;85+;Alle;18451;324;354;0;0;0;0,00;0,00;1756,00;0,00;
2025-11-25;2025-11-18;INFLB;2018/2019;1085;Sjælland;85+;K;11933;184;205;0;0;0;0,00;0,00;1541,94;0,00;
2025-11-25;2025-11-18;INFLB;2018/2019;1085;Sjælland;85+;M;6518;140;149;0;0;0;0,00;0,00;2147,90;0,00;
2025-11-25;2025-11-18;INFLB;2018/2019;1085;Sjælland;Alle;Alle;840757;6588;7549;2;1;0;0,00;0,24;783,58;0,12;
2025-11-25;2025-11-18;INFLB;2018/2019;1085;Sjælland;Alle;K;422021;3386;3846;1;1;0;0,00;0,24;802,33;0,24;
2025-11-25;2025-11-18;INFLB;2018/2019;1085;Sjælland;Alle;M;418736;3202;3703;1;0;0;0,00;0,24;764,68;0,00;
2025-11-25;2025-11-18;INFLB;2018/2019;1083;Syddanmark;00-01;Alle;24104;1088;1254;1;0;0;0,00;4,15;4513,77;0,00;
2025-11-25;2025-11-18;INFLB;2018/2019;1083;Syddanmark;00-01;K;11664;454;527;0;0;0;0,00;0,00;3892,32;0,00;
2025-11-25;2025-11-18;INFLB;2018/2019;1083;Syddanmark;00-01;M;12440;634;727;1;0;0;0,00;8,04;5096,46;0,00;
2025-11-25;2025-11-18;INFLB;2018/2019;1083;Syddanmark;02-06;Alle;61498;573;665;0;0;0;0,00;0,00;931,74;0,00;
2025-11-25;2025-11-18;INFLB;2018/2019;1083;Syddanmark;02-06;K;29886;259;305;0;0;0;0,00;0,00;866,63;0,00;
2025-11-25;2025-11-18;INFLB;2018/2019;1083;Syddanmark;02-06;M;31612;314;360;0;0;0;0,00;0,00;993,29;0,00;
2025-11-25;2025-11-18;INFLB;2018/2019;1083;Syddanmark;07-14;Alle;114146;323;375;0;0;0;0,00;0,00;282,97;0,00;
2025-11-25;2025-11-18;INFLB;2018/2019;1083;Syddanmark;07-14;K;55706;162;175;0;0;0;0,00;0,00;290,81;0,00;
2025-11-25;2025-11-18;INFLB;2018/2019;1083;Syddanmark;07-14;M;58440;161;200;0;0;0;0,00;0,00;275,50;0,00;
2025-11-25;2025-11-18;INFLB;2018/2019;1083;Syddanmark;15-44;Alle;432036;2223;2523;2;1;0;0,00;0,46;514,54;0,23;
2025-11-25;2025-11-18;INFLB;2018/2019;1083;Syddanmark;15-44;K;210451;1308;1452;1;0;0;0,00;0,48;621,52;0,00;
2025-11-25;2025-11-18;INFLB;2018/2019;1083;Syddanmark;15-44;M;221585;915;1071;1;1;0;0,00;0,45;412,93;0,45;
2025-11-25;2025-11-18;INFLB;2018/2019;1083;Syddanmark;45-64;Alle;336357;2752;3378;2;2;0;0,00;0,59;818,18;0,59;
2025-11-25;2025-11-18;INFLB;2018/2019;1083;Syddanmark;45-64;K;167513;1429;1648;1;1;0;0,00;0,60;853,07;0,60;
2025-11-25;2025-11-18;INFLB;2018/2019;1083;Syddanmark;45-64;M;168844;1323;1730;1;1;0;0,00;0,59;783,56;0,59;
2025-11-25;2025-11-18;INFLB;2018/2019;1083;Syddanmark;65-74;Alle;146543;1999;2592;4;2;0;0,00;2,73;1364,10;1,36;
2025-11-25;2025-11-18;INFLB;2018/2019;1083;Syddanmark;65-74;K;74445;879;1103;1;0;0;0,00;1,34;1180,74;0,00;
2025-11-25;2025-11-18;INFLB;2018/2019;1083;Syddanmark;65-74;M;72098;1120;1489;3;2;0;0,00;4,16;1553,44;2,77;
2025-11-25;2025-11-18;INFLB;2018/2019;1083;Syddanmark;75-84;Alle;86654;1834;2329;2;1;0;0,00;2,31;2116,46;1,15;
2025-11-25;2025-11-18;INFLB;2018/2019;1083;Syddanmark;75-84;K;46909;847;1036;1;0;0;0,00;2,13;1805,62;0,00;
2025-11-25;2025-11-18;INFLB;2018/2019;1083;Syddanmark;75-84;M;39745;987;1293;1;1;0;0,00;2,52;2483,33;2,52;
2025-11-25;2025-11-18;INFLB;2018/2019;1083;Syddanmark;85+;Alle;28977;929;1097;0;0;0;0,00;0,00;3205,99;0,00;
2025-11-25;2025-11-18;INFLB;2018/2019;1083;Syddanmark;85+;K;18669;506;584;0;0;0;0,00;0,00;2710,38;0,00;
2025-11-25;2025-11-18;INFLB;2018/2019;1083;Syddanmark;85+;M;10308;423;513;0;0;0;0,00;0,00;4103,61;0,00;
2025-11-25;2025-11-18;INFLB;2018/2019;1083;Syddanmark;Alle;Alle;1230315;11721;14213;11;6;0;0,00;0,89;952,68;0,49;
2025-11-25;2025-11-18;INFLB;2018/2019;1083;Syddanmark;Alle;K;615243;5844;6830;4;1;0;0,00;0,65;949,87;0,16;
2025-11-25;2025-11-18;INFLB;2018/2019;1083;Syddanmark;Alle;M;615072;5877;7383;7;5;0;0,00;1,14;955,50;0,81;
2025-11-25;2025-11-18;INFLB;2019/2020;9999;Alle;00-01;Alle;124487;7340;8820;53;11;0;0,01;42,57;5896,20;8,84;
2025-11-25;2025-11-18;INFLB;2019/2020;9999;Alle;00-01;K;60535;3231;3748;27;4;0;0,01;44,60;5337,41;6,61;
2025-11-25;2025-11-18;INFLB;2019/2020;9999;Alle;00-01;M;63952;4109;4817;26;7;0;0,01;40,66;6425,13;10,95;
2025-11-25;2025-11-18;INFLB;2019/2020;9999;Alle;02-06;Alle;305145;3433;3957;156;15;0;0,05;51,12;1125,04;4,92;
2025-11-25;2025-11-18;INFLB;2019/2020;9999;Alle;02-06;K;148376;1614;1795;77;5;0;0,05;51,90;1087,78;3,37;
2025-11-25;2025-11-18;INFLB;2019/2020;9999;Alle;02-06;M;156769;1819;2073;79;10;0;0,04;50,39;1160,31;6,38;
2025-11-25;2025-11-18;INFLB;2019/2020;9999;Alle;07-14;Alle;529445;2902;3167;200;27;0;0,07;37,78;548,12;5,10;
2025-11-25;2025-11-18;INFLB;2019/2020;9999;Alle;07-14;K;257978;1321;1393;98;17;0;0,07;37,99;512,06;6,59;
2025-11-25;2025-11-18;INFLB;2019/2020;9999;Alle;07-14;M;271467;1581;1707;102;10;0;0,06;37,57;582,39;3,68;
2025-11-25;2025-11-18;INFLB;2019/2020;9999;Alle;15-44;Alle;2194786;16405;17755;304;37;1;0,02;13,85;747,45;1,69;
2025-11-25;2025-11-18;INFLB;2019/2020;9999;Alle;15-44;K;1082378;9825;10044;158;19;0;0,02;14,60;907,72;1,76;
2025-11-25;2025-11-18;INFLB;2019/2020;9999;Alle;15-44;M;1112408;6579;6731;146;18;1;0,02;13,12;591,42;1,62;
2025-11-25;2025-11-18;INFLB;2019/2020;9999;Alle;45-64;Alle;1548712;14989;17116;56;10;0;0,00;3,62;967,84;0,65;
2025-11-25;2025-11-18;INFLB;2019/2020;9999;Alle;45-64;K;774707;8138;9028;40;6;0;0,00;5,16;1050,46;0,77;
2025-11-25;2025-11-18;INFLB;2019/2020;9999;Alle;45-64;M;774005;6850;7824;16;4;0;0,00;2,07;885,01;0,52;
2025-11-25;2025-11-18;INFLB;2019/2020;9999;Alle;65-74;Alle;647266;9128;10908;28;13;3;0,00;4,33;1410,24;2,01;
2025-11-25;2025-11-18;INFLB;2019/2020;9999;Alle;65-74;K;333442;4338;5019;13;4;0;0,00;3,90;1300,98;1,20;
2025-11-25;2025-11-18;INFLB;2019/2020;9999;Alle;65-74;M;313824;4790;5786;15;9;3;0,00;4,78;1526,33;2,87;
2025-11-25;2025-11-18;INFLB;2019/2020;9999;Alle;75-84;Alle;397165;8549;10164;11;8;0;0,00;2,77;2152,51;2,01;
2025-11-25;2025-11-18;INFLB;2019/2020;9999;Alle;75-84;K;216377;4092;4734;4;1;0;0,00;1,85;1891,14;0,46;
2025-11-25;2025-11-18;INFLB;2019/2020;9999;Alle;75-84;M;180788;4457;5366;7;7;0;0,00;3,87;2465,32;3,87;
2025-11-25;2025-11-18;INFLB;2019/2020;9999;Alle;85+;Alle;126109;4100;4689;7;6;1;0,00;5,55;3251,16;4,76;
2025-11-25;2025-11-18;INFLB;2019/2020;9999;Alle;85+;K;81612;2298;2590;3;3;0;0,00;3,68;2815,76;3,68;
2025-11-25;2025-11-18;INFLB;2019/2020;9999;Alle;85+;M;44497;1802;2077;4;3;1;0,00;8,99;4049,71;6,74;
2025-11-25;2025-11-18;INFLB;2019/2020;9999;Alle;Alle;Alle;5873115;66846;76576;815;127;5;0,01;13,88;1138,17;2,16;
2025-11-25;2025-11-18;INFLB;2019/2020;9999;Alle;Alle;K;2955405;34857;38351;420;59;0;0,01;14,21;1179,43;2,00;
2025-11-25;2025-11-18;INFLB;2019/2020;9999;Alle;Alle;M;2917710;31987;36381;395;68;5;0,01;13,54;1096,30;2,33;
2025-11-25;2025-11-18;INFLB;2019/2020;1084;Hovedstaden;00-01;Alle;44251;3552;4433;31;6;0;0,01;70,05;8026,94;13,56;
2025-11-25;2025-11-18;INFLB;2019/2020;1084;Hovedstaden;00-01;K;21573;1615;1986;16;2;0;0,01;74,17;7486,21;9,27;
2025-11-25;2025-11-18;INFLB;2019/2020;1084;Hovedstaden;00-01;M;22678;1937;2447;15;4;0;0,01;66,14;8541,32;17,64;
2025-11-25;2025-11-18;INFLB;2019/2020;1084;Hovedstaden;02-06;Alle;101658;1718;2010;98;12;0;0,06;96,40;1689,98;11,80;
2025-11-25;2025-11-18;INFLB;2019/2020;1084;Hovedstaden;02-06;K;49502;819;951;48;5;0;0,06;96,97;1654,48;10,10;
2025-11-25;2025-11-18;INFLB;2019/2020;1084;Hovedstaden;02-06;M;52156;899;1059;50;7;0;0,06;95,87;1723,68;13,42;
2025-11-25;2025-11-18;INFLB;2019/2020;1084;Hovedstaden;07-14;Alle;163830;1401;1544;129;18;0;0,09;78,74;855,15;10,99;
2025-11-25;2025-11-18;INFLB;2019/2020;1084;Hovedstaden;07-14;K;79705;635;695;63;14;0;0,10;79,04;796,69;17,56;
2025-11-25;2025-11-18;INFLB;2019/2020;1084;Hovedstaden;07-14;M;84125;766;849;66;4;0;0,09;78,45;910,55;4,75;
2025-11-25;2025-11-18;INFLB;2019/2020;1084;Hovedstaden;15-44;Alle;767090;7511;8176;176;16;0;0,02;22,94;979,15;2,09;
2025-11-25;2025-11-18;INFLB;2019/2020;1084;Hovedstaden;15-44;K;386842;4561;4967;94;6;0;0,02;24,30;1179,03;1,55;
2025-11-25;2025-11-18;INFLB;2019/2020;1084;Hovedstaden;15-44;M;380248;2950;3209;82;10;0;0,03;21,56;775,81;2,63;
2025-11-25;2025-11-18;INFLB;2019/2020;1084;Hovedstaden;45-64;Alle;464261;6129;7050;29;5;0;0,00;6,25;1320,16;1,08;
2025-11-25;2025-11-18;INFLB;2019/2020;1084;Hovedstaden;45-64;K;233045;3445;3885;23;3;0;0,01;9,87;1478,26;1,29;
2025-11-25;2025-11-18;INFLB;2019/2020;1084;Hovedstaden;45-64;M;231216;2684;3165;6;2;0;0,00;2,59;1160,82;0,86;
2025-11-25;2025-11-18;INFLB;2019/2020;1084;Hovedstaden;65-74;Alle;174296;3483;4230;13;8;1;0,00;7,46;1998,32;4,59;
2025-11-25;2025-11-18;INFLB;2019/2020;1084;Hovedstaden;65-74;K;92656;1733;2079;6;3;0;0,00;6,48;1870,36;3,24;
2025-11-25;2025-11-18;INFLB;2019/2020;1084;Hovedstaden;65-74;M;81640;1750;2151;7;5;1;0,00;8,57;2143,56;6,12;
2025-11-25;2025-11-18;INFLB;2019/2020;1084;Hovedstaden;75-84;Alle;109658;3269;3999;4;3;0;0,00;3,65;2981,09;2,74;
2025-11-25;2025-11-18;INFLB;2019/2020;1084;Hovedstaden;75-84;K;61908;1669;2016;1;0;0;0,00;1,62;2695,94;0,00;
2025-11-25;2025-11-18;INFLB;2019/2020;1084;Hovedstaden;75-84;M;47750;1600;1983;3;3;0;0,00;6,28;3350,79;6,28;
2025-11-25;2025-11-18;INFLB;2019/2020;1084;Hovedstaden;85+;Alle;35206;1640;1928;3;3;0;0,00;8,52;4658,30;8,52;
2025-11-25;2025-11-18;INFLB;2019/2020;1084;Hovedstaden;85+;K;23731;968;1121;2;2;0;0,00;8,43;4079,05;8,43;
2025-11-25;2025-11-18;INFLB;2019/2020;1084;Hovedstaden;85+;M;11475;672;807;1;1;0;0,00;8,71;5856,21;8,71;
2025-11-25;2025-11-18;INFLB;2019/2020;1084;Hovedstaden;Alle;Alle;1860250;28703;33370;483;71;1;0,02;25,96;1542,96;3,82;
2025-11-25;2025-11-18;INFLB;2019/2020;1084;Hovedstaden;Alle;K;948962;15445;17700;253;35;0;0,02;26,66;1627,57;3,69;
2025-11-25;2025-11-18;INFLB;2019/2020;1084;Hovedstaden;Alle;M;911288;13258;15670;230;36;1;0,02;25,24;1454,86;3,95;
2025-11-25;2025-11-18;INFLB;2019/2020;1082;Midtjylland;00-01;Alle;29046;1017;1166;6;4;0;0,01;20,66;3501,34;13,77;
2025-11-25;2025-11-18;INFLB;2019/2020;1082;Midtjylland;00-01;K;14090;447;504;2;1;0;0,00;14,19;3172,46;7,10;
2025-11-25;2025-11-18;INFLB;2019/2020;1082;Midtjylland;00-01;M;14956;570;662;4;3;0;0,01;26,75;3811,18;20,06;
2025-11-25;2025-11-18;INFLB;2019/2020;1082;Midtjylland;02-06;Alle;71394;331;381;6;0;0;0,02;8,40;463,62;0,00;
2025-11-25;2025-11-18;INFLB;2019/2020;1082;Midtjylland;02-06;K;34732;148;174;4;0;0;0,03;11,52;426,12;0,00;
2025-11-25;2025-11-18;INFLB;2019/2020;1082;Midtjylland;02-06;M;36662;183;207;2;0;0;0,01;5,46;499,15;0,00;
2025-11-25;2025-11-18;INFLB;2019/2020;1082;Midtjylland;07-14;Alle;124064;285;315;2;0;0;0,01;1,61;229,72;0,00;
2025-11-25;2025-11-18;INFLB;2019/2020;1082;Midtjylland;07-14;K;60630;133;148;1;0;0;0,01;1,65;219,36;0,00;
2025-11-25;2025-11-18;INFLB;2019/2020;1082;Midtjylland;07-14;M;63434;152;167;1;0;0;0,01;1,58;239,62;0,00;
2025-11-25;2025-11-18;INFLB;2019/2020;1082;Midtjylland;15-44;Alle;509056;2163;2269;20;2;0;0,01;3,93;424,90;0,39;
2025-11-25;2025-11-18;INFLB;2019/2020;1082;Midtjylland;15-44;K;249714;1317;1378;11;2;0;0,01;4,41;527,40;0,80;
2025-11-25;2025-11-18;INFLB;2019/2020;1082;Midtjylland;15-44;M;259342;846;891;9;0;0;0,01;3,47;326,21;0,00;
2025-11-25;2025-11-18;INFLB;2019/2020;1082;Midtjylland;45-64;Alle;345327;2237;2519;6;0;0;0,00;1,74;647,79;0,00;
2025-11-25;2025-11-18;INFLB;2019/2020;1082;Midtjylland;45-64;K;172406;1176;1313;5;0;0;0,00;2,90;682,11;0,00;
2025-11-25;2025-11-18;INFLB;2019/2020;1082;Midtjylland;45-64;M;172921;1061;1206;1;0;0;0,00;0,58;613,57;0,00;
2025-11-25;2025-11-18;INFLB;2019/2020;1082;Midtjylland;65-74;Alle;146473;1496;1735;3;3;1;0,00;2,05;1021,35;2,05;
2025-11-25;2025-11-18;INFLB;2019/2020;1082;Midtjylland;65-74;K;74403;696;784;1;1;0;0,00;1,34;935,45;1,34;
2025-11-25;2025-11-18;INFLB;2019/2020;1082;Midtjylland;65-74;M;72070;800;951;2;2;1;0,00;2,78;1110,03;2,78;
2025-11-25;2025-11-18;INFLB;2019/2020;1082;Midtjylland;75-84;Alle;85838;1415;1633;2;2;0;0,00;2,33;1648,45;2,33;
2025-11-25;2025-11-18;INFLB;2019/2020;1082;Midtjylland;75-84;K;46109;616;682;0;0;0;0,00;0,00;1335,96;0,00;
2025-11-25;2025-11-18;INFLB;2019/2020;1082;Midtjylland;75-84;M;39729;799;951;2;2;0;0,00;5,03;2011,13;5,03;
2025-11-25;2025-11-18;INFLB;2019/2020;1082;Midtjylland;85+;Alle;27719;699;780;1;1;0;0,00;3,61;2521,74;3,61;
2025-11-25;2025-11-18;INFLB;2019/2020;1082;Midtjylland;85+;K;17649;392;434;1;1;0;0,00;5,67;2221,09;5,67;
2025-11-25;2025-11-18;INFLB;2019/2020;1082;Midtjylland;85+;M;10070;307;346;0;0;0;0,00;0,00;3048,66;0,00;
2025-11-25;2025-11-18;INFLB;2019/2020;1082;Midtjylland;Alle;Alle;1338917;9643;10798;46;12;1;0,00;3,44;720,21;0,90;
2025-11-25;2025-11-18;INFLB;2019/2020;1082;Midtjylland;Alle;K;669733;4925;5417;25;5;0;0,01;3,73;735,37;0,75;
2025-11-25;2025-11-18;INFLB;2019/2020;1082;Midtjylland;Alle;M;669184;4718;5381;21;7;1;0,00;3,14;705,04;1,05;
2025-11-25;2025-11-18;INFLB;2019/2020;1081;Nordjylland;00-01;Alle;11905;174;200;0;0;0;0,00;0,00;1461,57;0,00;
2025-11-25;2025-11-18;INFLB;2019/2020;1081;Nordjylland;00-01;K;5722;66;74;0;0;0;0,00;0,00;1153,44;0,00;
2025-11-25;2025-11-18;INFLB;2019/2020;1081;Nordjylland;00-01;M;6183;108;126;0;0;0;0,00;0,00;1746,72;0,00;
2025-11-25;2025-11-18;INFLB;2019/2020;1081;Nordjylland;02-06;Alle;29239;59;80;1;0;0;0,02;3,42;201,79;0,00;
2025-11-25;2025-11-18;INFLB;2019/2020;1081;Nordjylland;02-06;K;14279;30;46;1;0;0;0,03;7,00;210,10;0,00;
2025-11-25;2025-11-18;INFLB;2019/2020;1081;Nordjylland;02-06;M;14960;29;34;0;0;0;0,00;0,00;193,85;0,00;
2025-11-25;2025-11-18;INFLB;2019/2020;1081;Nordjylland;07-14;Alle;51939;62;67;0;0;0;0,00;0,00;119,37;0,00;
2025-11-25;2025-11-18;INFLB;2019/2020;1081;Nordjylland;07-14;K;25237;27;27;0;0;0;0,00;0,00;106,99;0,00;
2025-11-25;2025-11-18;INFLB;2019/2020;1081;Nordjylland;07-14;M;26702;35;40;0;0;0;0,00;0,00;131,08;0,00;
2025-11-25;2025-11-18;INFLB;2019/2020;1081;Nordjylland;15-44;Alle;214025;551;576;9;6;0;0,02;4,21;257,45;2,80;
2025-11-25;2025-11-18;INFLB;2019/2020;1081;Nordjylland;15-44;K;102254;338;349;3;3;0;0,01;2,93;330,55;2,93;
2025-11-25;2025-11-18;INFLB;2019/2020;1081;Nordjylland;15-44;M;111771;213;227;6;3;0;0,03;5,37;190,57;2,68;
2025-11-25;2025-11-18;INFLB;2019/2020;1081;Nordjylland;45-64;Alle;158053;637;687;1;1;0;0,00;0,63;403,03;0,63;
2025-11-25;2025-11-18;INFLB;2019/2020;1081;Nordjylland;45-64;K;78672;337;358;1;1;0;0,00;1,27;428,36;1,27;
2025-11-25;2025-11-18;INFLB;2019/2020;1081;Nordjylland;45-64;M;79381;300;329;0;0;0;0,00;0,00;377,92;0,00;
2025-11-25;2025-11-18;INFLB;2019/2020;1081;Nordjylland;65-74;Alle;71665;408;455;0;0;0;0,00;0,00;569,32;0,00;
2025-11-25;2025-11-18;INFLB;2019/2020;1081;Nordjylland;65-74;K;36095;169;175;0;0;0;0,00;0,00;468,21;0,00;
2025-11-25;2025-11-18;INFLB;2019/2020;1081;Nordjylland;65-74;M;35570;239;280;0;0;0;0,00;0,00;671,91;0,00;
2025-11-25;2025-11-18;INFLB;2019/2020;1081;Nordjylland;75-84;Alle;43939;351;385;0;0;0;0,00;0,00;798,83;0,00;
2025-11-25;2025-11-18;INFLB;2019/2020;1081;Nordjylland;75-84;K;23589;153;172;0;0;0;0,00;0,00;648,61;0,00;
2025-11-25;2025-11-18;INFLB;2019/2020;1081;Nordjylland;75-84;M;20350;198;213;0;0;0;0,00;0,00;972,97;0,00;
2025-11-25;2025-11-18;INFLB;2019/2020;1081;Nordjylland;85+;Alle;14414;151;161;0;0;0;0,00;0,00;1047,59;0,00;
2025-11-25;2025-11-18;INFLB;2019/2020;1081;Nordjylland;85+;K;9015;78;85;0;0;0;0,00;0,00;865,22;0,00;
2025-11-25;2025-11-18;INFLB;2019/2020;1081;Nordjylland;85+;M;5399;73;76;0;0;0;0,00;0,00;1352,10;0,00;
2025-11-25;2025-11-18;INFLB;2019/2020;1081;Nordjylland;Alle;Alle;595179;2393;2611;11;7;0;0,00;1,85;402,06;1,18;
2025-11-25;2025-11-18;INFLB;2019/2020;1081;Nordjylland;Alle;K;294863;1198;1286;5;4;0;0,00;1,70;406,29;1,36;
2025-11-25;2025-11-18;INFLB;2019/2020;1081;Nordjylland;Alle;M;300316;1195;1325;6;3;0;0,01;2,00;397,91;1,00;
2025-11-25;2025-11-18;INFLB;2019/2020;1085;Sjælland;00-01;Alle;15196;1234;1493;7;1;0;0,01;46,06;8120,56;6,58;
2025-11-25;2025-11-18;INFLB;2019/2020;1085;Sjælland;00-01;K;7414;529;642;4;1;0;0,01;53,95;7135,15;13,49;
2025-11-25;2025-11-18;INFLB;2019/2020;1085;Sjælland;00-01;M;7782;705;851;3;0;0;0,00;38,55;9059,37;0,00;
2025-11-25;2025-11-18;INFLB;2019/2020;1085;Sjælland;02-06;Alle;40985;611;692;16;1;0;0,03;39,04;1490,79;2,44;
2025-11-25;2025-11-18;INFLB;2019/2020;1085;Sjælland;02-06;K;19854;286;312;9;0;0;0,03;45,33;1440,52;0,00;
2025-11-25;2025-11-18;INFLB;2019/2020;1085;Sjælland;02-06;M;21131;325;380;7;1;0;0,02;33,13;1538,02;4,73;
2025-11-25;2025-11-18;INFLB;2019/2020;1085;Sjælland;07-14;Alle;76914;517;548;36;5;0;0,07;46,81;672,18;6,50;
2025-11-25;2025-11-18;INFLB;2019/2020;1085;Sjælland;07-14;K;37451;238;252;15;0;0;0,06;40,05;635,50;0,00;
2025-11-25;2025-11-18;INFLB;2019/2020;1085;Sjælland;07-14;M;39463;279;296;21;5;0;0,08;53,21;706,99;12,67;
2025-11-25;2025-11-18;INFLB;2019/2020;1085;Sjælland;15-44;Alle;273016;2080;2245;39;5;0;0,02;14,28;761,86;1,83;
2025-11-25;2025-11-18;INFLB;2019/2020;1085;Sjælland;15-44;K;133241;1216;1289;22;2;0;0,02;16,51;912,63;1,50;
2025-11-25;2025-11-18;INFLB;2019/2020;1085;Sjælland;15-44;M;139775;864;956;17;3;0;0,02;12,16;618,14;2,15;
2025-11-25;2025-11-18;INFLB;2019/2020;1085;Sjælland;45-64;Alle;244162;2342;2641;9;2;0;0,00;3,69;959,20;0,82;
2025-11-25;2025-11-18;INFLB;2019/2020;1085;Sjælland;45-64;K;122472;1273;1441;6;1;0;0,00;4,90;1039,42;0,82;
2025-11-25;2025-11-18;INFLB;2019/2020;1085;Sjælland;45-64;M;121690;1069;1200;3;1;0;0,00;2,47;878,46;0,82;
2025-11-25;2025-11-18;INFLB;2019/2020;1085;Sjælland;65-74;Alle;108580;1436;1643;1;0;0;0,00;0,92;1322,53;0,00;
2025-11-25;2025-11-18;INFLB;2019/2020;1085;Sjælland;65-74;K;55897;644;725;0;0;0;0,00;0,00;1152,12;0,00;
2025-11-25;2025-11-18;INFLB;2019/2020;1085;Sjælland;65-74;M;52683;792;918;1;0;0;0,00;1,90;1503,33;0,00;
2025-11-25;2025-11-18;INFLB;2019/2020;1085;Sjælland;75-84;Alle;66456;1300;1479;1;1;0;0,00;1,50;1956,18;1,50;
2025-11-25;2025-11-18;INFLB;2019/2020;1085;Sjælland;75-84;K;35654;620;699;0;0;0;0,00;0,00;1738,94;0,00;
2025-11-25;2025-11-18;INFLB;2019/2020;1085;Sjælland;75-84;M;30802;680;780;1;1;0;0,00;3,25;2207,65;3,25;
2025-11-25;2025-11-18;INFLB;2019/2020;1085;Sjælland;85+;Alle;18831;526;576;1;1;0;0,00;5,31;2793,27;5,31;
2025-11-25;2025-11-18;INFLB;2019/2020;1085;Sjælland;85+;K;12077;276;309;0;0;0;0,00;0,00;2285,34;0,00;
2025-11-25;2025-11-18;INFLB;2019/2020;1085;Sjælland;85+;M;6754;250;267;1;1;0;0,00;14,81;3701,51;14,81;
2025-11-25;2025-11-18;INFLB;2019/2020;1085;Sjælland;Alle;Alle;844140;10046;11317;110;16;0;0,01;13,03;1190,09;1,90;
2025-11-25;2025-11-18;INFLB;2019/2020;1085;Sjælland;Alle;K;424060;5082;5669;56;4;0;0,01;13,21;1198,42;0,94;
2025-11-25;2025-11-18;INFLB;2019/2020;1085;Sjælland;Alle;M;420080;4964;5648;54;12;0;0,01;12,85;1181,68;2,86;
2025-11-25;2025-11-18;INFLB;2019/2020;1083;Syddanmark;00-01;Alle;24089;1135;1254;7;0;0;0,01;29,06;4711,69;0,00;
2025-11-25;2025-11-18;INFLB;2019/2020;1083;Syddanmark;00-01;K;11736;481;529;4;0;0;0,01;34,08;4098,50;0,00;
2025-11-25;2025-11-18;INFLB;2019/2020;1083;Syddanmark;00-01;M;12353;654;725;3;0;0;0,00;24,29;5294,26;0,00;
2025-11-25;2025-11-18;INFLB;2019/2020;1083;Syddanmark;02-06;Alle;61869;637;700;25;1;0;0,04;40,41;1029,59;1,62;
2025-11-25;2025-11-18;INFLB;2019/2020;1083;Syddanmark;02-06;K;30009;289;308;11;0;0;0,04;36,66;963,04;0,00;
2025-11-25;2025-11-18;INFLB;2019/2020;1083;Syddanmark;02-06;M;31860;348;392;14;1;0;0,04;43,94;1092,28;3,14;
2025-11-25;2025-11-18;INFLB;2019/2020;1083;Syddanmark;07-14;Alle;112698;577;623;29;3;0;0,05;25,73;511,99;2,66;
2025-11-25;2025-11-18;INFLB;2019/2020;1083;Syddanmark;07-14;K;54955;257;271;16;2;0;0,06;29,11;467,66;3,64;
2025-11-25;2025-11-18;INFLB;2019/2020;1083;Syddanmark;07-14;M;57743;320;352;13;1;0;0,04;22,51;554,18;1,73;
2025-11-25;2025-11-18;INFLB;2019/2020;1083;Syddanmark;15-44;Alle;431599;3178;3482;41;5;0;0,01;9,50;736,33;1,16;
2025-11-25;2025-11-18;INFLB;2019/2020;1083;Syddanmark;15-44;K;210327;1869;2057;20;4;0;0,01;9,51;888,62;1,90;
2025-11-25;2025-11-18;INFLB;2019/2020;1083;Syddanmark;15-44;M;221272;1309;1425;21;1;0;0,02;9,49;591,58;0,45;
2025-11-25;2025-11-18;INFLB;2019/2020;1083;Syddanmark;45-64;Alle;336909;3401;3940;8;2;0;0,00;2,37;1009,47;0,59;
2025-11-25;2025-11-18;INFLB;2019/2020;1083;Syddanmark;45-64;K;168112;1798;2022;4;1;0;0,00;2,38;1069,53;0,59;
2025-11-25;2025-11-18;INFLB;2019/2020;1083;Syddanmark;45-64;M;168797;1603;1918;4;1;0;0,00;2,37;949,66;0,59;
2025-11-25;2025-11-18;INFLB;2019/2020;1083;Syddanmark;65-74;Alle;146252;2221;2741;9;2;1;0,00;6,15;1518,61;1,37;
2025-11-25;2025-11-18;INFLB;2019/2020;1083;Syddanmark;65-74;K;74391;1059;1255;5;0;0;0,00;6,72;1423,56;0,00;
2025-11-25;2025-11-18;INFLB;2019/2020;1083;Syddanmark;65-74;M;71861;1162;1486;4;2;1;0,00;5,57;1617,01;2,78;
2025-11-25;2025-11-18;INFLB;2019/2020;1083;Syddanmark;75-84;Alle;91274;2160;2603;4;2;0;0,00;4,38;2366,50;2,19;
2025-11-25;2025-11-18;INFLB;2019/2020;1083;Syddanmark;75-84;K;49117;1007;1165;3;1;0;0,00;6,11;2050,21;2,04;
2025-11-25;2025-11-18;INFLB;2019/2020;1083;Syddanmark;75-84;M;42157;1153;1438;1;1;0;0,00;2,37;2735,01;2,37;
2025-11-25;2025-11-18;INFLB;2019/2020;1083;Syddanmark;85+;Alle;29939;1064;1222;2;1;1;0,00;6,68;3553,89;3,34;
2025-11-25;2025-11-18;INFLB;2019/2020;1083;Syddanmark;85+;K;19140;574;641;0;0;0;0,00;0,00;2998,96;0,00;
2025-11-25;2025-11-18;INFLB;2019/2020;1083;Syddanmark;85+;M;10799;490;581;2;1;1;0,00;18,52;4537,46;9,26;
2025-11-25;2025-11-18;INFLB;2019/2020;1083;Syddanmark;Alle;Alle;1234629;14373;16565;125;16;2;0,01;10,12;1164,16;1,30;
2025-11-25;2025-11-18;INFLB;2019/2020;1083;Syddanmark;Alle;K;617787;7334;8248;63;8;0;0,01;10,20;1187,14;1,29;
2025-11-25;2025-11-18;INFLB;2019/2020;1083;Syddanmark;Alle;M;616842;7039;8317;62;8;2;0,01;10,05;1141,14;1,30;
2025-11-25;2025-11-18;INFLB;2020/2021;9999;Alle;00-01;Alle;123326;3116;3728;2;0;0;0,00;1,62;2526,64;0,00;
2025-11-25;2025-11-18;INFLB;2020/2021;9999;Alle;00-01;K;60007;1298;1523;1;0;0;0,00;1,67;2163,08;0,00;
2025-11-25;2025-11-18;INFLB;2020/2021;9999;Alle;00-01;M;63319;1818;2162;1;0;0;0,00;1,58;2871,18;0,00;
2025-11-25;2025-11-18;INFLB;2020/2021;9999;Alle;02-06;Alle;306024;1231;1519;0;0;0;0,00;0,00;402,26;0,00;
2025-11-25;2025-11-18;INFLB;2020/2021;9999;Alle;02-06;K;148730;517;625;0;0;0;0,00;0,00;347,61;0,00;
2025-11-25;2025-11-18;INFLB;2020/2021;9999;Alle;02-06;M;157294;714;875;0;0;0;0,00;0,00;453,93;0,00;
2025-11-25;2025-11-18;INFLB;2020/2021;9999;Alle;07-14;Alle;517299;1410;1630;2;1;0;0,00;0,39;272,57;0,19;
2025-11-25;2025-11-18;INFLB;2020/2021;9999;Alle;07-14;K;251958;651;728;1;0;0;0,00;0,40;258,38;0,00;
2025-11-25;2025-11-18;INFLB;2020/2021;9999;Alle;07-14;M;265341;758;886;1;1;0;0,00;0,38;285,67;0,38;
2025-11-25;2025-11-18;INFLB;2020/2021;9999;Alle;15-44;Alle;2159520;19246;21778;10;3;0;0,00;0,46;891,22;0,14;
2025-11-25;2025-11-18;INFLB;2020/2021;9999;Alle;15-44;K;1063508;11844;13358;7;3;0;0,00;0,66;1113,67;0,28;
2025-11-25;2025-11-18;INFLB;2020/2021;9999;Alle;15-44;M;1096012;7402;8008;3;0;0;0,00;0,27;675,36;0,00;
2025-11-25;2025-11-18;INFLB;2020/2021;9999;Alle;45-64;Alle;1542174;15936;19567;9;5;0;0,00;0,58;1033,35;0,32;
2025-11-25;2025-11-18;INFLB;2020/2021;9999;Alle;45-64;K;771844;7492;8963;3;1;0;0,00;0,39;970,66;0,13;
2025-11-25;2025-11-18;INFLB;2020/2021;9999;Alle;45-64;M;770330;8443;10344;6;4;0;0,00;0,78;1096,02;0,52;
2025-11-25;2025-11-18;INFLB;2020/2021;9999;Alle;65-74;Alle;634502;12242;15748;3;1;0;0,00;0,47;1929,39;0,16;
2025-11-25;2025-11-18;INFLB;2020/2021;9999;Alle;65-74;K;327275;5571;7019;1;0;0;0,00;0,31;1702,24;0,00;
2025-11-25;2025-11-18;INFLB;2020/2021;9999;Alle;65-74;M;307227;6670;8640;2;1;0;0,00;0,65;2171,03;0,33;
2025-11-25;2025-11-18;INFLB;2020/2021;9999;Alle;75-84;Alle;419322;13736;17649;5;5;0;0,00;1,19;3275,76;1,19;
2025-11-25;2025-11-18;INFLB;2020/2021;9999;Alle;75-84;K;227322;6583;8354;4;4;0;0,00;1,76;2895,89;1,76;
2025-11-25;2025-11-18;INFLB;2020/2021;9999;Alle;75-84;M;192000;7153;9254;1;1;0;0,00;0,52;3725,52;0,52;
2025-11-25;2025-11-18;INFLB;2020/2021;9999;Alle;85+;Alle;128590;7510;9459;5;4;1;0,00;3,89;5840,27;3,11;
2025-11-25;2025-11-18;INFLB;2020/2021;9999;Alle;85+;K;82697;4283;5351;2;1;1;0,00;2,42;5179,15;1,21;
2025-11-25;2025-11-18;INFLB;2020/2021;9999;Alle;85+;M;45893;3227;4094;3;3;0;0,00;6,54;7031,57;6,54;
2025-11-25;2025-11-18;INFLB;2020/2021;9999;Alle;Alle;Alle;5830757;74427;91078;36;19;1;0,00;0,62;1276,46;0,33;
2025-11-25;2025-11-18;INFLB;2020/2021;9999;Alle;Alle;K;2933341;38239;45921;19;9;1;0,00;0,65;1303,60;0,31;
2025-11-25;2025-11-18;INFLB;2020/2021;9999;Alle;Alle;M;2897416;36185;44263;17;10;0;0,00;0,59;1248,87;0,35;
2025-11-25;2025-11-18;INFLB;2020/2021;1084;Hovedstaden;00-01;Alle;43891;1790;2214;1;0;0;0,00;2,28;4078,28;0,00;
2025-11-25;2025-11-18;INFLB;2020/2021;1084;Hovedstaden;00-01;K;21297;760;922;1;0;0;0,00;4,70;3568,58;0,00;
2025-11-25;2025-11-18;INFLB;2020/2021;1084;Hovedstaden;00-01;M;22594;1030;1292;0;0;0;0,00;0,00;4558,73;0,00;
2025-11-25;2025-11-18;INFLB;2020/2021;1084;Hovedstaden;02-06;Alle;101326;670;813;0;0;0;0,00;0,00;661,23;0,00;
2025-11-25;2025-11-18;INFLB;2020/2021;1084;Hovedstaden;02-06;K;49441;296;348;0;0;0;0,00;0,00;598,69;0,00;
2025-11-25;2025-11-18;INFLB;2020/2021;1084;Hovedstaden;02-06;M;51885;374;465;0;0;0;0,00;0,00;720,82;0,00;
2025-11-25;2025-11-18;INFLB;2020/2021;1084;Hovedstaden;07-14;Alle;161565;772;917;0;0;0;0,00;0,00;477,83;0,00;
2025-11-25;2025-11-18;INFLB;2020/2021;1084;Hovedstaden;07-14;K;78654;354;411;0;0;0;0,00;0,00;450,07;0,00;
2025-11-25;2025-11-18;INFLB;2020/2021;1084;Hovedstaden;07-14;M;82911;418;506;0;0;0;0,00;0,00;504,16;0,00;
2025-11-25;2025-11-18;INFLB;2020/2021;1084;Hovedstaden;15-44;Alle;756194;10555;12046;8;3;0;0,00;1,06;1395,81;0,40;
2025-11-25;2025-11-18;INFLB;2020/2021;1084;Hovedstaden;15-44;K;380699;6612;7596;7;3;0;0,00;1,84;1736,81;0,79;
2025-11-25;2025-11-18;INFLB;2020/2021;1084;Hovedstaden;15-44;M;375495;3943;4450;1;0;0;0,00;0,27;1050,08;0,00;
2025-11-25;2025-11-18;INFLB;2020/2021;1084;Hovedstaden;45-64;Alle;465187;6849;8734;8;5;0;0,00;1,72;1472,31;1,07;
2025-11-25;2025-11-18;INFLB;2020/2021;1084;Hovedstaden;45-64;K;233634;3242;4024;3;1;0;0,00;1,28;1387,64;0,43;
2025-11-25;2025-11-18;INFLB;2020/2021;1084;Hovedstaden;45-64;M;231553;3607;4710;5;4;0;0,00;2,16;1557,74;1,73;
2025-11-25;2025-11-18;INFLB;2020/2021;1084;Hovedstaden;65-74;Alle;170008;5043;6840;1;0;0;0,00;0,59;2966,33;0,00;
2025-11-25;2025-11-18;INFLB;2020/2021;1084;Hovedstaden;65-74;K;90409;2395;3178;1;0;0;0,00;1,11;2649,07;0,00;
2025-11-25;2025-11-18;INFLB;2020/2021;1084;Hovedstaden;65-74;M;79599;2648;3662;0;0;0;0,00;0,00;3326,67;0,00;
2025-11-25;2025-11-18;INFLB;2020/2021;1084;Hovedstaden;75-84;Alle;115782;5741;7823;4;4;0;0,00;3,45;4958,46;3,45;
2025-11-25;2025-11-18;INFLB;2020/2021;1084;Hovedstaden;75-84;K;65026;2938;3981;4;4;0;0,00;6,15;4518,19;6,15;
2025-11-25;2025-11-18;INFLB;2020/2021;1084;Hovedstaden;75-84;M;50756;2803;3842;0;0;0;0,00;0,00;5522,50;0,00;
2025-11-25;2025-11-18;INFLB;2020/2021;1084;Hovedstaden;85+;Alle;35545;3261;4307;5;4;1;0,00;14,07;9174,29;11,25;
2025-11-25;2025-11-18;INFLB;2020/2021;1084;Hovedstaden;85+;K;23793;1963;2581;2;1;1;0,00;8,41;8250,33;4,20;
2025-11-25;2025-11-18;INFLB;2020/2021;1084;Hovedstaden;85+;M;11752;1298;1726;3;3;0;0,00;25,53;11044,93;25,53;
2025-11-25;2025-11-18;INFLB;2020/2021;1084;Hovedstaden;Alle;Alle;1849498;34681;43694;27;16;1;0,00;1,46;1875,16;0,87;
2025-11-25;2025-11-18;INFLB;2020/2021;1084;Hovedstaden;Alle;K;942953;18560;23041;18;9;1;0,00;1,91;1968,28;0,95;
2025-11-25;2025-11-18;INFLB;2020/2021;1084;Hovedstaden;Alle;M;906545;16121;20653;9;7;0;0,00;0,99;1778,29;0,77;
2025-11-25;2025-11-18;INFLB;2020/2021;1082;Midtjylland;00-01;Alle;29015;186;215;0;0;0;0,00;0,00;641,05;0,00;
2025-11-25;2025-11-18;INFLB;2020/2021;1082;Midtjylland;00-01;K;14129;75;83;0;0;0;0,00;0,00;530,82;0,00;
2025-11-25;2025-11-18;INFLB;2020/2021;1082;Midtjylland;00-01;M;14886;111;132;0;0;0;0,00;0,00;745,67;0,00;
2025-11-25;2025-11-18;INFLB;2020/2021;1082;Midtjylland;02-06;Alle;71756;90;111;0;0;0;0,00;0,00;125,43;0,00;
2025-11-25;2025-11-18;INFLB;2020/2021;1082;Midtjylland;02-06;K;34745;39;45;0;0;0;0,00;0,00;112,25;0,00;
2025-11-25;2025-11-18;INFLB;2020/2021;1082;Midtjylland;02-06;M;37011;51;66;0;0;0;0,00;0,00;137,80;0,00;
2025-11-25;2025-11-18;INFLB;2020/2021;1082;Midtjylland;07-14;Alle;121232;109;122;0;0;0;0,00;0,00;89,91;0,00;
2025-11-25;2025-11-18;INFLB;2020/2021;1082;Midtjylland;07-14;K;59293;57;60;0;0;0;0,00;0,00;96,13;0,00;
2025-11-25;2025-11-18;INFLB;2020/2021;1082;Midtjylland;07-14;M;61939;52;62;0;0;0;0,00;0,00;83,95;0,00;
2025-11-25;2025-11-18;INFLB;2020/2021;1082;Midtjylland;15-44;Alle;501614;2019;2209;0;0;0;0,00;0,00;402,50;0,00;
2025-11-25;2025-11-18;INFLB;2020/2021;1082;Midtjylland;15-44;K;245948;1168;1287;0;0;0;0,00;0,00;474,90;0,00;
2025-11-25;2025-11-18;INFLB;2020/2021;1082;Midtjylland;15-44;M;255666;851;922;0;0;0;0,00;0,00;332,86;0,00;
2025-11-25;2025-11-18;INFLB;2020/2021;1082;Midtjylland;45-64;Alle;343867;2311;2743;0;0;0;0,00;0,00;672,06;0,00;
2025-11-25;2025-11-18;INFLB;2020/2021;1082;Midtjylland;45-64;K;171813;1061;1248;0;0;0;0,00;0,00;617,53;0,00;
2025-11-25;2025-11-18;INFLB;2020/2021;1082;Midtjylland;45-64;M;172054;1250;1495;0;0;0;0,00;0,00;726,52;0,00;
2025-11-25;2025-11-18;INFLB;2020/2021;1082;Midtjylland;65-74;Alle;144316;1933;2360;0;0;0;0,00;0,00;1339,42;0,00;
2025-11-25;2025-11-18;INFLB;2020/2021;1082;Midtjylland;65-74;K;73411;857;1060;0;0;0;0,00;0,00;1167,40;0,00;
2025-11-25;2025-11-18;INFLB;2020/2021;1082;Midtjylland;65-74;M;70905;1076;1300;0;0;0;0,00;0,00;1517,52;0,00;
2025-11-25;2025-11-18;INFLB;2020/2021;1082;Midtjylland;75-84;Alle;90994;2355;2835;0;0;0;0,00;0,00;2588,08;0,00;
2025-11-25;2025-11-18;INFLB;2020/2021;1082;Midtjylland;75-84;K;48705;1023;1215;0;0;0;0,00;0,00;2100,40;0,00;
2025-11-25;2025-11-18;INFLB;2020/2021;1082;Midtjylland;75-84;M;42289;1332;1620;0;0;0;0,00;0,00;3149,76;0,00;
2025-11-25;2025-11-18;INFLB;2020/2021;1082;Midtjylland;85+;Alle;28221;1277;1519;0;0;0;0,00;0,00;4525,00;0,00;
2025-11-25;2025-11-18;INFLB;2020/2021;1082;Midtjylland;85+;K;17843;697;833;0;0;0;0,00;0,00;3906,29;0,00;
2025-11-25;2025-11-18;INFLB;2020/2021;1082;Midtjylland;85+;M;10378;580;686;0;0;0;0,00;0,00;5588,75;0,00;
2025-11-25;2025-11-18;INFLB;2020/2021;1082;Midtjylland;Alle;Alle;1331015;10280;12114;0;0;0;0,00;0,00;772,34;0,00;
2025-11-25;2025-11-18;INFLB;2020/2021;1082;Midtjylland;Alle;K;665887;4977;5831;0;0;0;0,00;0,00;747,42;0,00;
2025-11-25;2025-11-18;INFLB;2020/2021;1082;Midtjylland;Alle;M;665128;5303;6283;0;0;0;0,00;0,00;797,29;0,00;
2025-11-25;2025-11-18;INFLB;2020/2021;1081;Nordjylland;00-01;Alle;11572;107;119;0;0;0;0,00;0,00;924,65;0,00;
2025-11-25;2025-11-18;INFLB;2020/2021;1081;Nordjylland;00-01;K;5620;50;54;0;0;0;0,00;0,00;889,68;0,00;
2025-11-25;2025-11-18;INFLB;2020/2021;1081;Nordjylland;00-01;M;5952;57;65;0;0;0;0,00;0,00;957,66;0,00;
2025-11-25;2025-11-18;INFLB;2020/2021;1081;Nordjylland;02-06;Alle;29421;46;63;0;0;0;0,00;0,00;156,35;0,00;
2025-11-25;2025-11-18;INFLB;2020/2021;1081;Nordjylland;02-06;K;14387;15;19;0;0;0;0,00;0,00;104,26;0,00;
2025-11-25;2025-11-18;INFLB;2020/2021;1081;Nordjylland;02-06;M;15034;31;44;0;0;0;0,00;0,00;206,20;0,00;
2025-11-25;2025-11-18;INFLB;2020/2021;1081;Nordjylland;07-14;Alle;50353;51;56;0;0;0;0,00;0,00;101,28;0,00;
2025-11-25;2025-11-18;INFLB;2020/2021;1081;Nordjylland;07-14;K;24452;25;29;0;0;0;0,00;0,00;102,24;0,00;
2025-11-25;2025-11-18;INFLB;2020/2021;1081;Nordjylland;07-14;M;25901;26;27;0;0;0;0,00;0,00;100,38;0,00;
2025-11-25;2025-11-18;INFLB;2020/2021;1081;Nordjylland;15-44;Alle;210667;511;544;0;0;0;0,00;0,00;242,56;0,00;
2025-11-25;2025-11-18;INFLB;2020/2021;1081;Nordjylland;15-44;K;100642;303;323;0;0;0;0,00;0,00;301,07;0,00;
2025-11-25;2025-11-18;INFLB;2020/2021;1081;Nordjylland;15-44;M;110025;208;221;0;0;0;0,00;0,00;189,05;0,00;
2025-11-25;2025-11-18;INFLB;2020/2021;1081;Nordjylland;45-64;Alle;156367;529;598;0;0;0;0,00;0,00;338,31;0,00;
2025-11-25;2025-11-18;INFLB;2020/2021;1081;Nordjylland;45-64;K;77784;271;308;0;0;0;0,00;0,00;348,40;0,00;
2025-11-25;2025-11-18;INFLB;2020/2021;1081;Nordjylland;45-64;M;78583;258;290;0;0;0;0,00;0,00;328,32;0,00;
2025-11-25;2025-11-18;INFLB;2020/2021;1081;Nordjylland;65-74;Alle;70402;530;616;0;0;0;0,00;0,00;752,82;0,00;
2025-11-25;2025-11-18;INFLB;2020/2021;1081;Nordjylland;65-74;K;35577;238;277;0;0;0;0,00;0,00;668,97;0,00;
2025-11-25;2025-11-18;INFLB;2020/2021;1081;Nordjylland;65-74;M;34825;292;339;0;0;0;0,00;0,00;838,48;0,00;
2025-11-25;2025-11-18;INFLB;2020/2021;1081;Nordjylland;75-84;Alle;46088;506;564;0;0;0;0,00;0,00;1097,90;0,00;
2025-11-25;2025-11-18;INFLB;2020/2021;1081;Nordjylland;75-84;K;24521;210;231;0;0;0;0,00;0,00;856,41;0,00;
2025-11-25;2025-11-18;INFLB;2020/2021;1081;Nordjylland;75-84;M;21567;296;333;0;0;0;0,00;0,00;1372,47;0,00;
2025-11-25;2025-11-18;INFLB;2020/2021;1081;Nordjylland;85+;Alle;14810;275;309;0;0;0;0,00;0,00;1856,85;0,00;
2025-11-25;2025-11-18;INFLB;2020/2021;1081;Nordjylland;85+;K;9201;127;146;0;0;0;0,00;0,00;1380,28;0,00;
2025-11-25;2025-11-18;INFLB;2020/2021;1081;Nordjylland;85+;M;5609;148;163;0;0;0;0,00;0,00;2638,62;0,00;
2025-11-25;2025-11-18;INFLB;2020/2021;1081;Nordjylland;Alle;Alle;589680;2555;2869;0;0;0;0,00;0,00;433,29;0,00;
2025-11-25;2025-11-18;INFLB;2020/2021;1081;Nordjylland;Alle;K;292184;1239;1387;0;0;0;0,00;0,00;424,05;0,00;
2025-11-25;2025-11-18;INFLB;2020/2021;1081;Nordjylland;Alle;M;297496;1316;1482;0;0;0;0,00;0,00;442,36;0,00;
2025-11-25;2025-11-18;INFLB;2020/2021;1085;Sjælland;00-01;Alle;15227;480;555;1;0;0;0,00;6,57;3152,30;0,00;
2025-11-25;2025-11-18;INFLB;2020/2021;1085;Sjælland;00-01;K;7425;197;228;0;0;0;0,00;0,00;2653,20;0,00;
2025-11-25;2025-11-18;INFLB;2020/2021;1085;Sjælland;00-01;M;7802;283;327;1;0;0;0,00;12,82;3627,28;0,00;
2025-11-25;2025-11-18;INFLB;2020/2021;1085;Sjælland;02-06;Alle;41532;141;177;0;0;0;0,00;0,00;339,50;0,00;
2025-11-25;2025-11-18;INFLB;2020/2021;1085;Sjælland;02-06;K;20092;59;76;0;0;0;0,00;0,00;293,65;0,00;
2025-11-25;2025-11-18;INFLB;2020/2021;1085;Sjælland;02-06;M;21440;82;101;0;0;0;0,00;0,00;382,46;0,00;
2025-11-25;2025-11-18;INFLB;2020/2021;1085;Sjælland;07-14;Alle;74461;120;155;0;0;0;0,00;0,00;161,16;0,00;
2025-11-25;2025-11-18;INFLB;2020/2021;1085;Sjælland;07-14;K;36206;46;60;0;0;0;0,00;0,00;127,05;0,00;
2025-11-25;2025-11-18;INFLB;2020/2021;1085;Sjælland;07-14;M;38255;74;95;0;0;0;0,00;0,00;193,44;0,00;
2025-11-25;2025-11-18;INFLB;2020/2021;1085;Sjælland;15-44;Alle;268338;2176;2497;0;0;0;0,00;0,00;810,92;0,00;
2025-11-25;2025-11-18;INFLB;2020/2021;1085;Sjælland;15-44;K;130791;1238;1448;0;0;0;0,00;0,00;946,55;0,00;
2025-11-25;2025-11-18;INFLB;2020/2021;1085;Sjælland;15-44;M;137547;938;1049;0;0;0;0,00;0,00;681,95;0,00;
2025-11-25;2025-11-18;INFLB;2020/2021;1085;Sjælland;45-64;Alle;242818;2995;3507;0;0;0;0,00;0,00;1233,43;0,00;
2025-11-25;2025-11-18;INFLB;2020/2021;1085;Sjælland;45-64;K;121912;1445;1665;0;0;0;0,00;0,00;1185,28;0,00;
2025-11-25;2025-11-18;INFLB;2020/2021;1085;Sjælland;45-64;M;120906;1550;1842;0;0;0;0,00;0,00;1281,99;0,00;
2025-11-25;2025-11-18;INFLB;2020/2021;1085;Sjælland;65-74;Alle;105968;2248;2685;0;0;0;0,00;0,00;2121,40;0,00;
2025-11-25;2025-11-18;INFLB;2020/2021;1085;Sjælland;65-74;K;54560;1011;1186;0;0;0;0,00;0,00;1853,01;0,00;
2025-11-25;2025-11-18;INFLB;2020/2021;1085;Sjælland;65-74;M;51408;1237;1499;0;0;0;0,00;0,00;2406,24;0,00;
2025-11-25;2025-11-18;INFLB;2020/2021;1085;Sjælland;75-84;Alle;70326;2491;3019;0;0;0;0,00;0,00;3542,08;0,00;
2025-11-25;2025-11-18;INFLB;2020/2021;1085;Sjælland;75-84;K;37613;1195;1432;0;0;0;0,00;0,00;3177,09;0,00;
2025-11-25;2025-11-18;INFLB;2020/2021;1085;Sjælland;75-84;M;32713;1296;1587;0;0;0;0,00;0,00;3961,73;0,00;
2025-11-25;2025-11-18;INFLB;2020/2021;1085;Sjælland;85+;Alle;19331;1246;1529;0;0;0;0,00;0,00;6445,61;0,00;
2025-11-25;2025-11-18;INFLB;2020/2021;1085;Sjælland;85+;K;12336;700;825;0;0;0;0,00;0,00;5674,45;0,00;
2025-11-25;2025-11-18;INFLB;2020/2021;1085;Sjælland;85+;M;6995;546;704;0;0;0;0,00;0,00;7805,58;0,00;
2025-11-25;2025-11-18;INFLB;2020/2021;1085;Sjælland;Alle;Alle;838001;11897;14124;1;0;0;0,00;0,12;1419,69;0,00;
2025-11-25;2025-11-18;INFLB;2020/2021;1085;Sjælland;Alle;K;420935;5891;6920;0;0;0;0,00;0,00;1399,50;0,00;
2025-11-25;2025-11-18;INFLB;2020/2021;1085;Sjælland;Alle;M;417066;6006;7204;1;0;0;0,00;0,24;1440,06;0,00;
2025-11-25;2025-11-18;INFLB;2020/2021;1083;Syddanmark;00-01;Alle;23621;507;577;0;0;0;0,00;0,00;2146,40;0,00;
2025-11-25;2025-11-18;INFLB;2020/2021;1083;Syddanmark;00-01;K;11536;202;236;0;0;0;0,00;0,00;1751,04;0,00;
2025-11-25;2025-11-18;INFLB;2020/2021;1083;Syddanmark;00-01;M;12085;305;341;0;0;0;0,00;0,00;2523,79;0,00;
2025-11-25;2025-11-18;INFLB;2020/2021;1083;Syddanmark;02-06;Alle;61989;270;329;0;0;0;0,00;0,00;435,56;0,00;
2025-11-25;2025-11-18;INFLB;2020/2021;1083;Syddanmark;02-06;K;30065;102;131;0;0;0;0,00;0,00;339,26;0,00;
2025-11-25;2025-11-18;INFLB;2020/2021;1083;Syddanmark;02-06;M;31924;168;198;0;0;0;0,00;0,00;526,25;0,00;
2025-11-25;2025-11-18;INFLB;2020/2021;1083;Syddanmark;07-14;Alle;109688;341;363;1;1;0;0,00;0,91;310,88;0,91;
2025-11-25;2025-11-18;INFLB;2020/2021;1083;Syddanmark;07-14;K;53353;161;168;0;0;0;0,00;0,00;301,76;0,00;
2025-11-25;2025-11-18;INFLB;2020/2021;1083;Syddanmark;07-14;M;56335;180;195;1;1;0;0,01;1,78;319,52;1,78;
2025-11-25;2025-11-18;INFLB;2020/2021;1083;Syddanmark;15-44;Alle;422707;3553;4015;1;0;0;0,00;0,24;840,53;0,00;
2025-11-25;2025-11-18;INFLB;2020/2021;1083;Syddanmark;15-44;K;205428;2365;2671;0;0;0;0,00;0,00;1151,25;0,00;
2025-11-25;2025-11-18;INFLB;2020/2021;1083;Syddanmark;15-44;M;217279;1188;1344;1;0;0;0,00;0,46;546,76;0,00;
2025-11-25;2025-11-18;INFLB;2020/2021;1083;Syddanmark;45-64;Alle;333935;2976;3663;1;0;0;0,00;0,30;891,19;0,00;
2025-11-25;2025-11-18;INFLB;2020/2021;1083;Syddanmark;45-64;K;166701;1390;1684;0;0;0;0,00;0,00;833,83;0,00;
2025-11-25;2025-11-18;INFLB;2020/2021;1083;Syddanmark;45-64;M;167234;1586;1979;1;0;0;0,00;0,60;948,37;0,00;
2025-11-25;2025-11-18;INFLB;2020/2021;1083;Syddanmark;65-74;Alle;143808;2411;3145;2;1;0;0,00;1,39;1676,54;0,70;
2025-11-25;2025-11-18;INFLB;2020/2021;1083;Syddanmark;65-74;K;73318;1038;1313;0;0;0;0,00;0,00;1415,75;0,00;
2025-11-25;2025-11-18;INFLB;2020/2021;1083;Syddanmark;65-74;M;70490;1373;1832;2;1;0;0,00;2,84;1947,79;1,42;
2025-11-25;2025-11-18;INFLB;2020/2021;1083;Syddanmark;75-84;Alle;96132;2601;3365;1;1;0;0,00;1,04;2705,65;1,04;
2025-11-25;2025-11-18;INFLB;2020/2021;1083;Syddanmark;75-84;K;51457;1196;1494;0;0;0;0,00;0,00;2324,27;0,00;
2025-11-25;2025-11-18;INFLB;2020/2021;1083;Syddanmark;75-84;M;44675;1405;1871;1;1;0;0,00;2,24;3144,94;2,24;
2025-11-25;2025-11-18;INFLB;2020/2021;1083;Syddanmark;85+;Alle;30683;1438;1781;0;0;0;0,00;0,00;4686,63;0,00;
2025-11-25;2025-11-18;INFLB;2020/2021;1083;Syddanmark;85+;K;19524;792;966;0;0;0;0,00;0,00;4056,55;0,00;
2025-11-25;2025-11-18;INFLB;2020/2021;1083;Syddanmark;85+;M;11159;646;815;0;0;0;0,00;0,00;5789,05;0,00;
2025-11-25;2025-11-18;INFLB;2020/2021;1083;Syddanmark;Alle;Alle;1222563;14097;17238;6;3;0;0,00;0,49;1153,07;0,25;
2025-11-25;2025-11-18;INFLB;2020/2021;1083;Syddanmark;Alle;K;611382;7246;8663;0;0;0;0,00;0,00;1185,18;0,00;
2025-11-25;2025-11-18;INFLB;2020/2021;1083;Syddanmark;Alle;M;611181;6851;8575;6;3;0;0,00;0,98;1120,94;0,49;
2025-11-25;2025-11-18;INFLB;2021/2022;9999;Alle;00-01;Alle;124111;18509;23438;12;4;0;0,00;9,67;14913,26;3,22;
2025-11-25;2025-11-18;INFLB;2021/2022;9999;Alle;00-01;K;60374;8083;10035;3;0;0;0,00;4,97;13388,21;0,00;
2025-11-25;2025-11-18;INFLB;2021/2022;9999;Alle;00-01;M;63737;10426;13191;9;4;0;0,00;14,12;16357,85;6,28;
2025-11-25;2025-11-18;INFLB;2021/2022;9999;Alle;02-06;Alle;310362;9091;10987;24;5;0;0,00;7,73;2929,16;1,61;
2025-11-25;2025-11-18;INFLB;2021/2022;9999;Alle;02-06;K;150894;4006;4773;11;2;0;0,00;7,29;2654,84;1,33;
2025-11-25;2025-11-18;INFLB;2021/2022;9999;Alle;02-06;M;159468;5085;6098;13;3;0;0,00;8,15;3188,73;1,88;
2025-11-25;2025-11-18;INFLB;2021/2022;9999;Alle;07-14;Alle;509449;7255;8254;9;1;0;0,00;1,77;1424,09;0,20;
2025-11-25;2025-11-18;INFLB;2021/2022;9999;Alle;07-14;K;248149;3352;3827;3;0;0;0,00;1,21;1350,80;0,00;
2025-11-25;2025-11-18;INFLB;2021/2022;9999;Alle;07-14;M;261300;3903;4365;6;1;0;0,00;2,30;1493,69;0,38;
2025-11-25;2025-11-18;INFLB;2021/2022;9999;Alle;15-44;Alle;2184180;59701;73197;33;6;0;0,00;1,51;2733,34;0,27;
2025-11-25;2025-11-18;INFLB;2021/2022;9999;Alle;15-44;K;1074794;36643;44317;21;5;0;0,00;1,95;3409,30;0,47;
2025-11-25;2025-11-18;INFLB;2021/2022;9999;Alle;15-44;M;1109386;23058;27430;12;1;0;0,00;1,08;2078,45;0,09;
2025-11-25;2025-11-18;INFLB;2021/2022;9999;Alle;45-64;Alle;1544282;45285;63302;14;3;0;0,00;0,91;2932,43;0,19;
2025-11-25;2025-11-18;INFLB;2021/2022;9999;Alle;45-64;K;772853;22690;30809;6;2;0;0,00;0,78;2935,88;0,26;
2025-11-25;2025-11-18;INFLB;2021/2022;9999;Alle;45-64;M;771429;22595;31519;8;1;0;0,00;1,04;2928,98;0,13;
2025-11-25;2025-11-18;INFLB;2021/2022;9999;Alle;65-74;Alle;626297;31761;48224;8;7;1;0,00;1,28;5071,24;1,12;
2025-11-25;2025-11-18;INFLB;2021/2022;9999;Alle;65-74;K;323366;14607;21712;2;2;1;0,00;0,62;4517,17;0,62;
2025-11-25;2025-11-18;INFLB;2021/2022;9999;Alle;65-74;M;302931;17152;26199;6;5;0;0,00;1,98;5662,02;1,65;
2025-11-25;2025-11-18;INFLB;2021/2022;9999;Alle;75-84;Alle;442063;37315;57178;11;8;2;0,00;2,49;8441,10;1,81;
2025-11-25;2025-11-18;INFLB;2021/2022;9999;Alle;75-84;K;239124;18333;27349;6;5;0;0,00;2,51;7666,73;2,09;
2025-11-25;2025-11-18;INFLB;2021/2022;9999;Alle;75-84;M;202939;18982;29612;5;3;2;0,00;2,46;9353,55;1,48;
2025-11-25;2025-11-18;INFLB;2021/2022;9999;Alle;85+;Alle;131599;20117;30038;2;1;0;0,00;1,52;15286,59;0,76;
2025-11-25;2025-11-18;INFLB;2021/2022;9999;Alle;85+;K;83889;11741;17199;2;1;0;0,00;2,38;13995,88;1,19;
2025-11-25;2025-11-18;INFLB;2021/2022;9999;Alle;85+;M;47710;8376;12779;0;0;0;0,00;0,00;17556,07;0,00;
2025-11-25;2025-11-18;INFLB;2021/2022;9999;Alle;Alle;Alle;5872343;229034;314618;113;35;3;0,00;1,92;3900,21;0,60;
2025-11-25;2025-11-18;INFLB;2021/2022;9999;Alle;Alle;K;2953443;119455;160021;54;17;1;0,00;1,83;4044,60;0,58;
2025-11-25;2025-11-18;INFLB;2021/2022;9999;Alle;Alle;M;2918900;109577;151193;59;18;2;0,00;2,02;3754,05;0,62;
2025-11-25;2025-11-18;INFLB;2021/2022;1084;Hovedstaden;00-01;Alle;43508;7633;9857;4;1;0;0,00;9,19;17543,90;2,30;
2025-11-25;2025-11-18;INFLB;2021/2022;1084;Hovedstaden;00-01;K;21096;3367;4295;1;0;0;0,00;4,74;15960,37;0,00;
2025-11-25;2025-11-18;INFLB;2021/2022;1084;Hovedstaden;00-01;M;22412;4266;5562;3;1;0;0,00;13,39;19034,45;4,46;
2025-11-25;2025-11-18;INFLB;2021/2022;1084;Hovedstaden;02-06;Alle;102256;3562;4261;4;1;0;0,00;3,91;3483,41;0,98;
2025-11-25;2025-11-18;INFLB;2021/2022;1084;Hovedstaden;02-06;K;49875;1580;1905;2;0;0;0,00;4,01;3167,92;0,00;
2025-11-25;2025-11-18;INFLB;2021/2022;1084;Hovedstaden;02-06;M;52381;1982;2356;2;1;0;0,00;3,82;3783,81;1,91;
2025-11-25;2025-11-18;INFLB;2021/2022;1084;Hovedstaden;07-14;Alle;159735;3071;3403;2;1;0;0,00;1,25;1922,56;0,63;
2025-11-25;2025-11-18;INFLB;2021/2022;1084;Hovedstaden;07-14;K;77787;1416;1581;0;0;0;0,00;0,00;1820,36;0,00;
2025-11-25;2025-11-18;INFLB;2021/2022;1084;Hovedstaden;07-14;M;81948;1655;1822;2;1;0;0,00;2,44;2019,57;1,22;
2025-11-25;2025-11-18;INFLB;2021/2022;1084;Hovedstaden;15-44;Alle;767976;23840;27874;17;4;0;0,00;2,21;3104,26;0,52;
2025-11-25;2025-11-18;INFLB;2021/2022;1084;Hovedstaden;15-44;K;386342;14567;17102;11;4;0;0,00;2,85;3770,49;1,04;
2025-11-25;2025-11-18;INFLB;2021/2022;1084;Hovedstaden;15-44;M;381634;9273;10772;6;0;0;0,00;1,57;2429,81;0,00;
2025-11-25;2025-11-18;INFLB;2021/2022;1084;Hovedstaden;45-64;Alle;467804;15226;20123;4;1;0;0,00;0,86;3254,78;0,21;
2025-11-25;2025-11-18;INFLB;2021/2022;1084;Hovedstaden;45-64;K;234961;7753;10006;3;1;0;0,00;1,28;3299,70;0,43;
2025-11-25;2025-11-18;INFLB;2021/2022;1084;Hovedstaden;45-64;M;232843;7473;10117;1;0;0;0,00;0,43;3209,46;0,00;
2025-11-25;2025-11-18;INFLB;2021/2022;1084;Hovedstaden;65-74;Alle;166792;9837;14489;4;4;1;0,00;2,40;5897,76;2,40;
2025-11-25;2025-11-18;INFLB;2021/2022;1084;Hovedstaden;65-74;K;88674;4772;6967;1;1;1;0,00;1,13;5381,51;1,13;
2025-11-25;2025-11-18;INFLB;2021/2022;1084;Hovedstaden;65-74;M;78118;5065;7522;3;3;0;0,00;3,84;6483,78;3,84;
2025-11-25;2025-11-18;INFLB;2021/2022;1084;Hovedstaden;75-84;Alle;122258;12083;17979;9;6;2;0,00;7,36;9883,20;4,91;
2025-11-25;2025-11-18;INFLB;2021/2022;1084;Hovedstaden;75-84;K;68561;6286;9282;5;4;0;0,00;7,29;9168,48;5,83;
2025-11-25;2025-11-18;INFLB;2021/2022;1084;Hovedstaden;75-84;M;53697;5797;8697;4;2;2;0,00;7,45;10795,76;3,72;
2025-11-25;2025-11-18;INFLB;2021/2022;1084;Hovedstaden;85+;Alle;36487;6814;10123;2;1;0;0,00;5,48;18675,14;2,74;
2025-11-25;2025-11-18;INFLB;2021/2022;1084;Hovedstaden;85+;K;24183;4287;6265;2;1;0;0,00;8,27;17727,33;4,14;
2025-11-25;2025-11-18;INFLB;2021/2022;1084;Hovedstaden;85+;M;12304;2527;3858;0;0;0;0,00;0,00;20538,04;0,00;
2025-11-25;2025-11-18;INFLB;2021/2022;1084;Hovedstaden;Alle;Alle;1866816;82066;108109;46;19;3;0,00;2,46;4396,04;1,02;
2025-11-25;2025-11-18;INFLB;2021/2022;1084;Hovedstaden;Alle;K;951479;44028;57403;25;11;1;0,00;2,63;4627,32;1,16;
2025-11-25;2025-11-18;INFLB;2021/2022;1084;Hovedstaden;Alle;M;915337;38038;50706;21;8;2;0,00;2,29;4155,63;0,87;
2025-11-25;2025-11-18;INFLB;2021/2022;1082;Midtjylland;00-01;Alle;29565;2986;3582;0;0;0;0,00;0,00;10099,78;0,00;
2025-11-25;2025-11-18;INFLB;2021/2022;1082;Midtjylland;00-01;K;14355;1250;1484;0;0;0;0,00;0,00;8707,77;0,00;
2025-11-25;2025-11-18;INFLB;2021/2022;1082;Midtjylland;00-01;M;15210;1736;2098;0;0;0;0,00;0,00;11413,54;0,00;
2025-11-25;2025-11-18;INFLB;2021/2022;1082;Midtjylland;02-06;Alle;72990;1058;1284;1;1;0;0,00;1,37;1449,51;1,37;
2025-11-25;2025-11-18;INFLB;2021/2022;1082;Midtjylland;02-06;K;35384;442;539;1;1;0;0,00;2,83;1249,15;2,83;
2025-11-25;2025-11-18;INFLB;2021/2022;1082;Midtjylland;02-06;M;37606;616;745;0;0;0;0,00;0,00;1638,04;0,00;
2025-11-25;2025-11-18;INFLB;2021/2022;1082;Midtjylland;07-14;Alle;119186;767;876;0;0;0;0,00;0,00;643,53;0,00;
2025-11-25;2025-11-18;INFLB;2021/2022;1082;Midtjylland;07-14;K;58244;357;410;0;0;0;0,00;0,00;612,94;0,00;
2025-11-25;2025-11-18;INFLB;2021/2022;1082;Midtjylland;07-14;M;60942;410;466;0;0;0;0,00;0,00;672,77;0,00;
2025-11-25;2025-11-18;INFLB;2021/2022;1082;Midtjylland;15-44;Alle;508397;7510;8976;3;0;0;0,00;0,59;1477,19;0,00;
2025-11-25;2025-11-18;INFLB;2021/2022;1082;Midtjylland;15-44;K;249047;4368;5319;2;0;0;0,00;0,80;1753,89;0,00;
2025-11-25;2025-11-18;INFLB;2021/2022;1082;Midtjylland;15-44;M;259350;3142;3657;1;0;0;0,00;0,39;1211,49;0,00;
2025-11-25;2025-11-18;INFLB;2021/2022;1082;Midtjylland;45-64;Alle;344227;6523;8363;0;0;0;0,00;0,00;1894,97;0,00;
2025-11-25;2025-11-18;INFLB;2021/2022;1082;Midtjylland;45-64;K;172112;3272;4167;0;0;0;0,00;0,00;1901,09;0,00;
2025-11-25;2025-11-18;INFLB;2021/2022;1082;Midtjylland;45-64;M;172115;3251;4196;0;0;0;0,00;0,00;1888,85;0,00;
2025-11-25;2025-11-18;INFLB;2021/2022;1082;Midtjylland;65-74;Alle;143291;5162;6845;0;0;0;0,00;0,00;3602,46;0,00;
2025-11-25;2025-11-18;INFLB;2021/2022;1082;Midtjylland;65-74;K;72964;2283;2999;0;0;0;0,00;0,00;3128,94;0,00;
2025-11-25;2025-11-18;INFLB;2021/2022;1082;Midtjylland;65-74;M;70327;2879;3846;0;0;0;0,00;0,00;4093,73;0,00;
2025-11-25;2025-11-18;INFLB;2021/2022;1082;Midtjylland;75-84;Alle;95972;6192;8223;1;1;0;0,00;1,04;6451,88;1,04;
2025-11-25;2025-11-18;INFLB;2021/2022;1082;Midtjylland;75-84;K;51165;2957;3872;0;0;0;0,00;0,00;5779,34;0,00;
2025-11-25;2025-11-18;INFLB;2021/2022;1082;Midtjylland;75-84;M;44807;3235;4351;1;1;0;0,00;2,23;7219,85;2,23;
2025-11-25;2025-11-18;INFLB;2021/2022;1082;Midtjylland;85+;Alle;29042;3579;4696;0;0;0;0,00;0,00;12323,53;0,00;
2025-11-25;2025-11-18;INFLB;2021/2022;1082;Midtjylland;85+;K;18243;1950;2471;0;0;0;0,00;0,00;10689,03;0,00;
2025-11-25;2025-11-18;INFLB;2021/2022;1082;Midtjylland;85+;M;10799;1629;2225;0;0;0;0,00;0,00;15084,73;0,00;
2025-11-25;2025-11-18;INFLB;2021/2022;1082;Midtjylland;Alle;Alle;1342670;33777;42845;5;2;0;0,00;0,37;2515,66;0,15;
2025-11-25;2025-11-18;INFLB;2021/2022;1082;Midtjylland;Alle;K;671514;16879;21261;3;1;0;0,00;0,45;2513,57;0,15;
2025-11-25;2025-11-18;INFLB;2021/2022;1082;Midtjylland;Alle;M;671156;16898;21584;2;1;0;0,00;0,30;2517,75;0,15;
2025-11-25;2025-11-18;INFLB;2021/2022;1081;Nordjylland;00-01;Alle;11656;1471;1860;0;0;0;0,00;0,00;12620,11;0,00;
2025-11-25;2025-11-18;INFLB;2021/2022;1081;Nordjylland;00-01;K;5695;669;829;0;0;0;0,00;0,00;11747,15;0,00;
2025-11-25;2025-11-18;INFLB;2021/2022;1081;Nordjylland;00-01;M;5961;802;1031;0;0;0;0,00;0,00;13454,12;0,00;
2025-11-25;2025-11-18;INFLB;2021/2022;1081;Nordjylland;02-06;Alle;29894;624;785;2;1;0;0,00;6,69;2087,38;3,35;
2025-11-25;2025-11-18;INFLB;2021/2022;1081;Nordjylland;02-06;K;14539;298;354;1;1;0;0,00;6,88;2049,66;6,88;
2025-11-25;2025-11-18;INFLB;2021/2022;1081;Nordjylland;02-06;M;15355;326;431;1;0;0;0,00;6,51;2123,09;0,00;
2025-11-25;2025-11-18;INFLB;2021/2022;1081;Nordjylland;07-14;Alle;49403;315;374;0;0;0;0,00;0,00;637,61;0,00;
2025-11-25;2025-11-18;INFLB;2021/2022;1081;Nordjylland;07-14;K;24032;146;184;0;0;0;0,00;0,00;607,52;0,00;
2025-11-25;2025-11-18;INFLB;2021/2022;1081;Nordjylland;07-14;M;25371;169;190;0;0;0;0,00;0,00;666,11;0,00;
2025-11-25;2025-11-18;INFLB;2021/2022;1081;Nordjylland;15-44;Alle;211502;3268;3668;0;0;0;0,00;0,00;1545,14;0,00;
2025-11-25;2025-11-18;INFLB;2021/2022;1081;Nordjylland;15-44;K;101170;2179;2441;0;0;0;0,00;0,00;2153,80;0,00;
2025-11-25;2025-11-18;INFLB;2021/2022;1081;Nordjylland;15-44;M;110332;1089;1227;0;0;0;0,00;0,00;987,02;0,00;
2025-11-25;2025-11-18;INFLB;2021/2022;1081;Nordjylland;45-64;Alle;155688;2421;2994;1;1;0;0,00;0,64;1555,03;0,64;
2025-11-25;2025-11-18;INFLB;2021/2022;1081;Nordjylland;45-64;K;77302;1248;1525;0;0;0;0,00;0,00;1614,45;0,00;
2025-11-25;2025-11-18;INFLB;2021/2022;1081;Nordjylland;45-64;M;78386;1173;1469;1;1;0;0,00;1,28;1496,44;1,28;
2025-11-25;2025-11-18;INFLB;2021/2022;1081;Nordjylland;65-74;Alle;69745;1982;2560;1;1;0;0,00;1,43;2841,78;1,43;
2025-11-25;2025-11-18;INFLB;2021/2022;1081;Nordjylland;65-74;K;35329;873;1115;0;0;0;0,00;0,00;2471,06;0,00;
2025-11-25;2025-11-18;INFLB;2021/2022;1081;Nordjylland;65-74;M;34416;1109;1445;1;1;0;0,00;2,91;3222,34;2,91;
2025-11-25;2025-11-18;INFLB;2021/2022;1081;Nordjylland;75-84;Alle;48451;2365;3102;0;0;0;0,00;0,00;4881,22;0,00;
2025-11-25;2025-11-18;INFLB;2021/2022;1081;Nordjylland;75-84;K;25675;1110;1438;0;0;0;0,00;0,00;4323,27;0,00;
2025-11-25;2025-11-18;INFLB;2021/2022;1081;Nordjylland;75-84;M;22776;1255;1664;0;0;0;0,00;0,00;5510,19;0,00;
2025-11-25;2025-11-18;INFLB;2021/2022;1081;Nordjylland;85+;Alle;14960;1344;1683;0;0;0;0,00;0,00;8983,96;0,00;
2025-11-25;2025-11-18;INFLB;2021/2022;1081;Nordjylland;85+;K;9233;705;872;0;0;0;0,00;0,00;7635,65;0,00;
2025-11-25;2025-11-18;INFLB;2021/2022;1081;Nordjylland;85+;M;5727;639;811;0;0;0;0,00;0,00;11157,67;0,00;
2025-11-25;2025-11-18;INFLB;2021/2022;1081;Nordjylland;Alle;Alle;591299;13790;17026;4;3;0;0,00;0,68;2332,15;0,51;
2025-11-25;2025-11-18;INFLB;2021/2022;1081;Nordjylland;Alle;K;292975;7228;8758;1;1;0;0,00;0,34;2467,10;0,34;
2025-11-25;2025-11-18;INFLB;2021/2022;1081;Nordjylland;Alle;M;298324;6562;8268;3;2;0;0,00;1,01;2199,62;0,67;
2025-11-25;2025-11-18;INFLB;2021/2022;1085;Sjælland;00-01;Alle;15394;2971;3854;0;0;0;0,00;0,00;19299,73;0,00;
2025-11-25;2025-11-18;INFLB;2021/2022;1085;Sjælland;00-01;K;7480;1314;1677;0;0;0;0,00;0,00;17566,84;0,00;
2025-11-25;2025-11-18;INFLB;2021/2022;1085;Sjælland;00-01;M;7914;1657;2177;0;0;0;0,00;0,00;20937,58;0,00;
2025-11-25;2025-11-18;INFLB;2021/2022;1085;Sjælland;02-06;Alle;42454;1748;2155;2;1;0;0,00;4,71;4117,40;2,36;
2025-11-25;2025-11-18;INFLB;2021/2022;1085;Sjælland;02-06;K;20609;773;937;0;0;0;0,00;0,00;3750,79;0,00;
2025-11-25;2025-11-18;INFLB;2021/2022;1085;Sjælland;02-06;M;21845;975;1218;2;1;0;0,00;9,16;4463,26;4,58;
2025-11-25;2025-11-18;INFLB;2021/2022;1085;Sjælland;07-14;Alle;73040;1206;1466;0;0;0;0,00;0,00;1651,15;0,00;
2025-11-25;2025-11-18;INFLB;2021/2022;1085;Sjælland;07-14;K;35497;557;700;0;0;0;0,00;0,00;1569,15;0,00;
2025-11-25;2025-11-18;INFLB;2021/2022;1085;Sjælland;07-14;M;37543;649;766;0;0;0;0,00;0,00;1728,68;0,00;
2025-11-25;2025-11-18;INFLB;2021/2022;1085;Sjælland;15-44;Alle;270351;11152;16305;2;0;0;0,00;0,74;4125,01;0,00;
2025-11-25;2025-11-18;INFLB;2021/2022;1085;Sjælland;15-44;K;131478;6999;9999;1;0;0;0,00;0,76;5323,32;0,00;
2025-11-25;2025-11-18;INFLB;2021/2022;1085;Sjælland;15-44;M;138873;4153;6306;1;0;0;0,00;0,72;2990,50;0,00;
2025-11-25;2025-11-18;INFLB;2021/2022;1085;Sjælland;45-64;Alle;243444;10774;18285;4;1;0;0,00;1,64;4425,66;0,41;
2025-11-25;2025-11-18;INFLB;2021/2022;1085;Sjælland;45-64;K;122273;5318;8739;1;1;0;0,00;0,82;4349,28;0,82;
2025-11-25;2025-11-18;INFLB;2021/2022;1085;Sjælland;45-64;M;121171;5456;9546;3;0;0;0,00;2,48;4502,73;0,00;
2025-11-25;2025-11-18;INFLB;2021/2022;1085;Sjælland;65-74;Alle;103715;7961;14965;0;0;0;0,00;0,00;7675,84;0,00;
2025-11-25;2025-11-18;INFLB;2021/2022;1085;Sjælland;65-74;K;53502;3632;6672;0;0;0;0,00;0,00;6788,53;0,00;
2025-11-25;2025-11-18;INFLB;2021/2022;1085;Sjælland;65-74;M;50213;4329;8293;0;0;0;0,00;0,00;8621,27;0,00;
2025-11-25;2025-11-18;INFLB;2021/2022;1085;Sjælland;75-84;Alle;74696;9224;17423;1;1;0;0,00;1,34;12348,72;1,34;
2025-11-25;2025-11-18;INFLB;2021/2022;1085;Sjælland;75-84;K;39954;4497;8109;1;1;0;0,00;2,50;11255,44;2,50;
2025-11-25;2025-11-18;INFLB;2021/2022;1085;Sjælland;75-84;M;34742;4727;9314;0;0;0;0,00;0,00;13606,01;0,00;
2025-11-25;2025-11-18;INFLB;2021/2022;1085;Sjælland;85+;Alle;19975;4538;8327;0;0;0;0,00;0,00;22718,40;0,00;
2025-11-25;2025-11-18;INFLB;2021/2022;1085;Sjælland;85+;K;12613;2673;4798;0;0;0;0,00;0,00;21192,42;0,00;
2025-11-25;2025-11-18;INFLB;2021/2022;1085;Sjælland;85+;M;7362;1865;3529;0;0;0;0,00;0,00;25332,79;0,00;
2025-11-25;2025-11-18;INFLB;2021/2022;1085;Sjælland;Alle;Alle;843069;49574;82780;9;3;0;0,00;1,07;5880,18;0,36;
2025-11-25;2025-11-18;INFLB;2021/2022;1085;Sjælland;Alle;K;423406;25763;41631;3;2;0;0,00;0,71;6084,70;0,47;
2025-11-25;2025-11-18;INFLB;2021/2022;1085;Sjælland;Alle;M;419663;23811;41149;6;1;0;0,00;1,43;5673,84;0,24;
2025-11-25;2025-11-18;INFLB;2021/2022;1083;Syddanmark;00-01;Alle;23988;3229;4046;7;3;0;0,00;29,18;13460,90;12,51;
2025-11-25;2025-11-18;INFLB;2021/2022;1083;Syddanmark;00-01;K;11748;1395;1737;2;0;0;0,00;17,02;11874,36;0,00;
2025-11-25;2025-11-18;INFLB;2021/2022;1083;Syddanmark;00-01;M;12240;1834;2309;5;3;0;0,00;40,85;14983,66;24,51;
2025-11-25;2025-11-18;INFLB;2021/2022;1083;Syddanmark;02-06;Alle;62768;1986;2376;14;1;0;0,01;22,30;3164,03;1,59;
2025-11-25;2025-11-18;INFLB;2021/2022;1083;Syddanmark;02-06;K;30487;866;1035;6;0;0;0,01;19,68;2840,55;0,00;
2025-11-25;2025-11-18;INFLB;2021/2022;1083;Syddanmark;02-06;M;32281;1120;1341;8;1;0;0,01;24,78;3469,53;3,10;
2025-11-25;2025-11-18;INFLB;2021/2022;1083;Syddanmark;07-14;Alle;108085;1822;2058;7;0;0;0,00;6,48;1685,71;0,00;
2025-11-25;2025-11-18;INFLB;2021/2022;1083;Syddanmark;07-14;K;52589;841;943;3;0;0;0,00;5,70;1599,19;0,00;
2025-11-25;2025-11-18;INFLB;2021/2022;1083;Syddanmark;07-14;M;55496;981;1115;4;0;0;0,00;7,21;1767,69;0,00;
2025-11-25;2025-11-18;INFLB;2021/2022;1083;Syddanmark;15-44;Alle;425954;12486;14767;11;2;0;0,00;2,58;2931,30;0,47;
2025-11-25;2025-11-18;INFLB;2021/2022;1083;Syddanmark;15-44;K;206757;7930;9418;7;1;0;0,00;3,39;3835,42;0,48;
2025-11-25;2025-11-18;INFLB;2021/2022;1083;Syddanmark;15-44;M;219197;4556;5349;4;1;0;0,00;1,82;2078,50;0,46;
2025-11-25;2025-11-18;INFLB;2021/2022;1083;Syddanmark;45-64;Alle;333119;9464;12467;4;0;0;0,00;1,20;2841,03;0,00;
2025-11-25;2025-11-18;INFLB;2021/2022;1083;Syddanmark;45-64;K;166205;4823;6350;2;0;0;0,00;1,20;2901,84;0,00;
2025-11-25;2025-11-18;INFLB;2021/2022;1083;Syddanmark;45-64;M;166914;4641;6117;2;0;0;0,00;1,20;2780,47;0,00;
2025-11-25;2025-11-18;INFLB;2021/2022;1083;Syddanmark;65-74;Alle;142754;6540;9037;3;2;0;0,00;2,10;4581,31;1,40;
2025-11-25;2025-11-18;INFLB;2021/2022;1083;Syddanmark;65-74;K;72897;2939;3956;1;1;0;0,00;1,37;4031,72;1,37;
2025-11-25;2025-11-18;INFLB;2021/2022;1083;Syddanmark;65-74;M;69857;3601;5081;2;1;0;0,00;2,86;5154,82;1,43;
2025-11-25;2025-11-18;INFLB;2021/2022;1083;Syddanmark;75-84;Alle;100686;7263;10222;0;0;0;0,00;0,00;7213,52;0,00;
2025-11-25;2025-11-18;INFLB;2021/2022;1083;Syddanmark;75-84;K;53769;3407;4642;0;0;0;0,00;0,00;6336,36;0,00;
2025-11-25;2025-11-18;INFLB;2021/2022;1083;Syddanmark;75-84;M;46917;3856;5580;0;0;0;0,00;0,00;8218,77;0,00;
2025-11-25;2025-11-18;INFLB;2021/2022;1083;Syddanmark;85+;Alle;31135;3787;5144;0;0;0;0,00;0,00;12163,16;0,00;
2025-11-25;2025-11-18;INFLB;2021/2022;1083;Syddanmark;85+;K;19617;2095;2789;0;0;0;0,00;0,00;10679,51;0,00;
2025-11-25;2025-11-18;INFLB;2021/2022;1083;Syddanmark;85+;M;11518;1692;2355;0;0;0;0,00;0,00;14690,05;0,00;
2025-11-25;2025-11-18;INFLB;2021/2022;1083;Syddanmark;Alle;Alle;1228489;46577;60117;46;8;0;0,00;3,74;3791,41;0,65;
2025-11-25;2025-11-18;INFLB;2021/2022;1083;Syddanmark;Alle;K;614069;24296;30870;21;2;0;0,00;3,42;3956,56;0,33;
2025-11-25;2025-11-18;INFLB;2021/2022;1083;Syddanmark;Alle;M;614420;22281;29247;25;6;0;0,00;4,07;3626,35;0,98;
2025-11-25;2025-11-18;INFLB;2022/2023;9999;Alle;00-01;Alle;121595;18295;23436;511;95;1;0,03;420,25;15045,85;78,13;
2025-11-25;2025-11-18;INFLB;2022/2023;9999;Alle;00-01;K;59123;8034;9924;228;43;0;0,03;385,64;13588,62;72,73;
2025-11-25;2025-11-18;INFLB;2022/2023;9999;Alle;00-01;M;62472;10261;13288;283;52;1;0,03;453,00;16424,96;83,24;
2025-11-25;2025-11-18;INFLB;2022/2023;9999;Alle;02-06;Alle;314420;10379;12427;890;108;1;0,09;283,06;3301,00;34,35;
2025-11-25;2025-11-18;INFLB;2022/2023;9999;Alle;02-06;K;152833;4756;5674;409;42;0;0,09;267,61;3111,89;27,48;
2025-11-25;2025-11-18;INFLB;2022/2023;9999;Alle;02-06;M;161587;5623;6678;481;66;1;0,09;297,67;3479,86;40,84;
2025-11-25;2025-11-18;INFLB;2022/2023;9999;Alle;07-14;Alle;507970;8957;9810;2675;201;2;0,30;526,61;1763,29;39,57;
2025-11-25;2025-11-18;INFLB;2022/2023;9999;Alle;07-14;K;247470;4192;4538;1260;87;2;0,30;509,15;1693,94;35,16;
2025-11-25;2025-11-18;INFLB;2022/2023;9999;Alle;07-14;M;260500;4765;5203;1415;114;0;0,30;543,19;1829,17;43,76;
2025-11-25;2025-11-18;INFLB;2022/2023;9999;Alle;15-44;Alle;2216125;48352;55306;5586;448;5;0,12;252,06;2181,83;20,22;
2025-11-25;2025-11-18;INFLB;2022/2023;9999;Alle;15-44;K;1092059;28388;31840;3272;281;4;0,12;299,62;2599,49;25,73;
2025-11-25;2025-11-18;INFLB;2022/2023;9999;Alle;15-44;M;1124066;19964;22452;2314;167;1;0,12;205,86;1776,05;14,86;
2025-11-25;2025-11-18;INFLB;2022/2023;9999;Alle;45-64;Alle;1548906;45388;59700;1028;147;7;0,02;66,37;2930,33;9,49;
2025-11-25;2025-11-18;INFLB;2022/2023;9999;Alle;45-64;K;776569;23671;30255;569;71;1;0,02;73,27;3048,15;9,14;
2025-11-25;2025-11-18;INFLB;2022/2023;9999;Alle;45-64;M;772337;21716;28669;459;76;6;0,02;59,43;2811,73;9,84;
2025-11-25;2025-11-18;INFLB;2022/2023;9999;Alle;65-74;Alle;623327;33222;47281;96;51;6;0,00;15,40;5329,79;8,18;
2025-11-25;2025-11-18;INFLB;2022/2023;9999;Alle;65-74;K;321987;15906;22046;53;23;2;0,00;16,46;4939,95;7,14;
2025-11-25;2025-11-18;INFLB;2022/2023;9999;Alle;65-74;M;301340;17316;24879;43;28;4;0,00;14,27;5746,33;9,29;
2025-11-25;2025-11-18;INFLB;2022/2023;9999;Alle;75-84;Alle;458406;42094;61416;69;44;5;0,00;15,05;9182,69;9,60;
2025-11-25;2025-11-18;INFLB;2022/2023;9999;Alle;75-84;K;247758;20275;28801;36;20;1;0,00;14,53;8183,39;8,07;
2025-11-25;2025-11-18;INFLB;2022/2023;9999;Alle;75-84;M;210648;21819;32342;33;24;4;0,00;15,67;10358,04;11,39;
2025-11-25;2025-11-18;INFLB;2022/2023;9999;Alle;85+;Alle;136230;22396;32226;63;50;10;0,00;46,25;16439,84;36,70;
2025-11-25;2025-11-18;INFLB;2022/2023;9999;Alle;85+;K;86190;12896;18114;44;34;7;0,00;51,05;14962,29;39,45;
2025-11-25;2025-11-18;INFLB;2022/2023;9999;Alle;85+;M;50040;9500;14045;19;16;3;0,00;37,97;18984,81;31,97;
2025-11-25;2025-11-18;INFLB;2022/2023;9999;Alle;Alle;Alle;5926979;229083;301602;10918;1144;37;0,05;184,21;3865,09;19,30;
2025-11-25;2025-11-18;INFLB;2022/2023;9999;Alle;Alle;K;2983989;118118;151192;5871;601;17;0,05;196,75;3958,39;20,14;
2025-11-25;2025-11-18;INFLB;2022/2023;9999;Alle;Alle;M;2942990;110964;147556;5047;543;20;0,05;171,49;3770,45;18,45;
2025-11-25;2025-11-18;INFLB;2022/2023;1084;Hovedstaden;00-01;Alle;42291;8102;10636;271;43;0;0,03;640,80;19157,74;101,68;
2025-11-25;2025-11-18;INFLB;2022/2023;1084;Hovedstaden;00-01;K;20610;3639;4677;120;17;0;0,03;582,24;17656,48;82,48;
2025-11-25;2025-11-18;INFLB;2022/2023;1084;Hovedstaden;00-01;M;21681;4463;5959;151;26;0;0,03;696,46;20584,84;119,92;
2025-11-25;2025-11-18;INFLB;2022/2023;1084;Hovedstaden;02-06;Alle;103676;4752;5619;481;57;0;0,10;463,95;4583,51;54,98;
2025-11-25;2025-11-18;INFLB;2022/2023;1084;Hovedstaden;02-06;K;50475;2215;2637;228;24;0;0,10;451,71;4388,31;47,55;
2025-11-25;2025-11-18;INFLB;2022/2023;1084;Hovedstaden;02-06;M;53201;2537;2982;253;33;0;0,10;475,55;4768,71;62,03;
2025-11-25;2025-11-18;INFLB;2022/2023;1084;Hovedstaden;07-14;Alle;159556;4223;4599;1313;92;1;0,31;822,91;2646,72;57,66;
2025-11-25;2025-11-18;INFLB;2022/2023;1084;Hovedstaden;07-14;K;77820;1950;2124;612;41;1;0,31;786,43;2505,78;52,69;
2025-11-25;2025-11-18;INFLB;2022/2023;1084;Hovedstaden;07-14;M;81736;2273;2475;701;51;0;0,31;857,64;2780,90;62,40;
2025-11-25;2025-11-18;INFLB;2022/2023;1084;Hovedstaden;15-44;Alle;783970;21630;24421;2829;178;1;0,13;360,86;2759,03;22,70;
2025-11-25;2025-11-18;INFLB;2022/2023;1084;Hovedstaden;15-44;K;394216;12839;14448;1640;114;1;0,13;416,02;3256,84;28,92;
2025-11-25;2025-11-18;INFLB;2022/2023;1084;Hovedstaden;15-44;M;389754;8791;9973;1189;64;0;0,14;305,06;2255,53;16,42;
2025-11-25;2025-11-18;INFLB;2022/2023;1084;Hovedstaden;45-64;Alle;471922;16742;21631;481;49;1;0,03;101,92;3547,62;10,38;
2025-11-25;2025-11-18;INFLB;2022/2023;1084;Hovedstaden;45-64;K;237650;9020;11413;279;30;0;0,03;117,40;3795,50;12,62;
2025-11-25;2025-11-18;INFLB;2022/2023;1084;Hovedstaden;45-64;M;234272;7722;10218;202;19;1;0,03;86,22;3296,17;8,11;
2025-11-25;2025-11-18;INFLB;2022/2023;1084;Hovedstaden;65-74;Alle;165865;10747;15363;43;16;2;0,00;25,92;6479,37;9,65;
2025-11-25;2025-11-18;INFLB;2022/2023;1084;Hovedstaden;65-74;K;87945;5418;7625;28;8;1;0,01;31,84;6160,67;9,10;
2025-11-25;2025-11-18;INFLB;2022/2023;1084;Hovedstaden;65-74;M;77920;5329;7738;15;8;1;0,00;19,25;6839,07;10,27;
2025-11-25;2025-11-18;INFLB;2022/2023;1084;Hovedstaden;75-84;Alle;126648;13658;20507;32;18;1;0,00;25,27;10784,22;14,21;
2025-11-25;2025-11-18;INFLB;2022/2023;1084;Hovedstaden;75-84;K;70910;6983;10270;20;11;1;0,00;28,20;9847,69;15,51;
2025-11-25;2025-11-18;INFLB;2022/2023;1084;Hovedstaden;75-84;M;55738;6675;10237;12;7;0;0,00;21,53;11975,67;12,56;
2025-11-25;2025-11-18;INFLB;2022/2023;1084;Hovedstaden;85+;Alle;37595;7561;11355;27;18;6;0,00;71,82;20111,72;47,88;
2025-11-25;2025-11-18;INFLB;2022/2023;1084;Hovedstaden;85+;K;24698;4651;6840;21;15;4;0,00;85,03;18831,48;60,73;
2025-11-25;2025-11-18;INFLB;2022/2023;1084;Hovedstaden;85+;M;12897;2910;4515;6;3;2;0,00;46,52;22563,39;23,26;
2025-11-25;2025-11-18;INFLB;2022/2023;1084;Hovedstaden;Alle;Alle;1891523;87415;114131;5477;471;12;0,06;289,56;4621,41;24,90;
2025-11-25;2025-11-18;INFLB;2022/2023;1084;Hovedstaden;Alle;K;964324;46715;60034;2948;260;8;0,06;305,71;4844,33;26,96;
2025-11-25;2025-11-18;INFLB;2022/2023;1084;Hovedstaden;Alle;M;927199;40700;54097;2529;211;4;0,06;272,76;4389,56;22,76;
2025-11-25;2025-11-18;INFLB;2022/2023;1082;Midtjylland;00-01;Alle;29181;3149;3835;69;13;1;0,02;236,46;10791,27;44,55;
2025-11-25;2025-11-18;INFLB;2022/2023;1082;Midtjylland;00-01;K;14173;1362;1604;31;9;0;0,02;218,73;9609,82;63,50;
2025-11-25;2025-11-18;INFLB;2022/2023;1082;Midtjylland;00-01;M;15008;1787;2231;38;4;1;0,02;253,20;11906,98;26,65;
2025-11-25;2025-11-18;INFLB;2022/2023;1082;Midtjylland;02-06;Alle;74447;1358;1678;85;14;0;0,06;114,18;1824,12;18,81;
2025-11-25;2025-11-18;INFLB;2022/2023;1082;Midtjylland;02-06;K;36122;610;769;39;4;0;0,06;107,97;1688,72;11,07;
2025-11-25;2025-11-18;INFLB;2022/2023;1082;Midtjylland;02-06;M;38325;748;909;46;10;0;0,06;120,03;1951,73;26,09;
2025-11-25;2025-11-18;INFLB;2022/2023;1082;Midtjylland;07-14;Alle;119041;950;1067;281;35;0;0,30;236,05;798,04;29,40;
2025-11-25;2025-11-18;INFLB;2022/2023;1082;Midtjylland;07-14;K;58070;450;509;124;17;0;0,28;213,54;774,93;29,28;
2025-11-25;2025-11-18;INFLB;2022/2023;1082;Midtjylland;07-14;M;60971;500;558;157;18;0;0,31;257,50;820,06;29,52;
2025-11-25;2025-11-18;INFLB;2022/2023;1082;Midtjylland;15-44;Alle;515853;5865;6621;538;93;1;0,09;104,29;1136,95;18,03;
2025-11-25;2025-11-18;INFLB;2022/2023;1082;Midtjylland;15-44;K;253693;3470;3892;322;54;0;0,09;126,93;1367,79;21,29;
2025-11-25;2025-11-18;INFLB;2022/2023;1082;Midtjylland;15-44;M;262160;2395;2729;216;39;1;0,09;82,39;913,56;14,88;
2025-11-25;2025-11-18;INFLB;2022/2023;1082;Midtjylland;45-64;Alle;345690;6392;8147;110;34;2;0,02;31,82;1849,06;9,84;
2025-11-25;2025-11-18;INFLB;2022/2023;1082;Midtjylland;45-64;K;173194;3191;3947;52;12;1;0,02;30,02;1842,44;6,93;
2025-11-25;2025-11-18;INFLB;2022/2023;1082;Midtjylland;45-64;M;172496;3201;4200;58;22;1;0,02;33,62;1855,70;12,75;
2025-11-25;2025-11-18;INFLB;2022/2023;1082;Midtjylland;65-74;Alle;142852;5533;7407;9;8;0;0,00;6,30;3873,24;5,60;
2025-11-25;2025-11-18;INFLB;2022/2023;1082;Midtjylland;65-74;K;72914;2542;3337;4;4;0;0,00;5,49;3486,30;5,49;
2025-11-25;2025-11-18;INFLB;2022/2023;1082;Midtjylland;65-74;M;69938;2991;4070;5;4;0;0,00;7,15;4276,65;5,72;
2025-11-25;2025-11-18;INFLB;2022/2023;1082;Midtjylland;75-84;Alle;99956;7216;9684;11;9;2;0,00;11,00;7219,18;9,00;
2025-11-25;2025-11-18;INFLB;2022/2023;1082;Midtjylland;75-84;K;53126;3321;4344;4;4;0;0,00;7,53;6251,18;7,53;
2025-11-25;2025-11-18;INFLB;2022/2023;1082;Midtjylland;75-84;M;46830;3895;5340;7;5;2;0,00;14,95;8317,32;10,68;
2025-11-25;2025-11-18;INFLB;2022/2023;1082;Midtjylland;85+;Alle;30254;3941;5155;9;9;0;0,00;29,75;13026,38;29,75;
2025-11-25;2025-11-18;INFLB;2022/2023;1082;Midtjylland;85+;K;18886;2140;2728;4;4;0;0,00;21,18;11331,14;21,18;
2025-11-25;2025-11-18;INFLB;2022/2023;1082;Midtjylland;85+;M;11368;1801;2427;5;5;0;0,00;43,98;15842,72;43,98;
2025-11-25;2025-11-18;INFLB;2022/2023;1082;Midtjylland;Alle;Alle;1357274;34404;43594;1112;215;6;0,03;81,93;2534,79;15,84;
2025-11-25;2025-11-18;INFLB;2022/2023;1082;Midtjylland;Alle;K;680178;17086;21130;580;108;1;0,03;85,27;2511,99;15,88;
2025-11-25;2025-11-18;INFLB;2022/2023;1082;Midtjylland;Alle;M;677096;17318;22464;532;107;5;0,03;78,57;2557,69;15,80;
2025-11-25;2025-11-18;INFLB;2022/2023;1081;Nordjylland;00-01;Alle;11487;1713;2253;31;8;0;0,02;269,87;14912,51;69,64;
2025-11-25;2025-11-18;INFLB;2022/2023;1081;Nordjylland;00-01;K;5572;735;925;20;3;0;0,03;358,94;13190,95;53,84;
2025-11-25;2025-11-18;INFLB;2022/2023;1081;Nordjylland;00-01;M;5915;978;1328;11;5;0;0,01;185,97;16534,23;84,53;
2025-11-25;2025-11-18;INFLB;2022/2023;1081;Nordjylland;02-06;Alle;30107;852;1052;51;9;1;0,06;169,40;2829,91;29,89;
2025-11-25;2025-11-18;INFLB;2022/2023;1081;Nordjylland;02-06;K;14602;369;437;25;3;0;0,07;171,21;2527,05;20,55;
2025-11-25;2025-11-18;INFLB;2022/2023;1081;Nordjylland;02-06;M;15505;483;615;26;6;1;0,05;167,69;3115,12;38,70;
2025-11-25;2025-11-18;INFLB;2022/2023;1081;Nordjylland;07-14;Alle;49272;625;690;182;13;0;0,29;369,38;1268,47;26,38;
2025-11-25;2025-11-18;INFLB;2022/2023;1081;Nordjylland;07-14;K;24001;301;329;86;3;0;0,29;358,32;1254,11;12,50;
2025-11-25;2025-11-18;INFLB;2022/2023;1081;Nordjylland;07-14;M;25271;324;361;96;10;0;0,30;379,88;1282,10;39,57;
2025-11-25;2025-11-18;INFLB;2022/2023;1081;Nordjylland;15-44;Alle;212643;3269;3755;299;40;1;0,09;140,61;1537,32;18,81;
2025-11-25;2025-11-18;INFLB;2022/2023;1081;Nordjylland;15-44;K;101899;1872;2134;183;26;1;0,10;179,59;1837,11;25,52;
2025-11-25;2025-11-18;INFLB;2022/2023;1081;Nordjylland;15-44;M;110744;1397;1621;116;14;0;0,08;104,75;1261,47;12,64;
2025-11-25;2025-11-18;INFLB;2022/2023;1081;Nordjylland;45-64;Alle;155180;3633;4689;54;9;0;0,01;34,80;2341,15;5,80;
2025-11-25;2025-11-18;INFLB;2022/2023;1081;Nordjylland;45-64;K;77199;1832;2325;22;3;0;0,01;28,50;2373,09;3,89;
2025-11-25;2025-11-18;INFLB;2022/2023;1081;Nordjylland;45-64;M;77981;1801;2364;32;6;0;0,02;41,04;2309,54;7,69;
2025-11-25;2025-11-18;INFLB;2022/2023;1081;Nordjylland;65-74;Alle;69489;3074;4272;7;4;2;0,00;10,07;4423,72;5,76;
2025-11-25;2025-11-18;INFLB;2022/2023;1081;Nordjylland;65-74;K;35266;1402;1888;2;1;0;0,00;5,67;3975,50;2,84;
2025-11-25;2025-11-18;INFLB;2022/2023;1081;Nordjylland;65-74;M;34223;1672;2384;5;3;2;0,00;14,61;4885,60;8,77;
2025-11-25;2025-11-18;INFLB;2022/2023;1081;Nordjylland;75-84;Alle;50166;4180;5839;5;4;0;0,00;9,97;8332,34;7,97;
2025-11-25;2025-11-18;INFLB;2022/2023;1081;Nordjylland;75-84;K;26544;1903;2604;2;1;0;0,00;7,53;7169,23;3,77;
2025-11-25;2025-11-18;INFLB;2022/2023;1081;Nordjylland;75-84;M;23622;2277;3235;3;3;0;0,00;12,70;9639,32;12,70;
2025-11-25;2025-11-18;INFLB;2022/2023;1081;Nordjylland;85+;Alle;15352;2319;3112;5;3;2;0,00;32,57;15105,52;19,54;
2025-11-25;2025-11-18;INFLB;2022/2023;1081;Nordjylland;85+;K;9400;1261;1642;3;1;1;0,00;31,91;13414,89;10,64;
2025-11-25;2025-11-18;INFLB;2022/2023;1081;Nordjylland;85+;M;5952;1058;1470;2;2;1;0,00;33,60;17775,54;33,60;
2025-11-25;2025-11-18;INFLB;2022/2023;1081;Nordjylland;Alle;Alle;593696;19665;25662;634;90;6;0,03;106,79;3312,30;15,16;
2025-11-25;2025-11-18;INFLB;2022/2023;1081;Nordjylland;Alle;K;294483;9675;12284;343;41;2;0,04;116,48;3285,42;13,92;
2025-11-25;2025-11-18;INFLB;2022/2023;1081;Nordjylland;Alle;M;299213;9990;13378;291;49;4;0,03;97,26;3338,76;16,38;
2025-11-25;2025-11-18;INFLB;2022/2023;1085;Sjælland;00-01;Alle;15035;2967;3844;90;19;0;0,03;598,60;19733,95;126,37;
2025-11-25;2025-11-18;INFLB;2022/2023;1085;Sjælland;00-01;K;7287;1319;1663;37;9;0;0,03;507,75;18100,73;123,51;
2025-11-25;2025-11-18;INFLB;2022/2023;1085;Sjælland;00-01;M;7748;1648;2181;53;10;0;0,03;684,05;21270,01;129,07;
2025-11-25;2025-11-18;INFLB;2022/2023;1085;Sjælland;02-06;Alle;42830;1967;2395;179;19;0;0,09;417,93;4592,58;44,36;
2025-11-25;2025-11-18;INFLB;2022/2023;1085;Sjælland;02-06;K;20839;896;1093;77;7;0;0,09;369,50;4299,63;33,59;
2025-11-25;2025-11-18;INFLB;2022/2023;1085;Sjælland;02-06;M;21991;1071;1302;102;12;0;0,10;463,83;4870,17;54,57;
2025-11-25;2025-11-18;INFLB;2022/2023;1085;Sjælland;07-14;Alle;72571;1609;1759;456;35;1;0,28;628,35;2217,14;48,23;
2025-11-25;2025-11-18;INFLB;2022/2023;1085;Sjælland;07-14;K;35205;756;822;221;16;1;0,29;627,75;2147,42;45,45;
2025-11-25;2025-11-18;INFLB;2022/2023;1085;Sjælland;07-14;M;37366;853;937;235;19;0;0,28;628,91;2282,82;50,85;
2025-11-25;2025-11-18;INFLB;2022/2023;1085;Sjælland;15-44;Alle;273710;8536;10215;947;55;0;0,11;345,99;3118,63;20,09;
2025-11-25;2025-11-18;INFLB;2022/2023;1085;Sjælland;15-44;K;133257;5082;5993;575;36;0;0,11;431,50;3813,68;27,02;
2025-11-25;2025-11-18;INFLB;2022/2023;1085;Sjælland;15-44;M;140453;3454;4222;372;19;0;0,11;264,86;2459,19;13,53;
2025-11-25;2025-11-18;INFLB;2022/2023;1085;Sjælland;45-64;Alle;243060;9453;13591;193;29;3;0,02;79,40;3889,16;11,93;
2025-11-25;2025-11-18;INFLB;2022/2023;1085;Sjælland;45-64;K;122093;4903;6875;111;18;0;0,02;90,91;4015,79;14,74;
2025-11-25;2025-11-18;INFLB;2022/2023;1085;Sjælland;45-64;M;120967;4550;6716;82;11;3;0,02;67,79;3761,36;9,09;
2025-11-25;2025-11-18;INFLB;2022/2023;1085;Sjælland;65-74;Alle;102728;7339;11393;20;15;1;0,00;19,47;7144,11;14,60;
2025-11-25;2025-11-18;INFLB;2022/2023;1085;Sjælland;65-74;K;53087;3482;5292;6;5;1;0,00;11,30;6559,04;9,42;
2025-11-25;2025-11-18;INFLB;2022/2023;1085;Sjælland;65-74;M;49641;3857;6101;14;10;0;0,00;28,20;7769,79;20,14;
2025-11-25;2025-11-18;INFLB;2022/2023;1085;Sjælland;75-84;Alle;77505;9059;14445;12;7;2;0,00;15,48;11688,28;9,03;
2025-11-25;2025-11-18;INFLB;2022/2023;1085;Sjælland;75-84;K;41532;4361;6780;7;3;0;0,00;16,85;10500,34;7,22;
2025-11-25;2025-11-18;INFLB;2022/2023;1085;Sjælland;75-84;M;35973;4698;7665;5;4;2;0,00;13,90;13059,79;11,12;
2025-11-25;2025-11-18;INFLB;2022/2023;1085;Sjælland;85+;Alle;20890;4456;7140;7;6;2;0,00;33,51;21330,78;28,72;
2025-11-25;2025-11-18;INFLB;2022/2023;1085;Sjælland;85+;K;13046;2602;4083;7;6;2;0,00;53,66;19944,81;45,99;
2025-11-25;2025-11-18;INFLB;2022/2023;1085;Sjælland;85+;M;7844;1854;3057;0;0;0;0,00;0,00;23635,90;0,00;
2025-11-25;2025-11-18;INFLB;2022/2023;1085;Sjælland;Alle;Alle;848329;45386;64782;1904;185;9;0,04;224,44;5350,05;21,81;
2025-11-25;2025-11-18;INFLB;2022/2023;1085;Sjælland;Alle;K;426346;23401;32601;1041;100;4;0,04;244,17;5488,73;23,46;
2025-11-25;2025-11-18;INFLB;2022/2023;1085;Sjælland;Alle;M;421983;21985;32181;863;85;5;0,04;204,51;5209,93;20,14;
2025-11-25;2025-11-18;INFLB;2022/2023;1083;Syddanmark;00-01;Alle;23601;2133;2619;46;12;0;0,02;194,91;9037,75;50,85;
2025-11-25;2025-11-18;INFLB;2022/2023;1083;Syddanmark;00-01;K;11481;884;1047;17;5;0;0,02;148,07;7699,68;43,55;
2025-11-25;2025-11-18;INFLB;2022/2023;1083;Syddanmark;00-01;M;12120;1249;1572;29;7;0;0,02;239,27;10305,28;57,76;
2025-11-25;2025-11-18;INFLB;2022/2023;1083;Syddanmark;02-06;Alle;63360;1369;1592;89;9;0;0,07;140,47;2160,67;14,20;
2025-11-25;2025-11-18;INFLB;2022/2023;1083;Syddanmark;02-06;K;30795;623;730;36;4;0;0,06;116,90;2023,06;12,99;
2025-11-25;2025-11-18;INFLB;2022/2023;1083;Syddanmark;02-06;M;32565;746;862;53;5;0;0,07;162,75;2290,80;15,35;
2025-11-25;2025-11-18;INFLB;2022/2023;1083;Syddanmark;07-14;Alle;107530;1477;1616;435;25;0;0,29;404,54;1373,57;23,25;
2025-11-25;2025-11-18;INFLB;2022/2023;1083;Syddanmark;07-14;K;52374;697;750;211;10;0;0,30;402,87;1330,81;19,09;
2025-11-25;2025-11-18;INFLB;2022/2023;1083;Syddanmark;07-14;M;55156;780;866;224;15;0;0,29;406,12;1414,17;27,20;
2025-11-25;2025-11-18;INFLB;2022/2023;1083;Syddanmark;15-44;Alle;429949;7979;9139;929;77;2;0,12;216,07;1855,80;17,91;
2025-11-25;2025-11-18;INFLB;2022/2023;1083;Syddanmark;15-44;K;208994;4695;5335;534;49;2;0,11;255,51;2246,48;23,45;
2025-11-25;2025-11-18;INFLB;2022/2023;1083;Syddanmark;15-44;M;220955;3284;3804;395;28;0;0,12;178,77;1486,28;12,67;
2025-11-25;2025-11-18;INFLB;2022/2023;1083;Syddanmark;45-64;Alle;333054;8445;10779;178;25;1;0,02;53,44;2535,62;7,51;
2025-11-25;2025-11-18;INFLB;2022/2023;1083;Syddanmark;45-64;K;166433;4493;5676;105;8;0;0,02;63,09;2699,58;4,81;
2025-11-25;2025-11-18;INFLB;2022/2023;1083;Syddanmark;45-64;M;166621;3952;5103;73;17;1;0,02;43,81;2371,85;10,20;
2025-11-25;2025-11-18;INFLB;2022/2023;1083;Syddanmark;65-74;Alle;142393;6198;8482;13;6;1;0,00;9,13;4352,74;4,21;
2025-11-25;2025-11-18;INFLB;2022/2023;1083;Syddanmark;65-74;K;72775;2922;3901;9;3;0;0,00;12,37;4015,12;4,12;
2025-11-25;2025-11-18;INFLB;2022/2023;1083;Syddanmark;65-74;M;69618;3276;4581;4;3;1;0,00;5,75;4705,68;4,31;
2025-11-25;2025-11-18;INFLB;2022/2023;1083;Syddanmark;75-84;Alle;104131;7723;10651;9;6;0;0,00;8,64;7416,62;5,76;
2025-11-25;2025-11-18;INFLB;2022/2023;1083;Syddanmark;75-84;K;55646;3585;4796;3;1;0;0,00;5,39;6442,51;1,80;
2025-11-25;2025-11-18;INFLB;2022/2023;1083;Syddanmark;75-84;M;48485;4138;5855;6;5;0;0,00;12,37;8534,60;10,31;
2025-11-25;2025-11-18;INFLB;2022/2023;1083;Syddanmark;85+;Alle;32139;4051;5394;15;14;0;0,00;46,67;12604,62;43,56;
2025-11-25;2025-11-18;INFLB;2022/2023;1083;Syddanmark;85+;K;20160;2210;2819;9;8;0;0,00;44,64;10962,30;39,68;
2025-11-25;2025-11-18;INFLB;2022/2023;1083;Syddanmark;85+;M;11979;1841;2575;6;6;0;0,00;50,09;15368,56;50,09;
2025-11-25;2025-11-18;INFLB;2022/2023;1083;Syddanmark;Alle;Alle;1236157;39375;50272;1714;174;4;0,04;138,66;3185,28;14,08;
2025-11-25;2025-11-18;INFLB;2022/2023;1083;Syddanmark;Alle;K;618658;20109;25054;924;88;2;0,05;149,36;3250,42;14,22;
2025-11-25;2025-11-18;INFLB;2022/2023;1083;Syddanmark;Alle;M;617499;19266;25218;790;86;2;0,04;127,94;3120,01;13,93;
2025-11-25;2025-11-18;INFLB;2023/2024;9999;Alle;00-01;Alle;115405;15930;20236;14;5;0;0,00;12,13;13803,56;4,33;
2025-11-25;2025-11-18;INFLB;2023/2024;9999;Alle;00-01;K;56052;7084;8785;8;4;0;0,00;14,27;12638,26;7,14;
2025-11-25;2025-11-18;INFLB;2023/2024;9999;Alle;00-01;M;59353;8846;11295;6;1;0;0,00;10,11;14904,05;1,68;
2025-11-25;2025-11-18;INFLB;2023/2024;9999;Alle;02-06;Alle;315357;8248;9821;16;2;0;0,00;5,07;2615,45;0,63;
2025-11-25;2025-11-18;INFLB;2023/2024;9999;Alle;02-06;K;153402;3817;4495;6;1;0;0,00;3,91;2488,23;0,65;
2025-11-25;2025-11-18;INFLB;2023/2024;9999;Alle;02-06;M;161955;4431;5268;10;1;0;0,00;6,17;2735,95;0,62;
2025-11-25;2025-11-18;INFLB;2023/2024;9999;Alle;07-14;Alle;503490;9436;10546;47;4;0;0,00;9,33;1874,12;0,79;
2025-11-25;2025-11-18;INFLB;2023/2024;9999;Alle;07-14;K;245156;4432;4955;21;1;0;0,00;8,57;1807,83;0,41;
2025-11-25;2025-11-18;INFLB;2023/2024;9999;Alle;07-14;M;258334;5004;5553;26;3;0;0,01;10,06;1937,03;1,16;
2025-11-25;2025-11-18;INFLB;2023/2024;9999;Alle;15-44;Alle;2234746;45611;51882;259;19;0;0,01;11,59;2040,99;0,85;
2025-11-25;2025-11-18;INFLB;2023/2024;9999;Alle;15-44;K;1100039;27320;30924;136;10;0;0,00;12,36;2483,55;0,91;
2025-11-25;2025-11-18;INFLB;2023/2024;9999;Alle;15-44;M;1134707;18291;20489;123;9;0;0,01;10,84;1611,96;0,79;
2025-11-25;2025-11-18;INFLB;2023/2024;9999;Alle;45-64;Alle;1549233;43195;53212;54;6;0;0,00;3,49;2788,15;0,39;
2025-11-25;2025-11-18;INFLB;2023/2024;9999;Alle;45-64;K;777010;23872;28929;29;3;0;0,00;3,73;3072,29;0,39;
2025-11-25;2025-11-18;INFLB;2023/2024;9999;Alle;45-64;M;772223;19322;23837;25;3;0;0,00;3,24;2502,13;0,39;
2025-11-25;2025-11-18;INFLB;2023/2024;9999;Alle;65-74;Alle;623084;25552;34436;10;4;0;0,00;1,60;4100,89;0,64;
2025-11-25;2025-11-18;INFLB;2023/2024;9999;Alle;65-74;K;321712;12649;16540;6;2;0;0,00;1,87;3931,78;0,62;
2025-11-25;2025-11-18;INFLB;2023/2024;9999;Alle;65-74;M;301372;12903;17681;4;2;0;0,00;1,33;4281,42;0,66;
2025-11-25;2025-11-18;INFLB;2023/2024;9999;Alle;75-84;Alle;471553;31078;42780;6;5;0;0,00;1,27;6590,56;1,06;
2025-11-25;2025-11-18;INFLB;2023/2024;9999;Alle;75-84;K;254976;15057;20307;3;2;0;0,00;1,18;5905,26;0,78;
2025-11-25;2025-11-18;INFLB;2023/2024;9999;Alle;75-84;M;216577;16020;22327;3;3;0;0,00;1,39;7396,91;1,39;
2025-11-25;2025-11-18;INFLB;2023/2024;9999;Alle;85+;Alle;141837;15867;21317;1;0;0;0,00;0,71;11186,78;0,00;
2025-11-25;2025-11-18;INFLB;2023/2024;9999;Alle;85+;K;88949;8992;11764;1;0;0;0,00;1,12;10109,16;0,00;
2025-11-25;2025-11-18;INFLB;2023/2024;9999;Alle;85+;M;52888;6875;9520;0;0;0;0,00;0,00;12999,17;0,00;
2025-11-25;2025-11-18;INFLB;2023/2024;9999;Alle;Alle;Alle;5954705;194917;244230;407;45;0;0,00;6,83;3273,33;0,76;
2025-11-25;2025-11-18;INFLB;2023/2024;9999;Alle;Alle;K;2997296;103223;126699;210;23;0;0,00;7,01;3443,87;0,77;
2025-11-25;2025-11-18;INFLB;2023/2024;9999;Alle;Alle;M;2957409;91692;115970;197;22;0;0,00;6,66;3100,42;0,74;
2025-11-25;2025-11-18;INFLB;2023/2024;1084;Hovedstaden;00-01;Alle;40442;8337;10887;10;3;0;0,00;24,73;20614,71;7,42;
2025-11-25;2025-11-18;INFLB;2023/2024;1084;Hovedstaden;00-01;K;19693;3759;4843;6;3;0;0,00;30,47;19088,00;15,23;
2025-11-25;2025-11-18;INFLB;2023/2024;1084;Hovedstaden;00-01;M;20749;4578;6044;4;0;0;0,00;19,28;22063,71;0,00;
2025-11-25;2025-11-18;INFLB;2023/2024;1084;Hovedstaden;02-06;Alle;104226;4548;5393;10;1;0;0,00;9,59;4363,59;0,96;
2025-11-25;2025-11-18;INFLB;2023/2024;1084;Hovedstaden;02-06;K;50720;2127;2517;2;0;0;0,00;3,94;4193,61;0,00;
2025-11-25;2025-11-18;INFLB;2023/2024;1084;Hovedstaden;02-06;M;53506;2421;2876;8;1;0;0,00;14,95;4524,73;1,87;
2025-11-25;2025-11-18;INFLB;2023/2024;1084;Hovedstaden;07-14;Alle;159257;5200;5831;33;2;0;0,01;20,72;3265,16;1,26;
2025-11-25;2025-11-18;INFLB;2023/2024;1084;Hovedstaden;07-14;K;77669;2455;2741;13;0;0;0,01;16,74;3160,85;0,00;
2025-11-25;2025-11-18;INFLB;2023/2024;1084;Hovedstaden;07-14;M;81588;2745;3090;20;2;0;0,01;24,51;3364,47;2,45;
2025-11-25;2025-11-18;INFLB;2023/2024;1084;Hovedstaden;15-44;Alle;795921;24018;27512;173;8;0;0,01;21,74;3017,64;1,01;
2025-11-25;2025-11-18;INFLB;2023/2024;1084;Hovedstaden;15-44;K;399846;14416;16532;101;5;0;0,01;25,26;3605,39;1,25;
2025-11-25;2025-11-18;INFLB;2023/2024;1084;Hovedstaden;15-44;M;396075;9602;10980;72;3;0;0,01;18,18;2424,29;0,76;
2025-11-25;2025-11-18;INFLB;2023/2024;1084;Hovedstaden;45-64;Alle;475119;19814;24395;35;3;0;0,00;7,37;4170,32;0,63;
2025-11-25;2025-11-18;INFLB;2023/2024;1084;Hovedstaden;45-64;K;239521;11226;13739;18;1;0;0,00;7,51;4686,85;0,42;
2025-11-25;2025-11-18;INFLB;2023/2024;1084;Hovedstaden;45-64;M;235598;8588;10656;17;2;0;0,00;7,22;3645,19;0,85;
2025-11-25;2025-11-18;INFLB;2023/2024;1084;Hovedstaden;65-74;Alle;165775;10314;14156;9;3;0;0,00;5,43;6221,69;1,81;
2025-11-25;2025-11-18;INFLB;2023/2024;1084;Hovedstaden;65-74;K;87499;5375;7227;5;1;0;0,00;5,71;6142,93;1,14;
2025-11-25;2025-11-18;INFLB;2023/2024;1084;Hovedstaden;65-74;M;78276;4939;6929;4;2;0;0,00;5,11;6309,72;2,56;
2025-11-25;2025-11-18;INFLB;2023/2024;1084;Hovedstaden;75-84;Alle;129725;12298;17945;1;1;0;0,00;0,77;9480,05;0,77;
2025-11-25;2025-11-18;INFLB;2023/2024;1084;Hovedstaden;75-84;K;72568;6387;9187;0;0;0;0,00;0,00;8801,40;0,00;
2025-11-25;2025-11-18;INFLB;2023/2024;1084;Hovedstaden;75-84;M;57157;5911;8758;1;1;0;0,00;1,75;10341,69;1,75;
2025-11-25;2025-11-18;INFLB;2023/2024;1084;Hovedstaden;85+;Alle;39265;6309;9091;0;0;0;0,00;0,00;16067,74;0,00;
2025-11-25;2025-11-18;INFLB;2023/2024;1084;Hovedstaden;85+;K;25641;3752;5238;0;0;0;0,00;0,00;14632,81;0,00;
2025-11-25;2025-11-18;INFLB;2023/2024;1084;Hovedstaden;85+;M;13624;2557;3853;0;0;0;0,00;0,00;18768,35;0,00;
2025-11-25;2025-11-18;INFLB;2023/2024;1084;Hovedstaden;Alle;Alle;1909730;90838;115210;271;21;0;0,00;14,19;4756,59;1,10;
2025-11-25;2025-11-18;INFLB;2023/2024;1084;Hovedstaden;Alle;K;973157;49497;62024;145;10;0;0,00;14,90;5086,23;1,03;
2025-11-25;2025-11-18;INFLB;2023/2024;1084;Hovedstaden;Alle;M;936573;41341;53186;126;11;0;0,00;13,45;4414,07;1,17;
2025-11-25;2025-11-18;INFLB;2023/2024;1082;Midtjylland;00-01;Alle;27694;1912;2220;1;0;0;0,00;3,61;6904,02;0,00;
2025-11-25;2025-11-18;INFLB;2023/2024;1082;Midtjylland;00-01;K;13547;868;975;0;0;0;0,00;0,00;6407,32;0,00;
2025-11-25;2025-11-18;INFLB;2023/2024;1082;Midtjylland;00-01;M;14147;1044;1245;1;0;0;0,00;7,07;7379,66;0,00;
2025-11-25;2025-11-18;INFLB;2023/2024;1082;Midtjylland;02-06;Alle;74853;702;848;0;0;0;0,00;0,00;937,84;0,00;
2025-11-25;2025-11-18;INFLB;2023/2024;1082;Midtjylland;02-06;K;36307;304;369;0;0;0;0,00;0,00;837,30;0,00;
2025-11-25;2025-11-18;INFLB;2023/2024;1082;Midtjylland;02-06;M;38546;398;479;0;0;0;0,00;0,00;1032,53;0,00;
2025-11-25;2025-11-18;INFLB;2023/2024;1082;Midtjylland;07-14;Alle;118173;797;901;4;0;0;0,01;3,38;674,43;0,00;
2025-11-25;2025-11-18;INFLB;2023/2024;1082;Midtjylland;07-14;K;57547;373;425;3;0;0;0,01;5,21;648,17;0,00;
2025-11-25;2025-11-18;INFLB;2023/2024;1082;Midtjylland;07-14;M;60626;424;476;1;0;0;0,00;1,65;699,37;0,00;
2025-11-25;2025-11-18;INFLB;2023/2024;1082;Midtjylland;15-44;Alle;519804;4854;5533;17;3;0;0,00;3,27;933,81;0,58;
2025-11-25;2025-11-18;INFLB;2023/2024;1082;Midtjylland;15-44;K;255727;2947;3361;8;1;0;0,00;3,13;1152,40;0,39;
2025-11-25;2025-11-18;INFLB;2023/2024;1082;Midtjylland;15-44;M;264077;1907;2172;9;2;0;0,00;3,41;722,14;0,76;
2025-11-25;2025-11-18;INFLB;2023/2024;1082;Midtjylland;45-64;Alle;345711;5261;6448;4;1;0;0,00;1,16;1521,79;0,29;
2025-11-25;2025-11-18;INFLB;2023/2024;1082;Midtjylland;45-64;K;173126;2800;3409;4;1;0;0,00;2,31;1617,32;0,58;
2025-11-25;2025-11-18;INFLB;2023/2024;1082;Midtjylland;45-64;M;172585;2461;3039;0;0;0;0,00;0,00;1425,96;0,00;
2025-11-25;2025-11-18;INFLB;2023/2024;1082;Midtjylland;65-74;Alle;143263;3747;4881;0;0;0;0,00;0,00;2615,47;0,00;
2025-11-25;2025-11-18;INFLB;2023/2024;1082;Midtjylland;65-74;K;73216;1694;2142;0;0;0;0,00;0,00;2313,70;0,00;
2025-11-25;2025-11-18;INFLB;2023/2024;1082;Midtjylland;65-74;M;70047;2053;2739;0;0;0;0,00;0,00;2930,89;0,00;
2025-11-25;2025-11-18;INFLB;2023/2024;1082;Midtjylland;75-84;Alle;103314;4793;6074;0;0;0;0,00;0,00;4639,26;0,00;
2025-11-25;2025-11-18;INFLB;2023/2024;1082;Midtjylland;75-84;K;54962;2216;2755;0;0;0;0,00;0,00;4031,88;0,00;
2025-11-25;2025-11-18;INFLB;2023/2024;1082;Midtjylland;75-84;M;48352;2577;3319;0;0;0;0,00;0,00;5329,67;0,00;
2025-11-25;2025-11-18;INFLB;2023/2024;1082;Midtjylland;85+;Alle;31424;2406;2973;0;0;0;0,00;0,00;7656,57;0,00;
2025-11-25;2025-11-18;INFLB;2023/2024;1082;Midtjylland;85+;K;19425;1323;1598;0;0;0;0,00;0,00;6810,81;0,00;
2025-11-25;2025-11-18;INFLB;2023/2024;1082;Midtjylland;85+;M;11999;1083;1375;0;0;0;0,00;0,00;9025,75;0,00;
2025-11-25;2025-11-18;INFLB;2023/2024;1082;Midtjylland;Alle;Alle;1364236;24472;29878;26;4;0;0,00;1,91;1793,82;0,29;
2025-11-25;2025-11-18;INFLB;2023/2024;1082;Midtjylland;Alle;K;683857;12525;15034;15;2;0;0,00;2,19;1831,52;0,29;
2025-11-25;2025-11-18;INFLB;2023/2024;1082;Midtjylland;Alle;M;680379;11947;14844;11;2;0;0,00;1,62;1755,93;0,29;
2025-11-25;2025-11-18;INFLB;2023/2024;1081;Nordjylland;00-01;Alle;10755;1498;1904;0;0;0;0,00;0,00;13928,41;0,00;
2025-11-25;2025-11-18;INFLB;2023/2024;1081;Nordjylland;00-01;K;5137;658;832;0;0;0;0,00;0,00;12809,03;0,00;
2025-11-25;2025-11-18;INFLB;2023/2024;1081;Nordjylland;00-01;M;5618;840;1072;0;0;0;0,00;0,00;14951,94;0,00;
2025-11-25;2025-11-18;INFLB;2023/2024;1081;Nordjylland;02-06;Alle;30087;569;700;2;0;0;0,00;6,65;1891,18;0,00;
2025-11-25;2025-11-18;INFLB;2023/2024;1081;Nordjylland;02-06;K;14674;234;284;1;0;0;0,00;6,81;1594,66;0,00;
2025-11-25;2025-11-18;INFLB;2023/2024;1081;Nordjylland;02-06;M;15413;335;416;1;0;0;0,00;6,49;2173,49;0,00;
2025-11-25;2025-11-18;INFLB;2023/2024;1081;Nordjylland;07-14;Alle;48574;395;452;1;1;0;0,00;2,06;813,19;2,06;
2025-11-25;2025-11-18;INFLB;2023/2024;1081;Nordjylland;07-14;K;23613;174;212;0;0;0;0,00;0,00;736,88;0,00;
2025-11-25;2025-11-18;INFLB;2023/2024;1081;Nordjylland;07-14;M;24961;221;240;1;1;0;0,00;4,01;885,38;4,01;
2025-11-25;2025-11-18;INFLB;2023/2024;1081;Nordjylland;15-44;Alle;211785;2224;2543;7;2;0;0,00;3,31;1050,12;0,94;
2025-11-25;2025-11-18;INFLB;2023/2024;1081;Nordjylland;15-44;K;101343;1340;1537;3;1;0;0,00;2,96;1322,24;0,99;
2025-11-25;2025-11-18;INFLB;2023/2024;1081;Nordjylland;15-44;M;110442;884;1006;4;1;0;0,00;3,62;800,42;0,91;
2025-11-25;2025-11-18;INFLB;2023/2024;1081;Nordjylland;45-64;Alle;154030;2503;3108;2;0;0;0,00;1,30;1625,01;0,00;
2025-11-25;2025-11-18;INFLB;2023/2024;1081;Nordjylland;45-64;K;76639;1278;1546;1;0;0;0,00;1,30;1667,56;0,00;
2025-11-25;2025-11-18;INFLB;2023/2024;1081;Nordjylland;45-64;M;77391;1225;1562;1;0;0;0,00;1,29;1582,87;0,00;
2025-11-25;2025-11-18;INFLB;2023/2024;1081;Nordjylland;65-74;Alle;69403;2050;2774;0;0;0;0,00;0,00;2953,76;0,00;
2025-11-25;2025-11-18;INFLB;2023/2024;1081;Nordjylland;65-74;K;35283;955;1267;0;0;0;0,00;0,00;2706,69;0,00;
2025-11-25;2025-11-18;INFLB;2023/2024;1081;Nordjylland;65-74;M;34120;1095;1507;0;0;0;0,00;0,00;3209,26;0,00;
2025-11-25;2025-11-18;INFLB;2023/2024;1081;Nordjylland;75-84;Alle;51706;2854;3793;1;1;0;0,00;1,93;5519,67;1,93;
2025-11-25;2025-11-18;INFLB;2023/2024;1081;Nordjylland;75-84;K;27342;1306;1690;1;1;0;0,00;3,66;4776,53;3,66;
2025-11-25;2025-11-18;INFLB;2023/2024;1081;Nordjylland;75-84;M;24364;1548;2103;0;0;0;0,00;0,00;6353,64;0,00;
2025-11-25;2025-11-18;INFLB;2023/2024;1081;Nordjylland;85+;Alle;15867;1575;1968;0;0;0;0,00;0,00;9926,26;0,00;
2025-11-25;2025-11-18;INFLB;2023/2024;1081;Nordjylland;85+;K;9646;813;999;0;0;0;0,00;0,00;8428,36;0,00;
2025-11-25;2025-11-18;INFLB;2023/2024;1081;Nordjylland;85+;M;6221;762;969;0;0;0;0,00;0,00;12248,83;0,00;
2025-11-25;2025-11-18;INFLB;2023/2024;1081;Nordjylland;Alle;Alle;592207;13668;17242;13;4;0;0,00;2,20;2307,98;0,68;
2025-11-25;2025-11-18;INFLB;2023/2024;1081;Nordjylland;Alle;K;293677;6758;8367;6;2;0;0,00;2,04;2301,17;0,68;
2025-11-25;2025-11-18;INFLB;2023/2024;1081;Nordjylland;Alle;M;298530;6910;8875;7;2;0;0,00;2,34;2314,68;0,67;
2025-11-25;2025-11-18;INFLB;2023/2024;1085;Sjælland;00-01;Alle;14240;2612;3367;2;1;0;0,00;14,04;18342,70;7,02;
2025-11-25;2025-11-18;INFLB;2023/2024;1085;Sjælland;00-01;K;6978;1120;1420;2;1;0;0,00;28,66;16050,44;14,33;
2025-11-25;2025-11-18;INFLB;2023/2024;1085;Sjælland;00-01;M;7262;1492;1947;0;0;0;0,00;0,00;20545,30;0,00;
2025-11-25;2025-11-18;INFLB;2023/2024;1085;Sjælland;02-06;Alle;42566;1482;1787;0;0;0;0,00;0,00;3481,65;0,00;
2025-11-25;2025-11-18;INFLB;2023/2024;1085;Sjælland;02-06;K;20701;716;864;0;0;0;0,00;0,00;3458,77;0,00;
2025-11-25;2025-11-18;INFLB;2023/2024;1085;Sjælland;02-06;M;21865;766;923;0;0;0;0,00;0,00;3503,32;0,00;
2025-11-25;2025-11-18;INFLB;2023/2024;1085;Sjælland;07-14;Alle;71835;1643;1819;5;1;0;0,00;6,96;2287,19;1,39;
2025-11-25;2025-11-18;INFLB;2023/2024;1085;Sjælland;07-14;K;34893;754;840;3;1;0;0,00;8,60;2160,89;2,87;
2025-11-25;2025-11-18;INFLB;2023/2024;1085;Sjælland;07-14;M;36942;889;979;2;0;0;0,00;5,41;2406,48;0,00;
2025-11-25;2025-11-18;INFLB;2023/2024;1085;Sjælland;15-44;Alle;276226;7290;8223;28;4;0;0,00;10,14;2639,14;1,45;
2025-11-25;2025-11-18;INFLB;2023/2024;1085;Sjælland;15-44;K;133799;4348;4911;14;2;0;0,00;10,46;3249,65;1,49;
2025-11-25;2025-11-18;INFLB;2023/2024;1085;Sjælland;15-44;M;142427;2942;3312;14;2;0;0,00;9,83;2065,62;1,40;
2025-11-25;2025-11-18;INFLB;2023/2024;1085;Sjælland;45-64;Alle;242425;7951;9926;7;2;0;0,00;2,89;3279,78;0,82;
2025-11-25;2025-11-18;INFLB;2023/2024;1085;Sjælland;45-64;K;121729;4480;5485;3;1;0;0,00;2,46;3680,31;0,82;
2025-11-25;2025-11-18;INFLB;2023/2024;1085;Sjælland;45-64;M;120696;3471;4441;4;1;0;0,00;3,31;2875,82;0,83;
2025-11-25;2025-11-18;INFLB;2023/2024;1085;Sjælland;65-74;Alle;102337;4686;6388;1;1;0;0,00;0,98;4578,99;0,98;
2025-11-25;2025-11-18;INFLB;2023/2024;1085;Sjælland;65-74;K;52928;2331;3109;1;1;0;0,00;1,89;4404,10;1,89;
2025-11-25;2025-11-18;INFLB;2023/2024;1085;Sjælland;65-74;M;49409;2355;3279;0;0;0;0,00;0,00;4766,34;0,00;
2025-11-25;2025-11-18;INFLB;2023/2024;1085;Sjælland;75-84;Alle;79891;5603;7701;0;0;0;0,00;0,00;7013,31;0,00;
2025-11-25;2025-11-18;INFLB;2023/2024;1085;Sjælland;75-84;K;42976;2628;3497;0;0;0;0,00;0,00;6115,04;0,00;
2025-11-25;2025-11-18;INFLB;2023/2024;1085;Sjælland;75-84;M;36915;2975;4204;0;0;0;0,00;0,00;8059,05;0,00;
2025-11-25;2025-11-18;INFLB;2023/2024;1085;Sjælland;85+;Alle;22036;2705;3676;1;0;0;0,00;4,54;12275,37;0,00;
2025-11-25;2025-11-18;INFLB;2023/2024;1085;Sjælland;85+;K;13569;1522;2024;1;0;0;0,00;7,37;11216,74;0,00;
2025-11-25;2025-11-18;INFLB;2023/2024;1085;Sjælland;85+;M;8467;1183;1652;0;0;0;0,00;0,00;13971,89;0,00;
2025-11-25;2025-11-18;INFLB;2023/2024;1085;Sjælland;Alle;Alle;851556;33972;42887;44;9;0;0,00;5,17;3989,40;1,06;
2025-11-25;2025-11-18;INFLB;2023/2024;1085;Sjælland;Alle;K;427573;17899;22150;24;6;0;0,00;5,61;4186,19;1,40;
2025-11-25;2025-11-18;INFLB;2023/2024;1085;Sjælland;Alle;M;423983;16073;20737;20;3;0;0,00;4,72;3790,95;0,71;
2025-11-25;2025-11-18;INFLB;2023/2024;1083;Syddanmark;00-01;Alle;22274;1411;1671;1;1;0;0,00;4,49;6334,74;4,49;
2025-11-25;2025-11-18;INFLB;2023/2024;1083;Syddanmark;00-01;K;10697;606;701;0;0;0;0,00;0,00;5665,14;0,00;
2025-11-25;2025-11-18;INFLB;2023/2024;1083;Syddanmark;00-01;M;11577;805;970;1;1;0;0,00;8,64;6953,44;8,64;
2025-11-25;2025-11-18;INFLB;2023/2024;1083;Syddanmark;02-06;Alle;63625;876;1018;2;1;0;0,00;3,14;1376,82;1,57;
2025-11-25;2025-11-18;INFLB;2023/2024;1083;Syddanmark;02-06;K;31000;407;452;2;1;0;0,00;6,45;1312,90;3,23;
2025-11-25;2025-11-18;INFLB;2023/2024;1083;Syddanmark;02-06;M;32625;469;566;0;0;0;0,00;0,00;1437,55;0,00;
2025-11-25;2025-11-18;INFLB;2023/2024;1083;Syddanmark;07-14;Alle;105651;1353;1492;4;0;0;0,00;3,79;1280,63;0,00;
2025-11-25;2025-11-18;INFLB;2023/2024;1083;Syddanmark;07-14;K;51434;650;730;2;0;0;0,00;3,89;1263,76;0,00;
2025-11-25;2025-11-18;INFLB;2023/2024;1083;Syddanmark;07-14;M;54217;703;762;2;0;0;0,00;3,69;1296,64;0,00;
2025-11-25;2025-11-18;INFLB;2023/2024;1083;Syddanmark;15-44;Alle;431010;6713;7523;25;1;0;0,00;5,80;1557,50;0,23;
2025-11-25;2025-11-18;INFLB;2023/2024;1083;Syddanmark;15-44;K;209324;4060;4553;9;1;0;0,00;4,30;1939,58;0,48;
2025-11-25;2025-11-18;INFLB;2023/2024;1083;Syddanmark;15-44;M;221686;2653;2970;16;0;0;0,01;7,22;1196,74;0,00;
2025-11-25;2025-11-18;INFLB;2023/2024;1083;Syddanmark;45-64;Alle;331948;7230;8826;6;0;0;0,00;1,81;2178,05;0,00;
2025-11-25;2025-11-18;INFLB;2023/2024;1083;Syddanmark;45-64;K;165995;3948;4740;3;0;0;0,00;1,81;2378,38;0,00;
2025-11-25;2025-11-18;INFLB;2023/2024;1083;Syddanmark;45-64;M;165953;3282;4086;3;0;0;0,00;1,81;1977,67;0,00;
2025-11-25;2025-11-18;INFLB;2023/2024;1083;Syddanmark;65-74;Alle;142306;4558;6006;0;0;0;0,00;0,00;3202,96;0,00;
2025-11-25;2025-11-18;INFLB;2023/2024;1083;Syddanmark;65-74;K;72786;2212;2793;0;0;0;0,00;0,00;3039,05;0,00;
2025-11-25;2025-11-18;INFLB;2023/2024;1083;Syddanmark;65-74;M;69520;2346;3213;0;0;0;0,00;0,00;3374,57;0,00;
2025-11-25;2025-11-18;INFLB;2023/2024;1083;Syddanmark;75-84;Alle;106917;5391;7114;3;3;0;0,00;2,81;5042,23;2,81;
2025-11-25;2025-11-18;INFLB;2023/2024;1083;Syddanmark;75-84;K;57128;2453;3175;1;1;0;0,00;1,75;4293,87;1,75;
2025-11-25;2025-11-18;INFLB;2023/2024;1083;Syddanmark;75-84;M;49789;2938;3939;2;2;0;0,00;4,02;5900,90;4,02;
2025-11-25;2025-11-18;INFLB;2023/2024;1083;Syddanmark;85+;Alle;33245;2838;3573;0;0;0;0,00;0,00;8536,62;0,00;
2025-11-25;2025-11-18;INFLB;2023/2024;1083;Syddanmark;85+;K;20668;1561;1903;0;0;0;0,00;0,00;7552,74;0,00;
2025-11-25;2025-11-18;INFLB;2023/2024;1083;Syddanmark;85+;M;12577;1277;1670;0;0;0;0,00;0,00;10153,45;0,00;
2025-11-25;2025-11-18;INFLB;2023/2024;1083;Syddanmark;Alle;Alle;1236976;30370;37223;41;6;0;0,00;3,31;2455,18;0,49;
2025-11-25;2025-11-18;INFLB;2023/2024;1083;Syddanmark;Alle;K;619032;15897;19047;17;3;0;0,00;2,75;2568,04;0,48;
2025-11-25;2025-11-18;INFLB;2023/2024;1083;Syddanmark;Alle;M;617944;14473;18176;24;3;0;0,00;3,88;2342,12;0,49;
2025-11-25;2025-11-18;INFLB;2024/2025;9999;Alle;00-01;Alle;115341;12289;15467;222;48;0;0,02;192,47;10654,49;41,62;
2025-11-25;2025-11-18;INFLB;2024/2025;9999;Alle;00-01;K;55915;5466;6793;99;16;0;0,02;177,05;9775,55;28,61;
2025-11-25;2025-11-18;INFLB;2024/2025;9999;Alle;00-01;M;59426;6823;8571;123;32;0;0,02;206,98;11481,51;53,85;
2025-11-25;2025-11-18;INFLB;2024/2025;9999;Alle;02-06;Alle;311879;7773;9190;485;45;0;0,06;155,51;2492,31;14,43;
2025-11-25;2025-11-18;INFLB;2024/2025;9999;Alle;02-06;K;151625;3527;4087;216;12;0;0,06;142,46;2326,13;7,91;
2025-11-25;2025-11-18;INFLB;2024/2025;9999;Alle;02-06;M;160254;4246;5046;269;33;0;0,06;167,86;2649,54;20,59;
2025-11-25;2025-11-18;INFLB;2024/2025;9999;Alle;07-14;Alle;501158;8403;9371;1017;44;0;0,12;202,93;1676,72;8,78;
2025-11-25;2025-11-18;INFLB;2024/2025;9999;Alle;07-14;K;244066;3877;4303;469;24;0;0,12;192,16;1588,50;9,83;
2025-11-25;2025-11-18;INFLB;2024/2025;9999;Alle;07-14;M;257092;4526;5038;548;20;0;0,12;213,15;1760,46;7,78;
2025-11-25;2025-11-18;INFLB;2024/2025;9999;Alle;15-44;Alle;2255225;41253;46296;3018;232;3;0,07;133,82;1829,22;10,29;
2025-11-25;2025-11-18;INFLB;2024/2025;9999;Alle;15-44;K;1109665;24642;27507;1685;130;1;0,07;151,85;2220,67;11,72;
2025-11-25;2025-11-18;INFLB;2024/2025;9999;Alle;15-44;M;1145560;16611;18365;1333;102;2;0,08;116,36;1450,03;8,90;
2025-11-25;2025-11-18;INFLB;2024/2025;9999;Alle;45-64;Alle;1547912;35963;43913;683;94;2;0,02;44,12;2323,32;6,07;
2025-11-25;2025-11-18;INFLB;2024/2025;9999;Alle;45-64;K;777188;19807;23760;381;51;0;0,02;49,02;2548,55;6,56;
2025-11-25;2025-11-18;INFLB;2024/2025;9999;Alle;45-64;M;770724;16156;19837;302;43;2;0,02;39,18;2096,21;5,58;
2025-11-25;2025-11-18;INFLB;2024/2025;9999;Alle;65-74;Alle;625256;22935;30444;72;24;4;0,00;11,52;3668,10;3,84;
2025-11-25;2025-11-18;INFLB;2024/2025;9999;Alle;65-74;K;322549;11364;14765;37;14;2;0,00;11,47;3523,19;4,34;
2025-11-25;2025-11-18;INFLB;2024/2025;9999;Alle;65-74;M;302707;11571;15488;35;10;2;0,00;11,56;3822,51;3,30;
2025-11-25;2025-11-18;INFLB;2024/2025;9999;Alle;75-84;Alle;481151;27566;37264;48;24;3;0,00;9,98;5729,18;4,99;
2025-11-25;2025-11-18;INFLB;2024/2025;9999;Alle;75-84;K;260440;13348;17646;32;14;1;0,00;12,29;5125,17;5,38;
2025-11-25;2025-11-18;INFLB;2024/2025;9999;Alle;75-84;M;220711;14218;19510;16;10;2;0,00;7,25;6441,91;4,53;
2025-11-25;2025-11-18;INFLB;2024/2025;9999;Alle;85+;Alle;148283;14253;18866;23;16;7;0,00;15,51;9612,03;10,79;
2025-11-25;2025-11-18;INFLB;2024/2025;9999;Alle;85+;K;92338;7965;10407;16;12;4;0,00;17,33;8625,92;13,00;
2025-11-25;2025-11-18;INFLB;2024/2025;9999;Alle;85+;M;55945;6288;8429;7;4;3;0,00;12,51;11239,61;7,15;
2025-11-25;2025-11-18;INFLB;2024/2025;9999;Alle;Alle;Alle;5986205;170435;210811;5568;527;19;0,03;93,01;2847,13;8,80;
2025-11-25;2025-11-18;INFLB;2024/2025;9999;Alle;Alle;K;3013786;89996;109268;2935;273;8;0,03;97,39;2986,14;9,06;
2025-11-25;2025-11-18;INFLB;2024/2025;9999;Alle;Alle;M;2972419;80439;100284;2633;254;11;0,03;88,58;2706,18;8,55;
2025-11-25;2025-11-18;INFLB;2024/2025;1084;Hovedstaden;00-01;Alle;40975;7243;9388;129;22;0;0,02;314,83;17676,63;53,69;
2025-11-25;2025-11-18;INFLB;2024/2025;1084;Hovedstaden;00-01;K;19856;3231;4154;56;6;0;0,02;282,03;16272,16;30,22;
2025-11-25;2025-11-18;INFLB;2024/2025;1084;Hovedstaden;00-01;M;21119;4012;5234;73;16;0;0,02;345,66;18997,11;75,76;
2025-11-25;2025-11-18;INFLB;2024/2025;1084;Hovedstaden;02-06;Alle;103158;5103;6037;342;22;0;0,07;331,53;4946,78;21,33;
2025-11-25;2025-11-18;INFLB;2024/2025;1084;Hovedstaden;02-06;K;50237;2304;2678;156;9;0;0,07;310,53;4586,26;17,92;
2025-11-25;2025-11-18;INFLB;2024/2025;1084;Hovedstaden;02-06;M;52921;2799;3359;186;13;0;0,07;351,47;5289,02;24,56;
2025-11-25;2025-11-18;INFLB;2024/2025;1084;Hovedstaden;07-14;Alle;158917;5851;6542;684;15;0;0,12;430,41;3681,80;9,44;
2025-11-25;2025-11-18;INFLB;2024/2025;1084;Hovedstaden;07-14;K;77541;2720;3014;306;6;0;0,11;394,63;3507,82;7,74;
2025-11-25;2025-11-18;INFLB;2024/2025;1084;Hovedstaden;07-14;M;81376;3131;3528;378;9;0;0,12;464,51;3847,57;11,06;
2025-11-25;2025-11-18;INFLB;2024/2025;1084;Hovedstaden;15-44;Alle;808238;26546;29838;2055;95;2;0,08;254,26;3284,43;11,75;
2025-11-25;2025-11-18;INFLB;2024/2025;1084;Hovedstaden;15-44;K;406108;15980;18017;1143;58;0;0,07;281,45;3934,91;14,28;
2025-11-25;2025-11-18;INFLB;2024/2025;1084;Hovedstaden;15-44;M;402130;10566;11821;912;37;2;0,09;226,79;2627,51;9,20;
2025-11-25;2025-11-18;INFLB;2024/2025;1084;Hovedstaden;45-64;Alle;477873;20365;24660;439;28;0;0,02;91,87;4261,59;5,86;
2025-11-25;2025-11-18;INFLB;2024/2025;1084;Hovedstaden;45-64;K;241203;11566;13931;245;16;0;0,02;101,57;4795,13;6,63;
2025-11-25;2025-11-18;INFLB;2024/2025;1084;Hovedstaden;45-64;M;236670;8799;10729;194;12;0;0,02;81,97;3717,83;5,07;
2025-11-25;2025-11-18;INFLB;2024/2025;1084;Hovedstaden;65-74;Alle;167030;10904;14616;43;9;3;0,00;25,74;6528,17;5,39;
2025-11-25;2025-11-18;INFLB;2024/2025;1084;Hovedstaden;65-74;K;87768;5660;7494;23;5;2;0,00;26,21;6448,82;5,70;
2025-11-25;2025-11-18;INFLB;2024/2025;1084;Hovedstaden;65-74;M;79262;5244;7122;20;4;1;0,00;25,23;6616,03;5,05;
2025-11-25;2025-11-18;INFLB;2024/2025;1084;Hovedstaden;75-84;Alle;131910;12609;17664;25;8;2;0,00;18,95;9558,79;6,06;
2025-11-25;2025-11-18;INFLB;2024/2025;1084;Hovedstaden;75-84;K;73912;6529;8979;15;3;1;0,00;20,29;8833,48;4,06;
2025-11-25;2025-11-18;INFLB;2024/2025;1084;Hovedstaden;75-84;M;57998;6080;8685;10;5;1;0,00;17,24;10483,12;8,62;
2025-11-25;2025-11-18;INFLB;2024/2025;1084;Hovedstaden;85+;Alle;41112;6425;9036;7;4;3;0,00;17,03;15628,04;9,73;
2025-11-25;2025-11-18;INFLB;2024/2025;1084;Hovedstaden;85+;K;26651;3781;5241;3;2;1;0,00;11,26;14187,08;7,50;
2025-11-25;2025-11-18;INFLB;2024/2025;1084;Hovedstaden;85+;M;14461;2644;3795;4;2;2;0,00;27,66;18283,66;13,83;
2025-11-25;2025-11-18;INFLB;2024/2025;1084;Hovedstaden;Alle;Alle;1929213;95046;117781;3724;203;10;0,04;193,03;4926,67;10,52;
2025-11-25;2025-11-18;INFLB;2024/2025;1084;Hovedstaden;Alle;K;983276;51771;63508;1947;105;4;0,04;198,01;5265,15;10,68;
2025-11-25;2025-11-18;INFLB;2024/2025;1084;Hovedstaden;Alle;M;945937;43275;54273;1777;98;6;0,04;187,86;4574,83;10,36;
2025-11-25;2025-11-18;INFLB;2024/2025;1082;Midtjylland;00-01;Alle;27574;1120;1298;20;5;0;0,02;72,53;4061,80;18,13;
2025-11-25;2025-11-18;INFLB;2024/2025;1082;Midtjylland;00-01;K;13401;499;582;9;2;0;0,02;67,16;3723,60;14,92;
2025-11-25;2025-11-18;INFLB;2024/2025;1082;Midtjylland;00-01;M;14173;621;716;11;3;0;0,02;77,61;4381,57;21,17;
2025-11-25;2025-11-18;INFLB;2024/2025;1082;Midtjylland;02-06;Alle;74307;546;654;20;4;0;0,04;26,92;734,79;5,38;
2025-11-25;2025-11-18;INFLB;2024/2025;1082;Midtjylland;02-06;K;36111;249;296;10;1;0;0,04;27,69;689,54;2,77;
2025-11-25;2025-11-18;INFLB;2024/2025;1082;Midtjylland;02-06;M;38196;297;358;10;3;0;0,03;26,18;777,57;7,85;
2025-11-25;2025-11-18;INFLB;2024/2025;1082;Midtjylland;07-14;Alle;117989;585;632;48;8;0;0,08;40,68;495,81;6,78;
2025-11-25;2025-11-18;INFLB;2024/2025;1082;Midtjylland;07-14;K;57434;274;301;23;6;0;0,08;40,05;477,07;10,45;
2025-11-25;2025-11-18;INFLB;2024/2025;1082;Midtjylland;07-14;M;60555;311;331;25;2;0;0,08;41,28;513,58;3,30;
2025-11-25;2025-11-18;INFLB;2024/2025;1082;Midtjylland;15-44;Alle;524732;3602;3955;205;32;0;0,06;39,07;686,45;6,10;
2025-11-25;2025-11-18;INFLB;2024/2025;1082;Midtjylland;15-44;K;257967;2154;2359;107;15;0;0,05;41,48;834,99;5,81;
2025-11-25;2025-11-18;INFLB;2024/2025;1082;Midtjylland;15-44;M;266765;1448;1596;98;17;0;0,07;36,74;542,80;6,37;
2025-11-25;2025-11-18;INFLB;2024/2025;1082;Midtjylland;45-64;Alle;345495;3353;3869;47;17;0;0,01;13,60;970,49;4,92;
2025-11-25;2025-11-18;INFLB;2024/2025;1082;Midtjylland;45-64;K;173209;1777;2029;22;9;0;0,01;12,70;1025,93;5,20;
2025-11-25;2025-11-18;INFLB;2024/2025;1082;Midtjylland;45-64;M;172286;1576;1840;25;8;0;0,02;14,51;914,76;4,64;
2025-11-25;2025-11-18;INFLB;2024/2025;1082;Midtjylland;65-74;Alle;143816;2293;2680;8;6;0;0,00;5,56;1594,40;4,17;
2025-11-25;2025-11-18;INFLB;2024/2025;1082;Midtjylland;65-74;K;73654;1061;1224;4;4;0;0,00;5,43;1440,52;5,43;
2025-11-25;2025-11-18;INFLB;2024/2025;1082;Midtjylland;65-74;M;70162;1232;1456;4;2;0;0,00;5,70;1755,94;2,85;
2025-11-25;2025-11-18;INFLB;2024/2025;1082;Midtjylland;75-84;Alle;106152;2484;2819;4;3;0;0,00;3,77;2340,04;2,83;
2025-11-25;2025-11-18;INFLB;2024/2025;1082;Midtjylland;75-84;K;56445;1145;1294;2;2;0;0,00;3,54;2028,52;3,54;
2025-11-25;2025-11-18;INFLB;2024/2025;1082;Midtjylland;75-84;M;49707;1339;1525;2;1;0;0,00;4,02;2693,79;2,01;
2025-11-25;2025-11-18;INFLB;2024/2025;1082;Midtjylland;85+;Alle;32789;1191;1311;1;1;1;0,00;3,05;3632,32;3,05;
2025-11-25;2025-11-18;INFLB;2024/2025;1082;Midtjylland;85+;K;20111;618;673;1;1;1;0,00;4,97;3072,95;4,97;
2025-11-25;2025-11-18;INFLB;2024/2025;1082;Midtjylland;85+;M;12678;573;638;0;0;0;0,00;0,00;4519,64;0,00;
2025-11-25;2025-11-18;INFLB;2024/2025;1082;Midtjylland;Alle;Alle;1372854;15174;17218;353;76;1;0,02;25,71;1105,29;5,54;
2025-11-25;2025-11-18;INFLB;2024/2025;1082;Midtjylland;Alle;K;688332;7777;8758;178;40;1;0,02;25,86;1129,83;5,81;
2025-11-25;2025-11-18;INFLB;2024/2025;1082;Midtjylland;Alle;M;684522;7397;8460;175;36;0;0,02;25,57;1080,61;5,26;
2025-11-25;2025-11-18;INFLB;2024/2025;1081;Nordjylland;00-01;Alle;10492;1036;1290;14;6;0;0,01;133,43;9874,19;57,19;
2025-11-25;2025-11-18;INFLB;2024/2025;1081;Nordjylland;00-01;K;5020;433;539;6;2;0;0,01;119,52;8625,50;39,84;
2025-11-25;2025-11-18;INFLB;2024/2025;1081;Nordjylland;00-01;M;5472;603;751;8;4;0;0,01;146,20;11019,74;73,10;
2025-11-25;2025-11-18;INFLB;2024/2025;1081;Nordjylland;02-06;Alle;29616;420;502;15;7;0;0,04;50,65;1418,15;23,64;
2025-11-25;2025-11-18;INFLB;2024/2025;1081;Nordjylland;02-06;K;14319;175;200;6;1;0;0,03;41,90;1222,15;6,98;
2025-11-25;2025-11-18;INFLB;2024/2025;1081;Nordjylland;02-06;M;15297;245;302;9;6;0;0,04;58,84;1601,62;39,22;
2025-11-25;2025-11-18;INFLB;2024/2025;1081;Nordjylland;07-14;Alle;48212;269;327;24;3;0;0,09;49,78;557,95;6,22;
2025-11-25;2025-11-18;INFLB;2024/2025;1081;Nordjylland;07-14;K;23523;118;154;13;3;0;0,11;55,27;501,64;12,75;
2025-11-25;2025-11-18;INFLB;2024/2025;1081;Nordjylland;07-14;M;24689;151;173;11;0;0;0,07;44,55;611,61;0,00;
2025-11-25;2025-11-18;INFLB;2024/2025;1081;Nordjylland;15-44;Alle;211994;1503;1737;56;19;0;0,04;26,42;708,98;8,96;
2025-11-25;2025-11-18;INFLB;2024/2025;1081;Nordjylland;15-44;K;101310;903;1033;29;11;0;0,03;28,63;891,32;10,86;
2025-11-25;2025-11-18;INFLB;2024/2025;1081;Nordjylland;15-44;M;110684;600;704;27;8;0;0,05;24,39;542,08;7,23;
2025-11-25;2025-11-18;INFLB;2024/2025;1081;Nordjylland;45-64;Alle;152924;1877;2360;19;11;1;0,01;12,42;1227,41;7,19;
2025-11-25;2025-11-18;INFLB;2024/2025;1081;Nordjylland;45-64;K;76073;918;1138;7;4;0;0,01;9,20;1206,74;5,26;
2025-11-25;2025-11-18;INFLB;2024/2025;1081;Nordjylland;45-64;M;76851;959;1222;12;7;1;0,01;15,61;1247,87;9,11;
2025-11-25;2025-11-18;INFLB;2024/2025;1081;Nordjylland;65-74;Alle;69390;1793;2343;2;2;0;0,00;2,88;2583,95;2,88;
2025-11-25;2025-11-18;INFLB;2024/2025;1081;Nordjylland;65-74;K;35396;820;1101;2;2;0;0,00;5,65;2316,65;5,65;
2025-11-25;2025-11-18;INFLB;2024/2025;1081;Nordjylland;65-74;M;33994;973;1242;0;0;0;0,00;0,00;2862,27;0,00;
2025-11-25;2025-11-18;INFLB;2024/2025;1081;Nordjylland;75-84;Alle;52788;2563;3338;2;2;0;0,00;3,79;4855,27;3,79;
2025-11-25;2025-11-18;INFLB;2024/2025;1081;Nordjylland;75-84;K;27879;1174;1467;2;2;0;0,00;7,17;4211,05;7,17;
2025-11-25;2025-11-18;INFLB;2024/2025;1081;Nordjylland;75-84;M;24909;1389;1871;0;0;0;0,00;0,00;5576,30;0,00;
2025-11-25;2025-11-18;INFLB;2024/2025;1081;Nordjylland;85+;Alle;16394;1391;1683;5;5;0;0,00;30,50;8484,81;30,50;
2025-11-25;2025-11-18;INFLB;2024/2025;1081;Nordjylland;85+;K;9943;732;861;4;4;0;0,01;40,23;7361,96;40,23;
2025-11-25;2025-11-18;INFLB;2024/2025;1081;Nordjylland;85+;M;6451;659;822;1;1;0;0,00;15,50;10215,47;15,50;
2025-11-25;2025-11-18;INFLB;2024/2025;1081;Nordjylland;Alle;Alle;591810;10852;13580;137;55;1;0,01;23,15;1833,70;9,29;
2025-11-25;2025-11-18;INFLB;2024/2025;1081;Nordjylland;Alle;K;293463;5273;6493;69;29;0;0,01;23,51;1796,82;9,88;
2025-11-25;2025-11-18;INFLB;2024/2025;1081;Nordjylland;Alle;M;298347;5579;7087;68;26;1;0,01;22,79;1869,97;8,71;
2025-11-25;2025-11-18;INFLB;2024/2025;1085;Sjælland;00-01;Alle;14101;1915;2405;40;7;0;0,02;283,67;13580,60;49,64;
2025-11-25;2025-11-18;INFLB;2024/2025;1085;Sjælland;00-01;K;6865;871;1075;20;3;0;0,02;291,33;12687,55;43,70;
2025-11-25;2025-11-18;INFLB;2024/2025;1085;Sjælland;00-01;M;7236;1044;1330;20;4;0;0,02;276,40;14427,86;55,28;
2025-11-25;2025-11-18;INFLB;2024/2025;1085;Sjælland;02-06;Alle;42139;1158;1342;70;3;0;0,06;166,12;2748,05;7,12;
2025-11-25;2025-11-18;INFLB;2024/2025;1085;Sjælland;02-06;K;20455;546;638;31;0;0;0,06;151,55;2669,27;0,00;
2025-11-25;2025-11-18;INFLB;2024/2025;1085;Sjælland;02-06;M;21684;612;704;39;3;0;0,06;179,86;2822,36;13,84;
2025-11-25;2025-11-18;INFLB;2024/2025;1085;Sjælland;07-14;Alle;71260;1161;1266;185;11;0;0,16;259,61;1629,25;15,44;
2025-11-25;2025-11-18;INFLB;2024/2025;1085;Sjælland;07-14;K;34644;526;569;98;6;0;0,19;282,88;1518,30;17,32;
2025-11-25;2025-11-18;INFLB;2024/2025;1085;Sjælland;07-14;M;36616;635;697;87;5;0;0,14;237,60;1734,21;13,66;
2025-11-25;2025-11-18;INFLB;2024/2025;1085;Sjælland;15-44;Alle;277784;4941;5494;385;45;0;0,08;138,60;1778,72;16,20;
2025-11-25;2025-11-18;INFLB;2024/2025;1085;Sjælland;15-44;K;134626;2923;3237;206;23;0;0,07;153,02;2171,20;17,08;
2025-11-25;2025-11-18;INFLB;2024/2025;1085;Sjælland;15-44;M;143158;2018;2257;179;22;0;0,09;125,04;1409,63;15,37;
2025-11-25;2025-11-18;INFLB;2024/2025;1085;Sjælland;45-64;Alle;241024;5318;6649;103;16;1;0,02;42,73;2206,42;6,64;
2025-11-25;2025-11-18;INFLB;2024/2025;1085;Sjælland;45-64;K;121093;2930;3522;64;10;0;0,02;52,85;2419,63;8,26;
2025-11-25;2025-11-18;INFLB;2024/2025;1085;Sjælland;45-64;M;119931;2388;3127;39;6;1;0,02;32,52;1991,14;5,00;
2025-11-25;2025-11-18;INFLB;2024/2025;1085;Sjælland;65-74;Alle;102378;3892;5434;8;3;1;0,00;7,81;3801,60;2,93;
2025-11-25;2025-11-18;INFLB;2024/2025;1085;Sjælland;65-74;K;52875;1965;2613;1;1;0;0,00;1,89;3716,31;1,89;
2025-11-25;2025-11-18;INFLB;2024/2025;1085;Sjælland;65-74;M;49503;1927;2821;7;2;1;0,00;14,14;3892,69;4,04;
2025-11-25;2025-11-18;INFLB;2024/2025;1085;Sjælland;75-84;Alle;81478;5036;7052;10;6;0;0,00;12,27;6180,81;7,36;
2025-11-25;2025-11-18;INFLB;2024/2025;1085;Sjælland;75-84;K;43970;2330;3154;9;5;0;0,00;20,47;5299,07;11,37;
2025-11-25;2025-11-18;INFLB;2024/2025;1085;Sjælland;75-84;M;37508;2706;3898;1;1;0;0,00;2,67;7214,46;2,67;
2025-11-25;2025-11-18;INFLB;2024/2025;1085;Sjælland;85+;Alle;23191;2617;3543;4;3;2;0,00;17,25;11284,55;12,94;
2025-11-25;2025-11-18;INFLB;2024/2025;1085;Sjælland;85+;K;14161;1469;1944;3;3;1;0,00;21,18;10373,56;21,18;
2025-11-25;2025-11-18;INFLB;2024/2025;1085;Sjælland;85+;M;9030;1148;1599;1;0;1;0,00;11,07;12713,18;0,00;
2025-11-25;2025-11-18;INFLB;2024/2025;1085;Sjælland;Alle;Alle;853355;26038;33185;805;94;4;0,03;94,33;3051,25;11,02;
2025-11-25;2025-11-18;INFLB;2024/2025;1085;Sjælland;Alle;K;428689;13560;16752;432;51;1;0,03;100,77;3163,13;11,90;
2025-11-25;2025-11-18;INFLB;2024/2025;1085;Sjælland;Alle;M;424666;12478;16433;373;43;3;0,03;87,83;2938,31;10,13;
2025-11-25;2025-11-18;INFLB;2024/2025;1083;Syddanmark;00-01;Alle;22199;856;959;18;8;0;0,02;81,08;3856,03;36,04;
2025-11-25;2025-11-18;INFLB;2024/2025;1083;Syddanmark;00-01;K;10773;384;431;8;3;0;0,02;74,26;3564,47;27,85;
2025-11-25;2025-11-18;INFLB;2024/2025;1083;Syddanmark;00-01;M;11426;472;528;10;5;0;0,02;87,52;4130,93;43,76;
2025-11-25;2025-11-18;INFLB;2024/2025;1083;Syddanmark;02-06;Alle;62659;484;587;35;9;0;0,07;55,86;772,43;14,36;
2025-11-25;2025-11-18;INFLB;2024/2025;1083;Syddanmark;02-06;K;30503;233;269;12;1;0;0,05;39,34;763,86;3,28;
2025-11-25;2025-11-18;INFLB;2024/2025;1083;Syddanmark;02-06;M;32156;251;318;23;8;0;0,09;71,53;780,57;24,88;
2025-11-25;2025-11-18;INFLB;2024/2025;1083;Syddanmark;07-14;Alle;104780;501;565;74;6;0;0,15;70,62;478,14;5,73;
2025-11-25;2025-11-18;INFLB;2024/2025;1083;Syddanmark;07-14;K;50924;221;257;28;3;0;0,13;54,98;433,98;5,89;
2025-11-25;2025-11-18;INFLB;2024/2025;1083;Syddanmark;07-14;M;53856;280;308;46;3;0;0,16;85,41;519,90;5,57;
2025-11-25;2025-11-18;INFLB;2024/2025;1083;Syddanmark;15-44;Alle;432477;4191;4767;285;38;0;0,07;65,90;969,07;8,79;
2025-11-25;2025-11-18;INFLB;2024/2025;1083;Syddanmark;15-44;K;209654;2474;2829;180;23;0;0,07;85,86;1180,04;10,97;
2025-11-25;2025-11-18;INFLB;2024/2025;1083;Syddanmark;15-44;M;222823;1717;1938;105;15;0;0,06;47,12;770,57;6,73;
2025-11-25;2025-11-18;INFLB;2024/2025;1083;Syddanmark;45-64;Alle;330596;4730;6025;72;22;0;0,02;21,78;1430,75;6,65;
2025-11-25;2025-11-18;INFLB;2024/2025;1083;Syddanmark;45-64;K;165610;2498;3127;43;12;0;0,02;25,96;1508,36;7,25;
2025-11-25;2025-11-18;INFLB;2024/2025;1083;Syddanmark;45-64;M;164986;2232;2898;29;10;0;0,01;17,58;1352,84;6,06;
2025-11-25;2025-11-18;INFLB;2024/2025;1083;Syddanmark;65-74;Alle;142642;3880;5170;8;4;0;0,00;5,61;2720,10;2,80;
2025-11-25;2025-11-18;INFLB;2024/2025;1083;Syddanmark;65-74;K;72856;1785;2329;4;2;0;0,00;5,49;2450,04;2,75;
2025-11-25;2025-11-18;INFLB;2024/2025;1083;Syddanmark;65-74;M;69786;2095;2841;4;2;0;0,00;5,73;3002,03;2,87;
2025-11-25;2025-11-18;INFLB;2024/2025;1083;Syddanmark;75-84;Alle;108823;4770;6279;7;5;1;0,00;6,43;4383,26;4,59;
2025-11-25;2025-11-18;INFLB;2024/2025;1083;Syddanmark;75-84;K;58234;2128;2750;4;2;0;0,00;6,87;3654,22;3,43;
2025-11-25;2025-11-18;INFLB;2024/2025;1083;Syddanmark;75-84;M;50589;2642;3529;3;3;1;0,00;5,93;5222,48;5,93;
2025-11-25;2025-11-18;INFLB;2024/2025;1083;Syddanmark;85+;Alle;34797;2599;3262;6;3;1;0,00;17,24;7469,03;8,62;
2025-11-25;2025-11-18;INFLB;2024/2025;1083;Syddanmark;85+;K;21472;1352;1687;5;2;1;0,00;23,29;6296,57;9,31;
2025-11-25;2025-11-18;INFLB;2024/2025;1083;Syddanmark;85+;M;13325;1247;1575;1;1;0;0,00;7,50;9358,35;7,50;
2025-11-25;2025-11-18;INFLB;2024/2025;1083;Syddanmark;Alle;Alle;1238973;22011;27614;505;95;2;0,02;40,76;1776,55;7,67;
2025-11-25;2025-11-18;INFLB;2024/2025;1083;Syddanmark;Alle;K;620026;11075;13679;284;48;1;0,03;45,80;1786,22;7,74;
2025-11-25;2025-11-18;INFLB;2024/2025;1083;Syddanmark;Alle;M;618947;10936;13935;221;47;1;0,02;35,71;1766,87;7,59;
2025-11-25;2025-11-18;INFLB;2025/2026;9999;Alle;00-01;Alle;116795;2800;3164;0;0;0;0,00;0,00;2397,36;0,00;
2025-11-25;2025-11-18;INFLB;2025/2026;9999;Alle;00-01;K;56640;1186;1317;0;0;0;0,00;0,00;2093,93;0,00;
2025-11-25;2025-11-18;INFLB;2025/2026;9999;Alle;00-01;M;60155;1613;1815;0;0;0;0,00;0,00;2681,41;0,00;
2025-11-25;2025-11-18;INFLB;2025/2026;9999;Alle;02-06;Alle;309543;1146;1301;3;0;0;0,00;0,97;370,22;0,00;
2025-11-25;2025-11-18;INFLB;2025/2026;9999;Alle;02-06;K;150346;497;553;1;0;0;0,00;0,67;330,57;0,00;
2025-11-25;2025-11-18;INFLB;2025/2026;9999;Alle;02-06;M;159197;649;732;2;0;0;0,00;1,26;407,67;0,00;
2025-11-25;2025-11-18;INFLB;2025/2026;9999;Alle;07-14;Alle;500270;1203;1314;2;0;0;0,00;0,40;240,47;0,00;
2025-11-25;2025-11-18;INFLB;2025/2026;9999;Alle;07-14;K;243523;536;585;0;0;0;0,00;0,00;220,10;0,00;
2025-11-25;2025-11-18;INFLB;2025/2026;9999;Alle;07-14;M;256747;667;719;2;0;0;0,00;0,78;259,79;0,00;
2025-11-25;2025-11-18;INFLB;2025/2026;9999;Alle;15-44;Alle;2269199;10406;11305;24;2;0;0,00;1,06;458,58;0,09;
2025-11-25;2025-11-18;INFLB;2025/2026;9999;Alle;15-44;K;1116134;6243;6687;14;2;0;0,00;1,25;559,34;0,18;
2025-11-25;2025-11-18;INFLB;2025/2026;9999;Alle;15-44;M;1153065;4163;4466;10;0;0;0,00;0,87;361,04;0,00;
2025-11-25;2025-11-18;INFLB;2025/2026;9999;Alle;45-64;Alle;1545559;11050;12970;11;3;0;0,00;0,71;714,95;0,19;
2025-11-25;2025-11-18;INFLB;2025/2026;9999;Alle;45-64;K;776043;5892;6744;6;1;0;0,00;0,77;759,24;0,13;
2025-11-25;2025-11-18;INFLB;2025/2026;9999;Alle;45-64;M;769516;5158;6082;5;2;0;0,00;0,65;670,29;0,26;
2025-11-25;2025-11-18;INFLB;2025/2026;9999;Alle;65-74;Alle;628665;8160;10056;0;0;0;0,00;0,00;1297,99;0,00;
2025-11-25;2025-11-18;INFLB;2025/2026;9999;Alle;65-74;K;324059;4055;4862;0;0;0;0,00;0,00;1251,32;0,00;
2025-11-25;2025-11-18;INFLB;2025/2026;9999;Alle;65-74;M;304606;4105;5108;0;0;0;0,00;0,00;1347,64;0,00;
2025-11-25;2025-11-18;INFLB;2025/2026;9999;Alle;75-84;Alle;486688;10816;13348;2;2;1;0,00;0,41;2222,37;0,41;
2025-11-25;2025-11-18;INFLB;2025/2026;9999;Alle;75-84;K;263591;5101;6223;0;0;0;0,00;0,00;1935,20;0,00;
2025-11-25;2025-11-18;INFLB;2025/2026;9999;Alle;75-84;M;223097;5715;7049;2;2;1;0,00;0,90;2561,67;0,90;
2025-11-25;2025-11-18;INFLB;2025/2026;9999;Alle;85+;Alle;153014;5649;6759;1;1;0;0,00;0,65;3691,82;0,65;
2025-11-25;2025-11-18;INFLB;2025/2026;9999;Alle;85+;K;94855;3028;3544;1;1;0;0,00;1,05;3192,24;1,05;
2025-11-25;2025-11-18;INFLB;2025/2026;9999;Alle;85+;M;58159;2621;3198;0;0;0;0,00;0,00;4506,61;0,00;
2025-11-25;2025-11-18;INFLB;2025/2026;9999;Alle;Alle;Alle;6009733;51230;60217;43;8;1;0,00;0,72;852,45;0,13;
2025-11-25;2025-11-18;INFLB;2025/2026;9999;Alle;Alle;K;3025191;26538;30515;22;4;0;0,00;0,73;877,23;0,13;
2025-11-25;2025-11-18;INFLB;2025/2026;9999;Alle;Alle;M;2984542;24691;29169;21;4;1;0,00;0,70;827,30;0,13;
2025-11-25;2025-11-18;INFLB;2025/2026;1084;Hovedstaden;00-01;Alle;41943;1855;2115;0;0;0;0,00;0,00;4422,67;0,00;
2025-11-25;2025-11-18;INFLB;2025/2026;1084;Hovedstaden;00-01;K;20470;794;883;0;0;0;0,00;0,00;3878,85;0,00;
2025-11-25;2025-11-18;INFLB;2025/2026;1084;Hovedstaden;00-01;M;21473;1061;1232;0;0;0;0,00;0,00;4941,09;0,00;
2025-11-25;2025-11-18;INFLB;2025/2026;1084;Hovedstaden;02-06;Alle;102394;740;837;3;0;0;0,00;2,93;722,70;0,00;
2025-11-25;2025-11-18;INFLB;2025/2026;1084;Hovedstaden;02-06;K;49698;325;356;1;0;0;0,00;2,01;653,95;0,00;
2025-11-25;2025-11-18;INFLB;2025/2026;1084;Hovedstaden;02-06;M;52696;415;481;2;0;0;0,00;3,80;787,54;0,00;
2025-11-25;2025-11-18;INFLB;2025/2026;1084;Hovedstaden;07-14;Alle;158638;844;910;2;0;0;0,00;1,26;532,03;0,00;
2025-11-25;2025-11-18;INFLB;2025/2026;1084;Hovedstaden;07-14;K;77375;372;405;0;0;0;0,00;0,00;480,78;0,00;
2025-11-25;2025-11-18;INFLB;2025/2026;1084;Hovedstaden;07-14;M;81263;472;505;2;0;0;0,00;2,46;580,83;0,00;
2025-11-25;2025-11-18;INFLB;2025/2026;1084;Hovedstaden;15-44;Alle;815044;6987;7537;16;1;0;0,00;1,96;857,25;0,12;
2025-11-25;2025-11-18;INFLB;2025/2026;1084;Hovedstaden;15-44;K;409592;4260;4602;9;1;0;0,00;2,20;1040,06;0,24;
2025-11-25;2025-11-18;INFLB;2025/2026;1084;Hovedstaden;15-44;M;405452;2727;2935;7;0;0;0,00;1,73;672,58;0,00;
2025-11-25;2025-11-18;INFLB;2025/2026;1084;Hovedstaden;45-64;Alle;478645;6418;7401;7;1;0;0,00;1,46;1340,87;0,21;
2025-11-25;2025-11-18;INFLB;2025/2026;1084;Hovedstaden;45-64;K;241665;3560;4067;4;0;0;0,00;1,66;1473,11;0,00;
2025-11-25;2025-11-18;INFLB;2025/2026;1084;Hovedstaden;45-64;M;236980;2858;3334;3;1;0;0,00;1,27;1206,01;0,42;
2025-11-25;2025-11-18;INFLB;2025/2026;1084;Hovedstaden;65-74;Alle;168499;4042;5053;0;0;0;0,00;0,00;2398,83;0,00;
2025-11-25;2025-11-18;INFLB;2025/2026;1084;Hovedstaden;65-74;K;88376;2085;2561;0;0;0;0,00;0,00;2359,24;0,00;
2025-11-25;2025-11-18;INFLB;2025/2026;1084;Hovedstaden;65-74;M;80123;1957;2492;0;0;0;0,00;0,00;2442,49;0,00;
2025-11-25;2025-11-18;INFLB;2025/2026;1084;Hovedstaden;75-84;Alle;133106;5272;6710;0;0;0;0,00;0,00;3960,75;0,00;
2025-11-25;2025-11-18;INFLB;2025/2026;1084;Hovedstaden;75-84;K;74617;2622;3323;0;0;0;0,00;0,00;3513,94;0,00;
2025-11-25;2025-11-18;INFLB;2025/2026;1084;Hovedstaden;75-84;M;58489;2650;3387;0;0;0;0,00;0,00;4530,77;0,00;
2025-11-25;2025-11-18;INFLB;2025/2026;1084;Hovedstaden;85+;Alle;42496;2792;3493;1;1;0;0,00;2,35;6570,03;2,35;
2025-11-25;2025-11-18;INFLB;2025/2026;1084;Hovedstaden;85+;K;27414;1595;1951;1;1;0;0,00;3,65;5818,20;3,65;
2025-11-25;2025-11-18;INFLB;2025/2026;1084;Hovedstaden;85+;M;15082;1197;1542;0;0;0;0,00;0,00;7936,61;0,00;
2025-11-25;2025-11-18;INFLB;2025/2026;1084;Hovedstaden;Alle;Alle;1940765;28950;34056;29;3;0;0,00;1,49;1491,68;0,15;
2025-11-25;2025-11-18;INFLB;2025/2026;1084;Hovedstaden;Alle;K;989207;15613;18148;15;2;0;0,00;1,52;1578,33;0,20;
2025-11-25;2025-11-18;INFLB;2025/2026;1084;Hovedstaden;Alle;M;951558;13337;15908;14;1;0;0,00;1,47;1401,60;0,11;
2025-11-25;2025-11-18;INFLB;2025/2026;1082;Midtjylland;00-01;Alle;27767;151;166;0;0;0;0,00;0,00;543,81;0,00;
2025-11-25;2025-11-18;INFLB;2025/2026;1082;Midtjylland;00-01;K;13435;71;82;0;0;0;0,00;0,00;528,47;0,00;
2025-11-25;2025-11-18;INFLB;2025/2026;1082;Midtjylland;00-01;M;14332;80;84;0;0;0;0,00;0,00;558,19;0,00;
2025-11-25;2025-11-18;INFLB;2025/2026;1082;Midtjylland;02-06;Alle;73913;68;78;0;0;0;0,00;0,00;92,00;0,00;
2025-11-25;2025-11-18;INFLB;2025/2026;1082;Midtjylland;02-06;K;35893;26;30;0;0;0;0,00;0,00;72,44;0,00;
2025-11-25;2025-11-18;INFLB;2025/2026;1082;Midtjylland;02-06;M;38020;42;48;0;0;0;0,00;0,00;110,47;0,00;
2025-11-25;2025-11-18;INFLB;2025/2026;1082;Midtjylland;07-14;Alle;117872;100;106;0;0;0;0,00;0,00;84,84;0,00;
2025-11-25;2025-11-18;INFLB;2025/2026;1082;Midtjylland;07-14;K;57423;49;53;0;0;0;0,00;0,00;85,33;0,00;
2025-11-25;2025-11-18;INFLB;2025/2026;1082;Midtjylland;07-14;M;60449;51;53;0;0;0;0,00;0,00;84,37;0,00;
2025-11-25;2025-11-18;INFLB;2025/2026;1082;Midtjylland;15-44;Alle;528759;790;831;1;0;0;0,00;0,19;149,41;0,00;
2025-11-25;2025-11-18;INFLB;2025/2026;1082;Midtjylland;15-44;K;259953;477;498;0;0;0;0,00;0,00;183,49;0,00;
2025-11-25;2025-11-18;INFLB;2025/2026;1082;Midtjylland;15-44;M;268806;313;333;1;0;0;0,00;0,37;116,44;0,00;
2025-11-25;2025-11-18;INFLB;2025/2026;1082;Midtjylland;45-64;Alle;345016;817;886;0;0;0;0,00;0,00;236,80;0,00;
2025-11-25;2025-11-18;INFLB;2025/2026;1082;Midtjylland;45-64;K;172972;457;493;0;0;0;0,00;0,00;264,20;0,00;
2025-11-25;2025-11-18;INFLB;2025/2026;1082;Midtjylland;45-64;M;172044;360;393;0;0;0;0,00;0,00;209,25;0,00;
2025-11-25;2025-11-18;INFLB;2025/2026;1082;Midtjylland;65-74;Alle;144354;540;602;0;0;0;0,00;0,00;374,08;0,00;
2025-11-25;2025-11-18;INFLB;2025/2026;1082;Midtjylland;65-74;K;73871;244;262;0;0;0;0,00;0,00;330,31;0,00;
2025-11-25;2025-11-18;INFLB;2025/2026;1082;Midtjylland;65-74;M;70483;296;340;0;0;0;0,00;0,00;419,96;0,00;
2025-11-25;2025-11-18;INFLB;2025/2026;1082;Midtjylland;75-84;Alle;107865;599;632;0;0;0;0,00;0,00;555,32;0,00;
2025-11-25;2025-11-18;INFLB;2025/2026;1082;Midtjylland;75-84;K;57450;267;273;0;0;0;0,00;0,00;464,75;0,00;
2025-11-25;2025-11-18;INFLB;2025/2026;1082;Midtjylland;75-84;M;50415;332;359;0;0;0;0,00;0,00;658,53;0,00;
2025-11-25;2025-11-18;INFLB;2025/2026;1082;Midtjylland;85+;Alle;33810;251;271;0;0;0;0,00;0,00;742,38;0,00;
2025-11-25;2025-11-18;INFLB;2025/2026;1082;Midtjylland;85+;K;20621;122;131;0;0;0;0,00;0,00;591,63;0,00;
2025-11-25;2025-11-18;INFLB;2025/2026;1082;Midtjylland;85+;M;13189;129;140;0;0;0;0,00;0,00;978,09;0,00;
2025-11-25;2025-11-18;INFLB;2025/2026;1082;Midtjylland;Alle;Alle;1379356;3316;3572;1;0;0;0,00;0,07;240,40;0,00;
2025-11-25;2025-11-18;INFLB;2025/2026;1082;Midtjylland;Alle;K;691618;1713;1822;0;0;0;0,00;0,00;247,68;0,00;
2025-11-25;2025-11-18;INFLB;2025/2026;1082;Midtjylland;Alle;M;687738;1603;1750;1;0;0;0,00;0,15;233,08;0,00;
2025-11-25;2025-11-18;INFLB;2025/2026;1081;Nordjylland;00-01;Alle;10579;190;212;0;0;0;0,00;0,00;1796,01;0,00;
2025-11-25;2025-11-18;INFLB;2025/2026;1081;Nordjylland;00-01;K;5120;74;84;0;0;0;0,00;0,00;1445,31;0,00;
2025-11-25;2025-11-18;INFLB;2025/2026;1081;Nordjylland;00-01;M;5459;116;128;0;0;0;0,00;0,00;2124,93;0,00;
2025-11-25;2025-11-18;INFLB;2025/2026;1081;Nordjylland;02-06;Alle;29340;75;83;0;0;0;0,00;0,00;255,62;0,00;
2025-11-25;2025-11-18;INFLB;2025/2026;1081;Nordjylland;02-06;K;14184;24;26;0;0;0;0,00;0,00;169,20;0,00;
2025-11-25;2025-11-18;INFLB;2025/2026;1081;Nordjylland;02-06;M;15156;51;57;0;0;0;0,00;0,00;336,50;0,00;
2025-11-25;2025-11-18;INFLB;2025/2026;1081;Nordjylland;07-14;Alle;48106;49;56;0;0;0;0,00;0,00;101,86;0,00;
2025-11-25;2025-11-18;INFLB;2025/2026;1081;Nordjylland;07-14;K;23401;25;31;0;0;0;0,00;0,00;106,83;0,00;
2025-11-25;2025-11-18;INFLB;2025/2026;1081;Nordjylland;07-14;M;24705;24;25;0;0;0;0,00;0,00;97,15;0,00;
2025-11-25;2025-11-18;INFLB;2025/2026;1081;Nordjylland;15-44;Alle;212807;457;517;2;0;0;0,00;0,94;214,75;0,00;
2025-11-25;2025-11-18;INFLB;2025/2026;1081;Nordjylland;15-44;K;101702;257;279;0;0;0;0,00;0,00;252,70;0,00;
2025-11-25;2025-11-18;INFLB;2025/2026;1081;Nordjylland;15-44;M;111105;200;238;2;0;0;0,01;1,80;180,01;0,00;
2025-11-25;2025-11-18;INFLB;2025/2026;1081;Nordjylland;45-64;Alle;152087;721;910;1;1;0;0,00;0,66;474,07;0,66;
2025-11-25;2025-11-18;INFLB;2025/2026;1081;Nordjylland;45-64;K;75718;346;427;1;1;0;0,00;1,32;456,96;1,32;
2025-11-25;2025-11-18;INFLB;2025/2026;1081;Nordjylland;45-64;M;76369;375;483;0;0;0;0,00;0,00;491,04;0,00;
2025-11-25;2025-11-18;INFLB;2025/2026;1081;Nordjylland;65-74;Alle;69560;811;1008;0;0;0;0,00;0,00;1165,90;0,00;
2025-11-25;2025-11-18;INFLB;2025/2026;1081;Nordjylland;65-74;K;35418;400;504;0;0;0;0,00;0,00;1129,37;0,00;
2025-11-25;2025-11-18;INFLB;2025/2026;1081;Nordjylland;65-74;M;34142;411;504;0;0;0;0,00;0,00;1203,80;0,00;
2025-11-25;2025-11-18;INFLB;2025/2026;1081;Nordjylland;75-84;Alle;53379;1149;1411;0;0;0;0,00;0,00;2152,53;0,00;
2025-11-25;2025-11-18;INFLB;2025/2026;1081;Nordjylland;75-84;K;28235;511;628;0;0;0;0,00;0,00;1809,81;0,00;
2025-11-25;2025-11-18;INFLB;2025/2026;1081;Nordjylland;75-84;M;25144;638;783;0;0;0;0,00;0,00;2537,38;0,00;
2025-11-25;2025-11-18;INFLB;2025/2026;1081;Nordjylland;85+;Alle;16813;603;693;0;0;0;0,00;0,00;3586,51;0,00;
2025-11-25;2025-11-18;INFLB;2025/2026;1081;Nordjylland;85+;K;10172;301;339;0;0;0;0,00;0,00;2959,10;0,00;
2025-11-25;2025-11-18;INFLB;2025/2026;1081;Nordjylland;85+;M;6641;302;354;0;0;0;0,00;0,00;4547,51;0,00;
2025-11-25;2025-11-18;INFLB;2025/2026;1081;Nordjylland;Alle;Alle;592671;4055;4890;3;1;0;0,00;0,51;684,19;0,17;
2025-11-25;2025-11-18;INFLB;2025/2026;1081;Nordjylland;Alle;K;293950;1938;2318;1;1;0;0,00;0,34;659,30;0,34;
2025-11-25;2025-11-18;INFLB;2025/2026;1081;Nordjylland;Alle;M;298721;2117;2572;2;0;0;0,00;0,67;708,69;0,00;
2025-11-25;2025-11-18;INFLB;2025/2026;1085;Sjælland;00-01;Alle;14207;419;473;0;0;0;0,00;0,00;2949,25;0,00;
2025-11-25;2025-11-18;INFLB;2025/2026;1085;Sjælland;00-01;K;6889;183;207;0;0;0;0,00;0,00;2656,41;0,00;
2025-11-25;2025-11-18;INFLB;2025/2026;1085;Sjælland;00-01;M;7318;236;266;0;0;0;0,00;0,00;3224,92;0,00;
2025-11-25;2025-11-18;INFLB;2025/2026;1085;Sjælland;02-06;Alle;41835;163;182;0;0;0;0,00;0,00;389,63;0,00;
2025-11-25;2025-11-18;INFLB;2025/2026;1085;Sjælland;02-06;K;20328;80;94;0;0;0;0,00;0,00;393,55;0,00;
2025-11-25;2025-11-18;INFLB;2025/2026;1085;Sjælland;02-06;M;21507;83;88;0;0;0;0,00;0,00;385,92;0,00;
2025-11-25;2025-11-18;INFLB;2025/2026;1085;Sjælland;07-14;Alle;71048;127;150;0;0;0;0,00;0,00;178,75;0,00;
2025-11-25;2025-11-18;INFLB;2025/2026;1085;Sjælland;07-14;K;34578;56;64;0;0;0;0,00;0,00;161,95;0,00;
2025-11-25;2025-11-18;INFLB;2025/2026;1085;Sjælland;07-14;M;36470;71;86;0;0;0;0,00;0,00;194,68;0,00;
2025-11-25;2025-11-18;INFLB;2025/2026;1085;Sjælland;15-44;Alle;278911;945;1059;2;1;0;0,00;0,72;338,82;0,36;
2025-11-25;2025-11-18;INFLB;2025/2026;1085;Sjælland;15-44;K;135081;555;618;2;1;0;0,00;1,48;410,86;0,74;
2025-11-25;2025-11-18;INFLB;2025/2026;1085;Sjælland;15-44;M;143830;390;441;0;0;0;0,00;0,00;271,15;0,00;
2025-11-25;2025-11-18;INFLB;2025/2026;1085;Sjælland;45-64;Alle;240150;1426;1773;1;1;0;0,00;0,42;593,80;0,42;
2025-11-25;2025-11-18;INFLB;2025/2026;1085;Sjælland;45-64;K;120732;722;873;0;0;0;0,00;0,00;598,02;0,00;
2025-11-25;2025-11-18;INFLB;2025/2026;1085;Sjælland;45-64;M;119418;704;900;1;1;0;0,00;0,84;589,53;0,84;
2025-11-25;2025-11-18;INFLB;2025/2026;1085;Sjælland;65-74;Alle;102811;1375;1735;0;0;0;0,00;0,00;1337,41;0,00;
2025-11-25;2025-11-18;INFLB;2025/2026;1085;Sjælland;65-74;K;52978;672;814;0;0;0;0,00;0,00;1268,45;0,00;
2025-11-25;2025-11-18;INFLB;2025/2026;1085;Sjælland;65-74;M;49833;703;921;0;0;0;0,00;0,00;1410,71;0,00;
2025-11-25;2025-11-18;INFLB;2025/2026;1085;Sjælland;75-84;Alle;82379;1944;2437;2;2;1;0,00;2,43;2359,82;2,43;
2025-11-25;2025-11-18;INFLB;2025/2026;1085;Sjælland;75-84;K;44495;873;1077;0;0;0;0,00;0,00;1962,02;0,00;
2025-11-25;2025-11-18;INFLB;2025/2026;1085;Sjælland;75-84;M;37884;1071;1360;2;2;1;0,00;5,28;2827,05;5,28;
2025-11-25;2025-11-18;INFLB;2025/2026;1085;Sjælland;85+;Alle;23990;985;1160;0;0;0;0,00;0,00;4105,88;0,00;
2025-11-25;2025-11-18;INFLB;2025/2026;1085;Sjælland;85+;K;14578;502;567;0;0;0;0,00;0,00;3443,55;0,00;
2025-11-25;2025-11-18;INFLB;2025/2026;1085;Sjælland;85+;M;9412;483;593;0;0;0;0,00;0,00;5131,75;0,00;
2025-11-25;2025-11-18;INFLB;2025/2026;1085;Sjælland;Alle;Alle;855331;7384;8969;5;4;1;0,00;0,58;863,29;0,47;
2025-11-25;2025-11-18;INFLB;2025/2026;1085;Sjælland;Alle;K;429659;3643;4314;2;1;0;0,00;0,47;847,88;0,23;
2025-11-25;2025-11-18;INFLB;2025/2026;1085;Sjælland;Alle;M;425672;3741;4655;3;3;1;0,00;0,70;878,85;0,70;
2025-11-25;2025-11-18;INFLB;2025/2026;1083;Syddanmark;00-01;Alle;22299;150;162;0;0;0;0,00;0,00;672,68;0,00;
2025-11-25;2025-11-18;INFLB;2025/2026;1083;Syddanmark;00-01;K;10726;52;60;0;0;0;0,00;0,00;484,80;0,00;
2025-11-25;2025-11-18;INFLB;2025/2026;1083;Syddanmark;00-01;M;11573;98;102;0;0;0;0,00;0,00;846,80;0,00;
2025-11-25;2025-11-18;INFLB;2025/2026;1083;Syddanmark;02-06;Alle;62061;81;102;0;0;0;0,00;0,00;130,52;0,00;
2025-11-25;2025-11-18;INFLB;2025/2026;1083;Syddanmark;02-06;K;30243;36;47;0;0;0;0,00;0,00;119,04;0,00;
2025-11-25;2025-11-18;INFLB;2025/2026;1083;Syddanmark;02-06;M;31818;45;55;0;0;0;0,00;0,00;141,43;0,00;
2025-11-25;2025-11-18;INFLB;2025/2026;1083;Syddanmark;07-14;Alle;104606;71;80;0;0;0;0,00;0,00;67,87;0,00;
2025-11-25;2025-11-18;INFLB;2025/2026;1083;Syddanmark;07-14;K;50746;29;30;0;0;0;0,00;0,00;57,15;0,00;
2025-11-25;2025-11-18;INFLB;2025/2026;1083;Syddanmark;07-14;M;53860;42;50;0;0;0;0,00;0,00;77,98;0,00;
2025-11-25;2025-11-18;INFLB;2025/2026;1083;Syddanmark;15-44;Alle;433678;1067;1188;1;0;0;0,00;0,23;246,04;0,00;
2025-11-25;2025-11-18;INFLB;2025/2026;1083;Syddanmark;15-44;K;209806;627;686;1;0;0;0,00;0,48;298,85;0,00;
2025-11-25;2025-11-18;INFLB;2025/2026;1083;Syddanmark;15-44;M;223872;440;502;0;0;0;0,00;0,00;196,54;0,00;
2025-11-25;2025-11-18;INFLB;2025/2026;1083;Syddanmark;45-64;Alle;329661;1523;1828;1;0;0;0,00;0,30;461,99;0,00;
2025-11-25;2025-11-18;INFLB;2025/2026;1083;Syddanmark;45-64;K;164956;748;877;1;0;0;0,00;0,61;453,45;0,00;
2025-11-25;2025-11-18;INFLB;2025/2026;1083;Syddanmark;45-64;M;164705;775;951;0;0;0;0,00;0,00;470,54;0,00;
2025-11-25;2025-11-18;INFLB;2025/2026;1083;Syddanmark;65-74;Alle;143441;1304;1564;0;0;0;0,00;0,00;909,08;0,00;
2025-11-25;2025-11-18;INFLB;2025/2026;1083;Syddanmark;65-74;K;73416;616;716;0;0;0;0,00;0,00;839,05;0,00;
2025-11-25;2025-11-18;INFLB;2025/2026;1083;Syddanmark;65-74;M;70025;688;848;0;0;0;0,00;0,00;982,51;0,00;
2025-11-25;2025-11-18;INFLB;2025/2026;1083;Syddanmark;75-84;Alle;109959;1778;2078;0;0;0;0,00;0,00;1616,97;0,00;
2025-11-25;2025-11-18;INFLB;2025/2026;1083;Syddanmark;75-84;K;58794;797;918;0;0;0;0,00;0,00;1355,58;0,00;
2025-11-25;2025-11-18;INFLB;2025/2026;1083;Syddanmark;75-84;M;51165;981;1160;0;0;0;0,00;0,00;1917,33;0,00;
2025-11-25;2025-11-18;INFLB;2025/2026;1083;Syddanmark;85+;Alle;35905;1001;1125;0;0;0;0,00;0,00;2787,91;0,00;
2025-11-25;2025-11-18;INFLB;2025/2026;1083;Syddanmark;85+;K;22070;498;556;0;0;0;0,00;0,00;2256,46;0,00;
2025-11-25;2025-11-18;INFLB;2025/2026;1083;Syddanmark;85+;M;13835;503;569;0;0;0;0,00;0,00;3635,71;0,00;
2025-11-25;2025-11-18;INFLB;2025/2026;1083;Syddanmark;Alle;Alle;1241610;6975;8127;2;0;0;0,00;0,16;561,77;0,00;
2025-11-25;2025-11-18;INFLB;2025/2026;1083;Syddanmark;Alle;K;620757;3403;3890;2;0;0;0,00;0,32;548,20;0,00;
2025-11-25;2025-11-18;INFLB;2025/2026;1083;Syddanmark;Alle;M;620853;3572;4237;0;0;0;0,00;0,00;575,34;0,00;
