"Dato";"Sidste opdatering";"Sygdom";"Sæson";"Regionskode";"Region";"Aldersgruppe";"Køn";"Antal borgere";"Antal førstegangstestede personer";"Antal tests";"Antal Bekræftede tilfælde";"Antal nye indlæggelser";"Antal døde";"Positivprocent";"Incidens";"Testrate";"Indlæggelsesrate";"timestamp_2026-03-17T11:45:41.687"
2026-03-17;2026-03-10;RSV;2015/2016;9999;Alle;01. 0-5 måneder;Alle;30101;2006;2252;971;687;0;0,48;3225,81;6664,23;2282,32;
2026-03-17;2026-03-10;RSV;2015/2016;9999;Alle;01. 0-5 måneder;K;14709;893;698;436;319;0;0,49;2964,17;6071,11;2168,74;
2026-03-17;2026-03-10;RSV;2015/2016;9999;Alle;01. 0-5 måneder;M;15392;1113;908;535;368;0;0,48;3475,83;7231,03;2390,85;
2026-03-17;2026-03-10;RSV;2015/2016;9999;Alle;02. 6-11 måneder;Alle;31265;640;752;271;162;1;0,42;866,78;2047,02;518,15;
2026-03-17;2026-03-10;RSV;2015/2016;9999;Alle;02. 6-11 måneder;K;15170;253;208;105;59;1;0,42;692,16;1667,77;388,93;
2026-03-17;2026-03-10;RSV;2015/2016;9999;Alle;02. 6-11 måneder;M;16095;387;330;166;103;0;0,43;1031,38;2404,47;639,95;
2026-03-17;2026-03-10;RSV;2015/2016;9999;Alle;03. 1 år;Alle;59564;917;1072;379;204;2;0,41;636,29;1539,52;342,49;
2026-03-17;2026-03-10;RSV;2015/2016;9999;Alle;03. 1 år;K;28950;413;383;185;97;2;0,45;639,03;1426,60;335,06;
2026-03-17;2026-03-10;RSV;2015/2016;9999;Alle;03. 1 år;M;30614;504;424;194;107;0;0,38;633,70;1646,31;349,51;
2026-03-17;2026-03-10;RSV;2015/2016;9999;Alle;04. 2 år;Alle;58844;332;442;106;50;0;0,32;180,14;564,20;84,97;
2026-03-17;2026-03-10;RSV;2015/2016;9999;Alle;04. 2 år;K;28737;153;137;50;25;0;0,33;173,99;532,41;87,00;
2026-03-17;2026-03-10;RSV;2015/2016;9999;Alle;04. 2 år;M;30107;179;201;56;25;0;0,31;186,00;594,55;83,04;
2026-03-17;2026-03-10;RSV;2015/2016;9999;Alle;05. 3-5 år;Alle;189223;538;693;71;25;1;0,13;37,52;284,32;13,21;
2026-03-17;2026-03-10;RSV;2015/2016;9999;Alle;05. 3-5 år;K;92319;259;291;35;12;0;0,14;37,91;280,55;13,00;
2026-03-17;2026-03-10;RSV;2015/2016;9999;Alle;05. 3-5 år;M;96904;279;272;36;13;1;0,13;37,15;287,91;13,42;
2026-03-17;2026-03-10;RSV;2015/2016;9999;Alle;06. 6-14 år;Alle;621001;771;928;48;16;0;0,06;7,73;124,15;2,58;
2026-03-17;2026-03-10;RSV;2015/2016;9999;Alle;06. 6-14 år;K;303237;393;362;25;12;0;0,06;8,24;129,60;3,96;
2026-03-17;2026-03-10;RSV;2015/2016;9999;Alle;06. 6-14 år;M;317764;378;360;23;4;0;0,06;7,24;118,96;1,26;
2026-03-17;2026-03-10;RSV;2015/2016;9999;Alle;07. 15-44 år;Alle;2244728;2646;2947;106;44;3;0,04;4,72;117,88;1,96;
2026-03-17;2026-03-10;RSV;2015/2016;9999;Alle;07. 15-44 år;K;1112201;1550;1082;60;28;1;0,04;5,39;139,36;2,52;
2026-03-17;2026-03-10;RSV;2015/2016;9999;Alle;07. 15-44 år;M;1132527;1096;820;46;16;2;0,04;4,06;96,77;1,41;
2026-03-17;2026-03-10;RSV;2015/2016;9999;Alle;08. 45-64 år;Alle;1460714;2373;2834;136;66;5;0,06;9,31;162,45;4,52;
2026-03-17;2026-03-10;RSV;2015/2016;9999;Alle;08. 45-64 år;K;736123;1257;1350;78;33;3;0,06;10,60;170,76;4,48;
2026-03-17;2026-03-10;RSV;2015/2016;9999;Alle;08. 45-64 år;M;724591;1116;1242;58;33;2;0,05;8,00;154,02;4,55;
2026-03-17;2026-03-10;RSV;2015/2016;9999;Alle;09. 65-74 år;Alle;559273;1670;2020;113;75;4;0,07;20,20;298,60;13,41;
2026-03-17;2026-03-10;RSV;2015/2016;9999;Alle;09. 65-74 år;K;295827;779;870;54;30;2;0,07;18,25;263,33;10,14;
2026-03-17;2026-03-10;RSV;2015/2016;9999;Alle;09. 65-74 år;M;263446;891;1050;59;45;2;0,07;22,40;338,21;17,08;
2026-03-17;2026-03-10;RSV;2015/2016;9999;Alle;10. 75-84 år;Alle;216402;1094;1331;59;52;7;0,05;27,26;505,54;24,03;
2026-03-17;2026-03-10;RSV;2015/2016;9999;Alle;10. 75-84 år;K;126302;524;583;35;30;3;0,07;27,71;414,88;23,75;
2026-03-17;2026-03-10;RSV;2015/2016;9999;Alle;10. 75-84 år;M;90100;570;696;24;22;4;0,04;26,64;632,63;24,42;
2026-03-17;2026-03-10;RSV;2015/2016;9999;Alle;11. 85+ år;Alle;33597;436;480;48;43;8;0,11;142,87;1297,73;127,99;
2026-03-17;2026-03-10;RSV;2015/2016;9999;Alle;11. 85+ år;K;24168;269;284;31;27;5;0,12;128,27;1113,04;111,72;
2026-03-17;2026-03-10;RSV;2015/2016;9999;Alle;11. 85+ år;M;9429;167;183;17;16;3;0,10;180,29;1771,13;169,69;
2026-03-17;2026-03-10;RSV;2015/2016;9999;Alle;Alle;Alle;5504712;13423;15751;2308;1424;31;0,17;41,93;243,85;25,87;
2026-03-17;2026-03-10;RSV;2015/2016;9999;Alle;Alle;K;2777743;6743;6248;1094;672;17;0,16;39,38;242,75;24,19;
2026-03-17;2026-03-10;RSV;2015/2016;9999;Alle;Alle;M;2726969;6680;6486;1214;752;14;0,18;44,52;244,96;27,58;
2026-03-17;2026-03-10;RSV;2015/2016;1084;Hovedstaden;01. 0-5 måneder;Alle;9559;850;956;428;272;0;0,50;4477,46;8892,14;2845,49;
2026-03-17;2026-03-10;RSV;2015/2016;1084;Hovedstaden;01. 0-5 måneder;K;4737;378;417;192;130;0;0,51;4053,20;7979,73;2744,35;
2026-03-17;2026-03-10;RSV;2015/2016;1084;Hovedstaden;01. 0-5 måneder;M;4822;472;539;236;142;0;0,50;4894,23;9788,47;2944,84;
2026-03-17;2026-03-10;RSV;2015/2016;1084;Hovedstaden;02. 6-11 måneder;Alle;10077;227;264;98;53;0;0,43;972,51;2252,65;525,95;
2026-03-17;2026-03-10;RSV;2015/2016;1084;Hovedstaden;02. 6-11 måneder;K;4857;89;101;39;21;0;0,44;802,96;1832,41;432,37;
2026-03-17;2026-03-10;RSV;2015/2016;1084;Hovedstaden;02. 6-11 måneder;M;5220;138;163;59;32;0;0,43;1130,27;2643,68;613,03;
2026-03-17;2026-03-10;RSV;2015/2016;1084;Hovedstaden;03. 1 år;Alle;19167;309;367;133;68;0;0,43;693,90;1612,15;354,78;
2026-03-17;2026-03-10;RSV;2015/2016;1084;Hovedstaden;03. 1 år;K;9302;148;179;67;32;0;0,45;720,28;1591,06;344,01;
2026-03-17;2026-03-10;RSV;2015/2016;1084;Hovedstaden;03. 1 år;M;9865;161;188;66;36;0;0,41;669,03;1632,03;364,93;
2026-03-17;2026-03-10;RSV;2015/2016;1084;Hovedstaden;04. 2 år;Alle;18814;145;192;44;12;0;0,30;233,87;770,70;63,78;
2026-03-17;2026-03-10;RSV;2015/2016;1084;Hovedstaden;04. 2 år;K;9223;65;85;20;5;0;0,31;216,85;704,76;54,21;
2026-03-17;2026-03-10;RSV;2015/2016;1084;Hovedstaden;04. 2 år;M;9591;80;107;24;7;0;0,30;250,23;834,12;72,99;
2026-03-17;2026-03-10;RSV;2015/2016;1084;Hovedstaden;05. 3-5 år;Alle;59690;255;318;24;9;0;0,09;40,21;427,21;15,08;
2026-03-17;2026-03-10;RSV;2015/2016;1084;Hovedstaden;05. 3-5 år;K;29174;128;166;10;2;0;0,08;34,28;438,75;6,86;
2026-03-17;2026-03-10;RSV;2015/2016;1084;Hovedstaden;05. 3-5 år;M;30516;127;152;14;7;0;0,11;45,88;416,18;22,94;
2026-03-17;2026-03-10;RSV;2015/2016;1084;Hovedstaden;06. 6-14 år;Alle;186216;386;459;20;4;0;0,05;10,74;207,29;2,15;
2026-03-17;2026-03-10;RSV;2015/2016;1084;Hovedstaden;06. 6-14 år;K;91161;208;249;9;3;0;0,04;9,87;228,17;3,29;
2026-03-17;2026-03-10;RSV;2015/2016;1084;Hovedstaden;06. 6-14 år;M;95055;178;210;11;1;0;0,06;11,57;187,26;1,05;
2026-03-17;2026-03-10;RSV;2015/2016;1084;Hovedstaden;07. 15-44 år;Alle;796933;1297;1436;51;17;1;0,04;6,40;162,75;2,13;
2026-03-17;2026-03-10;RSV;2015/2016;1084;Hovedstaden;07. 15-44 år;K;402491;771;833;29;12;0;0,04;7,21;191,56;2,98;
2026-03-17;2026-03-10;RSV;2015/2016;1084;Hovedstaden;07. 15-44 år;M;394442;526;603;22;5;1;0,04;5,58;133,35;1,27;
2026-03-17;2026-03-10;RSV;2015/2016;1084;Hovedstaden;08. 45-64 år;Alle;418748;1470;1725;79;31;2;0,05;18,87;351,05;7,40;
2026-03-17;2026-03-10;RSV;2015/2016;1084;Hovedstaden;08. 45-64 år;K;212774;816;943;49;16;1;0,06;23,03;383,51;7,52;
2026-03-17;2026-03-10;RSV;2015/2016;1084;Hovedstaden;08. 45-64 år;M;205974;654;782;30;15;1;0,05;14,56;317,52;7,28;
2026-03-17;2026-03-10;RSV;2015/2016;1084;Hovedstaden;09. 65-74 år;Alle;152706;1053;1225;64;40;1;0,06;41,91;689,56;26,19;
2026-03-17;2026-03-10;RSV;2015/2016;1084;Hovedstaden;09. 65-74 år;K;83703;502;566;31;16;0;0,06;37,04;599,74;19,12;
2026-03-17;2026-03-10;RSV;2015/2016;1084;Hovedstaden;09. 65-74 år;M;69003;551;659;33;24;1;0,06;47,82;798,52;34,78;
2026-03-17;2026-03-10;RSV;2015/2016;1084;Hovedstaden;10. 75-84 år;Alle;59457;740;898;41;37;6;0,06;68,96;1244,60;62,23;
2026-03-17;2026-03-10;RSV;2015/2016;1084;Hovedstaden;10. 75-84 år;K;36128;367;430;23;21;3;0,06;63,66;1015,83;58,13;
2026-03-17;2026-03-10;RSV;2015/2016;1084;Hovedstaden;10. 75-84 år;M;23329;373;468;18;16;3;0,05;77,16;1598,87;68,58;
2026-03-17;2026-03-10;RSV;2015/2016;1084;Hovedstaden;11. 85+ år;Alle;9625;328;355;39;38;7;0,12;405,19;3407,79;394,81;
2026-03-17;2026-03-10;RSV;2015/2016;1084;Hovedstaden;11. 85+ år;K;7179;200;214;24;23;4;0,12;334,31;2785,90;320,38;
2026-03-17;2026-03-10;RSV;2015/2016;1084;Hovedstaden;11. 85+ år;M;2446;128;141;15;15;3;0,12;613,25;5233,03;613,25;
2026-03-17;2026-03-10;RSV;2015/2016;1084;Hovedstaden;Alle;Alle;1740992;7060;8195;1021;581;17;0,14;58,64;405,52;33,37;
2026-03-17;2026-03-10;RSV;2015/2016;1084;Hovedstaden;Alle;K;890729;3672;4183;493;281;8;0,13;55,35;412,25;31,55;
2026-03-17;2026-03-10;RSV;2015/2016;1084;Hovedstaden;Alle;M;850263;3388;4012;528;300;9;0,16;62,10;398,46;35,28;
2026-03-17;2026-03-10;RSV;2015/2016;1082;Midtjylland;01. 0-5 måneder;Alle;7051;188;209;62;38;0;0,33;879,31;2666,29;538,93;
2026-03-17;2026-03-10;RSV;2015/2016;1082;Midtjylland;01. 0-5 måneder;K;3451;79;87;25;15;0;0,32;724,43;2289,19;434,66;
2026-03-17;2026-03-10;RSV;2015/2016;1082;Midtjylland;01. 0-5 måneder;M;3600;109;122;37;23;0;0,34;1027,78;3027,78;638,89;
2026-03-17;2026-03-10;RSV;2015/2016;1082;Midtjylland;02. 6-11 måneder;Alle;7320;79;90;34;20;0;0,43;464,48;1079,23;273,22;
2026-03-17;2026-03-10;RSV;2015/2016;1082;Midtjylland;02. 6-11 måneder;K;3538;28;32;11;8;0;0,39;310,91;791,41;226,12;
2026-03-17;2026-03-10;RSV;2015/2016;1082;Midtjylland;02. 6-11 måneder;M;3782;51;58;23;12;0;0,45;608,14;1348,49;317,29;
2026-03-17;2026-03-10;RSV;2015/2016;1082;Midtjylland;03. 1 år;Alle;13920;164;195;60;26;0;0,37;431,03;1178,16;186,78;
2026-03-17;2026-03-10;RSV;2015/2016;1082;Midtjylland;03. 1 år;K;6782;67;82;24;13;0;0,36;353,88;987,91;191,68;
2026-03-17;2026-03-10;RSV;2015/2016;1082;Midtjylland;03. 1 år;M;7138;97;113;36;13;0;0,37;504,34;1358,92;182,12;
2026-03-17;2026-03-10;RSV;2015/2016;1082;Midtjylland;04. 2 år;Alle;13754;49;62;13;7;0;0,27;94,52;356,26;50,89;
2026-03-17;2026-03-10;RSV;2015/2016;1082;Midtjylland;04. 2 år;K;6777;24;30;7;4;0;0,29;103,29;354,14;59,02;
2026-03-17;2026-03-10;RSV;2015/2016;1082;Midtjylland;04. 2 år;M;6977;25;32;6;3;0;0,24;86,00;358,32;43,00;
2026-03-17;2026-03-10;RSV;2015/2016;1082;Midtjylland;05. 3-5 år;Alle;44604;67;111;9;4;0;0,13;20,18;150,21;8,97;
2026-03-17;2026-03-10;RSV;2015/2016;1082;Midtjylland;05. 3-5 år;K;21801;32;61;6;4;0;0,19;27,52;146,78;18,35;
2026-03-17;2026-03-10;RSV;2015/2016;1082;Midtjylland;05. 3-5 år;M;22803;35;50;3;0;0;0,09;13,16;153,49;0,00;
2026-03-17;2026-03-10;RSV;2015/2016;1082;Midtjylland;06. 6-14 år;Alle;147893;64;88;4;3;0;0,06;2,70;43,27;2,03;
2026-03-17;2026-03-10;RSV;2015/2016;1082;Midtjylland;06. 6-14 år;K;72576;29;34;4;3;0;0,14;5,51;39,96;4,13;
2026-03-17;2026-03-10;RSV;2015/2016;1082;Midtjylland;06. 6-14 år;M;75317;35;54;0;0;0;0,00;0,00;46,47;0,00;
2026-03-17;2026-03-10;RSV;2015/2016;1082;Midtjylland;07. 15-44 år;Alle;515689;56;69;3;3;2;0,05;0,58;10,86;0,58;
2026-03-17;2026-03-10;RSV;2015/2016;1082;Midtjylland;07. 15-44 år;K;254134;34;41;1;1;1;0,03;0,39;13,38;0,39;
2026-03-17;2026-03-10;RSV;2015/2016;1082;Midtjylland;07. 15-44 år;M;261555;22;28;2;2;1;0,09;0,76;8,41;0,76;
2026-03-17;2026-03-10;RSV;2015/2016;1082;Midtjylland;08. 45-64 år;Alle;328334;139;174;13;10;1;0,09;3,96;42,33;3,05;
2026-03-17;2026-03-10;RSV;2015/2016;1082;Midtjylland;08. 45-64 år;K;165047;60;70;8;6;1;0,13;4,85;36,35;3,64;
2026-03-17;2026-03-10;RSV;2015/2016;1082;Midtjylland;08. 45-64 år;M;163287;79;104;5;4;0;0,06;3,06;48,38;2,45;
2026-03-17;2026-03-10;RSV;2015/2016;1082;Midtjylland;09. 65-74 år;Alle;123563;110;145;5;4;1;0,05;4,05;89,02;3,24;
2026-03-17;2026-03-10;RSV;2015/2016;1082;Midtjylland;09. 65-74 år;K;64351;43;53;2;1;1;0,05;3,11;66,82;1,55;
2026-03-17;2026-03-10;RSV;2015/2016;1082;Midtjylland;09. 65-74 år;M;59212;67;92;3;3;0;0,04;5,07;113,15;5,07;
2026-03-17;2026-03-10;RSV;2015/2016;1082;Midtjylland;10. 75-84 år;Alle;47480;60;74;2;2;0;0,03;4,21;126,37;4,21;
2026-03-17;2026-03-10;RSV;2015/2016;1082;Midtjylland;10. 75-84 år;K;27226;19;22;0;0;0;0,00;0,00;69,79;0,00;
2026-03-17;2026-03-10;RSV;2015/2016;1082;Midtjylland;10. 75-84 år;M;20254;41;52;2;2;0;0,05;9,87;202,43;9,87;
2026-03-17;2026-03-10;RSV;2015/2016;1082;Midtjylland;11. 85+ år;Alle;7464;12;14;1;0;0;0,08;13,40;160,77;0,00;
2026-03-17;2026-03-10;RSV;2015/2016;1082;Midtjylland;11. 85+ år;K;5268;6;6;1;0;0;0,17;18,98;113,90;0,00;
2026-03-17;2026-03-10;RSV;2015/2016;1082;Midtjylland;11. 85+ år;M;2196;6;8;0;0;0;0,00;0,00;273,22;0,00;
2026-03-17;2026-03-10;RSV;2015/2016;1082;Midtjylland;Alle;Alle;1257072;988;1231;206;117;4;0,21;16,39;78,60;9,31;
2026-03-17;2026-03-10;RSV;2015/2016;1082;Midtjylland;Alle;K;630951;421;518;89;55;3;0,21;14,11;66,72;8,72;
2026-03-17;2026-03-10;RSV;2015/2016;1082;Midtjylland;Alle;M;626121;567;713;117;62;1;0,21;18,69;90,56;9,90;
2026-03-17;2026-03-10;RSV;2015/2016;1081;Nordjylland;01. 0-5 måneder;Alle;2978;153;160;99;87;0;0,65;3324,38;5137,68;2921,42;
2026-03-17;2026-03-10;RSV;2015/2016;1081;Nordjylland;01. 0-5 måneder;K;1440;65;69;43;38;0;0,66;2986,11;4513,89;2638,89;
2026-03-17;2026-03-10;RSV;2015/2016;1081;Nordjylland;01. 0-5 måneder;M;1538;88;91;56;49;0;0,64;3641,09;5721,72;3185,96;
2026-03-17;2026-03-10;RSV;2015/2016;1081;Nordjylland;02. 6-11 måneder;Alle;3004;58;63;33;29;0;0,57;1098,54;1930,76;965,38;
2026-03-17;2026-03-10;RSV;2015/2016;1081;Nordjylland;02. 6-11 måneder;K;1465;21;22;10;7;0;0,48;682,59;1433,45;477,82;
2026-03-17;2026-03-10;RSV;2015/2016;1081;Nordjylland;02. 6-11 måneder;M;1539;37;41;23;22;0;0,62;1494,48;2404,16;1429,50;
2026-03-17;2026-03-10;RSV;2015/2016;1081;Nordjylland;03. 1 år;Alle;5718;80;86;46;34;0;0,58;804,48;1399,09;594,61;
2026-03-17;2026-03-10;RSV;2015/2016;1081;Nordjylland;03. 1 år;K;2858;39;43;24;15;0;0,62;839,75;1364,59;524,84;
2026-03-17;2026-03-10;RSV;2015/2016;1081;Nordjylland;03. 1 år;M;2860;41;43;22;19;0;0,54;769,23;1433,57;664,34;
2026-03-17;2026-03-10;RSV;2015/2016;1081;Nordjylland;04. 2 år;Alle;5641;16;16;7;5;0;0,44;124,09;283,64;88,64;
2026-03-17;2026-03-10;RSV;2015/2016;1081;Nordjylland;04. 2 år;K;2703;7;7;2;2;0;0,29;73,99;258,97;73,99;
2026-03-17;2026-03-10;RSV;2015/2016;1081;Nordjylland;04. 2 år;M;2938;9;9;5;3;0;0,56;170,18;306,33;102,11;
2026-03-17;2026-03-10;RSV;2015/2016;1081;Nordjylland;05. 3-5 år;Alle;18329;18;25;11;5;0;0,61;60,01;98,21;27,28;
2026-03-17;2026-03-10;RSV;2015/2016;1081;Nordjylland;05. 3-5 år;K;8969;8;10;6;3;0;0,75;66,90;89,20;33,45;
2026-03-17;2026-03-10;RSV;2015/2016;1081;Nordjylland;05. 3-5 år;M;9360;10;15;5;2;0;0,50;53,42;106,84;21,37;
2026-03-17;2026-03-10;RSV;2015/2016;1081;Nordjylland;06. 6-14 år;Alle;61801;18;18;4;1;0;0,22;6,47;29,13;1,62;
2026-03-17;2026-03-10;RSV;2015/2016;1081;Nordjylland;06. 6-14 år;K;29958;9;9;2;0;0;0,22;6,68;30,04;0,00;
2026-03-17;2026-03-10;RSV;2015/2016;1081;Nordjylland;06. 6-14 år;M;31843;9;9;2;1;0;0,22;6,28;28,26;3,14;
2026-03-17;2026-03-10;RSV;2015/2016;1081;Nordjylland;07. 15-44 år;Alle;214852;19;21;3;2;0;0,16;1,40;8,84;0,93;
2026-03-17;2026-03-10;RSV;2015/2016;1081;Nordjylland;07. 15-44 år;K;103459;10;11;2;2;0;0,20;1,93;9,67;1,93;
2026-03-17;2026-03-10;RSV;2015/2016;1081;Nordjylland;07. 15-44 år;M;111393;9;10;1;0;0;0,11;0,90;8,08;0,00;
2026-03-17;2026-03-10;RSV;2015/2016;1081;Nordjylland;08. 45-64 år;Alle;154199;25;36;2;2;0;0,08;1,30;16,21;1,30;
2026-03-17;2026-03-10;RSV;2015/2016;1081;Nordjylland;08. 45-64 år;K;77202;12;19;1;1;0;0,08;1,30;15,54;1,30;
2026-03-17;2026-03-10;RSV;2015/2016;1081;Nordjylland;08. 45-64 år;M;76997;13;17;1;1;0;0,08;1,30;16,88;1,30;
2026-03-17;2026-03-10;RSV;2015/2016;1081;Nordjylland;09. 65-74 år;Alle;61652;17;19;0;0;0;0,00;0,00;27,57;0,00;
2026-03-17;2026-03-10;RSV;2015/2016;1081;Nordjylland;09. 65-74 år;K;31817;7;7;0;0;0;0,00;0,00;22,00;0,00;
2026-03-17;2026-03-10;RSV;2015/2016;1081;Nordjylland;09. 65-74 år;M;29835;10;12;0;0;0;0,00;0,00;33,52;0,00;
2026-03-17;2026-03-10;RSV;2015/2016;1081;Nordjylland;10. 75-84 år;Alle;24241;2;2;0;0;0;0,00;0,00;8,25;0,00;
2026-03-17;2026-03-10;RSV;2015/2016;1081;Nordjylland;10. 75-84 år;K;13821;1;1;0;0;0;0,00;0,00;7,24;0,00;
2026-03-17;2026-03-10;RSV;2015/2016;1081;Nordjylland;10. 75-84 år;M;10420;1;1;0;0;0;0,00;0,00;9,60;0,00;
2026-03-17;2026-03-10;RSV;2015/2016;1081;Nordjylland;11. 85+ år;Alle;3763;0;0;0;0;0;0,00;0,00;0,00;0,00;
2026-03-17;2026-03-10;RSV;2015/2016;1081;Nordjylland;11. 85+ år;K;2627;0;0;0;0;0;0,00;0,00;0,00;0,00;
2026-03-17;2026-03-10;RSV;2015/2016;1081;Nordjylland;11. 85+ år;M;1136;0;0;0;0;0;0,00;0,00;0,00;0,00;
2026-03-17;2026-03-10;RSV;2015/2016;1081;Nordjylland;Alle;Alle;556178;406;446;205;165;0;0,50;36,86;73,00;29,67;
2026-03-17;2026-03-10;RSV;2015/2016;1081;Nordjylland;Alle;K;276319;179;198;90;68;0;0,50;32,57;64,78;24,61;
2026-03-17;2026-03-10;RSV;2015/2016;1081;Nordjylland;Alle;M;279859;227;248;115;97;0;0,51;41,09;81,11;34,66;
2026-03-17;2026-03-10;RSV;2015/2016;1085;Sjælland;01. 0-5 måneder;Alle;4204;97;100;57;41;0;0,59;1355,85;2307,33;975,26;
2026-03-17;2026-03-10;RSV;2015/2016;1085;Sjælland;01. 0-5 måneder;K;2003;43;45;22;18;0;0,51;1098,35;2146,78;898,65;
2026-03-17;2026-03-10;RSV;2015/2016;1085;Sjælland;01. 0-5 måneder;M;2201;54;55;35;23;0;0,65;1590,19;2453,43;1044,98;
2026-03-17;2026-03-10;RSV;2015/2016;1085;Sjælland;02. 6-11 måneder;Alle;4441;39;53;13;7;0;0,33;292,73;878,18;157,62;
2026-03-17;2026-03-10;RSV;2015/2016;1085;Sjælland;02. 6-11 måneder;K;2167;15;25;7;3;0;0,47;323,03;692,20;138,44;
2026-03-17;2026-03-10;RSV;2015/2016;1085;Sjælland;02. 6-11 måneder;M;2274;24;28;6;4;0;0,25;263,85;1055,41;175,90;
2026-03-17;2026-03-10;RSV;2015/2016;1085;Sjælland;03. 1 år;Alle;8382;49;53;22;9;0;0,45;262,47;584,59;107,37;
2026-03-17;2026-03-10;RSV;2015/2016;1085;Sjælland;03. 1 år;K;4027;26;30;13;4;0;0,50;322,82;645,64;99,33;
2026-03-17;2026-03-10;RSV;2015/2016;1085;Sjælland;03. 1 år;M;4355;23;23;9;5;0;0,39;206,66;528,13;114,81;
2026-03-17;2026-03-10;RSV;2015/2016;1085;Sjælland;04. 2 år;Alle;8228;22;43;10;7;0;0,45;121,54;267,38;85,08;
2026-03-17;2026-03-10;RSV;2015/2016;1085;Sjælland;04. 2 år;K;4010;8;8;4;2;0;0,50;99,75;199,50;49,88;
2026-03-17;2026-03-10;RSV;2015/2016;1085;Sjælland;04. 2 år;M;4218;14;35;6;5;0;0,43;142,25;331,91;118,54;
2026-03-17;2026-03-10;RSV;2015/2016;1085;Sjælland;05. 3-5 år;Alle;26720;30;34;4;2;0;0,13;14,97;112,28;7,49;
2026-03-17;2026-03-10;RSV;2015/2016;1085;Sjælland;05. 3-5 år;K;12992;15;19;2;1;0;0,13;15,39;115,46;7,70;
2026-03-17;2026-03-10;RSV;2015/2016;1085;Sjælland;05. 3-5 år;M;13728;15;15;2;1;0;0,13;14,57;109,27;7,28;
2026-03-17;2026-03-10;RSV;2015/2016;1085;Sjælland;06. 6-14 år;Alle;91394;70;77;2;1;0;0,03;2,19;76,59;1,09;
2026-03-17;2026-03-10;RSV;2015/2016;1085;Sjælland;06. 6-14 år;K;44117;38;44;1;1;0;0,03;2,27;86,13;2,27;
2026-03-17;2026-03-10;RSV;2015/2016;1085;Sjælland;06. 6-14 år;M;47277;32;33;1;0;0;0,03;2,12;67,69;0,00;
2026-03-17;2026-03-10;RSV;2015/2016;1085;Sjælland;07. 15-44 år;Alle;281524;204;244;8;5;0;0,04;2,84;72,46;1,78;
2026-03-17;2026-03-10;RSV;2015/2016;1085;Sjælland;07. 15-44 år;K;138814;105;121;6;3;0;0,06;4,32;75,64;2,16;
2026-03-17;2026-03-10;RSV;2015/2016;1085;Sjælland;07. 15-44 år;M;142710;99;123;2;2;0;0,02;1,40;69,37;1,40;
2026-03-17;2026-03-10;RSV;2015/2016;1085;Sjælland;08. 45-64 år;Alle;235203;329;407;17;10;1;0,05;7,23;139,88;4,25;
2026-03-17;2026-03-10;RSV;2015/2016;1085;Sjælland;08. 45-64 år;K;118647;155;190;11;7;1;0,07;9,27;130,64;5,90;
2026-03-17;2026-03-10;RSV;2015/2016;1085;Sjælland;08. 45-64 år;M;116556;174;217;6;3;0;0,03;5,15;149,28;2,57;
2026-03-17;2026-03-10;RSV;2015/2016;1085;Sjælland;09. 65-74 år;Alle;95199;266;329;23;20;1;0,09;24,16;279,41;21,01;
2026-03-17;2026-03-10;RSV;2015/2016;1085;Sjælland;09. 65-74 år;K;50105;132;165;9;8;0;0,07;17,96;263,45;15,97;
2026-03-17;2026-03-10;RSV;2015/2016;1085;Sjælland;09. 65-74 år;M;45094;134;164;14;12;1;0,10;31,05;297,16;26,61;
2026-03-17;2026-03-10;RSV;2015/2016;1085;Sjælland;10. 75-84 år;Alle;34386;174;201;13;11;1;0,07;37,81;506,02;31,99;
2026-03-17;2026-03-10;RSV;2015/2016;1085;Sjælland;10. 75-84 år;K;19790;74;78;9;7;0;0,12;45,48;373,93;35,37;
2026-03-17;2026-03-10;RSV;2015/2016;1085;Sjælland;10. 75-84 år;M;14596;100;123;4;4;1;0,04;27,40;685,12;27,40;
2026-03-17;2026-03-10;RSV;2015/2016;1085;Sjælland;11. 85+ år;Alle;4868;63;71;5;5;1;0,08;102,71;1294,17;102,71;
2026-03-17;2026-03-10;RSV;2015/2016;1085;Sjælland;11. 85+ år;K;3459;42;48;4;4;1;0,10;115,64;1214,22;115,64;
2026-03-17;2026-03-10;RSV;2015/2016;1085;Sjælland;11. 85+ år;M;1409;21;23;1;1;0;0,05;70,97;1490,42;70,97;
2026-03-17;2026-03-10;RSV;2015/2016;1085;Sjælland;Alle;Alle;794549;1343;1612;174;118;4;0,13;21,90;169,03;14,85;
2026-03-17;2026-03-10;RSV;2015/2016;1085;Sjælland;Alle;K;400131;653;773;88;58;2;0,13;21,99;163,20;14,50;
2026-03-17;2026-03-10;RSV;2015/2016;1085;Sjælland;Alle;M;394418;690;839;86;60;2;0,12;21,80;174,94;15,21;
2026-03-17;2026-03-10;RSV;2015/2016;1083;Syddanmark;01. 0-5 måneder;Alle;6309;168;176;86;70;0;0,51;1363,13;2662,86;1109,53;
2026-03-17;2026-03-10;RSV;2015/2016;1083;Syddanmark;01. 0-5 måneder;K;3078;77;80;38;30;0;0,49;1234,57;2501,62;974,66;
2026-03-17;2026-03-10;RSV;2015/2016;1083;Syddanmark;01. 0-5 måneder;M;3231;91;96;48;40;0;0,53;1485,61;2816,47;1238,01;
2026-03-17;2026-03-10;RSV;2015/2016;1083;Syddanmark;02. 6-11 måneder;Alle;6423;61;66;24;11;0;0,39;373,66;949,71;171,26;
2026-03-17;2026-03-10;RSV;2015/2016;1083;Syddanmark;02. 6-11 måneder;K;3143;25;28;9;4;0;0,36;286,35;795,42;127,27;
2026-03-17;2026-03-10;RSV;2015/2016;1083;Syddanmark;02. 6-11 måneder;M;3280;36;38;15;7;0;0,42;457,32;1097,56;213,41;
2026-03-17;2026-03-10;RSV;2015/2016;1083;Syddanmark;03. 1 år;Alle;12377;98;106;29;15;0;0,30;234,31;791,79;121,19;
2026-03-17;2026-03-10;RSV;2015/2016;1083;Syddanmark;03. 1 år;K;5981;44;49;16;8;0;0,36;267,51;735,66;133,76;
2026-03-17;2026-03-10;RSV;2015/2016;1083;Syddanmark;03. 1 år;M;6396;54;57;13;7;0;0,24;203,25;844,28;109,44;
2026-03-17;2026-03-10;RSV;2015/2016;1083;Syddanmark;04. 2 år;Alle;12407;22;25;7;2;0;0,32;56,42;177,32;16,12;
2026-03-17;2026-03-10;RSV;2015/2016;1083;Syddanmark;04. 2 år;K;6024;7;7;3;2;0;0,43;49,80;116,20;33,20;
2026-03-17;2026-03-10;RSV;2015/2016;1083;Syddanmark;04. 2 år;M;6383;15;18;4;0;0;0,27;62,67;235,00;0,00;
2026-03-17;2026-03-10;RSV;2015/2016;1083;Syddanmark;05. 3-5 år;Alle;39880;62;74;10;0;0;0,16;25,08;155,47;0,00;
2026-03-17;2026-03-10;RSV;2015/2016;1083;Syddanmark;05. 3-5 år;K;19383;26;35;4;0;0;0,15;20,64;134,14;0,00;
2026-03-17;2026-03-10;RSV;2015/2016;1083;Syddanmark;05. 3-5 år;M;20497;36;39;6;0;0;0,17;29,27;175,64;0,00;
2026-03-17;2026-03-10;RSV;2015/2016;1083;Syddanmark;06. 6-14 år;Alle;133697;58;80;5;1;0;0,09;3,74;43,38;0,75;
2026-03-17;2026-03-10;RSV;2015/2016;1083;Syddanmark;06. 6-14 år;K;65425;21;26;4;1;0;0,19;6,11;32,10;1,53;
2026-03-17;2026-03-10;RSV;2015/2016;1083;Syddanmark;06. 6-14 år;M;68272;37;54;1;0;0;0,03;1,46;54,19;0,00;
2026-03-17;2026-03-10;RSV;2015/2016;1083;Syddanmark;07. 15-44 år;Alle;435730;107;129;9;2;0;0,08;2,07;24,56;0,46;
2026-03-17;2026-03-10;RSV;2015/2016;1083;Syddanmark;07. 15-44 år;K;213303;67;75;4;1;0;0,06;1,88;31,41;0,47;
2026-03-17;2026-03-10;RSV;2015/2016;1083;Syddanmark;07. 15-44 år;M;222427;40;54;5;1;0;0,13;2,25;17,98;0,45;
2026-03-17;2026-03-10;RSV;2015/2016;1083;Syddanmark;08. 45-64 år;Alle;324230;188;246;11;5;1;0,06;3,39;57,98;1,54;
2026-03-17;2026-03-10;RSV;2015/2016;1083;Syddanmark;08. 45-64 år;K;162453;99;127;5;1;0;0,05;3,08;60,94;0,62;
2026-03-17;2026-03-10;RSV;2015/2016;1083;Syddanmark;08. 45-64 år;M;161777;89;119;6;4;1;0,07;3,71;55,01;2,47;
2026-03-17;2026-03-10;RSV;2015/2016;1083;Syddanmark;09. 65-74 år;Alle;126153;136;201;13;7;1;0,10;10,30;107,81;5,55;
2026-03-17;2026-03-10;RSV;2015/2016;1083;Syddanmark;09. 65-74 år;K;65851;52;78;7;3;1;0,13;10,63;78,97;4,56;
2026-03-17;2026-03-10;RSV;2015/2016;1083;Syddanmark;09. 65-74 år;M;60302;84;123;6;4;0;0,07;9,95;139,30;6,63;
2026-03-17;2026-03-10;RSV;2015/2016;1083;Syddanmark;10. 75-84 år;Alle;50838;72;104;2;1;0;0,03;3,93;141,63;1,97;
2026-03-17;2026-03-10;RSV;2015/2016;1083;Syddanmark;10. 75-84 år;K;29337;37;52;2;1;0;0,05;6,82;126,12;3,41;
2026-03-17;2026-03-10;RSV;2015/2016;1083;Syddanmark;10. 75-84 år;M;21501;35;52;0;0;0;0,00;0,00;162,78;0,00;
2026-03-17;2026-03-10;RSV;2015/2016;1083;Syddanmark;11. 85+ år;Alle;7877;20;27;2;0;0;0,10;25,39;253,90;0,00;
2026-03-17;2026-03-10;RSV;2015/2016;1083;Syddanmark;11. 85+ år;K;5635;11;16;1;0;0;0,09;17,75;195,21;0,00;
2026-03-17;2026-03-10;RSV;2015/2016;1083;Syddanmark;11. 85+ år;M;2242;9;11;1;0;0;0,11;44,60;401,43;0,00;
2026-03-17;2026-03-10;RSV;2015/2016;1083;Syddanmark;Alle;Alle;1155921;992;1234;198;114;2;0,20;17,13;85,82;9,86;
2026-03-17;2026-03-10;RSV;2015/2016;1083;Syddanmark;Alle;K;579613;466;573;93;51;1;0,20;16,05;80,40;8,80;
2026-03-17;2026-03-10;RSV;2015/2016;1083;Syddanmark;Alle;M;576308;526;661;105;63;1;0,20;18,22;91,27;10,93;
2026-03-17;2026-03-10;RSV;2016/2017;9999;Alle;01. 0-5 måneder;Alle;30282;2435;2732;999;686;0;0,41;3298,99;8041,08;2265,37;
2026-03-17;2026-03-10;RSV;2016/2017;9999;Alle;01. 0-5 måneder;K;14750;1077;942;456;299;0;0,42;3091,53;7301,69;2027,12;
2026-03-17;2026-03-10;RSV;2016/2017;9999;Alle;01. 0-5 måneder;M;15532;1358;1155;543;387;0;0,40;3496,01;8743,24;2491,63;
2026-03-17;2026-03-10;RSV;2016/2017;9999;Alle;02. 6-11 måneder;Alle;33138;873;1030;342;177;1;0,39;1032,05;2634,44;534,13;
2026-03-17;2026-03-10;RSV;2016/2017;9999;Alle;02. 6-11 måneder;K;15967;378;343;163;69;1;0,43;1020,86;2367,38;432,14;
2026-03-17;2026-03-10;RSV;2016/2017;9999;Alle;02. 6-11 måneder;M;17171;495;451;179;108;0;0,36;1042,46;2882,77;628,97;
2026-03-17;2026-03-10;RSV;2016/2017;9999;Alle;03. 1 år;Alle;61180;1122;1327;398;221;1;0,35;650,54;1833,93;361,23;
2026-03-17;2026-03-10;RSV;2016/2017;9999;Alle;03. 1 år;K;29774;461;426;173;97;0;0,38;581,04;1548,33;325,79;
2026-03-17;2026-03-10;RSV;2016/2017;9999;Alle;03. 1 år;M;31406;661;604;225;124;1;0,34;716,42;2104,69;394,83;
2026-03-17;2026-03-10;RSV;2016/2017;9999;Alle;04. 2 år;Alle;59556;389;476;118;44;0;0,30;198,13;653,17;73,88;
2026-03-17;2026-03-10;RSV;2016/2017;9999;Alle;04. 2 år;K;28947;191;197;60;19;0;0,31;207,28;659,83;65,64;
2026-03-17;2026-03-10;RSV;2016/2017;9999;Alle;04. 2 år;M;30609;198;200;58;25;0;0,29;189,49;646,87;81,68;
2026-03-17;2026-03-10;RSV;2016/2017;9999;Alle;05. 3-5 år;Alle;181981;616;806;85;27;0;0,14;46,71;338,50;14,84;
2026-03-17;2026-03-10;RSV;2016/2017;9999;Alle;05. 3-5 år;K;88782;312;349;46;15;0;0,15;51,81;351,42;16,90;
2026-03-17;2026-03-10;RSV;2016/2017;9999;Alle;05. 3-5 år;M;93199;304;313;39;12;0;0,13;41,85;326,18;12,88;
2026-03-17;2026-03-10;RSV;2016/2017;9999;Alle;06. 6-14 år;Alle;615855;909;1057;59;18;1;0,06;9,58;147,60;2,92;
2026-03-17;2026-03-10;RSV;2016/2017;9999;Alle;06. 6-14 år;K;300489;429;377;24;8;0;0,06;7,99;142,77;2,66;
2026-03-17;2026-03-10;RSV;2016/2017;9999;Alle;06. 6-14 år;M;315366;480;432;35;10;1;0,07;11,10;152,20;3,17;
2026-03-17;2026-03-10;RSV;2016/2017;9999;Alle;07. 15-44 år;Alle;2235655;3454;3799;124;49;3;0,04;5,55;154,50;2,19;
2026-03-17;2026-03-10;RSV;2016/2017;9999;Alle;07. 15-44 år;K;1107247;2046;1579;74;24;2;0,04;6,68;184,78;2,17;
2026-03-17;2026-03-10;RSV;2016/2017;9999;Alle;07. 15-44 år;M;1128408;1408;1047;50;25;1;0,04;4,43;124,78;2,22;
2026-03-17;2026-03-10;RSV;2016/2017;9999;Alle;08. 45-64 år;Alle;1481617;3360;3911;189;107;4;0,06;12,76;226,78;7,22;
2026-03-17;2026-03-10;RSV;2016/2017;9999;Alle;08. 45-64 år;K;745343;1759;1870;107;56;2;0,06;14,36;236,00;7,51;
2026-03-17;2026-03-10;RSV;2016/2017;9999;Alle;08. 45-64 år;M;736274;1601;1747;82;51;2;0,05;11,14;217,45;6,93;
2026-03-17;2026-03-10;RSV;2016/2017;9999;Alle;09. 65-74 år;Alle;579600;2523;3108;151;109;5;0,06;26,05;435,30;18,81;
2026-03-17;2026-03-10;RSV;2016/2017;9999;Alle;09. 65-74 år;K;305242;1267;1449;77;50;2;0,06;25,23;415,08;16,38;
2026-03-17;2026-03-10;RSV;2016/2017;9999;Alle;09. 65-74 år;M;274358;1256;1544;74;59;3;0,06;26,97;457,80;21,50;
2026-03-17;2026-03-10;RSV;2016/2017;9999;Alle;10. 75-84 år;Alle;245532;1909;2269;127;108;16;0,07;51,72;777,50;43,99;
2026-03-17;2026-03-10;RSV;2016/2017;9999;Alle;10. 75-84 år;K;141132;913;1059;68;55;8;0,07;48,18;646,91;38,97;
2026-03-17;2026-03-10;RSV;2016/2017;9999;Alle;10. 75-84 år;M;104400;996;1147;59;53;8;0,06;56,51;954,02;50,77;
2026-03-17;2026-03-10;RSV;2016/2017;9999;Alle;11. 85+ år;Alle;43372;911;1035;62;58;12;0,07;142,95;2100,43;133,73;
2026-03-17;2026-03-10;RSV;2016/2017;9999;Alle;11. 85+ år;K;30598;514;558;40;36;9;0,08;130,73;1679,85;117,65;
2026-03-17;2026-03-10;RSV;2016/2017;9999;Alle;11. 85+ år;M;12774;397;451;22;22;3;0,06;172,22;3107,88;172,22;
2026-03-17;2026-03-10;RSV;2016/2017;9999;Alle;Alle;Alle;5567768;18501;21550;2654;1604;43;0,14;47,67;332,29;28,81;
2026-03-17;2026-03-10;RSV;2016/2017;9999;Alle;Alle;K;2808271;9347;9149;1288;728;24;0,14;45,86;332,84;25,92;
2026-03-17;2026-03-10;RSV;2016/2017;9999;Alle;Alle;M;2759497;9154;9091;1366;876;19;0,15;49,50;331,73;31,74;
2026-03-17;2026-03-10;RSV;2016/2017;1084;Hovedstaden;01. 0-5 måneder;Alle;9935;1088;1215;459;279;0;0,42;4620,03;10951,18;2808,25;
2026-03-17;2026-03-10;RSV;2016/2017;1084;Hovedstaden;01. 0-5 måneder;K;4861;511;568;221;128;0;0,43;4546,39;10512,24;2633,20;
2026-03-17;2026-03-10;RSV;2016/2017;1084;Hovedstaden;01. 0-5 måneder;M;5074;577;647;238;151;0;0,41;4690,58;11371,70;2975,96;
2026-03-17;2026-03-10;RSV;2016/2017;1084;Hovedstaden;02. 6-11 måneder;Alle;10657;355;416;147;67;0;0,41;1379,38;3331,14;628,69;
2026-03-17;2026-03-10;RSV;2016/2017;1084;Hovedstaden;02. 6-11 måneder;K;5158;161;184;74;25;0;0,46;1434,66;3121,36;484,68;
2026-03-17;2026-03-10;RSV;2016/2017;1084;Hovedstaden;02. 6-11 måneder;M;5499;194;232;73;42;0;0,38;1327,51;3527,91;763,78;
2026-03-17;2026-03-10;RSV;2016/2017;1084;Hovedstaden;03. 1 år;Alle;19589;435;514;144;70;0;0,33;735,11;2220,63;357,34;
2026-03-17;2026-03-10;RSV;2016/2017;1084;Hovedstaden;03. 1 år;K;9557;185;231;64;31;0;0,35;669,67;1935,75;324,37;
2026-03-17;2026-03-10;RSV;2016/2017;1084;Hovedstaden;03. 1 år;M;10032;250;283;80;39;0;0,32;797,45;2492,03;388,76;
2026-03-17;2026-03-10;RSV;2016/2017;1084;Hovedstaden;04. 2 år;Alle;19158;172;217;47;13;0;0,27;245,33;897,80;67,86;
2026-03-17;2026-03-10;RSV;2016/2017;1084;Hovedstaden;04. 2 år;K;9301;82;101;24;4;0;0,29;258,04;881,63;43,01;
2026-03-17;2026-03-10;RSV;2016/2017;1084;Hovedstaden;04. 2 år;M;9857;90;116;23;9;0;0,26;233,34;913,06;91,31;
2026-03-17;2026-03-10;RSV;2016/2017;1084;Hovedstaden;05. 3-5 år;Alle;57756;314;402;37;9;0;0,12;64,06;543,67;15,58;
2026-03-17;2026-03-10;RSV;2016/2017;1084;Hovedstaden;05. 3-5 år;K;28189;160;222;19;3;0;0,12;67,40;567,60;10,64;
2026-03-17;2026-03-10;RSV;2016/2017;1084;Hovedstaden;05. 3-5 år;M;29567;154;180;18;6;0;0,12;60,88;520,85;20,29;
2026-03-17;2026-03-10;RSV;2016/2017;1084;Hovedstaden;06. 6-14 år;Alle;184973;457;500;29;5;0;0,06;15,68;247,06;2,70;
2026-03-17;2026-03-10;RSV;2016/2017;1084;Hovedstaden;06. 6-14 år;K;90280;211;237;12;3;0;0,06;13,29;233,72;3,32;
2026-03-17;2026-03-10;RSV;2016/2017;1084;Hovedstaden;06. 6-14 år;M;94693;246;263;17;2;0;0,07;17,95;259,79;2,11;
2026-03-17;2026-03-10;RSV;2016/2017;1084;Hovedstaden;07. 15-44 år;Alle;793850;1712;1876;68;27;1;0,04;8,57;215,66;3,40;
2026-03-17;2026-03-10;RSV;2016/2017;1084;Hovedstaden;07. 15-44 år;K;400964;1049;1156;42;14;0;0,04;10,47;261,62;3,49;
2026-03-17;2026-03-10;RSV;2016/2017;1084;Hovedstaden;07. 15-44 år;M;392886;663;720;26;13;1;0,04;6,62;168,75;3,31;
2026-03-17;2026-03-10;RSV;2016/2017;1084;Hovedstaden;08. 45-64 år;Alle;428044;1951;2196;103;51;2;0,05;24,06;455,79;11,91;
2026-03-17;2026-03-10;RSV;2016/2017;1084;Hovedstaden;08. 45-64 år;K;217056;1060;1193;63;31;1;0,06;29,02;488,35;14,28;
2026-03-17;2026-03-10;RSV;2016/2017;1084;Hovedstaden;08. 45-64 år;M;210988;891;1003;40;20;1;0,04;18,96;422,30;9,48;
2026-03-17;2026-03-10;RSV;2016/2017;1084;Hovedstaden;09. 65-74 år;Alle;158016;1506;1758;83;60;2;0,06;52,53;953,07;37,97;
2026-03-17;2026-03-10;RSV;2016/2017;1084;Hovedstaden;09. 65-74 år;K;86161;786;894;47;31;1;0,06;54,55;912,25;35,98;
2026-03-17;2026-03-10;RSV;2016/2017;1084;Hovedstaden;09. 65-74 år;M;71855;720;864;36;29;1;0,05;50,10;1002,02;40,36;
2026-03-17;2026-03-10;RSV;2016/2017;1084;Hovedstaden;10. 75-84 år;Alle;67124;1207;1400;66;58;10;0,05;98,33;1798,16;86,41;
2026-03-17;2026-03-10;RSV;2016/2017;1084;Hovedstaden;10. 75-84 år;K;40079;598;694;41;36;6;0,07;102,30;1492,05;89,82;
2026-03-17;2026-03-10;RSV;2016/2017;1084;Hovedstaden;10. 75-84 år;M;27045;609;706;25;22;4;0,04;92,44;2251,80;81,35;
2026-03-17;2026-03-10;RSV;2016/2017;1084;Hovedstaden;11. 85+ år;Alle;12377;702;802;48;46;8;0,07;387,82;5671,81;371,66;
2026-03-17;2026-03-10;RSV;2016/2017;1084;Hovedstaden;11. 85+ år;K;9081;406;454;31;29;6;0,08;341,37;4470,87;319,35;
2026-03-17;2026-03-10;RSV;2016/2017;1084;Hovedstaden;11. 85+ år;M;3296;296;348;17;17;2;0,06;515,78;8980,58;515,78;
2026-03-17;2026-03-10;RSV;2016/2017;1084;Hovedstaden;Alle;Alle;1761479;9899;11296;1231;685;23;0,12;69,88;561,97;38,89;
2026-03-17;2026-03-10;RSV;2016/2017;1084;Hovedstaden;Alle;K;900687;5209;5934;638;335;14;0,12;70,83;578,34;37,19;
2026-03-17;2026-03-10;RSV;2016/2017;1084;Hovedstaden;Alle;M;860792;4690;5362;593;350;9;0,13;68,89;544,85;40,66;
2026-03-17;2026-03-10;RSV;2016/2017;1082;Midtjylland;01. 0-5 måneder;Alle;7100;164;184;40;30;0;0,24;563,38;2309,86;422,54;
2026-03-17;2026-03-10;RSV;2016/2017;1082;Midtjylland;01. 0-5 måneder;K;3454;67;72;16;11;0;0,24;463,23;1939,78;318,47;
2026-03-17;2026-03-10;RSV;2016/2017;1082;Midtjylland;01. 0-5 måneder;M;3646;97;112;24;19;0;0,25;658,26;2660,45;521,12;
2026-03-17;2026-03-10;RSV;2016/2017;1082;Midtjylland;02. 6-11 måneder;Alle;7855;71;77;12;4;0;0,17;152,77;903,88;50,92;
2026-03-17;2026-03-10;RSV;2016/2017;1082;Midtjylland;02. 6-11 måneder;K;3787;27;30;4;0;0;0,15;105,62;712,97;0,00;
2026-03-17;2026-03-10;RSV;2016/2017;1082;Midtjylland;02. 6-11 måneder;M;4068;44;47;8;4;0;0,18;196,66;1081,61;98,33;
2026-03-17;2026-03-10;RSV;2016/2017;1082;Midtjylland;03. 1 år;Alle;14321;120;130;29;13;0;0,24;202,50;837,93;90,78;
2026-03-17;2026-03-10;RSV;2016/2017;1082;Midtjylland;03. 1 år;K;6960;43;46;9;5;0;0,21;129,31;617,82;71,84;
2026-03-17;2026-03-10;RSV;2016/2017;1082;Midtjylland;03. 1 år;M;7361;77;84;20;8;0;0,26;271,70;1046,05;108,68;
2026-03-17;2026-03-10;RSV;2016/2017;1082;Midtjylland;04. 2 år;Alle;13936;45;54;14;6;0;0,31;100,46;322,90;43,05;
2026-03-17;2026-03-10;RSV;2016/2017;1082;Midtjylland;04. 2 år;K;6794;22;27;6;4;0;0,27;88,31;323,82;58,88;
2026-03-17;2026-03-10;RSV;2016/2017;1082;Midtjylland;04. 2 år;M;7142;23;27;8;2;0;0,35;112,01;322,04;28,00;
2026-03-17;2026-03-10;RSV;2016/2017;1082;Midtjylland;05. 3-5 år;Alle;42856;46;69;8;5;0;0,17;18,67;107,34;11,67;
2026-03-17;2026-03-10;RSV;2016/2017;1082;Midtjylland;05. 3-5 år;K;21030;27;41;6;4;0;0,22;28,53;128,39;19,02;
2026-03-17;2026-03-10;RSV;2016/2017;1082;Midtjylland;05. 3-5 år;M;21826;19;28;2;1;0;0,11;9,16;87,05;4,58;
2026-03-17;2026-03-10;RSV;2016/2017;1082;Midtjylland;06. 6-14 år;Alle;145700;34;43;1;0;0;0,03;0,69;23,34;0,00;
2026-03-17;2026-03-10;RSV;2016/2017;1082;Midtjylland;06. 6-14 år;K;71301;13;14;0;0;0;0,00;0,00;18,23;0,00;
2026-03-17;2026-03-10;RSV;2016/2017;1082;Midtjylland;06. 6-14 år;M;74399;21;29;1;0;0;0,05;1,34;28,23;0,00;
2026-03-17;2026-03-10;RSV;2016/2017;1082;Midtjylland;07. 15-44 år;Alle;515419;40;55;1;1;1;0,03;0,19;7,76;0,19;
2026-03-17;2026-03-10;RSV;2016/2017;1082;Midtjylland;07. 15-44 år;K;254049;19;22;1;1;1;0,05;0,39;7,48;0,39;
2026-03-17;2026-03-10;RSV;2016/2017;1082;Midtjylland;07. 15-44 år;M;261370;21;33;0;0;0;0,00;0,00;8,03;0,00;
2026-03-17;2026-03-10;RSV;2016/2017;1082;Midtjylland;08. 45-64 år;Alle;332476;156;194;8;7;1;0,05;2,41;46,92;2,11;
2026-03-17;2026-03-10;RSV;2016/2017;1082;Midtjylland;08. 45-64 år;K;166857;66;76;5;4;1;0,08;3,00;39,55;2,40;
2026-03-17;2026-03-10;RSV;2016/2017;1082;Midtjylland;08. 45-64 år;M;165619;90;118;3;3;0;0,03;1,81;54,34;1,81;
2026-03-17;2026-03-10;RSV;2016/2017;1082;Midtjylland;09. 65-74 år;Alle;128970;135;199;10;9;0;0,07;7,75;104,68;6,98;
2026-03-17;2026-03-10;RSV;2016/2017;1082;Midtjylland;09. 65-74 år;K;66895;56;72;4;3;0;0,07;5,98;83,71;4,48;
2026-03-17;2026-03-10;RSV;2016/2017;1082;Midtjylland;09. 65-74 år;M;62075;79;127;6;6;0;0,08;9,67;127,27;9,67;
2026-03-17;2026-03-10;RSV;2016/2017;1082;Midtjylland;10. 75-84 år;Alle;53744;65;76;6;6;0;0,09;11,16;120,94;11,16;
2026-03-17;2026-03-10;RSV;2016/2017;1082;Midtjylland;10. 75-84 år;K;30409;30;34;3;3;0;0,10;9,87;98,66;9,87;
2026-03-17;2026-03-10;RSV;2016/2017;1082;Midtjylland;10. 75-84 år;M;23335;35;42;3;3;0;0,09;12,86;149,99;12,86;
2026-03-17;2026-03-10;RSV;2016/2017;1082;Midtjylland;11. 85+ år;Alle;9565;16;20;0;0;0;0,00;0,00;167,28;0,00;
2026-03-17;2026-03-10;RSV;2016/2017;1082;Midtjylland;11. 85+ år;K;6612;5;5;0;0;0;0,00;0,00;75,62;0,00;
2026-03-17;2026-03-10;RSV;2016/2017;1082;Midtjylland;11. 85+ år;M;2953;11;15;0;0;0;0,00;0,00;372,50;0,00;
2026-03-17;2026-03-10;RSV;2016/2017;1082;Midtjylland;Alle;Alle;1271942;892;1101;129;81;2;0,14;10,14;70,13;6,37;
2026-03-17;2026-03-10;RSV;2016/2017;1082;Midtjylland;Alle;K;638148;375;439;54;35;2;0,14;8,46;58,76;5,48;
2026-03-17;2026-03-10;RSV;2016/2017;1082;Midtjylland;Alle;M;633794;517;662;75;46;0;0,15;11,83;81,57;7,26;
2026-03-17;2026-03-10;RSV;2016/2017;1081;Nordjylland;01. 0-5 måneder;Alle;2902;138;147;66;59;0;0,48;2274,29;4755,34;2033,08;
2026-03-17;2026-03-10;RSV;2016/2017;1081;Nordjylland;01. 0-5 måneder;K;1413;51;53;23;19;0;0,45;1627,74;3609,34;1344,66;
2026-03-17;2026-03-10;RSV;2016/2017;1081;Nordjylland;01. 0-5 måneder;M;1489;87;94;43;40;0;0,49;2887,84;5842,85;2686,37;
2026-03-17;2026-03-10;RSV;2016/2017;1081;Nordjylland;02. 6-11 måneder;Alle;3202;58;68;29;22;0;0,50;905,68;1811,37;687,07;
2026-03-17;2026-03-10;RSV;2016/2017;1081;Nordjylland;02. 6-11 måneder;K;1525;25;30;13;11;0;0,52;852,46;1639,34;721,31;
2026-03-17;2026-03-10;RSV;2016/2017;1081;Nordjylland;02. 6-11 måneder;M;1677;33;38;16;11;0;0,48;954,08;1967,80;655,93;
2026-03-17;2026-03-10;RSV;2016/2017;1081;Nordjylland;03. 1 år;Alle;5954;79;91;39;32;0;0,49;655,02;1326,84;537,45;
2026-03-17;2026-03-10;RSV;2016/2017;1081;Nordjylland;03. 1 år;K;2891;27;30;11;9;0;0,41;380,49;933,93;311,31;
2026-03-17;2026-03-10;RSV;2016/2017;1081;Nordjylland;03. 1 år;M;3063;52;61;28;23;0;0,54;914,14;1697,68;750,90;
2026-03-17;2026-03-10;RSV;2016/2017;1081;Nordjylland;04. 2 år;Alle;5723;15;15;7;5;0;0,47;122,31;262,10;87,37;
2026-03-17;2026-03-10;RSV;2016/2017;1081;Nordjylland;04. 2 år;K;2857;10;10;4;2;0;0,40;140,01;350,02;70,00;
2026-03-17;2026-03-10;RSV;2016/2017;1081;Nordjylland;04. 2 år;M;2866;5;5;3;3;0;0,60;104,68;174,46;104,68;
2026-03-17;2026-03-10;RSV;2016/2017;1081;Nordjylland;05. 3-5 år;Alle;17599;32;42;3;1;0;0,09;17,05;181,83;5,68;
2026-03-17;2026-03-10;RSV;2016/2017;1081;Nordjylland;05. 3-5 år;K;8572;14;18;0;0;0;0,00;0,00;163,32;0,00;
2026-03-17;2026-03-10;RSV;2016/2017;1081;Nordjylland;05. 3-5 år;M;9027;18;24;3;1;0;0,17;33,23;199,40;11,08;
2026-03-17;2026-03-10;RSV;2016/2017;1081;Nordjylland;06. 6-14 år;Alle;60953;19;23;5;4;0;0,26;8,20;31,17;6,56;
2026-03-17;2026-03-10;RSV;2016/2017;1081;Nordjylland;06. 6-14 år;K;29580;9;9;1;1;0;0,11;3,38;30,43;3,38;
2026-03-17;2026-03-10;RSV;2016/2017;1081;Nordjylland;06. 6-14 år;M;31373;10;14;4;3;0;0,40;12,75;31,87;9,56;
2026-03-17;2026-03-10;RSV;2016/2017;1081;Nordjylland;07. 15-44 år;Alle;214466;23;29;2;0;0;0,09;0,93;10,72;0,00;
2026-03-17;2026-03-10;RSV;2016/2017;1081;Nordjylland;07. 15-44 år;K;103157;11;15;2;0;0;0,18;1,94;10,66;0,00;
2026-03-17;2026-03-10;RSV;2016/2017;1081;Nordjylland;07. 15-44 år;M;111309;12;14;0;0;0;0,00;0,00;10,78;0,00;
2026-03-17;2026-03-10;RSV;2016/2017;1081;Nordjylland;08. 45-64 år;Alle;155131;31;36;0;0;0;0,00;0,00;19,98;0,00;
2026-03-17;2026-03-10;RSV;2016/2017;1081;Nordjylland;08. 45-64 år;K;77566;11;13;0;0;0;0,00;0,00;14,18;0,00;
2026-03-17;2026-03-10;RSV;2016/2017;1081;Nordjylland;08. 45-64 år;M;77565;20;23;0;0;0;0,00;0,00;25,78;0,00;
2026-03-17;2026-03-10;RSV;2016/2017;1081;Nordjylland;09. 65-74 år;Alle;63966;17;22;2;0;0;0,12;3,13;26,58;0,00;
2026-03-17;2026-03-10;RSV;2016/2017;1081;Nordjylland;09. 65-74 år;K;32890;6;10;0;0;0;0,00;0,00;18,24;0,00;
2026-03-17;2026-03-10;RSV;2016/2017;1081;Nordjylland;09. 65-74 år;M;31076;11;12;2;0;0;0,18;6,44;35,40;0,00;
2026-03-17;2026-03-10;RSV;2016/2017;1081;Nordjylland;10. 75-84 år;Alle;27454;10;11;0;0;0;0,00;0,00;36,42;0,00;
2026-03-17;2026-03-10;RSV;2016/2017;1081;Nordjylland;10. 75-84 år;K;15446;6;7;0;0;0;0,00;0,00;38,85;0,00;
2026-03-17;2026-03-10;RSV;2016/2017;1081;Nordjylland;10. 75-84 år;M;12008;4;4;0;0;0;0,00;0,00;33,31;0,00;
2026-03-17;2026-03-10;RSV;2016/2017;1081;Nordjylland;11. 85+ år;Alle;4893;1;1;0;0;0;0,00;0,00;20,44;0,00;
2026-03-17;2026-03-10;RSV;2016/2017;1081;Nordjylland;11. 85+ år;K;3339;1;1;0;0;0;0,00;0,00;29,95;0,00;
2026-03-17;2026-03-10;RSV;2016/2017;1081;Nordjylland;11. 85+ år;M;1554;0;0;0;0;0;0,00;0,00;0,00;0,00;
2026-03-17;2026-03-10;RSV;2016/2017;1081;Nordjylland;Alle;Alle;562243;423;485;153;123;0;0,36;27,21;75,23;21,88;
2026-03-17;2026-03-10;RSV;2016/2017;1081;Nordjylland;Alle;K;279236;171;196;54;42;0;0,32;19,34;61,24;15,04;
2026-03-17;2026-03-10;RSV;2016/2017;1081;Nordjylland;Alle;M;283007;252;289;99;81;0;0,39;34,98;89,04;28,62;
2026-03-17;2026-03-10;RSV;2016/2017;1085;Sjælland;01. 0-5 måneder;Alle;4200;181;210;79;54;0;0,44;1880,95;4309,52;1285,71;
2026-03-17;2026-03-10;RSV;2016/2017;1085;Sjælland;01. 0-5 måneder;K;2006;85;93;37;26;0;0,44;1844,47;4237,29;1296,11;
2026-03-17;2026-03-10;RSV;2016/2017;1085;Sjælland;01. 0-5 måneder;M;2194;96;117;42;28;0;0,44;1914,31;4375,57;1276,21;
2026-03-17;2026-03-10;RSV;2016/2017;1085;Sjælland;02. 6-11 måneder;Alle;4740;76;92;35;21;0;0,46;738,40;1603,38;443,04;
2026-03-17;2026-03-10;RSV;2016/2017;1085;Sjælland;02. 6-11 måneder;K;2298;35;44;13;7;0;0,37;565,71;1523,06;304,61;
2026-03-17;2026-03-10;RSV;2016/2017;1085;Sjælland;02. 6-11 måneder;M;2442;41;48;22;14;0;0,54;900,90;1678,95;573,30;
2026-03-17;2026-03-10;RSV;2016/2017;1085;Sjælland;03. 1 år;Alle;8625;82;98;36;21;0;0,44;417,39;950,72;243,48;
2026-03-17;2026-03-10;RSV;2016/2017;1085;Sjælland;03. 1 år;K;4162;29;44;15;7;0;0,52;360,40;696,78;168,19;
2026-03-17;2026-03-10;RSV;2016/2017;1085;Sjælland;03. 1 år;M;4463;53;54;21;14;0;0,40;470,54;1187,54;313,69;
2026-03-17;2026-03-10;RSV;2016/2017;1085;Sjælland;04. 2 år;Alle;8372;29;35;8;3;0;0,28;95,56;346,39;35,83;
2026-03-17;2026-03-10;RSV;2016/2017;1085;Sjælland;04. 2 år;K;4017;10;15;3;2;0;0,30;74,68;248,94;49,79;
2026-03-17;2026-03-10;RSV;2016/2017;1085;Sjælland;04. 2 år;M;4355;19;20;5;1;0;0,26;114,81;436,28;22,96;
2026-03-17;2026-03-10;RSV;2016/2017;1085;Sjælland;05. 3-5 år;Alle;25471;43;54;6;1;0;0,14;23,56;168,82;3,93;
2026-03-17;2026-03-10;RSV;2016/2017;1085;Sjælland;05. 3-5 år;K;12423;22;26;4;1;0;0,18;32,20;177,09;8,05;
2026-03-17;2026-03-10;RSV;2016/2017;1085;Sjælland;05. 3-5 år;M;13048;21;28;2;0;0;0,10;15,33;160,94;0,00;
2026-03-17;2026-03-10;RSV;2016/2017;1085;Sjælland;06. 6-14 år;Alle;91508;99;114;2;0;0;0,02;2,19;108,19;0,00;
2026-03-17;2026-03-10;RSV;2016/2017;1085;Sjælland;06. 6-14 år;K;44305;49;60;1;0;0;0,02;2,26;110,60;0,00;
2026-03-17;2026-03-10;RSV;2016/2017;1085;Sjælland;06. 6-14 år;M;47203;50;54;1;0;0;0,02;2,12;105,93;0,00;
2026-03-17;2026-03-10;RSV;2016/2017;1085;Sjælland;07. 15-44 år;Alle;278400;373;409;7;5;0;0,02;2,51;133,98;1,80;
2026-03-17;2026-03-10;RSV;2016/2017;1085;Sjælland;07. 15-44 år;K;137002;204;228;3;2;0;0,01;2,19;148,90;1,46;
2026-03-17;2026-03-10;RSV;2016/2017;1085;Sjælland;07. 15-44 år;M;141398;169;181;4;3;0;0,02;2,83;119,52;2,12;
2026-03-17;2026-03-10;RSV;2016/2017;1085;Sjælland;08. 45-64 år;Alle;237788;658;749;31;19;1;0,05;13,04;276,72;7,99;
2026-03-17;2026-03-10;RSV;2016/2017;1085;Sjælland;08. 45-64 år;K;119681;336;374;17;9;0;0,05;14,20;280,75;7,52;
2026-03-17;2026-03-10;RSV;2016/2017;1085;Sjælland;08. 45-64 år;M;118107;322;375;14;10;1;0,04;11,85;272,63;8,47;
2026-03-17;2026-03-10;RSV;2016/2017;1085;Sjælland;09. 65-74 år;Alle;98545;542;678;31;20;2;0,06;31,46;550,00;20,30;
2026-03-17;2026-03-10;RSV;2016/2017;1085;Sjælland;09. 65-74 år;K;51713;265;339;14;7;0;0,05;27,07;512,44;13,54;
2026-03-17;2026-03-10;RSV;2016/2017;1085;Sjælland;09. 65-74 år;M;46832;277;339;17;13;2;0,06;36,30;591,48;27,76;
2026-03-17;2026-03-10;RSV;2016/2017;1085;Sjælland;10. 75-84 år;Alle;39452;440;517;28;22;5;0,06;70,97;1115,28;55,76;
2026-03-17;2026-03-10;RSV;2016/2017;1085;Sjælland;10. 75-84 år;K;22375;198;240;14;11;2;0,07;62,57;884,92;49,16;
2026-03-17;2026-03-10;RSV;2016/2017;1085;Sjælland;10. 75-84 år;M;17077;242;277;14;11;3;0,06;81,98;1417,11;64,41;
2026-03-17;2026-03-10;RSV;2016/2017;1085;Sjælland;11. 85+ år;Alle;6341;139;151;11;10;4;0,08;173,47;2192,08;157,70;
2026-03-17;2026-03-10;RSV;2016/2017;1085;Sjælland;11. 85+ år;K;4427;73;80;7;6;3;0,10;158,12;1648,97;135,53;
2026-03-17;2026-03-10;RSV;2016/2017;1085;Sjælland;11. 85+ år;M;1914;66;71;4;4;1;0,06;208,99;3448,28;208,99;
2026-03-17;2026-03-10;RSV;2016/2017;1085;Sjælland;Alle;Alle;803442;2662;3107;274;176;12;0,10;34,10;331,32;21,91;
2026-03-17;2026-03-10;RSV;2016/2017;1085;Sjælland;Alle;K;404409;1306;1543;128;78;5;0,10;31,65;322,94;19,29;
2026-03-17;2026-03-10;RSV;2016/2017;1085;Sjælland;Alle;M;399033;1356;1564;146;98;7;0,11;36,59;339,82;24,56;
2026-03-17;2026-03-10;RSV;2016/2017;1083;Syddanmark;01. 0-5 måneder;Alle;6145;308;337;129;101;0;0,42;2099,27;5012,21;1643,61;
2026-03-17;2026-03-10;RSV;2016/2017;1083;Syddanmark;01. 0-5 måneder;K;3016;138;155;61;47;0;0,44;2022,55;4575,60;1558,36;
2026-03-17;2026-03-10;RSV;2016/2017;1083;Syddanmark;01. 0-5 måneder;M;3129;170;182;68;54;0;0,40;2173,22;5433,05;1725,79;
2026-03-17;2026-03-10;RSV;2016/2017;1083;Syddanmark;02. 6-11 måneder;Alle;6684;126;140;53;28;0;0,42;792,94;1885,10;418,91;
2026-03-17;2026-03-10;RSV;2016/2017;1083;Syddanmark;02. 6-11 måneder;K;3199;51;55;27;11;0;0,53;844,01;1594,25;343,86;
2026-03-17;2026-03-10;RSV;2016/2017;1083;Syddanmark;02. 6-11 måneder;M;3485;75;85;26;17;0;0,35;746,05;2152,08;487,80;
2026-03-17;2026-03-10;RSV;2016/2017;1083;Syddanmark;03. 1 år;Alle;12691;174;197;57;31;0;0,33;449,14;1371,05;244,27;
2026-03-17;2026-03-10;RSV;2016/2017;1083;Syddanmark;03. 1 år;K;6204;67;75;26;15;0;0,39;419,08;1079,95;241,78;
2026-03-17;2026-03-10;RSV;2016/2017;1083;Syddanmark;03. 1 år;M;6487;107;122;31;16;0;0,29;477,88;1649,45;246,65;
2026-03-17;2026-03-10;RSV;2016/2017;1083;Syddanmark;04. 2 år;Alle;12367;68;76;27;10;0;0,40;218,32;549,85;80,86;
2026-03-17;2026-03-10;RSV;2016/2017;1083;Syddanmark;04. 2 år;K;5978;40;44;15;3;0;0,38;250,92;669,12;50,18;
2026-03-17;2026-03-10;RSV;2016/2017;1083;Syddanmark;04. 2 år;M;6389;28;32;12;7;0;0,43;187,82;438,25;109,56;
2026-03-17;2026-03-10;RSV;2016/2017;1083;Syddanmark;05. 3-5 år;Alle;38299;83;95;14;3;0;0,17;36,55;216,72;7,83;
2026-03-17;2026-03-10;RSV;2016/2017;1083;Syddanmark;05. 3-5 år;K;18568;39;42;6;1;0;0,15;32,31;210,04;5,39;
2026-03-17;2026-03-10;RSV;2016/2017;1083;Syddanmark;05. 3-5 år;M;19731;44;53;8;2;0;0,18;40,55;223,00;10,14;
2026-03-17;2026-03-10;RSV;2016/2017;1083;Syddanmark;06. 6-14 år;Alle;132721;101;129;8;3;0;0,08;6,03;76,10;2,26;
2026-03-17;2026-03-10;RSV;2016/2017;1083;Syddanmark;06. 6-14 år;K;65023;45;57;3;1;0;0,07;4,61;69,21;1,54;
2026-03-17;2026-03-10;RSV;2016/2017;1083;Syddanmark;06. 6-14 år;M;67698;56;72;5;2;0;0,09;7,39;82,72;2,95;
2026-03-17;2026-03-10;RSV;2016/2017;1083;Syddanmark;07. 15-44 år;Alle;433520;212;250;15;5;1;0,07;3,46;48,90;1,15;
2026-03-17;2026-03-10;RSV;2016/2017;1083;Syddanmark;07. 15-44 år;K;212075;127;153;7;2;1;0,06;3,30;59,88;0,94;
2026-03-17;2026-03-10;RSV;2016/2017;1083;Syddanmark;07. 15-44 år;M;221445;85;97;8;3;0;0,09;3,61;38,38;1,35;
2026-03-17;2026-03-10;RSV;2016/2017;1083;Syddanmark;08. 45-64 år;Alle;328178;309;441;23;16;0;0,07;7,01;94,16;4,88;
2026-03-17;2026-03-10;RSV;2016/2017;1083;Syddanmark;08. 45-64 år;K;164183;162;214;11;7;0;0,07;6,70;98,67;4,26;
2026-03-17;2026-03-10;RSV;2016/2017;1083;Syddanmark;08. 45-64 år;M;163995;147;227;12;9;0;0,08;7,32;89,64;5,49;
2026-03-17;2026-03-10;RSV;2016/2017;1083;Syddanmark;09. 65-74 år;Alle;130103;219;336;23;19;1;0,11;17,68;168,33;14,60;
2026-03-17;2026-03-10;RSV;2016/2017;1083;Syddanmark;09. 65-74 år;K;67583;98;134;10;8;1;0,10;14,80;145,01;11,84;
2026-03-17;2026-03-10;RSV;2016/2017;1083;Syddanmark;09. 65-74 år;M;62520;121;202;13;11;0;0,11;20,79;193,54;17,59;
2026-03-17;2026-03-10;RSV;2016/2017;1083;Syddanmark;10. 75-84 år;Alle;57758;132;202;21;16;1;0,16;36,36;228,54;27,70;
2026-03-17;2026-03-10;RSV;2016/2017;1083;Syddanmark;10. 75-84 år;K;32823;59;84;10;5;0;0,17;30,47;179,75;15,23;
2026-03-17;2026-03-10;RSV;2016/2017;1083;Syddanmark;10. 75-84 år;M;24935;73;118;11;11;1;0,15;44,11;292,76;44,11;
2026-03-17;2026-03-10;RSV;2016/2017;1083;Syddanmark;11. 85+ år;Alle;10196;32;35;2;2;0;0,06;19,62;313,85;19,62;
2026-03-17;2026-03-10;RSV;2016/2017;1083;Syddanmark;11. 85+ år;K;7139;16;18;1;1;0;0,06;14,01;224,12;14,01;
2026-03-17;2026-03-10;RSV;2016/2017;1083;Syddanmark;11. 85+ år;M;3057;16;17;1;1;0;0,06;32,71;523,39;32,71;
2026-03-17;2026-03-10;RSV;2016/2017;1083;Syddanmark;Alle;Alle;1168662;1764;2238;372;234;3;0,21;31,83;150,94;20,02;
2026-03-17;2026-03-10;RSV;2016/2017;1083;Syddanmark;Alle;K;585791;842;1031;177;101;2;0,21;30,22;143,74;17,24;
2026-03-17;2026-03-10;RSV;2016/2017;1083;Syddanmark;Alle;M;582871;922;1207;195;133;1;0,21;33,46;158,18;22,82;
2026-03-17;2026-03-10;RSV;2017/2018;9999;Alle;01. 0-5 måneder;Alle;30715;2985;3408;1365;927;0;0,46;4444,08;9718,38;3018,07;
2026-03-17;2026-03-10;RSV;2017/2018;9999;Alle;01. 0-5 måneder;K;14962;1322;1265;601;409;0;0,45;4016,84;8835,72;2733,59;
2026-03-17;2026-03-10;RSV;2017/2018;9999;Alle;01. 0-5 måneder;M;15753;1663;1595;764;518;0;0,46;4849,87;10556,72;3288,26;
2026-03-17;2026-03-10;RSV;2017/2018;9999;Alle;02. 6-11 måneder;Alle;32397;1224;1452;532;262;0;0,43;1642,13;3778,13;808,72;
2026-03-17;2026-03-10;RSV;2017/2018;9999;Alle;02. 6-11 måneder;K;15750;528;533;250;121;0;0,47;1587,30;3352,38;768,25;
2026-03-17;2026-03-10;RSV;2017/2018;9999;Alle;02. 6-11 måneder;M;16647;696;732;282;141;0;0,41;1694,00;4180,93;847,00;
2026-03-17;2026-03-10;RSV;2017/2018;9999;Alle;03. 1 år;Alle;63241;1874;2139;771;347;1;0,41;1219,15;2963,27;548,69;
2026-03-17;2026-03-10;RSV;2017/2018;9999;Alle;03. 1 år;K;30618;860;853;355;151;1;0,41;1159,45;2808,81;493,17;
2026-03-17;2026-03-10;RSV;2017/2018;9999;Alle;03. 1 år;M;32623;1014;1023;416;196;0;0,41;1275,17;3108,24;600,80;
2026-03-17;2026-03-10;RSV;2017/2018;9999;Alle;04. 2 år;Alle;61129;732;894;239;79;0;0,33;390,98;1197,47;129,23;
2026-03-17;2026-03-10;RSV;2017/2018;9999;Alle;04. 2 år;K;29761;334;354;118;40;0;0,35;396,49;1122,27;134,40;
2026-03-17;2026-03-10;RSV;2017/2018;9999;Alle;04. 2 år;M;31368;398;421;121;39;0;0,30;385,74;1268,81;124,33;
2026-03-17;2026-03-10;RSV;2017/2018;9999;Alle;05. 3-5 år;Alle;179398;1052;1241;154;41;1;0,15;85,84;586,41;22,85;
2026-03-17;2026-03-10;RSV;2017/2018;9999;Alle;05. 3-5 år;K;87292;467;501;77;21;0;0,16;88,21;534,99;24,06;
2026-03-17;2026-03-10;RSV;2017/2018;9999;Alle;05. 3-5 år;M;92106;585;614;77;20;1;0,13;83,60;635,14;21,71;
2026-03-17;2026-03-10;RSV;2017/2018;9999;Alle;06. 6-14 år;Alle;609219;1750;1960;93;33;0;0,05;15,27;287,25;5,42;
2026-03-17;2026-03-10;RSV;2017/2018;9999;Alle;06. 6-14 år;K;297445;821;797;45;18;0;0,05;15,13;276,02;6,05;
2026-03-17;2026-03-10;RSV;2017/2018;9999;Alle;06. 6-14 år;M;311774;929;934;48;15;0;0,05;15,40;297,97;4,81;
2026-03-17;2026-03-10;RSV;2017/2018;9999;Alle;07. 15-44 år;Alle;2224262;7580;8284;275;81;3;0,04;12,36;340,79;3,64;
2026-03-17;2026-03-10;RSV;2017/2018;9999;Alle;07. 15-44 år;K;1100379;4527;3740;176;52;0;0,04;15,99;411,40;4,73;
2026-03-17;2026-03-10;RSV;2017/2018;9999;Alle;07. 15-44 år;M;1123883;3053;2648;99;29;3;0,03;8,81;271,65;2,58;
2026-03-17;2026-03-10;RSV;2017/2018;9999;Alle;08. 45-64 år;Alle;1499385;7546;8963;366;147;6;0,05;24,41;503,27;9,80;
2026-03-17;2026-03-10;RSV;2017/2018;9999;Alle;08. 45-64 år;K;753643;4134;4555;209;80;4;0,05;27,73;548,54;10,62;
2026-03-17;2026-03-10;RSV;2017/2018;9999;Alle;08. 45-64 år;M;745742;3412;3892;157;67;2;0,05;21,05;457,53;8,98;
2026-03-17;2026-03-10;RSV;2017/2018;9999;Alle;09. 65-74 år;Alle;596684;5443;6740;314;210;16;0,06;52,62;912,21;35,19;
2026-03-17;2026-03-10;RSV;2017/2018;9999;Alle;09. 65-74 år;K;312748;2709;3202;168;104;8;0,06;53,72;866,19;33,25;
2026-03-17;2026-03-10;RSV;2017/2018;9999;Alle;09. 65-74 år;M;283936;2734;3381;146;106;8;0,05;51,42;962,89;37,33;
2026-03-17;2026-03-10;RSV;2017/2018;9999;Alle;10. 75-84 år;Alle;279106;4629;5723;280;218;28;0,06;100,32;1658,51;78,11;
2026-03-17;2026-03-10;RSV;2017/2018;9999;Alle;10. 75-84 år;K;158224;2322;2801;157;118;17;0,07;99,23;1467,54;74,58;
2026-03-17;2026-03-10;RSV;2017/2018;9999;Alle;10. 75-84 år;M;120882;2307;2768;123;100;11;0,05;101,75;1908,47;82,73;
2026-03-17;2026-03-10;RSV;2017/2018;9999;Alle;11. 85+ år;Alle;54990;2411;2881;158;143;26;0,07;287,32;4384,43;260,05;
2026-03-17;2026-03-10;RSV;2017/2018;9999;Alle;11. 85+ år;K;37983;1407;1625;100;89;21;0,07;263,28;3704,29;234,32;
2026-03-17;2026-03-10;RSV;2017/2018;9999;Alle;11. 85+ år;M;17007;1004;1200;58;54;5;0,06;341,04;5903,45;317,52;
2026-03-17;2026-03-10;RSV;2017/2018;9999;Alle;Alle;Alle;5630526;37226;43685;4547;2488;81;0,12;80,76;661,15;44,19;
2026-03-17;2026-03-10;RSV;2017/2018;9999;Alle;Alle;K;2838805;19431;20226;2256;1203;51;0,12;79,47;684,48;42,38;
2026-03-17;2026-03-10;RSV;2017/2018;9999;Alle;Alle;M;2791721;17795;19208;2291;1285;30;0,13;82,06;637,42;46,03;
2026-03-17;2026-03-10;RSV;2017/2018;1084;Hovedstaden;01. 0-5 måneder;Alle;10021;1289;1506;548;325;0;0,43;5468,52;12862,99;3243,19;
2026-03-17;2026-03-10;RSV;2017/2018;1084;Hovedstaden;01. 0-5 måneder;K;4930;571;662;240;135;0;0,42;4868,15;11582,15;2738,34;
2026-03-17;2026-03-10;RSV;2017/2018;1084;Hovedstaden;01. 0-5 måneder;M;5091;718;844;308;190;0;0,43;6049,89;14103,32;3732,08;
2026-03-17;2026-03-10;RSV;2017/2018;1084;Hovedstaden;02. 6-11 måneder;Alle;10507;557;680;229;102;0;0,41;2179,50;5301,23;970,78;
2026-03-17;2026-03-10;RSV;2017/2018;1084;Hovedstaden;02. 6-11 måneder;K;5095;250;301;115;48;0;0,46;2257,11;4906,77;942,10;
2026-03-17;2026-03-10;RSV;2017/2018;1084;Hovedstaden;02. 6-11 måneder;M;5412;307;379;114;54;0;0,37;2106,43;5672,58;997,78;
2026-03-17;2026-03-10;RSV;2017/2018;1084;Hovedstaden;03. 1 år;Alle;20527;975;1126;383;150;1;0,39;1865,84;4749,84;730,74;
2026-03-17;2026-03-10;RSV;2017/2018;1084;Hovedstaden;03. 1 år;K;9984;477;537;193;74;1;0,40;1933,09;4777,64;741,19;
2026-03-17;2026-03-10;RSV;2017/2018;1084;Hovedstaden;03. 1 år;M;10543;498;589;190;76;0;0,38;1802,14;4723,51;720,86;
2026-03-17;2026-03-10;RSV;2017/2018;1084;Hovedstaden;04. 2 år;Alle;19578;375;449;110;33;0;0,29;561,86;1915,42;168,56;
2026-03-17;2026-03-10;RSV;2017/2018;1084;Hovedstaden;04. 2 år;K;9548;172;200;57;17;0;0,33;596,98;1801,42;178,05;
2026-03-17;2026-03-10;RSV;2017/2018;1084;Hovedstaden;04. 2 år;M;10030;203;249;53;16;0;0,26;528,41;2023,93;159,52;
2026-03-17;2026-03-10;RSV;2017/2018;1084;Hovedstaden;05. 3-5 år;Alle;57385;632;718;72;14;0;0,11;125,47;1101,33;24,40;
2026-03-17;2026-03-10;RSV;2017/2018;1084;Hovedstaden;05. 3-5 år;K;27916;288;343;38;10;0;0,13;136,12;1031,67;35,82;
2026-03-17;2026-03-10;RSV;2017/2018;1084;Hovedstaden;05. 3-5 år;M;29469;344;375;34;4;0;0,10;115,38;1167,33;13,57;
2026-03-17;2026-03-10;RSV;2017/2018;1084;Hovedstaden;06. 6-14 år;Alle;183890;1016;1148;44;18;0;0,04;23,93;552,50;9,79;
2026-03-17;2026-03-10;RSV;2017/2018;1084;Hovedstaden;06. 6-14 år;K;89673;481;548;19;9;0;0,04;21,19;536,39;10,04;
2026-03-17;2026-03-10;RSV;2017/2018;1084;Hovedstaden;06. 6-14 år;M;94217;535;600;25;9;0;0,05;26,53;567,84;9,55;
2026-03-17;2026-03-10;RSV;2017/2018;1084;Hovedstaden;07. 15-44 år;Alle;789081;4068;4458;153;39;3;0,04;19,39;515,54;4,94;
2026-03-17;2026-03-10;RSV;2017/2018;1084;Hovedstaden;07. 15-44 år;K;398377;2454;2665;101;26;0;0,04;25,35;616,00;6,53;
2026-03-17;2026-03-10;RSV;2017/2018;1084;Hovedstaden;07. 15-44 år;M;390704;1614;1793;52;13;3;0,03;13,31;413,10;3,33;
2026-03-17;2026-03-10;RSV;2017/2018;1084;Hovedstaden;08. 45-64 år;Alle;436969;4393;5159;215;67;1;0,05;49,20;1005,33;15,33;
2026-03-17;2026-03-10;RSV;2017/2018;1084;Hovedstaden;08. 45-64 år;K;221046;2452;2840;123;34;0;0,05;55,64;1109,27;15,38;
2026-03-17;2026-03-10;RSV;2017/2018;1084;Hovedstaden;08. 45-64 år;M;215923;1941;2319;92;33;1;0,05;42,61;898,93;15,28;
2026-03-17;2026-03-10;RSV;2017/2018;1084;Hovedstaden;09. 65-74 år;Alle;161660;3045;3752;180;116;8;0,06;111,34;1883,58;71,76;
2026-03-17;2026-03-10;RSV;2017/2018;1084;Hovedstaden;09. 65-74 år;K;87790;1543;1871;100;56;3;0,06;113,91;1757,60;63,79;
2026-03-17;2026-03-10;RSV;2017/2018;1084;Hovedstaden;09. 65-74 år;M;73870;1502;1881;80;60;5;0,05;108,30;2033,30;81,22;
2026-03-17;2026-03-10;RSV;2017/2018;1084;Hovedstaden;10. 75-84 år;Alle;76639;2761;3458;164;123;15;0,06;213,99;3602,60;160,49;
2026-03-17;2026-03-10;RSV;2017/2018;1084;Hovedstaden;10. 75-84 år;K;45048;1419;1778;98;70;6;0,07;217,55;3149,97;155,39;
2026-03-17;2026-03-10;RSV;2017/2018;1084;Hovedstaden;10. 75-84 år;M;31591;1342;1680;66;53;9;0,05;208,92;4248,05;167,77;
2026-03-17;2026-03-10;RSV;2017/2018;1084;Hovedstaden;11. 85+ år;Alle;15636;1546;1871;90;79;16;0,06;575,59;9887,44;505,24;
2026-03-17;2026-03-10;RSV;2017/2018;1084;Hovedstaden;11. 85+ år;K;11247;923;1098;55;47;13;0,06;489,02;8206,63;417,89;
2026-03-17;2026-03-10;RSV;2017/2018;1084;Hovedstaden;11. 85+ år;M;4389;623;773;35;32;3;0,06;797,45;14194,58;729,10;
2026-03-17;2026-03-10;RSV;2017/2018;1084;Hovedstaden;Alle;Alle;1781893;20657;24325;2188;1066;44;0,11;122,79;1159,27;59,82;
2026-03-17;2026-03-10;RSV;2017/2018;1084;Hovedstaden;Alle;K;910654;11030;12843;1139;526;23;0,10;125,07;1211,22;57,76;
2026-03-17;2026-03-10;RSV;2017/2018;1084;Hovedstaden;Alle;M;871239;9627;11482;1049;540;21;0,11;120,40;1104,98;61,98;
2026-03-17;2026-03-10;RSV;2017/2018;1082;Midtjylland;01. 0-5 måneder;Alle;7422;301;343;128;83;0;0,43;1724,60;4055,51;1118,30;
2026-03-17;2026-03-10;RSV;2017/2018;1082;Midtjylland;01. 0-5 måneder;K;3566;112;128;42;26;0;0,38;1177,79;3140,77;729,11;
2026-03-17;2026-03-10;RSV;2017/2018;1082;Midtjylland;01. 0-5 måneder;M;3856;189;215;86;57;0;0,46;2230,29;4901,45;1478,22;
2026-03-17;2026-03-10;RSV;2017/2018;1082;Midtjylland;02. 6-11 måneder;Alle;7622;163;190;70;26;0;0,43;918,39;2138,55;341,12;
2026-03-17;2026-03-10;RSV;2017/2018;1082;Midtjylland;02. 6-11 måneder;K;3686;66;75;36;14;0;0,55;976,67;1790,56;379,82;
2026-03-17;2026-03-10;RSV;2017/2018;1082;Midtjylland;02. 6-11 måneder;M;3936;97;115;34;12;0;0,35;863,82;2464,43;304,88;
2026-03-17;2026-03-10;RSV;2017/2018;1082;Midtjylland;03. 1 år;Alle;14927;224;246;98;47;0;0,44;656,53;1500,64;314,87;
2026-03-17;2026-03-10;RSV;2017/2018;1082;Midtjylland;03. 1 år;K;7225;87;96;39;13;0;0,45;539,79;1204,15;179,93;
2026-03-17;2026-03-10;RSV;2017/2018;1082;Midtjylland;03. 1 år;M;7702;137;150;59;34;0;0,43;766,03;1778,76;441,44;
2026-03-17;2026-03-10;RSV;2017/2018;1082;Midtjylland;04. 2 år;Alle;14311;74;92;27;12;0;0,36;188,67;517,08;83,85;
2026-03-17;2026-03-10;RSV;2017/2018;1082;Midtjylland;04. 2 år;K;6963;25;33;12;6;0;0,48;172,34;359,04;86,17;
2026-03-17;2026-03-10;RSV;2017/2018;1082;Midtjylland;04. 2 år;M;7348;49;59;15;6;0;0,31;204,14;666,85;81,65;
2026-03-17;2026-03-10;RSV;2017/2018;1082;Midtjylland;05. 3-5 år;Alle;41988;74;96;14;3;0;0,19;33,34;176,24;7,14;
2026-03-17;2026-03-10;RSV;2017/2018;1082;Midtjylland;05. 3-5 år;K;20523;33;46;8;2;0;0,24;38,98;160,80;9,75;
2026-03-17;2026-03-10;RSV;2017/2018;1082;Midtjylland;05. 3-5 år;M;21465;41;50;6;1;0;0,15;27,95;191,01;4,66;
2026-03-17;2026-03-10;RSV;2017/2018;1082;Midtjylland;06. 6-14 år;Alle;143820;82;88;6;3;0;0,07;4,17;57,02;2,09;
2026-03-17;2026-03-10;RSV;2017/2018;1082;Midtjylland;06. 6-14 år;K;70421;32;35;3;2;0;0,09;4,26;45,44;2,84;
2026-03-17;2026-03-10;RSV;2017/2018;1082;Midtjylland;06. 6-14 år;M;73399;50;53;3;1;0;0,06;4,09;68,12;1,36;
2026-03-17;2026-03-10;RSV;2017/2018;1082;Midtjylland;07. 15-44 år;Alle;514079;175;208;14;10;0;0,08;2,72;34,04;1,95;
2026-03-17;2026-03-10;RSV;2017/2018;1082;Midtjylland;07. 15-44 år;K;253144;100;111;12;8;0;0,12;4,74;39,50;3,16;
2026-03-17;2026-03-10;RSV;2017/2018;1082;Midtjylland;07. 15-44 år;M;260935;75;97;2;2;0;0,03;0,77;28,74;0,77;
2026-03-17;2026-03-10;RSV;2017/2018;1082;Midtjylland;08. 45-64 år;Alle;335971;315;373;15;12;0;0,05;4,46;93,76;3,57;
2026-03-17;2026-03-10;RSV;2017/2018;1082;Midtjylland;08. 45-64 år;K;168610;165;185;7;6;0;0,04;4,15;97,86;3,56;
2026-03-17;2026-03-10;RSV;2017/2018;1082;Midtjylland;08. 45-64 år;M;167361;150;188;8;6;0;0,05;4,78;89,63;3,59;
2026-03-17;2026-03-10;RSV;2017/2018;1082;Midtjylland;09. 65-74 år;Alle;133809;291;357;22;17;0;0,08;16,44;217,47;12,70;
2026-03-17;2026-03-10;RSV;2017/2018;1082;Midtjylland;09. 65-74 år;K;69023;123;147;12;7;0;0,10;17,39;178,20;10,14;
2026-03-17;2026-03-10;RSV;2017/2018;1082;Midtjylland;09. 65-74 år;M;64786;168;210;10;10;0;0,06;15,44;259,32;15,44;
2026-03-17;2026-03-10;RSV;2017/2018;1082;Midtjylland;10. 75-84 år;Alle;60872;231;270;11;9;1;0,05;18,07;379,48;14,79;
2026-03-17;2026-03-10;RSV;2017/2018;1082;Midtjylland;10. 75-84 år;K;34049;92;108;4;4;0;0,04;11,75;270,20;11,75;
2026-03-17;2026-03-10;RSV;2017/2018;1082;Midtjylland;10. 75-84 år;M;26823;139;162;7;5;1;0,05;26,10;518,21;18,64;
2026-03-17;2026-03-10;RSV;2017/2018;1082;Midtjylland;11. 85+ år;Alle;12096;103;112;9;8;2;0,09;74,40;851,52;66,14;
2026-03-17;2026-03-10;RSV;2017/2018;1082;Midtjylland;11. 85+ år;K;8156;55;63;8;7;1;0,15;98,09;674,35;85,83;
2026-03-17;2026-03-10;RSV;2017/2018;1082;Midtjylland;11. 85+ år;M;3940;48;49;1;1;1;0,02;25,38;1218,27;25,38;
2026-03-17;2026-03-10;RSV;2017/2018;1082;Midtjylland;Alle;Alle;1286917;2033;2375;414;230;3;0,20;32,17;157,97;17,87;
2026-03-17;2026-03-10;RSV;2017/2018;1082;Midtjylland;Alle;K;645366;890;1027;183;95;1;0,21;28,36;137,91;14,72;
2026-03-17;2026-03-10;RSV;2017/2018;1082;Midtjylland;Alle;M;641551;1143;1348;231;135;2;0,20;36,01;178,16;21,04;
2026-03-17;2026-03-10;RSV;2017/2018;1081;Nordjylland;01. 0-5 måneder;Alle;2930;214;234;131;104;0;0,61;4470,99;7303,75;3549,49;
2026-03-17;2026-03-10;RSV;2017/2018;1081;Nordjylland;01. 0-5 måneder;K;1488;106;115;64;53;0;0,60;4301,08;7123,66;3561,83;
2026-03-17;2026-03-10;RSV;2017/2018;1081;Nordjylland;01. 0-5 måneder;M;1442;108;119;67;51;0;0,62;4646,32;7489,60;3536,75;
2026-03-17;2026-03-10;RSV;2017/2018;1081;Nordjylland;02. 6-11 måneder;Alle;3144;69;74;36;26;0;0,52;1145,04;2194,66;826,97;
2026-03-17;2026-03-10;RSV;2017/2018;1081;Nordjylland;02. 6-11 måneder;K;1541;23;26;14;10;0;0,61;908,50;1492,54;648,93;
2026-03-17;2026-03-10;RSV;2017/2018;1081;Nordjylland;02. 6-11 måneder;M;1603;46;48;22;16;0;0,48;1372,43;2869,62;998,13;
2026-03-17;2026-03-10;RSV;2017/2018;1081;Nordjylland;03. 1 år;Alle;6076;90;95;55;39;0;0,61;905,20;1481,24;641,87;
2026-03-17;2026-03-10;RSV;2017/2018;1081;Nordjylland;03. 1 år;K;2921;35;37;19;13;0;0,54;650,46;1198,22;445,05;
2026-03-17;2026-03-10;RSV;2017/2018;1081;Nordjylland;03. 1 år;M;3155;55;58;36;26;0;0,65;1141,05;1743,26;824,09;
2026-03-17;2026-03-10;RSV;2017/2018;1081;Nordjylland;04. 2 år;Alle;5945;28;37;18;10;0;0,64;302,78;470,98;168,21;
2026-03-17;2026-03-10;RSV;2017/2018;1081;Nordjylland;04. 2 år;K;2888;16;19;11;5;0;0,69;380,89;554,02;173,13;
2026-03-17;2026-03-10;RSV;2017/2018;1081;Nordjylland;04. 2 år;M;3057;12;18;7;5;0;0,58;228,98;392,54;163,56;
2026-03-17;2026-03-10;RSV;2017/2018;1081;Nordjylland;05. 3-5 år;Alle;17267;14;24;3;2;0;0,21;17,37;81,08;11,58;
2026-03-17;2026-03-10;RSV;2017/2018;1081;Nordjylland;05. 3-5 år;K;8461;6;6;2;2;0;0,33;23,64;70,91;23,64;
2026-03-17;2026-03-10;RSV;2017/2018;1081;Nordjylland;05. 3-5 år;M;8806;8;18;1;0;0;0,13;11,36;90,85;0,00;
2026-03-17;2026-03-10;RSV;2017/2018;1081;Nordjylland;06. 6-14 år;Alle;60217;24;28;4;3;0;0,17;6,64;39,86;4,98;
2026-03-17;2026-03-10;RSV;2017/2018;1081;Nordjylland;06. 6-14 år;K;29257;15;18;2;2;0;0,13;6,84;51,27;6,84;
2026-03-17;2026-03-10;RSV;2017/2018;1081;Nordjylland;06. 6-14 år;M;30960;9;10;2;1;0;0,22;6,46;29,07;3,23;
2026-03-17;2026-03-10;RSV;2017/2018;1081;Nordjylland;07. 15-44 år;Alle;213658;23;26;3;0;0;0,13;1,40;10,76;0,00;
2026-03-17;2026-03-10;RSV;2017/2018;1081;Nordjylland;07. 15-44 år;K;102680;12;14;1;0;0;0,08;0,97;11,69;0,00;
2026-03-17;2026-03-10;RSV;2017/2018;1081;Nordjylland;07. 15-44 år;M;110978;11;12;2;0;0;0,18;1,80;9,91;0,00;
2026-03-17;2026-03-10;RSV;2017/2018;1081;Nordjylland;08. 45-64 år;Alle;155804;46;61;1;1;1;0,02;0,64;29,52;0,64;
2026-03-17;2026-03-10;RSV;2017/2018;1081;Nordjylland;08. 45-64 år;K;77839;26;35;1;1;1;0,04;1,28;33,40;1,28;
2026-03-17;2026-03-10;RSV;2017/2018;1081;Nordjylland;08. 45-64 år;M;77965;20;26;0;0;0;0,00;0,00;25,65;0,00;
2026-03-17;2026-03-10;RSV;2017/2018;1081;Nordjylland;09. 65-74 år;Alle;66010;30;38;5;3;0;0,17;7,57;45,45;4,54;
2026-03-17;2026-03-10;RSV;2017/2018;1081;Nordjylland;09. 65-74 år;K;33772;11;13;0;0;0;0,00;0,00;32,57;0,00;
2026-03-17;2026-03-10;RSV;2017/2018;1081;Nordjylland;09. 65-74 år;M;32238;19;25;5;3;0;0,26;15,51;58,94;9,31;
2026-03-17;2026-03-10;RSV;2017/2018;1081;Nordjylland;10. 75-84 år;Alle;31023;14;15;1;1;1;0,07;3,22;45,13;3,22;
2026-03-17;2026-03-10;RSV;2017/2018;1081;Nordjylland;10. 75-84 år;K;17256;7;8;1;1;1;0,14;5,80;40,57;5,80;
2026-03-17;2026-03-10;RSV;2017/2018;1081;Nordjylland;10. 75-84 år;M;13767;7;7;0;0;0;0,00;0,00;50,85;0,00;
2026-03-17;2026-03-10;RSV;2017/2018;1081;Nordjylland;11. 85+ år;Alle;6198;2;2;0;0;0;0,00;0,00;32,27;0,00;
2026-03-17;2026-03-10;RSV;2017/2018;1081;Nordjylland;11. 85+ år;K;4139;0;0;0;0;0;0,00;0,00;0,00;0,00;
2026-03-17;2026-03-10;RSV;2017/2018;1081;Nordjylland;11. 85+ år;M;2059;2;2;0;0;0;0,00;0,00;97,13;0,00;
2026-03-17;2026-03-10;RSV;2017/2018;1081;Nordjylland;Alle;Alle;568272;554;634;257;189;2;0,46;45,22;97,49;33,26;
2026-03-17;2026-03-10;RSV;2017/2018;1081;Nordjylland;Alle;K;282242;257;291;115;87;2;0,45;40,75;91,06;30,82;
2026-03-17;2026-03-10;RSV;2017/2018;1081;Nordjylland;Alle;M;286030;297;343;142;102;0;0,48;49,65;103,84;35,66;
2026-03-17;2026-03-10;RSV;2017/2018;1085;Sjælland;01. 0-5 måneder;Alle;4220;234;257;136;96;0;0,58;3222,75;5545,02;2274,88;
2026-03-17;2026-03-10;RSV;2017/2018;1085;Sjælland;01. 0-5 måneder;K;2061;100;105;61;42;0;0,61;2959,73;4852,01;2037,85;
2026-03-17;2026-03-10;RSV;2017/2018;1085;Sjælland;01. 0-5 måneder;M;2159;134;152;75;54;0;0,56;3473,83;6206,58;2501,16;
2026-03-17;2026-03-10;RSV;2017/2018;1085;Sjælland;02. 6-11 måneder;Alle;4438;115;134;61;36;0;0,53;1374,49;2591,26;811,18;
2026-03-17;2026-03-10;RSV;2017/2018;1085;Sjælland;02. 6-11 måneder;K;2158;56;60;27;20;0;0,48;1251,16;2595,00;926,78;
2026-03-17;2026-03-10;RSV;2017/2018;1085;Sjælland;02. 6-11 måneder;M;2280;59;74;34;16;0;0,58;1491,23;2587,72;701,75;
2026-03-17;2026-03-10;RSV;2017/2018;1085;Sjælland;03. 1 år;Alle;8913;165;188;72;32;0;0,44;807,81;1851,23;359,03;
2026-03-17;2026-03-10;RSV;2017/2018;1085;Sjælland;03. 1 år;K;4289;75;86;32;17;0;0,43;746,09;1748,66;396,36;
2026-03-17;2026-03-10;RSV;2017/2018;1085;Sjælland;03. 1 år;M;4624;90;102;40;15;0;0,44;865,05;1946,37;324,39;
2026-03-17;2026-03-10;RSV;2017/2018;1085;Sjælland;04. 2 år;Alle;8615;59;96;28;9;0;0,47;325,01;684,85;104,47;
2026-03-17;2026-03-10;RSV;2017/2018;1085;Sjælland;04. 2 år;K;4161;26;55;12;5;0;0,46;288,39;624,85;120,16;
2026-03-17;2026-03-10;RSV;2017/2018;1085;Sjælland;04. 2 år;M;4454;33;41;16;4;0;0,48;359,23;740,91;89,81;
2026-03-17;2026-03-10;RSV;2017/2018;1085;Sjælland;05. 3-5 år;Alle;25118;106;129;22;4;0;0,21;87,59;422,01;15,92;
2026-03-17;2026-03-10;RSV;2017/2018;1085;Sjælland;05. 3-5 år;K;12161;48;57;11;1;0;0,23;90,45;394,70;8,22;
2026-03-17;2026-03-10;RSV;2017/2018;1085;Sjælland;05. 3-5 år;M;12957;58;72;11;3;0;0,19;84,90;447,63;23,15;
2026-03-17;2026-03-10;RSV;2017/2018;1085;Sjælland;06. 6-14 år;Alle;90382;236;255;19;6;0;0,08;21,02;261,11;6,64;
2026-03-17;2026-03-10;RSV;2017/2018;1085;Sjælland;06. 6-14 år;K;43963;114;119;10;4;0;0,09;22,75;259,31;9,10;
2026-03-17;2026-03-10;RSV;2017/2018;1085;Sjælland;06. 6-14 år;M;46419;122;136;9;2;0;0,07;19,39;262,82;4,31;
2026-03-17;2026-03-10;RSV;2017/2018;1085;Sjælland;07. 15-44 år;Alle;275887;944;1042;35;14;0;0,04;12,69;342,17;5,07;
2026-03-17;2026-03-10;RSV;2017/2018;1085;Sjælland;07. 15-44 år;K;135380;533;584;22;7;0;0,04;16,25;393,71;5,17;
2026-03-17;2026-03-10;RSV;2017/2018;1085;Sjælland;07. 15-44 år;M;140507;411;458;13;7;0;0,03;9,25;292,51;4,98;
2026-03-17;2026-03-10;RSV;2017/2018;1085;Sjælland;08. 45-64 år;Alle;239910;1381;1623;64;31;2;0,05;26,68;575,63;12,92;
2026-03-17;2026-03-10;RSV;2017/2018;1085;Sjælland;08. 45-64 år;K;120628;766;887;38;18;2;0,05;31,50;635,01;14,92;
2026-03-17;2026-03-10;RSV;2017/2018;1085;Sjælland;08. 45-64 år;M;119282;615;736;26;13;0;0,04;21,80;515,58;10,90;
2026-03-17;2026-03-10;RSV;2017/2018;1085;Sjælland;09. 65-74 år;Alle;101073;1132;1411;52;39;4;0,05;51,45;1119,98;38,59;
2026-03-17;2026-03-10;RSV;2017/2018;1085;Sjælland;09. 65-74 år;K;52898;576;686;32;25;3;0,06;60,49;1088,89;47,26;
2026-03-17;2026-03-10;RSV;2017/2018;1085;Sjælland;09. 65-74 år;M;48175;556;725;20;14;1;0,04;41,52;1154,13;29,06;
2026-03-17;2026-03-10;RSV;2017/2018;1085;Sjælland;10. 75-84 år;Alle;45416;842;992;59;47;8;0,07;129,91;1853,97;103,49;
2026-03-17;2026-03-10;RSV;2017/2018;1085;Sjælland;10. 75-84 år;K;25364;436;516;31;24;7;0,07;122,22;1718,97;94,62;
2026-03-17;2026-03-10;RSV;2017/2018;1085;Sjælland;10. 75-84 år;M;20052;406;476;28;23;1;0,07;139,64;2024,74;114,70;
2026-03-17;2026-03-10;RSV;2017/2018;1085;Sjælland;11. 85+ år;Alle;8075;383;442;30;30;4;0,08;371,52;4743,03;371,52;
2026-03-17;2026-03-10;RSV;2017/2018;1085;Sjælland;11. 85+ år;K;5537;227;259;22;22;4;0,10;397,33;4099,69;397,33;
2026-03-17;2026-03-10;RSV;2017/2018;1085;Sjælland;11. 85+ år;M;2538;156;183;8;8;0;0,05;315,21;6146,57;315,21;
2026-03-17;2026-03-10;RSV;2017/2018;1085;Sjælland;Alle;Alle;812047;5597;6569;578;344;18;0,10;71,18;689,25;42,36;
2026-03-17;2026-03-10;RSV;2017/2018;1085;Sjælland;Alle;K;408600;2957;3414;298;185;16;0,10;72,93;723,69;45,28;
2026-03-17;2026-03-10;RSV;2017/2018;1085;Sjælland;Alle;M;403447;2640;3155;280;159;2;0,11;69,40;654,36;39,41;
2026-03-17;2026-03-10;RSV;2017/2018;1083;Syddanmark;01. 0-5 måneder;Alle;6122;471;519;231;184;0;0,49;3773,28;7693,56;3005,55;
2026-03-17;2026-03-10;RSV;2017/2018;1083;Syddanmark;01. 0-5 måneder;K;2917;229;254;115;94;0;0,50;3942,41;7850,53;3222,49;
2026-03-17;2026-03-10;RSV;2017/2018;1083;Syddanmark;01. 0-5 måneder;M;3205;242;265;116;90;0;0,48;3619,34;7550,70;2808,11;
2026-03-17;2026-03-10;RSV;2017/2018;1083;Syddanmark;02. 6-11 måneder;Alle;6686;162;186;75;41;0;0,46;1121,75;2422,97;613,22;
2026-03-17;2026-03-10;RSV;2017/2018;1083;Syddanmark;02. 6-11 måneder;K;3270;62;71;32;15;0;0,52;978,59;1896,02;458,72;
2026-03-17;2026-03-10;RSV;2017/2018;1083;Syddanmark;02. 6-11 måneder;M;3416;100;115;43;26;0;0,43;1258,78;2927,40;761,12;
2026-03-17;2026-03-10;RSV;2017/2018;1083;Syddanmark;03. 1 år;Alle;12798;193;219;86;48;0;0,45;671,98;1508,05;375,06;
2026-03-17;2026-03-10;RSV;2017/2018;1083;Syddanmark;03. 1 år;K;6199;84;95;38;19;0;0,45;613,00;1355,06;306,50;
2026-03-17;2026-03-10;RSV;2017/2018;1083;Syddanmark;03. 1 år;M;6599;109;124;48;29;0;0,44;727,38;1651,77;439,46;
2026-03-17;2026-03-10;RSV;2017/2018;1083;Syddanmark;04. 2 år;Alle;12680;89;98;24;7;0;0,27;189,27;701,89;55,21;
2026-03-17;2026-03-10;RSV;2017/2018;1083;Syddanmark;04. 2 år;K;6201;44;44;14;5;0;0,32;225,77;709,56;80,63;
2026-03-17;2026-03-10;RSV;2017/2018;1083;Syddanmark;04. 2 år;M;6479;45;54;10;2;0;0,22;154,34;694,55;30,87;
2026-03-17;2026-03-10;RSV;2017/2018;1083;Syddanmark;05. 3-5 år;Alle;37640;124;145;27;12;1;0,22;71,73;329,44;31,88;
2026-03-17;2026-03-10;RSV;2017/2018;1083;Syddanmark;05. 3-5 år;K;18231;44;47;9;3;0;0,20;49,37;241,35;16,46;
2026-03-17;2026-03-10;RSV;2017/2018;1083;Syddanmark;05. 3-5 år;M;19409;80;98;18;9;1;0,23;92,74;412,18;46,37;
2026-03-17;2026-03-10;RSV;2017/2018;1083;Syddanmark;06. 6-14 år;Alle;130910;186;209;10;3;0;0,05;7,64;142,08;2,29;
2026-03-17;2026-03-10;RSV;2017/2018;1083;Syddanmark;06. 6-14 år;K;64131;70;75;4;1;0;0,06;6,24;109,15;1,56;
2026-03-17;2026-03-10;RSV;2017/2018;1083;Syddanmark;06. 6-14 år;M;66779;116;134;6;2;0;0,05;8,98;173,71;2,99;
2026-03-17;2026-03-10;RSV;2017/2018;1083;Syddanmark;07. 15-44 år;Alle;431557;588;644;19;6;0;0,03;4,40;136,25;1,39;
2026-03-17;2026-03-10;RSV;2017/2018;1083;Syddanmark;07. 15-44 år;K;210798;344;364;12;5;0;0,03;5,69;163,19;2,37;
2026-03-17;2026-03-10;RSV;2017/2018;1083;Syddanmark;07. 15-44 år;M;220759;244;280;7;1;0;0,03;3,17;110,53;0,45;
2026-03-17;2026-03-10;RSV;2017/2018;1083;Syddanmark;08. 45-64 år;Alle;330731;960;1229;49;24;1;0,05;14,82;290,27;7,26;
2026-03-17;2026-03-10;RSV;2017/2018;1083;Syddanmark;08. 45-64 år;K;165520;507;606;24;12;0;0,05;14,50;306,31;7,25;
2026-03-17;2026-03-10;RSV;2017/2018;1083;Syddanmark;08. 45-64 år;M;165211;453;623;25;12;1;0,06;15,13;274,19;7,26;
2026-03-17;2026-03-10;RSV;2017/2018;1083;Syddanmark;09. 65-74 år;Alle;134132;806;1021;46;30;4;0,06;34,29;600,90;22,37;
2026-03-17;2026-03-10;RSV;2017/2018;1083;Syddanmark;09. 65-74 år;K;69265;387;484;23;16;2;0,06;33,21;558,72;23,10;
2026-03-17;2026-03-10;RSV;2017/2018;1083;Syddanmark;09. 65-74 år;M;64867;419;537;23;14;2;0,05;35,46;645,94;21,58;
2026-03-17;2026-03-10;RSV;2017/2018;1083;Syddanmark;10. 75-84 år;Alle;65156;656;833;39;32;3;0,06;59,86;1006,81;49,11;
2026-03-17;2026-03-10;RSV;2017/2018;1083;Syddanmark;10. 75-84 år;K;36507;305;390;20;16;3;0,07;54,78;835,46;43,83;
2026-03-17;2026-03-10;RSV;2017/2018;1083;Syddanmark;10. 75-84 år;M;28649;351;443;19;16;0;0,05;66,32;1225,17;55,85;
2026-03-17;2026-03-10;RSV;2017/2018;1083;Syddanmark;11. 85+ år;Alle;12985;329;398;25;23;4;0,08;192,53;2533,69;177,13;
2026-03-17;2026-03-10;RSV;2017/2018;1083;Syddanmark;11. 85+ år;K;8904;170;205;14;12;3;0,08;157,23;1909,25;134,77;
2026-03-17;2026-03-10;RSV;2017/2018;1083;Syddanmark;11. 85+ år;M;4081;159;193;11;11;1;0,07;269,54;3896,10;269,54;
2026-03-17;2026-03-10;RSV;2017/2018;1083;Syddanmark;Alle;Alle;1181397;4564;5501;631;410;13;0,14;53,41;386,32;34,70;
2026-03-17;2026-03-10;RSV;2017/2018;1083;Syddanmark;Alle;K;591943;2246;2635;305;198;8;0,14;51,53;379,43;33,45;
2026-03-17;2026-03-10;RSV;2017/2018;1083;Syddanmark;Alle;M;589454;2318;2866;326;212;5;0,14;55,31;393,25;35,97;
2026-03-17;2026-03-10;RSV;2018/2019;9999;Alle;01. 0-5 måneder;Alle;29683;3153;3688;1216;779;0;0,39;4096,62;10622,24;2624,40;
2026-03-17;2026-03-10;RSV;2018/2019;9999;Alle;01. 0-5 måneder;K;14394;1376;1421;546;355;0;0,40;3793,25;9559,54;2466,31;
2026-03-17;2026-03-10;RSV;2018/2019;9999;Alle;01. 0-5 måneder;M;15289;1777;1870;670;424;0;0,38;4382,24;11622,74;2773,24;
2026-03-17;2026-03-10;RSV;2018/2019;9999;Alle;02. 6-11 måneder;Alle;32624;1440;1712;565;278;0;0,39;1731,85;4413,93;852,13;
2026-03-17;2026-03-10;RSV;2018/2019;9999;Alle;02. 6-11 måneder;K;15892;626;672;230;113;0;0,37;1447,27;3939,09;711,05;
2026-03-17;2026-03-10;RSV;2018/2019;9999;Alle;02. 6-11 måneder;M;16732;814;866;335;165;0;0,41;2002,15;4864,93;986,13;
2026-03-17;2026-03-10;RSV;2018/2019;9999;Alle;03. 1 år;Alle;62949;2417;2848;877;382;0;0,36;1393,19;3839,62;606,84;
2026-03-17;2026-03-10;RSV;2018/2019;9999;Alle;03. 1 år;K;30628;1106;1179;402;169;0;0,36;1312,52;3611,07;551,78;
2026-03-17;2026-03-10;RSV;2018/2019;9999;Alle;03. 1 år;M;32321;1311;1433;475;213;0;0,36;1469,63;4056,19;659,01;
2026-03-17;2026-03-10;RSV;2018/2019;9999;Alle;04. 2 år;Alle;63228;946;1119;266;82;0;0,28;420,70;1496,17;129,69;
2026-03-17;2026-03-10;RSV;2018/2019;9999;Alle;04. 2 år;K;30610;438;477;128;41;0;0,29;418,16;1430,90;133,94;
2026-03-17;2026-03-10;RSV;2018/2019;9999;Alle;04. 2 år;M;32618;508;548;138;41;0;0,27;423,08;1557,42;125,70;
2026-03-17;2026-03-10;RSV;2018/2019;9999;Alle;05. 3-5 år;Alle;179649;1325;1573;143;31;0;0,11;79,60;737,55;17,26;
2026-03-17;2026-03-10;RSV;2018/2019;9999;Alle;05. 3-5 år;K;87494;617;694;66;12;0;0,11;75,43;705,19;13,72;
2026-03-17;2026-03-10;RSV;2018/2019;9999;Alle;05. 3-5 år;M;92155;708;766;77;19;0;0,11;83,55;768,27;20,62;
2026-03-17;2026-03-10;RSV;2018/2019;9999;Alle;06. 6-14 år;Alle;600845;1671;1867;78;14;0;0,05;12,98;278,11;2,33;
2026-03-17;2026-03-10;RSV;2018/2019;9999;Alle;06. 6-14 år;K;293007;806;822;45;7;0;0,06;15,36;275,08;2,39;
2026-03-17;2026-03-10;RSV;2018/2019;9999;Alle;06. 6-14 år;M;307838;865;913;33;7;0;0,04;10,72;280,99;2,27;
2026-03-17;2026-03-10;RSV;2018/2019;9999;Alle;07. 15-44 år;Alle;2215977;8163;9022;222;39;0;0,03;10,02;368,37;1,76;
2026-03-17;2026-03-10;RSV;2018/2019;9999;Alle;07. 15-44 år;K;1095372;4986;4643;138;23;0;0,03;12,60;455,19;2,10;
2026-03-17;2026-03-10;RSV;2018/2019;9999;Alle;07. 15-44 år;M;1120605;3177;3005;84;16;0;0,03;7,50;283,51;1,43;
2026-03-17;2026-03-10;RSV;2018/2019;9999;Alle;08. 45-64 år;Alle;1513614;7697;8877;313;119;8;0,04;20,68;508,52;7,86;
2026-03-17;2026-03-10;RSV;2018/2019;9999;Alle;08. 45-64 år;K;760105;4162;4489;177;62;4;0,04;23,29;547,56;8,16;
2026-03-17;2026-03-10;RSV;2018/2019;9999;Alle;08. 45-64 år;M;753509;3535;3979;136;57;4;0,04;18,05;469,14;7,56;
2026-03-17;2026-03-10;RSV;2018/2019;9999;Alle;09. 65-74 år;Alle;609579;5022;5993;242;146;12;0,05;39,70;823,85;23,95;
2026-03-17;2026-03-10;RSV;2018/2019;9999;Alle;09. 65-74 år;K;318167;2386;2685;116;62;6;0,05;36,46;749,92;19,49;
2026-03-17;2026-03-10;RSV;2018/2019;9999;Alle;09. 65-74 år;M;291412;2636;3186;126;84;6;0,05;43,24;904,56;28,83;
2026-03-17;2026-03-10;RSV;2018/2019;9999;Alle;10. 75-84 år;Alle;315273;4182;4994;220;156;20;0,05;69,78;1326,47;49,48;
2026-03-17;2026-03-10;RSV;2018/2019;9999;Alle;10. 75-84 år;K;176608;2106;2423;127;87;10;0,06;71,91;1192,47;49,26;
2026-03-17;2026-03-10;RSV;2018/2019;9999;Alle;10. 75-84 år;M;138665;2076;2487;93;69;10;0,04;67,07;1497,13;49,76;
2026-03-17;2026-03-10;RSV;2018/2019;9999;Alle;11. 85+ år;Alle;69053;1981;2227;109;90;16;0,06;157,85;2868,81;130,33;
2026-03-17;2026-03-10;RSV;2018/2019;9999;Alle;11. 85+ år;K;46635;1125;1240;74;59;8;0,07;158,68;2412,35;126,51;
2026-03-17;2026-03-10;RSV;2018/2019;9999;Alle;11. 85+ år;M;22418;856;958;35;31;8;0,04;156,12;3818,36;138,28;
2026-03-17;2026-03-10;RSV;2018/2019;9999;Alle;Alle;Alle;5692474;37997;43920;4251;2116;56;0,11;74,68;667,50;37,17;
2026-03-17;2026-03-10;RSV;2018/2019;9999;Alle;Alle;K;2868912;19734;20745;2049;990;28;0,10;71,42;687,86;34,51;
2026-03-17;2026-03-10;RSV;2018/2019;9999;Alle;Alle;M;2823562;18263;20011;2202;1126;28;0,12;77,99;646,81;39,88;
2026-03-17;2026-03-10;RSV;2018/2019;1084;Hovedstaden;01. 0-5 måneder;Alle;9819;1467;1717;546;305;0;0,37;5560,65;14940,42;3106,22;
2026-03-17;2026-03-10;RSV;2018/2019;1084;Hovedstaden;01. 0-5 måneder;K;4785;655;766;257;153;0;0,39;5370,95;13688,61;3197,49;
2026-03-17;2026-03-10;RSV;2018/2019;1084;Hovedstaden;01. 0-5 måneder;M;5034;812;951;289;152;0;0,36;5740,96;16130,31;3019,47;
2026-03-17;2026-03-10;RSV;2018/2019;1084;Hovedstaden;02. 6-11 måneder;Alle;10670;679;836;234;98;0;0,34;2193,06;6363,64;918,46;
2026-03-17;2026-03-10;RSV;2018/2019;1084;Hovedstaden;02. 6-11 måneder;K;5243;310;366;99;42;0;0,32;1888,23;5912,65;801,07;
2026-03-17;2026-03-10;RSV;2018/2019;1084;Hovedstaden;02. 6-11 måneder;M;5427;369;470;135;56;0;0,37;2487,56;6799,34;1031,88;
2026-03-17;2026-03-10;RSV;2018/2019;1084;Hovedstaden;03. 1 år;Alle;20474;1213;1496;447;186;0;0,37;2183,26;5924,59;908,47;
2026-03-17;2026-03-10;RSV;2018/2019;1084;Hovedstaden;03. 1 år;K;9995;554;672;204;81;0;0,37;2041,02;5542,77;810,41;
2026-03-17;2026-03-10;RSV;2018/2019;1084;Hovedstaden;03. 1 år;M;10479;659;824;243;105;0;0,37;2318,92;6288,77;1002,00;
2026-03-17;2026-03-10;RSV;2018/2019;1084;Hovedstaden;04. 2 år;Alle;20515;518;611;136;40;0;0,26;662,93;2524,98;194,98;
2026-03-17;2026-03-10;RSV;2018/2019;1084;Hovedstaden;04. 2 år;K;9979;250;293;67;21;0;0,27;671,41;2505,26;210,44;
2026-03-17;2026-03-10;RSV;2018/2019;1084;Hovedstaden;04. 2 år;M;10536;268;318;69;19;0;0,26;654,90;2543,66;180,33;
2026-03-17;2026-03-10;RSV;2018/2019;1084;Hovedstaden;05. 3-5 år;Alle;57585;763;908;74;8;0;0,10;128,51;1325,00;13,89;
2026-03-17;2026-03-10;RSV;2018/2019;1084;Hovedstaden;05. 3-5 år;K;28097;368;436;37;3;0;0,10;131,69;1309,75;10,68;
2026-03-17;2026-03-10;RSV;2018/2019;1084;Hovedstaden;05. 3-5 år;M;29488;395;472;37;5;0;0,09;125,47;1339,53;16,96;
2026-03-17;2026-03-10;RSV;2018/2019;1084;Hovedstaden;06. 6-14 år;Alle;183086;1082;1188;48;5;0;0,04;26,22;590,98;2,73;
2026-03-17;2026-03-10;RSV;2018/2019;1084;Hovedstaden;06. 6-14 år;K;89103;515;564;25;2;0;0,05;28,06;577,98;2,24;
2026-03-17;2026-03-10;RSV;2018/2019;1084;Hovedstaden;06. 6-14 år;M;93983;567;624;23;3;0;0,04;24,47;603,30;3,19;
2026-03-17;2026-03-10;RSV;2018/2019;1084;Hovedstaden;07. 15-44 år;Alle;784123;4765;5264;141;18;0;0,03;17,98;607,69;2,30;
2026-03-17;2026-03-10;RSV;2018/2019;1084;Hovedstaden;07. 15-44 år;K;395640;2964;3256;87;9;0;0,03;21,99;749,17;2,27;
2026-03-17;2026-03-10;RSV;2018/2019;1084;Hovedstaden;07. 15-44 år;M;388483;1801;2008;54;9;0;0,03;13,90;463,60;2,32;
2026-03-17;2026-03-10;RSV;2018/2019;1084;Hovedstaden;08. 45-64 år;Alle;445488;4440;5110;187;67;5;0,04;41,98;996,66;15,04;
2026-03-17;2026-03-10;RSV;2018/2019;1084;Hovedstaden;08. 45-64 år;K;224859;2452;2809;105;38;3;0,04;46,70;1090,46;16,90;
2026-03-17;2026-03-10;RSV;2018/2019;1084;Hovedstaden;08. 45-64 år;M;220629;1988;2301;82;29;2;0,04;37,17;901,06;13,14;
2026-03-17;2026-03-10;RSV;2018/2019;1084;Hovedstaden;09. 65-74 år;Alle;164148;2808;3334;135;76;5;0,05;82,24;1710,65;46,30;
2026-03-17;2026-03-10;RSV;2018/2019;1084;Hovedstaden;09. 65-74 år;K;88775;1410;1627;70;32;2;0,05;78,85;1588,28;36,05;
2026-03-17;2026-03-10;RSV;2018/2019;1084;Hovedstaden;09. 65-74 år;M;75373;1398;1707;65;44;3;0,05;86,24;1854,78;58,38;
2026-03-17;2026-03-10;RSV;2018/2019;1084;Hovedstaden;10. 75-84 år;Alle;86824;2364;2848;127;83;13;0,05;146,27;2722,75;95,60;
2026-03-17;2026-03-10;RSV;2018/2019;1084;Hovedstaden;10. 75-84 år;K;50404;1241;1469;67;42;7;0,05;132,93;2462,11;83,33;
2026-03-17;2026-03-10;RSV;2018/2019;1084;Hovedstaden;10. 75-84 år;M;36420;1123;1379;60;41;6;0,05;164,74;3083,47;112,58;
2026-03-17;2026-03-10;RSV;2018/2019;1084;Hovedstaden;11. 85+ år;Alle;19524;1225;1402;66;54;6;0,05;338,05;6274,33;276,58;
2026-03-17;2026-03-10;RSV;2018/2019;1084;Hovedstaden;11. 85+ år;K;13738;723;817;46;38;3;0,06;334,84;5262,77;276,61;
2026-03-17;2026-03-10;RSV;2018/2019;1084;Hovedstaden;11. 85+ år;M;5786;502;585;20;16;3;0,04;345,66;8676,11;276,53;
2026-03-17;2026-03-10;RSV;2018/2019;1084;Hovedstaden;Alle;Alle;1802256;21324;24714;2141;940;29;0,10;118,80;1183,18;52,16;
2026-03-17;2026-03-10;RSV;2018/2019;1084;Hovedstaden;Alle;K;920618;11442;13075;1064;461;15;0,09;115,57;1242,86;50,08;
2026-03-17;2026-03-10;RSV;2018/2019;1084;Hovedstaden;Alle;M;881638;9882;11639;1077;479;14;0,11;122,16;1120,87;54,33;
2026-03-17;2026-03-10;RSV;2018/2019;1082;Midtjylland;01. 0-5 måneder;Alle;6941;286;325;95;62;0;0,33;1368,68;4120,44;893,24;
2026-03-17;2026-03-10;RSV;2018/2019;1082;Midtjylland;01. 0-5 måneder;K;3318;125;138;46;29;0;0,37;1386,38;3767,33;874,02;
2026-03-17;2026-03-10;RSV;2018/2019;1082;Midtjylland;01. 0-5 måneder;M;3623;161;187;49;33;0;0,30;1352,47;4443,83;910,85;
2026-03-17;2026-03-10;RSV;2018/2019;1082;Midtjylland;02. 6-11 måneder;Alle;7652;106;123;42;21;0;0,40;548,88;1385,26;274,44;
2026-03-17;2026-03-10;RSV;2018/2019;1082;Midtjylland;02. 6-11 måneder;K;3752;47;53;18;6;0;0,38;479,74;1252,67;159,91;
2026-03-17;2026-03-10;RSV;2018/2019;1082;Midtjylland;02. 6-11 måneder;M;3900;59;70;24;15;0;0,41;615,38;1512,82;384,62;
2026-03-17;2026-03-10;RSV;2018/2019;1082;Midtjylland;03. 1 år;Alle;14998;227;258;67;22;0;0,30;446,73;1513,54;146,69;
2026-03-17;2026-03-10;RSV;2018/2019;1082;Midtjylland;03. 1 år;K;7230;90;107;25;9;0;0,28;345,78;1244,81;124,48;
2026-03-17;2026-03-10;RSV;2018/2019;1082;Midtjylland;03. 1 år;M;7768;137;151;42;13;0;0,31;540,68;1763,65;167,35;
2026-03-17;2026-03-10;RSV;2018/2019;1082;Midtjylland;04. 2 år;Alle;14926;65;80;30;8;0;0,46;200,99;435,48;53,60;
2026-03-17;2026-03-10;RSV;2018/2019;1082;Midtjylland;04. 2 år;K;7221;24;28;12;3;0;0,50;166,18;332,36;41,55;
2026-03-17;2026-03-10;RSV;2018/2019;1082;Midtjylland;04. 2 år;M;7705;41;52;18;5;0;0,44;233,61;532,12;64,89;
2026-03-17;2026-03-10;RSV;2018/2019;1082;Midtjylland;05. 3-5 år;Alle;42039;68;91;13;4;0;0,19;30,92;161,75;9,51;
2026-03-17;2026-03-10;RSV;2018/2019;1082;Midtjylland;05. 3-5 år;K;20546;25;40;4;0;0;0,16;19,47;121,68;0,00;
2026-03-17;2026-03-10;RSV;2018/2019;1082;Midtjylland;05. 3-5 år;M;21493;43;51;9;4;0;0,21;41,87;200,07;18,61;
2026-03-17;2026-03-10;RSV;2018/2019;1082;Midtjylland;06. 6-14 år;Alle;141435;63;82;3;0;0;0,05;2,12;44,54;0,00;
2026-03-17;2026-03-10;RSV;2018/2019;1082;Midtjylland;06. 6-14 år;K;69227;28;31;2;0;0;0,07;2,89;40,45;0,00;
2026-03-17;2026-03-10;RSV;2018/2019;1082;Midtjylland;06. 6-14 år;M;72208;35;51;1;0;0;0,03;1,38;48,47;0,00;
2026-03-17;2026-03-10;RSV;2018/2019;1082;Midtjylland;07. 15-44 år;Alle;513489;208;241;3;2;0;0,01;0,58;40,51;0,39;
2026-03-17;2026-03-10;RSV;2018/2019;1082;Midtjylland;07. 15-44 år;K;252563;118;139;2;1;0;0,02;0,79;46,72;0,40;
2026-03-17;2026-03-10;RSV;2018/2019;1082;Midtjylland;07. 15-44 år;M;260926;90;102;1;1;0;0,01;0,38;34,49;0,38;
2026-03-17;2026-03-10;RSV;2018/2019;1082;Midtjylland;08. 45-64 år;Alle;338562;334;370;14;8;1;0,04;4,14;98,65;2,36;
2026-03-17;2026-03-10;RSV;2018/2019;1082;Midtjylland;08. 45-64 år;K;169900;155;165;9;4;0;0,06;5,30;91,23;2,35;
2026-03-17;2026-03-10;RSV;2018/2019;1082;Midtjylland;08. 45-64 år;M;168662;179;205;5;4;1;0,03;2,96;106,13;2,37;
2026-03-17;2026-03-10;RSV;2018/2019;1082;Midtjylland;09. 65-74 år;Alle;137650;320;379;7;6;0;0,02;5,09;232,47;4,36;
2026-03-17;2026-03-10;RSV;2018/2019;1082;Midtjylland;09. 65-74 år;K;70770;126;139;0;0;0;0,00;0,00;178,04;0,00;
2026-03-17;2026-03-10;RSV;2018/2019;1082;Midtjylland;09. 65-74 år;M;66880;194;240;7;6;0;0,04;10,47;290,07;8,97;
2026-03-17;2026-03-10;RSV;2018/2019;1082;Midtjylland;10. 75-84 år;Alle;68567;242;290;10;9;1;0,04;14,58;352,94;13,13;
2026-03-17;2026-03-10;RSV;2018/2019;1082;Midtjylland;10. 75-84 år;K;37840;120;139;6;5;0;0,05;15,86;317,12;13,21;
2026-03-17;2026-03-10;RSV;2018/2019;1082;Midtjylland;10. 75-84 år;M;30727;122;151;4;4;1;0,03;13,02;397,04;13,02;
2026-03-17;2026-03-10;RSV;2018/2019;1082;Midtjylland;11. 85+ år;Alle;15164;112;121;2;2;1;0,02;13,19;738,59;13,19;
2026-03-17;2026-03-10;RSV;2018/2019;1082;Midtjylland;11. 85+ år;K;10023;67;71;2;2;1;0,03;19,95;668,46;19,95;
2026-03-17;2026-03-10;RSV;2018/2019;1082;Midtjylland;11. 85+ år;M;5141;45;50;0;0;0;0,00;0,00;875,32;0,00;
2026-03-17;2026-03-10;RSV;2018/2019;1082;Midtjylland;Alle;Alle;1301423;2031;2360;286;144;3;0,14;21,98;156,06;11,06;
2026-03-17;2026-03-10;RSV;2018/2019;1082;Midtjylland;Alle;K;652390;925;1050;126;59;1;0,14;19,31;141,79;9,04;
2026-03-17;2026-03-10;RSV;2018/2019;1082;Midtjylland;Alle;M;649033;1106;1310;160;85;2;0,14;24,65;170,41;13,10;
2026-03-17;2026-03-10;RSV;2018/2019;1081;Nordjylland;01. 0-5 måneder;Alle;2924;166;186;74;65;0;0,45;2530,78;5677,15;2222,98;
2026-03-17;2026-03-10;RSV;2018/2019;1081;Nordjylland;01. 0-5 måneder;K;1393;64;69;33;29;0;0,52;2368,99;4594,40;2081,84;
2026-03-17;2026-03-10;RSV;2018/2019;1081;Nordjylland;01. 0-5 måneder;M;1531;102;117;41;36;0;0,40;2677,99;6662,31;2351,40;
2026-03-17;2026-03-10;RSV;2018/2019;1081;Nordjylland;02. 6-11 måneder;Alle;3147;61;65;32;23;0;0,52;1016,84;1938,35;730,85;
2026-03-17;2026-03-10;RSV;2018/2019;1081;Nordjylland;02. 6-11 måneder;K;1522;37;40;20;14;0;0,54;1314,06;2431,01;919,84;
2026-03-17;2026-03-10;RSV;2018/2019;1081;Nordjylland;02. 6-11 måneder;M;1625;24;25;12;9;0;0,50;738,46;1476,92;553,85;
2026-03-17;2026-03-10;RSV;2018/2019;1081;Nordjylland;03. 1 år;Alle;6063;101;108;46;35;0;0,46;758,70;1665,84;577,27;
2026-03-17;2026-03-10;RSV;2018/2019;1081;Nordjylland;03. 1 år;K;3026;56;59;27;21;0;0,48;892,27;1850,63;693,99;
2026-03-17;2026-03-10;RSV;2018/2019;1081;Nordjylland;03. 1 år;M;3037;45;49;19;14;0;0,42;625,62;1481,73;460,98;
2026-03-17;2026-03-10;RSV;2018/2019;1081;Nordjylland;04. 2 år;Alle;6073;26;31;10;5;0;0,38;164,66;428,12;82,33;
2026-03-17;2026-03-10;RSV;2018/2019;1081;Nordjylland;04. 2 år;K;2919;9;11;5;3;0;0,56;171,29;308,32;102,77;
2026-03-17;2026-03-10;RSV;2018/2019;1081;Nordjylland;04. 2 år;M;3154;17;20;5;2;0;0,29;158,53;539,00;63,41;
2026-03-17;2026-03-10;RSV;2018/2019;1081;Nordjylland;05. 3-5 år;Alle;17319;14;15;3;2;0;0,21;17,32;80,84;11,55;
2026-03-17;2026-03-10;RSV;2018/2019;1081;Nordjylland;05. 3-5 år;K;8457;4;5;1;1;0;0,25;11,82;47,30;11,82;
2026-03-17;2026-03-10;RSV;2018/2019;1081;Nordjylland;05. 3-5 år;M;8862;10;10;2;1;0;0,20;22,57;112,84;11,28;
2026-03-17;2026-03-10;RSV;2018/2019;1081;Nordjylland;06. 6-14 år;Alle;59200;21;24;1;1;0;0,05;1,69;35,47;1,69;
2026-03-17;2026-03-10;RSV;2018/2019;1081;Nordjylland;06. 6-14 år;K;28779;12;15;0;0;0;0,00;0,00;41,70;0,00;
2026-03-17;2026-03-10;RSV;2018/2019;1081;Nordjylland;06. 6-14 år;M;30421;9;9;1;1;0;0,11;3,29;29,58;3,29;
2026-03-17;2026-03-10;RSV;2018/2019;1081;Nordjylland;07. 15-44 år;Alle;213380;15;19;0;0;0;0,00;0,00;7,03;0,00;
2026-03-17;2026-03-10;RSV;2018/2019;1081;Nordjylland;07. 15-44 år;K;102501;10;12;0;0;0;0,00;0,00;9,76;0,00;
2026-03-17;2026-03-10;RSV;2018/2019;1081;Nordjylland;07. 15-44 år;M;110879;5;7;0;0;0;0,00;0,00;4,51;0,00;
2026-03-17;2026-03-10;RSV;2018/2019;1081;Nordjylland;08. 45-64 år;Alle;155915;33;39;0;0;0;0,00;0,00;21,17;0,00;
2026-03-17;2026-03-10;RSV;2018/2019;1081;Nordjylland;08. 45-64 år;K;77824;17;19;0;0;0;0,00;0,00;21,84;0,00;
2026-03-17;2026-03-10;RSV;2018/2019;1081;Nordjylland;08. 45-64 år;M;78091;16;20;0;0;0;0,00;0,00;20,49;0,00;
2026-03-17;2026-03-10;RSV;2018/2019;1081;Nordjylland;09. 65-74 år;Alle;67505;25;31;1;0;0;0,04;1,48;37,03;0,00;
2026-03-17;2026-03-10;RSV;2018/2019;1081;Nordjylland;09. 65-74 år;K;34363;6;8;1;0;0;0,17;2,91;17,46;0,00;
2026-03-17;2026-03-10;RSV;2018/2019;1081;Nordjylland;09. 65-74 år;M;33142;19;23;0;0;0;0,00;0,00;57,33;0,00;
2026-03-17;2026-03-10;RSV;2018/2019;1081;Nordjylland;10. 75-84 år;Alle;34926;9;9;0;0;0;0,00;0,00;25,77;0,00;
2026-03-17;2026-03-10;RSV;2018/2019;1081;Nordjylland;10. 75-84 år;K;19257;3;3;0;0;0;0,00;0,00;15,58;0,00;
2026-03-17;2026-03-10;RSV;2018/2019;1081;Nordjylland;10. 75-84 år;M;15669;6;6;0;0;0;0,00;0,00;38,29;0,00;
2026-03-17;2026-03-10;RSV;2018/2019;1081;Nordjylland;11. 85+ år;Alle;7862;1;1;0;0;0;0,00;0,00;12,72;0,00;
2026-03-17;2026-03-10;RSV;2018/2019;1081;Nordjylland;11. 85+ år;K;5107;0;0;0;0;0;0,00;0,00;0,00;0,00;
2026-03-17;2026-03-10;RSV;2018/2019;1081;Nordjylland;11. 85+ år;M;2755;1;1;0;0;0;0,00;0,00;36,30;0,00;
2026-03-17;2026-03-10;RSV;2018/2019;1081;Nordjylland;Alle;Alle;574314;472;528;167;131;0;0,35;29,08;82,19;22,81;
2026-03-17;2026-03-10;RSV;2018/2019;1081;Nordjylland;Alle;K;285148;218;241;87;68;0;0,40;30,51;76,45;23,85;
2026-03-17;2026-03-10;RSV;2018/2019;1081;Nordjylland;Alle;M;289166;254;287;80;63;0;0,31;27,67;87,84;21,79;
2026-03-17;2026-03-10;RSV;2018/2019;1085;Sjælland;01. 0-5 måneder;Alle;3934;361;440;166;116;0;0,46;4219,62;9176,41;2948,65;
2026-03-17;2026-03-10;RSV;2018/2019;1085;Sjælland;01. 0-5 måneder;K;1960;149;173;72;50;0;0,48;3673,47;7602,04;2551,02;
2026-03-17;2026-03-10;RSV;2018/2019;1085;Sjælland;01. 0-5 måneder;M;1974;212;267;94;66;0;0,44;4761,90;10739,61;3343,47;
2026-03-17;2026-03-10;RSV;2018/2019;1085;Sjælland;02. 6-11 måneder;Alle;4439;225;257;99;48;0;0,44;2230,23;5068,71;1081,32;
2026-03-17;2026-03-10;RSV;2018/2019;1085;Sjælland;02. 6-11 måneder;K;2134;93;104;45;23;0;0,48;2108,72;4358,01;1077,79;
2026-03-17;2026-03-10;RSV;2018/2019;1085;Sjælland;02. 6-11 måneder;M;2305;132;153;54;25;0;0,41;2342,73;5726,68;1084,60;
2026-03-17;2026-03-10;RSV;2018/2019;1085;Sjælland;03. 1 år;Alle;8634;344;392;126;55;0;0,37;1459,35;3984,25;637,02;
2026-03-17;2026-03-10;RSV;2018/2019;1085;Sjælland;03. 1 år;K;4206;168;188;59;25;0;0,35;1402,76;3994,29;594,39;
2026-03-17;2026-03-10;RSV;2018/2019;1085;Sjælland;03. 1 år;M;4428;176;204;67;30;0;0,38;1513,10;3974,71;677,51;
2026-03-17;2026-03-10;RSV;2018/2019;1085;Sjælland;04. 2 år;Alle;8904;152;169;43;14;0;0,28;482,93;1707,10;157,23;
2026-03-17;2026-03-10;RSV;2018/2019;1085;Sjælland;04. 2 år;K;4286;63;75;19;6;0;0,30;443,30;1469,90;139,99;
2026-03-17;2026-03-10;RSV;2018/2019;1085;Sjælland;04. 2 år;M;4618;89;94;24;8;0;0,27;519,71;1927,24;173,24;
2026-03-17;2026-03-10;RSV;2018/2019;1085;Sjælland;05. 3-5 år;Alle;25241;209;244;25;7;0;0,12;99,05;828,02;27,73;
2026-03-17;2026-03-10;RSV;2018/2019;1085;Sjælland;05. 3-5 år;K;12193;105;126;15;5;0;0,14;123,02;861,15;41,01;
2026-03-17;2026-03-10;RSV;2018/2019;1085;Sjælland;05. 3-5 år;M;13048;104;118;10;2;0;0,10;76,64;797,06;15,33;
2026-03-17;2026-03-10;RSV;2018/2019;1085;Sjælland;06. 6-14 år;Alle;88535;230;251;12;3;0;0,05;13,55;259,78;3,39;
2026-03-17;2026-03-10;RSV;2018/2019;1085;Sjælland;06. 6-14 år;K;43118;111;125;8;2;0;0,07;18,55;257,43;4,64;
2026-03-17;2026-03-10;RSV;2018/2019;1085;Sjælland;06. 6-14 år;M;45417;119;126;4;1;0;0,03;8,81;262,02;2,20;
2026-03-17;2026-03-10;RSV;2018/2019;1085;Sjælland;07. 15-44 år;Alle;274393;1135;1248;34;7;0;0,03;12,39;413,64;2,55;
2026-03-17;2026-03-10;RSV;2018/2019;1085;Sjælland;07. 15-44 år;K;134336;671;744;22;6;0;0,03;16,38;499,49;4,47;
2026-03-17;2026-03-10;RSV;2018/2019;1085;Sjælland;07. 15-44 år;M;140057;464;504;12;1;0;0,03;8,57;331,29;0,71;
2026-03-17;2026-03-10;RSV;2018/2019;1085;Sjælland;08. 45-64 år;Alle;241456;1507;1719;62;23;2;0,04;25,68;624,13;9,53;
2026-03-17;2026-03-10;RSV;2018/2019;1085;Sjælland;08. 45-64 år;K;121448;820;919;38;13;1;0,05;31,29;675,19;10,70;
2026-03-17;2026-03-10;RSV;2018/2019;1085;Sjælland;08. 45-64 år;M;120008;687;800;24;10;1;0,03;20,00;572,46;8,33;
2026-03-17;2026-03-10;RSV;2018/2019;1085;Sjælland;09. 65-74 år;Alle;102705;996;1160;57;38;3;0,06;55,50;969,77;37,00;
2026-03-17;2026-03-10;RSV;2018/2019;1085;Sjælland;09. 65-74 år;K;53448;453;521;24;19;1;0,05;44,90;847,55;35,55;
2026-03-17;2026-03-10;RSV;2018/2019;1085;Sjælland;09. 65-74 år;M;49257;543;639;33;19;2;0,06;67,00;1102,38;38,57;
2026-03-17;2026-03-10;RSV;2018/2019;1085;Sjælland;10. 75-84 år;Alle;51909;828;932;42;29;6;0,05;80,91;1595,10;55,87;
2026-03-17;2026-03-10;RSV;2018/2019;1085;Sjælland;10. 75-84 år;K;28685;412;455;29;18;3;0,07;101,10;1436,29;62,75;
2026-03-17;2026-03-10;RSV;2018/2019;1085;Sjælland;10. 75-84 år;M;23224;416;477;13;11;3;0,03;55,98;1791,25;47,36;
2026-03-17;2026-03-10;RSV;2018/2019;1085;Sjælland;11. 85+ år;Alle;10215;317;342;22;17;4;0,07;215,37;3103,28;166,42;
2026-03-17;2026-03-10;RSV;2018/2019;1085;Sjælland;11. 85+ år;K;6854;179;195;17;12;1;0,09;248,03;2611,61;175,08;
2026-03-17;2026-03-10;RSV;2018/2019;1085;Sjælland;11. 85+ år;M;3361;138;147;5;5;3;0,04;148,77;4105,92;148,77;
2026-03-17;2026-03-10;RSV;2018/2019;1085;Sjælland;Alle;Alle;820365;6304;7154;688;357;15;0,11;83,87;768,44;43,52;
2026-03-17;2026-03-10;RSV;2018/2019;1085;Sjælland;Alle;K;412668;3224;3625;348;179;6;0,11;84,33;781,26;43,38;
2026-03-17;2026-03-10;RSV;2018/2019;1085;Sjælland;Alle;M;407697;3080;3529;340;178;9;0,11;83,40;755,46;43,66;
2026-03-17;2026-03-10;RSV;2018/2019;1083;Syddanmark;01. 0-5 måneder;Alle;6065;539;617;219;161;0;0,41;3610,88;8887,06;2654,58;
2026-03-17;2026-03-10;RSV;2018/2019;1083;Syddanmark;01. 0-5 måneder;K;2938;235;273;85;62;0;0,36;2893,12;7998,64;2110,28;
2026-03-17;2026-03-10;RSV;2018/2019;1083;Syddanmark;01. 0-5 måneder;M;3127;304;344;134;99;0;0,44;4285,26;9721,78;3165,97;
2026-03-17;2026-03-10;RSV;2018/2019;1083;Syddanmark;02. 6-11 måneder;Alle;6716;228;256;102;59;0;0,45;1518,76;3394,88;878,50;
2026-03-17;2026-03-10;RSV;2018/2019;1083;Syddanmark;02. 6-11 måneder;K;3241;88;109;31;18;0;0,35;956,49;2715,21;555,38;
2026-03-17;2026-03-10;RSV;2018/2019;1083;Syddanmark;02. 6-11 måneder;M;3475;140;147;71;41;0;0,51;2043,17;4028,78;1179,86;
2026-03-17;2026-03-10;RSV;2018/2019;1083;Syddanmark;03. 1 år;Alle;12780;329;356;128;59;0;0,39;1001,56;2574,33;461,66;
2026-03-17;2026-03-10;RSV;2018/2019;1083;Syddanmark;03. 1 år;K;6171;145;151;53;21;0;0,37;858,86;2349,70;340,30;
2026-03-17;2026-03-10;RSV;2018/2019;1083;Syddanmark;03. 1 år;M;6609;184;205;75;38;0;0,41;1134,82;2784,08;574,97;
2026-03-17;2026-03-10;RSV;2018/2019;1083;Syddanmark;04. 2 år;Alle;12810;106;134;24;7;0;0,23;187,35;827,48;54,64;
2026-03-17;2026-03-10;RSV;2018/2019;1083;Syddanmark;04. 2 år;K;6205;53;70;12;3;0;0,23;193,39;854,15;48,35;
2026-03-17;2026-03-10;RSV;2018/2019;1083;Syddanmark;04. 2 år;M;6605;53;64;12;4;0;0,23;181,68;802,42;60,56;
2026-03-17;2026-03-10;RSV;2018/2019;1083;Syddanmark;05. 3-5 år;Alle;37465;171;196;20;7;0;0,12;53,38;456,43;18,68;
2026-03-17;2026-03-10;RSV;2018/2019;1083;Syddanmark;05. 3-5 år;K;18201;68;81;7;2;0;0,10;38,46;373,61;10,99;
2026-03-17;2026-03-10;RSV;2018/2019;1083;Syddanmark;05. 3-5 år;M;19264;103;115;13;5;0;0,13;67,48;534,68;25,96;
2026-03-17;2026-03-10;RSV;2018/2019;1083;Syddanmark;06. 6-14 år;Alle;128589;158;184;9;4;0;0,06;7,00;122,87;3,11;
2026-03-17;2026-03-10;RSV;2018/2019;1083;Syddanmark;06. 6-14 år;K;62780;74;81;7;3;0;0,09;11,15;117,87;4,78;
2026-03-17;2026-03-10;RSV;2018/2019;1083;Syddanmark;06. 6-14 år;M;65809;84;103;2;1;0;0,02;3,04;127,64;1,52;
2026-03-17;2026-03-10;RSV;2018/2019;1083;Syddanmark;07. 15-44 år;Alle;430592;753;869;18;8;0;0,02;4,18;174,88;1,86;
2026-03-17;2026-03-10;RSV;2018/2019;1083;Syddanmark;07. 15-44 år;K;210332;429;486;10;4;0;0,02;4,75;203,96;1,90;
2026-03-17;2026-03-10;RSV;2018/2019;1083;Syddanmark;07. 15-44 år;M;220260;324;383;8;4;0;0,02;3,63;147,10;1,82;
2026-03-17;2026-03-10;RSV;2018/2019;1083;Syddanmark;08. 45-64 år;Alle;332193;1004;1225;35;18;0;0,03;10,54;302,23;5,42;
2026-03-17;2026-03-10;RSV;2018/2019;1083;Syddanmark;08. 45-64 år;K;166074;514;575;17;7;0;0,03;10,24;309,50;4,21;
2026-03-17;2026-03-10;RSV;2018/2019;1083;Syddanmark;08. 45-64 år;M;166119;490;650;18;11;0;0,04;10,84;294,97;6,62;
2026-03-17;2026-03-10;RSV;2018/2019;1083;Syddanmark;09. 65-74 år;Alle;137571;765;967;36;24;3;0,05;26,17;556,08;17,45;
2026-03-17;2026-03-10;RSV;2018/2019;1083;Syddanmark;09. 65-74 år;K;70811;326;390;16;10;2;0,05;22,60;460,38;14,12;
2026-03-17;2026-03-10;RSV;2018/2019;1083;Syddanmark;09. 65-74 år;M;66760;439;577;20;14;1;0,05;29,96;657,58;20,97;
2026-03-17;2026-03-10;RSV;2018/2019;1083;Syddanmark;10. 75-84 år;Alle;73047;665;831;37;31;0;0,06;50,65;910,37;42,44;
2026-03-17;2026-03-10;RSV;2018/2019;1083;Syddanmark;10. 75-84 år;K;40422;296;357;23;20;0;0,08;56,90;732,27;49,48;
2026-03-17;2026-03-10;RSV;2018/2019;1083;Syddanmark;10. 75-84 år;M;32625;369;474;14;11;0;0,04;42,91;1131,03;33,72;
2026-03-17;2026-03-10;RSV;2018/2019;1083;Syddanmark;11. 85+ år;Alle;16288;299;332;16;14;5;0,05;98,23;1835,71;85,95;
2026-03-17;2026-03-10;RSV;2018/2019;1083;Syddanmark;11. 85+ år;K;10913;145;157;8;6;3;0,06;73,31;1328,69;54,98;
2026-03-17;2026-03-10;RSV;2018/2019;1083;Syddanmark;11. 85+ år;M;5375;154;175;8;8;2;0,05;148,84;2865,12;148,84;
2026-03-17;2026-03-10;RSV;2018/2019;1083;Syddanmark;Alle;Alle;1194116;5017;5967;644;392;8;0,13;53,93;420,14;32,83;
2026-03-17;2026-03-10;RSV;2018/2019;1083;Syddanmark;Alle;K;598088;2373;2730;269;156;5;0,11;44,98;396,76;26,08;
2026-03-17;2026-03-10;RSV;2018/2019;1083;Syddanmark;Alle;M;596028;2644;3237;375;236;3;0,14;62,92;443,60;39,60;
2026-03-17;2026-03-10;RSV;2019/2020;9999;Alle;01. 0-5 måneder;Alle;29870;3670;4235;1405;825;1;0,38;4703,72;12286,58;2761,97;
2026-03-17;2026-03-10;RSV;2019/2020;9999;Alle;01. 0-5 måneder;K;14642;1609;1770;652;368;1;0,41;4452,94;10988,94;2513,32;
2026-03-17;2026-03-10;RSV;2019/2020;9999;Alle;01. 0-5 måneder;M;15228;2061;2272;753;457;0;0,37;4944,84;13534,28;3001,05;
2026-03-17;2026-03-10;RSV;2019/2020;9999;Alle;02. 6-11 måneder;Alle;32791;1693;2027;590;275;0;0,35;1799,27;5163,00;838,64;
2026-03-17;2026-03-10;RSV;2019/2020;9999;Alle;02. 6-11 måneder;K;15884;705;795;223;94;0;0,32;1403,93;4438,43;591,79;
2026-03-17;2026-03-10;RSV;2019/2020;9999;Alle;02. 6-11 måneder;M;16907;988;1135;367;181;0;0,37;2170,70;5843,73;1070,56;
2026-03-17;2026-03-10;RSV;2019/2020;9999;Alle;03. 1 år;Alle;62134;2595;3005;955;380;2;0,37;1537,00;4176,46;611,58;
2026-03-17;2026-03-10;RSV;2019/2020;9999;Alle;03. 1 år;K;30200;1196;1329;446;183;0;0,37;1476,82;3960,26;605,96;
2026-03-17;2026-03-10;RSV;2019/2020;9999;Alle;03. 1 år;M;31934;1399;1575;509;197;2;0,36;1593,91;4380,91;616,90;
2026-03-17;2026-03-10;RSV;2019/2020;9999;Alle;04. 2 år;Alle;62939;1081;1272;295;88;0;0,27;468,71;1717,54;139,82;
2026-03-17;2026-03-10;RSV;2019/2020;9999;Alle;04. 2 år;K;30630;497;540;126;40;0;0,25;411,36;1622,59;130,59;
2026-03-17;2026-03-10;RSV;2019/2020;9999;Alle;04. 2 år;M;32309;584;685;169;48;0;0,29;523,07;1807,55;148,57;
2026-03-17;2026-03-10;RSV;2019/2020;9999;Alle;05. 3-5 år;Alle;184024;1691;1911;196;47;0;0,12;106,51;918,90;25,54;
2026-03-17;2026-03-10;RSV;2019/2020;9999;Alle;05. 3-5 år;K;89371;820;890;98;22;0;0,12;109,66;917,52;24,62;
2026-03-17;2026-03-10;RSV;2019/2020;9999;Alle;05. 3-5 år;M;94653;871;957;98;25;0;0,11;103,54;920,20;26,41;
2026-03-17;2026-03-10;RSV;2019/2020;9999;Alle;06. 6-14 år;Alle;591109;2674;2919;78;14;0;0,03;13,20;452,37;2,37;
2026-03-17;2026-03-10;RSV;2019/2020;9999;Alle;06. 6-14 år;K;288152;1231;1290;40;6;0;0,03;13,88;427,21;2,08;
2026-03-17;2026-03-10;RSV;2019/2020;9999;Alle;06. 6-14 år;M;302957;1443;1537;38;8;0;0,03;12,54;476,31;2,64;
2026-03-17;2026-03-10;RSV;2019/2020;9999;Alle;07. 15-44 år;Alle;2206142;11675;12706;253;64;1;0,02;11,47;529,20;2,90;
2026-03-17;2026-03-10;RSV;2019/2020;9999;Alle;07. 15-44 år;K;1089473;7015;7017;173;43;1;0,02;15,88;643,89;3,95;
2026-03-17;2026-03-10;RSV;2019/2020;9999;Alle;07. 15-44 år;M;1116669;4660;4691;80;21;0;0,02;7,16;417,31;1,88;
2026-03-17;2026-03-10;RSV;2019/2020;9999;Alle;08. 45-64 år;Alle;1528066;10497;12036;272;119;5;0,03;17,80;686,95;7,79;
2026-03-17;2026-03-10;RSV;2019/2020;9999;Alle;08. 45-64 år;K;766759;5660;6253;151;58;2;0,03;19,69;738,17;7,56;
2026-03-17;2026-03-10;RSV;2019/2020;9999;Alle;08. 45-64 år;M;761307;4837;5509;121;61;3;0,03;15,89;635,35;8,01;
2026-03-17;2026-03-10;RSV;2019/2020;9999;Alle;09. 65-74 år;Alle;617627;6697;8014;218;140;8;0,03;35,30;1084,31;22,67;
2026-03-17;2026-03-10;RSV;2019/2020;9999;Alle;09. 65-74 år;K;321118;3156;3642;122;75;3;0,04;37,99;982,82;23,36;
2026-03-17;2026-03-10;RSV;2019/2020;9999;Alle;09. 65-74 år;M;296509;3541;4278;96;65;5;0,03;32,38;1194,23;21,92;
2026-03-17;2026-03-10;RSV;2019/2020;9999;Alle;10. 75-84 år;Alle;354485;6334;7500;177;133;11;0,03;49,93;1786,82;37,52;
2026-03-17;2026-03-10;RSV;2019/2020;9999;Alle;10. 75-84 år;K;196297;3077;3556;95;69;5;0,03;48,40;1567,52;35,15;
2026-03-17;2026-03-10;RSV;2019/2020;9999;Alle;10. 75-84 år;M;158188;3257;3874;82;64;6;0,03;51,84;2058,94;40,46;
2026-03-17;2026-03-10;RSV;2019/2020;9999;Alle;11. 85+ år;Alle;85611;3055;3492;107;95;23;0,04;124,98;3568,47;110,97;
2026-03-17;2026-03-10;RSV;2019/2020;9999;Alle;11. 85+ år;K;56750;1714;1929;68;60;12;0,04;119,82;3020,26;105,73;
2026-03-17;2026-03-10;RSV;2019/2020;9999;Alle;11. 85+ år;M;28861;1341;1542;39;35;11;0,03;135,13;4646,41;121,27;
2026-03-17;2026-03-10;RSV;2019/2020;9999;Alle;Alle;Alle;5754798;51662;59117;4546;2180;51;0,09;78,99;897,72;37,88;
2026-03-17;2026-03-10;RSV;2019/2020;9999;Alle;Alle;K;2899276;26680;29011;2194;1018;24;0,08;75,67;920,23;35,11;
2026-03-17;2026-03-10;RSV;2019/2020;9999;Alle;Alle;M;2855522;24982;28055;2352;1162;27;0,09;82,37;874,87;40,69;
2026-03-17;2026-03-10;RSV;2019/2020;1084;Hovedstaden;01. 0-5 måneder;Alle;10072;1678;1966;569;280;0;0,34;5649,32;16660,05;2779,98;
2026-03-17;2026-03-10;RSV;2019/2020;1084;Hovedstaden;01. 0-5 måneder;K;4950;764;891;270;128;0;0,35;5454,55;15434,34;2585,86;
2026-03-17;2026-03-10;RSV;2019/2020;1084;Hovedstaden;01. 0-5 måneder;M;5122;914;1075;299;152;0;0,33;5837,56;17844,59;2967,59;
2026-03-17;2026-03-10;RSV;2019/2020;1084;Hovedstaden;02. 6-11 måneder;Alle;11260;764;966;203;85;0;0,27;1802,84;6785,08;754,88;
2026-03-17;2026-03-10;RSV;2019/2020;1084;Hovedstaden;02. 6-11 måneder;K;5428;325;403;76;26;0;0,23;1400,15;5987,47;479,00;
2026-03-17;2026-03-10;RSV;2019/2020;1084;Hovedstaden;02. 6-11 måneder;M;5832;439;563;127;59;0;0,29;2177,64;7527,43;1011,66;
2026-03-17;2026-03-10;RSV;2019/2020;1084;Hovedstaden;03. 1 år;Alle;20429;1239;1493;421;175;0;0,34;2060,80;6064,91;856,63;
2026-03-17;2026-03-10;RSV;2019/2020;1084;Hovedstaden;03. 1 år;K;9996;586;701;202;88;0;0,34;2020,81;5862,34;880,35;
2026-03-17;2026-03-10;RSV;2019/2020;1084;Hovedstaden;03. 1 år;M;10433;653;792;219;87;0;0,34;2099,11;6258,99;833,89;
2026-03-17;2026-03-10;RSV;2019/2020;1084;Hovedstaden;04. 2 år;Alle;20473;556;676;147;44;0;0,26;718,02;2715,77;214,92;
2026-03-17;2026-03-10;RSV;2019/2020;1084;Hovedstaden;04. 2 år;K;9995;254;301;58;18;0;0,23;580,29;2541,27;180,09;
2026-03-17;2026-03-10;RSV;2019/2020;1084;Hovedstaden;04. 2 år;M;10478;302;375;89;26;0;0,29;849,40;2882,23;248,14;
2026-03-17;2026-03-10;RSV;2019/2020;1084;Hovedstaden;05. 3-5 år;Alle;59314;894;1005;79;17;0;0,09;133,19;1507,23;28,66;
2026-03-17;2026-03-10;RSV;2019/2020;1084;Hovedstaden;05. 3-5 år;K;28871;427;474;43;10;0;0,10;148,94;1478,99;34,64;
2026-03-17;2026-03-10;RSV;2019/2020;1084;Hovedstaden;05. 3-5 år;M;30443;467;531;36;7;0;0,08;118,25;1534,01;22,99;
2026-03-17;2026-03-10;RSV;2019/2020;1084;Hovedstaden;06. 6-14 år;Alle;181956;1493;1643;41;7;0;0,03;22,53;820,53;3,85;
2026-03-17;2026-03-10;RSV;2019/2020;1084;Hovedstaden;06. 6-14 år;K;88588;687;751;20;3;0;0,03;22,58;775,50;3,39;
2026-03-17;2026-03-10;RSV;2019/2020;1084;Hovedstaden;06. 6-14 år;M;93368;806;892;21;4;0;0,03;22,49;863,25;4,28;
2026-03-17;2026-03-10;RSV;2019/2020;1084;Hovedstaden;07. 15-44 år;Alle;778111;6491;7095;134;27;0;0,02;17,22;834,20;3,47;
2026-03-17;2026-03-10;RSV;2019/2020;1084;Hovedstaden;07. 15-44 år;K;392369;3945;4309;94;22;0;0,02;23,96;1005,43;5,61;
2026-03-17;2026-03-10;RSV;2019/2020;1084;Hovedstaden;07. 15-44 år;M;385742;2546;2786;40;5;0;0,02;10,37;660,03;1,30;
2026-03-17;2026-03-10;RSV;2019/2020;1084;Hovedstaden;08. 45-64 år;Alle;454500;5448;6284;121;48;3;0,02;26,62;1198,68;10,56;
2026-03-17;2026-03-10;RSV;2019/2020;1084;Hovedstaden;08. 45-64 år;K;228956;3018;3416;71;26;1;0,02;31,01;1318,16;11,36;
2026-03-17;2026-03-10;RSV;2019/2020;1084;Hovedstaden;08. 45-64 år;M;225544;2430;2868;50;22;2;0,02;22,17;1077,40;9,75;
2026-03-17;2026-03-10;RSV;2019/2020;1084;Hovedstaden;09. 65-74 år;Alle;165387;3275;3972;92;58;3;0,03;55,63;1980,20;35,07;
2026-03-17;2026-03-10;RSV;2019/2020;1084;Hovedstaden;09. 65-74 år;K;88968;1607;1925;50;31;2;0,03;56,20;1806,27;34,84;
2026-03-17;2026-03-10;RSV;2019/2020;1084;Hovedstaden;09. 65-74 år;M;76419;1668;2047;42;27;1;0,03;54,96;2182,70;35,33;
2026-03-17;2026-03-10;RSV;2019/2020;1084;Hovedstaden;10. 75-84 år;Alle;97981;3147;3835;94;66;4;0,03;95,94;3211,85;67,36;
2026-03-17;2026-03-10;RSV;2019/2020;1084;Hovedstaden;10. 75-84 år;K;56279;1596;1919;51;34;2;0,03;90,62;2835,87;60,41;
2026-03-17;2026-03-10;RSV;2019/2020;1084;Hovedstaden;10. 75-84 år;M;41702;1551;1916;43;32;2;0,03;103,11;3719,25;76,73;
2026-03-17;2026-03-10;RSV;2019/2020;1084;Hovedstaden;11. 85+ år;Alle;23997;1604;1879;57;51;12;0,04;237,53;6684,17;212,53;
2026-03-17;2026-03-10;RSV;2019/2020;1084;Hovedstaden;11. 85+ år;K;16543;946;1092;36;32;6;0,04;217,61;5718,43;193,44;
2026-03-17;2026-03-10;RSV;2019/2020;1084;Hovedstaden;11. 85+ år;M;7454;658;787;21;19;6;0,03;281,73;8827,48;254,90;
2026-03-17;2026-03-10;RSV;2019/2020;1084;Hovedstaden;Alle;Alle;1823480;26589;30814;1958;858;22;0,07;107,38;1458,15;47,05;
2026-03-17;2026-03-10;RSV;2019/2020;1084;Hovedstaden;Alle;K;930943;14155;16182;971;418;11;0,07;104,30;1520,50;44,90;
2026-03-17;2026-03-10;RSV;2019/2020;1084;Hovedstaden;Alle;M;892537;12434;14632;987;440;11;0,08;110,58;1393,11;49,30;
2026-03-17;2026-03-10;RSV;2019/2020;1082;Midtjylland;01. 0-5 måneder;Alle;7142;543;600;251;149;0;0,46;3514,42;7602,91;2086,25;
2026-03-17;2026-03-10;RSV;2019/2020;1082;Midtjylland;01. 0-5 måneder;K;3510;247;273;123;70;0;0,50;3504,27;7037,04;1994,30;
2026-03-17;2026-03-10;RSV;2019/2020;1082;Midtjylland;01. 0-5 måneder;M;3632;296;327;128;79;0;0,43;3524,23;8149,78;2175,11;
2026-03-17;2026-03-10;RSV;2019/2020;1082;Midtjylland;02. 6-11 måneder;Alle;7629;219;250;93;52;0;0,42;1219,03;2870,63;681,61;
2026-03-17;2026-03-10;RSV;2019/2020;1082;Midtjylland;02. 6-11 måneder;K;3730;98;107;44;25;0;0,45;1179,62;2627,35;670,24;
2026-03-17;2026-03-10;RSV;2019/2020;1082;Midtjylland;02. 6-11 måneder;M;3899;121;143;49;27;0;0,40;1256,73;3103,36;692,49;
2026-03-17;2026-03-10;RSV;2019/2020;1082;Midtjylland;03. 1 år;Alle;14554;309;339;135;61;0;0,44;927,58;2123,13;419,13;
2026-03-17;2026-03-10;RSV;2019/2020;1082;Midtjylland;03. 1 år;K;7048;129;140;54;27;0;0,42;766,17;1830,31;383,09;
2026-03-17;2026-03-10;RSV;2019/2020;1082;Midtjylland;03. 1 år;M;7506;180;199;81;34;0;0,45;1079,14;2398,08;452,97;
2026-03-17;2026-03-10;RSV;2019/2020;1082;Midtjylland;04. 2 år;Alle;14989;104;119;30;6;0;0,29;200,15;693,84;40,03;
2026-03-17;2026-03-10;RSV;2019/2020;1082;Midtjylland;04. 2 år;K;7228;59;64;19;4;0;0,32;262,87;816,27;55,34;
2026-03-17;2026-03-10;RSV;2019/2020;1082;Midtjylland;04. 2 år;M;7761;45;55;11;2;0;0,24;141,73;579,82;25,77;
2026-03-17;2026-03-10;RSV;2019/2020;1082;Midtjylland;05. 3-5 år;Alle;43201;137;161;21;7;0;0,15;48,61;317,12;16,20;
2026-03-17;2026-03-10;RSV;2019/2020;1082;Midtjylland;05. 3-5 år;K;20986;55;72;6;2;0;0,11;28,59;262,08;9,53;
2026-03-17;2026-03-10;RSV;2019/2020;1082;Midtjylland;05. 3-5 år;M;22215;82;89;15;5;0;0,18;67,52;369,12;22,51;
2026-03-17;2026-03-10;RSV;2019/2020;1082;Midtjylland;06. 6-14 år;Alle;138825;161;186;7;2;0;0,04;5,04;115,97;1,44;
2026-03-17;2026-03-10;RSV;2019/2020;1082;Midtjylland;06. 6-14 år;K;67937;84;97;5;2;0;0,06;7,36;123,64;2,94;
2026-03-17;2026-03-10;RSV;2019/2020;1082;Midtjylland;06. 6-14 år;M;70888;77;89;2;0;0;0,03;2,82;108,62;0,00;
2026-03-17;2026-03-10;RSV;2019/2020;1082;Midtjylland;07. 15-44 år;Alle;512503;618;656;14;8;0;0,02;2,73;120,58;1,56;
2026-03-17;2026-03-10;RSV;2019/2020;1082;Midtjylland;07. 15-44 år;K;251951;377;399;10;6;0;0,03;3,97;149,63;2,38;
2026-03-17;2026-03-10;RSV;2019/2020;1082;Midtjylland;07. 15-44 år;M;260552;241;257;4;2;0;0,02;1,54;92,50;0,77;
2026-03-17;2026-03-10;RSV;2019/2020;1082;Midtjylland;08. 45-64 år;Alle;341158;781;874;32;17;1;0,04;9,38;228,93;4,98;
2026-03-17;2026-03-10;RSV;2019/2020;1082;Midtjylland;08. 45-64 år;K;171053;391;421;22;11;0;0,06;12,86;228,58;6,43;
2026-03-17;2026-03-10;RSV;2019/2020;1082;Midtjylland;08. 45-64 år;M;170105;390;453;10;6;1;0,03;5,88;229,27;3,53;
2026-03-17;2026-03-10;RSV;2019/2020;1082;Midtjylland;09. 65-74 år;Alle;140354;536;621;17;11;1;0,03;12,11;381,89;7,84;
2026-03-17;2026-03-10;RSV;2019/2020;1082;Midtjylland;09. 65-74 år;K;71923;220;242;9;5;0;0,04;12,51;305,88;6,95;
2026-03-17;2026-03-10;RSV;2019/2020;1082;Midtjylland;09. 65-74 år;M;68431;316;379;8;6;1;0,03;11,69;461,78;8,77;
2026-03-17;2026-03-10;RSV;2019/2020;1082;Midtjylland;10. 75-84 år;Alle;76817;517;563;17;17;3;0,03;22,13;673,03;22,13;
2026-03-17;2026-03-10;RSV;2019/2020;1082;Midtjylland;10. 75-84 år;K;41911;222;233;7;7;1;0,03;16,70;529,69;16,70;
2026-03-17;2026-03-10;RSV;2019/2020;1082;Midtjylland;10. 75-84 år;M;34906;295;330;10;10;2;0,03;28,65;845,13;28,65;
2026-03-17;2026-03-10;RSV;2019/2020;1082;Midtjylland;11. 85+ år;Alle;18942;244;267;7;6;0;0,03;36,95;1288,14;31,68;
2026-03-17;2026-03-10;RSV;2019/2020;1082;Midtjylland;11. 85+ år;K;12314;138;149;5;4;0;0,04;40,60;1120,68;32,48;
2026-03-17;2026-03-10;RSV;2019/2020;1082;Midtjylland;11. 85+ år;M;6628;106;118;2;2;0;0,02;30,18;1599,28;30,18;
2026-03-17;2026-03-10;RSV;2019/2020;1082;Midtjylland;Alle;Alle;1316114;4169;4636;624;336;5;0,15;47,41;316,77;25,53;
2026-03-17;2026-03-10;RSV;2019/2020;1082;Midtjylland;Alle;K;659591;2020;2197;304;163;1;0,15;46,09;306,25;24,71;
2026-03-17;2026-03-10;RSV;2019/2020;1082;Midtjylland;Alle;M;656523;2149;2439;320;173;4;0,15;48,74;327,33;26,35;
2026-03-17;2026-03-10;RSV;2019/2020;1081;Nordjylland;01. 0-5 måneder;Alle;2885;208;230;113;96;1;0,54;3916,81;7209,71;3327,56;
2026-03-17;2026-03-10;RSV;2019/2020;1081;Nordjylland;01. 0-5 måneder;K;1420;91;97;51;41;1;0,56;3591,55;6408,45;2887,32;
2026-03-17;2026-03-10;RSV;2019/2020;1081;Nordjylland;01. 0-5 måneder;M;1465;117;133;62;55;0;0,53;4232,08;7986,35;3754,27;
2026-03-17;2026-03-10;RSV;2019/2020;1081;Nordjylland;02. 6-11 måneder;Alle;3129;69;80;42;34;0;0,61;1342,28;2205,18;1086,61;
2026-03-17;2026-03-10;RSV;2019/2020;1081;Nordjylland;02. 6-11 måneder;K;1507;24;24;13;8;0;0,54;862,64;1592,57;530,86;
2026-03-17;2026-03-10;RSV;2019/2020;1081;Nordjylland;02. 6-11 måneder;M;1622;45;56;29;26;0;0,64;1787,92;2774,35;1602,96;
2026-03-17;2026-03-10;RSV;2019/2020;1081;Nordjylland;03. 1 år;Alle;6055;95;110;39;28;1;0,41;644,10;1568,95;462,43;
2026-03-17;2026-03-10;RSV;2019/2020;1081;Nordjylland;03. 1 år;K;2909;43;48;18;14;0;0,42;618,77;1478,17;481,27;
2026-03-17;2026-03-10;RSV;2019/2020;1081;Nordjylland;03. 1 år;M;3146;52;62;21;14;1;0,40;667,51;1652,89;445,01;
2026-03-17;2026-03-10;RSV;2019/2020;1081;Nordjylland;04. 2 år;Alle;6061;29;36;8;7;0;0,28;131,99;478,47;115,49;
2026-03-17;2026-03-10;RSV;2019/2020;1081;Nordjylland;04. 2 år;K;3028;13;16;4;4;0;0,31;132,10;429,33;132,10;
2026-03-17;2026-03-10;RSV;2019/2020;1081;Nordjylland;04. 2 år;M;3033;16;20;4;3;0;0,25;131,88;527,53;98,91;
2026-03-17;2026-03-10;RSV;2019/2020;1081;Nordjylland;05. 3-5 år;Alle;17762;23;35;6;5;0;0,26;33,78;129,49;28,15;
2026-03-17;2026-03-10;RSV;2019/2020;1081;Nordjylland;05. 3-5 år;K;8669;11;19;4;4;0;0,36;46,14;126,89;46,14;
2026-03-17;2026-03-10;RSV;2019/2020;1081;Nordjylland;05. 3-5 år;M;9093;12;16;2;1;0;0,17;21,99;131,97;11,00;
2026-03-17;2026-03-10;RSV;2019/2020;1081;Nordjylland;06. 6-14 år;Alle;57926;31;34;0;0;0;0,00;0,00;53,52;0,00;
2026-03-17;2026-03-10;RSV;2019/2020;1081;Nordjylland;06. 6-14 år;K;28128;16;16;0;0;0;0,00;0,00;56,88;0,00;
2026-03-17;2026-03-10;RSV;2019/2020;1081;Nordjylland;06. 6-14 år;M;29798;15;18;0;0;0;0,00;0,00;50,34;0,00;
2026-03-17;2026-03-10;RSV;2019/2020;1081;Nordjylland;07. 15-44 år;Alle;213031;294;304;5;4;0;0,02;2,35;138,01;1,88;
2026-03-17;2026-03-10;RSV;2019/2020;1081;Nordjylland;07. 15-44 år;K;102278;190;198;2;1;0;0,01;1,96;185,77;0,98;
2026-03-17;2026-03-10;RSV;2019/2020;1081;Nordjylland;07. 15-44 år;M;110753;104;106;3;3;0;0,03;2,71;93,90;2,71;
2026-03-17;2026-03-10;RSV;2019/2020;1081;Nordjylland;08. 45-64 år;Alle;156091;384;403;4;1;0;0,01;2,56;246,01;0,64;
2026-03-17;2026-03-10;RSV;2019/2020;1081;Nordjylland;08. 45-64 år;K;77863;204;214;2;0;0;0,01;2,57;262,00;0,00;
2026-03-17;2026-03-10;RSV;2019/2020;1081;Nordjylland;08. 45-64 år;M;78228;180;189;2;1;0;0,01;2,56;230,10;1,28;
2026-03-17;2026-03-10;RSV;2019/2020;1081;Nordjylland;09. 65-74 år;Alle;68420;246;276;3;2;0;0,01;4,38;359,54;2,92;
2026-03-17;2026-03-10;RSV;2019/2020;1081;Nordjylland;09. 65-74 år;K;34712;104;105;2;2;0;0,02;5,76;299,61;5,76;
2026-03-17;2026-03-10;RSV;2019/2020;1081;Nordjylland;09. 65-74 år;M;33708;142;171;1;0;0;0,01;2,97;421,26;0,00;
2026-03-17;2026-03-10;RSV;2019/2020;1081;Nordjylland;10. 75-84 år;Alle;39198;207;228;1;1;0;0,00;2,55;528,09;2,55;
2026-03-17;2026-03-10;RSV;2019/2020;1081;Nordjylland;10. 75-84 år;K;21322;88;99;0;0;0;0,00;0,00;412,72;0,00;
2026-03-17;2026-03-10;RSV;2019/2020;1081;Nordjylland;10. 75-84 år;M;17876;119;129;1;1;0;0,01;5,59;665,70;5,59;
2026-03-17;2026-03-10;RSV;2019/2020;1081;Nordjylland;11. 85+ år;Alle;9739;103;108;0;0;0;0,00;0,00;1057,60;0,00;
2026-03-17;2026-03-10;RSV;2019/2020;1081;Nordjylland;11. 85+ år;K;6224;53;56;0;0;0;0,00;0,00;851,54;0,00;
2026-03-17;2026-03-10;RSV;2019/2020;1081;Nordjylland;11. 85+ år;M;3515;50;52;0;0;0;0,00;0,00;1422,48;0,00;
2026-03-17;2026-03-10;RSV;2019/2020;1081;Nordjylland;Alle;Alle;580297;1689;1844;221;178;2;0,13;38,08;291,06;30,67;
2026-03-17;2026-03-10;RSV;2019/2020;1081;Nordjylland;Alle;K;288060;837;892;96;74;1;0,11;33,33;290,56;25,69;
2026-03-17;2026-03-10;RSV;2019/2020;1081;Nordjylland;Alle;M;292237;852;952;125;104;1;0,15;42,77;291,54;35,59;
2026-03-17;2026-03-10;RSV;2019/2020;1085;Sjælland;01. 0-5 måneder;Alle;3892;442;522;183;106;0;0,41;4701,95;11356,63;2723,54;
2026-03-17;2026-03-10;RSV;2019/2020;1085;Sjælland;01. 0-5 måneder;K;1896;189;221;86;53;0;0,46;4535,86;9968,35;2795,36;
2026-03-17;2026-03-10;RSV;2019/2020;1085;Sjælland;01. 0-5 måneder;M;1996;253;301;97;53;0;0,38;4859,72;12675,35;2655,31;
2026-03-17;2026-03-10;RSV;2019/2020;1085;Sjælland;02. 6-11 måneder;Alle;4309;284;329;113;45;0;0,40;2622,42;6590,86;1044,33;
2026-03-17;2026-03-10;RSV;2019/2020;1085;Sjælland;02. 6-11 måneder;K;2084;106;131;38;14;0;0,36;1823,42;5086,37;671,79;
2026-03-17;2026-03-10;RSV;2019/2020;1085;Sjælland;02. 6-11 måneder;M;2225;178;198;75;31;0;0,42;3370,79;8000,00;1393,26;
2026-03-17;2026-03-10;RSV;2019/2020;1085;Sjælland;03. 1 år;Alle;8362;482;546;177;46;0;0,37;2116,72;5764,17;550,11;
2026-03-17;2026-03-10;RSV;2019/2020;1085;Sjælland;03. 1 år;K;4090;218;244;82;22;0;0,38;2004,89;5330,07;537,90;
2026-03-17;2026-03-10;RSV;2019/2020;1085;Sjælland;03. 1 år;M;4272;264;302;95;24;0;0,36;2223,78;6179,78;561,80;
2026-03-17;2026-03-10;RSV;2019/2020;1085;Sjælland;04. 2 år;Alle;8623;205;235;56;17;0;0,27;649,43;2377,36;197,15;
2026-03-17;2026-03-10;RSV;2019/2020;1085;Sjælland;04. 2 år;K;4202;85;89;23;6;0;0,27;547,36;2022,85;142,79;
2026-03-17;2026-03-10;RSV;2019/2020;1085;Sjælland;04. 2 år;M;4421;120;146;33;11;0;0,28;746,44;2714,32;248,81;
2026-03-17;2026-03-10;RSV;2019/2020;1085;Sjælland;05. 3-5 år;Alle;25908;330;365;40;6;0;0,12;154,39;1273,74;23,16;
2026-03-17;2026-03-10;RSV;2019/2020;1085;Sjælland;05. 3-5 år;K;12469;169;186;21;2;0;0,12;168,42;1355,36;16,04;
2026-03-17;2026-03-10;RSV;2019/2020;1085;Sjælland;05. 3-5 år;M;13439;161;179;19;4;0;0,12;141,38;1198,01;29,76;
2026-03-17;2026-03-10;RSV;2019/2020;1085;Sjælland;06. 6-14 år;Alle;86300;538;569;16;3;0;0,03;18,54;623,41;3,48;
2026-03-17;2026-03-10;RSV;2019/2020;1085;Sjælland;06. 6-14 år;K;42041;244;257;9;1;0;0,04;21,41;580,39;2,38;
2026-03-17;2026-03-10;RSV;2019/2020;1085;Sjælland;06. 6-14 år;M;44259;294;312;7;2;0;0,02;15,82;664,27;4,52;
2026-03-17;2026-03-10;RSV;2019/2020;1085;Sjælland;07. 15-44 år;Alle;272964;1721;1872;33;7;0;0,02;12,09;630,49;2,56;
2026-03-17;2026-03-10;RSV;2019/2020;1085;Sjælland;07. 15-44 år;K;133361;996;1061;22;6;0;0,02;16,50;746,85;4,50;
2026-03-17;2026-03-10;RSV;2019/2020;1085;Sjælland;07. 15-44 år;M;139603;725;811;11;1;0;0,02;7,88;519,33;0,72;
2026-03-17;2026-03-10;RSV;2019/2020;1085;Sjælland;08. 45-64 år;Alle;242936;1973;2245;51;23;1;0,03;20,99;812,15;9,47;
2026-03-17;2026-03-10;RSV;2019/2020;1085;Sjælland;08. 45-64 år;K;122153;1056;1208;26;10;1;0,02;21,28;864,49;8,19;
2026-03-17;2026-03-10;RSV;2019/2020;1085;Sjælland;08. 45-64 år;M;120783;917;1037;25;13;0;0,03;20,70;759,21;10,76;
2026-03-17;2026-03-10;RSV;2019/2020;1085;Sjælland;09. 65-74 år;Alle;103523;1332;1530;42;23;2;0,03;40,57;1286,67;22,22;
2026-03-17;2026-03-10;RSV;2019/2020;1085;Sjælland;09. 65-74 år;K;53723;601;682;26;14;1;0,04;48,40;1118,70;26,06;
2026-03-17;2026-03-10;RSV;2019/2020;1085;Sjælland;09. 65-74 år;M;49800;731;848;16;9;1;0,02;32,13;1467,87;18,07;
2026-03-17;2026-03-10;RSV;2019/2020;1085;Sjælland;10. 75-84 år;Alle;59015;1223;1395;29;23;3;0,02;49,14;2072,35;38,97;
2026-03-17;2026-03-10;RSV;2019/2020;1085;Sjælland;10. 75-84 år;K;32238;589;665;17;14;2;0,03;52,73;1827,04;43,43;
2026-03-17;2026-03-10;RSV;2019/2020;1085;Sjælland;10. 75-84 år;M;26777;634;730;12;9;1;0,02;44,81;2367,70;33,61;
2026-03-17;2026-03-10;RSV;2019/2020;1085;Sjælland;11. 85+ år;Alle;12693;512;561;20;18;7;0,04;157,57;4033,72;141,81;
2026-03-17;2026-03-10;RSV;2019/2020;1085;Sjælland;11. 85+ år;K;8374;270;301;14;12;4;0,05;167,18;3224,27;143,30;
2026-03-17;2026-03-10;RSV;2019/2020;1085;Sjælland;11. 85+ år;M;4319;242;260;6;6;3;0,02;138,92;5603,15;138,92;
2026-03-17;2026-03-10;RSV;2019/2020;1085;Sjælland;Alle;Alle;828525;9042;10169;760;317;13;0,08;91,73;1091,34;38,26;
2026-03-17;2026-03-10;RSV;2019/2020;1085;Sjælland;Alle;K;416631;4523;5045;364;154;8;0,08;87,37;1085,61;36,96;
2026-03-17;2026-03-10;RSV;2019/2020;1085;Sjælland;Alle;M;411894;4519;5124;396;163;5;0,09;96,14;1097,13;39,57;
2026-03-17;2026-03-10;RSV;2019/2020;1083;Syddanmark;01. 0-5 måneder;Alle;5879;627;711;251;168;0;0,40;4269,43;10665,08;2857,63;
2026-03-17;2026-03-10;RSV;2019/2020;1083;Syddanmark;01. 0-5 måneder;K;2866;246;278;108;67;0;0,44;3768,32;8583,39;2337,75;
2026-03-17;2026-03-10;RSV;2019/2020;1083;Syddanmark;01. 0-5 måneder;M;3013;381;433;143;101;0;0,38;4746,10;12645,20;3352,14;
2026-03-17;2026-03-10;RSV;2019/2020;1083;Syddanmark;02. 6-11 måneder;Alle;6464;270;302;113;53;0;0,42;1748,14;4176,98;819,93;
2026-03-17;2026-03-10;RSV;2019/2020;1083;Syddanmark;02. 6-11 måneder;K;3135;113;129;44;20;0;0,39;1403,51;3604,47;637,96;
2026-03-17;2026-03-10;RSV;2019/2020;1083;Syddanmark;02. 6-11 måneder;M;3329;157;173;69;33;0;0,44;2072,69;4716,13;991,29;
2026-03-17;2026-03-10;RSV;2019/2020;1083;Syddanmark;03. 1 år;Alle;12734;380;413;152;58;1;0,40;1193,65;2984,14;455,47;
2026-03-17;2026-03-10;RSV;2019/2020;1083;Syddanmark;03. 1 år;K;6157;180;194;77;27;0;0,43;1250,61;2923,50;438,53;
2026-03-17;2026-03-10;RSV;2019/2020;1083;Syddanmark;03. 1 år;M;6577;200;219;75;31;1;0,38;1140,34;3040,90;471,34;
2026-03-17;2026-03-10;RSV;2019/2020;1083;Syddanmark;04. 2 år;Alle;12793;144;159;40;10;0;0,28;312,67;1125,62;78,17;
2026-03-17;2026-03-10;RSV;2019/2020;1083;Syddanmark;04. 2 år;K;6177;62;70;15;5;0;0,24;242,84;1003,72;80,95;
2026-03-17;2026-03-10;RSV;2019/2020;1083;Syddanmark;04. 2 år;M;6616;82;89;25;5;0;0,30;377,87;1239,42;75,57;
2026-03-17;2026-03-10;RSV;2019/2020;1083;Syddanmark;05. 3-5 år;Alle;37839;247;276;45;10;0;0,18;118,92;652,77;26,43;
2026-03-17;2026-03-10;RSV;2019/2020;1083;Syddanmark;05. 3-5 år;K;18376;126;135;22;3;0;0,17;119,72;685,68;16,33;
2026-03-17;2026-03-10;RSV;2019/2020;1083;Syddanmark;05. 3-5 år;M;19463;121;141;23;7;0;0,19;118,17;621,69;35,97;
2026-03-17;2026-03-10;RSV;2019/2020;1083;Syddanmark;06. 6-14 år;Alle;126102;367;392;11;1;0;0,03;8,72;291,03;0,79;
2026-03-17;2026-03-10;RSV;2019/2020;1083;Syddanmark;06. 6-14 år;K;61458;162;169;5;0;0;0,03;8,14;263,59;0,00;
2026-03-17;2026-03-10;RSV;2019/2020;1083;Syddanmark;06. 6-14 år;M;64644;205;223;6;1;0;0,03;9,28;317,12;1,55;
2026-03-17;2026-03-10;RSV;2019/2020;1083;Syddanmark;07. 15-44 år;Alle;429533;1602;1760;47;13;1;0,03;10,94;372,96;3,03;
2026-03-17;2026-03-10;RSV;2019/2020;1083;Syddanmark;07. 15-44 år;K;209514;950;1046;30;5;1;0,03;14,32;453,43;2,39;
2026-03-17;2026-03-10;RSV;2019/2020;1083;Syddanmark;07. 15-44 år;M;220019;652;714;17;8;0;0,03;7,73;296,34;3,64;
2026-03-17;2026-03-10;RSV;2019/2020;1083;Syddanmark;08. 45-64 år;Alle;333381;1661;1941;57;29;0;0,03;17,10;498,23;8,70;
2026-03-17;2026-03-10;RSV;2019/2020;1083;Syddanmark;08. 45-64 år;K;166734;872;985;26;11;0;0,03;15,59;522,99;6,60;
2026-03-17;2026-03-10;RSV;2019/2020;1083;Syddanmark;08. 45-64 år;M;166647;789;956;31;18;0;0,04;18,60;473,46;10,80;
2026-03-17;2026-03-10;RSV;2019/2020;1083;Syddanmark;09. 65-74 år;Alle;139943;1229;1520;61;46;2;0,05;43,59;878,21;32,87;
2026-03-17;2026-03-10;RSV;2019/2020;1083;Syddanmark;09. 65-74 år;K;71792;586;687;33;23;0;0,06;45,97;816,25;32,04;
2026-03-17;2026-03-10;RSV;2019/2020;1083;Syddanmark;09. 65-74 år;M;68151;643;833;28;23;2;0,04;41,09;943,49;33,75;
2026-03-17;2026-03-10;RSV;2019/2020;1083;Syddanmark;10. 75-84 år;Alle;81474;1181;1408;34;26;1;0,03;41,73;1449,54;31,91;
2026-03-17;2026-03-10;RSV;2019/2020;1083;Syddanmark;10. 75-84 år;K;44547;552;640;19;14;0;0,03;42,65;1239,14;31,43;
2026-03-17;2026-03-10;RSV;2019/2020;1083;Syddanmark;10. 75-84 år;M;36927;629;768;15;12;1;0,02;40,62;1703,36;32,50;
2026-03-17;2026-03-10;RSV;2019/2020;1083;Syddanmark;11. 85+ år;Alle;20240;573;656;22;20;4;0,04;108,70;2831,03;98,81;
2026-03-17;2026-03-10;RSV;2019/2020;1083;Syddanmark;11. 85+ år;K;13295;297;331;13;12;2;0,04;97,78;2233,92;90,26;
2026-03-17;2026-03-10;RSV;2019/2020;1083;Syddanmark;11. 85+ år;M;6945;276;325;9;8;2;0,03;129,59;3974,08;115,19;
2026-03-17;2026-03-10;RSV;2019/2020;1083;Syddanmark;Alle;Alle;1206382;8281;9538;833;434;9;0,10;69,05;686,43;35,98;
2026-03-17;2026-03-10;RSV;2019/2020;1083;Syddanmark;Alle;K;604051;4146;4664;392;187;3;0,09;64,90;686,37;30,96;
2026-03-17;2026-03-10;RSV;2019/2020;1083;Syddanmark;Alle;M;602331;4135;4874;441;247;6;0,11;73,22;686,50;41,01;
2026-03-17;2026-03-10;RSV;2020/2021;9999;Alle;01. 0-5 måneder;Alle;30069;1181;1369;4;3;0;0,00;13,30;3927,63;9,98;
2026-03-17;2026-03-10;RSV;2020/2021;9999;Alle;01. 0-5 måneder;K;14575;490;558;3;3;0;0,01;20,58;3361,92;20,58;
2026-03-17;2026-03-10;RSV;2020/2021;9999;Alle;01. 0-5 måneder;M;15494;691;788;1;0;0;0,00;6,45;4459,79;0,00;
2026-03-17;2026-03-10;RSV;2020/2021;9999;Alle;02. 6-11 måneder;Alle;32457;489;623;0;0;0;0,00;0,00;1506,61;0,00;
2026-03-17;2026-03-10;RSV;2020/2021;9999;Alle;02. 6-11 måneder;K;15845;192;237;0;0;0;0,00;0,00;1211,74;0,00;
2026-03-17;2026-03-10;RSV;2020/2021;9999;Alle;02. 6-11 måneder;M;16612;297;378;0;0;0;0,00;0,00;1787,86;0,00;
2026-03-17;2026-03-10;RSV;2020/2021;9999;Alle;03. 1 år;Alle;62407;852;1018;1;1;0;0,00;1,60;1365,23;1,60;
2026-03-17;2026-03-10;RSV;2020/2021;9999;Alle;03. 1 år;K;30396;366;429;0;0;0;0,00;0,00;1204,11;0,00;
2026-03-17;2026-03-10;RSV;2020/2021;9999;Alle;03. 1 år;M;32011;486;586;1;1;0;0,00;3,12;1518,23;3,12;
2026-03-17;2026-03-10;RSV;2020/2021;9999;Alle;04. 2 år;Alle;62139;251;333;2;2;0;0,01;3,22;403,93;3,22;
2026-03-17;2026-03-10;RSV;2020/2021;9999;Alle;04. 2 år;K;30198;108;135;1;1;0;0,01;3,31;357,64;3,31;
2026-03-17;2026-03-10;RSV;2020/2021;9999;Alle;04. 2 år;M;31941;143;195;1;1;0;0,01;3,13;447,70;3,13;
2026-03-17;2026-03-10;RSV;2020/2021;9999;Alle;05. 3-5 år;Alle;187486;389;481;1;0;0;0,00;0,53;207,48;0,00;
2026-03-17;2026-03-10;RSV;2020/2021;9999;Alle;05. 3-5 år;K;91094;164;205;0;0;0;0,00;0,00;180,03;0,00;
2026-03-17;2026-03-10;RSV;2020/2021;9999;Alle;05. 3-5 år;M;96392;225;270;1;0;0;0,00;1,04;233,42;0,00;
2026-03-17;2026-03-10;RSV;2020/2021;9999;Alle;06. 6-14 år;Alle;581916;637;794;0;0;0;0,00;0,00;109,47;0,00;
2026-03-17;2026-03-10;RSV;2020/2021;9999;Alle;06. 6-14 år;K;283459;289;340;0;0;0;0,00;0,00;101,95;0,00;
2026-03-17;2026-03-10;RSV;2020/2021;9999;Alle;06. 6-14 år;M;298457;348;442;0;0;0;0,00;0,00;116,60;0,00;
2026-03-17;2026-03-10;RSV;2020/2021;9999;Alle;07. 15-44 år;Alle;2196296;4910;5531;1;1;0;0,00;0,05;223,56;0,05;
2026-03-17;2026-03-10;RSV;2020/2021;9999;Alle;07. 15-44 år;K;1083534;3040;3376;0;0;0;0,00;0,00;280,56;0,00;
2026-03-17;2026-03-10;RSV;2020/2021;9999;Alle;07. 15-44 år;M;1112762;1870;2030;1;1;0;0,00;0,09;168,05;0,09;
2026-03-17;2026-03-10;RSV;2020/2021;9999;Alle;08. 45-64 år;Alle;1540758;4938;5850;1;1;0;0,00;0,06;320,49;0,06;
2026-03-17;2026-03-10;RSV;2020/2021;9999;Alle;08. 45-64 år;K;772710;2271;2620;1;1;0;0,00;0,13;293,90;0,13;
2026-03-17;2026-03-10;RSV;2020/2021;9999;Alle;08. 45-64 år;M;768048;2667;3159;0;0;0;0,00;0,00;347,24;0,00;
2026-03-17;2026-03-10;RSV;2020/2021;9999;Alle;09. 65-74 år;Alle;622192;3907;4718;1;1;0;0,00;0,16;627,94;0,16;
2026-03-17;2026-03-10;RSV;2020/2021;9999;Alle;09. 65-74 år;K;322600;1757;2064;0;0;0;0,00;0,00;544,64;0,00;
2026-03-17;2026-03-10;RSV;2020/2021;9999;Alle;09. 65-74 år;M;299592;2150;2634;1;1;0;0,00;0,33;717,64;0,33;
2026-03-17;2026-03-10;RSV;2020/2021;9999;Alle;10. 75-84 år;Alle;397270;3998;4770;0;0;0;0,00;0,00;1006,37;0,00;
2026-03-17;2026-03-10;RSV;2020/2021;9999;Alle;10. 75-84 år;K;217247;1857;2186;0;0;0;0,00;0,00;854,79;0,00;
2026-03-17;2026-03-10;RSV;2020/2021;9999;Alle;10. 75-84 år;M;180023;2141;2576;0;0;0;0,00;0,00;1189,29;0,00;
2026-03-17;2026-03-10;RSV;2020/2021;9999;Alle;11. 85+ år;Alle;105097;2045;2380;1;0;0;0,00;0,95;1945,82;0,00;
2026-03-17;2026-03-10;RSV;2020/2021;9999;Alle;11. 85+ år;K;68401;1134;1294;1;0;0;0,00;1,46;1657,87;0,00;
2026-03-17;2026-03-10;RSV;2020/2021;9999;Alle;11. 85+ år;M;36696;911;1081;0;0;0;0,00;0,00;2482,56;0,00;
2026-03-17;2026-03-10;RSV;2020/2021;9999;Alle;Alle;Alle;5818087;23597;27867;12;9;0;0,00;0,21;405,58;0,15;
2026-03-17;2026-03-10;RSV;2020/2021;9999;Alle;Alle;K;2930059;11668;13444;6;5;0;0,00;0,20;398,22;0,17;
2026-03-17;2026-03-10;RSV;2020/2021;9999;Alle;Alle;M;2888028;11929;14139;6;4;0;0,00;0,21;413,05;0,14;
2026-03-17;2026-03-10;RSV;2020/2021;1084;Hovedstaden;01. 0-5 måneder;Alle;10492;640;758;3;3;0;0,00;28,59;6099,89;28,59;
2026-03-17;2026-03-10;RSV;2020/2021;1084;Hovedstaden;01. 0-5 måneder;K;5097;271;325;3;3;0;0,01;58,86;5316,85;58,86;
2026-03-17;2026-03-10;RSV;2020/2021;1084;Hovedstaden;01. 0-5 måneder;M;5395;369;433;0;0;0;0,00;0,00;6839,67;0,00;
2026-03-17;2026-03-10;RSV;2020/2021;1084;Hovedstaden;02. 6-11 måneder;Alle;11222;219;300;0;0;0;0,00;0,00;1951,52;0,00;
2026-03-17;2026-03-10;RSV;2020/2021;1084;Hovedstaden;02. 6-11 måneder;K;5392;82;109;0;0;0;0,00;0,00;1520,77;0,00;
2026-03-17;2026-03-10;RSV;2020/2021;1084;Hovedstaden;02. 6-11 måneder;M;5830;137;191;0;0;0;0,00;0,00;2349,91;0,00;
2026-03-17;2026-03-10;RSV;2020/2021;1084;Hovedstaden;03. 1 år;Alle;21266;405;504;0;0;0;0,00;0,00;1904,45;0,00;
2026-03-17;2026-03-10;RSV;2020/2021;1084;Hovedstaden;03. 1 år;K;10347;165;202;0;0;0;0,00;0,00;1594,67;0,00;
2026-03-17;2026-03-10;RSV;2020/2021;1084;Hovedstaden;03. 1 år;M;10919;240;302;0;0;0;0,00;0,00;2198,00;0,00;
2026-03-17;2026-03-10;RSV;2020/2021;1084;Hovedstaden;04. 2 år;Alle;20431;111;152;1;1;0;0,01;4,89;543,29;4,89;
2026-03-17;2026-03-10;RSV;2020/2021;1084;Hovedstaden;04. 2 år;K;10003;52;65;1;1;0;0,02;10,00;519,84;10,00;
2026-03-17;2026-03-10;RSV;2020/2021;1084;Hovedstaden;04. 2 år;M;10428;59;87;0;0;0;0,00;0,00;565,78;0,00;
2026-03-17;2026-03-10;RSV;2020/2021;1084;Hovedstaden;05. 3-5 år;Alle;60650;176;221;1;0;0;0,01;1,65;290,19;0,00;
2026-03-17;2026-03-10;RSV;2020/2021;1084;Hovedstaden;05. 3-5 år;K;29566;77;101;0;0;0;0,00;0,00;260,43;0,00;
2026-03-17;2026-03-10;RSV;2020/2021;1084;Hovedstaden;05. 3-5 år;M;31084;99;120;1;0;0;0,01;3,22;318,49;0,00;
2026-03-17;2026-03-10;RSV;2020/2021;1084;Hovedstaden;06. 6-14 år;Alle;181032;284;375;0;0;0;0,00;0,00;156,88;0,00;
2026-03-17;2026-03-10;RSV;2020/2021;1084;Hovedstaden;06. 6-14 år;K;88111;131;162;0;0;0;0,00;0,00;148,68;0,00;
2026-03-17;2026-03-10;RSV;2020/2021;1084;Hovedstaden;06. 6-14 år;M;92921;153;213;0;0;0;0,00;0,00;164,66;0,00;
2026-03-17;2026-03-10;RSV;2020/2021;1084;Hovedstaden;07. 15-44 år;Alle;772850;1843;2062;0;0;0;0,00;0,00;238,47;0,00;
2026-03-17;2026-03-10;RSV;2020/2021;1084;Hovedstaden;07. 15-44 år;K;389404;1069;1186;0;0;0;0,00;0,00;274,52;0,00;
2026-03-17;2026-03-10;RSV;2020/2021;1084;Hovedstaden;07. 15-44 år;M;383446;774;876;0;0;0;0,00;0,00;201,85;0,00;
2026-03-17;2026-03-10;RSV;2020/2021;1084;Hovedstaden;08. 45-64 år;Alle;462361;1926;2298;0;0;0;0,00;0,00;416,56;0,00;
2026-03-17;2026-03-10;RSV;2020/2021;1084;Hovedstaden;08. 45-64 år;K;232669;874;1001;0;0;0;0,00;0,00;375,64;0,00;
2026-03-17;2026-03-10;RSV;2020/2021;1084;Hovedstaden;08. 45-64 år;M;229692;1052;1297;0;0;0;0,00;0,00;458,00;0,00;
2026-03-17;2026-03-10;RSV;2020/2021;1084;Hovedstaden;09. 65-74 år;Alle;166170;1412;1700;0;0;0;0,00;0,00;849,73;0,00;
2026-03-17;2026-03-10;RSV;2020/2021;1084;Hovedstaden;09. 65-74 år;K;88905;667;779;0;0;0;0,00;0,00;750,24;0,00;
2026-03-17;2026-03-10;RSV;2020/2021;1084;Hovedstaden;09. 65-74 år;M;77265;745;921;0;0;0;0,00;0,00;964,21;0,00;
2026-03-17;2026-03-10;RSV;2020/2021;1084;Hovedstaden;10. 75-84 år;Alle;109735;1517;1819;0;0;0;0,00;0,00;1382,42;0,00;
2026-03-17;2026-03-10;RSV;2020/2021;1084;Hovedstaden;10. 75-84 år;K;62257;776;926;0;0;0;0,00;0,00;1246,45;0,00;
2026-03-17;2026-03-10;RSV;2020/2021;1084;Hovedstaden;10. 75-84 år;M;47478;741;893;0;0;0;0,00;0,00;1560,72;0,00;
2026-03-17;2026-03-10;RSV;2020/2021;1084;Hovedstaden;11. 85+ år;Alle;29262;803;923;0;0;0;0,00;0,00;2744,17;0,00;
2026-03-17;2026-03-10;RSV;2020/2021;1084;Hovedstaden;11. 85+ år;K;19816;481;548;0;0;0;0,00;0,00;2427,33;0,00;
2026-03-17;2026-03-10;RSV;2020/2021;1084;Hovedstaden;11. 85+ år;M;9446;322;375;0;0;0;0,00;0,00;3408,85;0,00;
2026-03-17;2026-03-10;RSV;2020/2021;1084;Hovedstaden;Alle;Alle;1845471;9336;11112;5;4;0;0,00;0,27;505,89;0,22;
2026-03-17;2026-03-10;RSV;2020/2021;1084;Hovedstaden;Alle;K;941567;4645;5404;4;4;0;0,00;0,42;493,33;0,42;
2026-03-17;2026-03-10;RSV;2020/2021;1084;Hovedstaden;Alle;M;903904;4691;5708;1;0;0;0,00;0,11;518,97;0,00;
2026-03-17;2026-03-10;RSV;2020/2021;1082;Midtjylland;01. 0-5 måneder;Alle;7146;114;133;0;0;0;0,00;0,00;1595,30;0,00;
2026-03-17;2026-03-10;RSV;2020/2021;1082;Midtjylland;01. 0-5 måneder;K;3435;43;49;0;0;0;0,00;0,00;1251,82;0,00;
2026-03-17;2026-03-10;RSV;2020/2021;1082;Midtjylland;01. 0-5 måneder;M;3711;71;84;0;0;0;0,00;0,00;1913,23;0,00;
2026-03-17;2026-03-10;RSV;2020/2021;1082;Midtjylland;02. 6-11 måneder;Alle;7763;47;58;0;0;0;0,00;0,00;605,44;0,00;
2026-03-17;2026-03-10;RSV;2020/2021;1082;Midtjylland;02. 6-11 måneder;K;3811;23;25;0;0;0;0,00;0,00;603,52;0,00;
2026-03-17;2026-03-10;RSV;2020/2021;1082;Midtjylland;02. 6-11 måneder;M;3952;24;33;0;0;0;0,00;0,00;607,29;0,00;
2026-03-17;2026-03-10;RSV;2020/2021;1082;Midtjylland;03. 1 år;Alle;14701;40;48;0;0;0;0,00;0,00;272,09;0,00;
2026-03-17;2026-03-10;RSV;2020/2021;1082;Midtjylland;03. 1 år;K;7199;18;23;0;0;0;0,00;0,00;250,03;0,00;
2026-03-17;2026-03-10;RSV;2020/2021;1082;Midtjylland;03. 1 år;M;7502;22;25;0;0;0;0,00;0,00;293,26;0,00;
2026-03-17;2026-03-10;RSV;2020/2021;1082;Midtjylland;04. 2 år;Alle;14547;22;29;0;0;0;0,00;0,00;151,23;0,00;
2026-03-17;2026-03-10;RSV;2020/2021;1082;Midtjylland;04. 2 år;K;7033;11;14;0;0;0;0,00;0,00;156,41;0,00;
2026-03-17;2026-03-10;RSV;2020/2021;1082;Midtjylland;04. 2 år;M;7514;11;15;0;0;0;0,00;0,00;146,39;0,00;
2026-03-17;2026-03-10;RSV;2020/2021;1082;Midtjylland;05. 3-5 år;Alle;44295;33;42;0;0;0;0,00;0,00;74,50;0,00;
2026-03-17;2026-03-10;RSV;2020/2021;1082;Midtjylland;05. 3-5 år;K;21449;15;16;0;0;0;0,00;0,00;69,93;0,00;
2026-03-17;2026-03-10;RSV;2020/2021;1082;Midtjylland;05. 3-5 år;M;22846;18;26;0;0;0;0,00;0,00;78,79;0,00;
2026-03-17;2026-03-10;RSV;2020/2021;1082;Midtjylland;06. 6-14 år;Alle;136576;44;54;0;0;0;0,00;0,00;32,22;0,00;
2026-03-17;2026-03-10;RSV;2020/2021;1082;Midtjylland;06. 6-14 år;K;66761;21;23;0;0;0;0,00;0,00;31,46;0,00;
2026-03-17;2026-03-10;RSV;2020/2021;1082;Midtjylland;06. 6-14 år;M;69815;23;31;0;0;0;0,00;0,00;32,94;0,00;
2026-03-17;2026-03-10;RSV;2020/2021;1082;Midtjylland;07. 15-44 år;Alle;510971;236;275;0;0;0;0,00;0,00;46,19;0,00;
2026-03-17;2026-03-10;RSV;2020/2021;1082;Midtjylland;07. 15-44 år;K;251005;129;152;0;0;0;0,00;0,00;51,39;0,00;
2026-03-17;2026-03-10;RSV;2020/2021;1082;Midtjylland;07. 15-44 år;M;259966;107;123;0;0;0;0,00;0,00;41,16;0,00;
2026-03-17;2026-03-10;RSV;2020/2021;1082;Midtjylland;08. 45-64 år;Alle;343886;309;372;0;0;0;0,00;0,00;89,86;0,00;
2026-03-17;2026-03-10;RSV;2020/2021;1082;Midtjylland;08. 45-64 år;K;172334;132;155;0;0;0;0,00;0,00;76,60;0,00;
2026-03-17;2026-03-10;RSV;2020/2021;1082;Midtjylland;08. 45-64 år;M;171552;177;217;0;0;0;0,00;0,00;103,18;0,00;
2026-03-17;2026-03-10;RSV;2020/2021;1082;Midtjylland;09. 65-74 år;Alle;141798;251;300;0;0;0;0,00;0,00;177,01;0,00;
2026-03-17;2026-03-10;RSV;2020/2021;1082;Midtjylland;09. 65-74 år;K;72507;111;134;0;0;0;0,00;0,00;153,09;0,00;
2026-03-17;2026-03-10;RSV;2020/2021;1082;Midtjylland;09. 65-74 år;M;69291;140;166;0;0;0;0,00;0,00;202,05;0,00;
2026-03-17;2026-03-10;RSV;2020/2021;1082;Midtjylland;10. 75-84 år;Alle;86365;218;259;0;0;0;0,00;0,00;252,42;0,00;
2026-03-17;2026-03-10;RSV;2020/2021;1082;Midtjylland;10. 75-84 år;K;46589;77;85;0;0;0;0,00;0,00;165,28;0,00;
2026-03-17;2026-03-10;RSV;2020/2021;1082;Midtjylland;10. 75-84 år;M;39776;141;174;0;0;0;0,00;0,00;354,49;0,00;
2026-03-17;2026-03-10;RSV;2020/2021;1082;Midtjylland;11. 85+ år;Alle;23152;35;38;0;0;0;0,00;0,00;151,17;0,00;
2026-03-17;2026-03-10;RSV;2020/2021;1082;Midtjylland;11. 85+ år;K;14790;19;20;0;0;0;0,00;0,00;128,47;0,00;
2026-03-17;2026-03-10;RSV;2020/2021;1082;Midtjylland;11. 85+ år;M;8362;16;18;0;0;0;0,00;0,00;191,34;0,00;
2026-03-17;2026-03-10;RSV;2020/2021;1082;Midtjylland;Alle;Alle;1331200;1349;1608;0;0;0;0,00;0,00;101,34;0,00;
2026-03-17;2026-03-10;RSV;2020/2021;1082;Midtjylland;Alle;K;666913;599;696;0;0;0;0,00;0,00;89,82;0,00;
2026-03-17;2026-03-10;RSV;2020/2021;1082;Midtjylland;Alle;M;664287;750;912;0;0;0;0,00;0,00;112,90;0,00;
2026-03-17;2026-03-10;RSV;2020/2021;1081;Nordjylland;01. 0-5 måneder;Alle;2767;47;53;0;0;0;0,00;0,00;1698,59;0,00;
2026-03-17;2026-03-10;RSV;2020/2021;1081;Nordjylland;01. 0-5 måneder;K;1314;19;20;0;0;0;0,00;0,00;1445,97;0,00;
2026-03-17;2026-03-10;RSV;2020/2021;1081;Nordjylland;01. 0-5 måneder;M;1453;28;33;0;0;0;0,00;0,00;1927,05;0,00;
2026-03-17;2026-03-10;RSV;2020/2021;1081;Nordjylland;02. 6-11 måneder;Alle;3030;12;13;0;0;0;0,00;0,00;396,04;0,00;
2026-03-17;2026-03-10;RSV;2020/2021;1081;Nordjylland;02. 6-11 måneder;K;1495;5;6;0;0;0;0,00;0,00;334,45;0,00;
2026-03-17;2026-03-10;RSV;2020/2021;1081;Nordjylland;02. 6-11 måneder;M;1535;7;7;0;0;0;0,00;0,00;456,03;0,00;
2026-03-17;2026-03-10;RSV;2020/2021;1081;Nordjylland;03. 1 år;Alle;6011;37;42;0;0;0;0,00;0,00;615,54;0,00;
2026-03-17;2026-03-10;RSV;2020/2021;1081;Nordjylland;03. 1 år;K;2921;21;23;0;0;0;0,00;0,00;718,93;0,00;
2026-03-17;2026-03-10;RSV;2020/2021;1081;Nordjylland;03. 1 år;M;3090;16;19;0;0;0;0,00;0,00;517,80;0,00;
2026-03-17;2026-03-10;RSV;2020/2021;1081;Nordjylland;04. 2 år;Alle;6054;8;18;1;1;0;0,13;16,52;132,14;16,52;
2026-03-17;2026-03-10;RSV;2020/2021;1081;Nordjylland;04. 2 år;K;2909;1;1;0;0;0;0,00;0,00;34,38;0,00;
2026-03-17;2026-03-10;RSV;2020/2021;1081;Nordjylland;04. 2 år;M;3145;7;17;1;1;0;0,14;31,80;222,58;31,80;
2026-03-17;2026-03-10;RSV;2020/2021;1081;Nordjylland;05. 3-5 år;Alle;18105;24;29;0;0;0;0,00;0,00;132,56;0,00;
2026-03-17;2026-03-10;RSV;2020/2021;1081;Nordjylland;05. 3-5 år;K;8848;8;12;0;0;0;0,00;0,00;90,42;0,00;
2026-03-17;2026-03-10;RSV;2020/2021;1081;Nordjylland;05. 3-5 år;M;9257;16;17;0;0;0;0,00;0,00;172,84;0,00;
2026-03-17;2026-03-10;RSV;2020/2021;1081;Nordjylland;06. 6-14 år;Alle;56612;49;54;0;0;0;0,00;0,00;86,55;0,00;
2026-03-17;2026-03-10;RSV;2020/2021;1081;Nordjylland;06. 6-14 år;K;27589;24;28;0;0;0;0,00;0,00;86,99;0,00;
2026-03-17;2026-03-10;RSV;2020/2021;1081;Nordjylland;06. 6-14 år;M;29023;25;26;0;0;0;0,00;0,00;86,14;0,00;
2026-03-17;2026-03-10;RSV;2020/2021;1081;Nordjylland;07. 15-44 år;Alle;212547;360;389;0;0;0;0,00;0,00;169,37;0,00;
2026-03-17;2026-03-10;RSV;2020/2021;1081;Nordjylland;07. 15-44 år;K;101933;211;225;0;0;0;0,00;0,00;207,00;0,00;
2026-03-17;2026-03-10;RSV;2020/2021;1081;Nordjylland;07. 15-44 år;M;110614;149;164;0;0;0;0,00;0,00;134,70;0,00;
2026-03-17;2026-03-10;RSV;2020/2021;1081;Nordjylland;08. 45-64 år;Alle;156293;405;460;0;0;0;0,00;0,00;259,13;0,00;
2026-03-17;2026-03-10;RSV;2020/2021;1081;Nordjylland;08. 45-64 år;K;77900;207;239;0;0;0;0,00;0,00;265,73;0,00;
2026-03-17;2026-03-10;RSV;2020/2021;1081;Nordjylland;08. 45-64 år;M;78393;198;221;0;0;0;0,00;0,00;252,57;0,00;
2026-03-17;2026-03-10;RSV;2020/2021;1081;Nordjylland;09. 65-74 år;Alle;69061;458;526;0;0;0;0,00;0,00;663,18;0,00;
2026-03-17;2026-03-10;RSV;2020/2021;1081;Nordjylland;09. 65-74 år;K;35035;197;227;0;0;0;0,00;0,00;562,29;0,00;
2026-03-17;2026-03-10;RSV;2020/2021;1081;Nordjylland;09. 65-74 år;M;34026;261;299;0;0;0;0,00;0,00;767,06;0,00;
2026-03-17;2026-03-10;RSV;2020/2021;1081;Nordjylland;10. 75-84 år;Alle;43662;441;477;0;0;0;0,00;0,00;1010,03;0,00;
2026-03-17;2026-03-10;RSV;2020/2021;1081;Nordjylland;10. 75-84 år;K;23401;185;201;0;0;0;0,00;0,00;790,56;0,00;
2026-03-17;2026-03-10;RSV;2020/2021;1081;Nordjylland;10. 75-84 år;M;20261;256;276;0;0;0;0,00;0,00;1263,51;0,00;
2026-03-17;2026-03-10;RSV;2020/2021;1081;Nordjylland;11. 85+ år;Alle;12034;241;266;0;0;0;0,00;0,00;2002,66;0,00;
2026-03-17;2026-03-10;RSV;2020/2021;1081;Nordjylland;11. 85+ år;K;7561;113;126;0;0;0;0,00;0,00;1494,51;0,00;
2026-03-17;2026-03-10;RSV;2020/2021;1081;Nordjylland;11. 85+ år;M;4473;128;140;0;0;0;0,00;0,00;2861,61;0,00;
2026-03-17;2026-03-10;RSV;2020/2021;1081;Nordjylland;Alle;Alle;586176;2082;2327;1;1;0;0,00;0,17;355,18;0,17;
2026-03-17;2026-03-10;RSV;2020/2021;1081;Nordjylland;Alle;K;290906;991;1108;0;0;0;0,00;0,00;340,66;0,00;
2026-03-17;2026-03-10;RSV;2020/2021;1081;Nordjylland;Alle;M;295270;1091;1219;1;1;0;0,00;0,34;369,49;0,34;
2026-03-17;2026-03-10;RSV;2020/2021;1085;Sjælland;01. 0-5 måneder;Alle;3817;146;163;0;0;0;0,00;0,00;3824,99;0,00;
2026-03-17;2026-03-10;RSV;2020/2021;1085;Sjælland;01. 0-5 måneder;K;1884;62;70;0;0;0;0,00;0,00;3290,87;0,00;
2026-03-17;2026-03-10;RSV;2020/2021;1085;Sjælland;01. 0-5 måneder;M;1933;84;93;0;0;0;0,00;0,00;4345,58;0,00;
2026-03-17;2026-03-10;RSV;2020/2021;1085;Sjælland;02. 6-11 måneder;Alle;4143;111;129;0;0;0;0,00;0,00;2679,22;0,00;
2026-03-17;2026-03-10;RSV;2020/2021;1085;Sjælland;02. 6-11 måneder;K;2009;40;48;0;0;0;0,00;0,00;1991,04;0,00;
2026-03-17;2026-03-10;RSV;2020/2021;1085;Sjælland;02. 6-11 måneder;M;2134;71;81;0;0;0;0,00;0,00;3327,09;0,00;
2026-03-17;2026-03-10;RSV;2020/2021;1085;Sjælland;03. 1 år;Alle;8159;198;233;1;1;0;0,01;12,26;2426,77;12,26;
2026-03-17;2026-03-10;RSV;2020/2021;1085;Sjælland;03. 1 år;K;3968;86;97;0;0;0;0,00;0,00;2167,34;0,00;
2026-03-17;2026-03-10;RSV;2020/2021;1085;Sjælland;03. 1 år;M;4191;112;136;1;1;0;0,01;23,86;2672,39;23,86;
2026-03-17;2026-03-10;RSV;2020/2021;1085;Sjælland;04. 2 år;Alle;8355;52;61;0;0;0;0,00;0,00;622,38;0,00;
2026-03-17;2026-03-10;RSV;2020/2021;1085;Sjælland;04. 2 år;K;4081;19;20;0;0;0;0,00;0,00;465,57;0,00;
2026-03-17;2026-03-10;RSV;2020/2021;1085;Sjælland;04. 2 år;M;4274;33;41;0;0;0;0,00;0,00;772,11;0,00;
2026-03-17;2026-03-10;RSV;2020/2021;1085;Sjælland;05. 3-5 år;Alle;26178;69;86;0;0;0;0,00;0,00;263,58;0,00;
2026-03-17;2026-03-10;RSV;2020/2021;1085;Sjælland;05. 3-5 år;K;12657;31;40;0;0;0;0,00;0,00;244,92;0,00;
2026-03-17;2026-03-10;RSV;2020/2021;1085;Sjælland;05. 3-5 år;M;13521;38;46;0;0;0;0,00;0,00;281,04;0,00;
2026-03-17;2026-03-10;RSV;2020/2021;1085;Sjælland;06. 6-14 år;Alle;84054;85;108;0;0;0;0,00;0,00;101,13;0,00;
2026-03-17;2026-03-10;RSV;2020/2021;1085;Sjælland;06. 6-14 år;K;40859;34;38;0;0;0;0,00;0,00;83,21;0,00;
2026-03-17;2026-03-10;RSV;2020/2021;1085;Sjælland;06. 6-14 år;M;43195;51;70;0;0;0;0,00;0,00;118,07;0,00;
2026-03-17;2026-03-10;RSV;2020/2021;1085;Sjælland;07. 15-44 år;Alle;271784;463;504;1;1;0;0,00;0,37;170,36;0,37;
2026-03-17;2026-03-10;RSV;2020/2021;1085;Sjælland;07. 15-44 år;K;132575;245;264;0;0;0;0,00;0,00;184,80;0,00;
2026-03-17;2026-03-10;RSV;2020/2021;1085;Sjælland;07. 15-44 år;M;139209;218;240;1;1;0;0,00;0,72;156,60;0,72;
2026-03-17;2026-03-10;RSV;2020/2021;1085;Sjælland;08. 45-64 år;Alle;243931;826;918;0;0;0;0,00;0,00;338,62;0,00;
2026-03-17;2026-03-10;RSV;2020/2021;1085;Sjælland;08. 45-64 år;K;122647;380;415;0;0;0;0,00;0,00;309,83;0,00;
2026-03-17;2026-03-10;RSV;2020/2021;1085;Sjælland;08. 45-64 år;M;121284;446;503;0;0;0;0,00;0,00;367,73;0,00;
2026-03-17;2026-03-10;RSV;2020/2021;1085;Sjælland;09. 65-74 år;Alle;103926;646;718;1;1;0;0,00;0,96;621,60;0,96;
2026-03-17;2026-03-10;RSV;2020/2021;1085;Sjælland;09. 65-74 år;K;53804;293;317;0;0;0;0,00;0,00;544,57;0,00;
2026-03-17;2026-03-10;RSV;2020/2021;1085;Sjælland;09. 65-74 år;M;50122;353;401;1;1;0;0,00;2,00;704,28;2,00;
2026-03-17;2026-03-10;RSV;2020/2021;1085;Sjælland;10. 75-84 år;Alle;66465;658;725;0;0;0;0,00;0,00;989,99;0,00;
2026-03-17;2026-03-10;RSV;2020/2021;1085;Sjælland;10. 75-84 år;K;35901;285;312;0;0;0;0,00;0,00;793,85;0,00;
2026-03-17;2026-03-10;RSV;2020/2021;1085;Sjælland;10. 75-84 år;M;30564;373;413;0;0;0;0,00;0,00;1220,39;0,00;
2026-03-17;2026-03-10;RSV;2020/2021;1085;Sjælland;11. 85+ år;Alle;15766;293;331;0;0;0;0,00;0,00;1858,43;0,00;
2026-03-17;2026-03-10;RSV;2020/2021;1085;Sjælland;11. 85+ år;K;10184;148;162;0;0;0;0,00;0,00;1453,26;0,00;
2026-03-17;2026-03-10;RSV;2020/2021;1085;Sjælland;11. 85+ år;M;5582;145;169;0;0;0;0,00;0,00;2597,64;0,00;
2026-03-17;2026-03-10;RSV;2020/2021;1085;Sjælland;Alle;Alle;836578;3547;3976;3;3;0;0,00;0,36;423,99;0,36;
2026-03-17;2026-03-10;RSV;2020/2021;1085;Sjælland;Alle;K;420569;1623;1783;0;0;0;0,00;0,00;385,91;0,00;
2026-03-17;2026-03-10;RSV;2020/2021;1085;Sjælland;Alle;M;416009;1924;2193;3;3;0;0,00;0,72;462,49;0,72;
2026-03-17;2026-03-10;RSV;2020/2021;1083;Syddanmark;01. 0-5 måneder;Alle;5847;210;237;0;0;0;0,00;0,00;3591,59;0,00;
2026-03-17;2026-03-10;RSV;2020/2021;1083;Syddanmark;01. 0-5 måneder;K;2845;85;94;0;0;0;0,00;0,00;2987,70;0,00;
2026-03-17;2026-03-10;RSV;2020/2021;1083;Syddanmark;01. 0-5 måneder;M;3002;125;143;0;0;0;0,00;0,00;4163,89;0,00;
2026-03-17;2026-03-10;RSV;2020/2021;1083;Syddanmark;02. 6-11 måneder;Alle;6299;91;114;0;0;0;0,00;0,00;1444,67;0,00;
2026-03-17;2026-03-10;RSV;2020/2021;1083;Syddanmark;02. 6-11 måneder;K;3138;39;49;0;0;0;0,00;0,00;1242,83;0,00;
2026-03-17;2026-03-10;RSV;2020/2021;1083;Syddanmark;02. 6-11 måneder;M;3161;52;65;0;0;0;0,00;0,00;1645,05;0,00;
2026-03-17;2026-03-10;RSV;2020/2021;1083;Syddanmark;03. 1 år;Alle;12270;167;186;0;0;0;0,00;0,00;1361,04;0,00;
2026-03-17;2026-03-10;RSV;2020/2021;1083;Syddanmark;03. 1 år;K;5961;74;84;0;0;0;0,00;0,00;1241,40;0,00;
2026-03-17;2026-03-10;RSV;2020/2021;1083;Syddanmark;03. 1 år;M;6309;93;102;0;0;0;0,00;0,00;1474,08;0,00;
2026-03-17;2026-03-10;RSV;2020/2021;1083;Syddanmark;04. 2 år;Alle;12752;55;70;0;0;0;0,00;0,00;431,30;0,00;
2026-03-17;2026-03-10;RSV;2020/2021;1083;Syddanmark;04. 2 år;K;6172;25;35;0;0;0;0,00;0,00;405,06;0,00;
2026-03-17;2026-03-10;RSV;2020/2021;1083;Syddanmark;04. 2 år;M;6580;30;35;0;0;0;0,00;0,00;455,93;0,00;
2026-03-17;2026-03-10;RSV;2020/2021;1083;Syddanmark;05. 3-5 år;Alle;38258;80;94;0;0;0;0,00;0,00;209,11;0,00;
2026-03-17;2026-03-10;RSV;2020/2021;1083;Syddanmark;05. 3-5 år;K;18574;30;33;0;0;0;0,00;0,00;161,52;0,00;
2026-03-17;2026-03-10;RSV;2020/2021;1083;Syddanmark;05. 3-5 år;M;19684;50;61;0;0;0;0,00;0,00;254,01;0,00;
2026-03-17;2026-03-10;RSV;2020/2021;1083;Syddanmark;06. 6-14 år;Alle;123642;162;189;0;0;0;0,00;0,00;131,02;0,00;
2026-03-17;2026-03-10;RSV;2020/2021;1083;Syddanmark;06. 6-14 år;K;60139;74;89;0;0;0;0,00;0,00;123,05;0,00;
2026-03-17;2026-03-10;RSV;2020/2021;1083;Syddanmark;06. 6-14 år;M;63503;88;100;0;0;0;0,00;0,00;138,58;0,00;
2026-03-17;2026-03-10;RSV;2020/2021;1083;Syddanmark;07. 15-44 år;Alle;428144;1880;2167;0;0;0;0,00;0,00;439,10;0,00;
2026-03-17;2026-03-10;RSV;2020/2021;1083;Syddanmark;07. 15-44 år;K;208617;1340;1545;0;0;0;0,00;0,00;642,33;0,00;
2026-03-17;2026-03-10;RSV;2020/2021;1083;Syddanmark;07. 15-44 år;M;219527;540;622;0;0;0;0,00;0,00;245,98;0,00;
2026-03-17;2026-03-10;RSV;2020/2021;1083;Syddanmark;08. 45-64 år;Alle;334287;1393;1718;1;1;0;0,00;0,30;416,71;0,30;
2026-03-17;2026-03-10;RSV;2020/2021;1083;Syddanmark;08. 45-64 år;K;167160;654;804;1;1;0;0,00;0,60;391,24;0,60;
2026-03-17;2026-03-10;RSV;2020/2021;1083;Syddanmark;08. 45-64 år;M;167127;739;914;0;0;0;0,00;0,00;442,18;0,00;
2026-03-17;2026-03-10;RSV;2020/2021;1083;Syddanmark;09. 65-74 år;Alle;141237;1121;1451;0;0;0;0,00;0,00;793,70;0,00;
2026-03-17;2026-03-10;RSV;2020/2021;1083;Syddanmark;09. 65-74 år;K;72349;480;607;0;0;0;0,00;0,00;663,45;0,00;
2026-03-17;2026-03-10;RSV;2020/2021;1083;Syddanmark;09. 65-74 år;M;68888;641;844;0;0;0;0,00;0,00;930,50;0,00;
2026-03-17;2026-03-10;RSV;2020/2021;1083;Syddanmark;10. 75-84 år;Alle;91043;1154;1480;0;0;0;0,00;0,00;1267,53;0,00;
2026-03-17;2026-03-10;RSV;2020/2021;1083;Syddanmark;10. 75-84 år;K;49099;529;661;0;0;0;0,00;0,00;1077,42;0,00;
2026-03-17;2026-03-10;RSV;2020/2021;1083;Syddanmark;10. 75-84 år;M;41944;625;819;0;0;0;0,00;0,00;1490,08;0,00;
2026-03-17;2026-03-10;RSV;2020/2021;1083;Syddanmark;11. 85+ år;Alle;24883;668;817;0;0;0;0,00;0,00;2684,56;0,00;
2026-03-17;2026-03-10;RSV;2020/2021;1083;Syddanmark;11. 85+ år;K;16050;370;438;0;0;0;0,00;0,00;2305,30;0,00;
2026-03-17;2026-03-10;RSV;2020/2021;1083;Syddanmark;11. 85+ år;M;8833;298;379;0;0;0;0,00;0,00;3373,71;0,00;
2026-03-17;2026-03-10;RSV;2020/2021;1083;Syddanmark;Alle;Alle;1218662;6981;8523;1;1;0;0,00;0,08;572,84;0,08;
2026-03-17;2026-03-10;RSV;2020/2021;1083;Syddanmark;Alle;K;610104;3700;4439;1;1;0;0,00;0,16;606,45;0,16;
2026-03-17;2026-03-10;RSV;2020/2021;1083;Syddanmark;Alle;M;608558;3281;4084;0;0;0;0,00;0,00;539,14;0,00;
2026-03-17;2026-03-10;RSV;2021/2022;9999;Alle;01. 0-5 måneder;Alle;29992;7662;8857;2958;1586;1;0,39;9862,63;25546,81;5288,08;
2026-03-17;2026-03-10;RSV;2021/2022;9999;Alle;01. 0-5 måneder;K;14539;3368;3817;1331;700;0;0,40;9154,69;23165,28;4814,64;
2026-03-17;2026-03-10;RSV;2021/2022;9999;Alle;01. 0-5 måneder;M;15453;4294;4952;1627;886;1;0,38;10528,70;27787,48;5733,51;
2026-03-17;2026-03-10;RSV;2021/2022;9999;Alle;02. 6-11 måneder;Alle;33184;3487;4137;1403;373;0;0,40;4227,94;10508,08;1124,04;
2026-03-17;2026-03-10;RSV;2021/2022;9999;Alle;02. 6-11 måneder;K;16239;1523;1754;605;152;0;0,40;3725,60;9378,66;936,02;
2026-03-17;2026-03-10;RSV;2021/2022;9999;Alle;02. 6-11 måneder;M;16945;1964;2352;798;221;0;0,41;4709,35;11590,44;1304,22;
2026-03-17;2026-03-10;RSV;2021/2022;9999;Alle;03. 1 år;Alle;62346;6704;7823;2569;660;0;0,38;4120,55;10752,90;1058,61;
2026-03-17;2026-03-10;RSV;2021/2022;9999;Alle;03. 1 år;K;30339;2967;3398;1173;299;0;0,40;3866,31;9779,49;985,53;
2026-03-17;2026-03-10;RSV;2021/2022;9999;Alle;03. 1 år;M;32007;3737;4386;1396;361;0;0,37;4361,55;11675,57;1127,88;
2026-03-17;2026-03-10;RSV;2021/2022;9999;Alle;04. 2 år;Alle;62441;3290;3745;1259;275;2;0,38;2016,30;5268,97;440,42;
2026-03-17;2026-03-10;RSV;2021/2022;9999;Alle;04. 2 år;K;30388;1462;1603;588;133;1;0,40;1934,97;4811,11;437,67;
2026-03-17;2026-03-10;RSV;2021/2022;9999;Alle;04. 2 år;M;32053;1828;2111;671;142;1;0,37;2093,41;5703,05;443,02;
2026-03-17;2026-03-10;RSV;2021/2022;9999;Alle;05. 3-5 år;Alle;188426;3612;4053;891;184;1;0,25;472,86;1916,93;97,65;
2026-03-17;2026-03-10;RSV;2021/2022;9999;Alle;05. 3-5 år;K;91505;1597;1777;431;82;0;0,27;471,01;1745,26;89,61;
2026-03-17;2026-03-10;RSV;2021/2022;9999;Alle;05. 3-5 år;M;96921;2015;2246;460;102;1;0,23;474,61;2079,01;105,24;
2026-03-17;2026-03-10;RSV;2021/2022;9999;Alle;06. 6-14 år;Alle;573979;4427;4903;204;37;0;0,05;35,54;771,28;6,45;
2026-03-17;2026-03-10;RSV;2021/2022;9999;Alle;06. 6-14 år;K;279546;1992;2207;95;18;0;0,05;33,98;712,58;6,44;
2026-03-17;2026-03-10;RSV;2021/2022;9999;Alle;06. 6-14 år;M;294433;2435;2658;109;19;0;0,04;37,02;827,01;6,45;
2026-03-17;2026-03-10;RSV;2021/2022;9999;Alle;07. 15-44 år;Alle;2192918;21308;24008;600;119;2;0,03;27,36;971,67;5,43;
2026-03-17;2026-03-10;RSV;2021/2022;9999;Alle;07. 15-44 år;K;1081018;13403;15007;368;70;0;0,03;34,04;1239,85;6,48;
2026-03-17;2026-03-10;RSV;2021/2022;9999;Alle;07. 15-44 år;M;1111900;7905;8686;232;49;2;0,03;20,87;710,95;4,41;
2026-03-17;2026-03-10;RSV;2021/2022;9999;Alle;08. 45-64 år;Alle;1546287;16315;19560;546;199;11;0,03;35,31;1055,11;12,87;
2026-03-17;2026-03-10;RSV;2021/2022;9999;Alle;08. 45-64 år;K;774799;8652;10153;338;102;4;0,04;43,62;1116,68;13,16;
2026-03-17;2026-03-10;RSV;2021/2022;9999;Alle;08. 45-64 år;M;771488;7663;9154;208;97;7;0,03;26,96;993,28;12,57;
2026-03-17;2026-03-10;RSV;2021/2022;9999;Alle;09. 65-74 år;Alle;625157;11670;14789;355;217;17;0,03;56,79;1866,73;34,71;
2026-03-17;2026-03-10;RSV;2021/2022;9999;Alle;09. 65-74 år;K;323173;5398;6621;191;110;9;0,04;59,10;1670,31;34,04;
2026-03-17;2026-03-10;RSV;2021/2022;9999;Alle;09. 65-74 år;M;301984;6272;8073;164;107;8;0,03;54,31;2076,93;35,43;
2026-03-17;2026-03-10;RSV;2021/2022;9999;Alle;10. 75-84 år;Alle;438408;13294;16871;397;294;35;0,03;90,55;3032,34;67,06;
2026-03-17;2026-03-10;RSV;2021/2022;9999;Alle;10. 75-84 år;K;237479;6466;8041;213;157;15;0,03;89,69;2722,77;66,11;
2026-03-17;2026-03-10;RSV;2021/2022;9999;Alle;10. 75-84 år;M;200929;6828;8767;184;137;20;0,03;91,57;3398,22;68,18;
2026-03-17;2026-03-10;RSV;2021/2022;9999;Alle;11. 85+ år;Alle;127773;7311;9006;197;159;31;0,03;154,18;5721,87;124,44;
2026-03-17;2026-03-10;RSV;2021/2022;9999;Alle;11. 85+ år;K;81629;4057;4936;110;86;16;0,03;134,76;4970,05;105,35;
2026-03-17;2026-03-10;RSV;2021/2022;9999;Alle;11. 85+ år;M;46144;3254;4052;87;73;15;0,03;188,54;7051,84;158,20;
2026-03-17;2026-03-10;RSV;2021/2022;9999;Alle;Alle;Alle;5880911;99080;117752;11379;4103;100;0,11;193,49;1684,77;69,77;
2026-03-17;2026-03-10;RSV;2021/2022;9999;Alle;Alle;K;2960654;50885;59314;5443;1909;45;0,11;183,84;1718,71;64,48;
2026-03-17;2026-03-10;RSV;2021/2022;9999;Alle;Alle;M;2920257;48195;57437;5936;2194;55;0,12;203,27;1650,37;75,13;
2026-03-17;2026-03-10;RSV;2021/2022;1084;Hovedstaden;01. 0-5 måneder;Alle;10478;3182;3768;1137;557;0;0,36;10851,31;30368,39;5315,90;
2026-03-17;2026-03-10;RSV;2021/2022;1084;Hovedstaden;01. 0-5 måneder;K;5069;1414;1649;530;256;0;0,37;10455,71;27895,05;5050,31;
2026-03-17;2026-03-10;RSV;2021/2022;1084;Hovedstaden;01. 0-5 måneder;M;5409;1768;2119;607;301;0;0,34;11222,04;32686,26;5564,80;
2026-03-17;2026-03-10;RSV;2021/2022;1084;Hovedstaden;02. 6-11 måneder;Alle;11659;1397;1720;525;129;0;0,38;4502,96;11982,16;1106,44;
2026-03-17;2026-03-10;RSV;2021/2022;1084;Hovedstaden;02. 6-11 måneder;K;5718;601;720;233;51;0;0,39;4074,85;10510,67;891,92;
2026-03-17;2026-03-10;RSV;2021/2022;1084;Hovedstaden;02. 6-11 måneder;M;5941;796;1000;292;78;0;0,37;4915,00;13398,42;1312,91;
2026-03-17;2026-03-10;RSV;2021/2022;1084;Hovedstaden;03. 1 år;Alle;21654;2890;3390;1148;277;0;0,40;5301,56;13346,26;1279,21;
2026-03-17;2026-03-10;RSV;2021/2022;1084;Hovedstaden;03. 1 år;K;10466;1338;1550;547;134;0;0,41;5226,45;12784,25;1280,34;
2026-03-17;2026-03-10;RSV;2021/2022;1084;Hovedstaden;03. 1 år;M;11188;1552;1840;601;143;0;0,39;5371,83;13872,01;1278,16;
2026-03-17;2026-03-10;RSV;2021/2022;1084;Hovedstaden;04. 2 år;Alle;21281;1324;1502;548;90;0;0,41;2575,07;6221,51;422,91;
2026-03-17;2026-03-10;RSV;2021/2022;1084;Hovedstaden;04. 2 år;K;10344;612;682;268;49;0;0,44;2590,87;5916,47;473,70;
2026-03-17;2026-03-10;RSV;2021/2022;1084;Hovedstaden;04. 2 år;M;10937;712;820;280;41;0;0,39;2560,12;6510,01;374,87;
2026-03-17;2026-03-10;RSV;2021/2022;1084;Hovedstaden;05. 3-5 år;Alle;61479;1457;1623;356;60;0;0,24;579,06;2369,91;97,59;
2026-03-17;2026-03-10;RSV;2021/2022;1084;Hovedstaden;05. 3-5 år;K;30001;645;717;176;28;0;0,27;586,65;2149,93;93,33;
2026-03-17;2026-03-10;RSV;2021/2022;1084;Hovedstaden;05. 3-5 år;M;31478;812;906;180;32;0;0,22;571,83;2579,58;101,66;
2026-03-17;2026-03-10;RSV;2021/2022;1084;Hovedstaden;06. 6-14 år;Alle;179983;1986;2181;75;11;0;0,04;41,67;1103,44;6,11;
2026-03-17;2026-03-10;RSV;2021/2022;1084;Hovedstaden;06. 6-14 år;K;87697;911;1010;39;4;0;0,04;44,47;1038,80;4,56;
2026-03-17;2026-03-10;RSV;2021/2022;1084;Hovedstaden;06. 6-14 år;M;92286;1075;1171;36;7;0;0,03;39,01;1164,86;7,59;
2026-03-17;2026-03-10;RSV;2021/2022;1084;Hovedstaden;07. 15-44 år;Alle;769854;6585;7288;226;32;1;0,03;29,36;855,36;4,16;
2026-03-17;2026-03-10;RSV;2021/2022;1084;Hovedstaden;07. 15-44 år;K;387468;3947;4375;142;22;0;0,04;36,65;1018,66;5,68;
2026-03-17;2026-03-10;RSV;2021/2022;1084;Hovedstaden;07. 15-44 år;M;382386;2638;2913;84;10;1;0,03;21,97;689,88;2,62;
2026-03-17;2026-03-10;RSV;2021/2022;1084;Hovedstaden;08. 45-64 år;Alle;467984;4679;5435;148;38;4;0,03;31,63;999,82;8,12;
2026-03-17;2026-03-10;RSV;2021/2022;1084;Hovedstaden;08. 45-64 år;K;235328;2621;3010;92;15;1;0,04;39,09;1113,76;6,37;
2026-03-17;2026-03-10;RSV;2021/2022;1084;Hovedstaden;08. 45-64 år;M;232656;2058;2425;56;23;3;0,03;24,07;884,57;9,89;
2026-03-17;2026-03-10;RSV;2021/2022;1084;Hovedstaden;09. 65-74 år;Alle;166426;2922;3566;86;41;2;0,03;51,67;1755,74;24,64;
2026-03-17;2026-03-10;RSV;2021/2022;1084;Hovedstaden;09. 65-74 år;K;88610;1482;1767;47;18;1;0,03;53,04;1672,50;20,31;
2026-03-17;2026-03-10;RSV;2021/2022;1084;Hovedstaden;09. 65-74 år;M;77816;1440;1799;39;23;1;0,03;50,12;1850,52;29,56;
2026-03-17;2026-03-10;RSV;2021/2022;1084;Hovedstaden;10. 75-84 år;Alle;121248;3244;4010;67;40;4;0,02;55,26;2675,51;32,99;
2026-03-17;2026-03-10;RSV;2021/2022;1084;Hovedstaden;10. 75-84 år;K;68073;1751;2138;45;25;3;0,03;66,11;2572,24;36,73;
2026-03-17;2026-03-10;RSV;2021/2022;1084;Hovedstaden;10. 75-84 år;M;53175;1493;1872;22;15;1;0,01;41,37;2807,71;28,21;
2026-03-17;2026-03-10;RSV;2021/2022;1084;Hovedstaden;11. 85+ år;Alle;35442;1745;2114;28;22;1;0,02;79,00;4923,54;62,07;
2026-03-17;2026-03-10;RSV;2021/2022;1084;Hovedstaden;11. 85+ år;K;23521;1047;1280;17;14;0;0,02;72,28;4451,34;59,52;
2026-03-17;2026-03-10;RSV;2021/2022;1084;Hovedstaden;11. 85+ år;M;11921;698;834;11;8;1;0,02;92,27;5855,21;67,11;
2026-03-17;2026-03-10;RSV;2021/2022;1084;Hovedstaden;Alle;Alle;1867488;31411;36597;4344;1297;12;0,14;232,61;1681,99;69,45;
2026-03-17;2026-03-10;RSV;2021/2022;1084;Hovedstaden;Alle;K;952295;16369;18898;2136;616;5;0,13;224,30;1718,90;64,69;
2026-03-17;2026-03-10;RSV;2021/2022;1084;Hovedstaden;Alle;M;915193;15042;17699;2208;681;7;0,15;241,26;1643,59;74,41;
2026-03-17;2026-03-10;RSV;2021/2022;1082;Midtjylland;01. 0-5 måneder;Alle;7244;1497;1660;617;329;0;0,41;8517,39;20665,38;4541,69;
2026-03-17;2026-03-10;RSV;2021/2022;1082;Midtjylland;01. 0-5 måneder;K;3510;637;708;254;119;0;0,40;7236,47;18148,15;3390,31;
2026-03-17;2026-03-10;RSV;2021/2022;1082;Midtjylland;01. 0-5 måneder;M;3734;860;952;363;210;0;0,42;9721,48;23031,60;5624,00;
2026-03-17;2026-03-10;RSV;2021/2022;1082;Midtjylland;02. 6-11 måneder;Alle;7844;484;568;201;68;0;0,42;2562,47;6170,32;866,90;
2026-03-17;2026-03-10;RSV;2021/2022;1082;Midtjylland;02. 6-11 måneder;K;3805;205;240;79;29;0;0,39;2076,22;5387,65;762,16;
2026-03-17;2026-03-10;RSV;2021/2022;1082;Midtjylland;02. 6-11 måneder;M;4039;279;328;122;39;0;0,44;3020,55;6907,65;965,59;
2026-03-17;2026-03-10;RSV;2021/2022;1082;Midtjylland;03. 1 år;Alle;14860;936;1078;339;128;0;0,36;2281,29;6298,79;861,37;
2026-03-17;2026-03-10;RSV;2021/2022;1082;Midtjylland;03. 1 år;K;7218;381;432;148;60;0;0,39;2050,43;5278,47;831,26;
2026-03-17;2026-03-10;RSV;2021/2022;1082;Midtjylland;03. 1 år;M;7642;555;646;191;68;0;0,34;2499,35;7262,50;889,82;
2026-03-17;2026-03-10;RSV;2021/2022;1082;Midtjylland;04. 2 år;Alle;14716;428;481;154;53;1;0,36;1046,48;2908,40;360,15;
2026-03-17;2026-03-10;RSV;2021/2022;1082;Midtjylland;04. 2 år;K;7203;175;201;63;21;1;0,36;874,64;2429,54;291,55;
2026-03-17;2026-03-10;RSV;2021/2022;1082;Midtjylland;04. 2 år;M;7513;253;280;91;32;0;0,36;1211,23;3367,50;425,93;
2026-03-17;2026-03-10;RSV;2021/2022;1082;Midtjylland;05. 3-5 år;Alle;44508;447;519;105;28;0;0,23;235,91;1004,31;62,91;
2026-03-17;2026-03-10;RSV;2021/2022;1082;Midtjylland;05. 3-5 år;K;21518;185;208;46;12;0;0,25;213,77;859,75;55,77;
2026-03-17;2026-03-10;RSV;2021/2022;1082;Midtjylland;05. 3-5 år;M;22990;262;311;59;16;0;0,23;256,63;1139,63;69,60;
2026-03-17;2026-03-10;RSV;2021/2022;1082;Midtjylland;06. 6-14 år;Alle;134486;526;611;34;12;0;0,06;25,28;391,12;8,92;
2026-03-17;2026-03-10;RSV;2021/2022;1082;Midtjylland;06. 6-14 år;K;65662;237;284;13;4;0;0,05;19,80;360,94;6,09;
2026-03-17;2026-03-10;RSV;2021/2022;1082;Midtjylland;06. 6-14 år;M;68824;289;327;21;8;0;0,07;30,51;419,91;11,62;
2026-03-17;2026-03-10;RSV;2021/2022;1082;Midtjylland;07. 15-44 år;Alle;511074;4212;4928;81;32;0;0,02;15,85;824,15;6,26;
2026-03-17;2026-03-10;RSV;2021/2022;1082;Midtjylland;07. 15-44 år;K;250979;2506;2999;50;19;0;0,02;19,92;998,49;7,57;
2026-03-17;2026-03-10;RSV;2021/2022;1082;Midtjylland;07. 15-44 år;M;260095;1706;1929;31;13;0;0,02;11,92;655,91;5,00;
2026-03-17;2026-03-10;RSV;2021/2022;1082;Midtjylland;08. 45-64 år;Alle;344875;4290;5251;85;58;2;0,02;24,65;1243,93;16,82;
2026-03-17;2026-03-10;RSV;2021/2022;1082;Midtjylland;08. 45-64 år;K;172732;2163;2614;58;35;0;0,03;33,58;1252,23;20,26;
2026-03-17;2026-03-10;RSV;2021/2022;1082;Midtjylland;08. 45-64 år;M;172143;2127;2637;27;23;2;0,01;15,68;1235,60;13,36;
2026-03-17;2026-03-10;RSV;2021/2022;1082;Midtjylland;09. 65-74 år;Alle;143127;3730;4753;80;59;4;0,02;55,89;2606,08;41,22;
2026-03-17;2026-03-10;RSV;2021/2022;1082;Midtjylland;09. 65-74 år;K;72941;1644;2068;46;35;2;0,03;63,06;2253,88;47,98;
2026-03-17;2026-03-10;RSV;2021/2022;1082;Midtjylland;09. 65-74 år;M;70186;2086;2685;34;24;2;0,02;48,44;2972,10;34,19;
2026-03-17;2026-03-10;RSV;2021/2022;1082;Midtjylland;10. 75-84 år;Alle;95237;4627;5868;109;97;8;0,02;114,45;4858,41;101,85;
2026-03-17;2026-03-10;RSV;2021/2022;1082;Midtjylland;10. 75-84 år;K;50841;2192;2759;54;51;1;0,02;106,21;4311,48;100,31;
2026-03-17;2026-03-10;RSV;2021/2022;1082;Midtjylland;10. 75-84 år;M;44396;2435;3109;55;46;7;0,02;123,89;5484,73;103,61;
2026-03-17;2026-03-10;RSV;2021/2022;1082;Midtjylland;11. 85+ år;Alle;28231;2703;3366;57;51;10;0,02;201,91;9574,58;180,65;
2026-03-17;2026-03-10;RSV;2021/2022;1082;Midtjylland;11. 85+ år;K;17771;1468;1784;28;25;4;0,02;157,56;8260,65;140,68;
2026-03-17;2026-03-10;RSV;2021/2022;1082;Midtjylland;11. 85+ år;M;10460;1235;1582;29;26;6;0,02;277,25;11806,88;248,57;
2026-03-17;2026-03-10;RSV;2021/2022;1082;Midtjylland;Alle;Alle;1346202;23880;29083;1862;915;25;0,08;138,32;1773,88;67,97;
2026-03-17;2026-03-10;RSV;2021/2022;1082;Midtjylland;Alle;K;674180;11793;14297;839;410;8;0,07;124,45;1749,24;60,81;
2026-03-17;2026-03-10;RSV;2021/2022;1082;Midtjylland;Alle;M;672022;12087;14786;1023;505;17;0,08;152,23;1798,60;75,15;
2026-03-17;2026-03-10;RSV;2021/2022;1081;Nordjylland;01. 0-5 måneder;Alle;2869;628;739;211;137;0;0,34;7354,48;21889,16;4775,18;
2026-03-17;2026-03-10;RSV;2021/2022;1081;Nordjylland;01. 0-5 måneder;K;1422;287;331;103;67;0;0,36;7243,32;20182,84;4711,67;
2026-03-17;2026-03-10;RSV;2021/2022;1081;Nordjylland;01. 0-5 måneder;M;1447;341;408;108;70;0;0,32;7463,72;23566,00;4837,60;
2026-03-17;2026-03-10;RSV;2021/2022;1081;Nordjylland;02. 6-11 måneder;Alle;3141;256;299;75;21;0;0,29;2387,77;8150,27;668,58;
2026-03-17;2026-03-10;RSV;2021/2022;1081;Nordjylland;02. 6-11 måneder;K;1535;114;128;35;7;0;0,31;2280,13;7426,71;456,03;
2026-03-17;2026-03-10;RSV;2021/2022;1081;Nordjylland;02. 6-11 måneder;M;1606;142;171;40;14;0;0,28;2490,66;8841,84;871,73;
2026-03-17;2026-03-10;RSV;2021/2022;1081;Nordjylland;03. 1 år;Alle;5782;571;667;147;33;0;0,26;2542,37;9875,48;570,74;
2026-03-17;2026-03-10;RSV;2021/2022;1081;Nordjylland;03. 1 år;K;2804;259;299;65;15;0;0,25;2318,12;9236,80;534,95;
2026-03-17;2026-03-10;RSV;2021/2022;1081;Nordjylland;03. 1 år;M;2978;312;368;82;18;0;0,26;2753,53;10476,83;604,43;
2026-03-17;2026-03-10;RSV;2021/2022;1081;Nordjylland;04. 2 år;Alle;6007;257;303;74;20;0;0,29;1231,90;4278,34;332,94;
2026-03-17;2026-03-10;RSV;2021/2022;1081;Nordjylland;04. 2 år;K;2916;117;128;31;10;0;0,26;1063,10;4012,35;342,94;
2026-03-17;2026-03-10;RSV;2021/2022;1081;Nordjylland;04. 2 år;M;3091;140;175;43;10;0;0,31;1391,14;4529,28;323,52;
2026-03-17;2026-03-10;RSV;2021/2022;1081;Nordjylland;05. 3-5 år;Alle;18198;302;356;43;11;1;0,14;236,29;1659,52;60,45;
2026-03-17;2026-03-10;RSV;2021/2022;1081;Nordjylland;05. 3-5 år;K;8864;151;173;24;5;0;0,16;270,76;1703,52;56,41;
2026-03-17;2026-03-10;RSV;2021/2022;1081;Nordjylland;05. 3-5 år;M;9334;151;183;19;6;1;0,13;203,56;1617,74;64,28;
2026-03-17;2026-03-10;RSV;2021/2022;1081;Nordjylland;06. 6-14 år;Alle;55774;306;360;16;5;0;0,05;28,69;548,64;8,96;
2026-03-17;2026-03-10;RSV;2021/2022;1081;Nordjylland;06. 6-14 år;K;27123;147;177;9;5;0;0,06;33,18;541,98;18,43;
2026-03-17;2026-03-10;RSV;2021/2022;1081;Nordjylland;06. 6-14 år;M;28651;159;183;7;0;0;0,04;24,43;554,95;0,00;
2026-03-17;2026-03-10;RSV;2021/2022;1081;Nordjylland;07. 15-44 år;Alle;212295;2739;3044;56;17;1;0,02;26,38;1290,19;8,01;
2026-03-17;2026-03-10;RSV;2021/2022;1081;Nordjylland;07. 15-44 år;K;101871;1869;2073;29;5;0;0,02;28,47;1834,67;4,91;
2026-03-17;2026-03-10;RSV;2021/2022;1081;Nordjylland;07. 15-44 år;M;110424;870;971;27;12;1;0,03;24,45;787,87;10,87;
2026-03-17;2026-03-10;RSV;2021/2022;1081;Nordjylland;08. 45-64 år;Alle;155952;1999;2427;58;29;0;0,03;37,19;1281,80;18,60;
2026-03-17;2026-03-10;RSV;2021/2022;1081;Nordjylland;08. 45-64 år;K;77553;1033;1250;37;17;0;0,04;47,71;1331,99;21,92;
2026-03-17;2026-03-10;RSV;2021/2022;1081;Nordjylland;08. 45-64 år;M;78399;966;1177;21;12;0;0,02;26,79;1232,16;15,31;
2026-03-17;2026-03-10;RSV;2021/2022;1081;Nordjylland;09. 65-74 år;Alle;69610;1640;2060;45;25;5;0,03;64,65;2355,98;35,91;
2026-03-17;2026-03-10;RSV;2021/2022;1081;Nordjylland;09. 65-74 år;K;35295;731;898;20;8;2;0,03;56,67;2071,11;22,67;
2026-03-17;2026-03-10;RSV;2021/2022;1081;Nordjylland;09. 65-74 år;M;34315;909;1162;25;17;3;0,03;72,85;2648,99;49,54;
2026-03-17;2026-03-10;RSV;2021/2022;1081;Nordjylland;10. 75-84 år;Alle;47993;1989;2506;69;55;6;0,03;143,77;4144,35;114,60;
2026-03-17;2026-03-10;RSV;2021/2022;1081;Nordjylland;10. 75-84 år;K;25462;911;1132;33;28;2;0,04;129,60;3577,88;109,97;
2026-03-17;2026-03-10;RSV;2021/2022;1081;Nordjylland;10. 75-84 år;M;22531;1078;1374;36;27;4;0,03;159,78;4784,52;119,83;
2026-03-17;2026-03-10;RSV;2021/2022;1081;Nordjylland;11. 85+ år;Alle;14532;1136;1373;23;20;6;0,02;158,27;7817,23;137,63;
2026-03-17;2026-03-10;RSV;2021/2022;1081;Nordjylland;11. 85+ år;K;9001;592;709;14;11;4;0,02;155,54;6577,05;122,21;
2026-03-17;2026-03-10;RSV;2021/2022;1081;Nordjylland;11. 85+ år;M;5531;544;664;9;9;2;0,02;162,72;9835,47;162,72;
2026-03-17;2026-03-10;RSV;2021/2022;1081;Nordjylland;Alle;Alle;592153;11823;14134;817;373;19;0,07;137,97;1996,61;62,99;
2026-03-17;2026-03-10;RSV;2021/2022;1081;Nordjylland;Alle;K;293846;6211;7298;400;178;8;0,06;136,13;2113,69;60,58;
2026-03-17;2026-03-10;RSV;2021/2022;1081;Nordjylland;Alle;M;298307;5612;6836;417;195;11;0,07;139,79;1881,28;65,37;
2026-03-17;2026-03-10;RSV;2021/2022;1085;Sjælland;01. 0-5 måneder;Alle;3634;922;1077;360;184;0;0,39;9906,44;25371,49;5063,29;
2026-03-17;2026-03-10;RSV;2021/2022;1085;Sjælland;01. 0-5 måneder;K;1760;401;463;163;84;0;0,41;9261,36;22784,09;4772,73;
2026-03-17;2026-03-10;RSV;2021/2022;1085;Sjælland;01. 0-5 måneder;M;1874;521;614;197;100;0;0,38;10512,27;27801,49;5336,18;
2026-03-17;2026-03-10;RSV;2021/2022;1085;Sjælland;02. 6-11 måneder;Alle;4054;613;724;263;59;0;0,43;6487,42;15120,87;1455,35;
2026-03-17;2026-03-10;RSV;2021/2022;1085;Sjælland;02. 6-11 måneder;K;1947;282;328;117;25;0;0,41;6009,24;14483,82;1284,03;
2026-03-17;2026-03-10;RSV;2021/2022;1085;Sjælland;02. 6-11 måneder;M;2107;331;396;146;34;0;0,44;6929,28;15709,54;1613,67;
2026-03-17;2026-03-10;RSV;2021/2022;1085;Sjælland;03. 1 år;Alle;7950;1052;1223;467;99;0;0,44;5874,21;13232,70;1245,28;
2026-03-17;2026-03-10;RSV;2021/2022;1085;Sjælland;03. 1 år;K;3892;467;529;212;37;0;0,45;5447,07;11998,97;950,67;
2026-03-17;2026-03-10;RSV;2021/2022;1085;Sjælland;03. 1 år;M;4058;585;694;255;62;0;0,44;6283,88;14415,97;1527,85;
2026-03-17;2026-03-10;RSV;2021/2022;1085;Sjælland;04. 2 år;Alle;8159;603;694;234;56;1;0,39;2868,00;7390,61;686,36;
2026-03-17;2026-03-10;RSV;2021/2022;1085;Sjælland;04. 2 år;K;3964;268;295;110;29;0;0,41;2774,97;6760,85;731,58;
2026-03-17;2026-03-10;RSV;2021/2022;1085;Sjælland;04. 2 år;M;4195;335;399;124;27;1;0,37;2955,90;7985,70;643,62;
2026-03-17;2026-03-10;RSV;2021/2022;1085;Sjælland;05. 3-5 år;Alle;25905;683;751;194;41;0;0,28;748,89;2636,56;158,27;
2026-03-17;2026-03-10;RSV;2021/2022;1085;Sjælland;05. 3-5 år;K;12575;297;332;91;17;0;0,31;723,66;2361,83;135,19;
2026-03-17;2026-03-10;RSV;2021/2022;1085;Sjælland;05. 3-5 år;M;13330;386;419;103;24;0;0,27;772,69;2895,72;180,05;
2026-03-17;2026-03-10;RSV;2021/2022;1085;Sjælland;06. 6-14 år;Alle;82126;809;872;35;4;0;0,04;42,62;985,07;4,87;
2026-03-17;2026-03-10;RSV;2021/2022;1085;Sjælland;06. 6-14 år;K;39885;356;381;19;2;0;0,05;47,64;892,57;5,01;
2026-03-17;2026-03-10;RSV;2021/2022;1085;Sjælland;06. 6-14 år;M;42241;453;491;16;2;0;0,04;37,88;1072,42;4,73;
2026-03-17;2026-03-10;RSV;2021/2022;1085;Sjælland;07. 15-44 år;Alle;271700;2309;2487;112;13;0;0,05;41,22;849,83;4,78;
2026-03-17;2026-03-10;RSV;2021/2022;1085;Sjælland;07. 15-44 år;K;132344;1405;1509;67;8;0;0,05;50,63;1061,63;6,04;
2026-03-17;2026-03-10;RSV;2021/2022;1085;Sjælland;07. 15-44 år;M;139356;904;978;45;5;0;0,05;32,29;648,70;3,59;
2026-03-17;2026-03-10;RSV;2021/2022;1085;Sjælland;08. 45-64 år;Alle;243783;1771;1938;118;34;3;0,07;48,40;726,47;13,95;
2026-03-17;2026-03-10;RSV;2021/2022;1085;Sjælland;08. 45-64 år;K;122474;1030;1123;74;18;3;0,07;60,42;840,99;14,70;
2026-03-17;2026-03-10;RSV;2021/2022;1085;Sjælland;08. 45-64 år;M;121309;741;815;44;16;0;0,06;36,27;610,84;13,19;
2026-03-17;2026-03-10;RSV;2021/2022;1085;Sjælland;09. 65-74 år;Alle;103501;979;1144;54;34;4;0,06;52,17;945,88;32,85;
2026-03-17;2026-03-10;RSV;2021/2022;1085;Sjælland;09. 65-74 år;K;53472;485;552;28;20;3;0,06;52,36;907,02;37,40;
2026-03-17;2026-03-10;RSV;2021/2022;1085;Sjælland;09. 65-74 år;M;50029;494;592;26;14;1;0,05;51,97;987,43;27,98;
2026-03-17;2026-03-10;RSV;2021/2022;1085;Sjælland;10. 75-84 år;Alle;74043;772;891;46;30;7;0,06;62,13;1042,64;40,52;
2026-03-17;2026-03-10;RSV;2021/2022;1085;Sjælland;10. 75-84 år;K;39680;384;433;25;16;5;0,07;63,00;967,74;40,32;
2026-03-17;2026-03-10;RSV;2021/2022;1085;Sjælland;10. 75-84 år;M;34363;388;458;21;14;2;0,05;61,11;1129,12;40,74;
2026-03-17;2026-03-10;RSV;2021/2022;1085;Sjælland;11. 85+ år;Alle;19373;258;285;25;17;4;0,10;129,05;1331,75;87,75;
2026-03-17;2026-03-10;RSV;2021/2022;1085;Sjælland;11. 85+ år;K;12266;155;169;15;9;1;0,10;122,29;1263,66;73,37;
2026-03-17;2026-03-10;RSV;2021/2022;1085;Sjælland;11. 85+ år;M;7107;103;116;10;8;3;0,10;140,71;1449,28;112,57;
2026-03-17;2026-03-10;RSV;2021/2022;1085;Sjælland;Alle;Alle;844228;10771;12086;1908;571;19;0,18;226,01;1275,84;67,64;
2026-03-17;2026-03-10;RSV;2021/2022;1085;Sjælland;Alle;K;424259;5530;6114;921;265;12;0,17;217,08;1303,45;62,46;
2026-03-17;2026-03-10;RSV;2021/2022;1085;Sjælland;Alle;M;419969;5241;5972;987;306;7;0,19;235,02;1247,95;72,86;
2026-03-17;2026-03-10;RSV;2021/2022;1083;Syddanmark;01. 0-5 måneder;Alle;5767;1347;1515;616;379;1;0,46;10681,46;23357,03;6571,87;
2026-03-17;2026-03-10;RSV;2021/2022;1083;Syddanmark;01. 0-5 måneder;K;2778;595;661;276;174;0;0,46;9935,21;21418,29;6263,50;
2026-03-17;2026-03-10;RSV;2021/2022;1083;Syddanmark;01. 0-5 måneder;M;2989;752;854;340;205;1;0,45;11375,04;25158,92;6858,48;
2026-03-17;2026-03-10;RSV;2021/2022;1083;Syddanmark;02. 6-11 måneder;Alle;6486;705;792;334;96;0;0,47;5149,55;10869,57;1480,11;
2026-03-17;2026-03-10;RSV;2021/2022;1083;Syddanmark;02. 6-11 måneder;K;3234;309;337;139;40;0;0,45;4298,08;9554,73;1236,86;
2026-03-17;2026-03-10;RSV;2021/2022;1083;Syddanmark;02. 6-11 måneder;M;3252;396;455;195;56;0;0,49;5996,31;12177,12;1722,02;
2026-03-17;2026-03-10;RSV;2021/2022;1083;Syddanmark;03. 1 år;Alle;12100;1211;1417;459;123;0;0,38;3793,39;10008,26;1016,53;
2026-03-17;2026-03-10;RSV;2021/2022;1083;Syddanmark;03. 1 år;K;5959;507;584;198;53;0;0,39;3322,71;8508,14;889,41;
2026-03-17;2026-03-10;RSV;2021/2022;1083;Syddanmark;03. 1 år;M;6141;704;833;261;70;0;0,37;4250,12;11463,93;1139,88;
2026-03-17;2026-03-10;RSV;2021/2022;1083;Syddanmark;04. 2 år;Alle;12278;644;730;237;56;0;0,37;1930,28;5245,15;456,10;
2026-03-17;2026-03-10;RSV;2021/2022;1083;Syddanmark;04. 2 år;K;5961;274;295;109;24;0;0,40;1828,55;4596,54;402,62;
2026-03-17;2026-03-10;RSV;2021/2022;1083;Syddanmark;04. 2 år;M;6317;370;435;128;32;0;0,35;2026,28;5857,21;506,57;
2026-03-17;2026-03-10;RSV;2021/2022;1083;Syddanmark;05. 3-5 år;Alle;38336;694;772;190;44;0;0,27;495,62;1810,31;114,77;
2026-03-17;2026-03-10;RSV;2021/2022;1083;Syddanmark;05. 3-5 år;K;18547;310;347;92;20;0;0,30;496,04;1671,43;107,83;
2026-03-17;2026-03-10;RSV;2021/2022;1083;Syddanmark;05. 3-5 år;M;19789;384;425;98;24;0;0,26;495,22;1940,47;121,28;
2026-03-17;2026-03-10;RSV;2021/2022;1083;Syddanmark;06. 6-14 år;Alle;121610;749;826;39;5;0;0,05;32,07;615,90;4,11;
2026-03-17;2026-03-10;RSV;2021/2022;1083;Syddanmark;06. 6-14 år;K;59179;317;346;13;3;0;0,04;21,97;535,66;5,07;
2026-03-17;2026-03-10;RSV;2021/2022;1083;Syddanmark;06. 6-14 år;M;62431;432;480;26;2;0;0,06;41,65;691,96;3,20;
2026-03-17;2026-03-10;RSV;2021/2022;1083;Syddanmark;07. 15-44 år;Alle;427995;5132;5907;122;25;0;0,02;28,51;1199,08;5,84;
2026-03-17;2026-03-10;RSV;2021/2022;1083;Syddanmark;07. 15-44 år;K;208356;3530;4036;77;16;0;0,02;36,96;1694,22;7,68;
2026-03-17;2026-03-10;RSV;2021/2022;1083;Syddanmark;07. 15-44 år;M;219639;1602;1871;45;9;0;0,03;20,49;729,38;4,10;
2026-03-17;2026-03-10;RSV;2021/2022;1083;Syddanmark;08. 45-64 år;Alle;333693;3348;4240;131;37;1;0,04;39,26;1003,32;11,09;
2026-03-17;2026-03-10;RSV;2021/2022;1083;Syddanmark;08. 45-64 år;K;166712;1732;2153;75;15;0;0,04;44,99;1038,92;9,00;
2026-03-17;2026-03-10;RSV;2021/2022;1083;Syddanmark;08. 45-64 år;M;166981;1616;2087;56;22;1;0,03;33,54;967,77;13,18;
2026-03-17;2026-03-10;RSV;2021/2022;1083;Syddanmark;09. 65-74 år;Alle;142493;2312;3169;89;58;2;0,04;62,46;1622,54;40,70;
2026-03-17;2026-03-10;RSV;2021/2022;1083;Syddanmark;09. 65-74 år;K;72855;1022;1336;49;29;1;0,05;67,26;1402,79;39,81;
2026-03-17;2026-03-10;RSV;2021/2022;1083;Syddanmark;09. 65-74 år;M;69638;1290;1833;40;29;1;0,03;57,44;1852,44;41,64;
2026-03-17;2026-03-10;RSV;2021/2022;1083;Syddanmark;10. 75-84 år;Alle;99887;2603;3528;106;72;10;0,04;106,12;2605,94;72,08;
2026-03-17;2026-03-10;RSV;2021/2022;1083;Syddanmark;10. 75-84 år;K;53423;1201;1576;56;37;4;0,05;104,82;2248,10;69,26;
2026-03-17;2026-03-10;RSV;2021/2022;1083;Syddanmark;10. 75-84 år;M;46464;1402;1952;50;35;6;0,04;107,61;3017,39;75,33;
2026-03-17;2026-03-10;RSV;2021/2022;1083;Syddanmark;11. 85+ år;Alle;30195;1452;1850;62;49;10;0,04;205,33;4808,74;162,28;
2026-03-17;2026-03-10;RSV;2021/2022;1083;Syddanmark;11. 85+ år;K;19070;785;994;36;27;7;0,05;188,78;4116,41;141,58;
2026-03-17;2026-03-10;RSV;2021/2022;1083;Syddanmark;11. 85+ år;M;11125;667;856;26;22;3;0,04;233,71;5995,51;197,75;
2026-03-17;2026-03-10;RSV;2021/2022;1083;Syddanmark;Alle;Alle;1230840;20197;24746;2385;944;24;0,12;193,77;1640,91;76,70;
2026-03-17;2026-03-10;RSV;2021/2022;1083;Syddanmark;Alle;K;616074;10582;12665;1120;438;12;0,11;181,80;1717,65;71,10;
2026-03-17;2026-03-10;RSV;2021/2022;1083;Syddanmark;Alle;M;614766;9615;12081;1265;506;12;0,13;205,77;1564,01;82,31;
2026-03-17;2026-03-10;RSV;2022/2023;9999;Alle;01. 0-5 måneder;Alle;27756;8169;9610;2897;1447;0;0,35;10437,38;29431,47;5213,29;
2026-03-17;2026-03-10;RSV;2022/2023;9999;Alle;01. 0-5 måneder;K;13491;3594;4111;1272;631;0;0,35;9428,51;26639,98;4677,19;
2026-03-17;2026-03-10;RSV;2022/2023;9999;Alle;01. 0-5 måneder;M;14265;4575;5392;1625;816;0;0,36;11391,52;32071,50;5720,29;
2026-03-17;2026-03-10;RSV;2022/2023;9999;Alle;02. 6-11 måneder;Alle;30496;3592;4407;1101;357;0;0,31;3610,31;11778,59;1170,65;
2026-03-17;2026-03-10;RSV;2022/2023;9999;Alle;02. 6-11 måneder;K;14784;1509;1826;463;147;0;0,31;3131,76;10206,98;994,32;
2026-03-17;2026-03-10;RSV;2022/2023;9999;Alle;02. 6-11 måneder;M;15712;2083;2549;638;210;0;0,31;4060,59;13257,38;1336,56;
2026-03-17;2026-03-10;RSV;2022/2023;9999;Alle;03. 1 år;Alle;63463;6359;7795;1653;530;1;0,26;2604,67;10020,01;835,13;
2026-03-17;2026-03-10;RSV;2022/2023;9999;Alle;03. 1 år;K;30909;2861;3391;768;239;1;0,27;2484,71;9256,20;773,24;
2026-03-17;2026-03-10;RSV;2022/2023;9999;Alle;03. 1 år;M;32554;3498;4358;885;291;0;0,25;2718,56;10745,22;893,90;
2026-03-17;2026-03-10;RSV;2022/2023;9999;Alle;04. 2 år;Alle;62555;2856;3387;538;144;0;0,19;860,04;4565,58;230,20;
2026-03-17;2026-03-10;RSV;2022/2023;9999;Alle;04. 2 år;K;30434;1336;1572;243;68;0;0,18;798,45;4389,83;223,43;
2026-03-17;2026-03-10;RSV;2022/2023;9999;Alle;04. 2 år;M;32121;1520;1797;295;76;0;0,19;918,40;4732,11;236,61;
2026-03-17;2026-03-10;RSV;2022/2023;9999;Alle;05. 3-5 år;Alle;188388;5163;5977;515;137;0;0,10;273,37;2740,62;72,72;
2026-03-17;2026-03-10;RSV;2022/2023;9999;Alle;05. 3-5 år;K;91650;2305;2656;228;65;0;0,10;248,77;2515,00;70,92;
2026-03-17;2026-03-10;RSV;2022/2023;9999;Alle;05. 3-5 år;M;96738;2858;3284;287;72;0;0,10;296,68;2954,37;74,43;
2026-03-17;2026-03-10;RSV;2022/2023;9999;Alle;06. 6-14 år;Alle;571331;8285;9183;239;39;0;0,03;41,83;1450,12;6,83;
2026-03-17;2026-03-10;RSV;2022/2023;9999;Alle;06. 6-14 år;K;278147;3900;4267;112;20;0;0,03;40,27;1402,14;7,19;
2026-03-17;2026-03-10;RSV;2022/2023;9999;Alle;06. 6-14 år;M;293184;4385;4869;127;19;0;0,03;43,32;1495,65;6,48;
2026-03-17;2026-03-10;RSV;2022/2023;9999;Alle;07. 15-44 år;Alle;2216145;27908;30794;712;136;2;0,03;32,13;1259,30;6,14;
2026-03-17;2026-03-10;RSV;2022/2023;9999;Alle;07. 15-44 år;K;1092077;16640;18136;438;74;0;0,03;40,11;1523,70;6,78;
2026-03-17;2026-03-10;RSV;2022/2023;9999;Alle;07. 15-44 år;M;1124068;11268;12352;274;62;2;0,02;24,38;1002,43;5,52;
2026-03-17;2026-03-10;RSV;2022/2023;9999;Alle;08. 45-64 år;Alle;1548864;24484;29447;1326;440;18;0,05;85,61;1580,77;28,41;
2026-03-17;2026-03-10;RSV;2022/2023;9999;Alle;08. 45-64 år;K;776529;13413;15754;790;240;8;0,06;101,73;1727,30;30,91;
2026-03-17;2026-03-10;RSV;2022/2023;9999;Alle;08. 45-64 år;M;772335;11071;13440;536;200;10;0,05;69,40;1433,45;25,90;
2026-03-17;2026-03-10;RSV;2022/2023;9999;Alle;09. 65-74 år;Alle;623294;16692;21514;996;551;41;0,06;159,80;2678,03;88,40;
2026-03-17;2026-03-10;RSV;2022/2023;9999;Alle;09. 65-74 år;K;321995;8156;10184;534;272;22;0,07;165,84;2532,96;84,47;
2026-03-17;2026-03-10;RSV;2022/2023;9999;Alle;09. 65-74 år;M;301299;8536;11187;462;279;19;0,05;153,34;2833,07;92,60;
2026-03-17;2026-03-10;RSV;2022/2023;9999;Alle;10. 75-84 år;Alle;458447;20082;25976;1283;843;116;0,06;279,86;4380,44;183,88;
2026-03-17;2026-03-10;RSV;2022/2023;9999;Alle;10. 75-84 år;K;247775;9572;12040;687;448;52;0,07;277,27;3863,18;180,81;
2026-03-17;2026-03-10;RSV;2022/2023;9999;Alle;10. 75-84 år;M;210672;10510;13832;596;395;64;0,06;282,90;4988,80;187,50;
2026-03-17;2026-03-10;RSV;2022/2023;9999;Alle;11. 85+ år;Alle;136194;10291;12982;657;511;111;0,06;482,40;7556,13;375,20;
2026-03-17;2026-03-10;RSV;2022/2023;9999;Alle;11. 85+ år;K;86157;5774;7075;408;315;66;0,07;473,55;6701,72;365,61;
2026-03-17;2026-03-10;RSV;2022/2023;9999;Alle;11. 85+ år;M;50037;4517;5876;249;196;45;0,06;497,63;9027,32;391,71;
2026-03-17;2026-03-10;RSV;2022/2023;9999;Alle;Alle;Alle;5926933;133881;161072;11917;5135;289;0,09;201,07;2258,86;86,64;
2026-03-17;2026-03-10;RSV;2022/2023;9999;Alle;Alle;K;2983948;69060;81012;5943;2519;149;0,09;199,17;2314,38;84,42;
2026-03-17;2026-03-10;RSV;2022/2023;9999;Alle;Alle;M;2942985;64821;78936;5974;2616;140;0,09;202,99;2202,56;88,89;
2026-03-17;2026-03-10;RSV;2022/2023;1084;Hovedstaden;01. 0-5 måneder;Alle;9779;3552;4284;1102;457;0;0,31;11269,05;36322,73;4673,28;
2026-03-17;2026-03-10;RSV;2022/2023;1084;Hovedstaden;01. 0-5 måneder;K;4785;1593;1898;491;195;0;0,31;10261,23;33291,54;4075,24;
2026-03-17;2026-03-10;RSV;2022/2023;1084;Hovedstaden;01. 0-5 måneder;M;4994;1959;2386;611;262;0;0,31;12234,68;39227,07;5246,30;
2026-03-17;2026-03-10;RSV;2022/2023;1084;Hovedstaden;02. 6-11 måneder;Alle;10619;1488;1830;399;121;0;0,27;3757,42;14012,62;1139,47;
2026-03-17;2026-03-10;RSV;2022/2023;1084;Hovedstaden;02. 6-11 måneder;K;5182;647;794;170;48;0;0,26;3280,59;12485,53;926,28;
2026-03-17;2026-03-10;RSV;2022/2023;1084;Hovedstaden;02. 6-11 måneder;M;5437;841;1036;229;73;0;0,27;4211,88;15468,09;1342,65;
2026-03-17;2026-03-10;RSV;2022/2023;1084;Hovedstaden;03. 1 år;Alle;21878;2716;3415;607;182;1;0,22;2774,48;12414,30;831,89;
2026-03-17;2026-03-10;RSV;2022/2023;1084;Hovedstaden;03. 1 år;K;10642;1242;1527;293;81;1;0,24;2753,24;11670,74;761,14;
2026-03-17;2026-03-10;RSV;2022/2023;1084;Hovedstaden;03. 1 år;M;11236;1474;1888;314;101;0;0,21;2794,59;13118,55;898,90;
2026-03-17;2026-03-10;RSV;2022/2023;1084;Hovedstaden;04. 2 år;Alle;21389;1255;1497;209;48;0;0,17;977,14;5867,50;224,41;
2026-03-17;2026-03-10;RSV;2022/2023;1084;Hovedstaden;04. 2 år;K;10314;598;714;102;27;0;0,17;988,95;5797,94;261,78;
2026-03-17;2026-03-10;RSV;2022/2023;1084;Hovedstaden;04. 2 år;M;11075;657;783;107;21;0;0,16;966,14;5932,28;189,62;
2026-03-17;2026-03-10;RSV;2022/2023;1084;Hovedstaden;05. 3-5 år;Alle;61777;2370;2704;192;46;0;0,08;310,80;3836,38;74,46;
2026-03-17;2026-03-10;RSV;2022/2023;1084;Hovedstaden;05. 3-5 år;K;30164;1095;1249;103;27;0;0,09;341,47;3630,16;89,51;
2026-03-17;2026-03-10;RSV;2022/2023;1084;Hovedstaden;05. 3-5 år;M;31613;1275;1455;89;19;0;0,07;281,53;4033,15;60,10;
2026-03-17;2026-03-10;RSV;2022/2023;1084;Hovedstaden;06. 6-14 år;Alle;180014;4274;4695;112;16;0;0,03;62,22;2374,26;8,89;
2026-03-17;2026-03-10;RSV;2022/2023;1084;Hovedstaden;06. 6-14 år;K;87775;1994;2167;46;8;0;0,02;52,41;2271,72;9,11;
2026-03-17;2026-03-10;RSV;2022/2023;1084;Hovedstaden;06. 6-14 år;M;92239;2280;2528;66;8;0;0,03;71,55;2471,84;8,67;
2026-03-17;2026-03-10;RSV;2022/2023;1084;Hovedstaden;07. 15-44 år;Alle;783974;12945;14041;293;37;0;0,02;37,37;1651,20;4,72;
2026-03-17;2026-03-10;RSV;2022/2023;1084;Hovedstaden;07. 15-44 år;K;394251;7826;8484;182;19;0;0,02;46,16;1985,03;4,82;
2026-03-17;2026-03-10;RSV;2022/2023;1084;Hovedstaden;07. 15-44 år;M;389723;5119;5557;111;18;0;0,02;28,48;1313,50;4,62;
2026-03-17;2026-03-10;RSV;2022/2023;1084;Hovedstaden;08. 45-64 år;Alle;471860;8802;10122;450;93;2;0,05;95,37;1865,38;19,71;
2026-03-17;2026-03-10;RSV;2022/2023;1084;Hovedstaden;08. 45-64 år;K;237607;5131;5836;272;55;1;0,05;114,47;2159,45;23,15;
2026-03-17;2026-03-10;RSV;2022/2023;1084;Hovedstaden;08. 45-64 år;M;234253;3671;4286;178;38;1;0,05;75,99;1567,11;16,22;
2026-03-17;2026-03-10;RSV;2022/2023;1084;Hovedstaden;09. 65-74 år;Alle;165827;4791;5875;259;105;13;0,05;156,19;2889,16;63,32;
2026-03-17;2026-03-10;RSV;2022/2023;1084;Hovedstaden;09. 65-74 år;K;87950;2579;3115;150;51;9;0,06;170,55;2932,35;57,99;
2026-03-17;2026-03-10;RSV;2022/2023;1084;Hovedstaden;09. 65-74 år;M;77877;2212;2760;109;54;4;0,05;139,96;2840,38;69,34;
2026-03-17;2026-03-10;RSV;2022/2023;1084;Hovedstaden;10. 75-84 år;Alle;126667;5286;6623;313;163;26;0,06;247,10;4173,15;128,68;
2026-03-17;2026-03-10;RSV;2022/2023;1084;Hovedstaden;10. 75-84 år;K;70911;2726;3375;183;89;15;0,07;258,07;3844,26;125,51;
2026-03-17;2026-03-10;RSV;2022/2023;1084;Hovedstaden;10. 75-84 år;M;55756;2560;3248;130;74;11;0,05;233,16;4591,43;132,72;
2026-03-17;2026-03-10;RSV;2022/2023;1084;Hovedstaden;11. 85+ år;Alle;37584;2627;3241;171;118;32;0,07;454,98;6989,68;313,96;
2026-03-17;2026-03-10;RSV;2022/2023;1084;Hovedstaden;11. 85+ år;K;24695;1605;1943;110;72;18;0,07;445,43;6499,29;291,56;
2026-03-17;2026-03-10;RSV;2022/2023;1084;Hovedstaden;11. 85+ år;M;12889;1022;1298;61;46;14;0,06;473,27;7929,24;356,89;
2026-03-17;2026-03-10;RSV;2022/2023;1084;Hovedstaden;Alle;Alle;1891368;50106;58327;4107;1386;74;0,08;217,14;2649,19;73,28;
2026-03-17;2026-03-10;RSV;2022/2023;1084;Hovedstaden;Alle;K;964276;27036;31102;2102;672;44;0,08;217,99;2803,76;69,69;
2026-03-17;2026-03-10;RSV;2022/2023;1084;Hovedstaden;Alle;M;927092;23070;27225;2005;714;30;0,09;216,27;2488,43;77,02;
2026-03-17;2026-03-10;RSV;2022/2023;1082;Midtjylland;01. 0-5 måneder;Alle;6756;1679;1900;643;357;0;0,38;9517,47;24851,98;5284,19;
2026-03-17;2026-03-10;RSV;2022/2023;1082;Midtjylland;01. 0-5 måneder;K;3293;752;837;307;168;0;0,41;9322,81;22836,32;5101,73;
2026-03-17;2026-03-10;RSV;2022/2023;1082;Midtjylland;01. 0-5 måneder;M;3463;927;1063;336;189;0;0,36;9702,57;26768,70;5457,70;
2026-03-17;2026-03-10;RSV;2022/2023;1082;Midtjylland;02. 6-11 måneder;Alle;7261;580;704;222;87;0;0,38;3057,43;7987,88;1198,18;
2026-03-17;2026-03-10;RSV;2022/2023;1082;Midtjylland;02. 6-11 måneder;K;3539;237;280;95;28;0;0,40;2684,37;6696,81;791,18;
2026-03-17;2026-03-10;RSV;2022/2023;1082;Midtjylland;02. 6-11 måneder;M;3722;343;424;127;59;0;0,37;3412,14;9215,48;1585,17;
2026-03-17;2026-03-10;RSV;2022/2023;1082;Midtjylland;03. 1 år;Alle;15179;1018;1223;311;131;0;0,31;2048,88;6706,63;863,03;
2026-03-17;2026-03-10;RSV;2022/2023;1082;Midtjylland;03. 1 år;K;7345;450;528;140;58;0;0,31;1906,06;6126,62;789,65;
2026-03-17;2026-03-10;RSV;2022/2023;1082;Midtjylland;03. 1 år;M;7834;568;695;171;73;0;0,30;2182,79;7250,45;931,84;
2026-03-17;2026-03-10;RSV;2022/2023;1082;Midtjylland;04. 2 år;Alle;14905;421;507;93;35;0;0,22;623,95;2824,56;234,82;
2026-03-17;2026-03-10;RSV;2022/2023;1082;Midtjylland;04. 2 år;K;7248;192;229;37;17;0;0,19;510,49;2649,01;234,55;
2026-03-17;2026-03-10;RSV;2022/2023;1082;Midtjylland;04. 2 år;M;7657;229;278;56;18;0;0,24;731,36;2990,73;235,08;
2026-03-17;2026-03-10;RSV;2022/2023;1082;Midtjylland;05. 3-5 år;Alle;44529;641;754;66;30;0;0,10;148,22;1439,51;67,37;
2026-03-17;2026-03-10;RSV;2022/2023;1082;Midtjylland;05. 3-5 år;K;21605;260;314;29;17;0;0,11;134,23;1203,43;78,69;
2026-03-17;2026-03-10;RSV;2022/2023;1082;Midtjylland;05. 3-5 år;M;22924;381;440;37;13;0;0,10;161,40;1662,01;56,71;
2026-03-17;2026-03-10;RSV;2022/2023;1082;Midtjylland;06. 6-14 år;Alle;134026;789;922;20;10;0;0,03;14,92;588,69;7,46;
2026-03-17;2026-03-10;RSV;2022/2023;1082;Midtjylland;06. 6-14 år;K;65308;377;455;9;6;0;0,02;13,78;577,26;9,19;
2026-03-17;2026-03-10;RSV;2022/2023;1082;Midtjylland;06. 6-14 år;M;68718;412;467;11;4;0;0,03;16,01;599,55;5,82;
2026-03-17;2026-03-10;RSV;2022/2023;1082;Midtjylland;07. 15-44 år;Alle;515836;4690;5320;93;37;0;0,02;18,03;909,20;7,17;
2026-03-17;2026-03-10;RSV;2022/2023;1082;Midtjylland;07. 15-44 år;K;253690;2761;3110;59;22;0;0,02;23,26;1088,34;8,67;
2026-03-17;2026-03-10;RSV;2022/2023;1082;Midtjylland;07. 15-44 år;M;262146;1929;2210;34;15;0;0,02;12,97;735,85;5,72;
2026-03-17;2026-03-10;RSV;2022/2023;1082;Midtjylland;08. 45-64 år;Alle;345703;5699;7255;226;123;4;0,04;65,37;1648,52;35,58;
2026-03-17;2026-03-10;RSV;2022/2023;1082;Midtjylland;08. 45-64 år;K;173189;2812;3464;131;69;2;0,05;75,64;1623,66;39,84;
2026-03-17;2026-03-10;RSV;2022/2023;1082;Midtjylland;08. 45-64 år;M;172514;2887;3791;95;54;2;0,03;55,07;1673,49;31,30;
2026-03-17;2026-03-10;RSV;2022/2023;1082;Midtjylland;09. 65-74 år;Alle;142853;5233;6971;211;157;10;0,04;147,70;3663,21;109,90;
2026-03-17;2026-03-10;RSV;2022/2023;1082;Midtjylland;09. 65-74 år;K;72909;2391;3120;118;88;5;0,05;161,85;3279,43;120,70;
2026-03-17;2026-03-10;RSV;2022/2023;1082;Midtjylland;09. 65-74 år;M;69944;2842;3851;93;69;5;0,03;132,96;4063,25;98,65;
2026-03-17;2026-03-10;RSV;2022/2023;1082;Midtjylland;10. 75-84 år;Alle;99939;6923;9160;313;245;27;0,05;313,19;6927,23;245,15;
2026-03-17;2026-03-10;RSV;2022/2023;1082;Midtjylland;10. 75-84 år;K;53119;3175;4094;156;127;12;0,05;293,68;5977,15;239,09;
2026-03-17;2026-03-10;RSV;2022/2023;1082;Midtjylland;10. 75-84 år;M;46820;3748;5066;157;118;15;0,04;335,33;8005,13;252,03;
2026-03-17;2026-03-10;RSV;2022/2023;1082;Midtjylland;11. 85+ år;Alle;30254;3838;4941;158;136;23;0,04;522,24;12685,93;449,53;
2026-03-17;2026-03-10;RSV;2022/2023;1082;Midtjylland;11. 85+ år;K;18880;2078;2606;100;84;11;0,05;529,66;11006,36;444,92;
2026-03-17;2026-03-10;RSV;2022/2023;1082;Midtjylland;11. 85+ år;M;11374;1760;2335;58;52;12;0,03;509,93;15473,89;457,18;
2026-03-17;2026-03-10;RSV;2022/2023;1082;Midtjylland;Alle;Alle;1357241;31511;39657;2356;1348;64;0,07;173,59;2321,70;99,32;
2026-03-17;2026-03-10;RSV;2022/2023;1082;Midtjylland;Alle;K;680125;15485;19037;1181;684;30;0,08;173,64;2276,79;100,57;
2026-03-17;2026-03-10;RSV;2022/2023;1082;Midtjylland;Alle;M;677116;16026;20620;1175;664;34;0,07;173,53;2366,80;98,06;
2026-03-17;2026-03-10;RSV;2022/2023;1081;Nordjylland;01. 0-5 måneder;Alle;2649;690;833;263;159;0;0,38;9928,27;26047,57;6002,27;
2026-03-17;2026-03-10;RSV;2022/2023;1081;Nordjylland;01. 0-5 måneder;K;1272;291;344;109;64;0;0,37;8569,18;22877,36;5031,45;
2026-03-17;2026-03-10;RSV;2022/2023;1081;Nordjylland;01. 0-5 måneder;M;1377;399;489;154;95;0;0,39;11183,73;28976,03;6899,06;
2026-03-17;2026-03-10;RSV;2022/2023;1081;Nordjylland;02. 6-11 måneder;Alle;2799;356;455;110;35;0;0,31;3929,97;12718,83;1250,45;
2026-03-17;2026-03-10;RSV;2022/2023;1081;Nordjylland;02. 6-11 måneder;K;1338;168;208;50;16;0;0,30;3736,92;12556,05;1195,81;
2026-03-17;2026-03-10;RSV;2022/2023;1081;Nordjylland;02. 6-11 måneder;M;1461;188;247;60;19;0;0,32;4106,78;12867,90;1300,48;
2026-03-17;2026-03-10;RSV;2022/2023;1081;Nordjylland;03. 1 år;Alle;6055;673;830;169;58;0;0,25;2791,08;11114,78;957,89;
2026-03-17;2026-03-10;RSV;2022/2023;1081;Nordjylland;03. 1 år;K;2977;280;335;68;20;0;0,24;2284,18;9405,44;671,82;
2026-03-17;2026-03-10;RSV;2022/2023;1081;Nordjylland;03. 1 år;M;3078;393;495;101;38;0;0,26;3281,35;12768,03;1234,57;
2026-03-17;2026-03-10;RSV;2022/2023;1081;Nordjylland;04. 2 år;Alle;5803;271;313;42;15;0;0,15;723,76;4670,00;258,49;
2026-03-17;2026-03-10;RSV;2022/2023;1081;Nordjylland;04. 2 år;K;2799;125;144;14;6;0;0,11;500,18;4465,88;214,36;
2026-03-17;2026-03-10;RSV;2022/2023;1081;Nordjylland;04. 2 år;M;3004;146;169;28;9;0;0,19;932,09;4860,19;299,60;
2026-03-17;2026-03-10;RSV;2022/2023;1081;Nordjylland;05. 3-5 år;Alle;18213;475;562;58;16;0;0,12;318,45;2608,03;87,85;
2026-03-17;2026-03-10;RSV;2022/2023;1081;Nordjylland;05. 3-5 år;K;8889;191;222;17;3;0;0,09;191,25;2148,72;33,75;
2026-03-17;2026-03-10;RSV;2022/2023;1081;Nordjylland;05. 3-5 år;M;9324;284;340;41;13;0;0,14;439,73;3045,90;139,43;
2026-03-17;2026-03-10;RSV;2022/2023;1081;Nordjylland;06. 6-14 år;Alle;55357;724;804;13;2;0;0,02;23,48;1307,87;3,61;
2026-03-17;2026-03-10;RSV;2022/2023;1081;Nordjylland;06. 6-14 år;K;26917;352;386;8;1;0;0,02;29,72;1307,72;3,72;
2026-03-17;2026-03-10;RSV;2022/2023;1081;Nordjylland;06. 6-14 år;M;28440;372;418;5;1;0;0,01;17,58;1308,02;3,52;
2026-03-17;2026-03-10;RSV;2022/2023;1081;Nordjylland;07. 15-44 år;Alle;212638;3014;3439;65;20;0;0,02;30,57;1417,43;9,41;
2026-03-17;2026-03-10;RSV;2022/2023;1081;Nordjylland;07. 15-44 år;K;101894;1737;1955;39;13;0;0,02;38,28;1704,71;12,76;
2026-03-17;2026-03-10;RSV;2022/2023;1081;Nordjylland;07. 15-44 år;M;110744;1277;1484;26;7;0;0,02;23,48;1153,11;6,32;
2026-03-17;2026-03-10;RSV;2022/2023;1081;Nordjylland;08. 45-64 år;Alle;155175;3374;4233;158;67;5;0,05;101,82;2174,32;43,18;
2026-03-17;2026-03-10;RSV;2022/2023;1081;Nordjylland;08. 45-64 år;K;77190;1714;2107;82;35;1;0,05;106,23;2220,49;45,34;
2026-03-17;2026-03-10;RSV;2022/2023;1081;Nordjylland;08. 45-64 år;M;77985;1660;2126;76;32;4;0,05;97,45;2128,61;41,03;
2026-03-17;2026-03-10;RSV;2022/2023;1081;Nordjylland;09. 65-74 år;Alle;69501;2803;3764;116;74;4;0,04;166,90;4033,04;106,47;
2026-03-17;2026-03-10;RSV;2022/2023;1081;Nordjylland;09. 65-74 år;K;35277;1278;1656;68;43;2;0,05;192,76;3622,76;121,89;
2026-03-17;2026-03-10;RSV;2022/2023;1081;Nordjylland;09. 65-74 år;M;34224;1525;2108;48;31;2;0,03;140,25;4455,94;90,58;
2026-03-17;2026-03-10;RSV;2022/2023;1081;Nordjylland;10. 75-84 år;Alle;50165;3844;5237;175;127;15;0,05;348,85;7662,71;253,16;
2026-03-17;2026-03-10;RSV;2022/2023;1081;Nordjylland;10. 75-84 år;K;26537;1738;2316;99;67;5;0,06;373,06;6549,35;252,48;
2026-03-17;2026-03-10;RSV;2022/2023;1081;Nordjylland;10. 75-84 år;M;23628;2106;2921;76;60;10;0,04;321,65;8913,15;253,94;
2026-03-17;2026-03-10;RSV;2022/2023;1081;Nordjylland;11. 85+ år;Alle;15346;2119;2764;98;80;13;0,05;638,60;13808,16;521,31;
2026-03-17;2026-03-10;RSV;2022/2023;1081;Nordjylland;11. 85+ år;K;9398;1145;1446;63;51;10;0,06;670,36;12183,44;542,67;
2026-03-17;2026-03-10;RSV;2022/2023;1081;Nordjylland;11. 85+ år;M;5948;974;1318;35;29;3;0,04;588,43;16375,25;487,56;
2026-03-17;2026-03-10;RSV;2022/2023;1081;Nordjylland;Alle;Alle;593701;18343;23234;1267;653;37;0,07;213,41;3089,60;109,99;
2026-03-17;2026-03-10;RSV;2022/2023;1081;Nordjylland;Alle;K;294488;9019;11119;617;319;18;0,07;209,52;3062,60;108,32;
2026-03-17;2026-03-10;RSV;2022/2023;1081;Nordjylland;Alle;M;299213;9324;12115;650;334;19;0,07;217,24;3116,17;111,63;
2026-03-17;2026-03-10;RSV;2022/2023;1085;Sjælland;01. 0-5 måneder;Alle;3324;1062;1217;399;174;0;0,38;12003,61;31949,46;5234,66;
2026-03-17;2026-03-10;RSV;2022/2023;1085;Sjælland;01. 0-5 måneder;K;1615;458;510;166;82;0;0,36;10278,64;28359,13;5077,40;
2026-03-17;2026-03-10;RSV;2022/2023;1085;Sjælland;01. 0-5 måneder;M;1709;604;707;233;92;0;0,39;13633,70;35342,31;5383,27;
2026-03-17;2026-03-10;RSV;2022/2023;1085;Sjælland;02. 6-11 måneder;Alle;3889;641;778;178;51;0;0,28;4577,01;16482,39;1311,39;
2026-03-17;2026-03-10;RSV;2022/2023;1085;Sjælland;02. 6-11 måneder;K;1897;271;331;74;26;0;0,27;3900,90;14285,71;1370,59;
2026-03-17;2026-03-10;RSV;2022/2023;1085;Sjælland;02. 6-11 måneder;M;1992;370;447;104;25;0;0,28;5220,88;18574,30;1255,02;
2026-03-17;2026-03-10;RSV;2022/2023;1085;Sjælland;03. 1 år;Alle;7879;1128;1402;294;73;0;0,26;3731,44;14316,54;926,51;
2026-03-17;2026-03-10;RSV;2022/2023;1085;Sjælland;03. 1 år;K;3797;529;629;148;43;0;0,28;3897,81;13932,05;1132,47;
2026-03-17;2026-03-10;RSV;2022/2023;1085;Sjælland;03. 1 år;M;4082;599;773;146;30;0;0,24;3576,68;14674,18;734,93;
2026-03-17;2026-03-10;RSV;2022/2023;1085;Sjælland;04. 2 år;Alle;8176;553;682;106;19;0;0,19;1296,48;6763,70;232,39;
2026-03-17;2026-03-10;RSV;2022/2023;1085;Sjælland;04. 2 år;K;4007;246;305;46;5;0;0,19;1147,99;6139,26;124,78;
2026-03-17;2026-03-10;RSV;2022/2023;1085;Sjælland;04. 2 år;M;4169;307;377;60;14;0;0,20;1439,19;7363,88;335,81;
2026-03-17;2026-03-10;RSV;2022/2023;1085;Sjælland;05. 3-5 år;Alle;25662;1015;1185;92;25;0;0,09;358,51;3955,26;97,42;
2026-03-17;2026-03-10;RSV;2022/2023;1085;Sjælland;05. 3-5 år;K;12503;463;547;33;11;0;0,07;263,94;3703,11;87,98;
2026-03-17;2026-03-10;RSV;2022/2023;1085;Sjælland;05. 3-5 år;M;13159;552;638;59;14;0;0,11;448,36;4194,85;106,39;
2026-03-17;2026-03-10;RSV;2022/2023;1085;Sjælland;06. 6-14 år;Alle;81547;1563;1729;51;7;0;0,03;62,54;1916,69;8,58;
2026-03-17;2026-03-10;RSV;2022/2023;1085;Sjælland;06. 6-14 år;K;39535;730;807;20;3;0;0,03;50,59;1846,47;7,59;
2026-03-17;2026-03-10;RSV;2022/2023;1085;Sjælland;06. 6-14 år;M;42012;833;922;31;4;0;0,04;73,79;1982,77;9,52;
2026-03-17;2026-03-10;RSV;2022/2023;1085;Sjælland;07. 15-44 år;Alle;273718;3475;3727;126;18;1;0,04;46,03;1269,55;6,58;
2026-03-17;2026-03-10;RSV;2022/2023;1085;Sjælland;07. 15-44 år;K;133231;2150;2306;78;8;0;0,04;58,54;1613,74;6,00;
2026-03-17;2026-03-10;RSV;2022/2023;1085;Sjælland;07. 15-44 år;M;140487;1325;1421;48;10;1;0,04;34,17;943,15;7,12;
2026-03-17;2026-03-10;RSV;2022/2023;1085;Sjælland;08. 45-64 år;Alle;243086;2819;3162;253;84;5;0,09;104,08;1159,67;34,56;
2026-03-17;2026-03-10;RSV;2022/2023;1085;Sjælland;08. 45-64 år;K;122107;1691;1896;153;42;2;0,09;125,30;1384,85;34,40;
2026-03-17;2026-03-10;RSV;2022/2023;1085;Sjælland;08. 45-64 år;M;120979;1128;1266;100;42;3;0,09;82,66;932,39;34,72;
2026-03-17;2026-03-10;RSV;2022/2023;1085;Sjælland;09. 65-74 år;Alle;102722;1449;1680;223;132;9;0,15;217,09;1410,60;128,50;
2026-03-17;2026-03-10;RSV;2022/2023;1085;Sjælland;09. 65-74 år;K;53078;752;855;109;58;4;0,14;205,36;1416,78;109,27;
2026-03-17;2026-03-10;RSV;2022/2023;1085;Sjælland;09. 65-74 år;M;49644;697;825;114;74;5;0,16;229,64;1404,00;149,06;
2026-03-17;2026-03-10;RSV;2022/2023;1085;Sjælland;10. 75-84 år;Alle;77537;1339;1471;269;186;31;0,20;346,93;1726,92;239,89;
2026-03-17;2026-03-10;RSV;2022/2023;1085;Sjælland;10. 75-84 år;K;41554;663;718;134;93;11;0,20;322,47;1595,51;223,81;
2026-03-17;2026-03-10;RSV;2022/2023;1085;Sjælland;10. 75-84 år;M;35983;676;753;135;93;20;0,20;375,18;1878,66;258,46;
2026-03-17;2026-03-10;RSV;2022/2023;1085;Sjælland;11. 85+ år;Alle;20890;454;494;126;104;24;0,28;603,16;2173,29;497,85;
2026-03-17;2026-03-10;RSV;2022/2023;1085;Sjælland;11. 85+ år;K;13046;284;308;76;65;16;0,27;582,55;2176,91;498,24;
2026-03-17;2026-03-10;RSV;2022/2023;1085;Sjælland;11. 85+ år;M;7844;170;186;50;39;8;0,29;637,43;2167,26;497,20;
2026-03-17;2026-03-10;RSV;2022/2023;1085;Sjælland;Alle;Alle;848430;15498;17527;2117;873;70;0,14;249,52;1826,67;102,90;
2026-03-17;2026-03-10;RSV;2022/2023;1085;Sjælland;Alle;K;426370;8237;9212;1037;436;33;0,13;243,22;1931,89;102,26;
2026-03-17;2026-03-10;RSV;2022/2023;1085;Sjælland;Alle;M;422060;7261;8315;1080;437;37;0,15;255,89;1720,37;103,54;
2026-03-17;2026-03-10;RSV;2022/2023;1083;Syddanmark;01. 0-5 måneder;Alle;5248;1083;1265;473;299;0;0,44;9012,96;20636,43;5697,41;
2026-03-17;2026-03-10;RSV;2022/2023;1083;Syddanmark;01. 0-5 måneder;K;2526;452;521;191;122;0;0,42;7561,36;17893,90;4829,77;
2026-03-17;2026-03-10;RSV;2022/2023;1083;Syddanmark;01. 0-5 måneder;M;2722;631;744;282;177;0;0,45;10360,03;23181,48;6502,57;
2026-03-17;2026-03-10;RSV;2022/2023;1083;Syddanmark;02. 6-11 måneder;Alle;5928;492;601;190;63;0;0,39;3205,13;8299,60;1062,75;
2026-03-17;2026-03-10;RSV;2022/2023;1083;Syddanmark;02. 6-11 måneder;K;2828;178;212;73;29;0;0,41;2581,33;6294,20;1025,46;
2026-03-17;2026-03-10;RSV;2022/2023;1083;Syddanmark;02. 6-11 måneder;M;3100;314;389;117;34;0;0,37;3774,19;10129,03;1096,77;
2026-03-17;2026-03-10;RSV;2022/2023;1083;Syddanmark;03. 1 år;Alle;12472;770;868;264;85;0;0,34;2116,74;6173,83;681,53;
2026-03-17;2026-03-10;RSV;2022/2023;1083;Syddanmark;03. 1 år;K;6148;334;369;114;36;0;0,34;1854,26;5432,66;585,56;
2026-03-17;2026-03-10;RSV;2022/2023;1083;Syddanmark;03. 1 år;M;6324;436;499;150;49;0;0,34;2371,92;6894,37;774,83;
2026-03-17;2026-03-10;RSV;2022/2023;1083;Syddanmark;04. 2 år;Alle;12282;333;364;86;26;0;0,26;700,21;2711,28;211,69;
2026-03-17;2026-03-10;RSV;2022/2023;1083;Syddanmark;04. 2 år;K;6066;163;178;43;12;0;0,26;708,87;2687,11;197,82;
2026-03-17;2026-03-10;RSV;2022/2023;1083;Syddanmark;04. 2 år;M;6216;170;186;43;14;0;0,25;691,76;2734,88;225,23;
2026-03-17;2026-03-10;RSV;2022/2023;1083;Syddanmark;05. 3-5 år;Alle;38207;621;727;107;20;0;0,17;280,05;1625,36;52,35;
2026-03-17;2026-03-10;RSV;2022/2023;1083;Syddanmark;05. 3-5 år;K;18489;275;318;46;7;0;0,17;248,80;1487,37;37,86;
2026-03-17;2026-03-10;RSV;2022/2023;1083;Syddanmark;05. 3-5 år;M;19718;346;409;61;13;0;0,18;309,36;1754,74;65,93;
2026-03-17;2026-03-10;RSV;2022/2023;1083;Syddanmark;06. 6-14 år;Alle;120387;881;976;42;4;0;0,05;34,89;731,81;3,32;
2026-03-17;2026-03-10;RSV;2022/2023;1083;Syddanmark;06. 6-14 år;K;58612;422;448;29;2;0;0,07;49,48;719,99;3,41;
2026-03-17;2026-03-10;RSV;2022/2023;1083;Syddanmark;06. 6-14 år;M;61775;459;528;13;2;0;0,03;21,04;743,02;3,24;
2026-03-17;2026-03-10;RSV;2022/2023;1083;Syddanmark;07. 15-44 år;Alle;429979;3447;3908;130;22;1;0,04;30,23;801,67;5,12;
2026-03-17;2026-03-10;RSV;2022/2023;1083;Syddanmark;07. 15-44 år;K;209011;2029;2266;78;11;0;0,04;37,32;970,76;5,26;
2026-03-17;2026-03-10;RSV;2022/2023;1083;Syddanmark;07. 15-44 år;M;220968;1418;1642;52;11;1;0,04;23,53;641,72;4,98;
2026-03-17;2026-03-10;RSV;2022/2023;1083;Syddanmark;08. 45-64 år;Alle;333040;3535;4387;233;72;2;0,07;69,96;1061,43;21,62;
2026-03-17;2026-03-10;RSV;2022/2023;1083;Syddanmark;08. 45-64 år;K;166436;1982;2445;149;38;2;0,08;89,52;1190,85;22,83;
2026-03-17;2026-03-10;RSV;2022/2023;1083;Syddanmark;08. 45-64 år;M;166604;1553;1942;84;34;0;0,05;50,42;932,15;20,41;
2026-03-17;2026-03-10;RSV;2022/2023;1083;Syddanmark;09. 65-74 år;Alle;142391;2281;3078;184;82;4;0,08;129,22;1601,93;57,59;
2026-03-17;2026-03-10;RSV;2022/2023;1083;Syddanmark;09. 65-74 år;K;72781;1102;1435;87;31;1;0,08;119,54;1514,13;42,59;
2026-03-17;2026-03-10;RSV;2022/2023;1083;Syddanmark;09. 65-74 år;M;69610;1179;1643;97;51;3;0,08;139,35;1693,72;73,27;
2026-03-17;2026-03-10;RSV;2022/2023;1083;Syddanmark;10. 75-84 år;Alle;104139;2585;3373;212;122;16;0,08;203,57;2482,26;117,15;
2026-03-17;2026-03-10;RSV;2022/2023;1083;Syddanmark;10. 75-84 år;K;55654;1216;1535;114;72;8;0,09;204,84;2184,93;129,37;
2026-03-17;2026-03-10;RSV;2022/2023;1083;Syddanmark;10. 75-84 år;M;48485;1369;1838;98;50;8;0,07;202,12;2823,55;103,12;
2026-03-17;2026-03-10;RSV;2022/2023;1083;Syddanmark;11. 85+ år;Alle;32120;1223;1510;103;73;19;0,08;320,67;3807,60;227,27;
2026-03-17;2026-03-10;RSV;2022/2023;1083;Syddanmark;11. 85+ år;K;20138;644;771;58;43;11;0,09;288,01;3197,93;213,53;
2026-03-17;2026-03-10;RSV;2022/2023;1083;Syddanmark;11. 85+ år;M;11982;579;739;45;30;8;0,08;375,56;4832,25;250,38;
2026-03-17;2026-03-10;RSV;2022/2023;1083;Syddanmark;Alle;Alle;1236193;17251;21057;2024;868;42;0,12;163,73;1395,49;70,22;
2026-03-17;2026-03-10;RSV;2022/2023;1083;Syddanmark;Alle;K;618689;8797;10498;982;403;22;0,11;158,72;1421,88;65,14;
2026-03-17;2026-03-10;RSV;2022/2023;1083;Syddanmark;Alle;M;617504;8454;10559;1042;465;20;0,12;168,74;1369,06;75,30;
2026-03-17;2026-03-10;RSV;2023/2024;9999;Alle;01. 0-5 måneder;Alle;27369;7152;8574;2291;1098;0;0,32;8370,78;26131,75;4011,84;
2026-03-17;2026-03-10;RSV;2023/2024;9999;Alle;01. 0-5 måneder;K;13249;3178;3744;1019;499;0;0,32;7691,15;23986,72;3766,32;
2026-03-17;2026-03-10;RSV;2023/2024;9999;Alle;01. 0-5 måneder;M;14120;3974;4759;1272;599;0;0,32;9008,50;28144,48;4242,21;
2026-03-17;2026-03-10;RSV;2023/2024;9999;Alle;02. 6-11 måneder;Alle;30007;3249;4070;1131;304;0;0,35;3769,12;10827,47;1013,10;
2026-03-17;2026-03-10;RSV;2023/2024;9999;Alle;02. 6-11 måneder;K;14594;1392;1728;487;119;0;0,35;3336,99;9538,17;815,40;
2026-03-17;2026-03-10;RSV;2023/2024;9999;Alle;02. 6-11 måneder;M;15413;1857;2317;644;185;0;0,35;4178,29;12048,27;1200,29;
2026-03-17;2026-03-10;RSV;2023/2024;9999;Alle;03. 1 år;Alle;58605;5657;6846;2014;540;0;0,36;3436,57;9652,76;921,42;
2026-03-17;2026-03-10;RSV;2023/2024;9999;Alle;03. 1 år;K;28454;2548;3006;904;222;0;0,35;3177,06;8954,80;780,21;
2026-03-17;2026-03-10;RSV;2023/2024;9999;Alle;03. 1 år;M;30151;3109;3802;1110;318;0;0,36;3681,47;10311,43;1054,69;
2026-03-17;2026-03-10;RSV;2023/2024;9999;Alle;04. 2 år;Alle;63725;2578;2980;753;152;0;0,29;1181,64;4045,51;238,52;
2026-03-17;2026-03-10;RSV;2023/2024;9999;Alle;04. 2 år;K;31004;1171;1344;353;71;0;0,30;1138,56;3776,93;229,00;
2026-03-17;2026-03-10;RSV;2023/2024;9999;Alle;04. 2 år;M;32721;1407;1622;400;81;0;0,28;1222,46;4299,99;247,55;
2026-03-17;2026-03-10;RSV;2023/2024;9999;Alle;05. 3-5 år;Alle;188264;4039;4682;554;102;1;0,14;294,27;2145,39;54,18;
2026-03-17;2026-03-10;RSV;2023/2024;9999;Alle;05. 3-5 år;K;91561;1867;2132;265;44;0;0,14;289,42;2039,08;48,06;
2026-03-17;2026-03-10;RSV;2023/2024;9999;Alle;05. 3-5 år;M;96703;2172;2518;289;58;1;0,13;298,85;2246,05;59,98;
2026-03-17;2026-03-10;RSV;2023/2024;9999;Alle;06. 6-14 år;Alle;566702;8787;9782;367;41;0;0,04;64,76;1550,55;7,23;
2026-03-17;2026-03-10;RSV;2023/2024;9999;Alle;06. 6-14 år;K;275900;4145;4610;183;16;0;0,04;66,33;1502,36;5,80;
2026-03-17;2026-03-10;RSV;2023/2024;9999;Alle;06. 6-14 år;M;290802;4642;5138;184;25;0;0,04;63,27;1596,28;8,60;
2026-03-17;2026-03-10;RSV;2023/2024;9999;Alle;07. 15-44 år;Alle;2234331;32038;36063;737;69;1;0,02;32,99;1433,90;3,09;
2026-03-17;2026-03-10;RSV;2023/2024;9999;Alle;07. 15-44 år;K;1099912;19342;21679;478;43;0;0,02;43,46;1758,50;3,91;
2026-03-17;2026-03-10;RSV;2023/2024;9999;Alle;07. 15-44 år;M;1134419;12696;14157;259;26;1;0,02;22,83;1119,16;2,29;
2026-03-17;2026-03-10;RSV;2023/2024;9999;Alle;08. 45-64 år;Alle;1549138;29316;34938;918;190;7;0,03;59,26;1892,41;12,26;
2026-03-17;2026-03-10;RSV;2023/2024;9999;Alle;08. 45-64 år;K;776968;16544;19460;561;116;4;0,03;72,20;2129,30;14,93;
2026-03-17;2026-03-10;RSV;2023/2024;9999;Alle;08. 45-64 år;M;772170;12772;15269;357;74;3;0,03;46,23;1654,04;9,58;
2026-03-17;2026-03-10;RSV;2023/2024;9999;Alle;09. 65-74 år;Alle;622959;15859;20251;536;240;19;0,03;86,04;2545,75;38,53;
2026-03-17;2026-03-10;RSV;2023/2024;9999;Alle;09. 65-74 år;K;321639;7942;9823;295;128;12;0,04;91,72;2469,23;39,80;
2026-03-17;2026-03-10;RSV;2023/2024;9999;Alle;09. 65-74 år;M;301320;7917;10323;241;112;7;0,03;79,98;2627,44;37,17;
2026-03-17;2026-03-10;RSV;2023/2024;9999;Alle;10. 75-84 år;Alle;471515;18188;23477;561;326;44;0,03;118,98;3857,35;69,14;
2026-03-17;2026-03-10;RSV;2023/2024;9999;Alle;10. 75-84 år;K;254973;8958;11372;325;184;25;0,04;127,46;3513,31;72,16;
2026-03-17;2026-03-10;RSV;2023/2024;9999;Alle;10. 75-84 år;M;216542;9230;12038;236;142;19;0,03;108,99;4262,45;65,58;
2026-03-17;2026-03-10;RSV;2023/2024;9999;Alle;11. 85+ år;Alle;141697;8901;11164;252;190;37;0,03;177,84;6281,71;134,09;
2026-03-17;2026-03-10;RSV;2023/2024;9999;Alle;11. 85+ år;K;88863;4940;6015;162;126;22;0,03;182,30;5559,12;141,79;
2026-03-17;2026-03-10;RSV;2023/2024;9999;Alle;11. 85+ år;M;52834;3961;5133;90;64;15;0,02;170,34;7497,07;121,13;
2026-03-17;2026-03-10;RSV;2023/2024;9999;Alle;Alle;Alle;5954312;135764;162827;10114;3252;109;0,07;169,86;2280,10;54,62;
2026-03-17;2026-03-10;RSV;2023/2024;9999;Alle;Alle;K;2997117;72027;84913;5032;1568;63;0,07;167,89;2403,21;52,32;
2026-03-17;2026-03-10;RSV;2023/2024;9999;Alle;Alle;M;2957195;63737;77076;5082;1684;46;0,08;171,85;2155,32;56,95;
2026-03-17;2026-03-10;RSV;2023/2024;1084;Hovedstaden;01. 0-5 måneder;Alle;9899;3508;4305;975;369;0;0,28;9849,48;35437,92;3727,65;
2026-03-17;2026-03-10;RSV;2023/2024;1084;Hovedstaden;01. 0-5 måneder;K;4802;1573;1916;418;159;0;0,27;8704,71;32757,18;3311,12;
2026-03-17;2026-03-10;RSV;2023/2024;1084;Hovedstaden;01. 0-5 måneder;M;5097;1935;2389;557;210;0;0,29;10928,00;37963,51;4120,07;
2026-03-17;2026-03-10;RSV;2023/2024;1084;Hovedstaden;02. 6-11 måneder;Alle;10665;1614;2088;495;100;0;0,31;4641,35;15133,61;937,65;
2026-03-17;2026-03-10;RSV;2023/2024;1084;Hovedstaden;02. 6-11 måneder;K;5163;732;946;235;38;0;0,32;4551,62;14177,80;736,01;
2026-03-17;2026-03-10;RSV;2023/2024;1084;Hovedstaden;02. 6-11 måneder;M;5502;882;1142;260;62;0;0,29;4725,55;16030,53;1126,86;
2026-03-17;2026-03-10;RSV;2023/2024;1084;Hovedstaden;03. 1 år;Alle;20096;2974;3644;1045;225;0;0,35;5200,04;14798,96;1119,63;
2026-03-17;2026-03-10;RSV;2023/2024;1084;Hovedstaden;03. 1 år;K;9824;1357;1644;460;88;0;0,34;4682,41;13813,11;895,77;
2026-03-17;2026-03-10;RSV;2023/2024;1084;Hovedstaden;03. 1 år;M;10272;1617;2000;585;137;0;0,36;5695,09;15741,82;1333,72;
2026-03-17;2026-03-10;RSV;2023/2024;1084;Hovedstaden;04. 2 år;Alle;21625;1394;1621;395;54;0;0,28;1826,59;6446,24;249,71;
2026-03-17;2026-03-10;RSV;2023/2024;1084;Hovedstaden;04. 2 år;K;10511;630;727;174;23;0;0,28;1655,41;5993,72;218,82;
2026-03-17;2026-03-10;RSV;2023/2024;1084;Hovedstaden;04. 2 år;M;11114;764;894;221;31;0;0,29;1988,48;6874,21;278,93;
2026-03-17;2026-03-10;RSV;2023/2024;1084;Hovedstaden;05. 3-5 år;Alle;62256;2327;2669;307;39;0;0,13;493,13;3737,79;62,64;
2026-03-17;2026-03-10;RSV;2023/2024;1084;Hovedstaden;05. 3-5 år;K;30293;1109;1268;159;18;0;0,14;524,87;3660,91;59,42;
2026-03-17;2026-03-10;RSV;2023/2024;1084;Hovedstaden;05. 3-5 år;M;31963;1218;1401;148;21;0;0,12;463,04;3810,66;65,70;
2026-03-17;2026-03-10;RSV;2023/2024;1084;Hovedstaden;06. 6-14 år;Alle;179512;5538;6146;255;17;0;0,05;142,05;3085,03;9,47;
2026-03-17;2026-03-10;RSV;2023/2024;1084;Hovedstaden;06. 6-14 år;K;87531;2613;2882;124;8;0;0,05;141,66;2985,23;9,14;
2026-03-17;2026-03-10;RSV;2023/2024;1084;Hovedstaden;06. 6-14 år;M;91981;2925;3264;131;9;0;0,04;142,42;3180,00;9,78;
2026-03-17;2026-03-10;RSV;2023/2024;1084;Hovedstaden;07. 15-44 år;Alle;795678;19495;21865;542;31;1;0,03;68,12;2450,11;3,90;
2026-03-17;2026-03-10;RSV;2023/2024;1084;Hovedstaden;07. 15-44 år;K;399756;11779;13201;349;19;0;0,03;87,30;2946,55;4,75;
2026-03-17;2026-03-10;RSV;2023/2024;1084;Hovedstaden;07. 15-44 år;M;395922;7716;8664;193;12;1;0,03;48,75;1948,87;3,03;
2026-03-17;2026-03-10;RSV;2023/2024;1084;Hovedstaden;08. 45-64 år;Alle;475070;15793;18451;573;56;2;0,04;120,61;3324,35;11,79;
2026-03-17;2026-03-10;RSV;2023/2024;1084;Hovedstaden;08. 45-64 år;K;239493;9221;10752;354;31;0;0,04;147,81;3850,22;12,94;
2026-03-17;2026-03-10;RSV;2023/2024;1084;Hovedstaden;08. 45-64 år;M;235577;6572;7699;219;25;2;0,03;92,96;2789,75;10,61;
2026-03-17;2026-03-10;RSV;2023/2024;1084;Hovedstaden;09. 65-74 år;Alle;165736;7224;9010;265;66;3;0,04;159,89;4358,74;39,82;
2026-03-17;2026-03-10;RSV;2023/2024;1084;Hovedstaden;09. 65-74 år;K;87489;3919;4773;156;41;2;0,04;178,31;4479,42;46,86;
2026-03-17;2026-03-10;RSV;2023/2024;1084;Hovedstaden;09. 65-74 år;M;78247;3305;4237;109;25;1;0,03;139,30;4223,80;31,95;
2026-03-17;2026-03-10;RSV;2023/2024;1084;Hovedstaden;10. 75-84 år;Alle;129719;7749;10114;278;105;13;0,04;214,31;5973,68;80,94;
2026-03-17;2026-03-10;RSV;2023/2024;1084;Hovedstaden;10. 75-84 år;K;72564;4171;5384;180;67;9;0,04;248,06;5748,03;92,33;
2026-03-17;2026-03-10;RSV;2023/2024;1084;Hovedstaden;10. 75-84 år;M;57155;3578;4730;98;38;4;0,03;171,46;6260,17;66,49;
2026-03-17;2026-03-10;RSV;2023/2024;1084;Hovedstaden;11. 85+ år;Alle;39223;3610;4676;100;58;17;0,03;254,95;9203,78;147,87;
2026-03-17;2026-03-10;RSV;2023/2024;1084;Hovedstaden;11. 85+ år;K;25613;2085;2622;68;39;12;0,03;265,49;8140,40;152,27;
2026-03-17;2026-03-10;RSV;2023/2024;1084;Hovedstaden;11. 85+ år;M;13610;1525;2054;32;19;5;0,02;235,12;11205,00;139,60;
2026-03-17;2026-03-10;RSV;2023/2024;1084;Hovedstaden;Alle;Alle;1909479;71226;84589;5230;1120;36;0,07;273,90;3730,13;58,65;
2026-03-17;2026-03-10;RSV;2023/2024;1084;Hovedstaden;Alle;K;973039;39189;46115;2677;531;23;0,07;275,12;4027,49;54,57;
2026-03-17;2026-03-10;RSV;2023/2024;1084;Hovedstaden;Alle;M;936440;32037;38474;2553;589;13;0,08;272,63;3421,15;62,90;
2026-03-17;2026-03-10;RSV;2023/2024;1082;Midtjylland;01. 0-5 måneder;Alle;6500;1134;1280;427;237;0;0,38;6569,23;17446,15;3646,15;
2026-03-17;2026-03-10;RSV;2023/2024;1082;Midtjylland;01. 0-5 måneder;K;3173;528;589;201;119;0;0,38;6334,70;16640,40;3750,39;
2026-03-17;2026-03-10;RSV;2023/2024;1082;Midtjylland;01. 0-5 måneder;M;3327;606;691;226;118;0;0,37;6792,91;18214,61;3546,74;
2026-03-17;2026-03-10;RSV;2023/2024;1082;Midtjylland;02. 6-11 måneder;Alle;7180;381;432;159;50;0;0,42;2214,48;5306,41;696,38;
2026-03-17;2026-03-10;RSV;2023/2024;1082;Midtjylland;02. 6-11 måneder;K;3516;156;175;62;19;0;0,40;1763,37;4436,86;540,39;
2026-03-17;2026-03-10;RSV;2023/2024;1082;Midtjylland;02. 6-11 måneder;M;3664;225;257;97;31;0;0,43;2647,38;6140,83;846,07;
2026-03-17;2026-03-10;RSV;2023/2024;1082;Midtjylland;03. 1 år;Alle;14147;654;754;281;112;0;0,43;1986,29;4622,89;791,69;
2026-03-17;2026-03-10;RSV;2023/2024;1082;Midtjylland;03. 1 år;K;6912;280;314;120;43;0;0,43;1736,11;4050,93;622,11;
2026-03-17;2026-03-10;RSV;2023/2024;1082;Midtjylland;03. 1 år;M;7235;374;440;161;69;0;0,43;2225,29;5169,32;953,70;
2026-03-17;2026-03-10;RSV;2023/2024;1082;Midtjylland;04. 2 år;Alle;15252;265;297;101;31;0;0,38;662,21;1737,48;203,25;
2026-03-17;2026-03-10;RSV;2023/2024;1082;Midtjylland;04. 2 år;K;7365;114;134;44;15;0;0,39;597,42;1547,86;203,67;
2026-03-17;2026-03-10;RSV;2023/2024;1082;Midtjylland;04. 2 år;M;7887;151;163;57;16;0;0,38;722,71;1914,54;202,87;
2026-03-17;2026-03-10;RSV;2023/2024;1082;Midtjylland;05. 3-5 år;Alle;44512;317;388;67;23;0;0,21;150,52;712,17;51,67;
2026-03-17;2026-03-10;RSV;2023/2024;1082;Midtjylland;05. 3-5 år;K;21676;133;154;32;10;0;0,24;147,63;613,58;46,13;
2026-03-17;2026-03-10;RSV;2023/2024;1082;Midtjylland;05. 3-5 år;M;22836;184;234;35;13;0;0,19;153,27;805,75;56,93;
2026-03-17;2026-03-10;RSV;2023/2024;1082;Midtjylland;06. 6-14 år;Alle;133205;740;842;30;9;0;0,04;22,52;555,53;6,76;
2026-03-17;2026-03-10;RSV;2023/2024;1082;Midtjylland;06. 6-14 år;K;64791;337;389;14;3;0;0,04;21,61;520,13;4,63;
2026-03-17;2026-03-10;RSV;2023/2024;1082;Midtjylland;06. 6-14 år;M;68414;403;453;16;6;0;0,04;23,39;589,06;8,77;
2026-03-17;2026-03-10;RSV;2023/2024;1082;Midtjylland;07. 15-44 år;Alle;519797;4060;4630;59;17;0;0,01;11,35;781,07;3,27;
2026-03-17;2026-03-10;RSV;2023/2024;1082;Midtjylland;07. 15-44 år;K;255728;2489;2839;43;12;0;0,02;16,81;973,30;4,69;
2026-03-17;2026-03-10;RSV;2023/2024;1082;Midtjylland;07. 15-44 år;M;264069;1571;1791;16;5;0;0,01;6,06;594,92;1,89;
2026-03-17;2026-03-10;RSV;2023/2024;1082;Midtjylland;08. 45-64 år;Alle;345704;4733;5845;101;41;2;0,02;29,22;1369,09;11,86;
2026-03-17;2026-03-10;RSV;2023/2024;1082;Midtjylland;08. 45-64 år;K;173109;2489;3059;56;19;2;0,02;32,35;1437,82;10,98;
2026-03-17;2026-03-10;RSV;2023/2024;1082;Midtjylland;08. 45-64 år;M;172595;2244;2786;45;22;0;0,02;26,07;1300,15;12,75;
2026-03-17;2026-03-10;RSV;2023/2024;1082;Midtjylland;09. 65-74 år;Alle;143236;3526;4573;78;56;6;0,02;54,46;2461,67;39,10;
2026-03-17;2026-03-10;RSV;2023/2024;1082;Midtjylland;09. 65-74 år;K;73189;1589;2008;44;32;5;0,03;60,12;2171,09;43,72;
2026-03-17;2026-03-10;RSV;2023/2024;1082;Midtjylland;09. 65-74 år;M;70047;1937;2565;34;24;1;0,02;48,54;2765,29;34,26;
2026-03-17;2026-03-10;RSV;2023/2024;1082;Midtjylland;10. 75-84 år;Alle;103326;4614;5811;118;93;13;0,03;114,20;4465,48;90,01;
2026-03-17;2026-03-10;RSV;2023/2024;1082;Midtjylland;10. 75-84 år;K;54977;2117;2623;61;53;7;0,03;110,96;3850,70;96,40;
2026-03-17;2026-03-10;RSV;2023/2024;1082;Midtjylland;10. 75-84 år;M;48349;2497;3188;57;40;6;0,02;117,89;5164,53;82,73;
2026-03-17;2026-03-10;RSV;2023/2024;1082;Midtjylland;11. 85+ år;Alle;31388;2345;2870;67;62;7;0,03;213,46;7471,01;197,53;
2026-03-17;2026-03-10;RSV;2023/2024;1082;Midtjylland;11. 85+ år;K;19410;1288;1534;42;41;3;0,03;216,38;6635,75;211,23;
2026-03-17;2026-03-10;RSV;2023/2024;1082;Midtjylland;11. 85+ år;M;11978;1057;1336;25;21;4;0,02;208,72;8824,51;175,32;
2026-03-17;2026-03-10;RSV;2023/2024;1082;Midtjylland;Alle;Alle;1364247;22769;27722;1488;731;28;0,07;109,07;1668,98;53,58;
2026-03-17;2026-03-10;RSV;2023/2024;1082;Midtjylland;Alle;K;683846;11520;13818;719;366;17;0,06;105,14;1684,59;53,52;
2026-03-17;2026-03-10;RSV;2023/2024;1082;Midtjylland;Alle;M;680401;11249;13904;769;365;11;0,07;113,02;1653,29;53,64;
2026-03-17;2026-03-10;RSV;2023/2024;1081;Nordjylland;01. 0-5 måneder;Alle;2540;711;853;252;140;0;0,35;9921,26;27992,13;5511,81;
2026-03-17;2026-03-10;RSV;2023/2024;1081;Nordjylland;01. 0-5 måneder;K;1229;334;408;120;68;0;0,36;9764,04;27176,57;5532,95;
2026-03-17;2026-03-10;RSV;2023/2024;1081;Nordjylland;01. 0-5 måneder;M;1311;377;445;132;72;0;0,35;10068,65;28756,67;5491,99;
2026-03-17;2026-03-10;RSV;2023/2024;1081;Nordjylland;02. 6-11 måneder;Alle;2783;290;355;109;43;0;0,38;3916,64;10420,41;1545,10;
2026-03-17;2026-03-10;RSV;2023/2024;1081;Nordjylland;02. 6-11 måneder;K;1330;101;124;40;15;0;0,40;3007,52;7593,98;1127,82;
2026-03-17;2026-03-10;RSV;2023/2024;1081;Nordjylland;02. 6-11 måneder;M;1453;189;231;69;28;0;0,37;4748,80;13007,57;1927,05;
2026-03-17;2026-03-10;RSV;2023/2024;1081;Nordjylland;03. 1 år;Alle;5473;491;589;148;59;0;0,30;2704,18;8971,31;1078,02;
2026-03-17;2026-03-10;RSV;2023/2024;1081;Nordjylland;03. 1 år;K;2600;220;248;64;21;0;0,29;2461,54;8461,54;807,69;
2026-03-17;2026-03-10;RSV;2023/2024;1081;Nordjylland;03. 1 år;M;2873;271;341;84;38;0;0,31;2923,77;9432,65;1322,66;
2026-03-17;2026-03-10;RSV;2023/2024;1081;Nordjylland;04. 2 år;Alle;6081;213;246;46;15;0;0,22;756,45;3502,71;246,67;
2026-03-17;2026-03-10;RSV;2023/2024;1081;Nordjylland;04. 2 år;K;2996;95;107;22;5;0;0,23;734,31;3170,89;166,89;
2026-03-17;2026-03-10;RSV;2023/2024;1081;Nordjylland;04. 2 år;M;3085;118;139;24;10;0;0,20;777,96;3824,96;324,15;
2026-03-17;2026-03-10;RSV;2023/2024;1081;Nordjylland;05. 3-5 år;Alle;17917;310;379;35;8;0;0,11;195,35;1730,20;44,65;
2026-03-17;2026-03-10;RSV;2023/2024;1081;Nordjylland;05. 3-5 år;K;8633;123;147;12;3;0;0,10;139,00;1424,77;34,75;
2026-03-17;2026-03-10;RSV;2023/2024;1081;Nordjylland;05. 3-5 år;M;9284;187;232;23;5;0;0,12;247,74;2014,22;53,86;
2026-03-17;2026-03-10;RSV;2023/2024;1081;Nordjylland;06. 6-14 år;Alle;54651;444;507;11;2;0;0,02;20,13;812,43;3,66;
2026-03-17;2026-03-10;RSV;2023/2024;1081;Nordjylland;06. 6-14 år;K;26654;194;233;5;1;0;0,03;18,76;727,85;3,75;
2026-03-17;2026-03-10;RSV;2023/2024;1081;Nordjylland;06. 6-14 år;M;27997;250;274;6;1;0;0,02;21,43;892,95;3,57;
2026-03-17;2026-03-10;RSV;2023/2024;1081;Nordjylland;07. 15-44 år;Alle;211757;2190;2501;18;7;0;0,01;8,50;1034,20;3,31;
2026-03-17;2026-03-10;RSV;2023/2024;1081;Nordjylland;07. 15-44 år;K;101332;1326;1515;10;4;0;0,01;9,87;1308,57;3,95;
2026-03-17;2026-03-10;RSV;2023/2024;1081;Nordjylland;07. 15-44 år;M;110425;864;986;8;3;0;0,01;7,24;782,43;2,72;
2026-03-17;2026-03-10;RSV;2023/2024;1081;Nordjylland;08. 45-64 år;Alle;154014;2469;3061;45;26;0;0,02;29,22;1603,10;16,88;
2026-03-17;2026-03-10;RSV;2023/2024;1081;Nordjylland;08. 45-64 år;K;76629;1262;1525;26;17;0;0,02;33,93;1646,90;22,18;
2026-03-17;2026-03-10;RSV;2023/2024;1081;Nordjylland;08. 45-64 år;M;77385;1207;1536;19;9;0;0,02;24,55;1559,73;11,63;
2026-03-17;2026-03-10;RSV;2023/2024;1081;Nordjylland;09. 65-74 år;Alle;69395;2010;2712;48;34;3;0,02;69,17;2896,46;48,99;
2026-03-17;2026-03-10;RSV;2023/2024;1081;Nordjylland;09. 65-74 år;K;35284;935;1234;26;18;2;0,03;73,69;2649,93;51,01;
2026-03-17;2026-03-10;RSV;2023/2024;1081;Nordjylland;09. 65-74 år;M;34111;1075;1478;22;16;1;0,02;64,50;3151,48;46,91;
2026-03-17;2026-03-10;RSV;2023/2024;1081;Nordjylland;10. 75-84 år;Alle;51693;2811;3737;56;49;9;0,02;108,33;5437,87;94,79;
2026-03-17;2026-03-10;RSV;2023/2024;1081;Nordjylland;10. 75-84 år;K;27337;1278;1657;29;25;4;0,02;106,08;4674,98;91,45;
2026-03-17;2026-03-10;RSV;2023/2024;1081;Nordjylland;10. 75-84 år;M;24356;1533;2080;27;24;5;0,02;110,86;6294,14;98,54;
2026-03-17;2026-03-10;RSV;2023/2024;1081;Nordjylland;11. 85+ år;Alle;15849;1559;1938;29;25;5;0,02;182,98;9836,58;157,74;
2026-03-17;2026-03-10;RSV;2023/2024;1081;Nordjylland;11. 85+ år;K;9640;803;982;17;17;3;0,02;176,35;8329,88;176,35;
2026-03-17;2026-03-10;RSV;2023/2024;1081;Nordjylland;11. 85+ år;M;6209;756;956;12;8;2;0,02;193,27;12175,87;128,85;
2026-03-17;2026-03-10;RSV;2023/2024;1081;Nordjylland;Alle;Alle;592153;13498;16878;797;408;17;0,06;134,59;2279,48;68,90;
2026-03-17;2026-03-10;RSV;2023/2024;1081;Nordjylland;Alle;K;293664;6671;8180;371;194;9;0,06;126,33;2271,64;66,06;
2026-03-17;2026-03-10;RSV;2023/2024;1081;Nordjylland;Alle;M;298489;6827;8698;426;214;8;0,06;142,72;2287,19;71,69;
2026-03-17;2026-03-10;RSV;2023/2024;1085;Sjælland;01. 0-5 måneder;Alle;3155;968;1177;315;157;0;0,33;9984,15;30681,46;4976,23;
2026-03-17;2026-03-10;RSV;2023/2024;1085;Sjælland;01. 0-5 måneder;K;1570;409;483;148;75;0;0,36;9426,75;26050,96;4777,07;
2026-03-17;2026-03-10;RSV;2023/2024;1085;Sjælland;01. 0-5 måneder;M;1585;559;694;167;82;0;0,30;10536,28;35268,14;5173,50;
2026-03-17;2026-03-10;RSV;2023/2024;1085;Sjælland;02. 6-11 måneder;Alle;3622;567;725;199;52;0;0,35;5494,20;15654,33;1435,67;
2026-03-17;2026-03-10;RSV;2023/2024;1085;Sjælland;02. 6-11 måneder;K;1768;234;290;76;21;0;0,32;4298,64;13235,29;1187,78;
2026-03-17;2026-03-10;RSV;2023/2024;1085;Sjælland;02. 6-11 måneder;M;1854;333;435;123;31;0;0,37;6634,30;17961,17;1672,06;
2026-03-17;2026-03-10;RSV;2023/2024;1085;Sjælland;03. 1 år;Alle;7528;1017;1255;340;68;0;0,33;4516,47;13509,56;903,29;
2026-03-17;2026-03-10;RSV;2023/2024;1085;Sjælland;03. 1 år;K;3662;454;549;166;36;0;0,37;4533,04;12397,60;983,07;
2026-03-17;2026-03-10;RSV;2023/2024;1085;Sjælland;03. 1 år;M;3866;563;706;174;32;0;0,31;4500,78;14562,86;827,73;
2026-03-17;2026-03-10;RSV;2023/2024;1085;Sjælland;04. 2 år;Alle;8124;445;521;124;28;0;0,28;1526,34;5477,60;344,66;
2026-03-17;2026-03-10;RSV;2023/2024;1085;Sjælland;04. 2 år;K;3907;214;250;65;16;0;0,30;1663,68;5477,35;409,52;
2026-03-17;2026-03-10;RSV;2023/2024;1085;Sjælland;04. 2 år;M;4217;231;271;59;12;0;0,26;1399,10;5477,83;284,56;
2026-03-17;2026-03-10;RSV;2023/2024;1085;Sjælland;05. 3-5 år;Alle;25560;665;772;87;18;0;0,13;340,38;2601,72;70,42;
2026-03-17;2026-03-10;RSV;2023/2024;1085;Sjælland;05. 3-5 år;K;12449;328;383;35;7;0;0,11;281,15;2634,75;56,23;
2026-03-17;2026-03-10;RSV;2023/2024;1085;Sjælland;05. 3-5 år;M;13111;337;389;52;11;0;0,15;396,61;2570,36;83,90;
2026-03-17;2026-03-10;RSV;2023/2024;1085;Sjælland;06. 6-14 år;Alle;80715;791;895;19;5;0;0,02;23,54;979,99;6,19;
2026-03-17;2026-03-10;RSV;2023/2024;1085;Sjælland;06. 6-14 år;K;39230;367;421;9;1;0;0,02;22,94;935,51;2,55;
2026-03-17;2026-03-10;RSV;2023/2024;1085;Sjælland;06. 6-14 år;M;41485;424;474;10;4;0;0,02;24,11;1022,06;9,64;
2026-03-17;2026-03-10;RSV;2023/2024;1085;Sjælland;07. 15-44 år;Alle;276179;1539;1787;37;7;0;0,02;13,40;557,25;2,53;
2026-03-17;2026-03-10;RSV;2023/2024;1085;Sjælland;07. 15-44 år;K;133793;913;1064;25;5;0;0,03;18,69;682,40;3,74;
2026-03-17;2026-03-10;RSV;2023/2024;1085;Sjælland;07. 15-44 år;M;142386;626;723;12;2;0;0,02;8,43;439,65;1,40;
2026-03-17;2026-03-10;RSV;2023/2024;1085;Sjælland;08. 45-64 år;Alle;242432;1729;2099;71;34;1;0,04;29,29;713,19;14,02;
2026-03-17;2026-03-10;RSV;2023/2024;1085;Sjælland;08. 45-64 år;K;121749;1001;1185;45;25;1;0,04;36,96;822,18;20,53;
2026-03-17;2026-03-10;RSV;2023/2024;1085;Sjælland;08. 45-64 år;M;120683;728;914;26;9;0;0,04;21,54;603,23;7,46;
2026-03-17;2026-03-10;RSV;2023/2024;1085;Sjælland;09. 65-74 år;Alle;102318;748;905;55;38;4;0,07;53,75;731,05;37,14;
2026-03-17;2026-03-10;RSV;2023/2024;1085;Sjælland;09. 65-74 år;K;52909;342;410;31;20;2;0,09;58,59;646,39;37,80;
2026-03-17;2026-03-10;RSV;2023/2024;1085;Sjælland;09. 65-74 år;M;49409;406;495;24;18;2;0,06;48,57;821,71;36,43;
2026-03-17;2026-03-10;RSV;2023/2024;1085;Sjælland;10. 75-84 år;Alle;79867;696;801;54;45;4;0,08;67,61;871,45;56,34;
2026-03-17;2026-03-10;RSV;2023/2024;1085;Sjælland;10. 75-84 år;K;42967;326;365;26;21;1;0,08;60,51;758,72;48,87;
2026-03-17;2026-03-10;RSV;2023/2024;1085;Sjælland;10. 75-84 år;M;36900;370;436;28;24;3;0,08;75,88;1002,71;65,04;
2026-03-17;2026-03-10;RSV;2023/2024;1085;Sjælland;11. 85+ år;Alle;22016;254;283;34;29;3;0,13;154,43;1153,71;131,72;
2026-03-17;2026-03-10;RSV;2023/2024;1085;Sjælland;11. 85+ år;K;13558;146;154;21;18;2;0,14;154,89;1076,85;132,76;
2026-03-17;2026-03-10;RSV;2023/2024;1085;Sjælland;11. 85+ år;M;8458;108;129;13;11;1;0,12;153,70;1276,90;130,05;
2026-03-17;2026-03-10;RSV;2023/2024;1085;Sjælland;Alle;Alle;851516;9419;11220;1335;481;12;0,14;156,78;1106,14;56,49;
2026-03-17;2026-03-10;RSV;2023/2024;1085;Sjælland;Alle;K;427562;4734;5554;647;245;6;0,14;151,32;1107,21;57,30;
2026-03-17;2026-03-10;RSV;2023/2024;1085;Sjælland;Alle;M;423954;4685;5666;688;236;6;0,15;162,28;1105,07;55,67;
2026-03-17;2026-03-10;RSV;2023/2024;1083;Syddanmark;01. 0-5 måneder;Alle;5275;751;868;307;192;0;0,41;5819,91;14236,97;3639,81;
2026-03-17;2026-03-10;RSV;2023/2024;1083;Syddanmark;01. 0-5 måneder;K;2475;299;342;128;76;0;0,43;5171,72;12080,81;3070,71;
2026-03-17;2026-03-10;RSV;2023/2024;1083;Syddanmark;01. 0-5 måneder;M;2800;452;526;179;116;0;0,40;6392,86;16142,86;4142,86;
2026-03-17;2026-03-10;RSV;2023/2024;1083;Syddanmark;02. 6-11 måneder;Alle;5757;370;443;166;59;0;0,45;2883,45;6426,96;1024,84;
2026-03-17;2026-03-10;RSV;2023/2024;1083;Syddanmark;02. 6-11 måneder;K;2817;161;192;74;26;0;0,46;2626,91;5715,30;922,97;
2026-03-17;2026-03-10;RSV;2023/2024;1083;Syddanmark;02. 6-11 måneder;M;2940;209;251;92;33;0;0,44;3129,25;7108,84;1122,45;
2026-03-17;2026-03-10;RSV;2023/2024;1083;Syddanmark;03. 1 år;Alle;11361;489;560;195;76;0;0,40;1716,40;4304,20;668,96;
2026-03-17;2026-03-10;RSV;2023/2024;1083;Syddanmark;03. 1 år;K;5456;218;245;89;34;0;0,41;1631,23;3995,60;623,17;
2026-03-17;2026-03-10;RSV;2023/2024;1083;Syddanmark;03. 1 år;M;5905;271;315;106;42;0;0,39;1795,09;4589,33;711,26;
2026-03-17;2026-03-10;RSV;2023/2024;1083;Syddanmark;04. 2 år;Alle;12643;241;275;85;24;0;0,35;672,31;1906,19;189,83;
2026-03-17;2026-03-10;RSV;2023/2024;1083;Syddanmark;04. 2 år;K;6225;110;121;47;12;0;0,43;755,02;1767,07;192,77;
2026-03-17;2026-03-10;RSV;2023/2024;1083;Syddanmark;04. 2 år;M;6418;131;154;38;12;0;0,29;592,08;2041,13;186,97;
2026-03-17;2026-03-10;RSV;2023/2024;1083;Syddanmark;05. 3-5 år;Alle;38019;382;433;54;13;1;0,14;142,03;1004,76;34,19;
2026-03-17;2026-03-10;RSV;2023/2024;1083;Syddanmark;05. 3-5 år;K;18510;162;176;26;5;0;0,16;140,46;875,20;27,01;
2026-03-17;2026-03-10;RSV;2023/2024;1083;Syddanmark;05. 3-5 år;M;19509;220;257;28;8;1;0,13;143,52;1127,68;41,01;
2026-03-17;2026-03-10;RSV;2023/2024;1083;Syddanmark;06. 6-14 år;Alle;118619;1227;1343;52;8;0;0,04;43,84;1034,40;6,74;
2026-03-17;2026-03-10;RSV;2023/2024;1083;Syddanmark;06. 6-14 år;K;57694;608;678;31;3;0;0,05;53,73;1053,84;5,20;
2026-03-17;2026-03-10;RSV;2023/2024;1083;Syddanmark;06. 6-14 år;M;60925;619;665;21;5;0;0,03;34,47;1016,00;8,21;
2026-03-17;2026-03-10;RSV;2023/2024;1083;Syddanmark;07. 15-44 år;Alle;430920;4500;5011;77;6;0;0,02;17,87;1044,28;1,39;
2026-03-17;2026-03-10;RSV;2023/2024;1083;Syddanmark;07. 15-44 år;K;209303;2729;3040;49;2;0;0,02;23,41;1303,85;0,96;
2026-03-17;2026-03-10;RSV;2023/2024;1083;Syddanmark;07. 15-44 år;M;221617;1771;1971;28;4;0;0,02;12,63;799,13;1,80;
2026-03-17;2026-03-10;RSV;2023/2024;1083;Syddanmark;08. 45-64 år;Alle;331918;4376;5234;125;33;2;0,03;37,66;1318,40;9,94;
2026-03-17;2026-03-10;RSV;2023/2024;1083;Syddanmark;08. 45-64 år;K;165988;2511;2931;79;24;1;0,03;47,59;1512,76;14,46;
2026-03-17;2026-03-10;RSV;2023/2024;1083;Syddanmark;08. 45-64 år;M;165930;1865;2303;46;9;1;0,02;27,72;1123,97;5,42;
2026-03-17;2026-03-10;RSV;2023/2024;1083;Syddanmark;09. 65-74 år;Alle;142274;2252;2937;85;45;3;0,04;59,74;1582,86;31,63;
2026-03-17;2026-03-10;RSV;2023/2024;1083;Syddanmark;09. 65-74 år;K;72768;1115;1397;38;17;1;0,03;52,22;1532,27;23,36;
2026-03-17;2026-03-10;RSV;2023/2024;1083;Syddanmark;09. 65-74 år;M;69506;1137;1540;47;28;2;0,04;67,62;1635,83;40,28;
2026-03-17;2026-03-10;RSV;2023/2024;1083;Syddanmark;10. 75-84 år;Alle;106910;2256;2942;52;33;5;0,02;48,64;2110,19;30,87;
2026-03-17;2026-03-10;RSV;2023/2024;1083;Syddanmark;10. 75-84 år;K;57128;1042;1342;28;18;4;0,03;49,01;1823,97;31,51;
2026-03-17;2026-03-10;RSV;2023/2024;1083;Syddanmark;10. 75-84 år;M;49782;1214;1600;24;15;1;0,02;48,21;2438,63;30,13;
2026-03-17;2026-03-10;RSV;2023/2024;1083;Syddanmark;11. 85+ år;Alle;33221;1113;1379;21;16;5;0,02;63,21;3350,29;48,16;
2026-03-17;2026-03-10;RSV;2023/2024;1083;Syddanmark;11. 85+ år;K;20642;606;722;14;11;2;0,02;67,82;2935,76;53,29;
2026-03-17;2026-03-10;RSV;2023/2024;1083;Syddanmark;11. 85+ år;M;12579;507;657;7;5;3;0,01;55,65;4030,53;39,75;
2026-03-17;2026-03-10;RSV;2023/2024;1083;Syddanmark;Alle;Alle;1236917;17957;21425;1219;505;16;0,07;98,55;1451,75;40,83;
2026-03-17;2026-03-10;RSV;2023/2024;1083;Syddanmark;Alle;K;619006;9561;11186;603;228;8;0,06;97,41;1544,57;36,83;
2026-03-17;2026-03-10;RSV;2023/2024;1083;Syddanmark;Alle;M;617911;8396;10239;616;277;8;0,07;99,69;1358,77;44,83;
2026-03-17;2026-03-10;RSV;2024/2025;9999;Alle;01. 0-5 måneder;Alle;28088;5253;6253;1591;838;0;0,30;5664,34;18701,94;2983,48;
2026-03-17;2026-03-10;RSV;2024/2025;9999;Alle;01. 0-5 måneder;K;13678;2285;2649;688;372;0;0,30;5029,98;16705,66;2719,70;
2026-03-17;2026-03-10;RSV;2024/2025;9999;Alle;01. 0-5 måneder;M;14410;2968;3549;903;466;0;0,30;6266,48;20596,81;3233,87;
2026-03-17;2026-03-10;RSV;2024/2025;9999;Alle;02. 6-11 måneder;Alle;29494;2447;3144;728;204;0;0,30;2468,30;8296,60;691,67;
2026-03-17;2026-03-10;RSV;2024/2025;9999;Alle;02. 6-11 måneder;K;14206;1078;1358;336;92;0;0,31;2365,20;7588,34;647,61;
2026-03-17;2026-03-10;RSV;2024/2025;9999;Alle;02. 6-11 måneder;M;15288;1369;1762;392;112;0;0,29;2564,10;8954,74;732,60;
2026-03-17;2026-03-10;RSV;2024/2025;9999;Alle;03. 1 år;Alle;57850;4529;5592;1386;360;0;0,31;2395,85;7828,87;622,30;
2026-03-17;2026-03-10;RSV;2024/2025;9999;Alle;03. 1 år;K;28052;2061;2536;648;173;0;0,31;2310,00;7347,07;616,71;
2026-03-17;2026-03-10;RSV;2024/2025;9999;Alle;03. 1 år;M;29798;2468;3035;738;187;0;0,30;2476,68;8282,44;627,56;
2026-03-17;2026-03-10;RSV;2024/2025;9999;Alle;04. 2 år;Alle;58935;2183;2571;523;102;1;0,24;887,42;3704,08;173,07;
2026-03-17;2026-03-10;RSV;2024/2025;9999;Alle;04. 2 år;K;28631;959;1125;250;54;1;0,26;873,18;3349,52;188,61;
2026-03-17;2026-03-10;RSV;2024/2025;9999;Alle;04. 2 år;M;30304;1224;1431;273;48;0;0,22;900,87;4039,07;158,39;
2026-03-17;2026-03-10;RSV;2024/2025;9999;Alle;05. 3-5 år;Alle;190242;4013;4644;399;57;0;0,10;209,73;2109,42;29,96;
2026-03-17;2026-03-10;RSV;2024/2025;9999;Alle;05. 3-5 år;K;92534;1826;2064;185;21;0;0,10;199,93;1973,33;22,69;
2026-03-17;2026-03-10;RSV;2024/2025;9999;Alle;05. 3-5 år;M;97708;2187;2548;214;36;0;0,10;219,02;2238,30;36,84;
2026-03-17;2026-03-10;RSV;2024/2025;9999;Alle;06. 6-14 år;Alle;563810;8498;9537;264;22;0;0,03;46,82;1507,25;3,90;
2026-03-17;2026-03-10;RSV;2024/2025;9999;Alle;06. 6-14 år;K;274503;3916;4339;110;9;0;0,03;40,07;1426,58;3,28;
2026-03-17;2026-03-10;RSV;2024/2025;9999;Alle;06. 6-14 år;M;289307;4582;5170;154;13;0;0,03;53,23;1583,78;4,49;
2026-03-17;2026-03-10;RSV;2024/2025;9999;Alle;07. 15-44 år;Alle;2255282;30491;33908;768;91;0;0,03;34,05;1351,98;4,03;
2026-03-17;2026-03-10;RSV;2024/2025;9999;Alle;07. 15-44 år;K;1109684;18365;20351;459;57;0;0,02;41,36;1654,98;5,14;
2026-03-17;2026-03-10;RSV;2024/2025;9999;Alle;07. 15-44 år;M;1145598;12126;13351;309;34;0;0,03;26,97;1058,49;2,97;
2026-03-17;2026-03-10;RSV;2024/2025;9999;Alle;08. 45-64 år;Alle;1547880;25358;30153;965;207;9;0,04;62,34;1638,24;13,37;
2026-03-17;2026-03-10;RSV;2024/2025;9999;Alle;08. 45-64 år;K;777179;14177;16667;611;115;5;0,04;78,62;1824,16;14,80;
2026-03-17;2026-03-10;RSV;2024/2025;9999;Alle;08. 45-64 år;M;770701;11181;13326;354;92;4;0,03;45,93;1450,76;11,94;
2026-03-17;2026-03-10;RSV;2024/2025;9999;Alle;09. 65-74 år;Alle;625073;14955;19045;608;259;15;0,04;97,27;2392,52;41,44;
2026-03-17;2026-03-10;RSV;2024/2025;9999;Alle;09. 65-74 år;K;322458;7609;9504;339;134;7;0,04;105,13;2359,69;41,56;
2026-03-17;2026-03-10;RSV;2024/2025;9999;Alle;09. 65-74 år;M;302615;7346;9434;269;125;8;0,04;88,89;2427,51;41,31;
2026-03-17;2026-03-10;RSV;2024/2025;9999;Alle;10. 75-84 år;Alle;481290;16540;21213;713;416;38;0,04;148,14;3436,60;86,43;
2026-03-17;2026-03-10;RSV;2024/2025;9999;Alle;10. 75-84 år;K;260504;8124;10202;386;223;20;0,05;148,17;3118,57;85,60;
2026-03-17;2026-03-10;RSV;2024/2025;9999;Alle;10. 75-84 år;M;220786;8416;10960;327;193;18;0,04;148,11;3811,84;87,41;
2026-03-17;2026-03-10;RSV;2024/2025;9999;Alle;11. 85+ år;Alle;148260;7985;10014;363;274;54;0,05;244,84;5385,81;184,81;
2026-03-17;2026-03-10;RSV;2024/2025;9999;Alle;11. 85+ år;K;92326;4453;5508;253;188;38;0,06;274,03;4823,13;203,63;
2026-03-17;2026-03-10;RSV;2024/2025;9999;Alle;11. 85+ år;M;55934;3532;4491;110;86;16;0,03;196,66;6314,59;153,75;
2026-03-17;2026-03-10;RSV;2024/2025;9999;Alle;Alle;Alle;5986204;122252;146074;8308;2830;117;0,07;138,79;2042,23;47,28;
2026-03-17;2026-03-10;RSV;2024/2025;9999;Alle;Alle;K;3013755;64853;76303;4265;1438;71;0,07;141,52;2151,90;47,71;
2026-03-17;2026-03-10;RSV;2024/2025;9999;Alle;Alle;M;2972449;57399;69057;4043;1392;46;0,07;136,02;1931,03;46,83;
2026-03-17;2026-03-10;RSV;2024/2025;1084;Hovedstaden;01. 0-5 måneder;Alle;10142;2780;3375;681;255;0;0,24;6714,65;27410,77;2514,30;
2026-03-17;2026-03-10;RSV;2024/2025;1084;Hovedstaden;01. 0-5 måneder;K;4878;1221;1447;302;120;0;0,25;6191,06;25030,75;2460,02;
2026-03-17;2026-03-10;RSV;2024/2025;1084;Hovedstaden;01. 0-5 måneder;M;5264;1559;1928;379;135;0;0,24;7199,85;29616,26;2564,59;
2026-03-17;2026-03-10;RSV;2024/2025;1084;Hovedstaden;02. 6-11 måneder;Alle;10605;1434;1903;392;70;0;0,27;3696,37;13521,92;660,07;
2026-03-17;2026-03-10;RSV;2024/2025;1084;Hovedstaden;02. 6-11 måneder;K;5169;616;814;177;33;0;0,29;3424,26;11917,20;638,42;
2026-03-17;2026-03-10;RSV;2024/2025;1084;Hovedstaden;02. 6-11 måneder;M;5436;818;1089;215;37;0;0,26;3955,11;15047,83;680,65;
2026-03-17;2026-03-10;RSV;2024/2025;1084;Hovedstaden;03. 1 år;Alle;20226;2798;3553;838;152;0;0,30;4143,18;13833,68;751,51;
2026-03-17;2026-03-10;RSV;2024/2025;1084;Hovedstaden;03. 1 år;K;9796;1288;1635;407;80;0;0,32;4154,76;13148,22;816,66;
2026-03-17;2026-03-10;RSV;2024/2025;1084;Hovedstaden;03. 1 år;M;10430;1510;1918;431;72;0;0,29;4132,31;14477,47;690,32;
2026-03-17;2026-03-10;RSV;2024/2025;1084;Hovedstaden;04. 2 år;Alle;19818;1389;1648;332;38;1;0,24;1675,24;7008,78;191,74;
2026-03-17;2026-03-10;RSV;2024/2025;1084;Hovedstaden;04. 2 år;K;9661;603;712;152;19;1;0,25;1573,34;6241,59;196,67;
2026-03-17;2026-03-10;RSV;2024/2025;1084;Hovedstaden;04. 2 år;M;10157;786;936;180;19;0;0,23;1772,18;7738,51;187,06;
2026-03-17;2026-03-10;RSV;2024/2025;1084;Hovedstaden;05. 3-5 år;Alle;63171;2739;3167;246;22;0;0,09;389,42;4335,85;34,83;
2026-03-17;2026-03-10;RSV;2024/2025;1084;Hovedstaden;05. 3-5 år;K;30668;1258;1435;119;10;0;0,09;388,03;4102,00;32,61;
2026-03-17;2026-03-10;RSV;2024/2025;1084;Hovedstaden;05. 3-5 år;M;32503;1481;1732;127;12;0;0,09;390,73;4556,50;36,92;
2026-03-17;2026-03-10;RSV;2024/2025;1084;Hovedstaden;06. 6-14 år;Alle;179033;6462;7237;216;11;0;0,03;120,65;3609,39;6,14;
2026-03-17;2026-03-10;RSV;2024/2025;1084;Hovedstaden;06. 6-14 år;K;87429;2985;3283;91;5;0;0,03;104,08;3414,20;5,72;
2026-03-17;2026-03-10;RSV;2024/2025;1084;Hovedstaden;06. 6-14 år;M;91604;3477;3954;125;6;0;0,04;136,46;3795,69;6,55;
2026-03-17;2026-03-10;RSV;2024/2025;1084;Hovedstaden;07. 15-44 år;Alle;808243;22809;25263;634;28;0;0,03;78,44;2822,05;3,46;
2026-03-17;2026-03-10;RSV;2024/2025;1084;Hovedstaden;07. 15-44 år;K;406106;13785;15293;375;18;0;0,03;92,34;3394,43;4,43;
2026-03-17;2026-03-10;RSV;2024/2025;1084;Hovedstaden;07. 15-44 år;M;402137;9024;9970;259;10;0;0,03;64,41;2244,01;2,49;
2026-03-17;2026-03-10;RSV;2024/2025;1084;Hovedstaden;08. 45-64 år;Alle;477817;16999;19939;709;68;2;0,04;148,38;3557,64;14,23;
2026-03-17;2026-03-10;RSV;2024/2025;1084;Hovedstaden;08. 45-64 år;K;241185;9821;11496;468;41;1;0,05;194,04;4071,98;17,00;
2026-03-17;2026-03-10;RSV;2024/2025;1084;Hovedstaden;08. 45-64 år;M;236632;7178;8443;241;27;1;0,03;101,85;3033,40;11,41;
2026-03-17;2026-03-10;RSV;2024/2025;1084;Hovedstaden;09. 65-74 år;Alle;166972;8463;10741;350;67;3;0,04;209,62;5068,51;40,13;
2026-03-17;2026-03-10;RSV;2024/2025;1084;Hovedstaden;09. 65-74 år;K;87742;4532;5676;207;35;1;0,05;235,92;5165,14;39,89;
2026-03-17;2026-03-10;RSV;2024/2025;1084;Hovedstaden;09. 65-74 år;M;79230;3931;5065;143;32;2;0,04;180,49;4961,50;40,39;
2026-03-17;2026-03-10;RSV;2024/2025;1084;Hovedstaden;10. 75-84 år;Alle;131944;8977;11815;376;139;9;0,04;284,97;6803,64;105,35;
2026-03-17;2026-03-10;RSV;2024/2025;1084;Hovedstaden;10. 75-84 år;K;73926;4755;6135;215;82;5;0,05;290,83;6432,11;110,92;
2026-03-17;2026-03-10;RSV;2024/2025;1084;Hovedstaden;10. 75-84 år;M;58018;4222;5680;161;57;4;0,04;277,50;7277,05;98,25;
2026-03-17;2026-03-10;RSV;2024/2025;1084;Hovedstaden;11. 85+ år;Alle;41108;4281;5693;164;93;20;0,04;398,95;10414,03;226,23;
2026-03-17;2026-03-10;RSV;2024/2025;1084;Hovedstaden;11. 85+ år;K;26647;2500;3287;118;67;15;0,05;442,83;9381,92;251,44;
2026-03-17;2026-03-10;RSV;2024/2025;1084;Hovedstaden;11. 85+ år;M;14461;1781;2406;46;26;5;0,03;318,10;12315,88;179,79;
2026-03-17;2026-03-10;RSV;2024/2025;1084;Hovedstaden;Alle;Alle;1929079;79131;94334;4938;943;35;0,06;255,98;4102,01;48,88;
2026-03-17;2026-03-10;RSV;2024/2025;1084;Hovedstaden;Alle;K;983207;43364;51213;2631;510;23;0,06;267,59;4410,46;51,87;
2026-03-17;2026-03-10;RSV;2024/2025;1084;Hovedstaden;Alle;M;945872;35767;43121;2307;433;12;0,06;243,90;3781,38;45,78;
2026-03-17;2026-03-10;RSV;2024/2025;1082;Midtjylland;01. 0-5 måneder;Alle;6671;580;648;257;180;0;0,44;3852,50;8694,35;2698,25;
2026-03-17;2026-03-10;RSV;2024/2025;1082;Midtjylland;01. 0-5 måneder;K;3255;278;306;128;90;0;0,46;3932,41;8540,71;2764,98;
2026-03-17;2026-03-10;RSV;2024/2025;1082;Midtjylland;01. 0-5 måneder;M;3416;302;342;129;90;0;0,43;3776,35;8840,75;2634,66;
2026-03-17;2026-03-10;RSV;2024/2025;1082;Midtjylland;02. 6-11 måneder;Alle;7102;224;278;92;37;0;0,41;1295,41;3154,04;520,98;
2026-03-17;2026-03-10;RSV;2024/2025;1082;Midtjylland;02. 6-11 måneder;K;3407;100;119;39;15;0;0,39;1144,70;2935,13;440,27;
2026-03-17;2026-03-10;RSV;2024/2025;1082;Midtjylland;02. 6-11 måneder;M;3695;124;159;53;22;0;0,43;1434,37;3355,89;595,40;
2026-03-17;2026-03-10;RSV;2024/2025;1082;Midtjylland;03. 1 år;Alle;13824;371;418;138;55;0;0,37;998,26;2683,74;397,86;
2026-03-17;2026-03-10;RSV;2024/2025;1082;Midtjylland;03. 1 år;K;6753;144;171;50;20;0;0,35;740,41;2132,39;296,16;
2026-03-17;2026-03-10;RSV;2024/2025;1082;Midtjylland;03. 1 år;M;7071;227;247;88;35;0;0,39;1244,52;3210,30;494,98;
2026-03-17;2026-03-10;RSV;2024/2025;1082;Midtjylland;04. 2 år;Alle;14223;179;207;48;21;0;0,27;337,48;1258,52;147,65;
2026-03-17;2026-03-10;RSV;2024/2025;1082;Midtjylland;04. 2 år;K;6966;88;108;26;12;0;0,30;373,24;1263,28;172,27;
2026-03-17;2026-03-10;RSV;2024/2025;1082;Midtjylland;04. 2 år;M;7257;91;99;22;9;0;0,24;303,16;1253,96;124,02;
2026-03-17;2026-03-10;RSV;2024/2025;1082;Midtjylland;05. 3-5 år;Alle;45287;241;287;27;11;0;0,11;59,62;532,16;24,29;
2026-03-17;2026-03-10;RSV;2024/2025;1082;Midtjylland;05. 3-5 år;K;21970;113;127;11;0;0;0,10;50,07;514,34;0,00;
2026-03-17;2026-03-10;RSV;2024/2025;1082;Midtjylland;05. 3-5 år;M;23317;128;160;16;11;0;0,13;68,62;548,96;47,18;
2026-03-17;2026-03-10;RSV;2024/2025;1082;Midtjylland;06. 6-14 år;Alle;132791;481;534;10;2;0;0,02;7,53;362,22;1,51;
2026-03-17;2026-03-10;RSV;2024/2025;1082;Midtjylland;06. 6-14 år;K;64606;221;247;4;1;0;0,02;6,19;342,07;1,55;
2026-03-17;2026-03-10;RSV;2024/2025;1082;Midtjylland;06. 6-14 år;M;68185;260;287;6;1;0;0,02;8,80;381,32;1,47;
2026-03-17;2026-03-10;RSV;2024/2025;1082;Midtjylland;07. 15-44 år;Alle;524745;2229;2464;39;25;0;0,02;7,43;424,78;4,76;
2026-03-17;2026-03-10;RSV;2024/2025;1082;Midtjylland;07. 15-44 år;K;257992;1345;1489;26;16;0;0,02;10,08;521,33;6,20;
2026-03-17;2026-03-10;RSV;2024/2025;1082;Midtjylland;07. 15-44 år;M;266753;884;975;13;9;0;0,01;4,87;331,39;3,37;
2026-03-17;2026-03-10;RSV;2024/2025;1082;Midtjylland;08. 45-64 år;Alle;345518;2230;2567;59;40;1;0,03;17,08;645,41;11,58;
2026-03-17;2026-03-10;RSV;2024/2025;1082;Midtjylland;08. 45-64 år;K;173224;1167;1335;30;20;1;0,03;17,32;673,69;11,55;
2026-03-17;2026-03-10;RSV;2024/2025;1082;Midtjylland;08. 45-64 år;M;172294;1063;1232;29;20;0;0,03;16,83;616,97;11,61;
2026-03-17;2026-03-10;RSV;2024/2025;1082;Midtjylland;09. 65-74 år;Alle;143762;1670;1903;77;56;5;0,05;53,56;1161,64;38,95;
2026-03-17;2026-03-10;RSV;2024/2025;1082;Midtjylland;09. 65-74 år;K;73625;792;889;42;30;4;0,05;57,05;1075,72;40,75;
2026-03-17;2026-03-10;RSV;2024/2025;1082;Midtjylland;09. 65-74 år;M;70137;878;1014;35;26;1;0,04;49,90;1251,84;37,07;
2026-03-17;2026-03-10;RSV;2024/2025;1082;Midtjylland;10. 75-84 år;Alle;106192;1760;1949;77;66;6;0,04;72,51;1657,38;62,15;
2026-03-17;2026-03-10;RSV;2024/2025;1082;Midtjylland;10. 75-84 år;K;56470;780;871;39;33;2;0,05;69,06;1381,26;58,44;
2026-03-17;2026-03-10;RSV;2024/2025;1082;Midtjylland;10. 75-84 år;M;49722;980;1078;38;33;4;0,04;76,42;1970,96;66,37;
2026-03-17;2026-03-10;RSV;2024/2025;1082;Midtjylland;11. 85+ år;Alle;32782;890;956;53;47;6;0,06;161,67;2714,90;143,37;
2026-03-17;2026-03-10;RSV;2024/2025;1082;Midtjylland;11. 85+ år;K;20107;467;497;36;30;4;0,08;179,04;2322,57;149,20;
2026-03-17;2026-03-10;RSV;2024/2025;1082;Midtjylland;11. 85+ år;M;12675;423;459;17;17;2;0,04;134,12;3337,28;134,12;
2026-03-17;2026-03-10;RSV;2024/2025;1082;Midtjylland;Alle;Alle;1372897;10855;12211;877;540;18;0,08;63,88;790,66;39,33;
2026-03-17;2026-03-10;RSV;2024/2025;1082;Midtjylland;Alle;K;688375;5495;6159;431;267;11;0,08;62,61;798,26;38,79;
2026-03-17;2026-03-10;RSV;2024/2025;1082;Midtjylland;Alle;M;684522;5360;6052;446;273;7;0,08;65,15;783,03;39,88;
2026-03-17;2026-03-10;RSV;2024/2025;1081;Nordjylland;01. 0-5 måneder;Alle;2497;525;642;163;111;0;0,31;6527,83;21025,23;4445,33;
2026-03-17;2026-03-10;RSV;2024/2025;1081;Nordjylland;01. 0-5 måneder;K;1184;201;244;60;38;0;0,30;5067,57;16976,35;3209,46;
2026-03-17;2026-03-10;RSV;2024/2025;1081;Nordjylland;01. 0-5 måneder;M;1313;324;398;103;73;0;0,32;7844,63;24676,31;5559,79;
2026-03-17;2026-03-10;RSV;2024/2025;1081;Nordjylland;02. 6-11 måneder;Alle;2650;179;227;61;36;0;0,34;2301,89;6754,72;1358,49;
2026-03-17;2026-03-10;RSV;2024/2025;1081;Nordjylland;02. 6-11 måneder;K;1271;81;104;31;15;0;0,38;2439,02;6372,93;1180,17;
2026-03-17;2026-03-10;RSV;2024/2025;1081;Nordjylland;02. 6-11 måneder;M;1379;98;123;30;21;0;0,31;2175,49;7106,60;1522,84;
2026-03-17;2026-03-10;RSV;2024/2025;1081;Nordjylland;03. 1 år;Alle;5356;331;382;97;54;0;0,29;1811,05;6179,99;1008,22;
2026-03-17;2026-03-10;RSV;2024/2025;1081;Nordjylland;03. 1 år;K;2567;152;174;47;24;0;0,31;1830,93;5921,31;934,94;
2026-03-17;2026-03-10;RSV;2024/2025;1081;Nordjylland;03. 1 år;M;2789;179;208;50;30;0;0,28;1792,76;6418,07;1075,65;
2026-03-17;2026-03-10;RSV;2024/2025;1081;Nordjylland;04. 2 år;Alle;5506;130;145;27;9;0;0,21;490,37;2361,06;163,46;
2026-03-17;2026-03-10;RSV;2024/2025;1081;Nordjylland;04. 2 år;K;2632;63;65;19;6;0;0,30;721,88;2393,62;227,96;
2026-03-17;2026-03-10;RSV;2024/2025;1081;Nordjylland;04. 2 år;M;2874;67;80;8;3;0;0,12;278,36;2331,25;104,38;
2026-03-17;2026-03-10;RSV;2024/2025;1081;Nordjylland;05. 3-5 år;Alle;18041;241;289;32;6;0;0,13;177,37;1335,85;33,26;
2026-03-17;2026-03-10;RSV;2024/2025;1081;Nordjylland;05. 3-5 år;K;8782;92;105;10;1;0;0,11;113,87;1047,60;11,39;
2026-03-17;2026-03-10;RSV;2024/2025;1081;Nordjylland;05. 3-5 år;M;9259;149;184;22;5;0;0,15;237,61;1609,25;54,00;
2026-03-17;2026-03-10;RSV;2024/2025;1081;Nordjylland;06. 6-14 år;Alle;54274;318;381;12;4;0;0,04;22,11;585,92;7,37;
2026-03-17;2026-03-10;RSV;2024/2025;1081;Nordjylland;06. 6-14 år;K;26430;136;175;5;2;0;0,04;18,92;514,57;7,57;
2026-03-17;2026-03-10;RSV;2024/2025;1081;Nordjylland;06. 6-14 år;M;27844;182;206;7;2;0;0,04;25,14;653,64;7,18;
2026-03-17;2026-03-10;RSV;2024/2025;1081;Nordjylland;07. 15-44 år;Alle;211983;1472;1695;23;12;0;0,02;10,85;694,40;5,66;
2026-03-17;2026-03-10;RSV;2024/2025;1081;Nordjylland;07. 15-44 år;K;101296;883;1008;14;7;0;0,02;13,82;871,70;6,91;
2026-03-17;2026-03-10;RSV;2024/2025;1081;Nordjylland;07. 15-44 år;M;110687;589;687;9;5;0;0,02;8,13;532,13;4,52;
2026-03-17;2026-03-10;RSV;2024/2025;1081;Nordjylland;08. 45-64 år;Alle;152916;1864;2337;42;25;1;0,02;27,47;1218,97;16,35;
2026-03-17;2026-03-10;RSV;2024/2025;1081;Nordjylland;08. 45-64 år;K;76063;912;1125;23;13;0;0,03;30,24;1199,01;17,09;
2026-03-17;2026-03-10;RSV;2024/2025;1081;Nordjylland;08. 45-64 år;M;76853;952;1212;19;12;1;0,02;24,72;1238,73;15,61;
2026-03-17;2026-03-10;RSV;2024/2025;1081;Nordjylland;09. 65-74 år;Alle;69368;1786;2332;50;43;3;0,03;72,08;2574,67;61,99;
2026-03-17;2026-03-10;RSV;2024/2025;1081;Nordjylland;09. 65-74 år;K;35386;815;1088;25;23;1;0,03;70,65;2303,17;65,00;
2026-03-17;2026-03-10;RSV;2024/2025;1081;Nordjylland;09. 65-74 år;M;33982;971;1244;25;20;2;0,03;73,57;2857,40;58,85;
2026-03-17;2026-03-10;RSV;2024/2025;1081;Nordjylland;10. 75-84 år;Alle;52804;2556;3299;85;73;6;0,03;160,97;4840,54;138,25;
2026-03-17;2026-03-10;RSV;2024/2025;1081;Nordjylland;10. 75-84 år;K;27884;1171;1452;54;46;5;0,05;193,66;4199,54;164,97;
2026-03-17;2026-03-10;RSV;2024/2025;1081;Nordjylland;10. 75-84 år;M;24920;1385;1847;31;27;1;0,02;124,40;5557,78;108,35;
2026-03-17;2026-03-10;RSV;2024/2025;1081;Nordjylland;11. 85+ år;Alle;16394;1391;1677;54;48;9;0,04;329,39;8484,81;292,79;
2026-03-17;2026-03-10;RSV;2024/2025;1081;Nordjylland;11. 85+ år;K;9944;732;856;33;31;6;0,05;331,86;7361,22;311,75;
2026-03-17;2026-03-10;RSV;2024/2025;1081;Nordjylland;11. 85+ år;M;6450;659;821;21;17;3;0,03;325,58;10217,05;263,57;
2026-03-17;2026-03-10;RSV;2024/2025;1081;Nordjylland;Alle;Alle;591789;10793;13406;646;421;19;0,06;109,16;1823,79;71,14;
2026-03-17;2026-03-10;RSV;2024/2025;1081;Nordjylland;Alle;K;293439;5238;6396;321;206;12;0,06;109,39;1785,04;70,20;
2026-03-17;2026-03-10;RSV;2024/2025;1081;Nordjylland;Alle;M;298350;5555;7010;325;215;7;0,06;108,93;1861,91;72,06;
2026-03-17;2026-03-10;RSV;2024/2025;1085;Sjælland;01. 0-5 måneder;Alle;3436;758;893;241;110;0;0,32;7013,97;22060,54;3201,40;
2026-03-17;2026-03-10;RSV;2024/2025;1085;Sjælland;01. 0-5 måneder;K;1698;325;386;94;45;0;0,29;5535,92;19140,16;2650,18;
2026-03-17;2026-03-10;RSV;2024/2025;1085;Sjælland;01. 0-5 måneder;M;1738;433;507;147;65;0;0,34;8458,00;24913,69;3739,93;
2026-03-17;2026-03-10;RSV;2024/2025;1085;Sjælland;02. 6-11 måneder;Alle;3551;394;490;107;23;0;0,27;3013,24;11095,47;647,70;
2026-03-17;2026-03-10;RSV;2024/2025;1085;Sjælland;02. 6-11 måneder;K;1677;187;222;59;14;0;0,32;3518,19;11150,86;834,82;
2026-03-17;2026-03-10;RSV;2024/2025;1085;Sjælland;02. 6-11 måneder;M;1874;207;268;48;9;0;0,23;2561,37;11045,89;480,26;
2026-03-17;2026-03-10;RSV;2024/2025;1085;Sjælland;03. 1 år;Alle;7145;728;900;209;60;0;0,29;2925,12;10188,94;839,75;
2026-03-17;2026-03-10;RSV;2024/2025;1085;Sjælland;03. 1 år;K;3506;343;411;103;32;0;0,30;2937,82;9783,23;912,72;
2026-03-17;2026-03-10;RSV;2024/2025;1085;Sjælland;03. 1 år;M;3639;385;489;106;28;0;0,28;2912,89;10579,83;769,44;
2026-03-17;2026-03-10;RSV;2024/2025;1085;Sjælland;04. 2 år;Alle;7831;339;386;71;18;0;0,21;906,65;4328,95;229,86;
2026-03-17;2026-03-10;RSV;2024/2025;1085;Sjælland;04. 2 år;K;3821;144;164;32;9;0;0,22;837,48;3768,65;235,54;
2026-03-17;2026-03-10;RSV;2024/2025;1085;Sjælland;04. 2 år;M;4010;195;222;39;9;0;0,20;972,57;4862,84;224,44;
2026-03-17;2026-03-10;RSV;2024/2025;1085;Sjælland;05. 3-5 år;Alle;25622;558;639;70;11;0;0,13;273,20;2177,82;42,93;
2026-03-17;2026-03-10;RSV;2024/2025;1085;Sjælland;05. 3-5 år;K;12411;260;298;35;7;0;0,13;282,01;2094,92;56,40;
2026-03-17;2026-03-10;RSV;2024/2025;1085;Sjælland;05. 3-5 år;M;13211;298;341;35;4;0;0,12;264,93;2255,70;30,28;
2026-03-17;2026-03-10;RSV;2024/2025;1085;Sjælland;06. 6-14 år;Alle;79956;798;882;18;4;0;0,02;22,51;998,05;5,00;
2026-03-17;2026-03-10;RSV;2024/2025;1085;Sjælland;06. 6-14 år;K;38875;370;408;6;0;0;0,02;15,43;951,77;0,00;
2026-03-17;2026-03-10;RSV;2024/2025;1085;Sjælland;06. 6-14 år;M;41081;428;474;12;4;0;0,03;29,21;1041,84;9,74;
2026-03-17;2026-03-10;RSV;2024/2025;1085;Sjælland;07. 15-44 år;Alle;277806;1676;1878;38;15;0;0,02;13,68;603,30;5,40;
2026-03-17;2026-03-10;RSV;2024/2025;1085;Sjælland;07. 15-44 år;K;134632;992;1096;22;10;0;0,02;16,34;736,82;7,43;
2026-03-17;2026-03-10;RSV;2024/2025;1085;Sjælland;07. 15-44 år;M;143174;684;782;16;5;0;0,02;11,18;477,74;3,49;
2026-03-17;2026-03-10;RSV;2024/2025;1085;Sjælland;08. 45-64 år;Alle;241033;1871;2301;93;48;1;0,05;38,58;776,24;19,91;
2026-03-17;2026-03-10;RSV;2024/2025;1085;Sjælland;08. 45-64 år;K;121099;1017;1206;49;24;1;0,05;40,46;839,81;19,82;
2026-03-17;2026-03-10;RSV;2024/2025;1085;Sjælland;08. 45-64 år;M;119934;854;1095;44;24;0;0,05;36,69;712,06;20,01;
2026-03-17;2026-03-10;RSV;2024/2025;1085;Sjælland;09. 65-74 år;Alle;102370;1278;1658;78;59;3;0,06;76,19;1248,41;57,63;
2026-03-17;2026-03-10;RSV;2024/2025;1085;Sjælland;09. 65-74 år;K;52868;630;762;42;32;1;0,07;79,44;1191,65;60,53;
2026-03-17;2026-03-10;RSV;2024/2025;1085;Sjælland;09. 65-74 år;M;49502;648;896;36;27;2;0,06;72,72;1309,04;54,54;
2026-03-17;2026-03-10;RSV;2024/2025;1085;Sjælland;10. 75-84 år;Alle;81494;1438;1779;112;88;10;0,08;137,43;1764,55;107,98;
2026-03-17;2026-03-10;RSV;2024/2025;1085;Sjælland;10. 75-84 år;K;43978;642;770;56;45;5;0,09;127,34;1459,82;102,32;
2026-03-17;2026-03-10;RSV;2024/2025;1085;Sjælland;10. 75-84 år;M;37516;796;1009;56;43;5;0,07;149,27;2121,76;114,62;
2026-03-17;2026-03-10;RSV;2024/2025;1085;Sjælland;11. 85+ år;Alle;23186;633;722;72;67;15;0,11;310,53;2730,10;288,97;
2026-03-17;2026-03-10;RSV;2024/2025;1085;Sjælland;11. 85+ år;K;14162;355;408;48;43;10;0,14;338,94;2506,71;303,63;
2026-03-17;2026-03-10;RSV;2024/2025;1085;Sjælland;11. 85+ år;M;9024;278;314;24;24;5;0,09;265,96;3080,67;265,96;
2026-03-17;2026-03-10;RSV;2024/2025;1085;Sjælland;Alle;Alle;853430;10471;12528;1109;503;29;0,11;129,95;1226,93;58,94;
2026-03-17;2026-03-10;RSV;2024/2025;1085;Sjælland;Alle;K;428727;5265;6131;546;261;17;0,10;127,35;1228,05;60,88;
2026-03-17;2026-03-10;RSV;2024/2025;1085;Sjælland;Alle;M;424703;5206;6397;563;242;12;0,11;132,56;1225,80;56,98;
2026-03-17;2026-03-10;RSV;2024/2025;1083;Syddanmark;01. 0-5 måneder;Alle;5342;549;630;246;182;0;0,45;4605,02;10277,05;3406,96;
2026-03-17;2026-03-10;RSV;2024/2025;1083;Syddanmark;01. 0-5 måneder;K;2663;236;264;103;79;0;0,44;3867,82;8862,19;2966,58;
2026-03-17;2026-03-10;RSV;2024/2025;1083;Syddanmark;01. 0-5 måneder;M;2679;313;366;143;103;0;0,46;5337,81;11683,46;3844,72;
2026-03-17;2026-03-10;RSV;2024/2025;1083;Syddanmark;02. 6-11 måneder;Alle;5586;189;216;71;38;0;0,38;1271,03;3383,46;680,27;
2026-03-17;2026-03-10;RSV;2024/2025;1083;Syddanmark;02. 6-11 måneder;K;2682;84;95;29;15;0;0,35;1081,28;3131,99;559,28;
2026-03-17;2026-03-10;RSV;2024/2025;1083;Syddanmark;02. 6-11 måneder;M;2904;105;121;42;23;0;0,40;1446,28;3615,70;792,01;
2026-03-17;2026-03-10;RSV;2024/2025;1083;Syddanmark;03. 1 år;Alle;11299;275;313;99;38;0;0,36;876,18;2433,84;336,31;
2026-03-17;2026-03-10;RSV;2024/2025;1083;Syddanmark;03. 1 år;K;5430;121;142;40;17;0;0,33;736,65;2228,36;313,08;
2026-03-17;2026-03-10;RSV;2024/2025;1083;Syddanmark;03. 1 år;M;5869;154;171;59;21;0;0,38;1005,28;2623,96;357,81;
2026-03-17;2026-03-10;RSV;2024/2025;1083;Syddanmark;04. 2 år;Alle;11557;132;170;43;16;0;0,33;372,07;1142,16;138,44;
2026-03-17;2026-03-10;RSV;2024/2025;1083;Syddanmark;04. 2 år;K;5551;58;76;20;8;0;0,34;360,30;1044,86;144,12;
2026-03-17;2026-03-10;RSV;2024/2025;1083;Syddanmark;04. 2 år;M;6006;74;94;23;8;0;0,31;382,95;1232,10;133,20;
2026-03-17;2026-03-10;RSV;2024/2025;1083;Syddanmark;05. 3-5 år;Alle;38121;199;224;24;7;0;0,12;62,96;522,02;18,36;
2026-03-17;2026-03-10;RSV;2024/2025;1083;Syddanmark;05. 3-5 år;K;18703;91;96;10;3;0;0,11;53,47;486,55;16,04;
2026-03-17;2026-03-10;RSV;2024/2025;1083;Syddanmark;05. 3-5 år;M;19418;108;128;14;4;0;0,13;72,10;556,18;20,60;
2026-03-17;2026-03-10;RSV;2024/2025;1083;Syddanmark;06. 6-14 år;Alle;117756;401;463;6;1;0;0,01;5,10;340,53;0,85;
2026-03-17;2026-03-10;RSV;2024/2025;1083;Syddanmark;06. 6-14 år;K;57163;185;216;3;1;0;0,02;5,25;323,64;1,75;
2026-03-17;2026-03-10;RSV;2024/2025;1083;Syddanmark;06. 6-14 år;M;60593;216;247;3;0;0;0,01;4,95;356,48;0,00;
2026-03-17;2026-03-10;RSV;2024/2025;1083;Syddanmark;07. 15-44 år;Alle;432505;2066;2356;31;11;0;0,02;7,17;477,68;2,54;
2026-03-17;2026-03-10;RSV;2024/2025;1083;Syddanmark;07. 15-44 år;K;209658;1251;1444;21;6;0;0,02;10,02;596,69;2,86;
2026-03-17;2026-03-10;RSV;2024/2025;1083;Syddanmark;07. 15-44 år;M;222847;815;912;10;5;0;0,01;4,49;365,72;2,24;
2026-03-17;2026-03-10;RSV;2024/2025;1083;Syddanmark;08. 45-64 år;Alle;330596;2216;2826;56;24;4;0,03;16,94;670,30;7,26;
2026-03-17;2026-03-10;RSV;2024/2025;1083;Syddanmark;08. 45-64 år;K;165608;1195;1495;36;15;2;0,03;21,74;721,58;9,06;
2026-03-17;2026-03-10;RSV;2024/2025;1083;Syddanmark;08. 45-64 år;M;164988;1021;1331;20;9;2;0,02;12,12;618,83;5,45;
2026-03-17;2026-03-10;RSV;2024/2025;1083;Syddanmark;09. 65-74 år;Alle;142601;1658;2295;50;34;1;0,03;35,06;1162,68;23,84;
2026-03-17;2026-03-10;RSV;2024/2025;1083;Syddanmark;09. 65-74 år;K;72837;799;1086;22;14;0;0,03;30,20;1096,97;19,22;
2026-03-17;2026-03-10;RSV;2024/2025;1083;Syddanmark;09. 65-74 år;M;69764;859;1209;28;20;1;0,03;40,14;1231,29;28,67;
2026-03-17;2026-03-10;RSV;2024/2025;1083;Syddanmark;10. 75-84 år;Alle;108856;1758;2318;62;49;7;0,04;56,96;1614,98;45,01;
2026-03-17;2026-03-10;RSV;2024/2025;1083;Syddanmark;10. 75-84 år;K;58246;753;973;22;17;3;0,03;37,77;1292,79;29,19;
2026-03-17;2026-03-10;RSV;2024/2025;1083;Syddanmark;10. 75-84 år;M;50610;1005;1345;40;32;4;0,04;79,04;1985,77;63,23;
2026-03-17;2026-03-10;RSV;2024/2025;1083;Syddanmark;11. 85+ år;Alle;34790;773;950;20;19;4;0,03;57,49;2221,90;54,61;
2026-03-17;2026-03-10;RSV;2024/2025;1083;Syddanmark;11. 85+ år;K;21466;389;459;18;17;3;0,05;83,85;1812,17;79,20;
2026-03-17;2026-03-10;RSV;2024/2025;1083;Syddanmark;11. 85+ år;M;13324;384;491;2;2;1;0,01;15,01;2882,02;15,01;
2026-03-17;2026-03-10;RSV;2024/2025;1083;Syddanmark;Alle;Alle;1239009;10216;12761;708;419;16;0,07;57,14;824,53;33,82;
2026-03-17;2026-03-10;RSV;2024/2025;1083;Syddanmark;Alle;K;620007;5162;6346;324;192;8;0,06;52,26;832,57;30,97;
2026-03-17;2026-03-10;RSV;2024/2025;1083;Syddanmark;Alle;M;619002;5054;6415;384;227;8;0,08;62,04;816,48;36,67;
2026-03-17;2026-03-10;RSV;2025/2026;9999;Alle;01. 0-5 måneder;Alle;28475;2784;3221;426;231;0;0,15;1496,05;9777,00;811,24;
2026-03-17;2026-03-10;RSV;2025/2026;9999;Alle;01. 0-5 måneder;K;13754;1180;1354;177;93;0;0,15;1286,90;8579,32;676,17;
2026-03-17;2026-03-10;RSV;2025/2026;9999;Alle;01. 0-5 måneder;M;14721;1604;1841;249;138;0;0,16;1691,46;10896,00;937,44;
2026-03-17;2026-03-10;RSV;2025/2026;9999;Alle;02. 6-11 måneder;Alle;30944;1430;1715;364;117;0;0,25;1176,32;4621,25;378,10;
2026-03-17;2026-03-10;RSV;2025/2026;9999;Alle;02. 6-11 måneder;K;14984;599;694;153;48;0;0,26;1021,09;3997,60;320,34;
2026-03-17;2026-03-10;RSV;2025/2026;9999;Alle;02. 6-11 måneder;M;15960;831;1007;211;69;0;0,25;1322,06;5206,77;432,33;
2026-03-17;2026-03-10;RSV;2025/2026;9999;Alle;03. 1 år;Alle;57684;2653;3123;704;232;0;0,27;1220,44;4599,20;402,19;
2026-03-17;2026-03-10;RSV;2025/2026;9999;Alle;03. 1 år;K;27893;1157;1350;296;84;0;0,26;1061,20;4147,99;301,15;
2026-03-17;2026-03-10;RSV;2025/2026;9999;Alle;03. 1 år;M;29791;1496;1758;408;148;0;0,27;1369,54;5021,65;496,79;
2026-03-17;2026-03-10;RSV;2025/2026;9999;Alle;04. 2 år;Alle;58071;1268;1482;299;74;0;0,24;514,89;2183,53;127,43;
2026-03-17;2026-03-10;RSV;2025/2026;9999;Alle;04. 2 år;K;28179;600;690;164;40;0;0,27;581,99;2129,25;141,95;
2026-03-17;2026-03-10;RSV;2025/2026;9999;Alle;04. 2 år;M;29892;668;785;135;34;0;0,20;451,63;2234,71;113,74;
2026-03-17;2026-03-10;RSV;2025/2026;9999;Alle;05. 3-5 år;Alle;186800;2080;2370;193;47;0;0,09;103,32;1113,49;25,16;
2026-03-17;2026-03-10;RSV;2025/2026;9999;Alle;05. 3-5 år;K;90733;947;1064;76;17;0;0,08;83,76;1043,72;18,74;
2026-03-17;2026-03-10;RSV;2025/2026;9999;Alle;05. 3-5 år;M;96067;1133;1293;117;30;0;0,10;121,79;1179,39;31,23;
2026-03-17;2026-03-10;RSV;2025/2026;9999;Alle;06. 6-14 år;Alle;562504;3701;4100;114;12;0;0,03;20,27;657,95;2,13;
2026-03-17;2026-03-10;RSV;2025/2026;9999;Alle;06. 6-14 år;K;273711;1720;1894;57;6;0;0,03;20,82;628,40;2,19;
2026-03-17;2026-03-10;RSV;2025/2026;9999;Alle;06. 6-14 år;M;288793;1981;2187;57;6;0;0,03;19,74;685,96;2,08;
2026-03-17;2026-03-10;RSV;2025/2026;9999;Alle;07. 15-44 år;Alle;2277002;18663;20701;437;67;0;0,02;19,19;819,63;2,94;
2026-03-17;2026-03-10;RSV;2025/2026;9999;Alle;07. 15-44 år;K;1119170;11398;12470;286;41;0;0,03;25,55;1018,43;3,66;
2026-03-17;2026-03-10;RSV;2025/2026;9999;Alle;07. 15-44 år;M;1157832;7265;8066;151;26;0;0,02;13,04;627,47;2,25;
2026-03-17;2026-03-10;RSV;2025/2026;9999;Alle;08. 45-64 år;Alle;1542516;17996;21601;559;142;9;0,03;36,24;1166,67;9,21;
2026-03-17;2026-03-10;RSV;2025/2026;9999;Alle;08. 45-64 år;K;774837;9994;11733;332;82;4;0,03;42,85;1289,82;10,58;
2026-03-17;2026-03-10;RSV;2025/2026;9999;Alle;08. 45-64 år;M;767679;8002;9716;227;60;5;0,03;29,57;1042,36;7,82;
2026-03-17;2026-03-10;RSV;2025/2026;9999;Alle;09. 65-74 år;Alle;629929;11866;15043;395;176;14;0,03;62,71;1883,70;27,94;
2026-03-17;2026-03-10;RSV;2025/2026;9999;Alle;09. 65-74 år;K;324744;6061;7435;212;79;7;0,03;65,28;1866,39;24,33;
2026-03-17;2026-03-10;RSV;2025/2026;9999;Alle;09. 65-74 år;M;305185;5805;7527;183;97;7;0,03;59,96;1902,12;31,78;
2026-03-17;2026-03-10;RSV;2025/2026;9999;Alle;10. 75-84 år;Alle;489383;14741;18906;473;259;28;0,03;96,65;3012,16;52,92;
2026-03-17;2026-03-10;RSV;2025/2026;9999;Alle;10. 75-84 år;K;265141;7196;9059;256;126;12;0,04;96,55;2714,03;47,52;
2026-03-17;2026-03-10;RSV;2025/2026;9999;Alle;10. 75-84 år;M;224242;7545;9792;217;133;16;0,03;96,77;3364,67;59,31;
2026-03-17;2026-03-10;RSV;2025/2026;9999;Alle;11. 85+ år;Alle;153905;7785;9730;232;169;24;0,03;150,74;5058,32;109,81;
2026-03-17;2026-03-10;RSV;2025/2026;9999;Alle;11. 85+ år;K;95355;4298;5257;139;106;10;0,03;145,77;4507,37;111,16;
2026-03-17;2026-03-10;RSV;2025/2026;9999;Alle;11. 85+ år;M;58550;3487;4453;93;63;14;0,03;158,84;5955,59;107,60;
2026-03-17;2026-03-10;RSV;2025/2026;9999;Alle;Alle;Alle;6017213;84967;101992;4196;1526;75;0,05;69,73;1412,07;25,36;
2026-03-17;2026-03-10;RSV;2025/2026;9999;Alle;Alle;K;3028501;45150;53000;2148;722;33;0,05;70,93;1490,84;23,84;
2026-03-17;2026-03-10;RSV;2025/2026;9999;Alle;Alle;M;2988712;39817;48425;2048;804;42;0,05;68,52;1332,25;26,90;
2026-03-17;2026-03-10;RSV;2025/2026;1084;Hovedstaden;01. 0-5 måneder;Alle;10618;1572;1844;218;93;0;0,14;2053,12;14805,05;875,87;
2026-03-17;2026-03-10;RSV;2025/2026;1084;Hovedstaden;01. 0-5 måneder;K;5121;679;782;84;34;0;0,12;1640,30;13259,13;663,93;
2026-03-17;2026-03-10;RSV;2025/2026;1084;Hovedstaden;01. 0-5 måneder;M;5497;893;1062;134;59;0;0,15;2437,69;16245,22;1073,31;
2026-03-17;2026-03-10;RSV;2025/2026;1084;Hovedstaden;02. 6-11 måneder;Alle;11297;873;1079;209;36;0;0,24;1850,05;7727,72;318,67;
2026-03-17;2026-03-10;RSV;2025/2026;1084;Hovedstaden;02. 6-11 måneder;K;5544;372;450;92;16;0;0,25;1659,45;6709,96;288,60;
2026-03-17;2026-03-10;RSV;2025/2026;1084;Hovedstaden;02. 6-11 måneder;M;5753;501;629;117;20;0;0,23;2033,72;8708,50;347,64;
2026-03-17;2026-03-10;RSV;2025/2026;1084;Hovedstaden;03. 1 år;Alle;20354;1590;1909;407;80;0;0,26;1999,61;7811,73;393,04;
2026-03-17;2026-03-10;RSV;2025/2026;1084;Hovedstaden;03. 1 år;K;9860;719;851;173;31;0;0,24;1754,56;7292,09;314,40;
2026-03-17;2026-03-10;RSV;2025/2026;1084;Hovedstaden;03. 1 år;M;10494;871;1058;234;49;0;0,27;2229,85;8299,98;466,93;
2026-03-17;2026-03-10;RSV;2025/2026;1084;Hovedstaden;04. 2 år;Alle;19763;762;890;180;29;0;0,24;910,79;3855,69;146,74;
2026-03-17;2026-03-10;RSV;2025/2026;1084;Hovedstaden;04. 2 år;K;9602;369;427;105;20;0;0,28;1093,52;3842,95;208,29;
2026-03-17;2026-03-10;RSV;2025/2026;1084;Hovedstaden;04. 2 år;M;10161;393;463;75;9;0;0,19;738,12;3867,73;88,57;
2026-03-17;2026-03-10;RSV;2025/2026;1084;Hovedstaden;05. 3-5 år;Alle;61587;1378;1556;132;14;0;0,10;214,33;2237,49;22,73;
2026-03-17;2026-03-10;RSV;2025/2026;1084;Hovedstaden;05. 3-5 år;K;29870;645;715;52;4;0;0,08;174,09;2159,36;13,39;
2026-03-17;2026-03-10;RSV;2025/2026;1084;Hovedstaden;05. 3-5 år;M;31717;733;841;80;10;0;0,11;252,23;2311,06;31,53;
2026-03-17;2026-03-10;RSV;2025/2026;1084;Hovedstaden;06. 6-14 år;Alle;178977;2744;3005;99;3;0;0,04;55,31;1533,16;1,68;
2026-03-17;2026-03-10;RSV;2025/2026;1084;Hovedstaden;06. 6-14 år;K;87265;1257;1376;48;1;0;0,04;55,00;1440,44;1,15;
2026-03-17;2026-03-10;RSV;2025/2026;1084;Hovedstaden;06. 6-14 år;M;91712;1487;1629;51;2;0;0,03;55,61;1621,38;2,18;
2026-03-17;2026-03-10;RSV;2025/2026;1084;Hovedstaden;07. 15-44 år;Alle;817813;13946;15308;362;31;0;0,03;44,26;1705,28;3,79;
2026-03-17;2026-03-10;RSV;2025/2026;1084;Hovedstaden;07. 15-44 år;K;410673;8582;9406;241;19;0;0,03;58,68;2089,74;4,63;
2026-03-17;2026-03-10;RSV;2025/2026;1084;Hovedstaden;07. 15-44 år;M;407140;5364;5902;121;12;0;0,02;29,72;1317,48;2,95;
2026-03-17;2026-03-10;RSV;2025/2026;1084;Hovedstaden;08. 45-64 år;Alle;478430;12096;14251;431;66;3;0,04;90,09;2528,27;13,80;
2026-03-17;2026-03-10;RSV;2025/2026;1084;Hovedstaden;08. 45-64 år;K;241815;6982;8135;262;41;2;0,04;108,35;2887,33;16,96;
2026-03-17;2026-03-10;RSV;2025/2026;1084;Hovedstaden;08. 45-64 år;M;236615;5114;6116;169;25;1;0,03;71,42;2161,32;10,57;
2026-03-17;2026-03-10;RSV;2025/2026;1084;Hovedstaden;09. 65-74 år;Alle;169123;6778;8562;240;63;6;0,04;141,91;4007,73;37,25;
2026-03-17;2026-03-10;RSV;2025/2026;1084;Hovedstaden;09. 65-74 år;K;88611;3630;4480;138;29;3;0,04;155,74;4096,56;32,73;
2026-03-17;2026-03-10;RSV;2025/2026;1084;Hovedstaden;09. 65-74 år;M;80512;3148;4082;102;34;3;0,03;126,69;3909,98;42,23;
2026-03-17;2026-03-10;RSV;2025/2026;1084;Hovedstaden;10. 75-84 år;Alle;133600;8143;10752;304;127;9;0,04;227,54;6095,06;95,06;
2026-03-17;2026-03-10;RSV;2025/2026;1084;Hovedstaden;10. 75-84 år;K;74932;4270;5554;185;67;4;0,04;246,89;5698,50;89,41;
2026-03-17;2026-03-10;RSV;2025/2026;1084;Hovedstaden;10. 75-84 år;M;58668;3873;5198;119;60;5;0,03;202,84;6601,55;102,27;
2026-03-17;2026-03-10;RSV;2025/2026;1084;Hovedstaden;11. 85+ år;Alle;42801;4324;5689;122;73;7;0,03;285,04;10102,57;170,56;
2026-03-17;2026-03-10;RSV;2025/2026;1084;Hovedstaden;11. 85+ år;K;27579;2527;3234;81;52;1;0,03;293,70;9162,77;188,55;
2026-03-17;2026-03-10;RSV;2025/2026;1084;Hovedstaden;11. 85+ år;M;15222;1797;2455;41;21;6;0,02;269,35;11805,28;137,96;
2026-03-17;2026-03-10;RSV;2025/2026;1084;Hovedstaden;Alle;Alle;1944363;54206;64845;2704;615;25;0,05;139,07;2787,85;31,63;
2026-03-17;2026-03-10;RSV;2025/2026;1084;Hovedstaden;Alle;K;990872;30032;35410;1461;314;10;0,05;147,45;3030,87;31,69;
2026-03-17;2026-03-10;RSV;2025/2026;1084;Hovedstaden;Alle;M;953491;24174;29435;1243;301;15;0,05;130,36;2535,31;31,57;
2026-03-17;2026-03-10;RSV;2025/2026;1082;Midtjylland;01. 0-5 måneder;Alle;6673;292;326;68;49;0;0,23;1019,03;4375,84;734,30;
2026-03-17;2026-03-10;RSV;2025/2026;1082;Midtjylland;01. 0-5 måneder;K;3259;130;146;31;23;0;0,24;951,21;3988,95;705,74;
2026-03-17;2026-03-10;RSV;2025/2026;1082;Midtjylland;01. 0-5 måneder;M;3414;162;180;37;26;0;0,23;1083,77;4745,17;761,57;
2026-03-17;2026-03-10;RSV;2025/2026;1082;Midtjylland;02. 6-11 måneder;Alle;7195;123;132;35;20;0;0,28;486,45;1709,52;277,97;
2026-03-17;2026-03-10;RSV;2025/2026;1082;Midtjylland;02. 6-11 måneder;K;3442;53;57;11;6;0;0,21;319,58;1539,80;174,32;
2026-03-17;2026-03-10;RSV;2025/2026;1082;Midtjylland;02. 6-11 måneder;M;3753;70;75;24;14;0;0,34;639,49;1865,17;373,03;
2026-03-17;2026-03-10;RSV;2025/2026;1082;Midtjylland;03. 1 år;Alle;13817;273;294;90;54;0;0,33;651,37;1975,83;390,82;
2026-03-17;2026-03-10;RSV;2025/2026;1082;Midtjylland;03. 1 år;K;6661;105;112;37;14;0;0,35;555,47;1576,34;210,18;
2026-03-17;2026-03-10;RSV;2025/2026;1082;Midtjylland;03. 1 år;M;7156;168;182;53;40;0;0,32;740,64;2347,68;558,97;
2026-03-17;2026-03-10;RSV;2025/2026;1082;Midtjylland;04. 2 år;Alle;14016;134;149;38;17;0;0,28;271,12;956,05;121,29;
2026-03-17;2026-03-10;RSV;2025/2026;1082;Midtjylland;04. 2 år;K;6847;62;65;16;6;0;0,26;233,68;905,51;87,63;
2026-03-17;2026-03-10;RSV;2025/2026;1082;Midtjylland;04. 2 år;M;7169;72;84;22;11;0;0,31;306,88;1004,32;153,44;
2026-03-17;2026-03-10;RSV;2025/2026;1082;Midtjylland;05. 3-5 år;Alle;44821;163;177;20;9;0;0,12;44,62;363,67;20,08;
2026-03-17;2026-03-10;RSV;2025/2026;1082;Midtjylland;05. 3-5 år;K;21757;74;80;9;4;0;0,12;41,37;340,12;18,38;
2026-03-17;2026-03-10;RSV;2025/2026;1082;Midtjylland;05. 3-5 år;M;23064;89;97;11;5;0;0,12;47,69;385,88;21,68;
2026-03-17;2026-03-10;RSV;2025/2026;1082;Midtjylland;06. 6-14 år;Alle;132564;302;338;6;4;0;0,02;4,53;227,81;3,02;
2026-03-17;2026-03-10;RSV;2025/2026;1082;Midtjylland;06. 6-14 år;K;64543;145;163;2;1;0;0,01;3,10;224,66;1,55;
2026-03-17;2026-03-10;RSV;2025/2026;1082;Midtjylland;06. 6-14 år;M;68021;157;175;4;3;0;0,03;5,88;230,81;4,41;
2026-03-17;2026-03-10;RSV;2025/2026;1082;Midtjylland;07. 15-44 år;Alle;530562;1453;1596;15;6;0;0,01;2,83;273,86;1,13;
2026-03-17;2026-03-10;RSV;2025/2026;1082;Midtjylland;07. 15-44 år;K;260581;906;977;11;6;0;0,01;4,22;347,68;2,30;
2026-03-17;2026-03-10;RSV;2025/2026;1082;Midtjylland;07. 15-44 år;M;269981;547;619;4;0;0;0,01;1,48;202,61;0,00;
2026-03-17;2026-03-10;RSV;2025/2026;1082;Midtjylland;08. 45-64 år;Alle;344598;1670;1907;35;24;0;0,02;10,16;484,62;6,96;
2026-03-17;2026-03-10;RSV;2025/2026;1082;Midtjylland;08. 45-64 år;K;172776;892;1012;23;16;0;0,03;13,31;516,28;9,26;
2026-03-17;2026-03-10;RSV;2025/2026;1082;Midtjylland;08. 45-64 år;M;171822;778;895;12;8;0;0,02;6,98;452,79;4,66;
2026-03-17;2026-03-10;RSV;2025/2026;1082;Midtjylland;09. 65-74 år;Alle;144487;1444;1653;45;32;4;0,03;31,14;999,40;22,15;
2026-03-17;2026-03-10;RSV;2025/2026;1082;Midtjylland;09. 65-74 år;K;74094;717;784;27;16;1;0,04;36,44;967,69;21,59;
2026-03-17;2026-03-10;RSV;2025/2026;1082;Midtjylland;09. 65-74 år;M;70393;727;869;18;16;3;0,02;25,57;1032,77;22,73;
2026-03-17;2026-03-10;RSV;2025/2026;1082;Midtjylland;10. 75-84 år;Alle;108887;1834;2062;52;37;3;0,03;47,76;1684,31;33,98;
2026-03-17;2026-03-10;RSV;2025/2026;1082;Midtjylland;10. 75-84 år;K;58049;829;908;25;19;1;0,03;43,07;1428,10;32,73;
2026-03-17;2026-03-10;RSV;2025/2026;1082;Midtjylland;10. 75-84 år;M;50838;1005;1154;27;18;2;0,03;53,11;1976,87;35,41;
2026-03-17;2026-03-10;RSV;2025/2026;1082;Midtjylland;11. 85+ år;Alle;34010;937;1012;46;40;7;0,05;135,25;2755,07;117,61;
2026-03-17;2026-03-10;RSV;2025/2026;1082;Midtjylland;11. 85+ år;K;20676;486;522;26;24;5;0,05;125,75;2350,55;116,08;
2026-03-17;2026-03-10;RSV;2025/2026;1082;Midtjylland;11. 85+ år;M;13334;451;490;20;16;2;0,04;149,99;3382,33;119,99;
2026-03-17;2026-03-10;RSV;2025/2026;1082;Midtjylland;Alle;Alle;1381630;8625;9646;450;292;14;0,05;32,57;624,26;21,13;
2026-03-17;2026-03-10;RSV;2025/2026;1082;Midtjylland;Alle;K;692685;4399;4826;218;135;7;0,05;31,47;635,07;19,49;
2026-03-17;2026-03-10;RSV;2025/2026;1082;Midtjylland;Alle;M;688945;4226;4820;232;157;7;0,05;33,67;613,40;22,79;
2026-03-17;2026-03-10;RSV;2025/2026;1081;Nordjylland;01. 0-5 måneder;Alle;2577;253;294;32;22;0;0,13;1241,75;9817,62;853,71;
2026-03-17;2026-03-10;RSV;2025/2026;1081;Nordjylland;01. 0-5 måneder;K;1249;101;125;15;9;0;0,15;1200,96;8086,47;720,58;
2026-03-17;2026-03-10;RSV;2025/2026;1081;Nordjylland;01. 0-5 måneder;M;1328;152;169;17;13;0;0,11;1280,12;11445,78;978,92;
2026-03-17;2026-03-10;RSV;2025/2026;1081;Nordjylland;02. 6-11 måneder;Alle;2891;103;123;28;16;0;0,27;968,52;3562,78;553,44;
2026-03-17;2026-03-10;RSV;2025/2026;1081;Nordjylland;02. 6-11 måneder;K;1408;39;44;15;7;0;0,38;1065,34;2769,89;497,16;
2026-03-17;2026-03-10;RSV;2025/2026;1081;Nordjylland;02. 6-11 måneder;M;1483;64;79;13;9;0;0,20;876,60;4315,58;606,88;
2026-03-17;2026-03-10;RSV;2025/2026;1081;Nordjylland;03. 1 år;Alle;5159;224;266;55;33;0;0,25;1066,10;4341,93;639,66;
2026-03-17;2026-03-10;RSV;2025/2026;1081;Nordjylland;03. 1 år;K;2487;94;111;23;14;0;0,24;924,81;3779,65;562,93;
2026-03-17;2026-03-10;RSV;2025/2026;1081;Nordjylland;03. 1 år;M;2672;130;155;32;19;0;0,25;1197,60;4865,27;711,08;
2026-03-17;2026-03-10;RSV;2025/2026;1081;Nordjylland;04. 2 år;Alle;5407;104;134;23;8;0;0,22;425,37;1923,43;147,96;
2026-03-17;2026-03-10;RSV;2025/2026;1081;Nordjylland;04. 2 år;K;2591;46;57;13;3;0;0,28;501,74;1775,38;115,79;
2026-03-17;2026-03-10;RSV;2025/2026;1081;Nordjylland;04. 2 år;M;2816;58;77;10;5;0;0,17;355,11;2059,66;177,56;
2026-03-17;2026-03-10;RSV;2025/2026;1081;Nordjylland;05. 3-5 år;Alle;17597;150;175;13;7;0;0,09;73,88;852,42;39,78;
2026-03-17;2026-03-10;RSV;2025/2026;1081;Nordjylland;05. 3-5 år;K;8523;56;62;4;3;0;0,07;46,93;657,05;35,20;
2026-03-17;2026-03-10;RSV;2025/2026;1081;Nordjylland;05. 3-5 år;M;9074;94;113;9;4;0;0,10;99,18;1035,93;44,08;
2026-03-17;2026-03-10;RSV;2025/2026;1081;Nordjylland;06. 6-14 år;Alle;54085;168;202;3;1;0;0,02;5,55;310,62;1,85;
2026-03-17;2026-03-10;RSV;2025/2026;1081;Nordjylland;06. 6-14 år;K;26344;91;110;3;1;0;0,03;11,39;345,43;3,80;
2026-03-17;2026-03-10;RSV;2025/2026;1081;Nordjylland;06. 6-14 år;M;27741;77;92;0;0;0;0,00;0,00;277,57;0,00;
2026-03-17;2026-03-10;RSV;2025/2026;1081;Nordjylland;07. 15-44 år;Alle;213202;976;1168;12;8;0;0,01;5,63;457,78;3,75;
2026-03-17;2026-03-10;RSV;2025/2026;1081;Nordjylland;07. 15-44 år;K;101783;569;657;7;5;0;0,01;6,88;559,03;4,91;
2026-03-17;2026-03-10;RSV;2025/2026;1081;Nordjylland;07. 15-44 år;M;111419;407;511;5;3;0;0,01;4,49;365,29;2,69;
2026-03-17;2026-03-10;RSV;2025/2026;1081;Nordjylland;08. 45-64 år;Alle;151480;1557;2027;23;14;2;0,01;15,18;1027,86;9,24;
2026-03-17;2026-03-10;RSV;2025/2026;1081;Nordjylland;08. 45-64 år;K;75352;744;952;9;6;1;0,01;11,94;987,37;7,96;
2026-03-17;2026-03-10;RSV;2025/2026;1081;Nordjylland;08. 45-64 år;M;76128;813;1075;14;8;1;0,02;18,39;1067,94;10,51;
2026-03-17;2026-03-10;RSV;2025/2026;1081;Nordjylland;09. 65-74 år;Alle;69607;1629;2187;32;28;1;0,02;45,97;2340,28;40,23;
2026-03-17;2026-03-10;RSV;2025/2026;1081;Nordjylland;09. 65-74 år;K;35469;762;1031;13;12;0;0,02;36,65;2148,35;33,83;
2026-03-17;2026-03-10;RSV;2025/2026;1081;Nordjylland;09. 65-74 år;M;34138;867;1156;19;16;1;0,02;55,66;2539,69;46,87;
2026-03-17;2026-03-10;RSV;2025/2026;1081;Nordjylland;10. 75-84 år;Alle;53556;2328;3058;30;27;6;0,01;56,02;4346,85;50,41;
2026-03-17;2026-03-10;RSV;2025/2026;1081;Nordjylland;10. 75-84 år;K;28290;1034;1332;12;11;2;0,01;42,42;3655,00;38,88;
2026-03-17;2026-03-10;RSV;2025/2026;1081;Nordjylland;10. 75-84 år;M;25266;1294;1726;18;16;4;0,01;71,24;5121,51;63,33;
2026-03-17;2026-03-10;RSV;2025/2026;1081;Nordjylland;11. 85+ år;Alle;16892;1342;1656;18;13;3;0,01;106,56;7944,59;76,96;
2026-03-17;2026-03-10;RSV;2025/2026;1081;Nordjylland;11. 85+ år;K;10279;693;840;7;6;1;0,01;68,10;6741,90;58,37;
2026-03-17;2026-03-10;RSV;2025/2026;1081;Nordjylland;11. 85+ år;M;6613;649;816;11;7;2;0,02;166,34;9814,00;105,85;
2026-03-17;2026-03-10;RSV;2025/2026;1081;Nordjylland;Alle;Alle;592453;8834;11290;269;177;12;0,03;45,40;1491,09;29,88;
2026-03-17;2026-03-10;RSV;2025/2026;1081;Nordjylland;Alle;K;293775;4229;5321;121;77;4;0,03;41,19;1439,54;26,21;
2026-03-17;2026-03-10;RSV;2025/2026;1081;Nordjylland;Alle;M;298678;4605;5969;148;100;8;0,03;49,55;1541,79;33,48;
2026-03-17;2026-03-10;RSV;2025/2026;1085;Sjælland;01. 0-5 måneder;Alle;3377;399;462;60;30;0;0,15;1776,72;11815,22;888,36;
2026-03-17;2026-03-10;RSV;2025/2026;1085;Sjælland;01. 0-5 måneder;K;1615;177;203;30;13;0;0,17;1857,59;10959,75;804,95;
2026-03-17;2026-03-10;RSV;2025/2026;1085;Sjælland;01. 0-5 måneder;M;1762;222;259;30;17;0;0,14;1702,61;12599,32;964,81;
2026-03-17;2026-03-10;RSV;2025/2026;1085;Sjælland;02. 6-11 måneder;Alle;3666;232;274;58;24;0;0,25;1582,11;6328,42;654,66;
2026-03-17;2026-03-10;RSV;2025/2026;1085;Sjælland;02. 6-11 måneder;K;1783;94;106;19;9;0;0,20;1065,62;5272,01;504,77;
2026-03-17;2026-03-10;RSV;2025/2026;1085;Sjælland;02. 6-11 måneder;M;1883;138;168;39;15;0;0,28;2071,16;7328,73;796,60;
2026-03-17;2026-03-10;RSV;2025/2026;1085;Sjælland;03. 1 år;Alle;7268;414;485;109;40;0;0,26;1499,72;5696,20;550,36;
2026-03-17;2026-03-10;RSV;2025/2026;1085;Sjælland;03. 1 år;K;3474;176;213;45;14;0;0,26;1295,34;5066,21;402,99;
2026-03-17;2026-03-10;RSV;2025/2026;1085;Sjælland;03. 1 år;M;3794;238;272;64;26;0;0,27;1686,87;6273,06;685,29;
2026-03-17;2026-03-10;RSV;2025/2026;1085;Sjælland;04. 2 år;Alle;7396;185;207;45;13;0;0,24;608,44;2501,35;175,77;
2026-03-17;2026-03-10;RSV;2025/2026;1085;Sjælland;04. 2 år;K;3630;88;97;22;8;0;0,25;606,06;2424,24;220,39;
2026-03-17;2026-03-10;RSV;2025/2026;1085;Sjælland;04. 2 år;M;3766;97;110;23;5;0;0,24;610,73;2575,68;132,77;
2026-03-17;2026-03-10;RSV;2025/2026;1085;Sjælland;05. 3-5 år;Alle;25417;270;313;15;7;0;0,06;59,02;1062,28;27,54;
2026-03-17;2026-03-10;RSV;2025/2026;1085;Sjælland;05. 3-5 år;K;12320;125;150;6;3;0;0,05;48,70;1014,61;24,35;
2026-03-17;2026-03-10;RSV;2025/2026;1085;Sjælland;05. 3-5 år;M;13097;145;163;9;4;0;0,06;68,72;1107,12;30,54;
2026-03-17;2026-03-10;RSV;2025/2026;1085;Sjælland;06. 6-14 år;Alle;79827;328;378;3;2;0;0,01;3,76;410,89;2,51;
2026-03-17;2026-03-10;RSV;2025/2026;1085;Sjælland;06. 6-14 år;K;38832;152;170;1;1;0;0,01;2,58;391,43;2,58;
2026-03-17;2026-03-10;RSV;2025/2026;1085;Sjælland;06. 6-14 år;M;40995;176;208;2;1;0;0,01;4,88;429,32;2,44;
2026-03-17;2026-03-10;RSV;2025/2026;1085;Sjælland;07. 15-44 år;Alle;280414;904;1036;27;13;0;0,03;9,63;322,38;4,64;
2026-03-17;2026-03-10;RSV;2025/2026;1085;Sjælland;07. 15-44 år;K;135805;519;587;12;4;0;0,02;8,84;382,17;2,95;
2026-03-17;2026-03-10;RSV;2025/2026;1085;Sjælland;07. 15-44 år;M;144609;385;449;15;9;0;0,04;10,37;266,24;6,22;
2026-03-17;2026-03-10;RSV;2025/2026;1085;Sjælland;08. 45-64 år;Alle;239340;919;1178;40;24;2;0,04;16,71;383,97;10,03;
2026-03-17;2026-03-10;RSV;2025/2026;1085;Sjælland;08. 45-64 år;K;120421;477;582;22;10;0;0,05;18,27;396,11;8,30;
2026-03-17;2026-03-10;RSV;2025/2026;1085;Sjælland;08. 45-64 år;M;118919;442;596;18;14;2;0,04;15,14;371,68;11,77;
2026-03-17;2026-03-10;RSV;2025/2026;1085;Sjælland;09. 65-74 år;Alle;102957;545;714;39;32;2;0,07;37,88;529,35;31,08;
2026-03-17;2026-03-10;RSV;2025/2026;1085;Sjælland;09. 65-74 år;K;53043;262;311;17;14;2;0,06;32,05;493,94;26,39;
2026-03-17;2026-03-10;RSV;2025/2026;1085;Sjælland;09. 65-74 år;M;49914;283;403;22;18;0;0,08;44,08;566,98;36,06;
2026-03-17;2026-03-10;RSV;2025/2026;1085;Sjælland;10. 75-84 år;Alle;82775;500;593;53;43;7;0,11;64,03;604,05;51,95;
2026-03-17;2026-03-10;RSV;2025/2026;1085;Sjælland;10. 75-84 år;K;44720;230;260;26;23;4;0,11;58,14;514,31;51,43;
2026-03-17;2026-03-10;RSV;2025/2026;1085;Sjælland;10. 75-84 år;M;38055;270;333;27;20;3;0,10;70,95;709,50;52,56;
2026-03-17;2026-03-10;RSV;2025/2026;1085;Sjælland;11. 85+ år;Alle;24151;136;151;29;26;3;0,21;120,08;563,12;107,66;
2026-03-17;2026-03-10;RSV;2025/2026;1085;Sjælland;11. 85+ år;K;14697;66;71;14;13;1;0,21;95,26;449,07;88,45;
2026-03-17;2026-03-10;RSV;2025/2026;1085;Sjælland;11. 85+ år;M;9454;70;80;15;13;2;0,21;158,66;740,43;137,51;
2026-03-17;2026-03-10;RSV;2025/2026;1085;Sjælland;Alle;Alle;856588;4832;5791;478;254;14;0,10;55,80;564,10;29,65;
2026-03-17;2026-03-10;RSV;2025/2026;1085;Sjælland;Alle;K;430340;2366;2750;214;112;7;0,09;49,73;549,80;26,03;
2026-03-17;2026-03-10;RSV;2025/2026;1085;Sjælland;Alle;M;426248;2466;3041;264;142;7;0,11;61,94;578,54;33,31;
2026-03-17;2026-03-10;RSV;2025/2026;1083;Syddanmark;01. 0-5 måneder;Alle;5230;237;263;46;37;0;0,19;879,54;4531,55;707,46;
2026-03-17;2026-03-10;RSV;2025/2026;1083;Syddanmark;01. 0-5 måneder;K;2510;83;96;17;14;0;0,20;677,29;3306,77;557,77;
2026-03-17;2026-03-10;RSV;2025/2026;1083;Syddanmark;01. 0-5 måneder;M;2720;154;167;29;23;0;0,19;1066,18;5661,76;845,59;
2026-03-17;2026-03-10;RSV;2025/2026;1083;Syddanmark;02. 6-11 måneder;Alle;5895;85;93;33;21;0;0,39;559,80;1441,90;356,23;
2026-03-17;2026-03-10;RSV;2025/2026;1083;Syddanmark;02. 6-11 måneder;K;2807;37;37;16;10;0;0,43;570,00;1318,13;356,25;
2026-03-17;2026-03-10;RSV;2025/2026;1083;Syddanmark;02. 6-11 måneder;M;3088;48;56;17;11;0;0,35;550,52;1554,40;356,22;
2026-03-17;2026-03-10;RSV;2025/2026;1083;Syddanmark;03. 1 år;Alle;11086;136;152;41;24;0;0,30;369,84;1226,77;216,49;
2026-03-17;2026-03-10;RSV;2025/2026;1083;Syddanmark;03. 1 år;K;5411;57;62;17;10;0;0,30;314,17;1053,41;184,81;
2026-03-17;2026-03-10;RSV;2025/2026;1083;Syddanmark;03. 1 år;M;5675;79;90;24;14;0;0,30;422,91;1392,07;246,70;
2026-03-17;2026-03-10;RSV;2025/2026;1083;Syddanmark;04. 2 år;Alle;11489;73;92;13;7;0;0,18;113,15;635,39;60,93;
2026-03-17;2026-03-10;RSV;2025/2026;1083;Syddanmark;04. 2 år;K;5509;30;43;8;3;0;0,27;145,22;544,56;54,46;
2026-03-17;2026-03-10;RSV;2025/2026;1083;Syddanmark;04. 2 år;M;5980;43;49;5;4;0;0,12;83,61;719,06;66,89;
2026-03-17;2026-03-10;RSV;2025/2026;1083;Syddanmark;05. 3-5 år;Alle;37378;105;134;13;10;0;0,12;34,78;280,91;26,75;
2026-03-17;2026-03-10;RSV;2025/2026;1083;Syddanmark;05. 3-5 år;K;18263;43;57;5;3;0;0,12;27,38;235,45;16,43;
2026-03-17;2026-03-10;RSV;2025/2026;1083;Syddanmark;05. 3-5 år;M;19115;62;77;8;7;0;0,13;41,85;324,35;36,62;
2026-03-17;2026-03-10;RSV;2025/2026;1083;Syddanmark;06. 6-14 år;Alle;117051;131;151;2;2;0;0,02;1,71;111,92;1,71;
2026-03-17;2026-03-10;RSV;2025/2026;1083;Syddanmark;06. 6-14 år;K;56727;65;72;2;2;0;0,03;3,53;114,58;3,53;
2026-03-17;2026-03-10;RSV;2025/2026;1083;Syddanmark;06. 6-14 år;M;60324;66;79;0;0;0;0,00;0,00;109,41;0,00;
2026-03-17;2026-03-10;RSV;2025/2026;1083;Syddanmark;07. 15-44 år;Alle;435011;1195;1386;18;8;0;0,02;4,14;274,71;1,84;
2026-03-17;2026-03-10;RSV;2025/2026;1083;Syddanmark;07. 15-44 år;K;210328;738;832;13;6;0;0,02;6,18;350,88;2,85;
2026-03-17;2026-03-10;RSV;2025/2026;1083;Syddanmark;07. 15-44 år;M;224683;457;554;5;2;0;0,01;2,23;203,40;0,89;
2026-03-17;2026-03-10;RSV;2025/2026;1083;Syddanmark;08. 45-64 år;Alle;328668;1593;2048;25;13;1;0,02;7,61;484,68;3,96;
2026-03-17;2026-03-10;RSV;2025/2026;1083;Syddanmark;08. 45-64 år;K;164473;839;1041;15;9;1;0,02;9,12;510,11;5,47;
2026-03-17;2026-03-10;RSV;2025/2026;1083;Syddanmark;08. 45-64 år;M;164195;754;1007;10;4;0;0,01;6,09;459,21;2,44;
2026-03-17;2026-03-10;RSV;2025/2026;1083;Syddanmark;09. 65-74 år;Alle;143755;1383;1832;37;21;1;0,03;25,74;962,05;14,61;
2026-03-17;2026-03-10;RSV;2025/2026;1083;Syddanmark;09. 65-74 år;K;73527;637;821;16;8;1;0,03;21,76;866,35;10,88;
2026-03-17;2026-03-10;RSV;2025/2026;1083;Syddanmark;09. 65-74 år;M;70228;746;1011;21;13;0;0,03;29,90;1062,25;18,51;
2026-03-17;2026-03-10;RSV;2025/2026;1083;Syddanmark;10. 75-84 år;Alle;110565;1884;2378;32;24;3;0,02;28,94;1703,98;21,71;
2026-03-17;2026-03-10;RSV;2025/2026;1083;Syddanmark;10. 75-84 år;K;59150;812;1001;8;6;1;0,01;13,52;1372,78;10,14;
2026-03-17;2026-03-10;RSV;2025/2026;1083;Syddanmark;10. 75-84 år;M;51415;1072;1377;24;18;2;0,02;46,68;2084,99;35,01;
2026-03-17;2026-03-10;RSV;2025/2026;1083;Syddanmark;11. 85+ år;Alle;36051;1027;1201;17;17;4;0,02;47,16;2848,74;47,16;
2026-03-17;2026-03-10;RSV;2025/2026;1083;Syddanmark;11. 85+ år;K;22124;517;590;11;11;2;0,02;49,72;2336,83;49,72;
2026-03-17;2026-03-10;RSV;2025/2026;1083;Syddanmark;11. 85+ år;M;13927;510;611;6;6;2;0,01;43,08;3661,95;43,08;
2026-03-17;2026-03-10;RSV;2025/2026;1083;Syddanmark;Alle;Alle;1242179;7849;9730;277;184;9;0,04;22,30;631,87;14,81;
2026-03-17;2026-03-10;RSV;2025/2026;1083;Syddanmark;Alle;K;620829;3858;4652;128;82;5;0,03;20,62;621,43;13,21;
2026-03-17;2026-03-10;RSV;2025/2026;1083;Syddanmark;Alle;M;621350;3991;5078;149;102;4;0,04;23,98;642,31;16,42;
