"Regionskode";"Region";"Prøvetagningsdato";"Køn";"Bekræftede tilfælde i alt";"Døde";"Indlæggelser";"Kummuleret antal døde";"Kummuleret antal bekræftede tilfælde";"Kummuleret antal indlæggelser";"timestamp_2025-07-29T10:00:04.710"
1085;Sjælland;2020-02-26;M;1;0;0;0;1;0;
1084;Hovedstaden;2020-02-27;M;1;0;0;0;2;0;
1082;Midtjylland;2020-02-28;M;1;0;0;0;3;0;
1084;Hovedstaden;2020-03-01;M;1;0;1;0;4;1;
1084;Hovedstaden;2020-03-02;M;2;0;1;0;6;2;
1085;Sjælland;2020-03-02;M;1;0;0;0;7;2;
1083;Syddanmark;2020-03-02;M;1;0;0;0;8;2;
1084;Hovedstaden;2020-03-03;F;1;0;0;0;9;2;
1084;Hovedstaden;2020-03-03;M;3;0;1;0;12;3;
1084;Hovedstaden;2020-03-04;M;2;0;0;0;14;3;
1085;Sjælland;2020-03-04;M;1;0;1;0;15;4;
1084;Hovedstaden;2020-03-05;F;4;1;1;1;19;5;
1084;Hovedstaden;2020-03-05;M;6;1;2;2;25;7;
1081;Nordjylland;2020-03-06;M;1;0;0;2;26;7;
1085;Sjælland;2020-03-06;M;1;0;1;2;27;8;
1084;Hovedstaden;2020-03-07;F;5;0;1;2;32;9;
1084;Hovedstaden;2020-03-07;M;3;0;1;2;35;10;
1082;Midtjylland;2020-03-07;M;1;0;0;2;36;10;
1084;Hovedstaden;2020-03-08;F;8;0;0;2;44;10;
1082;Midtjylland;2020-03-08;F;6;0;0;2;50;10;
1085;Sjælland;2020-03-08;F;2;0;1;2;52;11;
1084;Hovedstaden;2020-03-08;M;4;0;1;2;56;12;
1082;Midtjylland;2020-03-08;M;16;0;0;2;72;12;
1081;Nordjylland;2020-03-08;M;1;0;0;2;73;12;
1085;Sjælland;2020-03-08;M;2;0;0;2;75;12;
1083;Syddanmark;2020-03-08;M;8;0;0;2;83;12;
1084;Hovedstaden;2020-03-09;F;27;0;3;2;110;15;
1082;Midtjylland;2020-03-09;F;10;0;1;2;120;16;
1081;Nordjylland;2020-03-09;F;2;0;0;2;122;16;
1085;Sjælland;2020-03-09;F;7;0;4;2;129;20;
1083;Syddanmark;2020-03-09;F;15;0;1;2;144;21;
1084;Hovedstaden;2020-03-09;M;44;0;4;2;188;25;
1082;Midtjylland;2020-03-09;M;35;0;2;2;223;27;
1081;Nordjylland;2020-03-09;M;6;0;0;2;229;27;
1085;Sjælland;2020-03-09;M;29;0;4;2;258;31;
1083;Syddanmark;2020-03-09;M;34;0;1;2;292;32;
1084;Hovedstaden;2020-03-10;F;46;0;4;2;338;36;
1082;Midtjylland;2020-03-10;F;18;0;1;2;356;37;
1081;Nordjylland;2020-03-10;F;4;0;1;2;360;38;
1085;Sjælland;2020-03-10;F;6;0;2;2;366;40;
1083;Syddanmark;2020-03-10;F;8;0;1;2;374;41;
1084;Hovedstaden;2020-03-10;M;70;1;3;3;444;44;
1082;Midtjylland;2020-03-10;M;54;1;4;4;498;48;
1081;Nordjylland;2020-03-10;M;9;0;0;4;507;48;
1085;Sjælland;2020-03-10;M;21;0;4;4;528;52;
1083;Syddanmark;2020-03-10;M;19;0;1;4;547;53;
1084;Hovedstaden;2020-03-11;F;31;0;2;4;578;55;
1082;Midtjylland;2020-03-11;F;11;1;1;5;589;56;
1081;Nordjylland;2020-03-11;F;3;0;0;5;592;56;
1085;Sjælland;2020-03-11;F;12;0;1;5;604;57;
1083;Syddanmark;2020-03-11;F;15;0;1;5;619;58;
1084;Hovedstaden;2020-03-11;M;57;0;3;5;676;61;
1082;Midtjylland;2020-03-11;M;14;1;1;6;690;62;
1081;Nordjylland;2020-03-11;M;20;0;0;6;710;62;
1085;Sjælland;2020-03-11;M;15;0;5;6;725;67;
1083;Syddanmark;2020-03-11;M;27;0;1;6;752;68;
1084;Hovedstaden;2020-03-12;F;9;1;3;7;761;71;
1082;Midtjylland;2020-03-12;F;2;0;2;7;763;73;
1081;Nordjylland;2020-03-12;F;1;0;1;7;764;74;
1085;Sjælland;2020-03-12;F;1;1;1;8;765;75;
1083;Syddanmark;2020-03-12;F;5;0;2;8;770;77;
1084;Hovedstaden;2020-03-12;M;9;0;3;8;779;80;
1082;Midtjylland;2020-03-12;M;6;0;4;8;785;84;
1085;Sjælland;2020-03-12;M;5;0;3;8;790;87;
1083;Syddanmark;2020-03-12;M;3;0;0;8;793;87;
1084;Hovedstaden;2020-03-13;F;5;0;1;8;798;88;
1082;Midtjylland;2020-03-13;F;2;0;1;8;800;89;
1085;Sjælland;2020-03-13;F;1;0;1;8;801;90;
1083;Syddanmark;2020-03-13;F;1;1;1;9;802;91;
1084;Hovedstaden;2020-03-13;M;16;2;8;11;818;99;
1082;Midtjylland;2020-03-13;M;5;1;5;12;823;104;
1081;Nordjylland;2020-03-13;M;1;0;1;12;824;105;
1085;Sjælland;2020-03-13;M;2;0;1;12;826;106;
1084;Hovedstaden;2020-03-14;F;8;1;3;13;834;109;
1082;Midtjylland;2020-03-14;F;4;0;1;13;838;110;
1081;Nordjylland;2020-03-14;F;2;0;2;13;840;112;
1085;Sjælland;2020-03-14;F;3;0;3;13;843;115;
1083;Syddanmark;2020-03-14;F;2;0;1;13;845;116;
1084;Hovedstaden;2020-03-14;M;8;2;6;15;853;122;
1082;Midtjylland;2020-03-14;M;2;0;1;15;855;123;
1081;Nordjylland;2020-03-14;M;1;0;1;15;856;124;
1085;Sjælland;2020-03-14;M;4;1;1;16;860;125;
1083;Syddanmark;2020-03-14;M;3;0;2;16;863;127;
1084;Hovedstaden;2020-03-15;F;8;1;4;17;871;131;
1082;Midtjylland;2020-03-15;F;3;1;2;18;874;133;
1081;Nordjylland;2020-03-15;F;1;0;1;18;875;134;
1085;Sjælland;2020-03-15;F;6;0;2;18;881;136;
1083;Syddanmark;2020-03-15;F;1;0;1;18;882;137;
1084;Hovedstaden;2020-03-15;M;17;2;12;20;899;149;
1082;Midtjylland;2020-03-15;M;1;0;0;20;900;149;
1081;Nordjylland;2020-03-15;M;2;0;2;20;902;151;
1085;Sjælland;2020-03-15;M;4;2;3;22;906;154;
1083;Syddanmark;2020-03-15;M;2;0;2;22;908;156;
1084;Hovedstaden;2020-03-16;F;27;1;10;23;935;166;
1082;Midtjylland;2020-03-16;F;1;0;1;23;936;167;
1085;Sjælland;2020-03-16;F;9;1;7;24;945;174;
1084;Hovedstaden;2020-03-16;M;23;6;18;30;968;192;
1082;Midtjylland;2020-03-16;M;1;1;1;31;969;193;
1081;Nordjylland;2020-03-16;M;1;0;1;31;970;194;
1085;Sjælland;2020-03-16;M;6;1;5;32;976;199;
1083;Syddanmark;2020-03-16;M;6;2;6;34;982;205;
1084;Hovedstaden;2020-03-17;F;23;2;10;36;1005;215;
1082;Midtjylland;2020-03-17;F;1;0;1;36;1006;216;
1081;Nordjylland;2020-03-17;F;2;0;2;36;1008;218;
1085;Sjælland;2020-03-17;F;4;1;4;37;1012;222;
1083;Syddanmark;2020-03-17;F;3;0;3;37;1015;225;
1084;Hovedstaden;2020-03-17;M;26;7;19;44;1041;244;
1082;Midtjylland;2020-03-17;M;6;1;5;45;1047;249;
1081;Nordjylland;2020-03-17;M;2;1;2;46;1049;251;
1085;Sjælland;2020-03-17;M;6;2;6;48;1055;257;
1083;Syddanmark;2020-03-17;M;3;1;2;49;1058;259;
1084;Hovedstaden;2020-03-18;F;16;2;8;51;1074;267;
1082;Midtjylland;2020-03-18;F;8;0;4;51;1082;271;
1081;Nordjylland;2020-03-18;F;3;0;2;51;1085;273;
1085;Sjælland;2020-03-18;F;6;0;5;51;1091;278;
1083;Syddanmark;2020-03-18;F;1;0;1;51;1092;279;
1084;Hovedstaden;2020-03-18;M;32;7;16;58;1124;295;
1082;Midtjylland;2020-03-18;M;3;1;1;59;1127;296;
1081;Nordjylland;2020-03-18;M;3;1;2;60;1130;298;
1085;Sjælland;2020-03-18;M;8;3;8;63;1138;306;
1083;Syddanmark;2020-03-18;M;3;1;2;64;1141;308;
1084;Hovedstaden;2020-03-19;F;30;1;12;65;1171;320;
1082;Midtjylland;2020-03-19;F;19;0;3;65;1190;323;
1081;Nordjylland;2020-03-19;F;2;0;2;65;1192;325;
1085;Sjælland;2020-03-19;F;2;0;1;65;1194;326;
1083;Syddanmark;2020-03-19;F;8;0;0;65;1202;326;
1084;Hovedstaden;2020-03-19;M;25;5;15;70;1227;341;
1082;Midtjylland;2020-03-19;M;5;0;1;70;1232;342;
1081;Nordjylland;2020-03-19;M;3;0;3;70;1235;345;
1085;Sjælland;2020-03-19;M;4;1;2;71;1239;347;
1083;Syddanmark;2020-03-19;M;8;0;6;71;1247;353;
1084;Hovedstaden;2020-03-20;F;32;4;17;75;1279;370;
1082;Midtjylland;2020-03-20;F;3;0;3;75;1282;373;
1081;Nordjylland;2020-03-20;F;2;0;0;75;1284;373;
1085;Sjælland;2020-03-20;F;8;1;5;76;1292;378;
1083;Syddanmark;2020-03-20;F;6;0;3;76;1298;381;
1084;Hovedstaden;2020-03-20;M;23;3;15;79;1321;396;
1082;Midtjylland;2020-03-20;M;6;0;2;79;1327;398;
1081;Nordjylland;2020-03-20;M;3;1;2;80;1330;400;
1085;Sjælland;2020-03-20;M;11;2;10;82;1341;410;
1083;Syddanmark;2020-03-20;M;8;0;7;82;1349;417;
1084;Hovedstaden;2020-03-21;F;15;2;6;84;1364;423;
1082;Midtjylland;2020-03-21;F;2;0;2;84;1366;425;
1081;Nordjylland;2020-03-21;F;1;0;1;84;1367;426;
1085;Sjælland;2020-03-21;F;5;0;4;84;1372;430;
1083;Syddanmark;2020-03-21;F;3;0;1;84;1375;431;
1084;Hovedstaden;2020-03-21;M;13;1;7;85;1388;438;
1082;Midtjylland;2020-03-21;M;3;0;3;85;1391;441;
1085;Sjælland;2020-03-21;M;3;1;2;86;1394;443;
1083;Syddanmark;2020-03-21;M;3;0;3;86;1397;446;
1084;Hovedstaden;2020-03-22;F;15;2;11;88;1412;457;
1082;Midtjylland;2020-03-22;F;3;0;3;88;1415;460;
1081;Nordjylland;2020-03-22;F;1;1;1;89;1416;461;
1085;Sjælland;2020-03-22;F;5;1;4;90;1421;465;
1083;Syddanmark;2020-03-22;F;1;0;1;90;1422;466;
1084;Hovedstaden;2020-03-22;M;20;5;10;95;1442;476;
1082;Midtjylland;2020-03-22;M;6;0;5;95;1448;481;
1081;Nordjylland;2020-03-22;M;1;0;1;95;1449;482;
1085;Sjælland;2020-03-22;M;6;2;5;97;1455;487;
1083;Syddanmark;2020-03-22;M;4;0;2;97;1459;489;
1084;Hovedstaden;2020-03-23;F;38;2;17;99;1497;506;
1082;Midtjylland;2020-03-23;F;11;0;9;99;1508;515;
1081;Nordjylland;2020-03-23;F;6;1;2;100;1514;517;
1085;Sjælland;2020-03-23;F;5;0;2;100;1519;519;
1083;Syddanmark;2020-03-23;F;1;0;0;100;1520;519;
1084;Hovedstaden;2020-03-23;M;34;3;21;103;1554;540;
1082;Midtjylland;2020-03-23;M;10;2;9;105;1564;549;
1081;Nordjylland;2020-03-23;M;4;0;4;105;1568;553;
1085;Sjælland;2020-03-23;M;12;3;8;108;1580;561;
1083;Syddanmark;2020-03-23;M;10;2;10;110;1590;571;
1084;Hovedstaden;2020-03-24;F;35;4;12;114;1625;583;
1082;Midtjylland;2020-03-24;F;7;0;4;114;1632;587;
1081;Nordjylland;2020-03-24;F;1;0;1;114;1633;588;
1085;Sjælland;2020-03-24;F;5;0;2;114;1638;590;
1083;Syddanmark;2020-03-24;F;11;0;7;114;1649;597;
1084;Hovedstaden;2020-03-24;M;39;4;27;118;1688;624;
1082;Midtjylland;2020-03-24;M;9;2;8;120;1697;632;
1081;Nordjylland;2020-03-24;M;6;0;6;120;1703;638;
1085;Sjælland;2020-03-24;M;13;3;10;123;1716;648;
1083;Syddanmark;2020-03-24;M;12;0;7;123;1728;655;
1084;Hovedstaden;2020-03-25;F;39;5;18;128;1767;673;
1082;Midtjylland;2020-03-25;F;8;0;2;128;1775;675;
1081;Nordjylland;2020-03-25;F;3;0;2;128;1778;677;
1085;Sjælland;2020-03-25;F;15;0;10;128;1793;687;
1083;Syddanmark;2020-03-25;F;8;0;3;128;1801;690;
1084;Hovedstaden;2020-03-25;M;33;9;23;137;1834;713;
1082;Midtjylland;2020-03-25;M;14;1;10;138;1848;723;
1081;Nordjylland;2020-03-25;M;5;1;4;139;1853;727;
1085;Sjælland;2020-03-25;M;14;4;11;143;1867;738;
1083;Syddanmark;2020-03-25;M;11;2;7;145;1878;745;
1084;Hovedstaden;2020-03-26;F;53;8;17;153;1931;762;
1082;Midtjylland;2020-03-26;F;14;3;6;156;1945;768;
1081;Nordjylland;2020-03-26;F;7;0;5;156;1952;773;
1085;Sjælland;2020-03-26;F;12;1;8;157;1964;781;
1083;Syddanmark;2020-03-26;F;10;0;4;157;1974;785;
1084;Hovedstaden;2020-03-26;M;36;5;23;162;2010;808;
1082;Midtjylland;2020-03-26;M;13;1;9;163;2023;817;
1081;Nordjylland;2020-03-26;M;5;0;3;163;2028;820;
1085;Sjælland;2020-03-26;M;6;2;3;165;2034;823;
1083;Syddanmark;2020-03-26;M;13;1;5;166;2047;828;
1084;Hovedstaden;2020-03-27;F;70;1;18;167;2117;846;
1082;Midtjylland;2020-03-27;F;11;0;1;167;2128;847;
1081;Nordjylland;2020-03-27;F;6;0;3;167;2134;850;
1085;Sjælland;2020-03-27;F;16;2;7;169;2150;857;
1083;Syddanmark;2020-03-27;F;14;0;6;169;2164;863;
1084;Hovedstaden;2020-03-27;M;51;4;27;173;2215;890;
1082;Midtjylland;2020-03-27;M;14;1;10;174;2229;900;
1081;Nordjylland;2020-03-27;M;3;0;0;174;2232;900;
1085;Sjælland;2020-03-27;M;12;0;8;174;2244;908;
1083;Syddanmark;2020-03-27;M;17;2;13;176;2261;921;
1084;Hovedstaden;2020-03-28;F;68;3;17;179;2329;938;
1082;Midtjylland;2020-03-28;F;12;0;2;179;2341;940;
1081;Nordjylland;2020-03-28;F;5;0;1;179;2346;941;
1085;Sjælland;2020-03-28;F;13;1;8;180;2359;949;
1083;Syddanmark;2020-03-28;F;14;1;10;181;2373;959;
1084;Hovedstaden;2020-03-28;M;51;8;25;189;2424;984;
1082;Midtjylland;2020-03-28;M;9;3;7;192;2433;991;
1081;Nordjylland;2020-03-28;M;6;1;4;193;2439;995;
1085;Sjælland;2020-03-28;M;11;2;10;195;2450;1005;
1083;Syddanmark;2020-03-28;M;9;0;7;195;2459;1012;
1084;Hovedstaden;2020-03-29;F;50;3;14;198;2509;1026;
1082;Midtjylland;2020-03-29;F;3;1;2;199;2512;1028;
1081;Nordjylland;2020-03-29;F;4;2;1;201;2516;1029;
1085;Sjælland;2020-03-29;F;7;1;6;202;2523;1035;
1083;Syddanmark;2020-03-29;F;5;0;5;202;2528;1040;
1084;Hovedstaden;2020-03-29;M;32;1;7;203;2560;1047;
1082;Midtjylland;2020-03-29;M;5;1;3;204;2565;1050;
1081;Nordjylland;2020-03-29;M;5;1;3;205;2570;1053;
1085;Sjælland;2020-03-29;M;8;3;8;208;2578;1061;
1083;Syddanmark;2020-03-29;M;7;0;4;208;2585;1065;
1084;Hovedstaden;2020-03-30;F;97;9;23;217;2682;1088;
1082;Midtjylland;2020-03-30;F;25;2;4;219;2707;1092;
1081;Nordjylland;2020-03-30;F;8;0;2;219;2715;1094;
1085;Sjælland;2020-03-30;F;37;3;6;222;2752;1100;
1083;Syddanmark;2020-03-30;F;24;1;7;223;2776;1107;
1084;Hovedstaden;2020-03-30;M;64;4;21;227;2840;1128;
1082;Midtjylland;2020-03-30;M;16;2;6;229;2856;1134;
1081;Nordjylland;2020-03-30;M;3;0;0;229;2859;1134;
1085;Sjælland;2020-03-30;M;19;3;9;232;2878;1143;
1083;Syddanmark;2020-03-30;M;16;1;4;233;2894;1147;
1084;Hovedstaden;2020-03-31;F;74;8;20;241;2968;1167;
1082;Midtjylland;2020-03-31;F;39;0;4;241;3007;1171;
1081;Nordjylland;2020-03-31;F;15;2;2;243;3022;1173;
1085;Sjælland;2020-03-31;F;19;1;6;244;3041;1179;
1083;Syddanmark;2020-03-31;F;11;1;2;245;3052;1181;
1084;Hovedstaden;2020-03-31;M;50;3;16;248;3102;1197;
1082;Midtjylland;2020-03-31;M;11;3;7;251;3113;1204;
1081;Nordjylland;2020-03-31;M;3;1;0;252;3116;1204;
1085;Sjælland;2020-03-31;M;19;1;2;253;3135;1206;
1083;Syddanmark;2020-03-31;M;12;2;4;255;3147;1210;
1084;Hovedstaden;2020-04-01;F;89;6;13;261;3236;1223;
1082;Midtjylland;2020-04-01;F;40;2;4;263;3276;1227;
1081;Nordjylland;2020-04-01;F;13;1;1;264;3289;1228;
1085;Sjælland;2020-04-01;F;21;0;7;264;3310;1235;
1083;Syddanmark;2020-04-01;F;26;2;5;266;3336;1240;
1084;Hovedstaden;2020-04-01;M;51;2;10;268;3387;1250;
1082;Midtjylland;2020-04-01;M;14;1;4;269;3401;1254;
1081;Nordjylland;2020-04-01;M;3;0;3;269;3404;1257;
1085;Sjælland;2020-04-01;M;12;0;2;269;3416;1259;
1083;Syddanmark;2020-04-01;M;10;1;4;270;3426;1263;
1084;Hovedstaden;2020-04-02;F;120;3;13;273;3546;1276;
1082;Midtjylland;2020-04-02;F;34;1;3;274;3580;1279;
1081;Nordjylland;2020-04-02;F;17;0;1;274;3597;1280;
1085;Sjælland;2020-04-02;F;41;4;3;278;3638;1283;
1083;Syddanmark;2020-04-02;F;33;1;5;279;3671;1288;
1084;Hovedstaden;2020-04-02;M;66;5;12;284;3737;1300;
1082;Midtjylland;2020-04-02;M;14;1;3;285;3751;1303;
1081;Nordjylland;2020-04-02;M;8;1;4;286;3759;1307;
1085;Sjælland;2020-04-02;M;24;0;5;286;3783;1312;
1083;Syddanmark;2020-04-02;M;20;1;2;287;3803;1314;
1084;Hovedstaden;2020-04-03;F;169;5;13;292;3972;1327;
1082;Midtjylland;2020-04-03;F;46;0;6;292;4018;1333;
1081;Nordjylland;2020-04-03;F;19;1;4;293;4037;1337;
1085;Sjælland;2020-04-03;F;34;1;1;294;4071;1338;
1083;Syddanmark;2020-04-03;F;39;0;2;294;4110;1340;
1084;Hovedstaden;2020-04-03;M;89;6;15;300;4199;1355;
1082;Midtjylland;2020-04-03;M;24;2;4;302;4223;1359;
1081;Nordjylland;2020-04-03;M;9;1;1;303;4232;1360;
1085;Sjælland;2020-04-03;M;18;0;4;303;4250;1364;
1083;Syddanmark;2020-04-03;M;22;0;7;303;4272;1371;
1084;Hovedstaden;2020-04-04;F;127;2;10;305;4399;1381;
1082;Midtjylland;2020-04-04;F;19;1;2;306;4418;1383;
1081;Nordjylland;2020-04-04;F;2;0;0;306;4420;1383;
1085;Sjælland;2020-04-04;F;21;1;4;307;4441;1387;
1083;Syddanmark;2020-04-04;F;12;0;1;307;4453;1388;
1084;Hovedstaden;2020-04-04;M;86;6;19;313;4539;1407;
1082;Midtjylland;2020-04-04;M;11;3;4;316;4550;1411;
1081;Nordjylland;2020-04-04;M;6;1;3;317;4556;1414;
1085;Sjælland;2020-04-04;M;5;1;3;318;4561;1417;
1083;Syddanmark;2020-04-04;M;4;0;1;318;4565;1418;
1084;Hovedstaden;2020-04-05;F;64;6;14;324;4629;1432;
1082;Midtjylland;2020-04-05;F;18;0;4;324;4647;1436;
1081;Nordjylland;2020-04-05;F;3;1;0;325;4650;1436;
1085;Sjælland;2020-04-05;F;13;0;2;325;4663;1438;
1083;Syddanmark;2020-04-05;F;9;0;1;325;4672;1439;
1084;Hovedstaden;2020-04-05;M;37;4;6;329;4709;1445;
1082;Midtjylland;2020-04-05;M;2;0;0;329;4711;1445;
1081;Nordjylland;2020-04-05;M;2;0;1;329;4713;1446;
1085;Sjælland;2020-04-05;M;5;0;1;329;4718;1447;
1083;Syddanmark;2020-04-05;M;3;1;2;330;4721;1449;
1084;Hovedstaden;2020-04-06;F;128;4;17;334;4849;1466;
1082;Midtjylland;2020-04-06;F;43;1;3;335;4892;1469;
1081;Nordjylland;2020-04-06;F;10;0;0;335;4902;1469;
1085;Sjælland;2020-04-06;F;52;2;7;337;4954;1476;
1083;Syddanmark;2020-04-06;F;25;1;1;338;4979;1477;
1084;Hovedstaden;2020-04-06;M;93;4;10;342;5072;1487;
1082;Midtjylland;2020-04-06;M;27;2;3;344;5099;1490;
1081;Nordjylland;2020-04-06;M;11;0;1;344;5110;1491;
1085;Sjælland;2020-04-06;M;11;0;2;344;5121;1493;
1083;Syddanmark;2020-04-06;M;22;0;5;344;5143;1498;
1084;Hovedstaden;2020-04-07;F;105;6;13;350;5248;1511;
1082;Midtjylland;2020-04-07;F;41;1;4;351;5289;1515;
1081;Nordjylland;2020-04-07;F;3;0;0;351;5292;1515;
1085;Sjælland;2020-04-07;F;29;0;2;351;5321;1517;
1083;Syddanmark;2020-04-07;F;24;0;3;351;5345;1520;
1084;Hovedstaden;2020-04-07;M;77;3;11;354;5422;1531;
1082;Midtjylland;2020-04-07;M;25;2;2;356;5447;1533;
1081;Nordjylland;2020-04-07;M;6;0;1;356;5453;1534;
1085;Sjælland;2020-04-07;M;23;0;4;356;5476;1538;
1083;Syddanmark;2020-04-07;M;11;0;0;356;5487;1538;
1084;Hovedstaden;2020-04-08;F;110;2;7;358;5597;1545;
1082;Midtjylland;2020-04-08;F;29;1;1;359;5626;1546;
1081;Nordjylland;2020-04-08;F;6;0;0;359;5632;1546;
1085;Sjælland;2020-04-08;F;36;0;4;359;5668;1550;
1083;Syddanmark;2020-04-08;F;16;1;0;360;5684;1550;
1084;Hovedstaden;2020-04-08;M;56;3;6;363;5740;1556;
1082;Midtjylland;2020-04-08;M;21;0;3;363;5761;1559;
1081;Nordjylland;2020-04-08;M;1;0;0;363;5762;1559;
1085;Sjælland;2020-04-08;M;16;2;3;365;5778;1562;
1083;Syddanmark;2020-04-08;M;3;0;0;365;5781;1562;
1084;Hovedstaden;2020-04-09;F;51;2;8;367;5832;1570;
1082;Midtjylland;2020-04-09;F;12;0;2;367;5844;1572;
1081;Nordjylland;2020-04-09;F;4;0;0;367;5848;1572;
1085;Sjælland;2020-04-09;F;10;1;5;368;5858;1577;
1083;Syddanmark;2020-04-09;F;7;0;2;368;5865;1579;
1084;Hovedstaden;2020-04-09;M;22;1;2;369;5887;1581;
1082;Midtjylland;2020-04-09;M;11;1;3;370;5898;1584;
1081;Nordjylland;2020-04-09;M;4;0;0;370;5902;1584;
1085;Sjælland;2020-04-09;M;9;1;3;371;5911;1587;
1083;Syddanmark;2020-04-09;M;4;0;0;371;5915;1587;
1084;Hovedstaden;2020-04-10;F;54;1;4;372;5969;1591;
1082;Midtjylland;2020-04-10;F;12;0;2;372;5981;1593;
1081;Nordjylland;2020-04-10;F;4;0;1;372;5985;1594;
1085;Sjælland;2020-04-10;F;16;0;1;372;6001;1595;
1083;Syddanmark;2020-04-10;F;1;0;0;372;6002;1595;
1084;Hovedstaden;2020-04-10;M;34;1;3;373;6036;1598;
1082;Midtjylland;2020-04-10;M;5;0;1;373;6041;1599;
1081;Nordjylland;2020-04-10;M;3;0;1;373;6044;1600;
1085;Sjælland;2020-04-10;M;5;1;5;374;6049;1605;
1083;Syddanmark;2020-04-10;M;6;0;1;374;6055;1606;
1084;Hovedstaden;2020-04-11;F;34;2;4;376;6089;1610;
1082;Midtjylland;2020-04-11;F;23;1;3;377;6112;1613;
1081;Nordjylland;2020-04-11;F;2;0;1;377;6114;1614;
1085;Sjælland;2020-04-11;F;8;1;4;378;6122;1618;
1083;Syddanmark;2020-04-11;F;8;0;1;378;6130;1619;
1084;Hovedstaden;2020-04-11;M;40;3;8;381;6170;1627;
1082;Midtjylland;2020-04-11;M;11;2;4;383;6181;1631;
1085;Sjælland;2020-04-11;M;7;0;2;383;6188;1633;
1083;Syddanmark;2020-04-11;M;6;1;3;384;6194;1636;
1084;Hovedstaden;2020-04-12;F;64;3;5;387;6258;1641;
1082;Midtjylland;2020-04-12;F;13;2;2;389;6271;1643;
1081;Nordjylland;2020-04-12;F;5;0;1;389;6276;1644;
1085;Sjælland;2020-04-12;F;17;0;4;389;6293;1648;
1083;Syddanmark;2020-04-12;F;7;0;1;389;6300;1649;
1084;Hovedstaden;2020-04-12;M;31;1;3;390;6331;1652;
1082;Midtjylland;2020-04-12;M;8;0;1;390;6339;1653;
1081;Nordjylland;2020-04-12;M;3;0;2;390;6342;1655;
1085;Sjælland;2020-04-12;M;2;0;0;390;6344;1655;
1083;Syddanmark;2020-04-12;M;6;0;1;390;6350;1656;
1084;Hovedstaden;2020-04-13;F;56;3;5;393;6406;1661;
1082;Midtjylland;2020-04-13;F;20;0;2;393;6426;1663;
1081;Nordjylland;2020-04-13;F;4;0;0;393;6430;1663;
1085;Sjælland;2020-04-13;F;11;1;3;394;6441;1666;
1083;Syddanmark;2020-04-13;F;4;0;1;394;6445;1667;
1084;Hovedstaden;2020-04-13;M;39;4;12;398;6484;1679;
1082;Midtjylland;2020-04-13;M;11;0;1;398;6495;1680;
1081;Nordjylland;2020-04-13;M;1;0;0;398;6496;1680;
1085;Sjælland;2020-04-13;M;7;1;5;399;6503;1685;
1083;Syddanmark;2020-04-13;M;2;0;1;399;6505;1686;
1084;Hovedstaden;2020-04-14;F;88;5;11;404;6593;1697;
1082;Midtjylland;2020-04-14;F;30;0;3;404;6623;1700;
1081;Nordjylland;2020-04-14;F;2;0;0;404;6625;1700;
1085;Sjælland;2020-04-14;F;34;0;2;404;6659;1702;
1083;Syddanmark;2020-04-14;F;17;1;2;405;6676;1704;
1084;Hovedstaden;2020-04-14;M;46;1;6;406;6722;1710;
1082;Midtjylland;2020-04-14;M;16;3;4;409;6738;1714;
1085;Sjælland;2020-04-14;M;16;1;2;410;6754;1716;
1083;Syddanmark;2020-04-14;M;8;0;0;410;6762;1716;
1084;Hovedstaden;2020-04-15;F;79;5;4;415;6841;1720;
1082;Midtjylland;2020-04-15;F;17;1;1;416;6858;1721;
1081;Nordjylland;2020-04-15;F;4;0;0;416;6862;1721;
1085;Sjælland;2020-04-15;F;20;0;5;416;6882;1726;
1083;Syddanmark;2020-04-15;F;8;0;1;416;6890;1727;
1084;Hovedstaden;2020-04-15;M;40;2;3;418;6930;1730;
1082;Midtjylland;2020-04-15;M;9;1;2;419;6939;1732;
1081;Nordjylland;2020-04-15;M;4;0;0;419;6943;1732;
1085;Sjælland;2020-04-15;M;10;2;5;421;6953;1737;
1083;Syddanmark;2020-04-15;M;6;0;1;421;6959;1738;
1084;Hovedstaden;2020-04-16;F;53;1;5;422;7012;1743;
1082;Midtjylland;2020-04-16;F;26;0;2;422;7038;1745;
1081;Nordjylland;2020-04-16;F;4;0;0;422;7042;1745;
1085;Sjælland;2020-04-16;F;16;2;5;424;7058;1750;
1083;Syddanmark;2020-04-16;F;8;0;1;424;7066;1751;
1084;Hovedstaden;2020-04-16;M;37;2;8;426;7103;1759;
1082;Midtjylland;2020-04-16;M;16;1;2;427;7119;1761;
1081;Nordjylland;2020-04-16;M;1;0;0;427;7120;1761;
1085;Sjælland;2020-04-16;M;8;0;0;427;7128;1761;
1083;Syddanmark;2020-04-16;M;9;0;1;427;7137;1762;
1084;Hovedstaden;2020-04-17;F;51;1;5;428;7188;1767;
1082;Midtjylland;2020-04-17;F;18;1;1;429;7206;1768;
1081;Nordjylland;2020-04-17;F;2;0;0;429;7208;1768;
1085;Sjælland;2020-04-17;F;29;2;5;431;7237;1773;
1083;Syddanmark;2020-04-17;F;8;0;2;431;7245;1775;
1084;Hovedstaden;2020-04-17;M;37;3;7;434;7282;1782;
1082;Midtjylland;2020-04-17;M;5;0;0;434;7287;1782;
1081;Nordjylland;2020-04-17;M;2;1;0;435;7289;1782;
1085;Sjælland;2020-04-17;M;14;1;4;436;7303;1786;
1083;Syddanmark;2020-04-17;M;2;0;0;436;7305;1786;
1084;Hovedstaden;2020-04-18;F;37;1;3;437;7342;1789;
1082;Midtjylland;2020-04-18;F;13;0;3;437;7355;1792;
1081;Nordjylland;2020-04-18;F;2;0;1;437;7357;1793;
1085;Sjælland;2020-04-18;F;15;1;2;438;7372;1795;
1084;Hovedstaden;2020-04-18;M;22;3;5;441;7394;1800;
1082;Midtjylland;2020-04-18;M;4;0;0;441;7398;1800;
1085;Sjælland;2020-04-18;M;7;2;3;443;7405;1803;
1083;Syddanmark;2020-04-18;M;3;0;0;443;7408;1803;
1084;Hovedstaden;2020-04-19;F;36;1;7;444;7444;1810;
1082;Midtjylland;2020-04-19;F;8;0;2;444;7452;1812;
1085;Sjælland;2020-04-19;F;19;0;3;444;7471;1815;
1083;Syddanmark;2020-04-19;F;3;0;0;444;7474;1815;
1084;Hovedstaden;2020-04-19;M;24;1;9;445;7498;1824;
1082;Midtjylland;2020-04-19;M;7;0;1;445;7505;1825;
1081;Nordjylland;2020-04-19;M;2;0;0;445;7507;1825;
1085;Sjælland;2020-04-19;M;10;3;7;448;7517;1832;
1083;Syddanmark;2020-04-19;M;1;0;0;448;7518;1832;
1084;Hovedstaden;2020-04-20;F;89;5;7;453;7607;1839;
1082;Midtjylland;2020-04-20;F;15;0;1;453;7622;1840;
1081;Nordjylland;2020-04-20;F;5;0;0;453;7627;1840;
1085;Sjælland;2020-04-20;F;26;1;4;454;7653;1844;
1083;Syddanmark;2020-04-20;F;3;0;0;454;7656;1844;
1084;Hovedstaden;2020-04-20;M;50;3;10;457;7706;1854;
1082;Midtjylland;2020-04-20;M;11;1;2;458;7717;1856;
1081;Nordjylland;2020-04-20;M;1;0;0;458;7718;1856;
1085;Sjælland;2020-04-20;M;10;1;4;459;7728;1860;
1083;Syddanmark;2020-04-20;M;3;2;2;461;7731;1862;
1084;Hovedstaden;2020-04-21;F;66;3;10;464;7797;1872;
1082;Midtjylland;2020-04-21;F;10;0;0;464;7807;1872;
1081;Nordjylland;2020-04-21;F;4;1;0;465;7811;1872;
1085;Sjælland;2020-04-21;F;31;1;5;466;7842;1877;
1083;Syddanmark;2020-04-21;F;7;0;1;466;7849;1878;
1084;Hovedstaden;2020-04-21;M;54;5;6;471;7903;1884;
1082;Midtjylland;2020-04-21;M;8;1;2;472;7911;1886;
1081;Nordjylland;2020-04-21;M;1;0;0;472;7912;1886;
1085;Sjælland;2020-04-21;M;14;1;7;473;7926;1893;
1083;Syddanmark;2020-04-21;M;5;0;0;473;7931;1893;
1084;Hovedstaden;2020-04-22;F;87;3;9;476;8018;1902;
1082;Midtjylland;2020-04-22;F;16;0;1;476;8034;1903;
1081;Nordjylland;2020-04-22;F;5;0;0;476;8039;1903;
1085;Sjælland;2020-04-22;F;22;2;3;478;8061;1906;
1083;Syddanmark;2020-04-22;F;1;0;0;478;8062;1906;
1084;Hovedstaden;2020-04-22;M;66;6;9;484;8128;1915;
1082;Midtjylland;2020-04-22;M;15;1;4;485;8143;1919;
1085;Sjælland;2020-04-22;M;12;1;3;486;8155;1922;
1083;Syddanmark;2020-04-22;M;1;0;0;486;8156;1922;
1084;Hovedstaden;2020-04-23;F;89;4;9;490;8245;1931;
1082;Midtjylland;2020-04-23;F;21;1;1;491;8266;1932;
1081;Nordjylland;2020-04-23;F;2;0;0;491;8268;1932;
1085;Sjælland;2020-04-23;F;30;1;4;492;8298;1936;
1083;Syddanmark;2020-04-23;F;4;0;0;492;8302;1936;
1084;Hovedstaden;2020-04-23;M;48;1;6;493;8350;1942;
1082;Midtjylland;2020-04-23;M;10;0;1;493;8360;1943;
1081;Nordjylland;2020-04-23;M;1;0;0;493;8361;1943;
1085;Sjælland;2020-04-23;M;20;0;5;493;8381;1948;
1083;Syddanmark;2020-04-23;M;4;0;0;493;8385;1948;
1084;Hovedstaden;2020-04-24;F;61;2;5;495;8446;1953;
1082;Midtjylland;2020-04-24;F;19;1;1;496;8465;1954;
1085;Sjælland;2020-04-24;F;23;2;4;498;8488;1958;
1083;Syddanmark;2020-04-24;F;2;0;0;498;8490;1958;
1084;Hovedstaden;2020-04-24;M;34;1;3;499;8524;1961;
1082;Midtjylland;2020-04-24;M;8;1;0;500;8532;1961;
1081;Nordjylland;2020-04-24;M;2;0;0;500;8534;1961;
1085;Sjælland;2020-04-24;M;12;1;3;501;8546;1964;
1083;Syddanmark;2020-04-24;M;3;0;0;501;8549;1964;
1084;Hovedstaden;2020-04-25;F;37;1;5;502;8586;1969;
1082;Midtjylland;2020-04-25;F;22;1;0;503;8608;1969;
1081;Nordjylland;2020-04-25;F;4;0;1;503;8612;1970;
1085;Sjælland;2020-04-25;F;14;1;4;504;8626;1974;
1083;Syddanmark;2020-04-25;F;3;0;0;504;8629;1974;
1084;Hovedstaden;2020-04-25;M;31;2;6;506;8660;1980;
1082;Midtjylland;2020-04-25;M;7;0;1;506;8667;1981;
1081;Nordjylland;2020-04-25;M;1;0;0;506;8668;1981;
1085;Sjælland;2020-04-25;M;9;2;2;508;8677;1983;
1083;Syddanmark;2020-04-25;M;5;0;0;508;8682;1983;
1084;Hovedstaden;2020-04-26;F;42;1;10;509;8724;1993;
1082;Midtjylland;2020-04-26;F;10;0;0;509;8734;1993;
1081;Nordjylland;2020-04-26;F;4;0;0;509;8738;1993;
1085;Sjælland;2020-04-26;F;13;0;2;509;8751;1995;
1083;Syddanmark;2020-04-26;F;4;0;0;509;8755;1995;
1084;Hovedstaden;2020-04-26;M;33;3;5;512;8788;2000;
1082;Midtjylland;2020-04-26;M;5;0;2;512;8793;2002;
1085;Sjælland;2020-04-26;M;5;1;1;513;8798;2003;
1083;Syddanmark;2020-04-26;M;3;0;0;513;8801;2003;
1084;Hovedstaden;2020-04-27;F;70;1;2;514;8871;2005;
1082;Midtjylland;2020-04-27;F;9;0;1;514;8880;2006;
1081;Nordjylland;2020-04-27;F;3;0;0;514;8883;2006;
1085;Sjælland;2020-04-27;F;36;4;5;518;8919;2011;
1083;Syddanmark;2020-04-27;F;1;0;0;518;8920;2011;
1084;Hovedstaden;2020-04-27;M;59;2;6;520;8979;2017;
1082;Midtjylland;2020-04-27;M;9;0;2;520;8988;2019;
1081;Nordjylland;2020-04-27;M;2;0;0;520;8990;2019;
1085;Sjælland;2020-04-27;M;25;5;5;525;9015;2024;
1083;Syddanmark;2020-04-27;M;3;0;0;525;9018;2024;
1084;Hovedstaden;2020-04-28;F;51;2;5;527;9069;2029;
1082;Midtjylland;2020-04-28;F;17;0;0;527;9086;2029;
1085;Sjælland;2020-04-28;F;22;0;0;527;9108;2029;
1084;Hovedstaden;2020-04-28;M;32;0;3;527;9140;2032;
1082;Midtjylland;2020-04-28;M;7;0;0;527;9147;2032;
1085;Sjælland;2020-04-28;M;7;0;0;527;9154;2032;
1084;Hovedstaden;2020-04-29;F;50;2;5;529;9204;2037;
1082;Midtjylland;2020-04-29;F;10;1;1;530;9214;2038;
1081;Nordjylland;2020-04-29;F;1;0;0;530;9215;2038;
1085;Sjælland;2020-04-29;F;16;0;1;530;9231;2039;
1083;Syddanmark;2020-04-29;F;4;0;0;530;9235;2039;
1084;Hovedstaden;2020-04-29;M;42;4;11;534;9277;2050;
1082;Midtjylland;2020-04-29;M;7;0;0;534;9284;2050;
1081;Nordjylland;2020-04-29;M;2;0;0;534;9286;2050;
1085;Sjælland;2020-04-29;M;5;1;2;535;9291;2052;
1083;Syddanmark;2020-04-29;M;2;0;0;535;9293;2052;
1084;Hovedstaden;2020-04-30;F;62;0;5;535;9355;2057;
1082;Midtjylland;2020-04-30;F;6;0;1;535;9361;2058;
1081;Nordjylland;2020-04-30;F;3;0;0;535;9364;2058;
1085;Sjælland;2020-04-30;F;23;0;1;535;9387;2059;
1083;Syddanmark;2020-04-30;F;1;0;0;535;9388;2059;
1084;Hovedstaden;2020-04-30;M;33;0;4;535;9421;2063;
1082;Midtjylland;2020-04-30;M;7;0;0;535;9428;2063;
1081;Nordjylland;2020-04-30;M;2;0;1;535;9430;2064;
1085;Sjælland;2020-04-30;M;8;0;0;535;9438;2064;
1083;Syddanmark;2020-04-30;M;1;0;0;535;9439;2064;
1084;Hovedstaden;2020-05-01;F;58;2;3;537;9497;2067;
1082;Midtjylland;2020-05-01;F;5;0;0;537;9502;2067;
1081;Nordjylland;2020-05-01;F;10;0;0;537;9512;2067;
1085;Sjælland;2020-05-01;F;15;1;1;538;9527;2068;
1083;Syddanmark;2020-05-01;F;2;0;0;538;9529;2068;
1084;Hovedstaden;2020-05-01;M;25;0;2;538;9554;2070;
1082;Midtjylland;2020-05-01;M;11;0;1;538;9565;2071;
1081;Nordjylland;2020-05-01;M;9;0;0;538;9574;2071;
1085;Sjælland;2020-05-01;M;10;1;2;539;9584;2073;
1083;Syddanmark;2020-05-01;M;3;0;1;539;9587;2074;
1084;Hovedstaden;2020-05-02;F;31;0;2;539;9618;2076;
1082;Midtjylland;2020-05-02;F;12;0;3;539;9630;2079;
1081;Nordjylland;2020-05-02;F;1;0;0;539;9631;2079;
1085;Sjælland;2020-05-02;F;17;0;1;539;9648;2080;
1083;Syddanmark;2020-05-02;F;4;0;0;539;9652;2080;
1084;Hovedstaden;2020-05-02;M;27;1;4;540;9679;2084;
1082;Midtjylland;2020-05-02;M;8;0;1;540;9687;2085;
1081;Nordjylland;2020-05-02;M;1;0;0;540;9688;2085;
1085;Sjælland;2020-05-02;M;12;1;1;541;9700;2086;
1083;Syddanmark;2020-05-02;M;2;0;0;541;9702;2086;
1084;Hovedstaden;2020-05-03;F;33;0;6;541;9735;2092;
1082;Midtjylland;2020-05-03;F;4;0;1;541;9739;2093;
1081;Nordjylland;2020-05-03;F;1;0;0;541;9740;2093;
1085;Sjælland;2020-05-03;F;6;0;2;541;9746;2095;
1083;Syddanmark;2020-05-03;F;4;0;1;541;9750;2096;
1084;Hovedstaden;2020-05-03;M;17;2;2;543;9767;2098;
1082;Midtjylland;2020-05-03;M;6;0;1;543;9773;2099;
1081;Nordjylland;2020-05-03;M;1;0;0;543;9774;2099;
1085;Sjælland;2020-05-03;M;5;1;3;544;9779;2102;
1083;Syddanmark;2020-05-03;M;1;0;0;544;9780;2102;
1084;Hovedstaden;2020-05-04;F;50;0;3;544;9830;2105;
1082;Midtjylland;2020-05-04;F;5;0;1;544;9835;2106;
1085;Sjælland;2020-05-04;F;21;1;2;545;9856;2108;
1083;Syddanmark;2020-05-04;F;3;0;0;545;9859;2108;
1084;Hovedstaden;2020-05-04;M;29;0;2;545;9888;2110;
1082;Midtjylland;2020-05-04;M;3;0;1;545;9891;2111;
1085;Sjælland;2020-05-04;M;8;0;2;545;9899;2113;
1083;Syddanmark;2020-05-04;M;1;0;0;545;9900;2113;
1084;Hovedstaden;2020-05-05;F;32;1;4;546;9932;2117;
1082;Midtjylland;2020-05-05;F;5;0;0;546;9937;2117;
1081;Nordjylland;2020-05-05;F;2;0;0;546;9939;2117;
1085;Sjælland;2020-05-05;F;20;2;3;548;9959;2120;
1083;Syddanmark;2020-05-05;F;4;0;0;548;9963;2120;
1084;Hovedstaden;2020-05-05;M;40;2;4;550;10003;2124;
1082;Midtjylland;2020-05-05;M;3;0;0;550;10006;2124;
1085;Sjælland;2020-05-05;M;15;0;5;550;10021;2129;
1083;Syddanmark;2020-05-05;M;1;0;0;550;10022;2129;
1084;Hovedstaden;2020-05-06;F;54;0;1;550;10076;2130;
1082;Midtjylland;2020-05-06;F;2;0;0;550;10078;2130;
1085;Sjælland;2020-05-06;F;9;0;0;550;10087;2130;
1083;Syddanmark;2020-05-06;F;2;0;0;550;10089;2130;
1084;Hovedstaden;2020-05-06;M;27;0;3;550;10116;2133;
1082;Midtjylland;2020-05-06;M;4;0;0;550;10120;2133;
1085;Sjælland;2020-05-06;M;6;0;2;550;10126;2135;
1084;Hovedstaden;2020-05-07;F;44;0;1;550;10170;2136;
1082;Midtjylland;2020-05-07;F;5;0;0;550;10175;2136;
1085;Sjælland;2020-05-07;F;19;0;3;550;10194;2139;
1083;Syddanmark;2020-05-07;F;1;0;0;550;10195;2139;
1084;Hovedstaden;2020-05-07;M;32;0;3;550;10227;2142;
1082;Midtjylland;2020-05-07;M;5;0;0;550;10232;2142;
1081;Nordjylland;2020-05-07;M;1;0;0;550;10233;2142;
1085;Sjælland;2020-05-07;M;13;2;4;552;10246;2146;
1083;Syddanmark;2020-05-07;M;2;0;0;552;10248;2146;
1084;Hovedstaden;2020-05-08;F;31;3;4;555;10279;2150;
1082;Midtjylland;2020-05-08;F;4;0;0;555;10283;2150;
1085;Sjælland;2020-05-08;F;4;0;0;555;10287;2150;
1083;Syddanmark;2020-05-08;F;1;0;0;555;10288;2150;
1084;Hovedstaden;2020-05-08;M;20;1;3;556;10308;2153;
1082;Midtjylland;2020-05-08;M;1;0;0;556;10309;2153;
1085;Sjælland;2020-05-08;M;5;0;0;556;10314;2153;
1083;Syddanmark;2020-05-08;M;2;0;0;556;10316;2153;
1084;Hovedstaden;2020-05-09;F;24;1;4;557;10340;2157;
1082;Midtjylland;2020-05-09;F;2;0;2;557;10342;2159;
1081;Nordjylland;2020-05-09;F;1;0;0;557;10343;2159;
1085;Sjælland;2020-05-09;F;7;0;0;557;10350;2159;
1084;Hovedstaden;2020-05-09;M;24;1;4;558;10374;2163;
1082;Midtjylland;2020-05-09;M;2;0;0;558;10376;2163;
1085;Sjælland;2020-05-09;M;4;0;1;558;10380;2164;
1084;Hovedstaden;2020-05-10;F;20;0;0;558;10400;2164;
1082;Midtjylland;2020-05-10;F;2;0;0;558;10402;2164;
1081;Nordjylland;2020-05-10;F;2;0;0;558;10404;2164;
1085;Sjælland;2020-05-10;F;4;0;0;558;10408;2164;
1083;Syddanmark;2020-05-10;F;3;0;0;558;10411;2164;
1084;Hovedstaden;2020-05-10;M;18;0;2;558;10429;2166;
1082;Midtjylland;2020-05-10;M;1;0;0;558;10430;2166;
1081;Nordjylland;2020-05-10;M;2;0;0;558;10432;2166;
1085;Sjælland;2020-05-10;M;4;1;1;559;10436;2167;
1083;Syddanmark;2020-05-10;M;1;1;1;560;10437;2168;
1084;Hovedstaden;2020-05-11;F;28;0;3;560;10465;2171;
1082;Midtjylland;2020-05-11;F;2;0;1;560;10467;2172;
1085;Sjælland;2020-05-11;F;5;0;0;560;10472;2172;
1083;Syddanmark;2020-05-11;F;5;0;0;560;10477;2172;
1084;Hovedstaden;2020-05-11;M;21;0;0;560;10498;2172;
1082;Midtjylland;2020-05-11;M;1;0;0;560;10499;2172;
1081;Nordjylland;2020-05-11;M;1;0;0;560;10500;2172;
1085;Sjælland;2020-05-11;M;7;0;1;560;10507;2173;
1083;Syddanmark;2020-05-11;M;7;1;2;561;10514;2175;
1084;Hovedstaden;2020-05-12;F;20;0;4;561;10534;2179;
1081;Nordjylland;2020-05-12;F;1;0;0;561;10535;2179;
1085;Sjælland;2020-05-12;F;9;0;1;561;10544;2180;
1083;Syddanmark;2020-05-12;F;6;0;0;561;10550;2180;
1084;Hovedstaden;2020-05-12;M;15;1;1;562;10565;2181;
1082;Midtjylland;2020-05-12;M;1;0;0;562;10566;2181;
1085;Sjælland;2020-05-12;M;1;0;0;562;10567;2181;
1083;Syddanmark;2020-05-12;M;3;0;0;562;10570;2181;
1084;Hovedstaden;2020-05-13;F;26;1;1;563;10596;2182;
1082;Midtjylland;2020-05-13;F;3;0;1;563;10599;2183;
1085;Sjælland;2020-05-13;F;7;0;1;563;10606;2184;
1083;Syddanmark;2020-05-13;F;5;0;1;563;10611;2185;
1084;Hovedstaden;2020-05-13;M;15;0;0;563;10626;2185;
1082;Midtjylland;2020-05-13;M;1;0;0;563;10627;2185;
1081;Nordjylland;2020-05-13;M;1;0;0;563;10628;2185;
1085;Sjælland;2020-05-13;M;6;0;0;563;10634;2185;
1083;Syddanmark;2020-05-13;M;1;0;0;563;10635;2185;
1084;Hovedstaden;2020-05-14;F;22;0;2;563;10657;2187;
1082;Midtjylland;2020-05-14;F;1;0;0;563;10658;2187;
1085;Sjælland;2020-05-14;F;11;0;2;563;10669;2189;
1083;Syddanmark;2020-05-14;F;3;0;1;563;10672;2190;
1084;Hovedstaden;2020-05-14;M;13;0;2;563;10685;2192;
1082;Midtjylland;2020-05-14;M;3;0;0;563;10688;2192;
1085;Sjælland;2020-05-14;M;3;0;0;563;10691;2192;
1083;Syddanmark;2020-05-14;M;5;1;4;564;10696;2196;
1084;Hovedstaden;2020-05-15;F;26;1;1;565;10722;2197;
1082;Midtjylland;2020-05-15;F;4;0;0;565;10726;2197;
1081;Nordjylland;2020-05-15;F;1;0;1;565;10727;2198;
1085;Sjælland;2020-05-15;F;5;1;3;566;10732;2201;
1083;Syddanmark;2020-05-15;F;3;0;0;566;10735;2201;
1084;Hovedstaden;2020-05-15;M;32;0;3;566;10767;2204;
1085;Sjælland;2020-05-15;M;9;2;2;568;10776;2206;
1083;Syddanmark;2020-05-15;M;9;1;1;569;10785;2207;
1084;Hovedstaden;2020-05-16;F;8;0;0;569;10793;2207;
1082;Midtjylland;2020-05-16;F;3;0;1;569;10796;2208;
1081;Nordjylland;2020-05-16;F;1;0;0;569;10797;2208;
1085;Sjælland;2020-05-16;F;5;1;1;570;10802;2209;
1083;Syddanmark;2020-05-16;F;1;0;0;570;10803;2209;
1084;Hovedstaden;2020-05-16;M;10;0;0;570;10813;2209;
1082;Midtjylland;2020-05-16;M;1;0;0;570;10814;2209;
1085;Sjælland;2020-05-16;M;3;0;1;570;10817;2210;
1083;Syddanmark;2020-05-16;M;2;0;1;570;10819;2211;
1084;Hovedstaden;2020-05-17;F;18;0;1;570;10837;2212;
1082;Midtjylland;2020-05-17;F;5;0;2;570;10842;2214;
1085;Sjælland;2020-05-17;F;5;0;0;570;10847;2214;
1083;Syddanmark;2020-05-17;F;3;0;0;570;10850;2214;
1084;Hovedstaden;2020-05-17;M;13;0;1;570;10863;2215;
1082;Midtjylland;2020-05-17;M;3;0;0;570;10866;2215;
1085;Sjælland;2020-05-17;M;2;0;0;570;10868;2215;
1083;Syddanmark;2020-05-17;M;1;0;0;570;10869;2215;
1084;Hovedstaden;2020-05-18;F;31;1;2;571;10900;2217;
1082;Midtjylland;2020-05-18;F;4;0;1;571;10904;2218;
1085;Sjælland;2020-05-18;F;5;0;1;571;10909;2219;
1083;Syddanmark;2020-05-18;F;4;0;1;571;10913;2220;
1084;Hovedstaden;2020-05-18;M;23;1;1;572;10936;2221;
1082;Midtjylland;2020-05-18;M;3;0;1;572;10939;2222;
1081;Nordjylland;2020-05-18;M;1;0;0;572;10940;2222;
1085;Sjælland;2020-05-18;M;3;0;0;572;10943;2222;
1083;Syddanmark;2020-05-18;M;6;0;0;572;10949;2222;
1084;Hovedstaden;2020-05-19;F;24;0;3;572;10973;2225;
1082;Midtjylland;2020-05-19;F;1;0;1;572;10974;2226;
1085;Sjælland;2020-05-19;F;4;0;0;572;10978;2226;
1083;Syddanmark;2020-05-19;F;3;0;1;572;10981;2227;
1084;Hovedstaden;2020-05-19;M;18;1;1;573;10999;2228;
1082;Midtjylland;2020-05-19;M;4;0;0;573;11003;2228;
1081;Nordjylland;2020-05-19;M;2;0;0;573;11005;2228;
1085;Sjælland;2020-05-19;M;3;0;1;573;11008;2229;
1083;Syddanmark;2020-05-19;M;1;0;0;573;11009;2229;
1084;Hovedstaden;2020-05-20;F;27;2;3;575;11036;2232;
1081;Nordjylland;2020-05-20;F;1;0;0;575;11037;2232;
1085;Sjælland;2020-05-20;F;7;0;0;575;11044;2232;
1083;Syddanmark;2020-05-20;F;4;0;0;575;11048;2232;
1084;Hovedstaden;2020-05-20;M;25;2;2;577;11073;2234;
1085;Sjælland;2020-05-20;M;5;1;2;578;11078;2236;
1084;Hovedstaden;2020-05-21;F;11;0;1;578;11089;2237;
1082;Midtjylland;2020-05-21;F;1;0;1;578;11090;2238;
1081;Nordjylland;2020-05-21;F;1;0;1;578;11091;2239;
1085;Sjælland;2020-05-21;F;4;0;1;578;11095;2240;
1084;Hovedstaden;2020-05-21;M;13;0;2;578;11108;2242;
1085;Sjælland;2020-05-21;M;1;0;1;578;11109;2243;
1084;Hovedstaden;2020-05-22;F;29;3;6;581;11138;2249;
1082;Midtjylland;2020-05-22;F;1;0;0;581;11139;2249;
1081;Nordjylland;2020-05-22;F;2;0;0;581;11141;2249;
1085;Sjælland;2020-05-22;F;6;0;1;581;11147;2250;
1083;Syddanmark;2020-05-22;F;1;0;0;581;11148;2250;
1084;Hovedstaden;2020-05-22;M;19;1;3;582;11167;2253;
1082;Midtjylland;2020-05-22;M;2;0;1;582;11169;2254;
1085;Sjælland;2020-05-22;M;8;1;2;583;11177;2256;
1083;Syddanmark;2020-05-22;M;3;0;0;583;11180;2256;
1084;Hovedstaden;2020-05-23;F;14;0;2;583;11194;2258;
1082;Midtjylland;2020-05-23;F;1;0;0;583;11195;2258;
1085;Sjælland;2020-05-23;F;3;1;1;584;11198;2259;
1084;Hovedstaden;2020-05-23;M;16;0;3;584;11214;2262;
1082;Midtjylland;2020-05-23;M;2;0;1;584;11216;2263;
1085;Sjælland;2020-05-23;M;1;0;0;584;11217;2263;
1084;Hovedstaden;2020-05-24;F;15;0;1;584;11232;2264;
1085;Sjælland;2020-05-24;F;5;0;1;584;11237;2265;
1083;Syddanmark;2020-05-24;F;1;0;0;584;11238;2265;
1084;Hovedstaden;2020-05-24;M;13;0;3;584;11251;2268;
1083;Syddanmark;2020-05-24;M;1;0;0;584;11252;2268;
1084;Hovedstaden;2020-05-25;F;25;1;2;585;11277;2270;
1082;Midtjylland;2020-05-25;F;1;0;0;585;11278;2270;
1085;Sjælland;2020-05-25;F;2;0;0;585;11280;2270;
1083;Syddanmark;2020-05-25;F;2;0;1;585;11282;2271;
1084;Hovedstaden;2020-05-25;M;18;0;0;585;11300;2271;
1081;Nordjylland;2020-05-25;M;1;0;0;585;11301;2271;
1085;Sjælland;2020-05-25;M;3;0;0;585;11304;2271;
1084;Hovedstaden;2020-05-26;F;27;2;5;587;11331;2276;
1081;Nordjylland;2020-05-26;F;2;0;0;587;11333;2276;
1085;Sjælland;2020-05-26;F;7;0;0;587;11340;2276;
1083;Syddanmark;2020-05-26;F;3;0;2;587;11343;2278;
1084;Hovedstaden;2020-05-26;M;19;0;3;587;11362;2281;
1082;Midtjylland;2020-05-26;M;2;0;0;587;11364;2281;
1083;Syddanmark;2020-05-26;M;2;0;1;587;11366;2282;
1084;Hovedstaden;2020-05-27;F;24;1;3;588;11390;2285;
1082;Midtjylland;2020-05-27;F;1;0;0;588;11391;2285;
1085;Sjælland;2020-05-27;F;2;0;0;588;11393;2285;
1084;Hovedstaden;2020-05-27;M;18;1;4;589;11411;2289;
1082;Midtjylland;2020-05-27;M;1;0;0;589;11412;2289;
1085;Sjælland;2020-05-27;M;6;0;2;589;11418;2291;
1084;Hovedstaden;2020-05-28;F;19;0;0;589;11437;2291;
1085;Sjælland;2020-05-28;F;5;0;1;589;11442;2292;
1083;Syddanmark;2020-05-28;F;1;0;0;589;11443;2292;
1084;Hovedstaden;2020-05-28;M;9;1;3;590;11452;2295;
1085;Sjælland;2020-05-28;M;2;0;0;590;11454;2295;
1083;Syddanmark;2020-05-28;M;1;0;0;590;11455;2295;
1084;Hovedstaden;2020-05-29;F;15;1;1;591;11470;2296;
1085;Sjælland;2020-05-29;F;3;0;1;591;11473;2297;
1083;Syddanmark;2020-05-29;F;1;0;0;591;11474;2297;
1084;Hovedstaden;2020-05-29;M;13;2;2;593;11487;2299;
1085;Sjælland;2020-05-29;M;8;0;2;593;11495;2301;
1083;Syddanmark;2020-05-29;M;2;0;0;593;11497;2301;
1084;Hovedstaden;2020-05-30;F;9;0;1;593;11506;2302;
1085;Sjælland;2020-05-30;F;7;0;0;593;11513;2302;
1084;Hovedstaden;2020-05-30;M;14;1;2;594;11527;2304;
1085;Sjælland;2020-05-30;M;2;0;0;594;11529;2304;
1083;Syddanmark;2020-05-30;M;1;0;1;594;11530;2305;
1084;Hovedstaden;2020-05-31;F;10;0;1;594;11540;2306;
1085;Sjælland;2020-05-31;F;5;0;0;594;11545;2306;
1084;Hovedstaden;2020-05-31;M;6;0;0;594;11551;2306;
1085;Sjælland;2020-05-31;M;1;0;0;594;11552;2306;
1084;Hovedstaden;2020-06-01;F;16;0;1;594;11568;2307;
1085;Sjælland;2020-06-01;F;2;0;0;594;11570;2307;
1084;Hovedstaden;2020-06-01;M;6;0;1;594;11576;2308;
1082;Midtjylland;2020-06-01;M;2;0;1;594;11578;2309;
1085;Sjælland;2020-06-01;M;6;0;2;594;11584;2311;
1083;Syddanmark;2020-06-01;M;2;0;1;594;11586;2312;
1084;Hovedstaden;2020-06-02;F;23;0;0;594;11609;2312;
1082;Midtjylland;2020-06-02;F;2;0;0;594;11611;2312;
1085;Sjælland;2020-06-02;F;12;0;1;594;11623;2313;
1083;Syddanmark;2020-06-02;F;3;0;0;594;11626;2313;
1084;Hovedstaden;2020-06-02;M;9;0;0;594;11635;2313;
1082;Midtjylland;2020-06-02;M;1;0;0;594;11636;2313;
1085;Sjælland;2020-06-02;M;4;0;1;594;11640;2314;
1083;Syddanmark;2020-06-02;M;1;0;0;594;11641;2314;
1084;Hovedstaden;2020-06-03;F;24;0;1;594;11665;2315;
1085;Sjælland;2020-06-03;F;9;0;0;594;11674;2315;
1083;Syddanmark;2020-06-03;F;1;0;0;594;11675;2315;
1084;Hovedstaden;2020-06-03;M;9;0;0;594;11684;2315;
1085;Sjælland;2020-06-03;M;9;0;0;594;11693;2315;
1084;Hovedstaden;2020-06-04;F;18;0;0;594;11711;2315;
1085;Sjælland;2020-06-04;F;4;0;0;594;11715;2315;
1083;Syddanmark;2020-06-04;F;1;0;0;594;11716;2315;
1084;Hovedstaden;2020-06-04;M;8;1;1;595;11724;2316;
1082;Midtjylland;2020-06-04;M;4;0;0;595;11728;2316;
1085;Sjælland;2020-06-04;M;2;0;0;595;11730;2316;
1083;Syddanmark;2020-06-04;M;4;1;2;596;11734;2318;
1084;Hovedstaden;2020-06-05;F;14;0;1;596;11748;2319;
1085;Sjælland;2020-06-05;F;2;0;0;596;11750;2319;
1084;Hovedstaden;2020-06-05;M;15;0;1;596;11765;2320;
1085;Sjælland;2020-06-05;M;2;0;0;596;11767;2320;
1083;Syddanmark;2020-06-05;M;1;0;1;596;11768;2321;
1084;Hovedstaden;2020-06-06;F;7;0;1;596;11775;2322;
1082;Midtjylland;2020-06-06;F;1;0;0;596;11776;2322;
1085;Sjælland;2020-06-06;F;2;0;0;596;11778;2322;
1084;Hovedstaden;2020-06-06;M;4;0;0;596;11782;2322;
1083;Syddanmark;2020-06-06;M;1;0;0;596;11783;2322;
1084;Hovedstaden;2020-06-07;F;4;0;1;596;11787;2323;
1084;Hovedstaden;2020-06-07;M;10;0;1;596;11797;2324;
1084;Hovedstaden;2020-06-08;F;14;0;0;596;11811;2324;
1082;Midtjylland;2020-06-08;F;2;0;1;596;11813;2325;
1081;Nordjylland;2020-06-08;F;1;0;0;596;11814;2325;
1085;Sjælland;2020-06-08;F;1;0;0;596;11815;2325;
1083;Syddanmark;2020-06-08;F;3;0;0;596;11818;2325;
1084;Hovedstaden;2020-06-08;M;15;1;2;597;11833;2327;
1082;Midtjylland;2020-06-08;M;2;0;0;597;11835;2327;
1085;Sjælland;2020-06-08;M;1;0;0;597;11836;2327;
1083;Syddanmark;2020-06-08;M;5;0;0;597;11841;2327;
1084;Hovedstaden;2020-06-09;F;10;0;0;597;11851;2327;
1082;Midtjylland;2020-06-09;F;1;0;0;597;11852;2327;
1085;Sjælland;2020-06-09;F;3;0;0;597;11855;2327;
1084;Hovedstaden;2020-06-09;M;12;0;0;597;11867;2327;
1082;Midtjylland;2020-06-09;M;1;0;0;597;11868;2327;
1085;Sjælland;2020-06-09;M;1;0;0;597;11869;2327;
1083;Syddanmark;2020-06-09;M;3;0;0;597;11872;2327;
1084;Hovedstaden;2020-06-10;F;11;0;1;597;11883;2328;
1082;Midtjylland;2020-06-10;F;2;0;1;597;11885;2329;
1081;Nordjylland;2020-06-10;F;6;0;1;597;11891;2330;
1085;Sjælland;2020-06-10;F;3;0;1;597;11894;2331;
1083;Syddanmark;2020-06-10;F;1;0;0;597;11895;2331;
1084;Hovedstaden;2020-06-10;M;9;0;0;597;11904;2331;
1081;Nordjylland;2020-06-10;M;3;1;0;598;11907;2331;
1085;Sjælland;2020-06-10;M;4;0;0;598;11911;2331;
1084;Hovedstaden;2020-06-11;F;19;0;0;598;11930;2331;
1082;Midtjylland;2020-06-11;F;1;0;0;598;11931;2331;
1081;Nordjylland;2020-06-11;F;1;0;0;598;11932;2331;
1085;Sjælland;2020-06-11;F;6;0;0;598;11938;2331;
1084;Hovedstaden;2020-06-11;M;17;0;2;598;11955;2333;
1081;Nordjylland;2020-06-11;M;1;0;1;598;11956;2334;
1085;Sjælland;2020-06-11;M;3;0;0;598;11959;2334;
1084;Hovedstaden;2020-06-12;F;13;0;1;598;11972;2335;
1082;Midtjylland;2020-06-12;F;2;0;0;598;11974;2335;
1081;Nordjylland;2020-06-12;F;19;1;4;599;11993;2339;
1085;Sjælland;2020-06-12;F;2;1;1;600;11995;2340;
1084;Hovedstaden;2020-06-12;M;13;0;0;600;12008;2340;
1082;Midtjylland;2020-06-12;M;2;0;0;600;12010;2340;
1081;Nordjylland;2020-06-12;M;6;0;1;600;12016;2341;
1085;Sjælland;2020-06-12;M;2;0;0;600;12018;2341;
1083;Syddanmark;2020-06-12;M;1;0;0;600;12019;2341;
1084;Hovedstaden;2020-06-13;F;8;0;2;600;12027;2343;
1082;Midtjylland;2020-06-13;F;2;0;0;600;12029;2343;
1085;Sjælland;2020-06-13;F;3;0;0;600;12032;2343;
1084;Hovedstaden;2020-06-13;M;12;1;3;601;12044;2346;
1085;Sjælland;2020-06-13;M;3;0;1;601;12047;2347;
1084;Hovedstaden;2020-06-14;F;3;0;0;601;12050;2347;
1082;Midtjylland;2020-06-14;F;1;0;0;601;12051;2347;
1081;Nordjylland;2020-06-14;F;5;0;1;601;12056;2348;
1084;Hovedstaden;2020-06-14;M;7;0;2;601;12063;2350;
1081;Nordjylland;2020-06-14;M;3;1;1;602;12066;2351;
1085;Sjælland;2020-06-14;M;2;0;0;602;12068;2351;
1084;Hovedstaden;2020-06-15;F;15;1;2;603;12083;2353;
1081;Nordjylland;2020-06-15;F;2;0;0;603;12085;2353;
1085;Sjælland;2020-06-15;F;1;0;0;603;12086;2353;
1084;Hovedstaden;2020-06-15;M;17;1;3;604;12103;2356;
1082;Midtjylland;2020-06-15;M;1;0;0;604;12104;2356;
1081;Nordjylland;2020-06-15;M;1;0;0;604;12105;2356;
1085;Sjælland;2020-06-15;M;3;0;0;604;12108;2356;
1084;Hovedstaden;2020-06-16;F;15;0;0;604;12123;2356;
1082;Midtjylland;2020-06-16;F;4;0;0;604;12127;2356;
1081;Nordjylland;2020-06-16;F;3;0;1;604;12130;2357;
1085;Sjælland;2020-06-16;F;4;0;1;604;12134;2358;
1084;Hovedstaden;2020-06-16;M;10;0;2;604;12144;2360;
1082;Midtjylland;2020-06-16;M;1;0;0;604;12145;2360;
1081;Nordjylland;2020-06-16;M;4;0;0;604;12149;2360;
1085;Sjælland;2020-06-16;M;4;0;2;604;12153;2362;
1083;Syddanmark;2020-06-16;M;1;0;0;604;12154;2362;
1084;Hovedstaden;2020-06-17;F;21;0;1;604;12175;2363;
1082;Midtjylland;2020-06-17;F;1;0;0;604;12176;2363;
1081;Nordjylland;2020-06-17;F;14;0;1;604;12190;2364;
1085;Sjælland;2020-06-17;F;7;0;0;604;12197;2364;
1083;Syddanmark;2020-06-17;F;1;0;0;604;12198;2364;
1084;Hovedstaden;2020-06-17;M;20;0;1;604;12218;2365;
1082;Midtjylland;2020-06-17;M;2;0;0;604;12220;2365;
1081;Nordjylland;2020-06-17;M;2;0;0;604;12222;2365;
1085;Sjælland;2020-06-17;M;5;0;0;604;12227;2365;
1083;Syddanmark;2020-06-17;M;1;0;1;604;12228;2366;
1084;Hovedstaden;2020-06-18;F;18;1;1;605;12246;2367;
1082;Midtjylland;2020-06-18;F;1;0;0;605;12247;2367;
1081;Nordjylland;2020-06-18;F;1;0;0;605;12248;2367;
1085;Sjælland;2020-06-18;F;4;0;2;605;12252;2369;
1084;Hovedstaden;2020-06-18;M;19;0;1;605;12271;2370;
1082;Midtjylland;2020-06-18;M;1;1;1;606;12272;2371;
1081;Nordjylland;2020-06-18;M;1;0;0;606;12273;2371;
1085;Sjælland;2020-06-18;M;2;0;0;606;12275;2371;
1083;Syddanmark;2020-06-18;M;1;0;0;606;12276;2371;
1084;Hovedstaden;2020-06-19;F;15;0;2;606;12291;2373;
1085;Sjælland;2020-06-19;F;7;0;1;606;12298;2374;
1084;Hovedstaden;2020-06-19;M;9;0;0;606;12307;2374;
1082;Midtjylland;2020-06-19;M;2;0;0;606;12309;2374;
1081;Nordjylland;2020-06-19;M;1;0;0;606;12310;2374;
1085;Sjælland;2020-06-19;M;8;0;0;606;12318;2374;
1084;Hovedstaden;2020-06-20;F;19;0;0;606;12337;2374;
1081;Nordjylland;2020-06-20;F;2;0;0;606;12339;2374;
1085;Sjælland;2020-06-20;F;3;0;0;606;12342;2374;
1084;Hovedstaden;2020-06-20;M;12;0;0;606;12354;2374;
1082;Midtjylland;2020-06-20;M;2;0;0;606;12356;2374;
1085;Sjælland;2020-06-20;M;1;0;0;606;12357;2374;
1084;Hovedstaden;2020-06-21;F;16;0;0;606;12373;2374;
1081;Nordjylland;2020-06-21;F;1;0;1;606;12374;2375;
1083;Syddanmark;2020-06-21;F;2;0;0;606;12376;2375;
1084;Hovedstaden;2020-06-21;M;10;0;1;606;12386;2376;
1082;Midtjylland;2020-06-21;M;1;0;0;606;12387;2376;
1081;Nordjylland;2020-06-21;M;2;0;2;606;12389;2378;
1085;Sjælland;2020-06-21;M;1;0;0;606;12390;2378;
1084;Hovedstaden;2020-06-22;F;23;0;0;606;12413;2378;
1081;Nordjylland;2020-06-22;F;2;0;1;606;12415;2379;
1085;Sjælland;2020-06-22;F;2;1;1;607;12417;2380;
1084;Hovedstaden;2020-06-22;M;17;0;0;607;12434;2380;
1081;Nordjylland;2020-06-22;M;1;0;0;607;12435;2380;
1085;Sjælland;2020-06-22;M;1;0;1;607;12436;2381;
1084;Hovedstaden;2020-06-23;F;4;0;1;607;12440;2382;
1082;Midtjylland;2020-06-23;F;3;0;0;607;12443;2382;
1081;Nordjylland;2020-06-23;F;1;0;0;607;12444;2382;
1083;Syddanmark;2020-06-23;F;2;0;0;607;12446;2382;
1084;Hovedstaden;2020-06-23;M;4;0;0;607;12450;2382;
1082;Midtjylland;2020-06-23;M;1;0;0;607;12451;2382;
1081;Nordjylland;2020-06-23;M;3;0;1;607;12454;2383;
1085;Sjælland;2020-06-23;M;1;0;0;607;12455;2383;
1084;Hovedstaden;2020-06-24;F;9;0;2;607;12464;2385;
1082;Midtjylland;2020-06-24;F;2;0;0;607;12466;2385;
1081;Nordjylland;2020-06-24;F;7;0;1;607;12473;2386;
1085;Sjælland;2020-06-24;F;2;0;1;607;12475;2387;
1083;Syddanmark;2020-06-24;F;1;0;0;607;12476;2387;
1084;Hovedstaden;2020-06-24;M;6;0;1;607;12482;2388;
1082;Midtjylland;2020-06-24;M;1;0;0;607;12483;2388;
1081;Nordjylland;2020-06-24;M;10;0;4;607;12493;2392;
1085;Sjælland;2020-06-24;M;3;0;0;607;12496;2392;
1083;Syddanmark;2020-06-24;M;4;0;1;607;12500;2393;
1084;Hovedstaden;2020-06-25;F;12;0;0;607;12512;2393;
1082;Midtjylland;2020-06-25;F;3;0;0;607;12515;2393;
1081;Nordjylland;2020-06-25;F;2;0;0;607;12517;2393;
1084;Hovedstaden;2020-06-25;M;6;0;0;607;12523;2393;
1082;Midtjylland;2020-06-25;M;2;0;1;607;12525;2394;
1081;Nordjylland;2020-06-25;M;3;0;0;607;12528;2394;
1085;Sjælland;2020-06-25;M;1;0;1;607;12529;2395;
1083;Syddanmark;2020-06-25;M;1;0;0;607;12530;2395;
1084;Hovedstaden;2020-06-26;F;6;0;0;607;12536;2395;
1082;Midtjylland;2020-06-26;F;1;0;0;607;12537;2395;
1081;Nordjylland;2020-06-26;F;1;0;0;607;12538;2395;
1083;Syddanmark;2020-06-26;F;1;0;0;607;12539;2395;
1084;Hovedstaden;2020-06-26;M;7;0;1;607;12546;2396;
1082;Midtjylland;2020-06-26;M;2;0;0;607;12548;2396;
1081;Nordjylland;2020-06-26;M;1;0;0;607;12549;2396;
1085;Sjælland;2020-06-26;M;2;0;0;607;12551;2396;
1084;Hovedstaden;2020-06-27;F;2;0;0;607;12553;2396;
1082;Midtjylland;2020-06-27;F;1;0;1;607;12554;2397;
1081;Nordjylland;2020-06-27;F;4;0;1;607;12558;2398;
1084;Hovedstaden;2020-06-27;M;5;0;0;607;12563;2398;
1082;Midtjylland;2020-06-27;M;2;0;0;607;12565;2398;
1081;Nordjylland;2020-06-27;M;5;0;2;607;12570;2400;
1084;Hovedstaden;2020-06-28;F;3;0;0;607;12573;2400;
1082;Midtjylland;2020-06-28;F;2;0;0;607;12575;2400;
1081;Nordjylland;2020-06-28;F;1;0;0;607;12576;2400;
1084;Hovedstaden;2020-06-28;M;2;0;1;607;12578;2401;
1082;Midtjylland;2020-06-28;M;2;0;0;607;12580;2401;
1083;Syddanmark;2020-06-28;M;1;0;0;607;12581;2401;
1084;Hovedstaden;2020-06-29;F;11;0;0;607;12592;2401;
1082;Midtjylland;2020-06-29;F;1;0;0;607;12593;2401;
1081;Nordjylland;2020-06-29;F;1;0;0;607;12594;2401;
1083;Syddanmark;2020-06-29;F;2;0;0;607;12596;2401;
1084;Hovedstaden;2020-06-29;M;9;0;0;607;12605;2401;
1081;Nordjylland;2020-06-29;M;1;0;0;607;12606;2401;
1085;Sjælland;2020-06-29;M;2;0;0;607;12608;2401;
1084;Hovedstaden;2020-06-30;F;5;0;0;607;12613;2401;
1082;Midtjylland;2020-06-30;F;1;0;0;607;12614;2401;
1081;Nordjylland;2020-06-30;F;5;0;1;607;12619;2402;
1085;Sjælland;2020-06-30;F;3;0;0;607;12622;2402;
1083;Syddanmark;2020-06-30;F;1;0;0;607;12623;2402;
1084;Hovedstaden;2020-06-30;M;6;0;2;607;12629;2404;
1082;Midtjylland;2020-06-30;M;1;0;0;607;12630;2404;
1081;Nordjylland;2020-06-30;M;1;0;1;607;12631;2405;
1085;Sjælland;2020-06-30;M;2;0;0;607;12633;2405;
1084;Hovedstaden;2020-07-01;F;2;0;0;607;12635;2405;
1081;Nordjylland;2020-07-01;F;1;0;0;607;12636;2405;
1084;Hovedstaden;2020-07-01;M;4;0;1;607;12640;2406;
1082;Midtjylland;2020-07-01;M;2;0;0;607;12642;2406;
1081;Nordjylland;2020-07-01;M;1;0;0;607;12643;2406;
1084;Hovedstaden;2020-07-02;F;8;0;0;607;12651;2406;
1082;Midtjylland;2020-07-02;F;1;0;0;607;12652;2406;
1084;Hovedstaden;2020-07-02;M;6;1;1;608;12658;2407;
1084;Hovedstaden;2020-07-03;F;6;1;1;609;12664;2408;
1081;Nordjylland;2020-07-03;F;3;0;0;609;12667;2408;
1084;Hovedstaden;2020-07-03;M;6;0;0;609;12673;2408;
1082;Midtjylland;2020-07-03;M;1;0;0;609;12674;2408;
1081;Nordjylland;2020-07-03;M;2;0;0;609;12676;2408;
1085;Sjælland;2020-07-03;M;1;0;1;609;12677;2409;
1084;Hovedstaden;2020-07-04;F;2;0;0;609;12679;2409;
1084;Hovedstaden;2020-07-04;M;8;0;0;609;12687;2409;
1082;Midtjylland;2020-07-04;M;1;0;0;609;12688;2409;
1081;Nordjylland;2020-07-04;M;1;0;0;609;12689;2409;
1083;Syddanmark;2020-07-04;M;2;0;0;609;12691;2409;
1084;Hovedstaden;2020-07-05;F;8;1;2;610;12699;2411;
1084;Hovedstaden;2020-07-05;M;2;0;0;610;12701;2411;
1082;Midtjylland;2020-07-05;M;1;0;0;610;12702;2411;
1081;Nordjylland;2020-07-05;M;1;0;0;610;12703;2411;
1083;Syddanmark;2020-07-05;M;1;0;1;610;12704;2412;
1084;Hovedstaden;2020-07-06;F;2;0;1;610;12706;2413;
1081;Nordjylland;2020-07-06;F;1;0;0;610;12707;2413;
1085;Sjælland;2020-07-06;F;1;1;1;611;12708;2414;
1084;Hovedstaden;2020-07-06;M;4;0;0;611;12712;2414;
1081;Nordjylland;2020-07-06;M;1;0;0;611;12713;2414;
1085;Sjælland;2020-07-06;M;1;0;1;611;12714;2415;
1083;Syddanmark;2020-07-06;M;1;0;0;611;12715;2415;
1084;Hovedstaden;2020-07-07;F;1;0;0;611;12716;2415;
1082;Midtjylland;2020-07-07;F;1;0;0;611;12717;2415;
1081;Nordjylland;2020-07-07;F;1;0;0;611;12718;2415;
1083;Syddanmark;2020-07-07;F;1;0;0;611;12719;2415;
1084;Hovedstaden;2020-07-07;M;8;0;1;611;12727;2416;
1081;Nordjylland;2020-07-07;M;1;0;0;611;12728;2416;
1084;Hovedstaden;2020-07-08;F;10;0;0;611;12738;2416;
1081;Nordjylland;2020-07-08;F;3;0;1;611;12741;2417;
1085;Sjælland;2020-07-08;F;3;0;0;611;12744;2417;
1084;Hovedstaden;2020-07-08;M;9;0;0;611;12753;2417;
1082;Midtjylland;2020-07-08;M;1;0;0;611;12754;2417;
1083;Syddanmark;2020-07-08;M;1;0;0;611;12755;2417;
1084;Hovedstaden;2020-07-09;F;12;0;1;611;12767;2418;
1082;Midtjylland;2020-07-09;F;3;0;1;611;12770;2419;
1081;Nordjylland;2020-07-09;F;4;0;0;611;12774;2419;
1085;Sjælland;2020-07-09;F;5;0;1;611;12779;2420;
1084;Hovedstaden;2020-07-09;M;10;0;1;611;12789;2421;
1082;Midtjylland;2020-07-09;M;1;0;0;611;12790;2421;
1081;Nordjylland;2020-07-09;M;2;0;0;611;12792;2421;
1085;Sjælland;2020-07-09;M;4;0;0;611;12796;2421;
1084;Hovedstaden;2020-07-10;F;11;0;0;611;12807;2421;
1081;Nordjylland;2020-07-10;F;1;0;0;611;12808;2421;
1085;Sjælland;2020-07-10;F;1;0;0;611;12809;2421;
1083;Syddanmark;2020-07-10;F;1;0;0;611;12810;2421;
1084;Hovedstaden;2020-07-10;M;12;0;0;611;12822;2421;
1081;Nordjylland;2020-07-10;M;2;1;1;612;12824;2422;
1085;Sjælland;2020-07-10;M;3;0;0;612;12827;2422;
1083;Syddanmark;2020-07-10;M;2;0;0;612;12829;2422;
1084;Hovedstaden;2020-07-11;F;12;1;1;613;12841;2423;
1085;Sjælland;2020-07-11;F;1;0;0;613;12842;2423;
1083;Syddanmark;2020-07-11;F;2;0;0;613;12844;2423;
1084;Hovedstaden;2020-07-11;M;8;0;1;613;12852;2424;
1085;Sjælland;2020-07-11;M;1;0;0;613;12853;2424;
1084;Hovedstaden;2020-07-12;F;10;0;2;613;12863;2426;
1081;Nordjylland;2020-07-12;F;1;0;0;613;12864;2426;
1085;Sjælland;2020-07-12;F;1;0;0;613;12865;2426;
1084;Hovedstaden;2020-07-12;M;5;0;0;613;12870;2426;
1082;Midtjylland;2020-07-12;M;1;0;0;613;12871;2426;
1081;Nordjylland;2020-07-12;M;1;0;0;613;12872;2426;
1085;Sjælland;2020-07-12;M;4;0;0;613;12876;2426;
1084;Hovedstaden;2020-07-13;F;10;0;0;613;12886;2426;
1082;Midtjylland;2020-07-13;F;3;0;0;613;12889;2426;
1085;Sjælland;2020-07-13;F;8;0;4;613;12897;2430;
1083;Syddanmark;2020-07-13;F;1;0;0;613;12898;2430;
1084;Hovedstaden;2020-07-13;M;6;0;1;613;12904;2431;
1082;Midtjylland;2020-07-13;M;3;0;0;613;12907;2431;
1085;Sjælland;2020-07-13;M;2;0;0;613;12909;2431;
1083;Syddanmark;2020-07-13;M;1;0;0;613;12910;2431;
1084;Hovedstaden;2020-07-14;F;13;0;0;613;12923;2431;
1082;Midtjylland;2020-07-14;F;2;0;0;613;12925;2431;
1085;Sjælland;2020-07-14;F;2;0;0;613;12927;2431;
1083;Syddanmark;2020-07-14;F;2;0;0;613;12929;2431;
1084;Hovedstaden;2020-07-14;M;7;0;0;613;12936;2431;
1082;Midtjylland;2020-07-14;M;2;0;0;613;12938;2431;
1081;Nordjylland;2020-07-14;M;1;0;0;613;12939;2431;
1085;Sjælland;2020-07-14;M;3;0;0;613;12942;2431;
1083;Syddanmark;2020-07-14;M;2;0;0;613;12944;2431;
1084;Hovedstaden;2020-07-15;F;18;0;0;613;12962;2431;
1082;Midtjylland;2020-07-15;F;1;0;0;613;12963;2431;
1081;Nordjylland;2020-07-15;F;1;0;0;613;12964;2431;
1085;Sjælland;2020-07-15;F;2;0;0;613;12966;2431;
1083;Syddanmark;2020-07-15;F;1;0;0;613;12967;2431;
1084;Hovedstaden;2020-07-15;M;15;0;3;613;12982;2434;
1082;Midtjylland;2020-07-15;M;2;0;1;613;12984;2435;
1081;Nordjylland;2020-07-15;M;1;0;0;613;12985;2435;
1085;Sjælland;2020-07-15;M;2;0;1;613;12987;2436;
1083;Syddanmark;2020-07-15;M;1;0;0;613;12988;2436;
1084;Hovedstaden;2020-07-16;F;16;1;1;614;13004;2437;
1082;Midtjylland;2020-07-16;F;3;0;0;614;13007;2437;
1085;Sjælland;2020-07-16;F;3;0;0;614;13010;2437;
1083;Syddanmark;2020-07-16;F;4;0;0;614;13014;2437;
1084;Hovedstaden;2020-07-16;M;17;0;1;614;13031;2438;
1082;Midtjylland;2020-07-16;M;2;0;0;614;13033;2438;
1085;Sjælland;2020-07-16;M;6;0;0;614;13039;2438;
1083;Syddanmark;2020-07-16;M;1;0;0;614;13040;2438;
1084;Hovedstaden;2020-07-17;F;8;0;0;614;13048;2438;
1082;Midtjylland;2020-07-17;F;1;0;0;614;13049;2438;
1081;Nordjylland;2020-07-17;F;2;0;1;614;13051;2439;
1085;Sjælland;2020-07-17;F;5;0;0;614;13056;2439;
1084;Hovedstaden;2020-07-17;M;11;0;1;614;13067;2440;
1081;Nordjylland;2020-07-17;M;1;0;0;614;13068;2440;
1085;Sjælland;2020-07-17;M;5;0;0;614;13073;2440;
1084;Hovedstaden;2020-07-18;F;17;0;2;614;13090;2442;
1085;Sjælland;2020-07-18;F;7;0;0;614;13097;2442;
1084;Hovedstaden;2020-07-18;M;13;0;0;614;13110;2442;
1085;Sjælland;2020-07-18;M;6;0;1;614;13116;2443;
1084;Hovedstaden;2020-07-19;F;15;0;2;614;13131;2445;
1081;Nordjylland;2020-07-19;F;1;0;0;614;13132;2445;
1085;Sjælland;2020-07-19;F;3;0;0;614;13135;2445;
1084;Hovedstaden;2020-07-19;M;3;0;0;614;13138;2445;
1082;Midtjylland;2020-07-19;M;1;0;0;614;13139;2445;
1081;Nordjylland;2020-07-19;M;1;0;0;614;13140;2445;
1085;Sjælland;2020-07-19;M;4;0;1;614;13144;2446;
1084;Hovedstaden;2020-07-20;F;11;0;0;614;13155;2446;
1082;Midtjylland;2020-07-20;F;1;0;0;614;13156;2446;
1085;Sjælland;2020-07-20;F;4;0;0;614;13160;2446;
1083;Syddanmark;2020-07-20;F;1;0;0;614;13161;2446;
1084;Hovedstaden;2020-07-20;M;11;0;1;614;13172;2447;
1082;Midtjylland;2020-07-20;M;2;0;0;614;13174;2447;
1085;Sjælland;2020-07-20;M;3;0;0;614;13177;2447;
1084;Hovedstaden;2020-07-21;F;17;0;1;614;13194;2448;
1081;Nordjylland;2020-07-21;F;2;0;0;614;13196;2448;
1085;Sjælland;2020-07-21;F;3;0;0;614;13199;2448;
1084;Hovedstaden;2020-07-21;M;10;0;3;614;13209;2451;
1082;Midtjylland;2020-07-21;M;2;0;0;614;13211;2451;
1081;Nordjylland;2020-07-21;M;1;0;0;614;13212;2451;
1085;Sjælland;2020-07-21;M;1;0;0;614;13213;2451;
1084;Hovedstaden;2020-07-22;F;15;0;0;614;13228;2451;
1081;Nordjylland;2020-07-22;F;1;0;0;614;13229;2451;
1085;Sjælland;2020-07-22;F;2;0;0;614;13231;2451;
1083;Syddanmark;2020-07-22;F;1;0;0;614;13232;2451;
1084;Hovedstaden;2020-07-22;M;7;1;1;615;13239;2452;
1081;Nordjylland;2020-07-22;M;3;0;0;615;13242;2452;
1085;Sjælland;2020-07-22;M;5;0;0;615;13247;2452;
1083;Syddanmark;2020-07-22;M;1;0;1;615;13248;2453;
1084;Hovedstaden;2020-07-23;F;26;1;1;616;13274;2454;
1082;Midtjylland;2020-07-23;F;2;0;0;616;13276;2454;
1081;Nordjylland;2020-07-23;F;1;0;0;616;13277;2454;
1085;Sjælland;2020-07-23;F;2;0;0;616;13279;2454;
1083;Syddanmark;2020-07-23;F;4;0;0;616;13283;2454;
1084;Hovedstaden;2020-07-23;M;11;0;0;616;13294;2454;
1081;Nordjylland;2020-07-23;M;2;0;1;616;13296;2455;
1085;Sjælland;2020-07-23;M;3;0;1;616;13299;2456;
1083;Syddanmark;2020-07-23;M;1;0;0;616;13300;2456;
1084;Hovedstaden;2020-07-24;F;9;1;1;617;13309;2457;
1082;Midtjylland;2020-07-24;F;5;0;0;617;13314;2457;
1085;Sjælland;2020-07-24;F;1;0;0;617;13315;2457;
1083;Syddanmark;2020-07-24;F;2;0;1;617;13317;2458;
1084;Hovedstaden;2020-07-24;M;12;0;0;617;13329;2458;
1082;Midtjylland;2020-07-24;M;3;0;0;617;13332;2458;
1081;Nordjylland;2020-07-24;M;1;0;0;617;13333;2458;
1085;Sjælland;2020-07-24;M;1;0;0;617;13334;2458;
1083;Syddanmark;2020-07-24;M;2;0;1;617;13336;2459;
1084;Hovedstaden;2020-07-25;F;6;0;0;617;13342;2459;
1082;Midtjylland;2020-07-25;F;3;0;0;617;13345;2459;
1085;Sjælland;2020-07-25;F;5;0;0;617;13350;2459;
1083;Syddanmark;2020-07-25;F;2;0;0;617;13352;2459;
1084;Hovedstaden;2020-07-25;M;3;0;0;617;13355;2459;
1082;Midtjylland;2020-07-25;M;2;0;0;617;13357;2459;
1081;Nordjylland;2020-07-25;M;1;0;1;617;13358;2460;
1085;Sjælland;2020-07-25;M;4;1;2;618;13362;2462;
1083;Syddanmark;2020-07-25;M;1;0;0;618;13363;2462;
1084;Hovedstaden;2020-07-26;F;8;0;1;618;13371;2463;
1082;Midtjylland;2020-07-26;F;4;0;0;618;13375;2463;
1081;Nordjylland;2020-07-26;F;1;0;0;618;13376;2463;
1085;Sjælland;2020-07-26;F;2;0;1;618;13378;2464;
1083;Syddanmark;2020-07-26;F;3;0;0;618;13381;2464;
1084;Hovedstaden;2020-07-26;M;5;0;1;618;13386;2465;
1083;Syddanmark;2020-07-26;M;1;0;0;618;13387;2465;
1084;Hovedstaden;2020-07-27;F;9;0;0;618;13396;2465;
1082;Midtjylland;2020-07-27;F;3;0;0;618;13399;2465;
1081;Nordjylland;2020-07-27;F;1;0;0;618;13400;2465;
1085;Sjælland;2020-07-27;F;6;0;2;618;13406;2467;
1083;Syddanmark;2020-07-27;F;5;0;0;618;13411;2467;
1084;Hovedstaden;2020-07-27;M;14;0;0;618;13425;2467;
1082;Midtjylland;2020-07-27;M;3;0;0;618;13428;2467;
1081;Nordjylland;2020-07-27;M;1;0;0;618;13429;2467;
1085;Sjælland;2020-07-27;M;16;0;1;618;13445;2468;
1083;Syddanmark;2020-07-27;M;5;0;0;618;13450;2468;
1084;Hovedstaden;2020-07-28;F;6;0;0;618;13456;2468;
1082;Midtjylland;2020-07-28;F;8;0;0;618;13464;2468;
1081;Nordjylland;2020-07-28;F;2;0;0;618;13466;2468;
1085;Sjælland;2020-07-28;F;3;0;0;618;13469;2468;
1083;Syddanmark;2020-07-28;F;4;0;0;618;13473;2468;
1084;Hovedstaden;2020-07-28;M;24;0;0;618;13497;2468;
1082;Midtjylland;2020-07-28;M;4;0;0;618;13501;2468;
1081;Nordjylland;2020-07-28;M;2;0;0;618;13503;2468;
1085;Sjælland;2020-07-28;M;23;0;4;618;13526;2472;
1083;Syddanmark;2020-07-28;M;1;0;1;618;13527;2473;
1084;Hovedstaden;2020-07-29;F;9;0;2;618;13536;2475;
1082;Midtjylland;2020-07-29;F;4;0;1;618;13540;2476;
1081;Nordjylland;2020-07-29;F;1;0;0;618;13541;2476;
1085;Sjælland;2020-07-29;F;3;1;1;619;13544;2477;
1083;Syddanmark;2020-07-29;F;2;0;0;619;13546;2477;
1084;Hovedstaden;2020-07-29;M;14;0;1;619;13560;2478;
1082;Midtjylland;2020-07-29;M;6;0;2;619;13566;2480;
1081;Nordjylland;2020-07-29;M;4;0;0;619;13570;2480;
1085;Sjælland;2020-07-29;M;10;0;0;619;13580;2480;
1083;Syddanmark;2020-07-29;M;7;0;0;619;13587;2480;
1084;Hovedstaden;2020-07-30;F;12;0;0;619;13599;2480;
1082;Midtjylland;2020-07-30;F;14;0;0;619;13613;2480;
1081;Nordjylland;2020-07-30;F;2;0;0;619;13615;2480;
1085;Sjælland;2020-07-30;F;7;0;0;619;13622;2480;
1083;Syddanmark;2020-07-30;F;2;0;0;619;13624;2480;
1084;Hovedstaden;2020-07-30;M;14;0;1;619;13638;2481;
1082;Midtjylland;2020-07-30;M;7;0;1;619;13645;2482;
1081;Nordjylland;2020-07-30;M;2;0;0;619;13647;2482;
1085;Sjælland;2020-07-30;M;19;0;0;619;13666;2482;
1083;Syddanmark;2020-07-30;M;5;0;0;619;13671;2482;
1084;Hovedstaden;2020-07-31;F;9;0;0;619;13680;2482;
1082;Midtjylland;2020-07-31;F;5;0;0;619;13685;2482;
1081;Nordjylland;2020-07-31;F;2;0;0;619;13687;2482;
1085;Sjælland;2020-07-31;F;4;0;0;619;13691;2482;
1083;Syddanmark;2020-07-31;F;4;0;0;619;13695;2482;
1084;Hovedstaden;2020-07-31;M;4;0;0;619;13699;2482;
1082;Midtjylland;2020-07-31;M;13;0;1;619;13712;2483;
1081;Nordjylland;2020-07-31;M;1;0;0;619;13713;2483;
1085;Sjælland;2020-07-31;M;9;0;0;619;13722;2483;
1083;Syddanmark;2020-07-31;M;7;0;0;619;13729;2483;
1084;Hovedstaden;2020-08-01;F;4;0;0;619;13733;2483;
1082;Midtjylland;2020-08-01;F;7;1;1;620;13740;2484;
1081;Nordjylland;2020-08-01;F;1;0;0;620;13741;2484;
1085;Sjælland;2020-08-01;F;3;0;0;620;13744;2484;
1083;Syddanmark;2020-08-01;F;3;0;0;620;13747;2484;
1084;Hovedstaden;2020-08-01;M;7;0;0;620;13754;2484;
1082;Midtjylland;2020-08-01;M;23;0;0;620;13777;2484;
1081;Nordjylland;2020-08-01;M;3;0;0;620;13780;2484;
1085;Sjælland;2020-08-01;M;11;0;0;620;13791;2484;
1083;Syddanmark;2020-08-01;M;3;0;0;620;13794;2484;
1084;Hovedstaden;2020-08-02;F;12;0;0;620;13806;2484;
1082;Midtjylland;2020-08-02;F;14;0;0;620;13820;2484;
1081;Nordjylland;2020-08-02;F;2;0;0;620;13822;2484;
1085;Sjælland;2020-08-02;F;3;0;0;620;13825;2484;
1083;Syddanmark;2020-08-02;F;1;0;0;620;13826;2484;
1084;Hovedstaden;2020-08-02;M;9;0;0;620;13835;2484;
1082;Midtjylland;2020-08-02;M;25;0;2;620;13860;2486;
1081;Nordjylland;2020-08-02;M;4;0;0;620;13864;2486;
1085;Sjælland;2020-08-02;M;6;1;1;621;13870;2487;
1083;Syddanmark;2020-08-02;M;2;0;0;621;13872;2487;
1084;Hovedstaden;2020-08-03;F;9;0;0;621;13881;2487;
1082;Midtjylland;2020-08-03;F;24;0;1;621;13905;2488;
1081;Nordjylland;2020-08-03;F;3;0;0;621;13908;2488;
1085;Sjælland;2020-08-03;F;8;0;0;621;13916;2488;
1083;Syddanmark;2020-08-03;F;4;0;0;621;13920;2488;
1084;Hovedstaden;2020-08-03;M;12;0;0;621;13932;2488;
1082;Midtjylland;2020-08-03;M;29;0;2;621;13961;2490;
1081;Nordjylland;2020-08-03;M;2;0;0;621;13963;2490;
1085;Sjælland;2020-08-03;M;21;0;2;621;13984;2492;
1083;Syddanmark;2020-08-03;M;5;0;0;621;13989;2492;
1084;Hovedstaden;2020-08-04;F;14;0;0;621;14003;2492;
1082;Midtjylland;2020-08-04;F;21;0;0;621;14024;2492;
1081;Nordjylland;2020-08-04;F;3;0;0;621;14027;2492;
1085;Sjælland;2020-08-04;F;9;0;0;621;14036;2492;
1083;Syddanmark;2020-08-04;F;4;0;0;621;14040;2492;
1084;Hovedstaden;2020-08-04;M;11;0;1;621;14051;2493;
1082;Midtjylland;2020-08-04;M;38;0;1;621;14089;2494;
1081;Nordjylland;2020-08-04;M;1;0;0;621;14090;2494;
1085;Sjælland;2020-08-04;M;12;0;2;621;14102;2496;
1083;Syddanmark;2020-08-04;M;8;0;0;621;14110;2496;
1084;Hovedstaden;2020-08-05;F;14;0;0;621;14124;2496;
1082;Midtjylland;2020-08-05;F;25;0;2;621;14149;2498;
1081;Nordjylland;2020-08-05;F;2;0;0;621;14151;2498;
1085;Sjælland;2020-08-05;F;3;0;0;621;14154;2498;
1083;Syddanmark;2020-08-05;F;3;0;0;621;14157;2498;
1084;Hovedstaden;2020-08-05;M;15;0;1;621;14172;2499;
1082;Midtjylland;2020-08-05;M;41;0;2;621;14213;2501;
1081;Nordjylland;2020-08-05;M;2;0;0;621;14215;2501;
1085;Sjælland;2020-08-05;M;5;0;1;621;14220;2502;
1083;Syddanmark;2020-08-05;M;6;0;0;621;14226;2502;
1084;Hovedstaden;2020-08-06;F;13;0;2;621;14239;2504;
1082;Midtjylland;2020-08-06;F;37;0;1;621;14276;2505;
1081;Nordjylland;2020-08-06;F;3;0;0;621;14279;2505;
1085;Sjælland;2020-08-06;F;5;0;0;621;14284;2505;
1083;Syddanmark;2020-08-06;F;7;0;1;621;14291;2506;
1084;Hovedstaden;2020-08-06;M;22;0;2;621;14313;2508;
1082;Midtjylland;2020-08-06;M;50;0;2;621;14363;2510;
1081;Nordjylland;2020-08-06;M;1;0;0;621;14364;2510;
1085;Sjælland;2020-08-06;M;27;0;0;621;14391;2510;
1083;Syddanmark;2020-08-06;M;7;0;0;621;14398;2510;
1084;Hovedstaden;2020-08-07;F;13;0;1;621;14411;2511;
1082;Midtjylland;2020-08-07;F;46;0;2;621;14457;2513;
1081;Nordjylland;2020-08-07;F;2;0;0;621;14459;2513;
1085;Sjælland;2020-08-07;F;4;0;0;621;14463;2513;
1083;Syddanmark;2020-08-07;F;2;0;0;621;14465;2513;
1084;Hovedstaden;2020-08-07;M;7;0;0;621;14472;2513;
1082;Midtjylland;2020-08-07;M;60;0;0;621;14532;2513;
1081;Nordjylland;2020-08-07;M;2;0;0;621;14534;2513;
1085;Sjælland;2020-08-07;M;3;0;0;621;14537;2513;
1083;Syddanmark;2020-08-07;M;2;0;0;621;14539;2513;
1084;Hovedstaden;2020-08-08;F;11;0;0;621;14550;2513;
1082;Midtjylland;2020-08-08;F;26;1;2;622;14576;2515;
1081;Nordjylland;2020-08-08;F;1;0;0;622;14577;2515;
1085;Sjælland;2020-08-08;F;5;0;0;622;14582;2515;
1083;Syddanmark;2020-08-08;F;1;0;0;622;14583;2515;
1084;Hovedstaden;2020-08-08;M;8;0;0;622;14591;2515;
1082;Midtjylland;2020-08-08;M;31;0;1;622;14622;2516;
1081;Nordjylland;2020-08-08;M;1;0;0;622;14623;2516;
1085;Sjælland;2020-08-08;M;3;0;1;622;14626;2517;
1083;Syddanmark;2020-08-08;M;2;0;0;622;14628;2517;
1084;Hovedstaden;2020-08-09;F;14;0;0;622;14642;2517;
1082;Midtjylland;2020-08-09;F;32;0;0;622;14674;2517;
1081;Nordjylland;2020-08-09;F;5;0;0;622;14679;2517;
1085;Sjælland;2020-08-09;F;2;0;0;622;14681;2517;
1083;Syddanmark;2020-08-09;F;6;0;0;622;14687;2517;
1084;Hovedstaden;2020-08-09;M;28;0;1;622;14715;2518;
1082;Midtjylland;2020-08-09;M;33;0;1;622;14748;2519;
1081;Nordjylland;2020-08-09;M;4;0;0;622;14752;2519;
1085;Sjælland;2020-08-09;M;2;0;0;622;14754;2519;
1083;Syddanmark;2020-08-09;M;4;0;0;622;14758;2519;
1084;Hovedstaden;2020-08-10;F;18;0;0;622;14776;2519;
1082;Midtjylland;2020-08-10;F;37;0;0;622;14813;2519;
1081;Nordjylland;2020-08-10;F;2;0;0;622;14815;2519;
1085;Sjælland;2020-08-10;F;6;0;1;622;14821;2520;
1083;Syddanmark;2020-08-10;F;3;0;0;622;14824;2520;
1084;Hovedstaden;2020-08-10;M;27;0;0;622;14851;2520;
1082;Midtjylland;2020-08-10;M;43;0;0;622;14894;2520;
1081;Nordjylland;2020-08-10;M;5;0;0;622;14899;2520;
1085;Sjælland;2020-08-10;M;4;0;0;622;14903;2520;
1083;Syddanmark;2020-08-10;M;9;0;0;622;14912;2520;
1084;Hovedstaden;2020-08-11;F;19;0;0;622;14931;2520;
1082;Midtjylland;2020-08-11;F;26;0;1;622;14957;2521;
1081;Nordjylland;2020-08-11;F;2;0;0;622;14959;2521;
1085;Sjælland;2020-08-11;F;7;0;0;622;14966;2521;
1083;Syddanmark;2020-08-11;F;5;0;0;622;14971;2521;
1084;Hovedstaden;2020-08-11;M;22;0;0;622;14993;2521;
1082;Midtjylland;2020-08-11;M;41;0;1;622;15034;2522;
1085;Sjælland;2020-08-11;M;11;0;2;622;15045;2524;
1083;Syddanmark;2020-08-11;M;4;0;0;622;15049;2524;
1084;Hovedstaden;2020-08-12;F;22;0;4;622;15071;2528;
1082;Midtjylland;2020-08-12;F;33;0;2;622;15104;2530;
1081;Nordjylland;2020-08-12;F;9;0;0;622;15113;2530;
1085;Sjælland;2020-08-12;F;1;0;0;622;15114;2530;
1083;Syddanmark;2020-08-12;F;3;0;0;622;15117;2530;
1084;Hovedstaden;2020-08-12;M;27;0;0;622;15144;2530;
1082;Midtjylland;2020-08-12;M;48;0;0;622;15192;2530;
1081;Nordjylland;2020-08-12;M;10;0;2;622;15202;2532;
1085;Sjælland;2020-08-12;M;4;0;1;622;15206;2533;
1083;Syddanmark;2020-08-12;M;5;0;0;622;15211;2533;
1084;Hovedstaden;2020-08-13;F;15;0;0;622;15226;2533;
1082;Midtjylland;2020-08-13;F;30;0;0;622;15256;2533;
1081;Nordjylland;2020-08-13;F;3;0;1;622;15259;2534;
1085;Sjælland;2020-08-13;F;1;0;0;622;15260;2534;
1083;Syddanmark;2020-08-13;F;4;0;0;622;15264;2534;
1084;Hovedstaden;2020-08-13;M;20;0;0;622;15284;2534;
1082;Midtjylland;2020-08-13;M;30;0;0;622;15314;2534;
1081;Nordjylland;2020-08-13;M;5;1;1;623;15319;2535;
1085;Sjælland;2020-08-13;M;1;0;0;623;15320;2535;
1083;Syddanmark;2020-08-13;M;8;0;0;623;15328;2535;
1084;Hovedstaden;2020-08-14;F;26;0;0;623;15354;2535;
1082;Midtjylland;2020-08-14;F;14;0;0;623;15368;2535;
1081;Nordjylland;2020-08-14;F;5;0;0;623;15373;2535;
1085;Sjælland;2020-08-14;F;3;0;0;623;15376;2535;
1083;Syddanmark;2020-08-14;F;3;0;0;623;15379;2535;
1084;Hovedstaden;2020-08-14;M;23;1;1;624;15402;2536;
1082;Midtjylland;2020-08-14;M;16;0;1;624;15418;2537;
1081;Nordjylland;2020-08-14;M;3;0;0;624;15421;2537;
1085;Sjælland;2020-08-14;M;11;0;0;624;15432;2537;
1083;Syddanmark;2020-08-14;M;7;0;0;624;15439;2537;
1084;Hovedstaden;2020-08-15;F;12;0;0;624;15451;2537;
1082;Midtjylland;2020-08-15;F;46;0;2;624;15497;2539;
1081;Nordjylland;2020-08-15;F;5;0;0;624;15502;2539;
1085;Sjælland;2020-08-15;F;4;0;0;624;15506;2539;
1083;Syddanmark;2020-08-15;F;8;0;1;624;15514;2540;
1084;Hovedstaden;2020-08-15;M;13;0;0;624;15527;2540;
1082;Midtjylland;2020-08-15;M;33;0;0;624;15560;2540;
1081;Nordjylland;2020-08-15;M;1;0;0;624;15561;2540;
1085;Sjælland;2020-08-15;M;2;0;0;624;15563;2540;
1083;Syddanmark;2020-08-15;M;3;0;0;624;15566;2540;
1084;Hovedstaden;2020-08-16;F;15;0;0;624;15581;2540;
1082;Midtjylland;2020-08-16;F;17;0;1;624;15598;2541;
1081;Nordjylland;2020-08-16;F;4;0;0;624;15602;2541;
1085;Sjælland;2020-08-16;F;4;0;0;624;15606;2541;
1083;Syddanmark;2020-08-16;F;4;0;0;624;15610;2541;
1084;Hovedstaden;2020-08-16;M;15;0;1;624;15625;2542;
1082;Midtjylland;2020-08-16;M;15;0;0;624;15640;2542;
1081;Nordjylland;2020-08-16;M;6;1;1;625;15646;2543;
1085;Sjælland;2020-08-16;M;3;0;0;625;15649;2543;
1083;Syddanmark;2020-08-16;M;7;0;0;625;15656;2543;
1084;Hovedstaden;2020-08-17;F;10;0;1;625;15666;2544;
1082;Midtjylland;2020-08-17;F;26;0;0;625;15692;2544;
1081;Nordjylland;2020-08-17;F;4;0;0;625;15696;2544;
1085;Sjælland;2020-08-17;F;3;0;1;625;15699;2545;
1083;Syddanmark;2020-08-17;F;5;0;0;625;15704;2545;
1084;Hovedstaden;2020-08-17;M;20;0;0;625;15724;2545;
1082;Midtjylland;2020-08-17;M;17;0;1;625;15741;2546;
1081;Nordjylland;2020-08-17;M;4;0;0;625;15745;2546;
1085;Sjælland;2020-08-17;M;3;0;0;625;15748;2546;
1083;Syddanmark;2020-08-17;M;5;0;0;625;15753;2546;
1084;Hovedstaden;2020-08-18;F;16;1;1;626;15769;2547;
1082;Midtjylland;2020-08-18;F;19;0;0;626;15788;2547;
1081;Nordjylland;2020-08-18;F;4;0;0;626;15792;2547;
1085;Sjælland;2020-08-18;F;8;0;1;626;15800;2548;
1083;Syddanmark;2020-08-18;F;4;0;0;626;15804;2548;
1084;Hovedstaden;2020-08-18;M;24;0;0;626;15828;2548;
1082;Midtjylland;2020-08-18;M;22;0;0;626;15850;2548;
1081;Nordjylland;2020-08-18;M;3;1;1;627;15853;2549;
1085;Sjælland;2020-08-18;M;6;0;0;627;15859;2549;
1083;Syddanmark;2020-08-18;M;6;0;0;627;15865;2549;
1084;Hovedstaden;2020-08-19;F;11;0;1;627;15876;2550;
1082;Midtjylland;2020-08-19;F;12;0;0;627;15888;2550;
1081;Nordjylland;2020-08-19;F;6;0;0;627;15894;2550;
1085;Sjælland;2020-08-19;F;1;0;0;627;15895;2550;
1083;Syddanmark;2020-08-19;F;7;1;1;628;15902;2551;
1084;Hovedstaden;2020-08-19;M;23;0;0;628;15925;2551;
1082;Midtjylland;2020-08-19;M;15;0;0;628;15940;2551;
1081;Nordjylland;2020-08-19;M;2;0;0;628;15942;2551;
1085;Sjælland;2020-08-19;M;3;0;0;628;15945;2551;
1083;Syddanmark;2020-08-19;M;6;0;0;628;15951;2551;
1084;Hovedstaden;2020-08-20;F;10;0;1;628;15961;2552;
1082;Midtjylland;2020-08-20;F;15;0;1;628;15976;2553;
1081;Nordjylland;2020-08-20;F;1;0;0;628;15977;2553;
1085;Sjælland;2020-08-20;F;4;0;0;628;15981;2553;
1083;Syddanmark;2020-08-20;F;4;0;0;628;15985;2553;
1084;Hovedstaden;2020-08-20;M;15;0;1;628;16000;2554;
1082;Midtjylland;2020-08-20;M;16;0;1;628;16016;2555;
1081;Nordjylland;2020-08-20;M;3;0;0;628;16019;2555;
1085;Sjælland;2020-08-20;M;7;0;1;628;16026;2556;
1083;Syddanmark;2020-08-20;M;7;0;0;628;16033;2556;
1084;Hovedstaden;2020-08-21;F;6;0;0;628;16039;2556;
1082;Midtjylland;2020-08-21;F;14;0;0;628;16053;2556;
1081;Nordjylland;2020-08-21;F;4;0;1;628;16057;2557;
1085;Sjælland;2020-08-21;F;3;0;0;628;16060;2557;
1083;Syddanmark;2020-08-21;F;5;0;0;628;16065;2557;
1084;Hovedstaden;2020-08-21;M;23;0;0;628;16088;2557;
1082;Midtjylland;2020-08-21;M;13;0;0;628;16101;2557;
1081;Nordjylland;2020-08-21;M;3;0;0;628;16104;2557;
1085;Sjælland;2020-08-21;M;2;0;0;628;16106;2557;
1083;Syddanmark;2020-08-21;M;10;0;0;628;16116;2557;
1084;Hovedstaden;2020-08-22;F;18;0;0;628;16134;2557;
1082;Midtjylland;2020-08-22;F;17;0;0;628;16151;2557;
1081;Nordjylland;2020-08-22;F;4;0;0;628;16155;2557;
1085;Sjælland;2020-08-22;F;2;0;0;628;16157;2557;
1083;Syddanmark;2020-08-22;F;11;0;1;628;16168;2558;
1084;Hovedstaden;2020-08-22;M;11;0;0;628;16179;2558;
1082;Midtjylland;2020-08-22;M;12;0;0;628;16191;2558;
1081;Nordjylland;2020-08-22;M;2;0;1;628;16193;2559;
1085;Sjælland;2020-08-22;M;3;0;2;628;16196;2561;
1083;Syddanmark;2020-08-22;M;8;0;1;628;16204;2562;
1084;Hovedstaden;2020-08-23;F;11;0;0;628;16215;2562;
1082;Midtjylland;2020-08-23;F;13;0;0;628;16228;2562;
1081;Nordjylland;2020-08-23;F;6;0;0;628;16234;2562;
1085;Sjælland;2020-08-23;F;1;0;0;628;16235;2562;
1083;Syddanmark;2020-08-23;F;7;0;0;628;16242;2562;
1084;Hovedstaden;2020-08-23;M;12;0;1;628;16254;2563;
1082;Midtjylland;2020-08-23;M;10;0;0;628;16264;2563;
1081;Nordjylland;2020-08-23;M;2;1;1;629;16266;2564;
1085;Sjælland;2020-08-23;M;3;0;0;629;16269;2564;
1083;Syddanmark;2020-08-23;M;8;0;0;629;16277;2564;
1084;Hovedstaden;2020-08-24;F;11;0;0;629;16288;2564;
1082;Midtjylland;2020-08-24;F;15;0;0;629;16303;2564;
1081;Nordjylland;2020-08-24;F;3;0;0;629;16306;2564;
1085;Sjælland;2020-08-24;F;2;0;0;629;16308;2564;
1083;Syddanmark;2020-08-24;F;4;0;0;629;16312;2564;
1084;Hovedstaden;2020-08-24;M;14;0;2;629;16326;2566;
1082;Midtjylland;2020-08-24;M;14;0;2;629;16340;2568;
1081;Nordjylland;2020-08-24;M;3;0;0;629;16343;2568;
1085;Sjælland;2020-08-24;M;4;0;0;629;16347;2568;
1083;Syddanmark;2020-08-24;M;2;0;0;629;16349;2568;
1084;Hovedstaden;2020-08-25;F;13;0;1;629;16362;2569;
1082;Midtjylland;2020-08-25;F;10;0;0;629;16372;2569;
1081;Nordjylland;2020-08-25;F;4;0;0;629;16376;2569;
1085;Sjælland;2020-08-25;F;3;0;0;629;16379;2569;
1083;Syddanmark;2020-08-25;F;6;0;0;629;16385;2569;
1084;Hovedstaden;2020-08-25;M;25;0;1;629;16410;2570;
1082;Midtjylland;2020-08-25;M;12;0;1;629;16422;2571;
1081;Nordjylland;2020-08-25;M;5;0;0;629;16427;2571;
1085;Sjælland;2020-08-25;M;1;0;0;629;16428;2571;
1083;Syddanmark;2020-08-25;M;4;0;0;629;16432;2571;
1084;Hovedstaden;2020-08-26;F;20;0;1;629;16452;2572;
1082;Midtjylland;2020-08-26;F;9;0;0;629;16461;2572;
1081;Nordjylland;2020-08-26;F;1;0;0;629;16462;2572;
1085;Sjælland;2020-08-26;F;4;0;0;629;16466;2572;
1083;Syddanmark;2020-08-26;F;4;0;0;629;16470;2572;
1084;Hovedstaden;2020-08-26;M;16;0;0;629;16486;2572;
1082;Midtjylland;2020-08-26;M;11;0;0;629;16497;2572;
1081;Nordjylland;2020-08-26;M;3;0;1;629;16500;2573;
1085;Sjælland;2020-08-26;M;6;0;2;629;16506;2575;
1083;Syddanmark;2020-08-26;M;6;0;0;629;16512;2575;
1084;Hovedstaden;2020-08-27;F;7;0;0;629;16519;2575;
1082;Midtjylland;2020-08-27;F;10;0;0;629;16529;2575;
1081;Nordjylland;2020-08-27;F;1;0;0;629;16530;2575;
1085;Sjælland;2020-08-27;F;2;0;0;629;16532;2575;
1083;Syddanmark;2020-08-27;F;6;0;0;629;16538;2575;
1084;Hovedstaden;2020-08-27;M;16;0;1;629;16554;2576;
1082;Midtjylland;2020-08-27;M;10;0;0;629;16564;2576;
1081;Nordjylland;2020-08-27;M;3;0;0;629;16567;2576;
1085;Sjælland;2020-08-27;M;5;0;0;629;16572;2576;
1083;Syddanmark;2020-08-27;M;9;0;0;629;16581;2576;
1084;Hovedstaden;2020-08-28;F;18;0;0;629;16599;2576;
1082;Midtjylland;2020-08-28;F;13;0;1;629;16612;2577;
1081;Nordjylland;2020-08-28;F;4;0;1;629;16616;2578;
1085;Sjælland;2020-08-28;F;4;0;1;629;16620;2579;
1083;Syddanmark;2020-08-28;F;7;0;0;629;16627;2579;
1084;Hovedstaden;2020-08-28;M;24;0;1;629;16651;2580;
1082;Midtjylland;2020-08-28;M;12;0;0;629;16663;2580;
1081;Nordjylland;2020-08-28;M;5;0;1;629;16668;2581;
1085;Sjælland;2020-08-28;M;5;0;0;629;16673;2581;
1083;Syddanmark;2020-08-28;M;15;0;0;629;16688;2581;
1084;Hovedstaden;2020-08-29;F;16;0;2;629;16704;2583;
1082;Midtjylland;2020-08-29;F;6;0;0;629;16710;2583;
1081;Nordjylland;2020-08-29;F;5;0;0;629;16715;2583;
1085;Sjælland;2020-08-29;F;1;0;0;629;16716;2583;
1083;Syddanmark;2020-08-29;F;10;0;0;629;16726;2583;
1084;Hovedstaden;2020-08-29;M;22;0;2;629;16748;2585;
1082;Midtjylland;2020-08-29;M;12;0;1;629;16760;2586;
1081;Nordjylland;2020-08-29;M;6;0;0;629;16766;2586;
1085;Sjælland;2020-08-29;M;1;0;0;629;16767;2586;
1083;Syddanmark;2020-08-29;M;4;0;0;629;16771;2586;
1084;Hovedstaden;2020-08-30;F;23;0;2;629;16794;2588;
1082;Midtjylland;2020-08-30;F;11;0;1;629;16805;2589;
1081;Nordjylland;2020-08-30;F;3;0;0;629;16808;2589;
1085;Sjælland;2020-08-30;F;1;0;0;629;16809;2589;
1083;Syddanmark;2020-08-30;F;11;0;1;629;16820;2590;
1084;Hovedstaden;2020-08-30;M;28;0;2;629;16848;2592;
1082;Midtjylland;2020-08-30;M;12;0;0;629;16860;2592;
1081;Nordjylland;2020-08-30;M;3;0;0;629;16863;2592;
1085;Sjælland;2020-08-30;M;4;0;0;629;16867;2592;
1083;Syddanmark;2020-08-30;M;8;0;0;629;16875;2592;
1084;Hovedstaden;2020-08-31;F;31;0;0;629;16906;2592;
1082;Midtjylland;2020-08-31;F;11;0;0;629;16917;2592;
1085;Sjælland;2020-08-31;F;2;0;0;629;16919;2592;
1083;Syddanmark;2020-08-31;F;14;0;1;629;16933;2593;
1084;Hovedstaden;2020-08-31;M;36;0;0;629;16969;2593;
1082;Midtjylland;2020-08-31;M;8;0;1;629;16977;2594;
1081;Nordjylland;2020-08-31;M;3;0;0;629;16980;2594;
1085;Sjælland;2020-08-31;M;7;0;0;629;16987;2594;
1083;Syddanmark;2020-08-31;M;8;0;1;629;16995;2595;
1084;Hovedstaden;2020-09-01;F;39;0;0;629;17034;2595;
1082;Midtjylland;2020-09-01;F;19;0;0;629;17053;2595;
1081;Nordjylland;2020-09-01;F;3;0;0;629;17056;2595;
1085;Sjælland;2020-09-01;F;6;0;0;629;17062;2595;
1083;Syddanmark;2020-09-01;F;26;0;1;629;17088;2596;
1084;Hovedstaden;2020-09-01;M;52;0;1;629;17140;2597;
1082;Midtjylland;2020-09-01;M;13;0;0;629;17153;2597;
1081;Nordjylland;2020-09-01;M;4;0;0;629;17157;2597;
1085;Sjælland;2020-09-01;M;10;0;0;629;17167;2597;
1083;Syddanmark;2020-09-01;M;25;0;2;629;17192;2599;
1084;Hovedstaden;2020-09-02;F;37;0;2;629;17229;2601;
1082;Midtjylland;2020-09-02;F;6;0;0;629;17235;2601;
1081;Nordjylland;2020-09-02;F;3;0;0;629;17238;2601;
1085;Sjælland;2020-09-02;F;5;0;0;629;17243;2601;
1083;Syddanmark;2020-09-02;F;18;0;0;629;17261;2601;
1084;Hovedstaden;2020-09-02;M;48;0;4;629;17309;2605;
1082;Midtjylland;2020-09-02;M;11;0;1;629;17320;2606;
1081;Nordjylland;2020-09-02;M;1;0;0;629;17321;2606;
1085;Sjælland;2020-09-02;M;9;0;0;629;17330;2606;
1083;Syddanmark;2020-09-02;M;18;0;1;629;17348;2607;
1084;Hovedstaden;2020-09-03;F;53;0;2;629;17401;2609;
1082;Midtjylland;2020-09-03;F;10;0;1;629;17411;2610;
1081;Nordjylland;2020-09-03;F;4;0;0;629;17415;2610;
1085;Sjælland;2020-09-03;F;6;0;0;629;17421;2610;
1083;Syddanmark;2020-09-03;F;20;0;0;629;17441;2610;
1084;Hovedstaden;2020-09-03;M;62;0;2;629;17503;2612;
1082;Midtjylland;2020-09-03;M;6;0;1;629;17509;2613;
1081;Nordjylland;2020-09-03;M;7;0;0;629;17516;2613;
1085;Sjælland;2020-09-03;M;9;0;1;629;17525;2614;
1083;Syddanmark;2020-09-03;M;15;0;0;629;17540;2614;
1084;Hovedstaden;2020-09-04;F;68;1;2;630;17608;2616;
1082;Midtjylland;2020-09-04;F;10;0;0;630;17618;2616;
1081;Nordjylland;2020-09-04;F;8;0;0;630;17626;2616;
1085;Sjælland;2020-09-04;F;8;0;1;630;17634;2617;
1083;Syddanmark;2020-09-04;F;12;0;0;630;17646;2617;
1084;Hovedstaden;2020-09-04;M;46;1;1;631;17692;2618;
1082;Midtjylland;2020-09-04;M;11;0;2;631;17703;2620;
1081;Nordjylland;2020-09-04;M;7;0;1;631;17710;2621;
1085;Sjælland;2020-09-04;M;15;0;1;631;17725;2622;
1083;Syddanmark;2020-09-04;M;14;0;0;631;17739;2622;
1084;Hovedstaden;2020-09-05;F;49;0;3;631;17788;2625;
1082;Midtjylland;2020-09-05;F;8;0;0;631;17796;2625;
1081;Nordjylland;2020-09-05;F;4;0;2;631;17800;2627;
1085;Sjælland;2020-09-05;F;5;0;0;631;17805;2627;
1083;Syddanmark;2020-09-05;F;25;0;0;631;17830;2627;
1084;Hovedstaden;2020-09-05;M;55;1;1;632;17885;2628;
1082;Midtjylland;2020-09-05;M;6;0;1;632;17891;2629;
1081;Nordjylland;2020-09-05;M;8;0;0;632;17899;2629;
1085;Sjælland;2020-09-05;M;12;0;0;632;17911;2629;
1083;Syddanmark;2020-09-05;M;27;0;2;632;17938;2631;
1084;Hovedstaden;2020-09-06;F;89;1;2;633;18027;2633;
1082;Midtjylland;2020-09-06;F;13;0;1;633;18040;2634;
1081;Nordjylland;2020-09-06;F;7;0;0;633;18047;2634;
1085;Sjælland;2020-09-06;F;9;0;1;633;18056;2635;
1083;Syddanmark;2020-09-06;F;9;0;0;633;18065;2635;
1084;Hovedstaden;2020-09-06;M;62;0;3;633;18127;2638;
1082;Midtjylland;2020-09-06;M;5;0;0;633;18132;2638;
1081;Nordjylland;2020-09-06;M;9;0;1;633;18141;2639;
1085;Sjælland;2020-09-06;M;9;0;0;633;18150;2639;
1083;Syddanmark;2020-09-06;M;10;0;0;633;18160;2639;
1084;Hovedstaden;2020-09-07;F;79;0;2;633;18239;2641;
1082;Midtjylland;2020-09-07;F;14;0;2;633;18253;2643;
1081;Nordjylland;2020-09-07;F;16;0;2;633;18269;2645;
1085;Sjælland;2020-09-07;F;41;0;2;633;18310;2647;
1083;Syddanmark;2020-09-07;F;13;0;0;633;18323;2647;
1084;Hovedstaden;2020-09-07;M;79;1;2;634;18402;2649;
1082;Midtjylland;2020-09-07;M;6;0;0;634;18408;2649;
1081;Nordjylland;2020-09-07;M;11;0;0;634;18419;2649;
1085;Sjælland;2020-09-07;M;25;0;1;634;18444;2650;
1083;Syddanmark;2020-09-07;M;11;0;0;634;18455;2650;
1084;Hovedstaden;2020-09-08;F;75;0;2;634;18530;2652;
1082;Midtjylland;2020-09-08;F;26;0;2;634;18556;2654;
1081;Nordjylland;2020-09-08;F;11;0;1;634;18567;2655;
1085;Sjælland;2020-09-08;F;25;0;1;634;18592;2656;
1083;Syddanmark;2020-09-08;F;32;0;0;634;18624;2656;
1084;Hovedstaden;2020-09-08;M;82;0;2;634;18706;2658;
1082;Midtjylland;2020-09-08;M;15;0;0;634;18721;2658;
1081;Nordjylland;2020-09-08;M;13;1;1;635;18734;2659;
1085;Sjælland;2020-09-08;M;25;0;0;635;18759;2659;
1083;Syddanmark;2020-09-08;M;23;1;2;636;18782;2661;
1084;Hovedstaden;2020-09-09;F;67;0;2;636;18849;2663;
1082;Midtjylland;2020-09-09;F;16;0;1;636;18865;2664;
1081;Nordjylland;2020-09-09;F;14;0;0;636;18879;2664;
1085;Sjælland;2020-09-09;F;7;0;0;636;18886;2664;
1083;Syddanmark;2020-09-09;F;30;0;0;636;18916;2664;
1084;Hovedstaden;2020-09-09;M;90;1;5;637;19006;2669;
1082;Midtjylland;2020-09-09;M;12;0;1;637;19018;2670;
1081;Nordjylland;2020-09-09;M;15;0;0;637;19033;2670;
1085;Sjælland;2020-09-09;M;17;0;1;637;19050;2671;
1083;Syddanmark;2020-09-09;M;25;0;2;637;19075;2673;
1084;Hovedstaden;2020-09-10;F;101;2;4;639;19176;2677;
1082;Midtjylland;2020-09-10;F;8;0;0;639;19184;2677;
1081;Nordjylland;2020-09-10;F;18;0;0;639;19202;2677;
1085;Sjælland;2020-09-10;F;30;0;0;639;19232;2677;
1083;Syddanmark;2020-09-10;F;35;0;1;639;19267;2678;
1084;Hovedstaden;2020-09-10;M;96;2;6;641;19363;2684;
1082;Midtjylland;2020-09-10;M;20;0;0;641;19383;2684;
1081;Nordjylland;2020-09-10;M;19;1;1;642;19402;2685;
1085;Sjælland;2020-09-10;M;20;0;0;642;19422;2685;
1083;Syddanmark;2020-09-10;M;20;0;2;642;19442;2687;
1084;Hovedstaden;2020-09-11;F;93;1;3;643;19535;2690;
1082;Midtjylland;2020-09-11;F;28;0;0;643;19563;2690;
1081;Nordjylland;2020-09-11;F;21;0;1;643;19584;2691;
1085;Sjælland;2020-09-11;F;10;0;0;643;19594;2691;
1083;Syddanmark;2020-09-11;F;21;0;0;643;19615;2691;
1084;Hovedstaden;2020-09-11;M;76;0;4;643;19691;2695;
1082;Midtjylland;2020-09-11;M;43;0;5;643;19734;2700;
1081;Nordjylland;2020-09-11;M;22;0;0;643;19756;2700;
1085;Sjælland;2020-09-11;M;11;0;0;643;19767;2700;
1083;Syddanmark;2020-09-11;M;21;0;1;643;19788;2701;
1084;Hovedstaden;2020-09-12;F;89;0;1;643;19877;2702;
1082;Midtjylland;2020-09-12;F;14;0;1;643;19891;2703;
1081;Nordjylland;2020-09-12;F;12;0;0;643;19903;2703;
1085;Sjælland;2020-09-12;F;11;0;0;643;19914;2703;
1083;Syddanmark;2020-09-12;F;20;0;0;643;19934;2703;
1084;Hovedstaden;2020-09-12;M;85;2;4;645;20019;2707;
1082;Midtjylland;2020-09-12;M;15;0;0;645;20034;2707;
1081;Nordjylland;2020-09-12;M;19;1;1;646;20053;2708;
1085;Sjælland;2020-09-12;M;12;0;0;646;20065;2708;
1083;Syddanmark;2020-09-12;M;24;0;1;646;20089;2709;
1084;Hovedstaden;2020-09-13;F;83;0;5;646;20172;2714;
1082;Midtjylland;2020-09-13;F;7;0;0;646;20179;2714;
1081;Nordjylland;2020-09-13;F;19;0;0;646;20198;2714;
1085;Sjælland;2020-09-13;F;8;1;0;647;20206;2714;
1083;Syddanmark;2020-09-13;F;20;0;0;647;20226;2714;
1084;Hovedstaden;2020-09-13;M;88;1;1;648;20314;2715;
1082;Midtjylland;2020-09-13;M;9;0;0;648;20323;2715;
1081;Nordjylland;2020-09-13;M;23;0;3;648;20346;2718;
1085;Sjælland;2020-09-13;M;9;0;0;648;20355;2718;
1083;Syddanmark;2020-09-13;M;32;1;1;649;20387;2719;
1084;Hovedstaden;2020-09-14;F;115;0;2;649;20502;2721;
1082;Midtjylland;2020-09-14;F;18;0;0;649;20520;2721;
1081;Nordjylland;2020-09-14;F;19;0;1;649;20539;2722;
1085;Sjælland;2020-09-14;F;16;0;2;649;20555;2724;
1083;Syddanmark;2020-09-14;F;20;0;1;649;20575;2725;
1084;Hovedstaden;2020-09-14;M;108;0;4;649;20683;2729;
1082;Midtjylland;2020-09-14;M;18;0;1;649;20701;2730;
1081;Nordjylland;2020-09-14;M;29;1;1;650;20730;2731;
1085;Sjælland;2020-09-14;M;15;0;0;650;20745;2731;
1083;Syddanmark;2020-09-14;M;23;0;1;650;20768;2732;
1084;Hovedstaden;2020-09-15;F;136;0;6;650;20904;2738;
1082;Midtjylland;2020-09-15;F;22;0;3;650;20926;2741;
1081;Nordjylland;2020-09-15;F;32;0;2;650;20958;2743;
1085;Sjælland;2020-09-15;F;17;0;0;650;20975;2743;
1083;Syddanmark;2020-09-15;F;29;0;1;650;21004;2744;
1084;Hovedstaden;2020-09-15;M;104;0;4;650;21108;2748;
1082;Midtjylland;2020-09-15;M;25;0;3;650;21133;2751;
1081;Nordjylland;2020-09-15;M;29;0;1;650;21162;2752;
1085;Sjælland;2020-09-15;M;20;0;2;650;21182;2754;
1083;Syddanmark;2020-09-15;M;21;0;0;650;21203;2754;
1084;Hovedstaden;2020-09-16;F;151;2;9;652;21354;2763;
1082;Midtjylland;2020-09-16;F;29;0;1;652;21383;2764;
1081;Nordjylland;2020-09-16;F;38;0;0;652;21421;2764;
1085;Sjælland;2020-09-16;F;31;0;0;652;21452;2764;
1083;Syddanmark;2020-09-16;F;33;0;0;652;21485;2764;
1084;Hovedstaden;2020-09-16;M;157;1;7;653;21642;2771;
1082;Midtjylland;2020-09-16;M;34;0;2;653;21676;2773;
1081;Nordjylland;2020-09-16;M;28;1;2;654;21704;2775;
1085;Sjælland;2020-09-16;M;16;0;1;654;21720;2776;
1083;Syddanmark;2020-09-16;M;35;0;2;654;21755;2778;
1084;Hovedstaden;2020-09-17;F;144;1;4;655;21899;2782;
1082;Midtjylland;2020-09-17;F;32;0;1;655;21931;2783;
1081;Nordjylland;2020-09-17;F;13;0;1;655;21944;2784;
1085;Sjælland;2020-09-17;F;23;0;1;655;21967;2785;
1083;Syddanmark;2020-09-17;F;27;0;0;655;21994;2785;
1084;Hovedstaden;2020-09-17;M;170;0;2;655;22164;2787;
1082;Midtjylland;2020-09-17;M;29;0;0;655;22193;2787;
1081;Nordjylland;2020-09-17;M;24;1;4;656;22217;2791;
1085;Sjælland;2020-09-17;M;21;0;0;656;22238;2791;
1083;Syddanmark;2020-09-17;M;35;0;1;656;22273;2792;
1084;Hovedstaden;2020-09-18;F;133;1;5;657;22406;2797;
1082;Midtjylland;2020-09-18;F;37;0;1;657;22443;2798;
1081;Nordjylland;2020-09-18;F;21;0;0;657;22464;2798;
1085;Sjælland;2020-09-18;F;21;0;0;657;22485;2798;
1083;Syddanmark;2020-09-18;F;29;0;3;657;22514;2801;
1084;Hovedstaden;2020-09-18;M;127;0;4;657;22641;2805;
1082;Midtjylland;2020-09-18;M;32;0;1;657;22673;2806;
1081;Nordjylland;2020-09-18;M;25;0;1;657;22698;2807;
1085;Sjælland;2020-09-18;M;27;0;1;657;22725;2808;
1083;Syddanmark;2020-09-18;M;23;0;0;657;22748;2808;
1084;Hovedstaden;2020-09-19;F;114;1;6;658;22862;2814;
1082;Midtjylland;2020-09-19;F;23;0;1;658;22885;2815;
1081;Nordjylland;2020-09-19;F;14;0;1;658;22899;2816;
1085;Sjælland;2020-09-19;F;20;0;1;658;22919;2817;
1083;Syddanmark;2020-09-19;F;35;0;1;658;22954;2818;
1084;Hovedstaden;2020-09-19;M;114;0;2;658;23068;2820;
1082;Midtjylland;2020-09-19;M;26;0;0;658;23094;2820;
1081;Nordjylland;2020-09-19;M;17;0;2;658;23111;2822;
1085;Sjælland;2020-09-19;M;28;0;2;658;23139;2824;
1083;Syddanmark;2020-09-19;M;25;0;1;658;23164;2825;
1084;Hovedstaden;2020-09-20;F;104;2;5;660;23268;2830;
1082;Midtjylland;2020-09-20;F;21;0;1;660;23289;2831;
1081;Nordjylland;2020-09-20;F;24;0;1;660;23313;2832;
1085;Sjælland;2020-09-20;F;24;0;0;660;23337;2832;
1083;Syddanmark;2020-09-20;F;20;0;2;660;23357;2834;
1084;Hovedstaden;2020-09-20;M;122;0;5;660;23479;2839;
1082;Midtjylland;2020-09-20;M;30;0;1;660;23509;2840;
1081;Nordjylland;2020-09-20;M;18;0;1;660;23527;2841;
1085;Sjælland;2020-09-20;M;22;0;0;660;23549;2841;
1083;Syddanmark;2020-09-20;M;22;0;1;660;23571;2842;
1084;Hovedstaden;2020-09-21;F;137;0;5;660;23708;2847;
1082;Midtjylland;2020-09-21;F;42;0;2;660;23750;2849;
1081;Nordjylland;2020-09-21;F;22;0;1;660;23772;2850;
1085;Sjælland;2020-09-21;F;34;0;1;660;23806;2851;
1083;Syddanmark;2020-09-21;F;30;0;1;660;23836;2852;
1084;Hovedstaden;2020-09-21;M;161;0;1;660;23997;2853;
1082;Midtjylland;2020-09-21;M;23;0;0;660;24020;2853;
1081;Nordjylland;2020-09-21;M;36;0;0;660;24056;2853;
1085;Sjælland;2020-09-21;M;22;0;1;660;24078;2854;
1083;Syddanmark;2020-09-21;M;28;0;0;660;24106;2854;
1084;Hovedstaden;2020-09-22;F;153;1;5;661;24259;2859;
1082;Midtjylland;2020-09-22;F;50;0;0;661;24309;2859;
1081;Nordjylland;2020-09-22;F;21;0;0;661;24330;2859;
1085;Sjælland;2020-09-22;F;29;0;0;661;24359;2859;
1083;Syddanmark;2020-09-22;F;34;0;1;661;24393;2860;
1084;Hovedstaden;2020-09-22;M;148;2;6;663;24541;2866;
1082;Midtjylland;2020-09-22;M;43;0;1;663;24584;2867;
1081;Nordjylland;2020-09-22;M;32;0;0;663;24616;2867;
1085;Sjælland;2020-09-22;M;39;0;2;663;24655;2869;
1083;Syddanmark;2020-09-22;M;38;1;3;664;24693;2872;
1084;Hovedstaden;2020-09-23;F;144;1;6;665;24837;2878;
1082;Midtjylland;2020-09-23;F;52;0;2;665;24889;2880;
1081;Nordjylland;2020-09-23;F;24;0;0;665;24913;2880;
1085;Sjælland;2020-09-23;F;49;0;2;665;24962;2882;
1083;Syddanmark;2020-09-23;F;39;0;0;665;25001;2882;
1084;Hovedstaden;2020-09-23;M;155;0;4;665;25156;2886;
1082;Midtjylland;2020-09-23;M;72;0;4;665;25228;2890;
1081;Nordjylland;2020-09-23;M;25;0;0;665;25253;2890;
1085;Sjælland;2020-09-23;M;47;2;5;667;25300;2895;
1083;Syddanmark;2020-09-23;M;45;0;1;667;25345;2896;
1084;Hovedstaden;2020-09-24;F;142;0;3;667;25487;2899;
1082;Midtjylland;2020-09-24;F;58;0;3;667;25545;2902;
1081;Nordjylland;2020-09-24;F;20;0;0;667;25565;2902;
1085;Sjælland;2020-09-24;F;40;0;1;667;25605;2903;
1083;Syddanmark;2020-09-24;F;43;0;4;667;25648;2907;
1084;Hovedstaden;2020-09-24;M;146;1;7;668;25794;2914;
1082;Midtjylland;2020-09-24;M;55;1;0;669;25849;2914;
1081;Nordjylland;2020-09-24;M;18;0;0;669;25867;2914;
1085;Sjælland;2020-09-24;M;40;0;2;669;25907;2916;
1083;Syddanmark;2020-09-24;M;37;0;5;669;25944;2921;
1084;Hovedstaden;2020-09-25;F;103;0;5;669;26047;2926;
1082;Midtjylland;2020-09-25;F;52;0;2;669;26099;2928;
1081;Nordjylland;2020-09-25;F;13;0;1;669;26112;2929;
1085;Sjælland;2020-09-25;F;31;0;2;669;26143;2931;
1083;Syddanmark;2020-09-25;F;40;0;0;669;26183;2931;
1084;Hovedstaden;2020-09-25;M;104;1;3;670;26287;2934;
1082;Midtjylland;2020-09-25;M;52;0;0;670;26339;2934;
1081;Nordjylland;2020-09-25;M;27;0;0;670;26366;2934;
1085;Sjælland;2020-09-25;M;34;0;2;670;26400;2936;
1083;Syddanmark;2020-09-25;M;32;0;1;670;26432;2937;
1084;Hovedstaden;2020-09-26;F;84;0;3;670;26516;2940;
1082;Midtjylland;2020-09-26;F;50;0;0;670;26566;2940;
1081;Nordjylland;2020-09-26;F;15;0;1;670;26581;2941;
1085;Sjælland;2020-09-26;F;30;0;2;670;26611;2943;
1083;Syddanmark;2020-09-26;F;18;0;1;670;26629;2944;
1084;Hovedstaden;2020-09-26;M;95;0;2;670;26724;2946;
1082;Midtjylland;2020-09-26;M;42;0;1;670;26766;2947;
1081;Nordjylland;2020-09-26;M;17;0;0;670;26783;2947;
1085;Sjælland;2020-09-26;M;24;0;2;670;26807;2949;
1083;Syddanmark;2020-09-26;M;20;0;0;670;26827;2949;
1084;Hovedstaden;2020-09-27;F;103;0;3;670;26930;2952;
1082;Midtjylland;2020-09-27;F;47;0;0;670;26977;2952;
1081;Nordjylland;2020-09-27;F;9;0;0;670;26986;2952;
1085;Sjælland;2020-09-27;F;23;0;0;670;27009;2952;
1083;Syddanmark;2020-09-27;F;14;0;0;670;27023;2952;
1084;Hovedstaden;2020-09-27;M;81;0;3;670;27104;2955;
1082;Midtjylland;2020-09-27;M;32;0;2;670;27136;2957;
1081;Nordjylland;2020-09-27;M;13;1;2;671;27149;2959;
1085;Sjælland;2020-09-27;M;16;0;0;671;27165;2959;
1083;Syddanmark;2020-09-27;M;21;0;0;671;27186;2959;
1084;Hovedstaden;2020-09-28;F;118;0;4;671;27304;2963;
1082;Midtjylland;2020-09-28;F;52;0;1;671;27356;2964;
1081;Nordjylland;2020-09-28;F;15;0;0;671;27371;2964;
1085;Sjælland;2020-09-28;F;28;0;0;671;27399;2964;
1083;Syddanmark;2020-09-28;F;33;0;2;671;27432;2966;
1084;Hovedstaden;2020-09-28;M;94;1;3;672;27526;2969;
1082;Midtjylland;2020-09-28;M;57;0;3;672;27583;2972;
1081;Nordjylland;2020-09-28;M;25;0;0;672;27608;2972;
1085;Sjælland;2020-09-28;M;35;0;1;672;27643;2973;
1083;Syddanmark;2020-09-28;M;26;0;2;672;27669;2975;
1084;Hovedstaden;2020-09-29;F;100;0;1;672;27769;2976;
1082;Midtjylland;2020-09-29;F;56;0;4;672;27825;2980;
1081;Nordjylland;2020-09-29;F;17;0;0;672;27842;2980;
1085;Sjælland;2020-09-29;F;28;0;0;672;27870;2980;
1083;Syddanmark;2020-09-29;F;27;1;1;673;27897;2981;
1084;Hovedstaden;2020-09-29;M;91;0;3;673;27988;2984;
1082;Midtjylland;2020-09-29;M;51;1;2;674;28039;2986;
1081;Nordjylland;2020-09-29;M;27;0;1;674;28066;2987;
1085;Sjælland;2020-09-29;M;24;0;1;674;28090;2988;
1083;Syddanmark;2020-09-29;M;29;0;1;674;28119;2989;
1084;Hovedstaden;2020-09-30;F;97;0;2;674;28216;2991;
1082;Midtjylland;2020-09-30;F;46;0;0;674;28262;2991;
1081;Nordjylland;2020-09-30;F;13;0;0;674;28275;2991;
1085;Sjælland;2020-09-30;F;28;0;3;674;28303;2994;
1083;Syddanmark;2020-09-30;F;20;0;1;674;28323;2995;
1084;Hovedstaden;2020-09-30;M;78;0;3;674;28401;2998;
1082;Midtjylland;2020-09-30;M;48;0;1;674;28449;2999;
1081;Nordjylland;2020-09-30;M;26;0;0;674;28475;2999;
1085;Sjælland;2020-09-30;M;31;0;0;674;28506;2999;
1083;Syddanmark;2020-09-30;M;46;0;1;674;28552;3000;
1084;Hovedstaden;2020-10-01;F;90;0;2;674;28642;3002;
1082;Midtjylland;2020-10-01;F;54;0;0;674;28696;3002;
1081;Nordjylland;2020-10-01;F;20;2;2;676;28716;3004;
1085;Sjælland;2020-10-01;F;30;0;0;676;28746;3004;
1083;Syddanmark;2020-10-01;F;25;1;0;677;28771;3004;
1084;Hovedstaden;2020-10-01;M;74;0;2;677;28845;3006;
1082;Midtjylland;2020-10-01;M;54;1;3;678;28899;3009;
1081;Nordjylland;2020-10-01;M;21;1;2;679;28920;3011;
1085;Sjælland;2020-10-01;M;26;0;0;679;28946;3011;
1083;Syddanmark;2020-10-01;M;33;0;2;679;28979;3013;
1084;Hovedstaden;2020-10-02;F;74;0;3;679;29053;3016;
1082;Midtjylland;2020-10-02;F;39;0;2;679;29092;3018;
1081;Nordjylland;2020-10-02;F;19;0;1;679;29111;3019;
1085;Sjælland;2020-10-02;F;21;0;0;679;29132;3019;
1083;Syddanmark;2020-10-02;F;20;0;0;679;29152;3019;
1084;Hovedstaden;2020-10-02;M;67;0;2;679;29219;3021;
1082;Midtjylland;2020-10-02;M;62;1;2;680;29281;3023;
1081;Nordjylland;2020-10-02;M;17;0;0;680;29298;3023;
1085;Sjælland;2020-10-02;M;20;0;1;680;29318;3024;
1083;Syddanmark;2020-10-02;M;27;0;0;680;29345;3024;
1084;Hovedstaden;2020-10-03;F;79;0;0;680;29424;3024;
1082;Midtjylland;2020-10-03;F;27;0;0;680;29451;3024;
1081;Nordjylland;2020-10-03;F;12;0;0;680;29463;3024;
1085;Sjælland;2020-10-03;F;17;0;0;680;29480;3024;
1083;Syddanmark;2020-10-03;F;29;0;0;680;29509;3024;
1084;Hovedstaden;2020-10-03;M;67;0;0;680;29576;3024;
1082;Midtjylland;2020-10-03;M;43;0;3;680;29619;3027;
1081;Nordjylland;2020-10-03;M;19;0;0;680;29638;3027;
1085;Sjælland;2020-10-03;M;15;0;0;680;29653;3027;
1083;Syddanmark;2020-10-03;M;30;0;0;680;29683;3027;
1084;Hovedstaden;2020-10-04;F;63;0;5;680;29746;3032;
1082;Midtjylland;2020-10-04;F;29;0;1;680;29775;3033;
1081;Nordjylland;2020-10-04;F;11;0;0;680;29786;3033;
1085;Sjælland;2020-10-04;F;13;0;0;680;29799;3033;
1083;Syddanmark;2020-10-04;F;21;1;0;681;29820;3033;
1084;Hovedstaden;2020-10-04;M;83;0;3;681;29903;3036;
1082;Midtjylland;2020-10-04;M;29;0;2;681;29932;3038;
1081;Nordjylland;2020-10-04;M;19;0;1;681;29951;3039;
1085;Sjælland;2020-10-04;M;17;0;2;681;29968;3041;
1083;Syddanmark;2020-10-04;M;21;0;1;681;29989;3042;
1084;Hovedstaden;2020-10-05;F;90;1;4;682;30079;3046;
1082;Midtjylland;2020-10-05;F;55;0;0;682;30134;3046;
1081;Nordjylland;2020-10-05;F;19;0;0;682;30153;3046;
1085;Sjælland;2020-10-05;F;24;0;1;682;30177;3047;
1083;Syddanmark;2020-10-05;F;33;0;0;682;30210;3047;
1084;Hovedstaden;2020-10-05;M;72;2;6;684;30282;3053;
1082;Midtjylland;2020-10-05;M;50;0;3;684;30332;3056;
1081;Nordjylland;2020-10-05;M;41;0;1;684;30373;3057;
1085;Sjælland;2020-10-05;M;17;0;1;684;30390;3058;
1083;Syddanmark;2020-10-05;M;28;0;0;684;30418;3058;
1084;Hovedstaden;2020-10-06;F;91;1;2;685;30509;3060;
1082;Midtjylland;2020-10-06;F;35;0;1;685;30544;3061;
1081;Nordjylland;2020-10-06;F;15;0;1;685;30559;3062;
1085;Sjælland;2020-10-06;F;19;0;0;685;30578;3062;
1083;Syddanmark;2020-10-06;F;23;0;1;685;30601;3063;
1084;Hovedstaden;2020-10-06;M;103;0;3;685;30704;3066;
1082;Midtjylland;2020-10-06;M;73;0;2;685;30777;3068;
1081;Nordjylland;2020-10-06;M;16;0;1;685;30793;3069;
1085;Sjælland;2020-10-06;M;21;0;1;685;30814;3070;
1083;Syddanmark;2020-10-06;M;30;0;1;685;30844;3071;
1084;Hovedstaden;2020-10-07;F;80;3;5;688;30924;3076;
1082;Midtjylland;2020-10-07;F;47;0;2;688;30971;3078;
1081;Nordjylland;2020-10-07;F;24;0;0;688;30995;3078;
1085;Sjælland;2020-10-07;F;18;0;0;688;31013;3078;
1083;Syddanmark;2020-10-07;F;32;1;1;689;31045;3079;
1084;Hovedstaden;2020-10-07;M;78;1;4;690;31123;3083;
1082;Midtjylland;2020-10-07;M;105;0;3;690;31228;3086;
1081;Nordjylland;2020-10-07;M;25;0;0;690;31253;3086;
1085;Sjælland;2020-10-07;M;19;0;1;690;31272;3087;
1083;Syddanmark;2020-10-07;M;24;2;1;692;31296;3088;
1084;Hovedstaden;2020-10-08;F;73;0;1;692;31369;3089;
1082;Midtjylland;2020-10-08;F;67;0;2;692;31436;3091;
1081;Nordjylland;2020-10-08;F;20;0;0;692;31456;3091;
1085;Sjælland;2020-10-08;F;15;1;2;693;31471;3093;
1083;Syddanmark;2020-10-08;F;27;0;0;693;31498;3093;
1084;Hovedstaden;2020-10-08;M;80;0;3;693;31578;3096;
1082;Midtjylland;2020-10-08;M;70;0;2;693;31648;3098;
1081;Nordjylland;2020-10-08;M;30;0;2;693;31678;3100;
1085;Sjælland;2020-10-08;M;13;0;0;693;31691;3100;
1083;Syddanmark;2020-10-08;M;28;0;1;693;31719;3101;
1084;Hovedstaden;2020-10-09;F;72;1;3;694;31791;3104;
1082;Midtjylland;2020-10-09;F;55;0;4;694;31846;3108;
1081;Nordjylland;2020-10-09;F;22;0;0;694;31868;3108;
1085;Sjælland;2020-10-09;F;16;0;0;694;31884;3108;
1083;Syddanmark;2020-10-09;F;34;0;0;694;31918;3108;
1084;Hovedstaden;2020-10-09;M;80;0;3;694;31998;3111;
1082;Midtjylland;2020-10-09;M;61;0;2;694;32059;3113;
1081;Nordjylland;2020-10-09;M;21;0;0;694;32080;3113;
1085;Sjælland;2020-10-09;M;14;0;1;694;32094;3114;
1083;Syddanmark;2020-10-09;M;37;2;3;696;32131;3117;
1084;Hovedstaden;2020-10-10;F;48;0;3;696;32179;3120;
1082;Midtjylland;2020-10-10;F;39;0;0;696;32218;3120;
1081;Nordjylland;2020-10-10;F;14;0;1;696;32232;3121;
1085;Sjælland;2020-10-10;F;13;0;0;696;32245;3121;
1083;Syddanmark;2020-10-10;F;16;0;0;696;32261;3121;
1084;Hovedstaden;2020-10-10;M;60;0;4;696;32321;3125;
1082;Midtjylland;2020-10-10;M;48;0;2;696;32369;3127;
1081;Nordjylland;2020-10-10;M;18;0;1;696;32387;3128;
1085;Sjælland;2020-10-10;M;12;0;1;696;32399;3129;
1083;Syddanmark;2020-10-10;M;13;0;0;696;32412;3129;
1084;Hovedstaden;2020-10-11;F;53;1;6;697;32465;3135;
1082;Midtjylland;2020-10-11;F;34;0;0;697;32499;3135;
1081;Nordjylland;2020-10-11;F;12;0;0;697;32511;3135;
1085;Sjælland;2020-10-11;F;16;0;0;697;32527;3135;
1083;Syddanmark;2020-10-11;F;18;0;0;697;32545;3135;
1084;Hovedstaden;2020-10-11;M;44;0;1;697;32589;3136;
1082;Midtjylland;2020-10-11;M;32;0;2;697;32621;3138;
1081;Nordjylland;2020-10-11;M;18;1;1;698;32639;3139;
1085;Sjælland;2020-10-11;M;13;0;0;698;32652;3139;
1083;Syddanmark;2020-10-11;M;15;0;2;698;32667;3141;
1084;Hovedstaden;2020-10-12;F;65;1;3;699;32732;3144;
1082;Midtjylland;2020-10-12;F;62;1;3;700;32794;3147;
1081;Nordjylland;2020-10-12;F;21;0;0;700;32815;3147;
1085;Sjælland;2020-10-12;F;17;0;2;700;32832;3149;
1083;Syddanmark;2020-10-12;F;39;0;2;700;32871;3151;
1084;Hovedstaden;2020-10-12;M;76;1;3;701;32947;3154;
1082;Midtjylland;2020-10-12;M;66;0;2;701;33013;3156;
1081;Nordjylland;2020-10-12;M;24;0;3;701;33037;3159;
1085;Sjælland;2020-10-12;M;53;0;2;701;33090;3161;
1083;Syddanmark;2020-10-12;M;33;1;4;702;33123;3165;
1084;Hovedstaden;2020-10-13;F;88;0;3;702;33211;3168;
1082;Midtjylland;2020-10-13;F;42;0;5;702;33253;3173;
1081;Nordjylland;2020-10-13;F;21;1;0;703;33274;3173;
1085;Sjælland;2020-10-13;F;13;0;1;703;33287;3174;
1083;Syddanmark;2020-10-13;F;44;0;4;703;33331;3178;
1084;Hovedstaden;2020-10-13;M;69;1;3;704;33400;3181;
1082;Midtjylland;2020-10-13;M;53;0;0;704;33453;3181;
1081;Nordjylland;2020-10-13;M;34;0;0;704;33487;3181;
1085;Sjælland;2020-10-13;M;11;0;0;704;33498;3181;
1083;Syddanmark;2020-10-13;M;50;1;1;705;33548;3182;
1084;Hovedstaden;2020-10-14;F;98;0;4;705;33646;3186;
1082;Midtjylland;2020-10-14;F;46;0;1;705;33692;3187;
1081;Nordjylland;2020-10-14;F;31;1;1;706;33723;3188;
1085;Sjælland;2020-10-14;F;11;0;0;706;33734;3188;
1083;Syddanmark;2020-10-14;F;34;0;0;706;33768;3188;
1084;Hovedstaden;2020-10-14;M;103;2;5;708;33871;3193;
1082;Midtjylland;2020-10-14;M;50;1;2;709;33921;3195;
1081;Nordjylland;2020-10-14;M;31;1;3;710;33952;3198;
1085;Sjælland;2020-10-14;M;25;0;0;710;33977;3198;
1083;Syddanmark;2020-10-14;M;40;0;2;710;34017;3200;
1084;Hovedstaden;2020-10-15;F;95;0;4;710;34112;3204;
1082;Midtjylland;2020-10-15;F;54;0;1;710;34166;3205;
1081;Nordjylland;2020-10-15;F;18;0;0;710;34184;3205;
1085;Sjælland;2020-10-15;F;13;0;1;710;34197;3206;
1083;Syddanmark;2020-10-15;F;38;0;3;710;34235;3209;
1084;Hovedstaden;2020-10-15;M;87;1;7;711;34322;3216;
1082;Midtjylland;2020-10-15;M;58;0;3;711;34380;3219;
1081;Nordjylland;2020-10-15;M;15;0;0;711;34395;3219;
1085;Sjælland;2020-10-15;M;26;0;1;711;34421;3220;
1083;Syddanmark;2020-10-15;M;47;0;1;711;34468;3221;
1084;Hovedstaden;2020-10-16;F;107;1;4;712;34575;3225;
1082;Midtjylland;2020-10-16;F;60;0;1;712;34635;3226;
1081;Nordjylland;2020-10-16;F;28;0;0;712;34663;3226;
1085;Sjælland;2020-10-16;F;25;0;0;712;34688;3226;
1083;Syddanmark;2020-10-16;F;32;0;1;712;34720;3227;
1084;Hovedstaden;2020-10-16;M;81;1;3;713;34801;3230;
1082;Midtjylland;2020-10-16;M;45;0;1;713;34846;3231;
1081;Nordjylland;2020-10-16;M;21;1;1;714;34867;3232;
1085;Sjælland;2020-10-16;M;22;0;3;714;34889;3235;
1083;Syddanmark;2020-10-16;M;45;0;4;714;34934;3239;
1084;Hovedstaden;2020-10-17;F;103;0;6;714;35037;3245;
1082;Midtjylland;2020-10-17;F;36;0;1;714;35073;3246;
1081;Nordjylland;2020-10-17;F;21;0;0;714;35094;3246;
1085;Sjælland;2020-10-17;F;12;0;0;714;35106;3246;
1083;Syddanmark;2020-10-17;F;40;0;0;714;35146;3246;
1084;Hovedstaden;2020-10-17;M;114;0;6;714;35260;3252;
1082;Midtjylland;2020-10-17;M;39;0;2;714;35299;3254;
1081;Nordjylland;2020-10-17;M;21;0;2;714;35320;3256;
1085;Sjælland;2020-10-17;M;16;0;0;714;35336;3256;
1083;Syddanmark;2020-10-17;M;29;0;0;714;35365;3256;
1084;Hovedstaden;2020-10-18;F;103;0;6;714;35468;3262;
1082;Midtjylland;2020-10-18;F;39;0;2;714;35507;3264;
1081;Nordjylland;2020-10-18;F;19;0;1;714;35526;3265;
1085;Sjælland;2020-10-18;F;20;0;0;714;35546;3265;
1083;Syddanmark;2020-10-18;F;44;0;1;714;35590;3266;
1084;Hovedstaden;2020-10-18;M;123;0;8;714;35713;3274;
1082;Midtjylland;2020-10-18;M;32;0;3;714;35745;3277;
1081;Nordjylland;2020-10-18;M;24;1;3;715;35769;3280;
1085;Sjælland;2020-10-18;M;15;0;0;715;35784;3280;
1083;Syddanmark;2020-10-18;M;33;2;3;717;35817;3283;
1084;Hovedstaden;2020-10-19;F;144;0;4;717;35961;3287;
1082;Midtjylland;2020-10-19;F;66;2;2;719;36027;3289;
1081;Nordjylland;2020-10-19;F;37;1;1;720;36064;3290;
1085;Sjælland;2020-10-19;F;32;0;0;720;36096;3290;
1083;Syddanmark;2020-10-19;F;51;0;2;720;36147;3292;
1084;Hovedstaden;2020-10-19;M;149;1;4;721;36296;3296;
1082;Midtjylland;2020-10-19;M;74;0;0;721;36370;3296;
1081;Nordjylland;2020-10-19;M;35;0;0;721;36405;3296;
1085;Sjælland;2020-10-19;M;36;0;1;721;36441;3297;
1083;Syddanmark;2020-10-19;M;64;0;2;721;36505;3299;
1084;Hovedstaden;2020-10-20;F;155;0;3;721;36660;3302;
1082;Midtjylland;2020-10-20;F;80;0;2;721;36740;3304;
1081;Nordjylland;2020-10-20;F;43;1;2;722;36783;3306;
1085;Sjælland;2020-10-20;F;34;0;3;722;36817;3309;
1083;Syddanmark;2020-10-20;F;58;0;5;722;36875;3314;
1084;Hovedstaden;2020-10-20;M;162;2;7;724;37037;3321;
1082;Midtjylland;2020-10-20;M;111;0;3;724;37148;3324;
1081;Nordjylland;2020-10-20;M;41;2;0;726;37189;3324;
1085;Sjælland;2020-10-20;M;36;0;2;726;37225;3326;
1083;Syddanmark;2020-10-20;M;59;0;3;726;37284;3329;
1084;Hovedstaden;2020-10-21;F;152;1;5;727;37436;3334;
1082;Midtjylland;2020-10-21;F;115;0;5;727;37551;3339;
1081;Nordjylland;2020-10-21;F;45;0;1;727;37596;3340;
1085;Sjælland;2020-10-21;F;37;0;2;727;37633;3342;
1083;Syddanmark;2020-10-21;F;46;0;0;727;37679;3342;
1084;Hovedstaden;2020-10-21;M;178;2;7;729;37857;3349;
1082;Midtjylland;2020-10-21;M;119;0;3;729;37976;3352;
1081;Nordjylland;2020-10-21;M;47;1;1;730;38023;3353;
1085;Sjælland;2020-10-21;M;39;0;0;730;38062;3353;
1083;Syddanmark;2020-10-21;M;70;0;0;730;38132;3353;
1084;Hovedstaden;2020-10-22;F;202;2;9;732;38334;3362;
1082;Midtjylland;2020-10-22;F;76;1;1;733;38410;3363;
1081;Nordjylland;2020-10-22;F;49;0;0;733;38459;3363;
1085;Sjælland;2020-10-22;F;36;0;1;733;38495;3364;
1083;Syddanmark;2020-10-22;F;58;0;2;733;38553;3366;
1084;Hovedstaden;2020-10-22;M;205;1;8;734;38758;3374;
1082;Midtjylland;2020-10-22;M;74;0;3;734;38832;3377;
1081;Nordjylland;2020-10-22;M;53;0;1;734;38885;3378;
1085;Sjælland;2020-10-22;M;39;0;0;734;38924;3378;
1083;Syddanmark;2020-10-22;M;73;1;3;735;38997;3381;
1084;Hovedstaden;2020-10-23;F;181;0;8;735;39178;3389;
1082;Midtjylland;2020-10-23;F;74;0;0;735;39252;3389;
1081;Nordjylland;2020-10-23;F;54;0;0;735;39306;3389;
1085;Sjælland;2020-10-23;F;37;0;0;735;39343;3389;
1083;Syddanmark;2020-10-23;F;56;0;1;735;39399;3390;
1084;Hovedstaden;2020-10-23;M;189;0;3;735;39588;3393;
1082;Midtjylland;2020-10-23;M;100;0;1;735;39688;3394;
1081;Nordjylland;2020-10-23;M;63;0;3;735;39751;3397;
1085;Sjælland;2020-10-23;M;42;0;3;735;39793;3400;
1083;Syddanmark;2020-10-23;M;64;0;4;735;39857;3404;
1084;Hovedstaden;2020-10-24;F;186;2;5;737;40043;3409;
1082;Midtjylland;2020-10-24;F;69;0;2;737;40112;3411;
1081;Nordjylland;2020-10-24;F;58;0;2;737;40170;3413;
1085;Sjælland;2020-10-24;F;41;0;1;737;40211;3414;
1083;Syddanmark;2020-10-24;F;44;0;1;737;40255;3415;
1084;Hovedstaden;2020-10-24;M;199;1;9;738;40454;3424;
1082;Midtjylland;2020-10-24;M;75;0;1;738;40529;3425;
1081;Nordjylland;2020-10-24;M;46;0;2;738;40575;3427;
1085;Sjælland;2020-10-24;M;48;0;4;738;40623;3431;
1083;Syddanmark;2020-10-24;M;53;0;1;738;40676;3432;
1084;Hovedstaden;2020-10-25;F;211;0;7;738;40887;3439;
1082;Midtjylland;2020-10-25;F;81;0;0;738;40968;3439;
1081;Nordjylland;2020-10-25;F;67;0;3;738;41035;3442;
1085;Sjælland;2020-10-25;F;44;0;2;738;41079;3444;
1083;Syddanmark;2020-10-25;F;67;0;2;738;41146;3446;
1084;Hovedstaden;2020-10-25;M;229;0;5;738;41375;3451;
1082;Midtjylland;2020-10-25;M;75;0;0;738;41450;3451;
1081;Nordjylland;2020-10-25;M;42;0;1;738;41492;3452;
1085;Sjælland;2020-10-25;M;35;0;1;738;41527;3453;
1083;Syddanmark;2020-10-25;M;67;0;2;738;41594;3455;
1084;Hovedstaden;2020-10-26;F;230;0;5;738;41824;3460;
1082;Midtjylland;2020-10-26;F;88;0;1;738;41912;3461;
1081;Nordjylland;2020-10-26;F;54;1;2;739;41966;3463;
1085;Sjælland;2020-10-26;F;46;0;4;739;42012;3467;
1083;Syddanmark;2020-10-26;F;77;0;1;739;42089;3468;
1084;Hovedstaden;2020-10-26;M;216;0;3;739;42305;3471;
1082;Midtjylland;2020-10-26;M;75;0;2;739;42380;3473;
1081;Nordjylland;2020-10-26;M;78;0;4;739;42458;3477;
1085;Sjælland;2020-10-26;M;53;0;2;739;42511;3479;
1083;Syddanmark;2020-10-26;M;90;0;6;739;42601;3485;
1084;Hovedstaden;2020-10-27;F;303;1;10;740;42904;3495;
1082;Midtjylland;2020-10-27;F;114;0;0;740;43018;3495;
1081;Nordjylland;2020-10-27;F;69;0;3;740;43087;3498;
1085;Sjælland;2020-10-27;F;67;0;2;740;43154;3500;
1083;Syddanmark;2020-10-27;F;69;0;3;740;43223;3503;
1084;Hovedstaden;2020-10-27;M;272;0;3;740;43495;3506;
1082;Midtjylland;2020-10-27;M;127;0;6;740;43622;3512;
1081;Nordjylland;2020-10-27;M;79;2;4;742;43701;3516;
1085;Sjælland;2020-10-27;M;68;0;0;742;43769;3516;
1083;Syddanmark;2020-10-27;M;76;0;7;742;43845;3523;
1084;Hovedstaden;2020-10-28;F;258;0;6;742;44103;3529;
1082;Midtjylland;2020-10-28;F;122;1;4;743;44225;3533;
1081;Nordjylland;2020-10-28;F;61;0;3;743;44286;3536;
1085;Sjælland;2020-10-28;F;67;0;0;743;44353;3536;
1083;Syddanmark;2020-10-28;F;76;0;5;743;44429;3541;
1084;Hovedstaden;2020-10-28;M;271;3;9;746;44700;3550;
1082;Midtjylland;2020-10-28;M;108;0;4;746;44808;3554;
1081;Nordjylland;2020-10-28;M;53;0;4;746;44861;3558;
1085;Sjælland;2020-10-28;M;74;1;1;747;44935;3559;
1083;Syddanmark;2020-10-28;M;111;0;3;747;45046;3562;
1084;Hovedstaden;2020-10-29;F;220;1;4;748;45266;3566;
1082;Midtjylland;2020-10-29;F;57;0;4;748;45323;3570;
1081;Nordjylland;2020-10-29;F;50;0;1;748;45373;3571;
1085;Sjælland;2020-10-29;F;53;0;2;748;45426;3573;
1083;Syddanmark;2020-10-29;F;73;0;1;748;45499;3574;
1084;Hovedstaden;2020-10-29;M;239;2;8;750;45738;3582;
1082;Midtjylland;2020-10-29;M;84;0;1;750;45822;3583;
1081;Nordjylland;2020-10-29;M;71;0;2;750;45893;3585;
1085;Sjælland;2020-10-29;M;67;1;1;751;45960;3586;
1083;Syddanmark;2020-10-29;M;99;1;5;752;46059;3591;
1084;Hovedstaden;2020-10-30;F;239;0;5;752;46298;3596;
1082;Midtjylland;2020-10-30;F;98;0;3;752;46396;3599;
1081;Nordjylland;2020-10-30;F;57;0;1;752;46453;3600;
1085;Sjælland;2020-10-30;F;83;0;2;752;46536;3602;
1083;Syddanmark;2020-10-30;F;57;0;3;752;46593;3605;
1084;Hovedstaden;2020-10-30;M;255;1;9;753;46848;3614;
1082;Midtjylland;2020-10-30;M;97;3;5;756;46945;3619;
1081;Nordjylland;2020-10-30;M;56;0;3;756;47001;3622;
1085;Sjælland;2020-10-30;M;69;1;2;757;47070;3624;
1083;Syddanmark;2020-10-30;M;70;0;1;757;47140;3625;
1084;Hovedstaden;2020-10-31;F;246;1;5;758;47386;3630;
1082;Midtjylland;2020-10-31;F;91;0;1;758;47477;3631;
1081;Nordjylland;2020-10-31;F;48;0;0;758;47525;3631;
1085;Sjælland;2020-10-31;F;56;0;3;758;47581;3634;
1083;Syddanmark;2020-10-31;F;41;1;2;759;47622;3636;
1084;Hovedstaden;2020-10-31;M;258;0;11;759;47880;3647;
1082;Midtjylland;2020-10-31;M;78;0;2;759;47958;3649;
1081;Nordjylland;2020-10-31;M;48;0;0;759;48006;3649;
1085;Sjælland;2020-10-31;M;52;0;0;759;48058;3649;
1083;Syddanmark;2020-10-31;M;58;0;1;759;48116;3650;
1084;Hovedstaden;2020-11-01;F;236;1;9;760;48352;3659;
1082;Midtjylland;2020-11-01;F;88;1;3;761;48440;3662;
1081;Nordjylland;2020-11-01;F;51;0;1;761;48491;3663;
1085;Sjælland;2020-11-01;F;41;0;1;761;48532;3664;
1083;Syddanmark;2020-11-01;F;75;2;4;763;48607;3668;
1084;Hovedstaden;2020-11-01;M;229;0;6;763;48836;3674;
1082;Midtjylland;2020-11-01;M;85;0;2;763;48921;3676;
1081;Nordjylland;2020-11-01;M;45;1;2;764;48966;3678;
1085;Sjælland;2020-11-01;M;43;0;3;764;49009;3681;
1083;Syddanmark;2020-11-01;M;64;0;3;764;49073;3684;
1084;Hovedstaden;2020-11-02;F;319;2;7;766;49392;3691;
1082;Midtjylland;2020-11-02;F;101;0;1;766;49493;3692;
1081;Nordjylland;2020-11-02;F;59;1;1;767;49552;3693;
1085;Sjælland;2020-11-02;F;90;0;2;767;49642;3695;
1083;Syddanmark;2020-11-02;F;89;1;3;768;49731;3698;
1084;Hovedstaden;2020-11-02;M;286;1;5;769;50017;3703;
1082;Midtjylland;2020-11-02;M;105;0;2;769;50122;3705;
1081;Nordjylland;2020-11-02;M;57;0;0;769;50179;3705;
1085;Sjælland;2020-11-02;M;93;0;1;769;50272;3706;
1083;Syddanmark;2020-11-02;M;73;0;5;769;50345;3711;
1084;Hovedstaden;2020-11-03;F;304;2;11;771;50649;3722;
1082;Midtjylland;2020-11-03;F;109;0;0;771;50758;3722;
1081;Nordjylland;2020-11-03;F;75;0;4;771;50833;3726;
1085;Sjælland;2020-11-03;F;78;1;5;772;50911;3731;
1083;Syddanmark;2020-11-03;F;79;0;7;772;50990;3738;
1084;Hovedstaden;2020-11-03;M;275;0;8;772;51265;3746;
1082;Midtjylland;2020-11-03;M;104;0;5;772;51369;3751;
1081;Nordjylland;2020-11-03;M;62;1;3;773;51431;3754;
1085;Sjælland;2020-11-03;M;68;0;2;773;51499;3756;
1083;Syddanmark;2020-11-03;M;103;0;1;773;51602;3757;
1084;Hovedstaden;2020-11-04;F;282;0;8;773;51884;3765;
1082;Midtjylland;2020-11-04;F;126;1;2;774;52010;3767;
1081;Nordjylland;2020-11-04;F;39;0;0;774;52049;3767;
1085;Sjælland;2020-11-04;F;97;3;6;777;52146;3773;
1083;Syddanmark;2020-11-04;F;75;0;3;777;52221;3776;
1084;Hovedstaden;2020-11-04;M;302;1;10;778;52523;3786;
1082;Midtjylland;2020-11-04;M;108;1;4;779;52631;3790;
1081;Nordjylland;2020-11-04;M;44;0;1;779;52675;3791;
1085;Sjælland;2020-11-04;M;75;1;6;780;52750;3797;
1083;Syddanmark;2020-11-04;M;97;0;4;780;52847;3801;
1084;Hovedstaden;2020-11-05;F;239;2;5;782;53086;3806;
1082;Midtjylland;2020-11-05;F;102;0;2;782;53188;3808;
1081;Nordjylland;2020-11-05;F;45;1;3;783;53233;3811;
1085;Sjælland;2020-11-05;F;61;0;3;783;53294;3814;
1083;Syddanmark;2020-11-05;F;69;0;3;783;53363;3817;
1084;Hovedstaden;2020-11-05;M;233;1;5;784;53596;3822;
1082;Midtjylland;2020-11-05;M;80;0;5;784;53676;3827;
1081;Nordjylland;2020-11-05;M;38;1;1;785;53714;3828;
1085;Sjælland;2020-11-05;M;79;0;4;785;53793;3832;
1083;Syddanmark;2020-11-05;M;81;0;3;785;53874;3835;
1084;Hovedstaden;2020-11-06;F;209;0;9;785;54083;3844;
1082;Midtjylland;2020-11-06;F;77;2;2;787;54160;3846;
1081;Nordjylland;2020-11-06;F;29;0;0;787;54189;3846;
1085;Sjælland;2020-11-06;F;71;0;1;787;54260;3847;
1083;Syddanmark;2020-11-06;F;66;0;1;787;54326;3848;
1084;Hovedstaden;2020-11-06;M;254;2;13;789;54580;3861;
1082;Midtjylland;2020-11-06;M;85;0;7;789;54665;3868;
1081;Nordjylland;2020-11-06;M;31;0;0;789;54696;3868;
1085;Sjælland;2020-11-06;M;73;0;3;789;54769;3871;
1083;Syddanmark;2020-11-06;M;64;0;2;789;54833;3873;
1084;Hovedstaden;2020-11-07;F;194;0;0;789;55027;3873;
1082;Midtjylland;2020-11-07;F;89;0;1;789;55116;3874;
1081;Nordjylland;2020-11-07;F;29;0;2;789;55145;3876;
1085;Sjælland;2020-11-07;F;58;0;2;789;55203;3878;
1083;Syddanmark;2020-11-07;F;55;0;0;789;55258;3878;
1084;Hovedstaden;2020-11-07;M;191;0;5;789;55449;3883;
1082;Midtjylland;2020-11-07;M;85;0;2;789;55534;3885;
1081;Nordjylland;2020-11-07;M;39;0;0;789;55573;3885;
1085;Sjælland;2020-11-07;M;57;2;3;791;55630;3888;
1083;Syddanmark;2020-11-07;M;47;0;2;791;55677;3890;
1084;Hovedstaden;2020-11-08;F;159;1;5;792;55836;3895;
1082;Midtjylland;2020-11-08;F;75;0;2;792;55911;3897;
1081;Nordjylland;2020-11-08;F;20;1;1;793;55931;3898;
1085;Sjælland;2020-11-08;F;41;0;0;793;55972;3898;
1083;Syddanmark;2020-11-08;F;49;0;2;793;56021;3900;
1084;Hovedstaden;2020-11-08;M;193;0;9;793;56214;3909;
1082;Midtjylland;2020-11-08;M;79;1;3;794;56293;3912;
1081;Nordjylland;2020-11-08;M;21;0;0;794;56314;3912;
1085;Sjælland;2020-11-08;M;49;0;4;794;56363;3916;
1083;Syddanmark;2020-11-08;M;51;0;1;794;56414;3917;
1084;Hovedstaden;2020-11-09;F;229;0;11;794;56643;3928;
1082;Midtjylland;2020-11-09;F;90;2;5;796;56733;3933;
1081;Nordjylland;2020-11-09;F;39;0;1;796;56772;3934;
1085;Sjælland;2020-11-09;F;69;0;3;796;56841;3937;
1083;Syddanmark;2020-11-09;F;76;0;2;796;56917;3939;
1084;Hovedstaden;2020-11-09;M;255;3;11;799;57172;3950;
1082;Midtjylland;2020-11-09;M;114;3;5;802;57286;3955;
1081;Nordjylland;2020-11-09;M;32;0;4;802;57318;3959;
1085;Sjælland;2020-11-09;M;49;0;3;802;57367;3962;
1083;Syddanmark;2020-11-09;M;90;0;5;802;57457;3967;
1084;Hovedstaden;2020-11-10;F;276;0;9;802;57733;3976;
1082;Midtjylland;2020-11-10;F;123;1;6;803;57856;3982;
1081;Nordjylland;2020-11-10;F;30;0;2;803;57886;3984;
1085;Sjælland;2020-11-10;F;81;0;6;803;57967;3990;
1083;Syddanmark;2020-11-10;F;72;0;2;803;58039;3992;
1084;Hovedstaden;2020-11-10;M;220;0;5;803;58259;3997;
1082;Midtjylland;2020-11-10;M;103;0;1;803;58362;3998;
1081;Nordjylland;2020-11-10;M;31;0;0;803;58393;3998;
1085;Sjælland;2020-11-10;M;66;0;3;803;58459;4001;
1083;Syddanmark;2020-11-10;M;54;0;1;803;58513;4002;
1084;Hovedstaden;2020-11-11;F;218;1;5;804;58731;4007;
1082;Midtjylland;2020-11-11;F;131;0;1;804;58862;4008;
1081;Nordjylland;2020-11-11;F;27;0;1;804;58889;4009;
1085;Sjælland;2020-11-11;F;67;0;1;804;58956;4010;
1083;Syddanmark;2020-11-11;F;71;0;1;804;59027;4011;
1084;Hovedstaden;2020-11-11;M;223;2;8;806;59250;4019;
1082;Midtjylland;2020-11-11;M;133;2;9;808;59383;4028;
1081;Nordjylland;2020-11-11;M;43;0;1;808;59426;4029;
1085;Sjælland;2020-11-11;M;85;0;3;808;59511;4032;
1083;Syddanmark;2020-11-11;M;91;1;6;809;59602;4038;
1084;Hovedstaden;2020-11-12;F;237;3;5;812;59839;4043;
1082;Midtjylland;2020-11-12;F;126;1;4;813;59965;4047;
1081;Nordjylland;2020-11-12;F;28;1;0;814;59993;4047;
1085;Sjælland;2020-11-12;F;45;0;2;814;60038;4049;
1083;Syddanmark;2020-11-12;F;70;0;0;814;60108;4049;
1084;Hovedstaden;2020-11-12;M;238;2;9;816;60346;4058;
1082;Midtjylland;2020-11-12;M;122;2;3;818;60468;4061;
1081;Nordjylland;2020-11-12;M;39;0;1;818;60507;4062;
1085;Sjælland;2020-11-12;M;73;0;0;818;60580;4062;
1083;Syddanmark;2020-11-12;M;74;0;2;818;60654;4064;
1084;Hovedstaden;2020-11-13;F;262;3;12;821;60916;4076;
1082;Midtjylland;2020-11-13;F;109;0;3;821;61025;4079;
1081;Nordjylland;2020-11-13;F;35;0;2;821;61060;4081;
1085;Sjælland;2020-11-13;F;68;0;4;821;61128;4085;
1083;Syddanmark;2020-11-13;F;69;0;4;821;61197;4089;
1084;Hovedstaden;2020-11-13;M;257;1;5;822;61454;4094;
1082;Midtjylland;2020-11-13;M;124;1;8;823;61578;4102;
1081;Nordjylland;2020-11-13;M;42;0;0;823;61620;4102;
1085;Sjælland;2020-11-13;M;83;0;6;823;61703;4108;
1083;Syddanmark;2020-11-13;M;99;0;0;823;61802;4108;
1084;Hovedstaden;2020-11-14;F;236;0;8;823;62038;4116;
1082;Midtjylland;2020-11-14;F;99;2;3;825;62137;4119;
1081;Nordjylland;2020-11-14;F;31;0;0;825;62168;4119;
1085;Sjælland;2020-11-14;F;59;0;3;825;62227;4122;
1083;Syddanmark;2020-11-14;F;85;0;2;825;62312;4124;
1084;Hovedstaden;2020-11-14;M;232;0;5;825;62544;4129;
1082;Midtjylland;2020-11-14;M;125;0;3;825;62669;4132;
1081;Nordjylland;2020-11-14;M;34;0;3;825;62703;4135;
1085;Sjælland;2020-11-14;M;44;0;1;825;62747;4136;
1083;Syddanmark;2020-11-14;M;97;1;3;826;62844;4139;
1084;Hovedstaden;2020-11-15;F;222;1;6;827;63066;4145;
1082;Midtjylland;2020-11-15;F;91;0;1;827;63157;4146;
1081;Nordjylland;2020-11-15;F;29;0;1;827;63186;4147;
1085;Sjælland;2020-11-15;F;50;0;1;827;63236;4148;
1083;Syddanmark;2020-11-15;F;80;0;3;827;63316;4151;
1084;Hovedstaden;2020-11-15;M;230;0;5;827;63546;4156;
1082;Midtjylland;2020-11-15;M;113;0;2;827;63659;4158;
1081;Nordjylland;2020-11-15;M;44;0;0;827;63703;4158;
1085;Sjælland;2020-11-15;M;60;0;2;827;63763;4160;
1083;Syddanmark;2020-11-15;M;70;1;3;828;63833;4163;
1084;Hovedstaden;2020-11-16;F;261;0;4;828;64094;4167;
1082;Midtjylland;2020-11-16;F;146;0;3;828;64240;4170;
1081;Nordjylland;2020-11-16;F;27;0;0;828;64267;4170;
1085;Sjælland;2020-11-16;F;59;0;1;828;64326;4171;
1083;Syddanmark;2020-11-16;F;107;0;2;828;64433;4173;
1084;Hovedstaden;2020-11-16;M;289;2;12;830;64722;4185;
1082;Midtjylland;2020-11-16;M;155;1;8;831;64877;4193;
1081;Nordjylland;2020-11-16;M;31;1;4;832;64908;4197;
1085;Sjælland;2020-11-16;M;84;0;5;832;64992;4202;
1083;Syddanmark;2020-11-16;M;93;0;3;832;65085;4205;
1084;Hovedstaden;2020-11-17;F;277;0;15;832;65362;4220;
1082;Midtjylland;2020-11-17;F;148;0;4;832;65510;4224;
1081;Nordjylland;2020-11-17;F;34;0;1;832;65544;4225;
1085;Sjælland;2020-11-17;F;68;0;1;832;65612;4226;
1083;Syddanmark;2020-11-17;F;112;0;1;832;65724;4227;
1084;Hovedstaden;2020-11-17;M;314;1;8;833;66038;4235;
1082;Midtjylland;2020-11-17;M;152;0;6;833;66190;4241;
1081;Nordjylland;2020-11-17;M;31;1;2;834;66221;4243;
1085;Sjælland;2020-11-17;M;69;1;3;835;66290;4246;
1083;Syddanmark;2020-11-17;M;126;0;4;835;66416;4250;
1084;Hovedstaden;2020-11-18;F;287;0;6;835;66703;4256;
1082;Midtjylland;2020-11-18;F;157;1;6;836;66860;4262;
1081;Nordjylland;2020-11-18;F;25;0;0;836;66885;4262;
1085;Sjælland;2020-11-18;F;66;0;1;836;66951;4263;
1083;Syddanmark;2020-11-18;F;104;0;1;836;67055;4264;
1084;Hovedstaden;2020-11-18;M;305;4;9;840;67360;4273;
1082;Midtjylland;2020-11-18;M;141;0;5;840;67501;4278;
1081;Nordjylland;2020-11-18;M;28;0;1;840;67529;4279;
1085;Sjælland;2020-11-18;M;81;0;6;840;67610;4285;
1083;Syddanmark;2020-11-18;M;137;0;7;840;67747;4292;
1084;Hovedstaden;2020-11-19;F;282;4;8;844;68029;4300;
1082;Midtjylland;2020-11-19;F;131;5;3;849;68160;4303;
1081;Nordjylland;2020-11-19;F;25;0;3;849;68185;4306;
1085;Sjælland;2020-11-19;F;59;0;2;849;68244;4308;
1083;Syddanmark;2020-11-19;F;101;0;2;849;68345;4310;
1084;Hovedstaden;2020-11-19;M;291;0;5;849;68636;4315;
1082;Midtjylland;2020-11-19;M;110;2;4;851;68746;4319;
1081;Nordjylland;2020-11-19;M;19;0;2;851;68765;4321;
1085;Sjælland;2020-11-19;M;81;0;4;851;68846;4325;
1083;Syddanmark;2020-11-19;M;122;1;4;852;68968;4329;
1084;Hovedstaden;2020-11-20;F;285;6;8;858;69253;4337;
1082;Midtjylland;2020-11-20;F;112;5;5;863;69365;4342;
1081;Nordjylland;2020-11-20;F;32;1;4;864;69397;4346;
1085;Sjælland;2020-11-20;F;79;0;4;864;69476;4350;
1083;Syddanmark;2020-11-20;F;109;0;2;864;69585;4352;
1084;Hovedstaden;2020-11-20;M;266;1;5;865;69851;4357;
1082;Midtjylland;2020-11-20;M;104;3;5;868;69955;4362;
1081;Nordjylland;2020-11-20;M;32;1;2;869;69987;4364;
1085;Sjælland;2020-11-20;M;79;1;3;870;70066;4367;
1083;Syddanmark;2020-11-20;M;126;1;3;871;70192;4370;
1084;Hovedstaden;2020-11-21;F;235;0;9;871;70427;4379;
1082;Midtjylland;2020-11-21;F;80;0;1;871;70507;4380;
1081;Nordjylland;2020-11-21;F;17;0;2;871;70524;4382;
1085;Sjælland;2020-11-21;F;56;0;2;871;70580;4384;
1083;Syddanmark;2020-11-21;F;68;1;3;872;70648;4387;
1084;Hovedstaden;2020-11-21;M;280;2;9;874;70928;4396;
1082;Midtjylland;2020-11-21;M;98;0;3;874;71026;4399;
1081;Nordjylland;2020-11-21;M;19;0;3;874;71045;4402;
1085;Sjælland;2020-11-21;M;55;1;0;875;71100;4402;
1083;Syddanmark;2020-11-21;M;93;0;1;875;71193;4403;
1084;Hovedstaden;2020-11-22;F;261;1;7;876;71454;4410;
1082;Midtjylland;2020-11-22;F;99;0;2;876;71553;4412;
1081;Nordjylland;2020-11-22;F;23;0;2;876;71576;4414;
1085;Sjælland;2020-11-22;F;39;1;1;877;71615;4415;
1083;Syddanmark;2020-11-22;F;76;0;1;877;71691;4416;
1084;Hovedstaden;2020-11-22;M;254;4;12;881;71945;4428;
1082;Midtjylland;2020-11-22;M;93;0;1;881;72038;4429;
1081;Nordjylland;2020-11-22;M;15;0;1;881;72053;4430;
1085;Sjælland;2020-11-22;M;56;0;3;881;72109;4433;
1083;Syddanmark;2020-11-22;M;93;0;2;881;72202;4435;
1084;Hovedstaden;2020-11-23;F;292;3;10;884;72494;4445;
1082;Midtjylland;2020-11-23;F;97;0;2;884;72591;4447;
1081;Nordjylland;2020-11-23;F;20;0;1;884;72611;4448;
1085;Sjælland;2020-11-23;F;76;1;3;885;72687;4451;
1083;Syddanmark;2020-11-23;F;115;1;7;886;72802;4458;
1084;Hovedstaden;2020-11-23;M;300;3;8;889;73102;4466;
1082;Midtjylland;2020-11-23;M;94;2;5;891;73196;4471;
1081;Nordjylland;2020-11-23;M;15;0;0;891;73211;4471;
1085;Sjælland;2020-11-23;M;68;0;2;891;73279;4473;
1083;Syddanmark;2020-11-23;M;112;0;2;891;73391;4475;
1084;Hovedstaden;2020-11-24;F;337;3;4;894;73728;4479;
1082;Midtjylland;2020-11-24;F;123;1;2;895;73851;4481;
1081;Nordjylland;2020-11-24;F;21;0;0;895;73872;4481;
1085;Sjælland;2020-11-24;F;77;0;2;895;73949;4483;
1083;Syddanmark;2020-11-24;F;96;0;0;895;74045;4483;
1084;Hovedstaden;2020-11-24;M;337;1;17;896;74382;4500;
1082;Midtjylland;2020-11-24;M;115;1;6;897;74497;4506;
1081;Nordjylland;2020-11-24;M;21;0;0;897;74518;4506;
1085;Sjælland;2020-11-24;M;74;0;3;897;74592;4509;
1083;Syddanmark;2020-11-24;M;128;0;6;897;74720;4515;
1084;Hovedstaden;2020-11-25;F;334;1;4;898;75054;4519;
1082;Midtjylland;2020-11-25;F;100;0;5;898;75154;4524;
1081;Nordjylland;2020-11-25;F;26;0;1;898;75180;4525;
1085;Sjælland;2020-11-25;F;81;0;2;898;75261;4527;
1083;Syddanmark;2020-11-25;F;89;0;2;898;75350;4529;
1084;Hovedstaden;2020-11-25;M;335;0;5;898;75685;4534;
1082;Midtjylland;2020-11-25;M;135;2;6;900;75820;4540;
1081;Nordjylland;2020-11-25;M;20;1;2;901;75840;4542;
1085;Sjælland;2020-11-25;M;89;3;7;904;75929;4549;
1083;Syddanmark;2020-11-25;M;107;1;8;905;76036;4557;
1084;Hovedstaden;2020-11-26;F;319;0;4;905;76355;4561;
1082;Midtjylland;2020-11-26;F;117;2;5;907;76472;4566;
1081;Nordjylland;2020-11-26;F;25;0;1;907;76497;4567;
1085;Sjælland;2020-11-26;F;94;0;3;907;76591;4570;
1083;Syddanmark;2020-11-26;F;99;0;3;907;76690;4573;
1084;Hovedstaden;2020-11-26;M;300;5;11;912;76990;4584;
1082;Midtjylland;2020-11-26;M;130;0;2;912;77120;4586;
1081;Nordjylland;2020-11-26;M;20;0;0;912;77140;4586;
1085;Sjælland;2020-11-26;M;71;1;5;913;77211;4591;
1083;Syddanmark;2020-11-26;M;82;0;2;913;77293;4593;
1084;Hovedstaden;2020-11-27;F;345;7;13;920;77638;4606;
1082;Midtjylland;2020-11-27;F;115;1;4;921;77753;4610;
1081;Nordjylland;2020-11-27;F;16;0;2;921;77769;4612;
1085;Sjælland;2020-11-27;F;60;0;1;921;77829;4613;
1083;Syddanmark;2020-11-27;F;111;1;4;922;77940;4617;
1084;Hovedstaden;2020-11-27;M;349;0;10;922;78289;4627;
1082;Midtjylland;2020-11-27;M;116;3;6;925;78405;4633;
1081;Nordjylland;2020-11-27;M;22;0;0;925;78427;4633;
1085;Sjælland;2020-11-27;M;74;0;4;925;78501;4637;
1083;Syddanmark;2020-11-27;M;102;0;3;925;78603;4640;
1084;Hovedstaden;2020-11-28;F;313;0;6;925;78916;4646;
1082;Midtjylland;2020-11-28;F;98;0;0;925;79014;4646;
1081;Nordjylland;2020-11-28;F;13;0;0;925;79027;4646;
1085;Sjælland;2020-11-28;F;67;0;1;925;79094;4647;
1083;Syddanmark;2020-11-28;F;66;0;1;925;79160;4648;
1084;Hovedstaden;2020-11-28;M;315;1;10;926;79475;4658;
1082;Midtjylland;2020-11-28;M;114;1;4;927;79589;4662;
1081;Nordjylland;2020-11-28;M;13;0;1;927;79602;4663;
1085;Sjælland;2020-11-28;M;79;0;3;927;79681;4666;
1083;Syddanmark;2020-11-28;M;73;1;3;928;79754;4669;
1084;Hovedstaden;2020-11-29;F;326;0;6;928;80080;4675;
1082;Midtjylland;2020-11-29;F;76;0;3;928;80156;4678;
1081;Nordjylland;2020-11-29;F;12;0;0;928;80168;4678;
1085;Sjælland;2020-11-29;F;63;3;4;931;80231;4682;
1083;Syddanmark;2020-11-29;F;70;0;1;931;80301;4683;
1084;Hovedstaden;2020-11-29;M;348;3;4;934;80649;4687;
1082;Midtjylland;2020-11-29;M;109;1;4;935;80758;4691;
1081;Nordjylland;2020-11-29;M;25;0;1;935;80783;4692;
1085;Sjælland;2020-11-29;M;80;1;2;936;80863;4694;
1083;Syddanmark;2020-11-29;M;64;0;1;936;80927;4695;
1084;Hovedstaden;2020-11-30;F;408;5;15;941;81335;4710;
1082;Midtjylland;2020-11-30;F;160;2;6;943;81495;4716;
1081;Nordjylland;2020-11-30;F;24;0;0;943;81519;4716;
1085;Sjælland;2020-11-30;F;110;0;3;943;81629;4719;
1083;Syddanmark;2020-11-30;F;94;0;3;943;81723;4722;
1084;Hovedstaden;2020-11-30;M;353;4;7;947;82076;4729;
1082;Midtjylland;2020-11-30;M;166;3;5;950;82242;4734;
1081;Nordjylland;2020-11-30;M;15;0;0;950;82257;4734;
1085;Sjælland;2020-11-30;M;96;0;3;950;82353;4737;
1083;Syddanmark;2020-11-30;M;105;0;4;950;82458;4741;
1084;Hovedstaden;2020-12-01;F;500;2;14;952;82958;4755;
1082;Midtjylland;2020-12-01;F;148;1;8;953;83106;4763;
1081;Nordjylland;2020-12-01;F;29;0;1;953;83135;4764;
1085;Sjælland;2020-12-01;F;101;0;3;953;83236;4767;
1083;Syddanmark;2020-12-01;F;93;0;3;953;83329;4770;
1084;Hovedstaden;2020-12-01;M;460;1;4;954;83789;4774;
1082;Midtjylland;2020-12-01;M;144;1;6;955;83933;4780;
1081;Nordjylland;2020-12-01;M;18;0;1;955;83951;4781;
1085;Sjælland;2020-12-01;M;106;1;4;956;84057;4785;
1083;Syddanmark;2020-12-01;M;115;0;4;956;84172;4789;
1084;Hovedstaden;2020-12-02;F;504;1;9;957;84676;4798;
1082;Midtjylland;2020-12-02;F;171;0;4;957;84847;4802;
1081;Nordjylland;2020-12-02;F;30;0;0;957;84877;4802;
1085;Sjælland;2020-12-02;F;146;0;3;957;85023;4805;
1083;Syddanmark;2020-12-02;F;85;2;5;959;85108;4810;
1084;Hovedstaden;2020-12-02;M;526;2;17;961;85634;4827;
1082;Midtjylland;2020-12-02;M;155;0;8;961;85789;4835;
1081;Nordjylland;2020-12-02;M;30;0;0;961;85819;4835;
1085;Sjælland;2020-12-02;M;122;1;4;962;85941;4839;
1083;Syddanmark;2020-12-02;M;111;1;2;963;86052;4841;
1084;Hovedstaden;2020-12-03;F;536;2;14;965;86588;4855;
1082;Midtjylland;2020-12-03;F;155;0;5;965;86743;4860;
1081;Nordjylland;2020-12-03;F;23;0;0;965;86766;4860;
1085;Sjælland;2020-12-03;F;126;1;4;966;86892;4864;
1083;Syddanmark;2020-12-03;F;131;0;4;966;87023;4868;
1084;Hovedstaden;2020-12-03;M;490;2;14;968;87513;4882;
1082;Midtjylland;2020-12-03;M;177;3;6;971;87690;4888;
1081;Nordjylland;2020-12-03;M;30;0;0;971;87720;4888;
1085;Sjælland;2020-12-03;M;123;0;4;971;87843;4892;
1083;Syddanmark;2020-12-03;M;117;0;3;971;87960;4895;
1084;Hovedstaden;2020-12-04;F;528;2;18;973;88488;4913;
1082;Midtjylland;2020-12-04;F;208;1;5;974;88696;4918;
1081;Nordjylland;2020-12-04;F;26;0;1;974;88722;4919;
1085;Sjælland;2020-12-04;F;139;0;2;974;88861;4921;
1083;Syddanmark;2020-12-04;F;106;0;2;974;88967;4923;
1084;Hovedstaden;2020-12-04;M;530;4;16;978;89497;4939;
1082;Midtjylland;2020-12-04;M;195;1;7;979;89692;4946;
1081;Nordjylland;2020-12-04;M;39;0;0;979;89731;4946;
1085;Sjælland;2020-12-04;M;125;0;4;979;89856;4950;
1083;Syddanmark;2020-12-04;M;122;0;1;979;89978;4951;
1084;Hovedstaden;2020-12-05;F;483;6;12;985;90461;4963;
1082;Midtjylland;2020-12-05;F;138;3;4;988;90599;4967;
1081;Nordjylland;2020-12-05;F;25;0;0;988;90624;4967;
1085;Sjælland;2020-12-05;F;150;2;6;990;90774;4973;
1083;Syddanmark;2020-12-05;F;75;1;2;991;90849;4975;
1084;Hovedstaden;2020-12-05;M;491;5;17;996;91340;4992;
1082;Midtjylland;2020-12-05;M;128;0;6;996;91468;4998;
1081;Nordjylland;2020-12-05;M;28;1;3;997;91496;5001;
1085;Sjælland;2020-12-05;M;117;1;6;998;91613;5007;
1083;Syddanmark;2020-12-05;M;80;0;4;998;91693;5011;
1084;Hovedstaden;2020-12-06;F;600;2;14;1000;92293;5025;
1082;Midtjylland;2020-12-06;F;163;0;4;1000;92456;5029;
1081;Nordjylland;2020-12-06;F;42;1;0;1001;92498;5029;
1085;Sjælland;2020-12-06;F;136;0;3;1001;92634;5032;
1083;Syddanmark;2020-12-06;F;90;0;1;1001;92724;5033;
1084;Hovedstaden;2020-12-06;M;513;5;22;1006;93237;5055;
1082;Midtjylland;2020-12-06;M;142;0;2;1006;93379;5057;
1081;Nordjylland;2020-12-06;M;28;0;0;1006;93407;5057;
1085;Sjælland;2020-12-06;M;138;1;7;1007;93545;5064;
1083;Syddanmark;2020-12-06;M;124;1;4;1008;93669;5068;
1084;Hovedstaden;2020-12-07;F;759;11;28;1019;94428;5096;
1082;Midtjylland;2020-12-07;F;230;1;3;1020;94658;5099;
1081;Nordjylland;2020-12-07;F;47;0;1;1020;94705;5100;
1085;Sjælland;2020-12-07;F;198;0;8;1020;94903;5108;
1083;Syddanmark;2020-12-07;F;159;0;4;1020;95062;5112;
1084;Hovedstaden;2020-12-07;M;754;8;26;1028;95816;5138;
1082;Midtjylland;2020-12-07;M;213;0;3;1028;96029;5141;
1081;Nordjylland;2020-12-07;M;58;1;2;1029;96087;5143;
1085;Sjælland;2020-12-07;M;184;0;7;1029;96271;5150;
1083;Syddanmark;2020-12-07;M;150;1;8;1030;96421;5158;
1084;Hovedstaden;2020-12-08;F;862;5;19;1035;97283;5177;
1082;Midtjylland;2020-12-08;F;265;0;5;1035;97548;5182;
1081;Nordjylland;2020-12-08;F;78;0;3;1035;97626;5185;
1085;Sjælland;2020-12-08;F;232;1;6;1036;97858;5191;
1083;Syddanmark;2020-12-08;F;156;1;7;1037;98014;5198;
1084;Hovedstaden;2020-12-08;M;809;7;25;1044;98823;5223;
1082;Midtjylland;2020-12-08;M;254;1;4;1045;99077;5227;
1081;Nordjylland;2020-12-08;M;61;0;2;1045;99138;5229;
1085;Sjælland;2020-12-08;M;234;1;4;1046;99372;5233;
1083;Syddanmark;2020-12-08;M;174;0;1;1046;99546;5234;
1084;Hovedstaden;2020-12-09;F;838;2;22;1048;100384;5256;
1082;Midtjylland;2020-12-09;F;304;3;4;1051;100688;5260;
1081;Nordjylland;2020-12-09;F;66;0;0;1051;100754;5260;
1085;Sjælland;2020-12-09;F;228;1;10;1052;100982;5270;
1083;Syddanmark;2020-12-09;F;173;0;2;1052;101155;5272;
1084;Hovedstaden;2020-12-09;M;857;4;17;1056;102012;5289;
1082;Midtjylland;2020-12-09;M;274;1;8;1057;102286;5297;
1081;Nordjylland;2020-12-09;M;79;0;1;1057;102365;5298;
1085;Sjælland;2020-12-09;M;213;2;7;1059;102578;5305;
1083;Syddanmark;2020-12-09;M;160;0;2;1059;102738;5307;
1084;Hovedstaden;2020-12-10;F;947;9;20;1068;103685;5327;
1082;Midtjylland;2020-12-10;F;321;1;6;1069;104006;5333;
1081;Nordjylland;2020-12-10;F;78;0;4;1069;104084;5337;
1085;Sjælland;2020-12-10;F;243;1;5;1070;104327;5342;
1083;Syddanmark;2020-12-10;F;147;2;5;1072;104474;5347;
1084;Hovedstaden;2020-12-10;M;862;8;25;1080;105336;5372;
1082;Midtjylland;2020-12-10;M;279;2;4;1082;105615;5376;
1081;Nordjylland;2020-12-10;M;88;1;1;1083;105703;5377;
1085;Sjælland;2020-12-10;M;184;1;11;1084;105887;5388;
1083;Syddanmark;2020-12-10;M;135;0;4;1084;106022;5392;
1084;Hovedstaden;2020-12-11;F;840;7;24;1091;106862;5416;
1082;Midtjylland;2020-12-11;F;304;0;9;1091;107166;5425;
1081;Nordjylland;2020-12-11;F;58;1;0;1092;107224;5425;
1085;Sjælland;2020-12-11;F;255;2;7;1094;107479;5432;
1083;Syddanmark;2020-12-11;F;166;1;5;1095;107645;5437;
1084;Hovedstaden;2020-12-11;M;901;6;34;1101;108546;5471;
1082;Midtjylland;2020-12-11;M;279;0;10;1101;108825;5481;
1081;Nordjylland;2020-12-11;M;67;0;1;1101;108892;5482;
1085;Sjælland;2020-12-11;M;251;1;8;1102;109143;5490;
1083;Syddanmark;2020-12-11;M;175;0;5;1102;109318;5495;
1084;Hovedstaden;2020-12-12;F;857;3;27;1105;110175;5522;
1082;Midtjylland;2020-12-12;F;267;0;2;1105;110442;5524;
1081;Nordjylland;2020-12-12;F;76;0;1;1105;110518;5525;
1085;Sjælland;2020-12-12;F;224;0;0;1105;110742;5525;
1083;Syddanmark;2020-12-12;F;150;0;3;1105;110892;5528;
1084;Hovedstaden;2020-12-12;M;828;3;13;1108;111720;5541;
1082;Midtjylland;2020-12-12;M;277;1;8;1109;111997;5549;
1081;Nordjylland;2020-12-12;M;84;1;4;1110;112081;5553;
1085;Sjælland;2020-12-12;M;187;0;5;1110;112268;5558;
1083;Syddanmark;2020-12-12;M;138;0;3;1110;112406;5561;
1084;Hovedstaden;2020-12-13;F;967;8;33;1118;113373;5594;
1082;Midtjylland;2020-12-13;F;245;2;5;1120;113618;5599;
1081;Nordjylland;2020-12-13;F;61;0;3;1120;113679;5602;
1085;Sjælland;2020-12-13;F;207;0;3;1120;113886;5605;
1083;Syddanmark;2020-12-13;F;152;0;1;1120;114038;5606;
1084;Hovedstaden;2020-12-13;M;924;7;27;1127;114962;5633;
1082;Midtjylland;2020-12-13;M;231;1;7;1128;115193;5640;
1081;Nordjylland;2020-12-13;M;62;2;6;1130;115255;5646;
1085;Sjælland;2020-12-13;M;169;0;11;1130;115424;5657;
1083;Syddanmark;2020-12-13;M;147;1;6;1131;115571;5663;
1084;Hovedstaden;2020-12-14;F;1035;7;30;1138;116606;5693;
1082;Midtjylland;2020-12-14;F;381;1;10;1139;116987;5703;
1081;Nordjylland;2020-12-14;F;94;1;3;1140;117081;5706;
1085;Sjælland;2020-12-14;F;321;4;12;1144;117402;5718;
1083;Syddanmark;2020-12-14;F;206;0;7;1144;117608;5725;
1084;Hovedstaden;2020-12-14;M;981;12;35;1156;118589;5760;
1082;Midtjylland;2020-12-14;M;384;1;8;1157;118973;5768;
1081;Nordjylland;2020-12-14;M;99;0;4;1157;119072;5772;
1085;Sjælland;2020-12-14;M;271;4;13;1161;119343;5785;
1083;Syddanmark;2020-12-14;M;216;2;4;1163;119559;5789;
1084;Hovedstaden;2020-12-15;F;1114;5;34;1168;120673;5823;
1082;Midtjylland;2020-12-15;F;421;2;8;1170;121094;5831;
1081;Nordjylland;2020-12-15;F;98;0;2;1170;121192;5833;
1085;Sjælland;2020-12-15;F;323;4;10;1174;121515;5843;
1083;Syddanmark;2020-12-15;F;267;1;4;1175;121782;5847;
1084;Hovedstaden;2020-12-15;M;1013;2;24;1177;122795;5871;
1082;Midtjylland;2020-12-15;M;384;4;12;1181;123179;5883;
1081;Nordjylland;2020-12-15;M;113;1;1;1182;123292;5884;
1085;Sjælland;2020-12-15;M;287;4;17;1186;123579;5901;
1083;Syddanmark;2020-12-15;M;276;1;9;1187;123855;5910;
1084;Hovedstaden;2020-12-16;F;1191;5;43;1192;125046;5953;
1082;Midtjylland;2020-12-16;F;368;0;8;1192;125414;5961;
1081;Nordjylland;2020-12-16;F;113;1;2;1193;125527;5963;
1085;Sjælland;2020-12-16;F;378;2;8;1195;125905;5971;
1083;Syddanmark;2020-12-16;F;258;1;6;1196;126163;5977;
1084;Hovedstaden;2020-12-16;M;1021;5;36;1201;127184;6013;
1082;Midtjylland;2020-12-16;M;380;2;13;1203;127564;6026;
1081;Nordjylland;2020-12-16;M;113;1;7;1204;127677;6033;
1085;Sjælland;2020-12-16;M;307;1;13;1205;127984;6046;
1083;Syddanmark;2020-12-16;M;263;1;5;1206;128247;6051;
1084;Hovedstaden;2020-12-17;F;915;7;27;1213;129162;6078;
1082;Midtjylland;2020-12-17;F;312;1;8;1214;129474;6086;
1081;Nordjylland;2020-12-17;F;102;0;1;1214;129576;6087;
1085;Sjælland;2020-12-17;F;317;3;10;1217;129893;6097;
1083;Syddanmark;2020-12-17;F;257;1;6;1218;130150;6103;
1084;Hovedstaden;2020-12-17;M;824;10;54;1228;130974;6157;
1082;Midtjylland;2020-12-17;M;297;1;10;1229;131271;6167;
1081;Nordjylland;2020-12-17;M;100;0;1;1229;131371;6168;
1085;Sjælland;2020-12-17;M;254;3;9;1232;131625;6177;
1083;Syddanmark;2020-12-17;M;237;0;8;1232;131862;6185;
1084;Hovedstaden;2020-12-18;F;764;7;32;1239;132626;6217;
1082;Midtjylland;2020-12-18;F;293;0;4;1239;132919;6221;
1081;Nordjylland;2020-12-18;F;101;0;1;1239;133020;6222;
1085;Sjælland;2020-12-18;F;247;4;10;1243;133267;6232;
1083;Syddanmark;2020-12-18;F;184;3;11;1246;133451;6243;
1084;Hovedstaden;2020-12-18;M;757;11;37;1257;134208;6280;
1082;Midtjylland;2020-12-18;M;255;5;12;1262;134463;6292;
1081;Nordjylland;2020-12-18;M;112;0;2;1262;134575;6294;
1085;Sjælland;2020-12-18;M;228;5;17;1267;134803;6311;
1083;Syddanmark;2020-12-18;M;192;1;5;1268;134995;6316;
1084;Hovedstaden;2020-12-19;F;667;7;31;1275;135662;6347;
1082;Midtjylland;2020-12-19;F;252;2;10;1277;135914;6357;
1081;Nordjylland;2020-12-19;F;113;2;7;1279;136027;6364;
1085;Sjælland;2020-12-19;F;181;3;5;1282;136208;6369;
1083;Syddanmark;2020-12-19;F;202;1;6;1283;136410;6375;
1084;Hovedstaden;2020-12-19;M;611;10;25;1293;137021;6400;
1082;Midtjylland;2020-12-19;M;262;3;8;1296;137283;6408;
1081;Nordjylland;2020-12-19;M;98;0;4;1296;137381;6412;
1085;Sjælland;2020-12-19;M;207;4;11;1300;137588;6423;
1083;Syddanmark;2020-12-19;M;163;3;9;1303;137751;6432;
1084;Hovedstaden;2020-12-20;F;607;3;21;1306;138358;6453;
1082;Midtjylland;2020-12-20;F;205;0;5;1306;138563;6458;
1081;Nordjylland;2020-12-20;F;89;0;1;1306;138652;6459;
1085;Sjælland;2020-12-20;F;215;6;13;1312;138867;6472;
1083;Syddanmark;2020-12-20;F;156;1;5;1313;139023;6477;
1084;Hovedstaden;2020-12-20;M;566;8;41;1321;139589;6518;
1082;Midtjylland;2020-12-20;M;185;3;9;1324;139774;6527;
1081;Nordjylland;2020-12-20;M;80;1;2;1325;139854;6529;
1085;Sjælland;2020-12-20;M;183;1;7;1326;140037;6536;
1083;Syddanmark;2020-12-20;M;166;5;7;1331;140203;6543;
1084;Hovedstaden;2020-12-21;F;816;9;36;1340;141019;6579;
1082;Midtjylland;2020-12-21;F;310;1;9;1341;141329;6588;
1081;Nordjylland;2020-12-21;F;103;1;3;1342;141432;6591;
1085;Sjælland;2020-12-21;F;283;3;12;1345;141715;6603;
1083;Syddanmark;2020-12-21;F;238;0;8;1345;141953;6611;
1084;Hovedstaden;2020-12-21;M;634;12;38;1357;142587;6649;
1082;Midtjylland;2020-12-21;M;203;5;15;1362;142790;6664;
1081;Nordjylland;2020-12-21;M;94;1;7;1363;142884;6671;
1085;Sjælland;2020-12-21;M;206;0;8;1363;143090;6679;
1083;Syddanmark;2020-12-21;M;213;1;10;1364;143303;6689;
1084;Hovedstaden;2020-12-22;F;713;7;34;1371;144016;6723;
1082;Midtjylland;2020-12-22;F;256;3;12;1374;144272;6735;
1081;Nordjylland;2020-12-22;F;128;1;4;1375;144400;6739;
1085;Sjælland;2020-12-22;F;256;2;12;1377;144656;6751;
1083;Syddanmark;2020-12-22;F;194;3;6;1380;144850;6757;
1084;Hovedstaden;2020-12-22;M;632;10;42;1390;145482;6799;
1082;Midtjylland;2020-12-22;M;214;6;9;1396;145696;6808;
1081;Nordjylland;2020-12-22;M;114;5;8;1401;145810;6816;
1085;Sjælland;2020-12-22;M;203;4;12;1405;146013;6828;
1083;Syddanmark;2020-12-22;M;161;1;8;1406;146174;6836;
1084;Hovedstaden;2020-12-23;F;766;7;22;1413;146940;6858;
1082;Midtjylland;2020-12-23;F;268;1;11;1414;147208;6869;
1081;Nordjylland;2020-12-23;F;121;1;7;1415;147329;6876;
1085;Sjælland;2020-12-23;F;228;3;19;1418;147557;6895;
1083;Syddanmark;2020-12-23;F;199;1;7;1419;147756;6902;
1084;Hovedstaden;2020-12-23;M;662;8;29;1427;148418;6931;
1082;Midtjylland;2020-12-23;M;247;2;8;1429;148665;6939;
1081;Nordjylland;2020-12-23;M;134;3;4;1432;148799;6943;
1085;Sjælland;2020-12-23;M;215;3;14;1435;149014;6957;
1083;Syddanmark;2020-12-23;M;239;0;9;1435;149253;6966;
1084;Hovedstaden;2020-12-24;F;371;7;20;1442;149624;6986;
1082;Midtjylland;2020-12-24;F;132;1;10;1443;149756;6996;
1081;Nordjylland;2020-12-24;F;65;0;4;1443;149821;7000;
1085;Sjælland;2020-12-24;F;79;3;3;1446;149900;7003;
1083;Syddanmark;2020-12-24;F;111;0;2;1446;150011;7005;
1084;Hovedstaden;2020-12-24;M;359;5;27;1451;150370;7032;
1082;Midtjylland;2020-12-24;M;116;1;7;1452;150486;7039;
1081;Nordjylland;2020-12-24;M;69;0;4;1452;150555;7043;
1085;Sjælland;2020-12-24;M;77;3;6;1455;150632;7049;
1083;Syddanmark;2020-12-24;M;97;0;2;1455;150729;7051;
1084;Hovedstaden;2020-12-25;F;429;9;32;1464;151158;7083;
1082;Midtjylland;2020-12-25;F;112;1;4;1465;151270;7087;
1081;Nordjylland;2020-12-25;F;65;1;3;1466;151335;7090;
1085;Sjælland;2020-12-25;F;122;2;11;1468;151457;7101;
1083;Syddanmark;2020-12-25;F;129;0;6;1468;151586;7107;
1084;Hovedstaden;2020-12-25;M;376;12;33;1480;151962;7140;
1082;Midtjylland;2020-12-25;M;102;3;9;1483;152064;7149;
1081;Nordjylland;2020-12-25;M;65;3;1;1486;152129;7150;
1085;Sjælland;2020-12-25;M;83;2;10;1488;152212;7160;
1083;Syddanmark;2020-12-25;M;104;1;7;1489;152316;7167;
1084;Hovedstaden;2020-12-26;F;674;11;30;1500;152990;7197;
1082;Midtjylland;2020-12-26;F;230;1;7;1501;153220;7204;
1081;Nordjylland;2020-12-26;F;91;0;4;1501;153311;7208;
1085;Sjælland;2020-12-26;F;228;1;4;1502;153539;7212;
1083;Syddanmark;2020-12-26;F;171;1;4;1503;153710;7216;
1084;Hovedstaden;2020-12-26;M;604;11;43;1514;154314;7259;
1082;Midtjylland;2020-12-26;M;232;3;10;1517;154546;7269;
1081;Nordjylland;2020-12-26;M;87;0;6;1517;154633;7275;
1085;Sjælland;2020-12-26;M;218;3;20;1520;154851;7295;
1083;Syddanmark;2020-12-26;M;153;2;9;1522;155004;7304;
1084;Hovedstaden;2020-12-27;F;544;11;29;1533;155548;7333;
1082;Midtjylland;2020-12-27;F;232;3;8;1536;155780;7341;
1081;Nordjylland;2020-12-27;F;100;2;5;1538;155880;7346;
1085;Sjælland;2020-12-27;F;162;0;2;1538;156042;7348;
1083;Syddanmark;2020-12-27;F;155;4;10;1542;156197;7358;
1084;Hovedstaden;2020-12-27;M;470;7;25;1549;156667;7383;
1082;Midtjylland;2020-12-27;M;184;5;7;1554;156851;7390;
1081;Nordjylland;2020-12-27;M;71;1;3;1555;156922;7393;
1085;Sjælland;2020-12-27;M;165;6;17;1561;157087;7410;
1083;Syddanmark;2020-12-27;M;105;0;9;1561;157192;7419;
1084;Hovedstaden;2020-12-28;F;755;15;39;1576;157947;7458;
1082;Midtjylland;2020-12-28;F;306;3;14;1579;158253;7472;
1081;Nordjylland;2020-12-28;F;138;1;5;1580;158391;7477;
1085;Sjælland;2020-12-28;F;295;4;11;1584;158686;7488;
1083;Syddanmark;2020-12-28;F;216;4;12;1588;158902;7500;
1084;Hovedstaden;2020-12-28;M;536;10;35;1598;159438;7535;
1082;Midtjylland;2020-12-28;M;264;5;25;1603;159702;7560;
1081;Nordjylland;2020-12-28;M;123;1;1;1604;159825;7561;
1085;Sjælland;2020-12-28;M;249;1;21;1605;160074;7582;
1083;Syddanmark;2020-12-28;M;184;4;16;1609;160258;7598;
1084;Hovedstaden;2020-12-29;F;566;11;37;1620;160824;7635;
1082;Midtjylland;2020-12-29;F;281;4;9;1624;161105;7644;
1081;Nordjylland;2020-12-29;F;98;3;4;1627;161203;7648;
1085;Sjælland;2020-12-29;F;260;1;10;1628;161463;7658;
1083;Syddanmark;2020-12-29;F;175;1;4;1629;161638;7662;
1084;Hovedstaden;2020-12-29;M;425;11;34;1640;162063;7696;
1082;Midtjylland;2020-12-29;M;238;1;16;1641;162301;7712;
1081;Nordjylland;2020-12-29;M;89;0;3;1641;162390;7715;
1085;Sjælland;2020-12-29;M;182;0;9;1641;162572;7724;
1083;Syddanmark;2020-12-29;M;166;2;8;1643;162738;7732;
1084;Hovedstaden;2020-12-30;F;618;10;30;1653;163356;7762;
1082;Midtjylland;2020-12-30;F;250;2;10;1655;163606;7772;
1081;Nordjylland;2020-12-30;F;120;0;5;1655;163726;7777;
1085;Sjælland;2020-12-30;F;264;5;9;1660;163990;7786;
1083;Syddanmark;2020-12-30;F;200;3;5;1663;164190;7791;
1084;Hovedstaden;2020-12-30;M;566;10;35;1673;164756;7826;
1082;Midtjylland;2020-12-30;M;230;4;18;1677;164986;7844;
1081;Nordjylland;2020-12-30;M;93;1;7;1678;165079;7851;
1085;Sjælland;2020-12-30;M;256;7;18;1685;165335;7869;
1083;Syddanmark;2020-12-30;M;176;1;4;1686;165511;7873;
1084;Hovedstaden;2020-12-31;F;286;6;17;1692;165797;7890;
1082;Midtjylland;2020-12-31;F;123;2;2;1694;165920;7892;
1081;Nordjylland;2020-12-31;F;62;1;4;1695;165982;7896;
1085;Sjælland;2020-12-31;F;85;0;4;1695;166067;7900;
1083;Syddanmark;2020-12-31;F;90;1;6;1696;166157;7906;
1084;Hovedstaden;2020-12-31;M;279;8;27;1704;166436;7933;
1082;Midtjylland;2020-12-31;M;119;0;9;1704;166555;7942;
1081;Nordjylland;2020-12-31;M;42;0;2;1704;166597;7944;
1085;Sjælland;2020-12-31;M;68;0;8;1704;166665;7952;
1083;Syddanmark;2020-12-31;M;78;1;6;1705;166743;7958;
1084;Hovedstaden;2021-01-01;F;288;6;18;1711;167031;7976;
1082;Midtjylland;2021-01-01;F;129;1;3;1712;167160;7979;
1081;Nordjylland;2021-01-01;F;52;0;2;1712;167212;7981;
1085;Sjælland;2021-01-01;F;69;1;9;1713;167281;7990;
1083;Syddanmark;2021-01-01;F;90;0;4;1713;167371;7994;
1084;Hovedstaden;2021-01-01;M;285;6;23;1719;167656;8017;
1082;Midtjylland;2021-01-01;M;101;1;6;1720;167757;8023;
1081;Nordjylland;2021-01-01;M;42;2;6;1722;167799;8029;
1085;Sjælland;2021-01-01;M;70;1;10;1723;167869;8039;
1083;Syddanmark;2021-01-01;M;77;2;6;1725;167946;8045;
1084;Hovedstaden;2021-01-02;F;436;3;25;1728;168382;8070;
1082;Midtjylland;2021-01-02;F;217;2;3;1730;168599;8073;
1081;Nordjylland;2021-01-02;F;96;0;2;1730;168695;8075;
1085;Sjælland;2021-01-02;F;162;0;12;1730;168857;8087;
1083;Syddanmark;2021-01-02;F;136;1;4;1731;168993;8091;
1084;Hovedstaden;2021-01-02;M;402;7;22;1738;169395;8113;
1082;Midtjylland;2021-01-02;M;222;2;14;1740;169617;8127;
1081;Nordjylland;2021-01-02;M;90;2;9;1742;169707;8136;
1085;Sjælland;2021-01-02;M;160;8;13;1750;169867;8149;
1083;Syddanmark;2021-01-02;M;125;2;9;1752;169992;8158;
1084;Hovedstaden;2021-01-03;F;392;2;19;1754;170384;8177;
1082;Midtjylland;2021-01-03;F;184;2;6;1756;170568;8183;
1081;Nordjylland;2021-01-03;F;110;7;8;1763;170678;8191;
1085;Sjælland;2021-01-03;F;114;2;8;1765;170792;8199;
1083;Syddanmark;2021-01-03;F;114;1;5;1766;170906;8204;
1084;Hovedstaden;2021-01-03;M;322;3;22;1769;171228;8226;
1082;Midtjylland;2021-01-03;M;146;0;5;1769;171374;8231;
1081;Nordjylland;2021-01-03;M;68;3;6;1772;171442;8237;
1085;Sjælland;2021-01-03;M;107;2;11;1774;171549;8248;
1083;Syddanmark;2021-01-03;M;111;0;9;1774;171660;8257;
1084;Hovedstaden;2021-01-04;F;581;16;23;1790;172241;8280;
1082;Midtjylland;2021-01-04;F;245;5;6;1795;172486;8286;
1081;Nordjylland;2021-01-04;F;108;2;6;1797;172594;8292;
1085;Sjælland;2021-01-04;F;220;1;6;1798;172814;8298;
1083;Syddanmark;2021-01-04;F;175;0;6;1798;172989;8304;
1084;Hovedstaden;2021-01-04;M;482;12;31;1810;173471;8335;
1082;Midtjylland;2021-01-04;M;213;3;10;1813;173684;8345;
1081;Nordjylland;2021-01-04;M;102;2;5;1815;173786;8350;
1085;Sjælland;2021-01-04;M;179;2;10;1817;173965;8360;
1083;Syddanmark;2021-01-04;M;174;1;6;1818;174139;8366;
1084;Hovedstaden;2021-01-05;F;448;0;21;1818;174587;8387;
1082;Midtjylland;2021-01-05;F;183;4;9;1822;174770;8396;
1081;Nordjylland;2021-01-05;F;85;2;3;1824;174855;8399;
1085;Sjælland;2021-01-05;F;205;3;7;1827;175060;8406;
1083;Syddanmark;2021-01-05;F;157;3;10;1830;175217;8416;
1084;Hovedstaden;2021-01-05;M;380;7;21;1837;175597;8437;
1082;Midtjylland;2021-01-05;M;133;0;10;1837;175730;8447;
1081;Nordjylland;2021-01-05;M;69;0;2;1837;175799;8449;
1085;Sjælland;2021-01-05;M;146;3;8;1840;175945;8457;
1083;Syddanmark;2021-01-05;M;123;1;11;1841;176068;8468;
1084;Hovedstaden;2021-01-06;F;402;9;28;1850;176470;8496;
1082;Midtjylland;2021-01-06;F;154;5;10;1855;176624;8506;
1081;Nordjylland;2021-01-06;F;90;0;4;1855;176714;8510;
1085;Sjælland;2021-01-06;F;143;3;14;1858;176857;8524;
1083;Syddanmark;2021-01-06;F;111;0;5;1858;176968;8529;
1084;Hovedstaden;2021-01-06;M;314;10;28;1868;177282;8557;
1082;Midtjylland;2021-01-06;M;126;3;10;1871;177408;8567;
1081;Nordjylland;2021-01-06;M;87;2;2;1873;177495;8569;
1085;Sjælland;2021-01-06;M;129;3;8;1876;177624;8577;
1083;Syddanmark;2021-01-06;M;101;0;2;1876;177725;8579;
1084;Hovedstaden;2021-01-07;F;319;7;18;1883;178044;8597;
1082;Midtjylland;2021-01-07;F;190;5;9;1888;178234;8606;
1081;Nordjylland;2021-01-07;F;71;1;4;1889;178305;8610;
1085;Sjælland;2021-01-07;F;151;3;13;1892;178456;8623;
1083;Syddanmark;2021-01-07;F;136;2;8;1894;178592;8631;
1084;Hovedstaden;2021-01-07;M;267;3;17;1897;178859;8648;
1082;Midtjylland;2021-01-07;M;147;8;13;1905;179006;8661;
1081;Nordjylland;2021-01-07;M;74;1;2;1906;179080;8663;
1085;Sjælland;2021-01-07;M;96;4;14;1910;179176;8677;
1083;Syddanmark;2021-01-07;M;136;3;8;1913;179312;8685;
1084;Hovedstaden;2021-01-08;F;338;5;21;1918;179650;8706;
1082;Midtjylland;2021-01-08;F;144;1;10;1919;179794;8716;
1081;Nordjylland;2021-01-08;F;57;1;2;1920;179851;8718;
1085;Sjælland;2021-01-08;F;108;1;4;1921;179959;8722;
1083;Syddanmark;2021-01-08;F;119;1;9;1922;180078;8731;
1084;Hovedstaden;2021-01-08;M;270;7;18;1929;180348;8749;
1082;Midtjylland;2021-01-08;M;110;3;9;1932;180458;8758;
1081;Nordjylland;2021-01-08;M;61;2;10;1934;180519;8768;
1085;Sjælland;2021-01-08;M;115;2;10;1936;180634;8778;
1083;Syddanmark;2021-01-08;M;110;1;6;1937;180744;8784;
1084;Hovedstaden;2021-01-09;F;256;3;18;1940;181000;8802;
1082;Midtjylland;2021-01-09;F;113;2;3;1942;181113;8805;
1081;Nordjylland;2021-01-09;F;51;0;1;1942;181164;8806;
1085;Sjælland;2021-01-09;F;113;3;11;1945;181277;8817;
1083;Syddanmark;2021-01-09;F;88;3;4;1948;181365;8821;
1084;Hovedstaden;2021-01-09;M;228;9;25;1957;181593;8846;
1082;Midtjylland;2021-01-09;M;109;3;5;1960;181702;8851;
1081;Nordjylland;2021-01-09;M;50;0;3;1960;181752;8854;
1085;Sjælland;2021-01-09;M;99;3;13;1963;181851;8867;
1083;Syddanmark;2021-01-09;M;86;3;6;1966;181937;8873;
1084;Hovedstaden;2021-01-10;F;210;2;13;1968;182147;8886;
1082;Midtjylland;2021-01-10;F;100;2;6;1970;182247;8892;
1081;Nordjylland;2021-01-10;F;45;0;2;1970;182292;8894;
1085;Sjælland;2021-01-10;F;86;3;12;1973;182378;8906;
1083;Syddanmark;2021-01-10;F;75;1;7;1974;182453;8913;
1084;Hovedstaden;2021-01-10;M;198;7;19;1981;182651;8932;
1082;Midtjylland;2021-01-10;M;85;1;7;1982;182736;8939;
1081;Nordjylland;2021-01-10;M;36;2;3;1984;182772;8942;
1085;Sjælland;2021-01-10;M;81;1;6;1985;182853;8948;
1083;Syddanmark;2021-01-10;M;74;1;4;1986;182927;8952;
1084;Hovedstaden;2021-01-11;F;367;7;26;1993;183294;8978;
1082;Midtjylland;2021-01-11;F;104;1;6;1994;183398;8984;
1081;Nordjylland;2021-01-11;F;57;1;1;1995;183455;8985;
1085;Sjælland;2021-01-11;F;127;4;10;1999;183582;8995;
1083;Syddanmark;2021-01-11;F;116;2;9;2001;183698;9004;
1084;Hovedstaden;2021-01-11;M;249;9;18;2010;183947;9022;
1082;Midtjylland;2021-01-11;M;93;3;7;2013;184040;9029;
1081;Nordjylland;2021-01-11;M;50;0;1;2013;184090;9030;
1085;Sjælland;2021-01-11;M;98;1;12;2014;184188;9042;
1083;Syddanmark;2021-01-11;M;92;2;10;2016;184280;9052;
1084;Hovedstaden;2021-01-12;F;321;10;19;2026;184601;9071;
1082;Midtjylland;2021-01-12;F;98;3;10;2029;184699;9081;
1081;Nordjylland;2021-01-12;F;54;1;1;2030;184753;9082;
1085;Sjælland;2021-01-12;F;124;1;7;2031;184877;9089;
1083;Syddanmark;2021-01-12;F;73;0;3;2031;184950;9092;
1084;Hovedstaden;2021-01-12;M;269;4;18;2035;185219;9110;
1082;Midtjylland;2021-01-12;M;82;2;6;2037;185301;9116;
1081;Nordjylland;2021-01-12;M;51;0;3;2037;185352;9119;
1085;Sjælland;2021-01-12;M;110;5;8;2042;185462;9127;
1083;Syddanmark;2021-01-12;M;79;2;6;2044;185541;9133;
1084;Hovedstaden;2021-01-13;F;269;7;19;2051;185810;9152;
1082;Midtjylland;2021-01-13;F;102;2;0;2053;185912;9152;
1081;Nordjylland;2021-01-13;F;65;2;4;2055;185977;9156;
1085;Sjælland;2021-01-13;F;76;2;9;2057;186053;9165;
1083;Syddanmark;2021-01-13;F;83;1;0;2058;186136;9165;
1084;Hovedstaden;2021-01-13;M;246;3;25;2061;186382;9190;
1082;Midtjylland;2021-01-13;M;69;0;4;2061;186451;9194;
1081;Nordjylland;2021-01-13;M;55;3;5;2064;186506;9199;
1085;Sjælland;2021-01-13;M;82;3;13;2067;186588;9212;
1083;Syddanmark;2021-01-13;M;68;0;2;2067;186656;9214;
1084;Hovedstaden;2021-01-14;F;223;4;15;2071;186879;9229;
1082;Midtjylland;2021-01-14;F;105;1;4;2072;186984;9233;
1081;Nordjylland;2021-01-14;F;50;0;2;2072;187034;9235;
1085;Sjælland;2021-01-14;F;98;1;6;2073;187132;9241;
1083;Syddanmark;2021-01-14;F;86;1;4;2074;187218;9245;
1084;Hovedstaden;2021-01-14;M;201;9;23;2083;187419;9268;
1082;Midtjylland;2021-01-14;M;82;1;6;2084;187501;9274;
1081;Nordjylland;2021-01-14;M;48;0;1;2084;187549;9275;
1085;Sjælland;2021-01-14;M;50;1;5;2085;187599;9280;
1083;Syddanmark;2021-01-14;M;64;0;2;2085;187663;9282;
1084;Hovedstaden;2021-01-15;F;200;2;11;2087;187863;9293;
1082;Midtjylland;2021-01-15;F;64;2;5;2089;187927;9298;
1081;Nordjylland;2021-01-15;F;35;0;1;2089;187962;9299;
1085;Sjælland;2021-01-15;F;67;2;5;2091;188029;9304;
1083;Syddanmark;2021-01-15;F;70;0;5;2091;188099;9309;
1084;Hovedstaden;2021-01-15;M;192;4;16;2095;188291;9325;
1082;Midtjylland;2021-01-15;M;53;2;8;2097;188344;9333;
1081;Nordjylland;2021-01-15;M;51;2;5;2099;188395;9338;
1085;Sjælland;2021-01-15;M;66;3;9;2102;188461;9347;
1083;Syddanmark;2021-01-15;M;58;2;7;2104;188519;9354;
1084;Hovedstaden;2021-01-16;F;177;5;10;2109;188696;9364;
1082;Midtjylland;2021-01-16;F;35;1;2;2110;188731;9366;
1081;Nordjylland;2021-01-16;F;37;0;1;2110;188768;9367;
1085;Sjælland;2021-01-16;F;51;1;1;2111;188819;9368;
1083;Syddanmark;2021-01-16;F;73;2;10;2113;188892;9378;
1084;Hovedstaden;2021-01-16;M;163;3;13;2116;189055;9391;
1082;Midtjylland;2021-01-16;M;37;0;3;2116;189092;9394;
1081;Nordjylland;2021-01-16;M;37;2;5;2118;189129;9399;
1085;Sjælland;2021-01-16;M;55;0;4;2118;189184;9403;
1083;Syddanmark;2021-01-16;M;54;0;5;2118;189238;9408;
1084;Hovedstaden;2021-01-17;F;171;2;14;2120;189409;9422;
1082;Midtjylland;2021-01-17;F;43;0;2;2120;189452;9424;
1081;Nordjylland;2021-01-17;F;29;2;2;2122;189481;9426;
1085;Sjælland;2021-01-17;F;63;0;7;2122;189544;9433;
1083;Syddanmark;2021-01-17;F;49;1;2;2123;189593;9435;
1084;Hovedstaden;2021-01-17;M;150;3;16;2126;189743;9451;
1082;Midtjylland;2021-01-17;M;35;0;1;2126;189778;9452;
1081;Nordjylland;2021-01-17;M;36;2;4;2128;189814;9456;
1085;Sjælland;2021-01-17;M;52;1;7;2129;189866;9463;
1083;Syddanmark;2021-01-17;M;49;0;3;2129;189915;9466;
1084;Hovedstaden;2021-01-18;F;238;6;20;2135;190153;9486;
1082;Midtjylland;2021-01-18;F;65;1;3;2136;190218;9489;
1081;Nordjylland;2021-01-18;F;43;0;4;2136;190261;9493;
1085;Sjælland;2021-01-18;F;78;2;6;2138;190339;9499;
1083;Syddanmark;2021-01-18;F;77;2;6;2140;190416;9505;
1084;Hovedstaden;2021-01-18;M;207;8;34;2148;190623;9539;
1082;Midtjylland;2021-01-18;M;55;1;5;2149;190678;9544;
1081;Nordjylland;2021-01-18;M;31;3;4;2152;190709;9548;
1085;Sjælland;2021-01-18;M;62;1;12;2153;190771;9560;
1083;Syddanmark;2021-01-18;M;75;0;3;2153;190846;9563;
1084;Hovedstaden;2021-01-19;F;188;2;17;2155;191034;9580;
1082;Midtjylland;2021-01-19;F;65;1;3;2156;191099;9583;
1081;Nordjylland;2021-01-19;F;44;1;5;2157;191143;9588;
1085;Sjælland;2021-01-19;F;84;1;5;2158;191227;9593;
1083;Syddanmark;2021-01-19;F;80;3;3;2161;191307;9596;
1084;Hovedstaden;2021-01-19;M;174;7;23;2168;191481;9619;
1082;Midtjylland;2021-01-19;M;47;2;7;2170;191528;9626;
1081;Nordjylland;2021-01-19;M;50;3;6;2173;191578;9632;
1085;Sjælland;2021-01-19;M;80;1;9;2174;191658;9641;
1083;Syddanmark;2021-01-19;M;102;3;7;2177;191760;9648;
1084;Hovedstaden;2021-01-20;F;164;3;9;2180;191924;9657;
1082;Midtjylland;2021-01-20;F;60;1;2;2181;191984;9659;
1081;Nordjylland;2021-01-20;F;41;2;5;2183;192025;9664;
1085;Sjælland;2021-01-20;F;71;1;3;2184;192096;9667;
1083;Syddanmark;2021-01-20;F;58;1;5;2185;192154;9672;
1084;Hovedstaden;2021-01-20;M;153;3;8;2188;192307;9680;
1082;Midtjylland;2021-01-20;M;51;1;8;2189;192358;9688;
1081;Nordjylland;2021-01-20;M;39;0;4;2189;192397;9692;
1085;Sjælland;2021-01-20;M;78;0;4;2189;192475;9696;
1083;Syddanmark;2021-01-20;M;61;0;4;2189;192536;9700;
1084;Hovedstaden;2021-01-21;F;192;5;13;2194;192728;9713;
1082;Midtjylland;2021-01-21;F;63;1;4;2195;192791;9717;
1081;Nordjylland;2021-01-21;F;46;0;3;2195;192837;9720;
1085;Sjælland;2021-01-21;F;75;0;2;2195;192912;9722;
1083;Syddanmark;2021-01-21;F;58;2;6;2197;192970;9728;
1084;Hovedstaden;2021-01-21;M;187;5;22;2202;193157;9750;
1082;Midtjylland;2021-01-21;M;57;0;4;2202;193214;9754;
1081;Nordjylland;2021-01-21;M;28;0;2;2202;193242;9756;
1085;Sjælland;2021-01-21;M;71;0;10;2202;193313;9766;
1083;Syddanmark;2021-01-21;M;81;2;5;2204;193394;9771;
1084;Hovedstaden;2021-01-22;F;150;5;8;2209;193544;9779;
1082;Midtjylland;2021-01-22;F;51;1;3;2210;193595;9782;
1081;Nordjylland;2021-01-22;F;41;1;3;2211;193636;9785;
1085;Sjælland;2021-01-22;F;74;2;8;2213;193710;9793;
1083;Syddanmark;2021-01-22;F;53;1;2;2214;193763;9795;
1084;Hovedstaden;2021-01-22;M;139;3;10;2217;193902;9805;
1082;Midtjylland;2021-01-22;M;44;1;2;2218;193946;9807;
1081;Nordjylland;2021-01-22;M;43;3;5;2221;193989;9812;
1085;Sjælland;2021-01-22;M;56;1;5;2222;194045;9817;
1083;Syddanmark;2021-01-22;M;64;0;2;2222;194109;9819;
1084;Hovedstaden;2021-01-23;F;137;2;10;2224;194246;9829;
1082;Midtjylland;2021-01-23;F;42;1;2;2225;194288;9831;
1081;Nordjylland;2021-01-23;F;21;0;0;2225;194309;9831;
1085;Sjælland;2021-01-23;F;54;2;4;2227;194363;9835;
1083;Syddanmark;2021-01-23;F;45;0;3;2227;194408;9838;
1084;Hovedstaden;2021-01-23;M;120;2;11;2229;194528;9849;
1082;Midtjylland;2021-01-23;M;42;0;5;2229;194570;9854;
1081;Nordjylland;2021-01-23;M;24;1;3;2230;194594;9857;
1085;Sjælland;2021-01-23;M;46;1;4;2231;194640;9861;
1083;Syddanmark;2021-01-23;M;60;1;2;2232;194700;9863;
1084;Hovedstaden;2021-01-24;F;125;0;11;2232;194825;9874;
1082;Midtjylland;2021-01-24;F;32;1;0;2233;194857;9874;
1081;Nordjylland;2021-01-24;F;28;1;4;2234;194885;9878;
1085;Sjælland;2021-01-24;F;42;3;3;2237;194927;9881;
1083;Syddanmark;2021-01-24;F;49;0;2;2237;194976;9883;
1084;Hovedstaden;2021-01-24;M;121;2;10;2239;195097;9893;
1082;Midtjylland;2021-01-24;M;23;1;1;2240;195120;9894;
1081;Nordjylland;2021-01-24;M;29;0;1;2240;195149;9895;
1085;Sjælland;2021-01-24;M;42;0;4;2240;195191;9899;
1083;Syddanmark;2021-01-24;M;23;0;1;2240;195214;9900;
1084;Hovedstaden;2021-01-25;F;160;5;11;2245;195374;9911;
1082;Midtjylland;2021-01-25;F;43;0;4;2245;195417;9915;
1081;Nordjylland;2021-01-25;F;29;0;2;2245;195446;9917;
1085;Sjælland;2021-01-25;F;68;1;7;2246;195514;9924;
1083;Syddanmark;2021-01-25;F;50;0;3;2246;195564;9927;
1084;Hovedstaden;2021-01-25;M;172;3;14;2249;195736;9941;
1082;Midtjylland;2021-01-25;M;41;0;2;2249;195777;9943;
1081;Nordjylland;2021-01-25;M;23;0;2;2249;195800;9945;
1085;Sjælland;2021-01-25;M;63;0;6;2249;195863;9951;
1083;Syddanmark;2021-01-25;M;73;0;6;2249;195936;9957;
1084;Hovedstaden;2021-01-26;F;143;1;6;2250;196079;9963;
1082;Midtjylland;2021-01-26;F;48;0;2;2250;196127;9965;
1081;Nordjylland;2021-01-26;F;34;0;0;2250;196161;9965;
1085;Sjælland;2021-01-26;F;68;0;3;2250;196229;9968;
1083;Syddanmark;2021-01-26;F;59;0;1;2250;196288;9969;
1084;Hovedstaden;2021-01-26;M;137;2;13;2252;196425;9982;
1082;Midtjylland;2021-01-26;M;47;3;3;2255;196472;9985;
1081;Nordjylland;2021-01-26;M;33;0;4;2255;196505;9989;
1085;Sjælland;2021-01-26;M;67;1;5;2256;196572;9994;
1083;Syddanmark;2021-01-26;M;47;0;0;2256;196619;9994;
1084;Hovedstaden;2021-01-27;F;139;1;11;2257;196758;10005;
1082;Midtjylland;2021-01-27;F;36;0;1;2257;196794;10006;
1081;Nordjylland;2021-01-27;F;13;0;1;2257;196807;10007;
1085;Sjælland;2021-01-27;F;50;1;1;2258;196857;10008;
1083;Syddanmark;2021-01-27;F;39;1;3;2259;196896;10011;
1084;Hovedstaden;2021-01-27;M;111;4;10;2263;197007;10021;
1082;Midtjylland;2021-01-27;M;29;1;3;2264;197036;10024;
1081;Nordjylland;2021-01-27;M;23;0;2;2264;197059;10026;
1085;Sjælland;2021-01-27;M;52;3;8;2267;197111;10034;
1083;Syddanmark;2021-01-27;M;40;0;3;2267;197151;10037;
1084;Hovedstaden;2021-01-28;F;131;2;7;2269;197282;10044;
1082;Midtjylland;2021-01-28;F;44;1;4;2270;197326;10048;
1081;Nordjylland;2021-01-28;F;23;0;0;2270;197349;10048;
1085;Sjælland;2021-01-28;F;50;0;4;2270;197399;10052;
1083;Syddanmark;2021-01-28;F;31;0;1;2270;197430;10053;
1084;Hovedstaden;2021-01-28;M;106;4;9;2274;197536;10062;
1082;Midtjylland;2021-01-28;M;28;0;1;2274;197564;10063;
1081;Nordjylland;2021-01-28;M;17;2;2;2276;197581;10065;
1085;Sjælland;2021-01-28;M;33;0;3;2276;197614;10068;
1083;Syddanmark;2021-01-28;M;39;1;1;2277;197653;10069;
1084;Hovedstaden;2021-01-29;F;99;4;4;2281;197752;10073;
1082;Midtjylland;2021-01-29;F;20;0;2;2281;197772;10075;
1081;Nordjylland;2021-01-29;F;17;0;2;2281;197789;10077;
1085;Sjælland;2021-01-29;F;39;1;5;2282;197828;10082;
1083;Syddanmark;2021-01-29;F;35;0;0;2282;197863;10082;
1084;Hovedstaden;2021-01-29;M;84;3;7;2285;197947;10089;
1082;Midtjylland;2021-01-29;M;26;1;2;2286;197973;10091;
1081;Nordjylland;2021-01-29;M;14;0;3;2286;197987;10094;
1085;Sjælland;2021-01-29;M;25;0;4;2286;198012;10098;
1083;Syddanmark;2021-01-29;M;47;1;0;2287;198059;10098;
1084;Hovedstaden;2021-01-30;F;76;4;8;2291;198135;10106;
1082;Midtjylland;2021-01-30;F;13;0;0;2291;198148;10106;
1081;Nordjylland;2021-01-30;F;12;0;1;2291;198160;10107;
1085;Sjælland;2021-01-30;F;31;0;3;2291;198191;10110;
1083;Syddanmark;2021-01-30;F;36;0;2;2291;198227;10112;
1084;Hovedstaden;2021-01-30;M;92;0;7;2291;198319;10119;
1082;Midtjylland;2021-01-30;M;26;0;0;2291;198345;10119;
1081;Nordjylland;2021-01-30;M;16;1;1;2292;198361;10120;
1085;Sjælland;2021-01-30;M;25;0;2;2292;198386;10122;
1083;Syddanmark;2021-01-30;M;34;0;1;2292;198420;10123;
1084;Hovedstaden;2021-01-31;F;89;3;6;2295;198509;10129;
1082;Midtjylland;2021-01-31;F;25;1;2;2296;198534;10131;
1081;Nordjylland;2021-01-31;F;12;0;0;2296;198546;10131;
1085;Sjælland;2021-01-31;F;25;0;3;2296;198571;10134;
1083;Syddanmark;2021-01-31;F;30;1;2;2297;198601;10136;
1084;Hovedstaden;2021-01-31;M;94;0;9;2297;198695;10145;
1082;Midtjylland;2021-01-31;M;20;0;3;2297;198715;10148;
1081;Nordjylland;2021-01-31;M;20;0;1;2297;198735;10149;
1085;Sjælland;2021-01-31;M;37;0;4;2297;198772;10153;
1083;Syddanmark;2021-01-31;M;37;0;4;2297;198809;10157;
1084;Hovedstaden;2021-02-01;F;100;1;6;2298;198909;10163;
1082;Midtjylland;2021-02-01;F;36;0;3;2298;198945;10166;
1081;Nordjylland;2021-02-01;F;24;0;2;2298;198969;10168;
1085;Sjælland;2021-02-01;F;52;0;1;2298;199021;10169;
1083;Syddanmark;2021-02-01;F;52;1;5;2299;199073;10174;
1084;Hovedstaden;2021-02-01;M;113;5;12;2304;199186;10186;
1082;Midtjylland;2021-02-01;M;29;0;1;2304;199215;10187;
1081;Nordjylland;2021-02-01;M;22;1;4;2305;199237;10191;
1085;Sjælland;2021-02-01;M;36;1;4;2306;199273;10195;
1083;Syddanmark;2021-02-01;M;41;1;4;2307;199314;10199;
1084;Hovedstaden;2021-02-02;F;96;0;7;2307;199410;10206;
1082;Midtjylland;2021-02-02;F;34;0;1;2307;199444;10207;
1081;Nordjylland;2021-02-02;F;22;0;1;2307;199466;10208;
1085;Sjælland;2021-02-02;F;43;0;4;2307;199509;10212;
1083;Syddanmark;2021-02-02;F;51;3;8;2310;199560;10220;
1084;Hovedstaden;2021-02-02;M;114;4;9;2314;199674;10229;
1082;Midtjylland;2021-02-02;M;29;0;2;2314;199703;10231;
1081;Nordjylland;2021-02-02;M;23;1;2;2315;199726;10233;
1085;Sjælland;2021-02-02;M;34;0;2;2315;199760;10235;
1083;Syddanmark;2021-02-02;M;42;1;5;2316;199802;10240;
1084;Hovedstaden;2021-02-03;F;76;0;2;2316;199878;10242;
1082;Midtjylland;2021-02-03;F;21;0;1;2316;199899;10243;
1081;Nordjylland;2021-02-03;F;23;1;1;2317;199922;10244;
1085;Sjælland;2021-02-03;F;41;1;2;2318;199963;10246;
1083;Syddanmark;2021-02-03;F;53;1;2;2319;200016;10248;
1084;Hovedstaden;2021-02-03;M;83;0;5;2319;200099;10253;
1082;Midtjylland;2021-02-03;M;34;0;1;2319;200133;10254;
1081;Nordjylland;2021-02-03;M;19;0;3;2319;200152;10257;
1085;Sjælland;2021-02-03;M;31;1;3;2320;200183;10260;
1083;Syddanmark;2021-02-03;M;47;1;4;2321;200230;10264;
1084;Hovedstaden;2021-02-04;F;94;2;6;2323;200324;10270;
1082;Midtjylland;2021-02-04;F;36;0;0;2323;200360;10270;
1081;Nordjylland;2021-02-04;F;17;1;2;2324;200377;10272;
1085;Sjælland;2021-02-04;F;30;1;2;2325;200407;10274;
1083;Syddanmark;2021-02-04;F;34;0;1;2325;200441;10275;
1084;Hovedstaden;2021-02-04;M;103;0;10;2325;200544;10285;
1082;Midtjylland;2021-02-04;M;32;0;0;2325;200576;10285;
1081;Nordjylland;2021-02-04;M;13;0;1;2325;200589;10286;
1085;Sjælland;2021-02-04;M;45;1;6;2326;200634;10292;
1083;Syddanmark;2021-02-04;M;35;0;0;2326;200669;10292;
1084;Hovedstaden;2021-02-05;F;89;0;5;2326;200758;10297;
1082;Midtjylland;2021-02-05;F;34;0;1;2326;200792;10298;
1081;Nordjylland;2021-02-05;F;21;0;1;2326;200813;10299;
1085;Sjælland;2021-02-05;F;25;2;3;2328;200838;10302;
1083;Syddanmark;2021-02-05;F;32;1;0;2329;200870;10302;
1084;Hovedstaden;2021-02-05;M;83;3;7;2332;200953;10309;
1082;Midtjylland;2021-02-05;M;32;0;2;2332;200985;10311;
1081;Nordjylland;2021-02-05;M;12;0;1;2332;200997;10312;
1085;Sjælland;2021-02-05;M;36;1;5;2333;201033;10317;
1083;Syddanmark;2021-02-05;M;43;1;1;2334;201076;10318;
1084;Hovedstaden;2021-02-06;F;98;0;7;2334;201174;10325;
1082;Midtjylland;2021-02-06;F;30;0;2;2334;201204;10327;
1081;Nordjylland;2021-02-06;F;19;1;3;2335;201223;10330;
1085;Sjælland;2021-02-06;F;36;0;1;2335;201259;10331;
1083;Syddanmark;2021-02-06;F;44;0;2;2335;201303;10333;
1084;Hovedstaden;2021-02-06;M;72;0;1;2335;201375;10334;
1082;Midtjylland;2021-02-06;M;41;0;3;2335;201416;10337;
1081;Nordjylland;2021-02-06;M;11;0;1;2335;201427;10338;
1085;Sjælland;2021-02-06;M;31;1;3;2336;201458;10341;
1083;Syddanmark;2021-02-06;M;52;1;3;2337;201510;10344;
1084;Hovedstaden;2021-02-07;F;101;6;11;2343;201611;10355;
1082;Midtjylland;2021-02-07;F;33;0;0;2343;201644;10355;
1081;Nordjylland;2021-02-07;F;20;0;1;2343;201664;10356;
1085;Sjælland;2021-02-07;F;26;0;1;2343;201690;10357;
1083;Syddanmark;2021-02-07;F;35;1;2;2344;201725;10359;
1084;Hovedstaden;2021-02-07;M;70;2;7;2346;201795;10366;
1082;Midtjylland;2021-02-07;M;44;0;2;2346;201839;10368;
1081;Nordjylland;2021-02-07;M;13;0;2;2346;201852;10370;
1085;Sjælland;2021-02-07;M;20;0;0;2346;201872;10370;
1083;Syddanmark;2021-02-07;M;27;1;0;2347;201899;10370;
1084;Hovedstaden;2021-02-08;F;92;1;9;2348;201991;10379;
1082;Midtjylland;2021-02-08;F;27;0;1;2348;202018;10380;
1081;Nordjylland;2021-02-08;F;25;0;1;2348;202043;10381;
1085;Sjælland;2021-02-08;F;55;0;8;2348;202098;10389;
1083;Syddanmark;2021-02-08;F;41;0;5;2348;202139;10394;
1084;Hovedstaden;2021-02-08;M;73;1;4;2349;202212;10398;
1082;Midtjylland;2021-02-08;M;39;0;2;2349;202251;10400;
1081;Nordjylland;2021-02-08;M;13;1;3;2350;202264;10403;
1085;Sjælland;2021-02-08;M;47;1;5;2351;202311;10408;
1083;Syddanmark;2021-02-08;M;29;0;2;2351;202340;10410;
1084;Hovedstaden;2021-02-09;F;90;2;9;2353;202430;10419;
1082;Midtjylland;2021-02-09;F;25;0;0;2353;202455;10419;
1081;Nordjylland;2021-02-09;F;22;0;2;2353;202477;10421;
1085;Sjælland;2021-02-09;F;36;0;3;2353;202513;10424;
1083;Syddanmark;2021-02-09;F;45;1;3;2354;202558;10427;
1084;Hovedstaden;2021-02-09;M;88;0;4;2354;202646;10431;
1082;Midtjylland;2021-02-09;M;47;0;1;2354;202693;10432;
1081;Nordjylland;2021-02-09;M;15;0;3;2354;202708;10435;
1085;Sjælland;2021-02-09;M;37;0;3;2354;202745;10438;
1083;Syddanmark;2021-02-09;M;53;1;3;2355;202798;10441;
1084;Hovedstaden;2021-02-10;F;83;0;5;2355;202881;10446;
1082;Midtjylland;2021-02-10;F;43;2;3;2357;202924;10449;
1081;Nordjylland;2021-02-10;F;21;0;3;2357;202945;10452;
1085;Sjælland;2021-02-10;F;36;0;3;2357;202981;10455;
1083;Syddanmark;2021-02-10;F;36;0;0;2357;203017;10455;
1084;Hovedstaden;2021-02-10;M;95;1;6;2358;203112;10461;
1082;Midtjylland;2021-02-10;M;44;0;2;2358;203156;10463;
1081;Nordjylland;2021-02-10;M;23;0;3;2358;203179;10466;
1085;Sjælland;2021-02-10;M;26;0;2;2358;203205;10468;
1083;Syddanmark;2021-02-10;M;40;1;1;2359;203245;10469;
1084;Hovedstaden;2021-02-11;F;84;2;2;2361;203329;10471;
1082;Midtjylland;2021-02-11;F;33;0;1;2361;203362;10472;
1081;Nordjylland;2021-02-11;F;12;0;0;2361;203374;10472;
1085;Sjælland;2021-02-11;F;43;0;1;2361;203417;10473;
1083;Syddanmark;2021-02-11;F;38;0;3;2361;203455;10476;
1084;Hovedstaden;2021-02-11;M;66;1;4;2362;203521;10480;
1082;Midtjylland;2021-02-11;M;27;0;2;2362;203548;10482;
1081;Nordjylland;2021-02-11;M;9;1;1;2363;203557;10483;
1085;Sjælland;2021-02-11;M;39;1;5;2364;203596;10488;
1083;Syddanmark;2021-02-11;M;25;0;2;2364;203621;10490;
1084;Hovedstaden;2021-02-12;F;68;1;3;2365;203689;10493;
1082;Midtjylland;2021-02-12;F;20;0;0;2365;203709;10493;
1081;Nordjylland;2021-02-12;F;18;0;0;2365;203727;10493;
1085;Sjælland;2021-02-12;F;26;0;2;2365;203753;10495;
1083;Syddanmark;2021-02-12;F;20;0;0;2365;203773;10495;
1084;Hovedstaden;2021-02-12;M;77;0;8;2365;203850;10503;
1082;Midtjylland;2021-02-12;M;20;0;2;2365;203870;10505;
1081;Nordjylland;2021-02-12;M;16;0;1;2365;203886;10506;
1085;Sjælland;2021-02-12;M;27;0;2;2365;203913;10508;
1083;Syddanmark;2021-02-12;M;25;0;1;2365;203938;10509;
1084;Hovedstaden;2021-02-13;F;62;0;3;2365;204000;10512;
1082;Midtjylland;2021-02-13;F;25;0;0;2365;204025;10512;
1081;Nordjylland;2021-02-13;F;16;0;3;2365;204041;10515;
1085;Sjælland;2021-02-13;F;19;0;1;2365;204060;10516;
1083;Syddanmark;2021-02-13;F;42;0;3;2365;204102;10519;
1084;Hovedstaden;2021-02-13;M;64;1;3;2366;204166;10522;
1082;Midtjylland;2021-02-13;M;31;1;0;2367;204197;10522;
1081;Nordjylland;2021-02-13;M;15;0;0;2367;204212;10522;
1085;Sjælland;2021-02-13;M;12;0;0;2367;204224;10522;
1083;Syddanmark;2021-02-13;M;46;0;3;2367;204270;10525;
1084;Hovedstaden;2021-02-14;F;59;0;1;2367;204329;10526;
1082;Midtjylland;2021-02-14;F;18;0;2;2367;204347;10528;
1081;Nordjylland;2021-02-14;F;15;0;2;2367;204362;10530;
1085;Sjælland;2021-02-14;F;25;0;2;2367;204387;10532;
1083;Syddanmark;2021-02-14;F;48;0;1;2367;204435;10533;
1084;Hovedstaden;2021-02-14;M;67;1;2;2368;204502;10535;
1082;Midtjylland;2021-02-14;M;26;0;1;2368;204528;10536;
1081;Nordjylland;2021-02-14;M;19;0;0;2368;204547;10536;
1085;Sjælland;2021-02-14;M;21;1;2;2369;204568;10538;
1083;Syddanmark;2021-02-14;M;43;0;3;2369;204611;10541;
1084;Hovedstaden;2021-02-15;F;84;0;3;2369;204695;10544;
1082;Midtjylland;2021-02-15;F;34;0;0;2369;204729;10544;
1081;Nordjylland;2021-02-15;F;22;0;2;2369;204751;10546;
1085;Sjælland;2021-02-15;F;27;0;1;2369;204778;10547;
1083;Syddanmark;2021-02-15;F;51;0;2;2369;204829;10549;
1084;Hovedstaden;2021-02-15;M;79;1;5;2370;204908;10554;
1082;Midtjylland;2021-02-15;M;29;2;2;2372;204937;10556;
1081;Nordjylland;2021-02-15;M;11;0;1;2372;204948;10557;
1085;Sjælland;2021-02-15;M;23;0;3;2372;204971;10560;
1083;Syddanmark;2021-02-15;M;45;0;6;2372;205016;10566;
1084;Hovedstaden;2021-02-16;F;86;0;5;2372;205102;10571;
1082;Midtjylland;2021-02-16;F;37;0;0;2372;205139;10571;
1081;Nordjylland;2021-02-16;F;11;0;0;2372;205150;10571;
1085;Sjælland;2021-02-16;F;31;0;2;2372;205181;10573;
1083;Syddanmark;2021-02-16;F;89;0;4;2372;205270;10577;
1084;Hovedstaden;2021-02-16;M;84;1;4;2373;205354;10581;
1082;Midtjylland;2021-02-16;M;49;0;2;2373;205403;10583;
1081;Nordjylland;2021-02-16;M;10;0;0;2373;205413;10583;
1085;Sjælland;2021-02-16;M;33;0;3;2373;205446;10586;
1083;Syddanmark;2021-02-16;M;97;0;3;2373;205543;10589;
1084;Hovedstaden;2021-02-17;F;93;0;3;2373;205636;10592;
1082;Midtjylland;2021-02-17;F;34;0;1;2373;205670;10593;
1081;Nordjylland;2021-02-17;F;11;0;2;2373;205681;10595;
1085;Sjælland;2021-02-17;F;20;0;0;2373;205701;10595;
1083;Syddanmark;2021-02-17;F;84;0;2;2373;205785;10597;
1084;Hovedstaden;2021-02-17;M;93;1;6;2374;205878;10603;
1082;Midtjylland;2021-02-17;M;43;0;5;2374;205921;10608;
1081;Nordjylland;2021-02-17;M;19;0;0;2374;205940;10608;
1085;Sjælland;2021-02-17;M;28;0;4;2374;205968;10612;
1083;Syddanmark;2021-02-17;M;83;0;5;2374;206051;10617;
1084;Hovedstaden;2021-02-18;F;75;0;1;2374;206126;10618;
1082;Midtjylland;2021-02-18;F;36;0;0;2374;206162;10618;
1081;Nordjylland;2021-02-18;F;37;0;1;2374;206199;10619;
1085;Sjælland;2021-02-18;F;31;0;3;2374;206230;10622;
1083;Syddanmark;2021-02-18;F;81;0;3;2374;206311;10625;
1084;Hovedstaden;2021-02-18;M;71;1;6;2375;206382;10631;
1082;Midtjylland;2021-02-18;M;54;0;5;2375;206436;10636;
1081;Nordjylland;2021-02-18;M;37;0;3;2375;206473;10639;
1085;Sjælland;2021-02-18;M;39;1;6;2376;206512;10645;
1083;Syddanmark;2021-02-18;M;88;0;4;2376;206600;10649;
1084;Hovedstaden;2021-02-19;F;90;3;5;2379;206690;10654;
1082;Midtjylland;2021-02-19;F;28;0;1;2379;206718;10655;
1081;Nordjylland;2021-02-19;F;6;0;1;2379;206724;10656;
1085;Sjælland;2021-02-19;F;40;0;0;2379;206764;10656;
1083;Syddanmark;2021-02-19;F;57;0;3;2379;206821;10659;
1084;Hovedstaden;2021-02-19;M;97;0;7;2379;206918;10666;
1082;Midtjylland;2021-02-19;M;23;0;0;2379;206941;10666;
1081;Nordjylland;2021-02-19;M;20;0;3;2379;206961;10669;
1085;Sjælland;2021-02-19;M;37;0;4;2379;206998;10673;
1083;Syddanmark;2021-02-19;M;68;0;2;2379;207066;10675;
1084;Hovedstaden;2021-02-20;F;75;1;6;2380;207141;10681;
1082;Midtjylland;2021-02-20;F;32;0;1;2380;207173;10682;
1081;Nordjylland;2021-02-20;F;15;0;0;2380;207188;10682;
1085;Sjælland;2021-02-20;F;28;0;0;2380;207216;10682;
1083;Syddanmark;2021-02-20;F;53;0;2;2380;207269;10684;
1084;Hovedstaden;2021-02-20;M;82;0;9;2380;207351;10693;
1082;Midtjylland;2021-02-20;M;33;0;1;2380;207384;10694;
1081;Nordjylland;2021-02-20;M;11;0;0;2380;207395;10694;
1085;Sjælland;2021-02-20;M;33;1;1;2381;207428;10695;
1083;Syddanmark;2021-02-20;M;71;0;3;2381;207499;10698;
1084;Hovedstaden;2021-02-21;F;72;0;5;2381;207571;10703;
1082;Midtjylland;2021-02-21;F;40;0;0;2381;207611;10703;
1081;Nordjylland;2021-02-21;F;9;0;1;2381;207620;10704;
1085;Sjælland;2021-02-21;F;22;0;2;2381;207642;10706;
1083;Syddanmark;2021-02-21;F;84;0;3;2381;207726;10709;
1084;Hovedstaden;2021-02-21;M;91;0;7;2381;207817;10716;
1082;Midtjylland;2021-02-21;M;40;0;1;2381;207857;10717;
1081;Nordjylland;2021-02-21;M;12;0;1;2381;207869;10718;
1085;Sjælland;2021-02-21;M;37;0;3;2381;207906;10721;
1083;Syddanmark;2021-02-21;M;67;0;4;2381;207973;10725;
1084;Hovedstaden;2021-02-22;F;99;0;8;2381;208072;10733;
1082;Midtjylland;2021-02-22;F;44;0;1;2381;208116;10734;
1081;Nordjylland;2021-02-22;F;21;0;0;2381;208137;10734;
1085;Sjælland;2021-02-22;F;51;1;4;2382;208188;10738;
1083;Syddanmark;2021-02-22;F;93;0;4;2382;208281;10742;
1084;Hovedstaden;2021-02-22;M;104;0;2;2382;208385;10744;
1082;Midtjylland;2021-02-22;M;38;0;0;2382;208423;10744;
1081;Nordjylland;2021-02-22;M;19;0;2;2382;208442;10746;
1085;Sjælland;2021-02-22;M;43;0;3;2382;208485;10749;
1083;Syddanmark;2021-02-22;M;82;0;2;2382;208567;10751;
1084;Hovedstaden;2021-02-23;F;135;0;4;2382;208702;10755;
1082;Midtjylland;2021-02-23;F;23;1;1;2383;208725;10756;
1081;Nordjylland;2021-02-23;F;25;1;2;2384;208750;10758;
1085;Sjælland;2021-02-23;F;48;0;1;2384;208798;10759;
1083;Syddanmark;2021-02-23;F;73;0;4;2384;208871;10763;
1084;Hovedstaden;2021-02-23;M;123;0;8;2384;208994;10771;
1082;Midtjylland;2021-02-23;M;43;0;4;2384;209037;10775;
1081;Nordjylland;2021-02-23;M;17;0;1;2384;209054;10776;
1085;Sjælland;2021-02-23;M;52;1;6;2385;209106;10782;
1083;Syddanmark;2021-02-23;M;75;0;5;2385;209181;10787;
1084;Hovedstaden;2021-02-24;F;121;3;11;2388;209302;10798;
1082;Midtjylland;2021-02-24;F;33;0;0;2388;209335;10798;
1081;Nordjylland;2021-02-24;F;13;0;2;2388;209348;10800;
1085;Sjælland;2021-02-24;F;49;0;1;2388;209397;10801;
1083;Syddanmark;2021-02-24;F;60;0;5;2388;209457;10806;
1084;Hovedstaden;2021-02-24;M;112;0;8;2388;209569;10814;
1082;Midtjylland;2021-02-24;M;29;0;0;2388;209598;10814;
1081;Nordjylland;2021-02-24;M;12;0;1;2388;209610;10815;
1085;Sjælland;2021-02-24;M;40;0;0;2388;209650;10815;
1083;Syddanmark;2021-02-24;M;71;0;6;2388;209721;10821;
1084;Hovedstaden;2021-02-25;F;114;0;5;2388;209835;10826;
1082;Midtjylland;2021-02-25;F;31;0;1;2388;209866;10827;
1081;Nordjylland;2021-02-25;F;16;0;0;2388;209882;10827;
1085;Sjælland;2021-02-25;F;61;0;6;2388;209943;10833;
1083;Syddanmark;2021-02-25;F;55;0;5;2388;209998;10838;
1084;Hovedstaden;2021-02-25;M;119;1;4;2389;210117;10842;
1082;Midtjylland;2021-02-25;M;33;0;3;2389;210150;10845;
1081;Nordjylland;2021-02-25;M;13;0;0;2389;210163;10845;
1085;Sjælland;2021-02-25;M;43;0;2;2389;210206;10847;
1083;Syddanmark;2021-02-25;M;62;0;1;2389;210268;10848;
1084;Hovedstaden;2021-02-26;F;121;0;7;2389;210389;10855;
1082;Midtjylland;2021-02-26;F;19;0;0;2389;210408;10855;
1081;Nordjylland;2021-02-26;F;8;0;0;2389;210416;10855;
1085;Sjælland;2021-02-26;F;34;0;1;2389;210450;10856;
1083;Syddanmark;2021-02-26;F;65;0;2;2389;210515;10858;
1084;Hovedstaden;2021-02-26;M;110;0;3;2389;210625;10861;
1082;Midtjylland;2021-02-26;M;26;0;3;2389;210651;10864;
1081;Nordjylland;2021-02-26;M;12;0;0;2389;210663;10864;
1085;Sjælland;2021-02-26;M;32;1;3;2390;210695;10867;
1083;Syddanmark;2021-02-26;M;66;0;3;2390;210761;10870;
1084;Hovedstaden;2021-02-27;F;106;1;3;2391;210867;10873;
1082;Midtjylland;2021-02-27;F;25;0;2;2391;210892;10875;
1081;Nordjylland;2021-02-27;F;12;0;0;2391;210904;10875;
1085;Sjælland;2021-02-27;F;31;0;1;2391;210935;10876;
1083;Syddanmark;2021-02-27;F;46;1;2;2392;210981;10878;
1084;Hovedstaden;2021-02-27;M;98;0;4;2392;211079;10882;
1082;Midtjylland;2021-02-27;M;25;0;0;2392;211104;10882;
1081;Nordjylland;2021-02-27;M;8;0;0;2392;211112;10882;
1085;Sjælland;2021-02-27;M;31;0;4;2392;211143;10886;
1083;Syddanmark;2021-02-27;M;43;0;4;2392;211186;10890;
1084;Hovedstaden;2021-02-28;F;123;0;6;2392;211309;10896;
1082;Midtjylland;2021-02-28;F;27;0;2;2392;211336;10898;
1081;Nordjylland;2021-02-28;F;13;0;0;2392;211349;10898;
1085;Sjælland;2021-02-28;F;21;0;1;2392;211370;10899;
1083;Syddanmark;2021-02-28;F;58;1;5;2393;211428;10904;
1084;Hovedstaden;2021-02-28;M;119;0;4;2393;211547;10908;
1082;Midtjylland;2021-02-28;M;20;0;1;2393;211567;10909;
1081;Nordjylland;2021-02-28;M;13;0;1;2393;211580;10910;
1085;Sjælland;2021-02-28;M;28;0;0;2393;211608;10910;
1083;Syddanmark;2021-02-28;M;57;0;2;2393;211665;10912;
1084;Hovedstaden;2021-03-01;F;135;0;3;2393;211800;10915;
1082;Midtjylland;2021-03-01;F;31;0;1;2393;211831;10916;
1081;Nordjylland;2021-03-01;F;18;0;0;2393;211849;10916;
1085;Sjælland;2021-03-01;F;56;0;4;2393;211905;10920;
1083;Syddanmark;2021-03-01;F;63;0;5;2393;211968;10925;
1084;Hovedstaden;2021-03-01;M;130;0;4;2393;212098;10929;
1082;Midtjylland;2021-03-01;M;33;0;0;2393;212131;10929;
1081;Nordjylland;2021-03-01;M;16;0;1;2393;212147;10930;
1085;Sjælland;2021-03-01;M;50;2;4;2395;212197;10934;
1083;Syddanmark;2021-03-01;M;63;1;2;2396;212260;10936;
1084;Hovedstaden;2021-03-02;F;124;2;5;2398;212384;10941;
1082;Midtjylland;2021-03-02;F;40;0;1;2398;212424;10942;
1081;Nordjylland;2021-03-02;F;8;0;1;2398;212432;10943;
1085;Sjælland;2021-03-02;F;51;0;4;2398;212483;10947;
1083;Syddanmark;2021-03-02;F;71;0;3;2398;212554;10950;
1084;Hovedstaden;2021-03-02;M;133;1;10;2399;212687;10960;
1082;Midtjylland;2021-03-02;M;43;0;1;2399;212730;10961;
1081;Nordjylland;2021-03-02;M;11;0;0;2399;212741;10961;
1085;Sjælland;2021-03-02;M;46;0;4;2399;212787;10965;
1083;Syddanmark;2021-03-02;M;76;0;4;2399;212863;10969;
1084;Hovedstaden;2021-03-03;F;108;0;2;2399;212971;10971;
1082;Midtjylland;2021-03-03;F;40;0;3;2399;213011;10974;
1081;Nordjylland;2021-03-03;F;10;0;0;2399;213021;10974;
1085;Sjælland;2021-03-03;F;41;0;2;2399;213062;10976;
1083;Syddanmark;2021-03-03;F;77;0;7;2399;213139;10983;
1084;Hovedstaden;2021-03-03;M;112;0;3;2399;213251;10986;
1082;Midtjylland;2021-03-03;M;35;0;0;2399;213286;10986;
1081;Nordjylland;2021-03-03;M;12;0;0;2399;213298;10986;
1085;Sjælland;2021-03-03;M;43;0;4;2399;213341;10990;
1083;Syddanmark;2021-03-03;M;70;1;4;2400;213411;10994;
1084;Hovedstaden;2021-03-04;F;123;0;3;2400;213534;10997;
1082;Midtjylland;2021-03-04;F;24;0;0;2400;213558;10997;
1081;Nordjylland;2021-03-04;F;10;0;0;2400;213568;10997;
1085;Sjælland;2021-03-04;F;42;0;0;2400;213610;10997;
1083;Syddanmark;2021-03-04;F;43;1;3;2401;213653;11000;
1084;Hovedstaden;2021-03-04;M;105;0;3;2401;213758;11003;
1082;Midtjylland;2021-03-04;M;25;0;1;2401;213783;11004;
1081;Nordjylland;2021-03-04;M;8;0;0;2401;213791;11004;
1085;Sjælland;2021-03-04;M;40;0;3;2401;213831;11007;
1083;Syddanmark;2021-03-04;M;69;0;3;2401;213900;11010;
1084;Hovedstaden;2021-03-05;F;101;0;7;2401;214001;11017;
1082;Midtjylland;2021-03-05;F;38;0;3;2401;214039;11020;
1081;Nordjylland;2021-03-05;F;7;0;0;2401;214046;11020;
1085;Sjælland;2021-03-05;F;30;0;0;2401;214076;11020;
1083;Syddanmark;2021-03-05;F;40;0;2;2401;214116;11022;
1084;Hovedstaden;2021-03-05;M;113;3;9;2404;214229;11031;
1082;Midtjylland;2021-03-05;M;20;0;1;2404;214249;11032;
1081;Nordjylland;2021-03-05;M;14;0;1;2404;214263;11033;
1085;Sjælland;2021-03-05;M;36;1;4;2405;214299;11037;
1083;Syddanmark;2021-03-05;M;74;0;3;2405;214373;11040;
1084;Hovedstaden;2021-03-06;F;110;0;3;2405;214483;11043;
1082;Midtjylland;2021-03-06;F;29;0;1;2405;214512;11044;
1081;Nordjylland;2021-03-06;F;9;0;0;2405;214521;11044;
1085;Sjælland;2021-03-06;F;30;0;2;2405;214551;11046;
1083;Syddanmark;2021-03-06;F;44;0;0;2405;214595;11046;
1084;Hovedstaden;2021-03-06;M;97;0;6;2405;214692;11052;
1082;Midtjylland;2021-03-06;M;18;0;1;2405;214710;11053;
1081;Nordjylland;2021-03-06;M;10;0;1;2405;214720;11054;
1085;Sjælland;2021-03-06;M;42;0;6;2405;214762;11060;
1083;Syddanmark;2021-03-06;M;66;1;7;2406;214828;11067;
1084;Hovedstaden;2021-03-07;F;106;1;7;2407;214934;11074;
1082;Midtjylland;2021-03-07;F;46;0;1;2407;214980;11075;
1081;Nordjylland;2021-03-07;F;14;0;1;2407;214994;11076;
1085;Sjælland;2021-03-07;F;27;0;1;2407;215021;11077;
1083;Syddanmark;2021-03-07;F;48;0;2;2407;215069;11079;
1084;Hovedstaden;2021-03-07;M;87;0;4;2407;215156;11083;
1082;Midtjylland;2021-03-07;M;27;0;2;2407;215183;11085;
1081;Nordjylland;2021-03-07;M;10;0;0;2407;215193;11085;
1085;Sjælland;2021-03-07;M;34;0;3;2407;215227;11088;
1083;Syddanmark;2021-03-07;M;60;0;1;2407;215287;11089;
1084;Hovedstaden;2021-03-08;F;111;0;4;2407;215398;11093;
1082;Midtjylland;2021-03-08;F;42;0;4;2407;215440;11097;
1081;Nordjylland;2021-03-08;F;14;0;0;2407;215454;11097;
1085;Sjælland;2021-03-08;F;47;1;3;2408;215501;11100;
1083;Syddanmark;2021-03-08;F;66;0;3;2408;215567;11103;
1084;Hovedstaden;2021-03-08;M;146;0;4;2408;215713;11107;
1082;Midtjylland;2021-03-08;M;52;0;2;2408;215765;11109;
1081;Nordjylland;2021-03-08;M;7;0;1;2408;215772;11110;
1085;Sjælland;2021-03-08;M;33;0;2;2408;215805;11112;
1083;Syddanmark;2021-03-08;M;84;0;2;2408;215889;11114;
1084;Hovedstaden;2021-03-09;F;118;0;3;2408;216007;11117;
1082;Midtjylland;2021-03-09;F;36;0;2;2408;216043;11119;
1081;Nordjylland;2021-03-09;F;5;0;0;2408;216048;11119;
1085;Sjælland;2021-03-09;F;42;0;2;2408;216090;11121;
1083;Syddanmark;2021-03-09;F;92;0;5;2408;216182;11126;
1084;Hovedstaden;2021-03-09;M;150;0;6;2408;216332;11132;
1082;Midtjylland;2021-03-09;M;53;0;1;2408;216385;11133;
1081;Nordjylland;2021-03-09;M;13;0;2;2408;216398;11135;
1085;Sjælland;2021-03-09;M;39;2;6;2410;216437;11141;
1083;Syddanmark;2021-03-09;M;94;0;3;2410;216531;11144;
1084;Hovedstaden;2021-03-10;F;112;1;3;2411;216643;11147;
1082;Midtjylland;2021-03-10;F;40;0;1;2411;216683;11148;
1081;Nordjylland;2021-03-10;F;8;0;0;2411;216691;11148;
1085;Sjælland;2021-03-10;F;29;0;2;2411;216720;11150;
1083;Syddanmark;2021-03-10;F;84;0;5;2411;216804;11155;
1084;Hovedstaden;2021-03-10;M;102;0;3;2411;216906;11158;
1082;Midtjylland;2021-03-10;M;41;0;2;2411;216947;11160;
1081;Nordjylland;2021-03-10;M;16;0;0;2411;216963;11160;
1085;Sjælland;2021-03-10;M;32;0;1;2411;216995;11161;
1083;Syddanmark;2021-03-10;M;82;0;4;2411;217077;11165;
1084;Hovedstaden;2021-03-11;F;137;0;6;2411;217214;11171;
1082;Midtjylland;2021-03-11;F;35;0;1;2411;217249;11172;
1081;Nordjylland;2021-03-11;F;16;1;1;2412;217265;11173;
1085;Sjælland;2021-03-11;F;37;1;2;2413;217302;11175;
1083;Syddanmark;2021-03-11;F;75;0;3;2413;217377;11178;
1084;Hovedstaden;2021-03-11;M;115;0;5;2413;217492;11183;
1082;Midtjylland;2021-03-11;M;36;0;2;2413;217528;11185;
1081;Nordjylland;2021-03-11;M;18;0;0;2413;217546;11185;
1085;Sjælland;2021-03-11;M;47;1;1;2414;217593;11186;
1083;Syddanmark;2021-03-11;M;72;0;3;2414;217665;11189;
1084;Hovedstaden;2021-03-12;F;114;0;2;2414;217779;11191;
1082;Midtjylland;2021-03-12;F;35;0;0;2414;217814;11191;
1081;Nordjylland;2021-03-12;F;13;0;0;2414;217827;11191;
1085;Sjælland;2021-03-12;F;32;1;3;2415;217859;11194;
1083;Syddanmark;2021-03-12;F;65;0;5;2415;217924;11199;
1084;Hovedstaden;2021-03-12;M;108;1;4;2416;218032;11203;
1082;Midtjylland;2021-03-12;M;27;0;1;2416;218059;11204;
1081;Nordjylland;2021-03-12;M;7;0;0;2416;218066;11204;
1085;Sjælland;2021-03-12;M;31;0;3;2416;218097;11207;
1083;Syddanmark;2021-03-12;M;59;0;3;2416;218156;11210;
1084;Hovedstaden;2021-03-13;F;86;0;3;2416;218242;11213;
1082;Midtjylland;2021-03-13;F;35;0;0;2416;218277;11213;
1081;Nordjylland;2021-03-13;F;11;0;0;2416;218288;11213;
1085;Sjælland;2021-03-13;F;24;0;2;2416;218312;11215;
1083;Syddanmark;2021-03-13;F;69;0;4;2416;218381;11219;
1084;Hovedstaden;2021-03-13;M;107;0;9;2416;218488;11228;
1082;Midtjylland;2021-03-13;M;25;0;0;2416;218513;11228;
1081;Nordjylland;2021-03-13;M;13;0;1;2416;218526;11229;
1085;Sjælland;2021-03-13;M;23;0;1;2416;218549;11230;
1083;Syddanmark;2021-03-13;M;71;0;2;2416;218620;11232;
1084;Hovedstaden;2021-03-14;F;95;0;3;2416;218715;11235;
1082;Midtjylland;2021-03-14;F;33;0;0;2416;218748;11235;
1081;Nordjylland;2021-03-14;F;13;0;0;2416;218761;11235;
1085;Sjælland;2021-03-14;F;25;0;1;2416;218786;11236;
1083;Syddanmark;2021-03-14;F;65;1;5;2417;218851;11241;
1084;Hovedstaden;2021-03-14;M;122;1;5;2418;218973;11246;
1082;Midtjylland;2021-03-14;M;36;0;0;2418;219009;11246;
1081;Nordjylland;2021-03-14;M;10;0;0;2418;219019;11246;
1085;Sjælland;2021-03-14;M;22;0;0;2418;219041;11246;
1083;Syddanmark;2021-03-14;M;67;1;2;2419;219108;11248;
1084;Hovedstaden;2021-03-15;F;123;0;5;2419;219231;11253;
1082;Midtjylland;2021-03-15;F;45;0;5;2419;219276;11258;
1081;Nordjylland;2021-03-15;F;13;0;0;2419;219289;11258;
1085;Sjælland;2021-03-15;F;45;1;1;2420;219334;11259;
1083;Syddanmark;2021-03-15;F;103;0;3;2420;219437;11262;
1084;Hovedstaden;2021-03-15;M;135;2;11;2422;219572;11273;
1082;Midtjylland;2021-03-15;M;39;0;2;2422;219611;11275;
1081;Nordjylland;2021-03-15;M;15;0;0;2422;219626;11275;
1085;Sjælland;2021-03-15;M;38;1;3;2423;219664;11278;
1083;Syddanmark;2021-03-15;M;88;1;6;2424;219752;11284;
1084;Hovedstaden;2021-03-16;F;128;1;9;2425;219880;11293;
1082;Midtjylland;2021-03-16;F;46;0;1;2425;219926;11294;
1081;Nordjylland;2021-03-16;F;22;0;0;2425;219948;11294;
1085;Sjælland;2021-03-16;F;42;0;1;2425;219990;11295;
1083;Syddanmark;2021-03-16;F;102;0;2;2425;220092;11297;
1084;Hovedstaden;2021-03-16;M;155;1;5;2426;220247;11302;
1082;Midtjylland;2021-03-16;M;79;0;2;2426;220326;11304;
1081;Nordjylland;2021-03-16;M;26;0;3;2426;220352;11307;
1085;Sjælland;2021-03-16;M;52;0;2;2426;220404;11309;
1083;Syddanmark;2021-03-16;M;99;0;7;2426;220503;11316;
1084;Hovedstaden;2021-03-17;F;125;0;4;2426;220628;11320;
1082;Midtjylland;2021-03-17;F;43;0;1;2426;220671;11321;
1081;Nordjylland;2021-03-17;F;18;0;1;2426;220689;11322;
1085;Sjælland;2021-03-17;F;46;0;1;2426;220735;11323;
1083;Syddanmark;2021-03-17;F;81;0;4;2426;220816;11327;
1084;Hovedstaden;2021-03-17;M;131;0;7;2426;220947;11334;
1082;Midtjylland;2021-03-17;M;45;0;0;2426;220992;11334;
1081;Nordjylland;2021-03-17;M;24;0;1;2426;221016;11335;
1085;Sjælland;2021-03-17;M;44;1;2;2427;221060;11337;
1083;Syddanmark;2021-03-17;M;115;2;3;2429;221175;11340;
1084;Hovedstaden;2021-03-18;F;149;3;2;2432;221324;11342;
1082;Midtjylland;2021-03-18;F;40;0;1;2432;221364;11343;
1081;Nordjylland;2021-03-18;F;11;0;0;2432;221375;11343;
1085;Sjælland;2021-03-18;F;39;0;2;2432;221414;11345;
1083;Syddanmark;2021-03-18;F;91;0;3;2432;221505;11348;
1084;Hovedstaden;2021-03-18;M;142;1;6;2433;221647;11354;
1082;Midtjylland;2021-03-18;M;35;0;3;2433;221682;11357;
1081;Nordjylland;2021-03-18;M;19;0;2;2433;221701;11359;
1085;Sjælland;2021-03-18;M;45;0;3;2433;221746;11362;
1083;Syddanmark;2021-03-18;M;83;1;5;2434;221829;11367;
1084;Hovedstaden;2021-03-19;F;166;0;4;2434;221995;11371;
1082;Midtjylland;2021-03-19;F;42;0;1;2434;222037;11372;
1081;Nordjylland;2021-03-19;F;10;0;0;2434;222047;11372;
1085;Sjælland;2021-03-19;F;42;1;4;2435;222089;11376;
1083;Syddanmark;2021-03-19;F;64;0;3;2435;222153;11379;
1084;Hovedstaden;2021-03-19;M;165;0;3;2435;222318;11382;
1082;Midtjylland;2021-03-19;M;33;0;0;2435;222351;11382;
1081;Nordjylland;2021-03-19;M;11;0;1;2435;222362;11383;
1085;Sjælland;2021-03-19;M;41;0;5;2435;222403;11388;
1083;Syddanmark;2021-03-19;M;73;0;3;2435;222476;11391;
1084;Hovedstaden;2021-03-20;F;123;0;1;2435;222599;11392;
1082;Midtjylland;2021-03-20;F;26;1;1;2436;222625;11393;
1081;Nordjylland;2021-03-20;F;19;0;5;2436;222644;11398;
1085;Sjælland;2021-03-20;F;27;1;2;2437;222671;11400;
1083;Syddanmark;2021-03-20;F;71;0;2;2437;222742;11402;
1084;Hovedstaden;2021-03-20;M;168;0;9;2437;222910;11411;
1082;Midtjylland;2021-03-20;M;42;0;1;2437;222952;11412;
1081;Nordjylland;2021-03-20;M;21;0;0;2437;222973;11412;
1085;Sjælland;2021-03-20;M;29;0;2;2437;223002;11414;
1083;Syddanmark;2021-03-20;M;61;0;2;2437;223063;11416;
1084;Hovedstaden;2021-03-21;F;134;0;3;2437;223197;11419;
1082;Midtjylland;2021-03-21;F;39;0;1;2437;223236;11420;
1081;Nordjylland;2021-03-21;F;16;0;1;2437;223252;11421;
1085;Sjælland;2021-03-21;F;23;0;0;2437;223275;11421;
1083;Syddanmark;2021-03-21;F;62;0;3;2437;223337;11424;
1084;Hovedstaden;2021-03-21;M;145;1;7;2438;223482;11431;
1082;Midtjylland;2021-03-21;M;46;0;3;2438;223528;11434;
1081;Nordjylland;2021-03-21;M;15;0;0;2438;223543;11434;
1085;Sjælland;2021-03-21;M;28;1;1;2439;223571;11435;
1083;Syddanmark;2021-03-21;M;59;0;4;2439;223630;11439;
1084;Hovedstaden;2021-03-22;F;177;1;7;2440;223807;11446;
1082;Midtjylland;2021-03-22;F;44;1;3;2441;223851;11449;
1081;Nordjylland;2021-03-22;F;22;0;1;2441;223873;11450;
1085;Sjælland;2021-03-22;F;42;1;4;2442;223915;11454;
1083;Syddanmark;2021-03-22;F;85;0;2;2442;224000;11456;
1084;Hovedstaden;2021-03-22;M;193;2;11;2444;224193;11467;
1082;Midtjylland;2021-03-22;M;57;0;2;2444;224250;11469;
1081;Nordjylland;2021-03-22;M;25;0;1;2444;224275;11470;
1085;Sjælland;2021-03-22;M;41;0;2;2444;224316;11472;
1083;Syddanmark;2021-03-22;M;104;0;4;2444;224420;11476;
1084;Hovedstaden;2021-03-23;F;179;0;9;2444;224599;11485;
1082;Midtjylland;2021-03-23;F;76;0;0;2444;224675;11485;
1081;Nordjylland;2021-03-23;F;11;0;1;2444;224686;11486;
1085;Sjælland;2021-03-23;F;42;0;3;2444;224728;11489;
1083;Syddanmark;2021-03-23;F;76;1;3;2445;224804;11492;
1084;Hovedstaden;2021-03-23;M;214;2;6;2447;225018;11498;
1082;Midtjylland;2021-03-23;M;51;0;4;2447;225069;11502;
1081;Nordjylland;2021-03-23;M;24;0;2;2447;225093;11504;
1085;Sjælland;2021-03-23;M;47;0;1;2447;225140;11505;
1083;Syddanmark;2021-03-23;M;84;0;3;2447;225224;11508;
1084;Hovedstaden;2021-03-24;F;207;1;5;2448;225431;11513;
1082;Midtjylland;2021-03-24;F;50;0;1;2448;225481;11514;
1081;Nordjylland;2021-03-24;F;18;0;1;2448;225499;11515;
1085;Sjælland;2021-03-24;F;40;0;2;2448;225539;11517;
1083;Syddanmark;2021-03-24;F;80;0;0;2448;225619;11517;
1084;Hovedstaden;2021-03-24;M;187;0;7;2448;225806;11524;
1082;Midtjylland;2021-03-24;M;62;2;6;2450;225868;11530;
1081;Nordjylland;2021-03-24;M;24;0;1;2450;225892;11531;
1085;Sjælland;2021-03-24;M;43;0;2;2450;225935;11533;
1083;Syddanmark;2021-03-24;M;82;0;5;2450;226017;11538;
1084;Hovedstaden;2021-03-25;F;177;1;8;2451;226194;11546;
1082;Midtjylland;2021-03-25;F;40;1;4;2452;226234;11550;
1081;Nordjylland;2021-03-25;F;8;0;1;2452;226242;11551;
1085;Sjælland;2021-03-25;F;32;0;2;2452;226274;11553;
1083;Syddanmark;2021-03-25;F;59;0;2;2452;226333;11555;
1084;Hovedstaden;2021-03-25;M;180;0;10;2452;226513;11565;
1082;Midtjylland;2021-03-25;M;40;0;0;2452;226553;11565;
1081;Nordjylland;2021-03-25;M;21;0;2;2452;226574;11567;
1085;Sjælland;2021-03-25;M;35;0;1;2452;226609;11568;
1083;Syddanmark;2021-03-25;M;59;0;3;2452;226668;11571;
1084;Hovedstaden;2021-03-26;F;177;0;8;2452;226845;11579;
1082;Midtjylland;2021-03-26;F;41;0;1;2452;226886;11580;
1081;Nordjylland;2021-03-26;F;11;0;0;2452;226897;11580;
1085;Sjælland;2021-03-26;F;35;0;0;2452;226932;11580;
1083;Syddanmark;2021-03-26;F;69;0;5;2452;227001;11585;
1084;Hovedstaden;2021-03-26;M;202;0;5;2452;227203;11590;
1082;Midtjylland;2021-03-26;M;39;0;0;2452;227242;11590;
1081;Nordjylland;2021-03-26;M;14;0;1;2452;227256;11591;
1085;Sjælland;2021-03-26;M;43;0;2;2452;227299;11593;
1083;Syddanmark;2021-03-26;M;70;0;3;2452;227369;11596;
1084;Hovedstaden;2021-03-27;F;176;0;4;2452;227545;11600;
1082;Midtjylland;2021-03-27;F;54;0;1;2452;227599;11601;
1081;Nordjylland;2021-03-27;F;16;0;0;2452;227615;11601;
1085;Sjælland;2021-03-27;F;33;0;2;2452;227648;11603;
1083;Syddanmark;2021-03-27;F;74;0;5;2452;227722;11608;
1084;Hovedstaden;2021-03-27;M;162;2;12;2454;227884;11620;
1082;Midtjylland;2021-03-27;M;47;1;4;2455;227931;11624;
1081;Nordjylland;2021-03-27;M;20;0;3;2455;227951;11627;
1085;Sjælland;2021-03-27;M;46;0;9;2455;227997;11636;
1083;Syddanmark;2021-03-27;M;46;0;1;2455;228043;11637;
1084;Hovedstaden;2021-03-28;F;158;1;4;2456;228201;11641;
1082;Midtjylland;2021-03-28;F;40;1;4;2457;228241;11645;
1081;Nordjylland;2021-03-28;F;11;0;2;2457;228252;11647;
1085;Sjælland;2021-03-28;F;26;0;1;2457;228278;11648;
1083;Syddanmark;2021-03-28;F;64;1;1;2458;228342;11649;
1084;Hovedstaden;2021-03-28;M;164;0;3;2458;228506;11652;
1082;Midtjylland;2021-03-28;M;37;0;3;2458;228543;11655;
1081;Nordjylland;2021-03-28;M;14;0;0;2458;228557;11655;
1085;Sjælland;2021-03-28;M;39;0;3;2458;228596;11658;
1083;Syddanmark;2021-03-28;M;61;0;2;2458;228657;11660;
1084;Hovedstaden;2021-03-29;F;198;2;11;2460;228855;11671;
1082;Midtjylland;2021-03-29;F;55;0;0;2460;228910;11671;
1081;Nordjylland;2021-03-29;F;14;0;1;2460;228924;11672;
1085;Sjælland;2021-03-29;F;47;1;1;2461;228971;11673;
1083;Syddanmark;2021-03-29;F;74;0;5;2461;229045;11678;
1084;Hovedstaden;2021-03-29;M;208;3;16;2464;229253;11694;
1082;Midtjylland;2021-03-29;M;42;0;2;2464;229295;11696;
1081;Nordjylland;2021-03-29;M;26;0;0;2464;229321;11696;
1085;Sjælland;2021-03-29;M;42;0;3;2464;229363;11699;
1083;Syddanmark;2021-03-29;M;59;0;3;2464;229422;11702;
1084;Hovedstaden;2021-03-30;F;195;2;9;2466;229617;11711;
1082;Midtjylland;2021-03-30;F;48;1;4;2467;229665;11715;
1081;Nordjylland;2021-03-30;F;20;0;3;2467;229685;11718;
1085;Sjælland;2021-03-30;F;31;0;2;2467;229716;11720;
1083;Syddanmark;2021-03-30;F;62;0;2;2467;229778;11722;
1084;Hovedstaden;2021-03-30;M;175;1;11;2468;229953;11733;
1082;Midtjylland;2021-03-30;M;45;0;3;2468;229998;11736;
1081;Nordjylland;2021-03-30;M;22;0;1;2468;230020;11737;
1085;Sjælland;2021-03-30;M;32;0;1;2468;230052;11738;
1083;Syddanmark;2021-03-30;M;47;0;0;2468;230099;11738;
1084;Hovedstaden;2021-03-31;F;176;0;6;2468;230275;11744;
1082;Midtjylland;2021-03-31;F;46;1;0;2469;230321;11744;
1081;Nordjylland;2021-03-31;F;21;0;0;2469;230342;11744;
1085;Sjælland;2021-03-31;F;24;2;4;2471;230366;11748;
1083;Syddanmark;2021-03-31;F;51;0;2;2471;230417;11750;
1084;Hovedstaden;2021-03-31;M;200;1;12;2472;230617;11762;
1082;Midtjylland;2021-03-31;M;53;0;4;2472;230670;11766;
1081;Nordjylland;2021-03-31;M;29;0;0;2472;230699;11766;
1085;Sjælland;2021-03-31;M;35;0;2;2472;230734;11768;
1083;Syddanmark;2021-03-31;M;57;1;3;2473;230791;11771;
1084;Hovedstaden;2021-04-01;F;182;1;8;2474;230973;11779;
1082;Midtjylland;2021-04-01;F;58;0;4;2474;231031;11783;
1081;Nordjylland;2021-04-01;F;22;0;0;2474;231053;11783;
1085;Sjælland;2021-04-01;F;46;0;1;2474;231099;11784;
1083;Syddanmark;2021-04-01;F;65;0;1;2474;231164;11785;
1084;Hovedstaden;2021-04-01;M;178;0;10;2474;231342;11795;
1082;Midtjylland;2021-04-01;M;53;0;6;2474;231395;11801;
1081;Nordjylland;2021-04-01;M;24;0;0;2474;231419;11801;
1085;Sjælland;2021-04-01;M;44;0;0;2474;231463;11801;
1083;Syddanmark;2021-04-01;M;41;0;5;2474;231504;11806;
1084;Hovedstaden;2021-04-02;F;150;0;3;2474;231654;11809;
1082;Midtjylland;2021-04-02;F;46;0;1;2474;231700;11810;
1081;Nordjylland;2021-04-02;F;18;0;0;2474;231718;11810;
1085;Sjælland;2021-04-02;F;30;0;1;2474;231748;11811;
1083;Syddanmark;2021-04-02;F;40;0;1;2474;231788;11812;
1084;Hovedstaden;2021-04-02;M;127;0;7;2474;231915;11819;
1082;Midtjylland;2021-04-02;M;45;0;1;2474;231960;11820;
1081;Nordjylland;2021-04-02;M;18;0;1;2474;231978;11821;
1085;Sjælland;2021-04-02;M;34;0;3;2474;232012;11824;
1083;Syddanmark;2021-04-02;M;46;0;2;2474;232058;11826;
1084;Hovedstaden;2021-04-03;F;116;0;3;2474;232174;11829;
1082;Midtjylland;2021-04-03;F;59;0;2;2474;232233;11831;
1081;Nordjylland;2021-04-03;F;13;0;0;2474;232246;11831;
1085;Sjælland;2021-04-03;F;26;0;2;2474;232272;11833;
1083;Syddanmark;2021-04-03;F;43;0;1;2474;232315;11834;
1084;Hovedstaden;2021-04-03;M;126;1;8;2475;232441;11842;
1082;Midtjylland;2021-04-03;M;50;1;1;2476;232491;11843;
1081;Nordjylland;2021-04-03;M;26;0;1;2476;232517;11844;
1085;Sjælland;2021-04-03;M;30;0;0;2476;232547;11844;
1083;Syddanmark;2021-04-03;M;30;0;1;2476;232577;11845;
1084;Hovedstaden;2021-04-04;F;127;0;6;2476;232704;11851;
1082;Midtjylland;2021-04-04;F;36;0;0;2476;232740;11851;
1081;Nordjylland;2021-04-04;F;17;0;1;2476;232757;11852;
1085;Sjælland;2021-04-04;F;16;0;1;2476;232773;11853;
1083;Syddanmark;2021-04-04;F;36;0;3;2476;232809;11856;
1084;Hovedstaden;2021-04-04;M;116;0;3;2476;232925;11859;
1082;Midtjylland;2021-04-04;M;41;0;0;2476;232966;11859;
1081;Nordjylland;2021-04-04;M;26;0;1;2476;232992;11860;
1085;Sjælland;2021-04-04;M;25;0;0;2476;233017;11860;
1083;Syddanmark;2021-04-04;M;27;0;1;2476;233044;11861;
1084;Hovedstaden;2021-04-05;F;131;0;2;2476;233175;11863;
1082;Midtjylland;2021-04-05;F;50;0;1;2476;233225;11864;
1081;Nordjylland;2021-04-05;F;28;0;2;2476;233253;11866;
1085;Sjælland;2021-04-05;F;31;0;1;2476;233284;11867;
1083;Syddanmark;2021-04-05;F;39;0;1;2476;233323;11868;
1084;Hovedstaden;2021-04-05;M;140;0;6;2476;233463;11874;
1082;Midtjylland;2021-04-05;M;38;0;2;2476;233501;11876;
1081;Nordjylland;2021-04-05;M;25;0;1;2476;233526;11877;
1085;Sjælland;2021-04-05;M;35;0;2;2476;233561;11879;
1083;Syddanmark;2021-04-05;M;41;0;4;2476;233602;11883;
1084;Hovedstaden;2021-04-06;F;178;0;8;2476;233780;11891;
1082;Midtjylland;2021-04-06;F;40;0;1;2476;233820;11892;
1081;Nordjylland;2021-04-06;F;21;0;0;2476;233841;11892;
1085;Sjælland;2021-04-06;F;34;0;3;2476;233875;11895;
1083;Syddanmark;2021-04-06;F;54;0;5;2476;233929;11900;
1084;Hovedstaden;2021-04-06;M;203;0;11;2476;234132;11911;
1082;Midtjylland;2021-04-06;M;59;0;5;2476;234191;11916;
1081;Nordjylland;2021-04-06;M;32;0;0;2476;234223;11916;
1085;Sjælland;2021-04-06;M;30;0;1;2476;234253;11917;
1083;Syddanmark;2021-04-06;M;55;0;2;2476;234308;11919;
1084;Hovedstaden;2021-04-07;F;148;1;4;2477;234456;11923;
1082;Midtjylland;2021-04-07;F;54;0;3;2477;234510;11926;
1081;Nordjylland;2021-04-07;F;38;0;2;2477;234548;11928;
1085;Sjælland;2021-04-07;F;36;0;3;2477;234584;11931;
1083;Syddanmark;2021-04-07;F;57;0;2;2477;234641;11933;
1084;Hovedstaden;2021-04-07;M;180;2;4;2479;234821;11937;
1082;Midtjylland;2021-04-07;M;54;0;1;2479;234875;11938;
1081;Nordjylland;2021-04-07;M;30;0;1;2479;234905;11939;
1085;Sjælland;2021-04-07;M;50;0;4;2479;234955;11943;
1083;Syddanmark;2021-04-07;M;62;0;3;2479;235017;11946;
1084;Hovedstaden;2021-04-08;F;182;1;4;2480;235199;11950;
1082;Midtjylland;2021-04-08;F;68;1;3;2481;235267;11953;
1081;Nordjylland;2021-04-08;F;12;0;0;2481;235279;11953;
1085;Sjælland;2021-04-08;F;47;0;1;2481;235326;11954;
1083;Syddanmark;2021-04-08;F;39;1;1;2482;235365;11955;
1084;Hovedstaden;2021-04-08;M;177;0;5;2482;235542;11960;
1082;Midtjylland;2021-04-08;M;60;1;2;2483;235602;11962;
1081;Nordjylland;2021-04-08;M;28;1;2;2484;235630;11964;
1085;Sjælland;2021-04-08;M;51;0;4;2484;235681;11968;
1083;Syddanmark;2021-04-08;M;51;0;5;2484;235732;11973;
1084;Hovedstaden;2021-04-09;F;179;2;6;2486;235911;11979;
1082;Midtjylland;2021-04-09;F;44;0;1;2486;235955;11980;
1081;Nordjylland;2021-04-09;F;26;2;3;2488;235981;11983;
1085;Sjælland;2021-04-09;F;45;0;2;2488;236026;11985;
1083;Syddanmark;2021-04-09;F;48;0;0;2488;236074;11985;
1084;Hovedstaden;2021-04-09;M;195;1;6;2489;236269;11991;
1082;Midtjylland;2021-04-09;M;50;0;3;2489;236319;11994;
1081;Nordjylland;2021-04-09;M;28;0;0;2489;236347;11994;
1085;Sjælland;2021-04-09;M;48;0;2;2489;236395;11996;
1083;Syddanmark;2021-04-09;M;62;0;1;2489;236457;11997;
1084;Hovedstaden;2021-04-10;F;129;0;2;2489;236586;11999;
1082;Midtjylland;2021-04-10;F;35;0;5;2489;236621;12004;
1081;Nordjylland;2021-04-10;F;26;0;1;2489;236647;12005;
1085;Sjælland;2021-04-10;F;26;0;0;2489;236673;12005;
1083;Syddanmark;2021-04-10;F;47;0;1;2489;236720;12006;
1084;Hovedstaden;2021-04-10;M;134;1;2;2490;236854;12008;
1082;Midtjylland;2021-04-10;M;41;0;1;2490;236895;12009;
1081;Nordjylland;2021-04-10;M;32;0;0;2490;236927;12009;
1085;Sjælland;2021-04-10;M;31;0;0;2490;236958;12009;
1083;Syddanmark;2021-04-10;M;46;1;4;2491;237004;12013;
1084;Hovedstaden;2021-04-11;F;123;0;3;2491;237127;12016;
1082;Midtjylland;2021-04-11;F;56;1;3;2492;237183;12019;
1081;Nordjylland;2021-04-11;F;18;0;0;2492;237201;12019;
1085;Sjælland;2021-04-11;F;31;0;2;2492;237232;12021;
1083;Syddanmark;2021-04-11;F;30;0;4;2492;237262;12025;
1084;Hovedstaden;2021-04-11;M;116;0;4;2492;237378;12029;
1082;Midtjylland;2021-04-11;M;42;0;0;2492;237420;12029;
1081;Nordjylland;2021-04-11;M;23;0;0;2492;237443;12029;
1085;Sjælland;2021-04-11;M;44;0;2;2492;237487;12031;
1083;Syddanmark;2021-04-11;M;49;1;3;2493;237536;12034;
1084;Hovedstaden;2021-04-12;F;167;0;12;2493;237703;12046;
1082;Midtjylland;2021-04-12;F;46;0;1;2493;237749;12047;
1081;Nordjylland;2021-04-12;F;37;2;3;2495;237786;12050;
1085;Sjælland;2021-04-12;F;50;0;2;2495;237836;12052;
1083;Syddanmark;2021-04-12;F;56;0;5;2495;237892;12057;
1084;Hovedstaden;2021-04-12;M;202;3;10;2498;238094;12067;
1082;Midtjylland;2021-04-12;M;63;0;2;2498;238157;12069;
1081;Nordjylland;2021-04-12;M;31;0;1;2498;238188;12070;
1085;Sjælland;2021-04-12;M;57;0;4;2498;238245;12074;
1083;Syddanmark;2021-04-12;M;51;0;0;2498;238296;12074;
1084;Hovedstaden;2021-04-13;F;153;2;3;2500;238449;12077;
1082;Midtjylland;2021-04-13;F;67;0;2;2500;238516;12079;
1081;Nordjylland;2021-04-13;F;21;0;1;2500;238537;12080;
1085;Sjælland;2021-04-13;F;59;0;0;2500;238596;12080;
1083;Syddanmark;2021-04-13;F;43;0;2;2500;238639;12082;
1084;Hovedstaden;2021-04-13;M;182;0;6;2500;238821;12088;
1082;Midtjylland;2021-04-13;M;85;0;2;2500;238906;12090;
1081;Nordjylland;2021-04-13;M;33;0;0;2500;238939;12090;
1085;Sjælland;2021-04-13;M;42;0;2;2500;238981;12092;
1083;Syddanmark;2021-04-13;M;54;0;1;2500;239035;12093;
1084;Hovedstaden;2021-04-14;F;168;0;6;2500;239203;12099;
1082;Midtjylland;2021-04-14;F;53;0;2;2500;239256;12101;
1081;Nordjylland;2021-04-14;F;24;0;0;2500;239280;12101;
1085;Sjælland;2021-04-14;F;35;0;1;2500;239315;12102;
1083;Syddanmark;2021-04-14;F;37;0;1;2500;239352;12103;
1084;Hovedstaden;2021-04-14;M;167;0;6;2500;239519;12109;
1082;Midtjylland;2021-04-14;M;82;1;4;2501;239601;12113;
1081;Nordjylland;2021-04-14;M;30;0;0;2501;239631;12113;
1085;Sjælland;2021-04-14;M;41;0;3;2501;239672;12116;
1083;Syddanmark;2021-04-14;M;57;0;3;2501;239729;12119;
1084;Hovedstaden;2021-04-15;F;180;1;6;2502;239909;12125;
1082;Midtjylland;2021-04-15;F;85;0;3;2502;239994;12128;
1081;Nordjylland;2021-04-15;F;25;0;1;2502;240019;12129;
1085;Sjælland;2021-04-15;F;47;0;2;2502;240066;12131;
1083;Syddanmark;2021-04-15;F;53;0;3;2502;240119;12134;
1084;Hovedstaden;2021-04-15;M;146;2;4;2504;240265;12138;
1082;Midtjylland;2021-04-15;M;72;0;7;2504;240337;12145;
1081;Nordjylland;2021-04-15;M;24;0;0;2504;240361;12145;
1085;Sjælland;2021-04-15;M;43;0;2;2504;240404;12147;
1083;Syddanmark;2021-04-15;M;56;0;1;2504;240460;12148;
1084;Hovedstaden;2021-04-16;F;163;0;7;2504;240623;12155;
1082;Midtjylland;2021-04-16;F;58;0;3;2504;240681;12158;
1081;Nordjylland;2021-04-16;F;18;0;0;2504;240699;12158;
1085;Sjælland;2021-04-16;F;43;0;1;2504;240742;12159;
1083;Syddanmark;2021-04-16;F;42;0;1;2504;240784;12160;
1084;Hovedstaden;2021-04-16;M;172;0;1;2504;240956;12161;
1082;Midtjylland;2021-04-16;M;87;0;0;2504;241043;12161;
1081;Nordjylland;2021-04-16;M;25;0;1;2504;241068;12162;
1085;Sjælland;2021-04-16;M;43;1;1;2505;241111;12163;
1083;Syddanmark;2021-04-16;M;54;0;1;2505;241165;12164;
1084;Hovedstaden;2021-04-17;F;146;0;3;2505;241311;12167;
1082;Midtjylland;2021-04-17;F;72;0;5;2505;241383;12172;
1081;Nordjylland;2021-04-17;F;29;0;0;2505;241412;12172;
1085;Sjælland;2021-04-17;F;36;0;0;2505;241448;12172;
1083;Syddanmark;2021-04-17;F;36;0;2;2505;241484;12174;
1084;Hovedstaden;2021-04-17;M;162;0;7;2505;241646;12181;
1082;Midtjylland;2021-04-17;M;67;0;2;2505;241713;12183;
1081;Nordjylland;2021-04-17;M;27;1;0;2506;241740;12183;
1085;Sjælland;2021-04-17;M;34;0;1;2506;241774;12184;
1083;Syddanmark;2021-04-17;M;43;0;3;2506;241817;12187;
1084;Hovedstaden;2021-04-18;F;177;2;7;2508;241994;12194;
1082;Midtjylland;2021-04-18;F;76;0;5;2508;242070;12199;
1081;Nordjylland;2021-04-18;F;32;0;1;2508;242102;12200;
1085;Sjælland;2021-04-18;F;37;0;2;2508;242139;12202;
1083;Syddanmark;2021-04-18;F;37;0;4;2508;242176;12206;
1084;Hovedstaden;2021-04-18;M;180;0;9;2508;242356;12215;
1082;Midtjylland;2021-04-18;M;75;0;0;2508;242431;12215;
1081;Nordjylland;2021-04-18;M;18;0;0;2508;242449;12215;
1085;Sjælland;2021-04-18;M;41;0;3;2508;242490;12218;
1083;Syddanmark;2021-04-18;M;42;0;2;2508;242532;12220;
1084;Hovedstaden;2021-04-19;F;198;0;4;2508;242730;12224;
1082;Midtjylland;2021-04-19;F;81;0;1;2508;242811;12225;
1081;Nordjylland;2021-04-19;F;42;0;0;2508;242853;12225;
1085;Sjælland;2021-04-19;F;44;0;2;2508;242897;12227;
1083;Syddanmark;2021-04-19;F;53;0;3;2508;242950;12230;
1084;Hovedstaden;2021-04-19;M;181;1;8;2509;243131;12238;
1082;Midtjylland;2021-04-19;M;101;0;3;2509;243232;12241;
1081;Nordjylland;2021-04-19;M;48;1;2;2510;243280;12243;
1085;Sjælland;2021-04-19;M;60;0;6;2510;243340;12249;
1083;Syddanmark;2021-04-19;M;54;0;3;2510;243394;12252;
1084;Hovedstaden;2021-04-20;F;180;0;2;2510;243574;12254;
1082;Midtjylland;2021-04-20;F;88;0;6;2510;243662;12260;
1081;Nordjylland;2021-04-20;F;29;0;0;2510;243691;12260;
1085;Sjælland;2021-04-20;F;47;0;0;2510;243738;12260;
1083;Syddanmark;2021-04-20;F;42;0;0;2510;243780;12260;
1084;Hovedstaden;2021-04-20;M;183;0;7;2510;243963;12267;
1082;Midtjylland;2021-04-20;M;110;0;4;2510;244073;12271;
1081;Nordjylland;2021-04-20;M;55;0;2;2510;244128;12273;
1085;Sjælland;2021-04-20;M;52;1;3;2511;244180;12276;
1083;Syddanmark;2021-04-20;M;62;0;0;2511;244242;12276;
1084;Hovedstaden;2021-04-21;F;158;0;4;2511;244400;12280;
1082;Midtjylland;2021-04-21;F;63;0;0;2511;244463;12280;
1081;Nordjylland;2021-04-21;F;21;0;1;2511;244484;12281;
1085;Sjælland;2021-04-21;F;39;0;1;2511;244523;12282;
1083;Syddanmark;2021-04-21;F;34;0;2;2511;244557;12284;
1084;Hovedstaden;2021-04-21;M;159;1;7;2512;244716;12291;
1082;Midtjylland;2021-04-21;M;81;0;3;2512;244797;12294;
1081;Nordjylland;2021-04-21;M;18;0;1;2512;244815;12295;
1085;Sjælland;2021-04-21;M;47;0;2;2512;244862;12297;
1083;Syddanmark;2021-04-21;M;39;0;0;2512;244901;12297;
1084;Hovedstaden;2021-04-22;F;142;1;6;2513;245043;12303;
1082;Midtjylland;2021-04-22;F;52;0;0;2513;245095;12303;
1081;Nordjylland;2021-04-22;F;25;0;0;2513;245120;12303;
1085;Sjælland;2021-04-22;F;34;0;1;2513;245154;12304;
1083;Syddanmark;2021-04-22;F;35;0;0;2513;245189;12304;
1084;Hovedstaden;2021-04-22;M;150;0;2;2513;245339;12306;
1082;Midtjylland;2021-04-22;M;52;0;1;2513;245391;12307;
1081;Nordjylland;2021-04-22;M;26;0;1;2513;245417;12308;
1085;Sjælland;2021-04-22;M;50;0;2;2513;245467;12310;
1083;Syddanmark;2021-04-22;M;54;0;0;2513;245521;12310;
1084;Hovedstaden;2021-04-23;F;127;0;1;2513;245648;12311;
1082;Midtjylland;2021-04-23;F;54;0;1;2513;245702;12312;
1081;Nordjylland;2021-04-23;F;38;0;0;2513;245740;12312;
1085;Sjælland;2021-04-23;F;35;0;1;2513;245775;12313;
1083;Syddanmark;2021-04-23;F;51;0;2;2513;245826;12315;
1084;Hovedstaden;2021-04-23;M;140;2;6;2515;245966;12321;
1082;Midtjylland;2021-04-23;M;65;0;1;2515;246031;12322;
1081;Nordjylland;2021-04-23;M;43;0;1;2515;246074;12323;
1085;Sjælland;2021-04-23;M;29;0;1;2515;246103;12324;
1083;Syddanmark;2021-04-23;M;43;0;1;2515;246146;12325;
1084;Hovedstaden;2021-04-24;F;118;0;6;2515;246264;12331;
1082;Midtjylland;2021-04-24;F;62;0;2;2515;246326;12333;
1081;Nordjylland;2021-04-24;F;25;0;0;2515;246351;12333;
1085;Sjælland;2021-04-24;F;40;0;1;2515;246391;12334;
1083;Syddanmark;2021-04-24;F;27;0;2;2515;246418;12336;
1084;Hovedstaden;2021-04-24;M;112;0;5;2515;246530;12341;
1082;Midtjylland;2021-04-24;M;69;1;2;2516;246599;12343;
1081;Nordjylland;2021-04-24;M;36;0;0;2516;246635;12343;
1085;Sjælland;2021-04-24;M;29;0;1;2516;246664;12344;
1083;Syddanmark;2021-04-24;M;50;0;1;2516;246714;12345;
1084;Hovedstaden;2021-04-25;F;152;0;3;2516;246866;12348;
1082;Midtjylland;2021-04-25;F;53;0;1;2516;246919;12349;
1081;Nordjylland;2021-04-25;F;34;0;1;2516;246953;12350;
1085;Sjælland;2021-04-25;F;39;0;3;2516;246992;12353;
1083;Syddanmark;2021-04-25;F;35;0;3;2516;247027;12356;
1084;Hovedstaden;2021-04-25;M;122;0;4;2516;247149;12360;
1082;Midtjylland;2021-04-25;M;65;0;4;2516;247214;12364;
1081;Nordjylland;2021-04-25;M;30;0;0;2516;247244;12364;
1085;Sjælland;2021-04-25;M;27;0;1;2516;247271;12365;
1083;Syddanmark;2021-04-25;M;40;0;0;2516;247311;12365;
1084;Hovedstaden;2021-04-26;F;164;0;3;2516;247475;12368;
1082;Midtjylland;2021-04-26;F;61;0;1;2516;247536;12369;
1081;Nordjylland;2021-04-26;F;29;0;3;2516;247565;12372;
1085;Sjælland;2021-04-26;F;46;1;3;2517;247611;12375;
1083;Syddanmark;2021-04-26;F;40;0;3;2517;247651;12378;
1084;Hovedstaden;2021-04-26;M;185;0;7;2517;247836;12385;
1082;Midtjylland;2021-04-26;M;71;0;4;2517;247907;12389;
1081;Nordjylland;2021-04-26;M;46;1;5;2518;247953;12394;
1085;Sjælland;2021-04-26;M;57;0;3;2518;248010;12397;
1083;Syddanmark;2021-04-26;M;74;1;4;2519;248084;12401;
1084;Hovedstaden;2021-04-27;F;219;0;9;2519;248303;12410;
1082;Midtjylland;2021-04-27;F;62;0;2;2519;248365;12412;
1081;Nordjylland;2021-04-27;F;44;0;3;2519;248409;12415;
1085;Sjælland;2021-04-27;F;45;0;0;2519;248454;12415;
1083;Syddanmark;2021-04-27;F;61;0;1;2519;248515;12416;
1084;Hovedstaden;2021-04-27;M;217;0;2;2519;248732;12418;
1082;Midtjylland;2021-04-27;M;85;0;3;2519;248817;12421;
1081;Nordjylland;2021-04-27;M;32;0;0;2519;248849;12421;
1085;Sjælland;2021-04-27;M;51;0;3;2519;248900;12424;
1083;Syddanmark;2021-04-27;M;77;0;2;2519;248977;12426;
1084;Hovedstaden;2021-04-28;F;209;0;11;2519;249186;12437;
1082;Midtjylland;2021-04-28;F;69;0;2;2519;249255;12439;
1081;Nordjylland;2021-04-28;F;31;0;1;2519;249286;12440;
1085;Sjælland;2021-04-28;F;50;0;4;2519;249336;12444;
1083;Syddanmark;2021-04-28;F;49;0;2;2519;249385;12446;
1084;Hovedstaden;2021-04-28;M;187;0;5;2519;249572;12451;
1082;Midtjylland;2021-04-28;M;77;0;3;2519;249649;12454;
1081;Nordjylland;2021-04-28;M;34;0;1;2519;249683;12455;
1085;Sjælland;2021-04-28;M;42;0;1;2519;249725;12456;
1083;Syddanmark;2021-04-28;M;59;0;2;2519;249784;12458;
1084;Hovedstaden;2021-04-29;F;183;0;4;2519;249967;12462;
1082;Midtjylland;2021-04-29;F;66;0;3;2519;250033;12465;
1081;Nordjylland;2021-04-29;F;24;0;0;2519;250057;12465;
1085;Sjælland;2021-04-29;F;47;0;2;2519;250104;12467;
1083;Syddanmark;2021-04-29;F;56;0;4;2519;250160;12471;
1084;Hovedstaden;2021-04-29;M;199;0;8;2519;250359;12479;
1082;Midtjylland;2021-04-29;M;80;0;3;2519;250439;12482;
1081;Nordjylland;2021-04-29;M;35;0;2;2519;250474;12484;
1085;Sjælland;2021-04-29;M;53;0;1;2519;250527;12485;
1083;Syddanmark;2021-04-29;M;57;0;0;2519;250584;12485;
1084;Hovedstaden;2021-04-30;F;179;0;4;2519;250763;12489;
1082;Midtjylland;2021-04-30;F;58;0;1;2519;250821;12490;
1081;Nordjylland;2021-04-30;F;29;0;0;2519;250850;12490;
1085;Sjælland;2021-04-30;F;31;0;1;2519;250881;12491;
1083;Syddanmark;2021-04-30;F;55;0;1;2519;250936;12492;
1084;Hovedstaden;2021-04-30;M;188;0;6;2519;251124;12498;
1082;Midtjylland;2021-04-30;M;72;0;3;2519;251196;12501;
1081;Nordjylland;2021-04-30;M;35;1;2;2520;251231;12503;
1085;Sjælland;2021-04-30;M;38;0;1;2520;251269;12504;
1083;Syddanmark;2021-04-30;M;71;0;3;2520;251340;12507;
1084;Hovedstaden;2021-05-01;F;149;0;9;2520;251489;12516;
1082;Midtjylland;2021-05-01;F;74;0;1;2520;251563;12517;
1081;Nordjylland;2021-05-01;F;32;0;2;2520;251595;12519;
1085;Sjælland;2021-05-01;F;26;0;1;2520;251621;12520;
1083;Syddanmark;2021-05-01;F;48;0;1;2520;251669;12521;
1084;Hovedstaden;2021-05-01;M;153;1;5;2521;251822;12526;
1082;Midtjylland;2021-05-01;M;87;0;1;2521;251909;12527;
1081;Nordjylland;2021-05-01;M;31;0;2;2521;251940;12529;
1085;Sjælland;2021-05-01;M;42;0;1;2521;251982;12530;
1083;Syddanmark;2021-05-01;M;47;0;1;2521;252029;12531;
1084;Hovedstaden;2021-05-02;F;182;0;6;2521;252211;12537;
1082;Midtjylland;2021-05-02;F;65;0;3;2521;252276;12540;
1081;Nordjylland;2021-05-02;F;33;0;2;2521;252309;12542;
1085;Sjælland;2021-05-02;F;26;0;2;2521;252335;12544;
1083;Syddanmark;2021-05-02;F;44;0;1;2521;252379;12545;
1084;Hovedstaden;2021-05-02;M;176;0;7;2521;252555;12552;
1082;Midtjylland;2021-05-02;M;70;0;2;2521;252625;12554;
1081;Nordjylland;2021-05-02;M;26;0;0;2521;252651;12554;
1085;Sjælland;2021-05-02;M;30;0;2;2521;252681;12556;
1083;Syddanmark;2021-05-02;M;60;0;0;2521;252741;12556;
1084;Hovedstaden;2021-05-03;F;217;0;8;2521;252958;12564;
1082;Midtjylland;2021-05-03;F;98;1;3;2522;253056;12567;
1081;Nordjylland;2021-05-03;F;30;0;1;2522;253086;12568;
1085;Sjælland;2021-05-03;F;71;0;1;2522;253157;12569;
1083;Syddanmark;2021-05-03;F;58;0;1;2522;253215;12570;
1084;Hovedstaden;2021-05-03;M;278;0;5;2522;253493;12575;
1082;Midtjylland;2021-05-03;M;92;0;1;2522;253585;12576;
1081;Nordjylland;2021-05-03;M;43;0;1;2522;253628;12577;
1085;Sjælland;2021-05-03;M;64;0;2;2522;253692;12579;
1083;Syddanmark;2021-05-03;M;70;0;1;2522;253762;12580;
1084;Hovedstaden;2021-05-04;F;250;0;2;2522;254012;12582;
1082;Midtjylland;2021-05-04;F;91;0;3;2522;254103;12585;
1081;Nordjylland;2021-05-04;F;25;0;0;2522;254128;12585;
1085;Sjælland;2021-05-04;F;61;1;3;2523;254189;12588;
1083;Syddanmark;2021-05-04;F;59;0;0;2523;254248;12588;
1084;Hovedstaden;2021-05-04;M;217;0;5;2523;254465;12593;
1082;Midtjylland;2021-05-04;M;106;0;4;2523;254571;12597;
1081;Nordjylland;2021-05-04;M;33;0;0;2523;254604;12597;
1085;Sjælland;2021-05-04;M;56;0;5;2523;254660;12602;
1083;Syddanmark;2021-05-04;M;75;0;2;2523;254735;12604;
1084;Hovedstaden;2021-05-05;F;262;1;8;2524;254997;12612;
1082;Midtjylland;2021-05-05;F;92;0;0;2524;255089;12612;
1081;Nordjylland;2021-05-05;F;43;0;2;2524;255132;12614;
1085;Sjælland;2021-05-05;F;59;0;2;2524;255191;12616;
1083;Syddanmark;2021-05-05;F;72;0;2;2524;255263;12618;
1084;Hovedstaden;2021-05-05;M;250;1;7;2525;255513;12625;
1082;Midtjylland;2021-05-05;M;106;0;2;2525;255619;12627;
1081;Nordjylland;2021-05-05;M;43;0;1;2525;255662;12628;
1085;Sjælland;2021-05-05;M;64;0;6;2525;255726;12634;
1083;Syddanmark;2021-05-05;M;63;0;0;2525;255789;12634;
1084;Hovedstaden;2021-05-06;F;217;1;2;2526;256006;12636;
1082;Midtjylland;2021-05-06;F;71;0;3;2526;256077;12639;
1081;Nordjylland;2021-05-06;F;25;0;1;2526;256102;12640;
1085;Sjælland;2021-05-06;F;71;0;5;2526;256173;12645;
1083;Syddanmark;2021-05-06;F;40;0;1;2526;256213;12646;
1084;Hovedstaden;2021-05-06;M;226;0;5;2526;256439;12651;
1082;Midtjylland;2021-05-06;M;83;0;2;2526;256522;12653;
1081;Nordjylland;2021-05-06;M;31;0;2;2526;256553;12655;
1085;Sjælland;2021-05-06;M;76;0;2;2526;256629;12657;
1083;Syddanmark;2021-05-06;M;47;0;1;2526;256676;12658;
1084;Hovedstaden;2021-05-07;F;210;0;6;2526;256886;12664;
1082;Midtjylland;2021-05-07;F;80;0;2;2526;256966;12666;
1081;Nordjylland;2021-05-07;F;22;0;0;2526;256988;12666;
1085;Sjælland;2021-05-07;F;55;0;2;2526;257043;12668;
1083;Syddanmark;2021-05-07;F;58;0;1;2526;257101;12669;
1084;Hovedstaden;2021-05-07;M;210;0;8;2526;257311;12677;
1082;Midtjylland;2021-05-07;M;96;0;0;2526;257407;12677;
1081;Nordjylland;2021-05-07;M;40;1;3;2527;257447;12680;
1085;Sjælland;2021-05-07;M;59;0;1;2527;257506;12681;
1083;Syddanmark;2021-05-07;M;71;1;1;2528;257577;12682;
1084;Hovedstaden;2021-05-08;F;199;0;3;2528;257776;12685;
1082;Midtjylland;2021-05-08;F;91;0;2;2528;257867;12687;
1081;Nordjylland;2021-05-08;F;24;0;0;2528;257891;12687;
1085;Sjælland;2021-05-08;F;47;0;0;2528;257938;12687;
1083;Syddanmark;2021-05-08;F;41;0;0;2528;257979;12687;
1084;Hovedstaden;2021-05-08;M;241;0;10;2528;258220;12697;
1082;Midtjylland;2021-05-08;M;86;0;1;2528;258306;12698;
1081;Nordjylland;2021-05-08;M;40;0;1;2528;258346;12699;
1085;Sjælland;2021-05-08;M;37;0;0;2528;258383;12699;
1083;Syddanmark;2021-05-08;M;42;0;2;2528;258425;12701;
1084;Hovedstaden;2021-05-09;F;190;0;5;2528;258615;12706;
1082;Midtjylland;2021-05-09;F;62;0;0;2528;258677;12706;
1081;Nordjylland;2021-05-09;F;37;0;1;2528;258714;12707;
1085;Sjælland;2021-05-09;F;55;0;0;2528;258769;12707;
1083;Syddanmark;2021-05-09;F;38;0;3;2528;258807;12710;
1084;Hovedstaden;2021-05-09;M;203;0;4;2528;259010;12714;
1082;Midtjylland;2021-05-09;M;90;0;2;2528;259100;12716;
1081;Nordjylland;2021-05-09;M;36;0;0;2528;259136;12716;
1085;Sjælland;2021-05-09;M;45;0;0;2528;259181;12716;
1083;Syddanmark;2021-05-09;M;44;0;1;2528;259225;12717;
1084;Hovedstaden;2021-05-10;F;237;1;6;2529;259462;12723;
1082;Midtjylland;2021-05-10;F;136;0;1;2529;259598;12724;
1081;Nordjylland;2021-05-10;F;29;0;1;2529;259627;12725;
1085;Sjælland;2021-05-10;F;82;0;1;2529;259709;12726;
1083;Syddanmark;2021-05-10;F;53;0;1;2529;259762;12727;
1084;Hovedstaden;2021-05-10;M;232;1;4;2530;259994;12731;
1082;Midtjylland;2021-05-10;M;149;0;2;2530;260143;12733;
1081;Nordjylland;2021-05-10;M;46;0;1;2530;260189;12734;
1085;Sjælland;2021-05-10;M;102;0;5;2530;260291;12739;
1083;Syddanmark;2021-05-10;M;63;0;1;2530;260354;12740;
1084;Hovedstaden;2021-05-11;F;286;0;2;2530;260640;12742;
1082;Midtjylland;2021-05-11;F;125;1;3;2531;260765;12745;
1081;Nordjylland;2021-05-11;F;52;0;1;2531;260817;12746;
1085;Sjælland;2021-05-11;F;77;0;2;2531;260894;12748;
1083;Syddanmark;2021-05-11;F;53;0;0;2531;260947;12748;
1084;Hovedstaden;2021-05-11;M;338;0;6;2531;261285;12754;
1082;Midtjylland;2021-05-11;M;140;0;2;2531;261425;12756;
1081;Nordjylland;2021-05-11;M;64;0;2;2531;261489;12758;
1085;Sjælland;2021-05-11;M;89;0;3;2531;261578;12761;
1083;Syddanmark;2021-05-11;M;76;0;2;2531;261654;12763;
1084;Hovedstaden;2021-05-12;F;236;1;5;2532;261890;12768;
1082;Midtjylland;2021-05-12;F;110;0;2;2532;262000;12770;
1081;Nordjylland;2021-05-12;F;47;0;1;2532;262047;12771;
1085;Sjælland;2021-05-12;F;84;0;2;2532;262131;12773;
1083;Syddanmark;2021-05-12;F;44;0;5;2532;262175;12778;
1084;Hovedstaden;2021-05-12;M;325;1;9;2533;262500;12787;
1082;Midtjylland;2021-05-12;M;96;0;2;2533;262596;12789;
1081;Nordjylland;2021-05-12;M;56;0;0;2533;262652;12789;
1085;Sjælland;2021-05-12;M;103;0;3;2533;262755;12792;
1083;Syddanmark;2021-05-12;M;56;1;4;2534;262811;12796;
1084;Hovedstaden;2021-05-13;F;213;1;4;2535;263024;12800;
1082;Midtjylland;2021-05-13;F;78;0;2;2535;263102;12802;
1081;Nordjylland;2021-05-13;F;36;0;2;2535;263138;12804;
1085;Sjælland;2021-05-13;F;55;0;2;2535;263193;12806;
1083;Syddanmark;2021-05-13;F;42;0;1;2535;263235;12807;
1084;Hovedstaden;2021-05-13;M;228;0;3;2535;263463;12810;
1082;Midtjylland;2021-05-13;M;74;0;1;2535;263537;12811;
1081;Nordjylland;2021-05-13;M;66;0;0;2535;263603;12811;
1085;Sjælland;2021-05-13;M;65;0;2;2535;263668;12813;
1083;Syddanmark;2021-05-13;M;47;1;1;2536;263715;12814;
1084;Hovedstaden;2021-05-14;F;187;0;5;2536;263902;12819;
1082;Midtjylland;2021-05-14;F;84;0;1;2536;263986;12820;
1081;Nordjylland;2021-05-14;F;43;0;0;2536;264029;12820;
1085;Sjælland;2021-05-14;F;78;0;3;2536;264107;12823;
1083;Syddanmark;2021-05-14;F;44;0;3;2536;264151;12826;
1084;Hovedstaden;2021-05-14;M;211;1;4;2537;264362;12830;
1082;Midtjylland;2021-05-14;M;79;0;3;2537;264441;12833;
1081;Nordjylland;2021-05-14;M;34;0;1;2537;264475;12834;
1085;Sjælland;2021-05-14;M;57;0;3;2537;264532;12837;
1083;Syddanmark;2021-05-14;M;55;0;2;2537;264587;12839;
1084;Hovedstaden;2021-05-15;F;218;0;5;2537;264805;12844;
1082;Midtjylland;2021-05-15;F;83;0;2;2537;264888;12846;
1081;Nordjylland;2021-05-15;F;43;0;1;2537;264931;12847;
1085;Sjælland;2021-05-15;F;68;1;3;2538;264999;12850;
1083;Syddanmark;2021-05-15;F;54;0;3;2538;265053;12853;
1084;Hovedstaden;2021-05-15;M;200;0;4;2538;265253;12857;
1082;Midtjylland;2021-05-15;M;108;0;3;2538;265361;12860;
1081;Nordjylland;2021-05-15;M;54;0;0;2538;265415;12860;
1085;Sjælland;2021-05-15;M;65;0;0;2538;265480;12860;
1083;Syddanmark;2021-05-15;M;48;0;2;2538;265528;12862;
1084;Hovedstaden;2021-05-16;F;211;0;2;2538;265739;12864;
1082;Midtjylland;2021-05-16;F;66;0;1;2538;265805;12865;
1081;Nordjylland;2021-05-16;F;50;0;0;2538;265855;12865;
1085;Sjælland;2021-05-16;F;47;0;2;2538;265902;12867;
1083;Syddanmark;2021-05-16;F;47;0;2;2538;265949;12869;
1084;Hovedstaden;2021-05-16;M;233;0;7;2538;266182;12876;
1082;Midtjylland;2021-05-16;M;82;0;3;2538;266264;12879;
1081;Nordjylland;2021-05-16;M;55;0;0;2538;266319;12879;
1085;Sjælland;2021-05-16;M;77;0;1;2538;266396;12880;
1083;Syddanmark;2021-05-16;M;52;0;0;2538;266448;12880;
1084;Hovedstaden;2021-05-17;F;224;0;5;2538;266672;12885;
1082;Midtjylland;2021-05-17;F;96;0;3;2538;266768;12888;
1081;Nordjylland;2021-05-17;F;42;0;0;2538;266810;12888;
1085;Sjælland;2021-05-17;F;68;0;2;2538;266878;12890;
1083;Syddanmark;2021-05-17;F;77;0;3;2538;266955;12893;
1084;Hovedstaden;2021-05-17;M;278;0;6;2538;267233;12899;
1082;Midtjylland;2021-05-17;M;114;0;4;2538;267347;12903;
1081;Nordjylland;2021-05-17;M;68;0;0;2538;267415;12903;
1085;Sjælland;2021-05-17;M;90;0;0;2538;267505;12903;
1083;Syddanmark;2021-05-17;M;93;0;1;2538;267598;12904;
1084;Hovedstaden;2021-05-18;F;275;0;4;2538;267873;12908;
1082;Midtjylland;2021-05-18;F;85;0;0;2538;267958;12908;
1081;Nordjylland;2021-05-18;F;57;0;1;2538;268015;12909;
1085;Sjælland;2021-05-18;F;79;0;1;2538;268094;12910;
1083;Syddanmark;2021-05-18;F;70;0;4;2538;268164;12914;
1084;Hovedstaden;2021-05-18;M;273;0;5;2538;268437;12919;
1082;Midtjylland;2021-05-18;M;97;0;3;2538;268534;12922;
1081;Nordjylland;2021-05-18;M;64;0;2;2538;268598;12924;
1085;Sjælland;2021-05-18;M;79;0;2;2538;268677;12926;
1083;Syddanmark;2021-05-18;M;74;0;0;2538;268751;12926;
1084;Hovedstaden;2021-05-19;F;245;0;4;2538;268996;12930;
1082;Midtjylland;2021-05-19;F;88;0;2;2538;269084;12932;
1081;Nordjylland;2021-05-19;F;61;0;2;2538;269145;12934;
1085;Sjælland;2021-05-19;F;89;0;2;2538;269234;12936;
1083;Syddanmark;2021-05-19;F;62;0;0;2538;269296;12936;
1084;Hovedstaden;2021-05-19;M;256;0;6;2538;269552;12942;
1082;Midtjylland;2021-05-19;M;90;0;1;2538;269642;12943;
1081;Nordjylland;2021-05-19;M;66;0;0;2538;269708;12943;
1085;Sjælland;2021-05-19;M;111;0;4;2538;269819;12947;
1083;Syddanmark;2021-05-19;M;69;0;2;2538;269888;12949;
1084;Hovedstaden;2021-05-20;F;236;0;4;2538;270124;12953;
1082;Midtjylland;2021-05-20;F;64;0;0;2538;270188;12953;
1081;Nordjylland;2021-05-20;F;67;0;0;2538;270255;12953;
1085;Sjælland;2021-05-20;F;69;0;2;2538;270324;12955;
1083;Syddanmark;2021-05-20;F;61;0;0;2538;270385;12955;
1084;Hovedstaden;2021-05-20;M;219;0;6;2538;270604;12961;
1082;Midtjylland;2021-05-20;M;80;0;1;2538;270684;12962;
1081;Nordjylland;2021-05-20;M;77;0;1;2538;270761;12963;
1085;Sjælland;2021-05-20;M;87;0;2;2538;270848;12965;
1083;Syddanmark;2021-05-20;M;57;0;0;2538;270905;12965;
1084;Hovedstaden;2021-05-21;F;183;0;5;2538;271088;12970;
1082;Midtjylland;2021-05-21;F;65;0;2;2538;271153;12972;
1081;Nordjylland;2021-05-21;F;49;0;1;2538;271202;12973;
1085;Sjælland;2021-05-21;F;62;0;2;2538;271264;12975;
1083;Syddanmark;2021-05-21;F;49;0;1;2538;271313;12976;
1084;Hovedstaden;2021-05-21;M;193;1;4;2539;271506;12980;
1082;Midtjylland;2021-05-21;M;68;1;3;2540;271574;12983;
1081;Nordjylland;2021-05-21;M;38;0;1;2540;271612;12984;
1085;Sjælland;2021-05-21;M;74;0;1;2540;271686;12985;
1083;Syddanmark;2021-05-21;M;49;1;2;2541;271735;12987;
1084;Hovedstaden;2021-05-22;F;162;0;3;2541;271897;12990;
1082;Midtjylland;2021-05-22;F;85;0;0;2541;271982;12990;
1081;Nordjylland;2021-05-22;F;51;0;0;2541;272033;12990;
1085;Sjælland;2021-05-22;F;47;0;0;2541;272080;12990;
1083;Syddanmark;2021-05-22;F;55;0;0;2541;272135;12990;
1084;Hovedstaden;2021-05-22;M;166;0;6;2541;272301;12996;
1082;Midtjylland;2021-05-22;M;83;0;1;2541;272384;12997;
1081;Nordjylland;2021-05-22;M;49;0;0;2541;272433;12997;
1085;Sjælland;2021-05-22;M;36;0;1;2541;272469;12998;
1083;Syddanmark;2021-05-22;M;51;0;4;2541;272520;13002;
1084;Hovedstaden;2021-05-23;F;156;0;3;2541;272676;13005;
1082;Midtjylland;2021-05-23;F;85;0;1;2541;272761;13006;
1081;Nordjylland;2021-05-23;F;61;0;0;2541;272822;13006;
1085;Sjælland;2021-05-23;F;41;0;2;2541;272863;13008;
1083;Syddanmark;2021-05-23;F;50;0;1;2541;272913;13009;
1084;Hovedstaden;2021-05-23;M;149;0;5;2541;273062;13014;
1082;Midtjylland;2021-05-23;M;95;0;0;2541;273157;13014;
1081;Nordjylland;2021-05-23;M;53;0;0;2541;273210;13014;
1085;Sjælland;2021-05-23;M;57;0;4;2541;273267;13018;
1083;Syddanmark;2021-05-23;M;53;0;2;2541;273320;13020;
1084;Hovedstaden;2021-05-24;F;181;0;7;2541;273501;13027;
1082;Midtjylland;2021-05-24;F;83;0;0;2541;273584;13027;
1081;Nordjylland;2021-05-24;F;47;0;1;2541;273631;13028;
1085;Sjælland;2021-05-24;F;57;0;2;2541;273688;13030;
1083;Syddanmark;2021-05-24;F;50;0;1;2541;273738;13031;
1084;Hovedstaden;2021-05-24;M;176;0;3;2541;273914;13034;
1082;Midtjylland;2021-05-24;M;98;0;3;2541;274012;13037;
1081;Nordjylland;2021-05-24;M;52;1;4;2542;274064;13041;
1085;Sjælland;2021-05-24;M;64;0;0;2542;274128;13041;
1083;Syddanmark;2021-05-24;M;52;0;1;2542;274180;13042;
1084;Hovedstaden;2021-05-25;F;191;0;5;2542;274371;13047;
1082;Midtjylland;2021-05-25;F;98;0;1;2542;274469;13048;
1081;Nordjylland;2021-05-25;F;71;0;2;2542;274540;13050;
1085;Sjælland;2021-05-25;F;57;0;1;2542;274597;13051;
1083;Syddanmark;2021-05-25;F;70;0;2;2542;274667;13053;
1084;Hovedstaden;2021-05-25;M;234;0;6;2542;274901;13059;
1082;Midtjylland;2021-05-25;M;124;0;1;2542;275025;13060;
1081;Nordjylland;2021-05-25;M;81;0;2;2542;275106;13062;
1085;Sjælland;2021-05-25;M;73;0;1;2542;275179;13063;
1083;Syddanmark;2021-05-25;M;101;0;1;2542;275280;13064;
1084;Hovedstaden;2021-05-26;F;254;0;5;2542;275534;13069;
1082;Midtjylland;2021-05-26;F;82;0;2;2542;275616;13071;
1081;Nordjylland;2021-05-26;F;68;0;0;2542;275684;13071;
1085;Sjælland;2021-05-26;F;51;0;1;2542;275735;13072;
1083;Syddanmark;2021-05-26;F;68;0;3;2542;275803;13075;
1084;Hovedstaden;2021-05-26;M;295;0;4;2542;276098;13079;
1082;Midtjylland;2021-05-26;M;95;0;1;2542;276193;13080;
1081;Nordjylland;2021-05-26;M;121;0;2;2542;276314;13082;
1085;Sjælland;2021-05-26;M;77;0;1;2542;276391;13083;
1083;Syddanmark;2021-05-26;M;88;0;1;2542;276479;13084;
1084;Hovedstaden;2021-05-27;F;195;0;5;2542;276674;13089;
1082;Midtjylland;2021-05-27;F;95;0;2;2542;276769;13091;
1081;Nordjylland;2021-05-27;F;44;0;1;2542;276813;13092;
1085;Sjælland;2021-05-27;F;51;0;0;2542;276864;13092;
1083;Syddanmark;2021-05-27;F;56;0;2;2542;276920;13094;
1084;Hovedstaden;2021-05-27;M;241;0;4;2542;277161;13098;
1082;Midtjylland;2021-05-27;M;97;0;1;2542;277258;13099;
1081;Nordjylland;2021-05-27;M;64;0;2;2542;277322;13101;
1085;Sjælland;2021-05-27;M;78;1;3;2543;277400;13104;
1083;Syddanmark;2021-05-27;M;76;0;2;2543;277476;13106;
1084;Hovedstaden;2021-05-28;F;179;0;2;2543;277655;13108;
1082;Midtjylland;2021-05-28;F;80;0;1;2543;277735;13109;
1081;Nordjylland;2021-05-28;F;55;0;0;2543;277790;13109;
1085;Sjælland;2021-05-28;F;52;0;2;2543;277842;13111;
1083;Syddanmark;2021-05-28;F;67;0;1;2543;277909;13112;
1084;Hovedstaden;2021-05-28;M;194;0;4;2543;278103;13116;
1082;Midtjylland;2021-05-28;M;103;0;0;2543;278206;13116;
1081;Nordjylland;2021-05-28;M;59;0;0;2543;278265;13116;
1085;Sjælland;2021-05-28;M;60;0;0;2543;278325;13116;
1083;Syddanmark;2021-05-28;M;74;1;3;2544;278399;13119;
1084;Hovedstaden;2021-05-29;F;161;0;4;2544;278560;13123;
1082;Midtjylland;2021-05-29;F;64;0;2;2544;278624;13125;
1081;Nordjylland;2021-05-29;F;45;0;0;2544;278669;13125;
1085;Sjælland;2021-05-29;F;34;0;2;2544;278703;13127;
1083;Syddanmark;2021-05-29;F;58;0;3;2544;278761;13130;
1084;Hovedstaden;2021-05-29;M;194;1;3;2545;278955;13133;
1082;Midtjylland;2021-05-29;M;84;0;1;2545;279039;13134;
1081;Nordjylland;2021-05-29;M;66;0;0;2545;279105;13134;
1085;Sjælland;2021-05-29;M;47;0;2;2545;279152;13136;
1083;Syddanmark;2021-05-29;M;61;0;4;2545;279213;13140;
1084;Hovedstaden;2021-05-30;F;170;1;6;2546;279383;13146;
1082;Midtjylland;2021-05-30;F;76;0;0;2546;279459;13146;
1081;Nordjylland;2021-05-30;F;62;0;0;2546;279521;13146;
1085;Sjælland;2021-05-30;F;36;0;1;2546;279557;13147;
1083;Syddanmark;2021-05-30;F;52;0;2;2546;279609;13149;
1084;Hovedstaden;2021-05-30;M;167;0;5;2546;279776;13154;
1082;Midtjylland;2021-05-30;M;93;0;2;2546;279869;13156;
1081;Nordjylland;2021-05-30;M;62;0;0;2546;279931;13156;
1085;Sjælland;2021-05-30;M;46;0;0;2546;279977;13156;
1083;Syddanmark;2021-05-30;M;59;0;1;2546;280036;13157;
1084;Hovedstaden;2021-05-31;F;218;0;1;2546;280254;13158;
1082;Midtjylland;2021-05-31;F;87;0;1;2546;280341;13159;
1081;Nordjylland;2021-05-31;F;67;0;2;2546;280408;13161;
1085;Sjælland;2021-05-31;F;52;0;2;2546;280460;13163;
1083;Syddanmark;2021-05-31;F;68;0;1;2546;280528;13164;
1084;Hovedstaden;2021-05-31;M;215;0;5;2546;280743;13169;
1082;Midtjylland;2021-05-31;M;104;0;2;2546;280847;13171;
1081;Nordjylland;2021-05-31;M;87;0;0;2546;280934;13171;
1085;Sjælland;2021-05-31;M;48;0;0;2546;280982;13171;
1083;Syddanmark;2021-05-31;M;69;0;3;2546;281051;13174;
1084;Hovedstaden;2021-06-01;F;232;0;2;2546;281283;13176;
1082;Midtjylland;2021-06-01;F;101;0;3;2546;281384;13179;
1081;Nordjylland;2021-06-01;F;78;0;1;2546;281462;13180;
1085;Sjælland;2021-06-01;F;50;0;1;2546;281512;13181;
1083;Syddanmark;2021-06-01;F;70;0;1;2546;281582;13182;
1084;Hovedstaden;2021-06-01;M;267;0;1;2546;281849;13183;
1082;Midtjylland;2021-06-01;M;98;0;2;2546;281947;13185;
1081;Nordjylland;2021-06-01;M;98;0;2;2546;282045;13187;
1085;Sjælland;2021-06-01;M;50;0;6;2546;282095;13193;
1083;Syddanmark;2021-06-01;M;58;0;0;2546;282153;13193;
1084;Hovedstaden;2021-06-02;F;193;0;2;2546;282346;13195;
1082;Midtjylland;2021-06-02;F;84;0;3;2546;282430;13198;
1081;Nordjylland;2021-06-02;F;55;0;1;2546;282485;13199;
1085;Sjælland;2021-06-02;F;50;0;1;2546;282535;13200;
1083;Syddanmark;2021-06-02;F;31;0;1;2546;282566;13201;
1084;Hovedstaden;2021-06-02;M;225;1;6;2547;282791;13207;
1082;Midtjylland;2021-06-02;M;108;0;2;2547;282899;13209;
1081;Nordjylland;2021-06-02;M;85;1;2;2548;282984;13211;
1085;Sjælland;2021-06-02;M;51;0;0;2548;283035;13211;
1083;Syddanmark;2021-06-02;M;47;0;2;2548;283082;13213;
1084;Hovedstaden;2021-06-03;F;169;0;2;2548;283251;13215;
1082;Midtjylland;2021-06-03;F;66;0;1;2548;283317;13216;
1081;Nordjylland;2021-06-03;F;48;0;1;2548;283365;13217;
1085;Sjælland;2021-06-03;F;39;0;0;2548;283404;13217;
1083;Syddanmark;2021-06-03;F;30;0;0;2548;283434;13217;
1084;Hovedstaden;2021-06-03;M;180;0;1;2548;283614;13218;
1082;Midtjylland;2021-06-03;M;67;0;0;2548;283681;13218;
1081;Nordjylland;2021-06-03;M;53;0;0;2548;283734;13218;
1085;Sjælland;2021-06-03;M;63;0;1;2548;283797;13219;
1083;Syddanmark;2021-06-03;M;36;0;1;2548;283833;13220;
1084;Hovedstaden;2021-06-04;F;155;1;3;2549;283988;13223;
1082;Midtjylland;2021-06-04;F;79;0;2;2549;284067;13225;
1081;Nordjylland;2021-06-04;F;38;0;0;2549;284105;13225;
1085;Sjælland;2021-06-04;F;42;0;0;2549;284147;13225;
1083;Syddanmark;2021-06-04;F;26;0;0;2549;284173;13225;
1084;Hovedstaden;2021-06-04;M;151;0;1;2549;284324;13226;
1082;Midtjylland;2021-06-04;M;84;0;2;2549;284408;13228;
1081;Nordjylland;2021-06-04;M;45;0;1;2549;284453;13229;
1085;Sjælland;2021-06-04;M;45;0;0;2549;284498;13229;
1083;Syddanmark;2021-06-04;M;41;0;1;2549;284539;13230;
1084;Hovedstaden;2021-06-05;F;115;0;3;2549;284654;13233;
1082;Midtjylland;2021-06-05;F;73;0;0;2549;284727;13233;
1081;Nordjylland;2021-06-05;F;39;0;0;2549;284766;13233;
1085;Sjælland;2021-06-05;F;55;0;0;2549;284821;13233;
1083;Syddanmark;2021-06-05;F;14;0;0;2549;284835;13233;
1084;Hovedstaden;2021-06-05;M;123;0;3;2549;284958;13236;
1082;Midtjylland;2021-06-05;M;71;0;0;2549;285029;13236;
1081;Nordjylland;2021-06-05;M;44;0;2;2549;285073;13238;
1085;Sjælland;2021-06-05;M;49;0;1;2549;285122;13239;
1083;Syddanmark;2021-06-05;M;41;0;2;2549;285163;13241;
1084;Hovedstaden;2021-06-06;F;113;0;4;2549;285276;13245;
1082;Midtjylland;2021-06-06;F;46;0;1;2549;285322;13246;
1081;Nordjylland;2021-06-06;F;36;0;1;2549;285358;13247;
1085;Sjælland;2021-06-06;F;32;0;2;2549;285390;13249;
1083;Syddanmark;2021-06-06;F;22;0;0;2549;285412;13249;
1084;Hovedstaden;2021-06-06;M;126;0;1;2549;285538;13250;
1082;Midtjylland;2021-06-06;M;77;0;0;2549;285615;13250;
1081;Nordjylland;2021-06-06;M;41;0;0;2549;285656;13250;
1085;Sjælland;2021-06-06;M;32;0;0;2549;285688;13250;
1083;Syddanmark;2021-06-06;M;21;0;0;2549;285709;13250;
1084;Hovedstaden;2021-06-07;F;135;1;4;2550;285844;13254;
1082;Midtjylland;2021-06-07;F;67;0;1;2550;285911;13255;
1081;Nordjylland;2021-06-07;F;39;0;0;2550;285950;13255;
1085;Sjælland;2021-06-07;F;30;0;0;2550;285980;13255;
1083;Syddanmark;2021-06-07;F;42;0;2;2550;286022;13257;
1084;Hovedstaden;2021-06-07;M;137;0;3;2550;286159;13260;
1082;Midtjylland;2021-06-07;M;56;0;1;2550;286215;13261;
1081;Nordjylland;2021-06-07;M;53;0;0;2550;286268;13261;
1085;Sjælland;2021-06-07;M;30;0;1;2550;286298;13262;
1083;Syddanmark;2021-06-07;M;33;0;0;2550;286331;13262;
1084;Hovedstaden;2021-06-08;F;101;0;1;2550;286432;13263;
1082;Midtjylland;2021-06-08;F;46;0;0;2550;286478;13263;
1081;Nordjylland;2021-06-08;F;32;0;0;2550;286510;13263;
1085;Sjælland;2021-06-08;F;33;0;0;2550;286543;13263;
1083;Syddanmark;2021-06-08;F;33;0;2;2550;286576;13265;
1084;Hovedstaden;2021-06-08;M;122;0;0;2550;286698;13265;
1082;Midtjylland;2021-06-08;M;52;0;2;2550;286750;13267;
1081;Nordjylland;2021-06-08;M;28;0;1;2550;286778;13268;
1085;Sjælland;2021-06-08;M;35;0;0;2550;286813;13268;
1083;Syddanmark;2021-06-08;M;31;0;0;2550;286844;13268;
1084;Hovedstaden;2021-06-09;F;103;0;2;2550;286947;13270;
1082;Midtjylland;2021-06-09;F;49;0;0;2550;286996;13270;
1081;Nordjylland;2021-06-09;F;24;0;0;2550;287020;13270;
1085;Sjælland;2021-06-09;F;42;0;1;2550;287062;13271;
1083;Syddanmark;2021-06-09;F;22;0;2;2550;287084;13273;
1084;Hovedstaden;2021-06-09;M;92;0;4;2550;287176;13277;
1082;Midtjylland;2021-06-09;M;55;0;3;2550;287231;13280;
1081;Nordjylland;2021-06-09;M;37;0;0;2550;287268;13280;
1085;Sjælland;2021-06-09;M;30;0;0;2550;287298;13280;
1083;Syddanmark;2021-06-09;M;28;0;0;2550;287326;13280;
1084;Hovedstaden;2021-06-10;F;85;0;2;2550;287411;13282;
1082;Midtjylland;2021-06-10;F;41;0;0;2550;287452;13282;
1081;Nordjylland;2021-06-10;F;40;1;1;2551;287492;13283;
1085;Sjælland;2021-06-10;F;25;0;1;2551;287517;13284;
1083;Syddanmark;2021-06-10;F;19;0;0;2551;287536;13284;
1084;Hovedstaden;2021-06-10;M;89;0;0;2551;287625;13284;
1082;Midtjylland;2021-06-10;M;38;0;1;2551;287663;13285;
1081;Nordjylland;2021-06-10;M;27;0;0;2551;287690;13285;
1085;Sjælland;2021-06-10;M;27;0;1;2551;287717;13286;
1083;Syddanmark;2021-06-10;M;27;0;0;2551;287744;13286;
1084;Hovedstaden;2021-06-11;F;57;0;0;2551;287801;13286;
1082;Midtjylland;2021-06-11;F;35;0;0;2551;287836;13286;
1081;Nordjylland;2021-06-11;F;23;0;2;2551;287859;13288;
1085;Sjælland;2021-06-11;F;12;0;0;2551;287871;13288;
1083;Syddanmark;2021-06-11;F;17;0;0;2551;287888;13288;
1084;Hovedstaden;2021-06-11;M;68;0;3;2551;287956;13291;
1082;Midtjylland;2021-06-11;M;41;0;1;2551;287997;13292;
1081;Nordjylland;2021-06-11;M;27;0;0;2551;288024;13292;
1085;Sjælland;2021-06-11;M;22;0;0;2551;288046;13292;
1083;Syddanmark;2021-06-11;M;14;0;0;2551;288060;13292;
1084;Hovedstaden;2021-06-12;F;50;1;5;2552;288110;13297;
1082;Midtjylland;2021-06-12;F;25;0;0;2552;288135;13297;
1081;Nordjylland;2021-06-12;F;20;0;0;2552;288155;13297;
1085;Sjælland;2021-06-12;F;14;0;1;2552;288169;13298;
1083;Syddanmark;2021-06-12;F;11;0;0;2552;288180;13298;
1084;Hovedstaden;2021-06-12;M;60;0;2;2552;288240;13300;
1082;Midtjylland;2021-06-12;M;19;0;0;2552;288259;13300;
1081;Nordjylland;2021-06-12;M;16;0;0;2552;288275;13300;
1085;Sjælland;2021-06-12;M;20;0;0;2552;288295;13300;
1083;Syddanmark;2021-06-12;M;13;0;1;2552;288308;13301;
1084;Hovedstaden;2021-06-13;F;46;1;5;2553;288354;13306;
1082;Midtjylland;2021-06-13;F;25;0;0;2553;288379;13306;
1081;Nordjylland;2021-06-13;F;17;0;0;2553;288396;13306;
1085;Sjælland;2021-06-13;F;9;0;0;2553;288405;13306;
1083;Syddanmark;2021-06-13;F;19;0;1;2553;288424;13307;
1084;Hovedstaden;2021-06-13;M;41;0;0;2553;288465;13307;
1082;Midtjylland;2021-06-13;M;25;0;0;2553;288490;13307;
1081;Nordjylland;2021-06-13;M;20;0;0;2553;288510;13307;
1085;Sjælland;2021-06-13;M;15;0;0;2553;288525;13307;
1083;Syddanmark;2021-06-13;M;12;0;0;2553;288537;13307;
1084;Hovedstaden;2021-06-14;F;66;0;2;2553;288603;13309;
1082;Midtjylland;2021-06-14;F;25;0;1;2553;288628;13310;
1081;Nordjylland;2021-06-14;F;30;0;0;2553;288658;13310;
1085;Sjælland;2021-06-14;F;19;0;0;2553;288677;13310;
1083;Syddanmark;2021-06-14;F;24;0;0;2553;288701;13310;
1084;Hovedstaden;2021-06-14;M;53;0;3;2553;288754;13313;
1082;Midtjylland;2021-06-14;M;35;0;1;2553;288789;13314;
1081;Nordjylland;2021-06-14;M;19;0;0;2553;288808;13314;
1085;Sjælland;2021-06-14;M;31;0;3;2553;288839;13317;
1083;Syddanmark;2021-06-14;M;9;0;0;2553;288848;13317;
1084;Hovedstaden;2021-06-15;F;57;0;1;2553;288905;13318;
1082;Midtjylland;2021-06-15;F;36;0;0;2553;288941;13318;
1081;Nordjylland;2021-06-15;F;23;0;0;2553;288964;13318;
1085;Sjælland;2021-06-15;F;11;0;0;2553;288975;13318;
1083;Syddanmark;2021-06-15;F;15;0;0;2553;288990;13318;
1084;Hovedstaden;2021-06-15;M;70;0;2;2553;289060;13320;
1082;Midtjylland;2021-06-15;M;26;0;0;2553;289086;13320;
1081;Nordjylland;2021-06-15;M;33;0;2;2553;289119;13322;
1085;Sjælland;2021-06-15;M;18;0;0;2553;289137;13322;
1083;Syddanmark;2021-06-15;M;19;0;0;2553;289156;13322;
1084;Hovedstaden;2021-06-16;F;66;0;3;2553;289222;13325;
1082;Midtjylland;2021-06-16;F;29;0;0;2553;289251;13325;
1081;Nordjylland;2021-06-16;F;11;0;0;2553;289262;13325;
1085;Sjælland;2021-06-16;F;23;0;0;2553;289285;13325;
1083;Syddanmark;2021-06-16;F;12;0;0;2553;289297;13325;
1084;Hovedstaden;2021-06-16;M;77;0;1;2553;289374;13326;
1082;Midtjylland;2021-06-16;M;31;0;1;2553;289405;13327;
1081;Nordjylland;2021-06-16;M;12;0;0;2553;289417;13327;
1085;Sjælland;2021-06-16;M;13;0;0;2553;289430;13327;
1083;Syddanmark;2021-06-16;M;13;0;0;2553;289443;13327;
1084;Hovedstaden;2021-06-17;F;49;0;0;2553;289492;13327;
1082;Midtjylland;2021-06-17;F;17;0;0;2553;289509;13327;
1081;Nordjylland;2021-06-17;F;19;0;1;2553;289528;13328;
1085;Sjælland;2021-06-17;F;16;0;3;2553;289544;13331;
1083;Syddanmark;2021-06-17;F;3;0;0;2553;289547;13331;
1084;Hovedstaden;2021-06-17;M;53;0;0;2553;289600;13331;
1082;Midtjylland;2021-06-17;M;20;0;0;2553;289620;13331;
1081;Nordjylland;2021-06-17;M;10;0;0;2553;289630;13331;
1085;Sjælland;2021-06-17;M;14;0;0;2553;289644;13331;
1083;Syddanmark;2021-06-17;M;12;0;1;2553;289656;13332;
1084;Hovedstaden;2021-06-18;F;46;0;0;2553;289702;13332;
1082;Midtjylland;2021-06-18;F;14;0;1;2553;289716;13333;
1081;Nordjylland;2021-06-18;F;14;0;0;2553;289730;13333;
1085;Sjælland;2021-06-18;F;9;0;0;2553;289739;13333;
1083;Syddanmark;2021-06-18;F;3;0;0;2553;289742;13333;
1084;Hovedstaden;2021-06-18;M;52;0;2;2553;289794;13335;
1082;Midtjylland;2021-06-18;M;29;0;0;2553;289823;13335;
1081;Nordjylland;2021-06-18;M;15;1;3;2554;289838;13338;
1085;Sjælland;2021-06-18;M;14;0;0;2554;289852;13338;
1083;Syddanmark;2021-06-18;M;7;0;0;2554;289859;13338;
1084;Hovedstaden;2021-06-19;F;39;0;1;2554;289898;13339;
1082;Midtjylland;2021-06-19;F;9;0;0;2554;289907;13339;
1081;Nordjylland;2021-06-19;F;10;1;2;2555;289917;13341;
1085;Sjælland;2021-06-19;F;12;0;0;2555;289929;13341;
1083;Syddanmark;2021-06-19;F;7;0;0;2555;289936;13341;
1084;Hovedstaden;2021-06-19;M;55;0;3;2555;289991;13344;
1082;Midtjylland;2021-06-19;M;12;0;0;2555;290003;13344;
1081;Nordjylland;2021-06-19;M;12;1;2;2556;290015;13346;
1085;Sjælland;2021-06-19;M;10;0;1;2556;290025;13347;
1083;Syddanmark;2021-06-19;M;7;0;0;2556;290032;13347;
1084;Hovedstaden;2021-06-20;F;42;0;2;2556;290074;13349;
1082;Midtjylland;2021-06-20;F;16;0;0;2556;290090;13349;
1081;Nordjylland;2021-06-20;F;9;0;0;2556;290099;13349;
1085;Sjælland;2021-06-20;F;6;0;2;2556;290105;13351;
1083;Syddanmark;2021-06-20;F;5;0;1;2556;290110;13352;
1084;Hovedstaden;2021-06-20;M;37;0;0;2556;290147;13352;
1082;Midtjylland;2021-06-20;M;23;0;2;2556;290170;13354;
1081;Nordjylland;2021-06-20;M;8;0;0;2556;290178;13354;
1085;Sjælland;2021-06-20;M;10;0;1;2556;290188;13355;
1083;Syddanmark;2021-06-20;M;5;0;0;2556;290193;13355;
1084;Hovedstaden;2021-06-21;F;45;0;2;2556;290238;13357;
1082;Midtjylland;2021-06-21;F;12;0;1;2556;290250;13358;
1081;Nordjylland;2021-06-21;F;5;0;1;2556;290255;13359;
1085;Sjælland;2021-06-21;F;4;0;0;2556;290259;13359;
1083;Syddanmark;2021-06-21;F;8;0;1;2556;290267;13360;
1084;Hovedstaden;2021-06-21;M;63;0;0;2556;290330;13360;
1082;Midtjylland;2021-06-21;M;17;0;0;2556;290347;13360;
1081;Nordjylland;2021-06-21;M;12;0;0;2556;290359;13360;
1085;Sjælland;2021-06-21;M;6;0;0;2556;290365;13360;
1083;Syddanmark;2021-06-21;M;17;0;0;2556;290382;13360;
1084;Hovedstaden;2021-06-22;F;47;0;0;2556;290429;13360;
1082;Midtjylland;2021-06-22;F;9;0;0;2556;290438;13360;
1081;Nordjylland;2021-06-22;F;10;0;0;2556;290448;13360;
1085;Sjælland;2021-06-22;F;4;0;1;2556;290452;13361;
1083;Syddanmark;2021-06-22;F;4;0;0;2556;290456;13361;
1084;Hovedstaden;2021-06-22;M;54;0;1;2556;290510;13362;
1082;Midtjylland;2021-06-22;M;12;0;0;2556;290522;13362;
1081;Nordjylland;2021-06-22;M;4;0;0;2556;290526;13362;
1085;Sjælland;2021-06-22;M;14;0;0;2556;290540;13362;
1083;Syddanmark;2021-06-22;M;17;0;0;2556;290557;13362;
1084;Hovedstaden;2021-06-23;F;49;0;1;2556;290606;13363;
1082;Midtjylland;2021-06-23;F;16;0;2;2556;290622;13365;
1081;Nordjylland;2021-06-23;F;21;0;0;2556;290643;13365;
1085;Sjælland;2021-06-23;F;6;0;0;2556;290649;13365;
1083;Syddanmark;2021-06-23;F;8;0;0;2556;290657;13365;
1084;Hovedstaden;2021-06-23;M;49;0;0;2556;290706;13365;
1082;Midtjylland;2021-06-23;M;21;0;0;2556;290727;13365;
1081;Nordjylland;2021-06-23;M;13;0;0;2556;290740;13365;
1085;Sjælland;2021-06-23;M;11;0;1;2556;290751;13366;
1083;Syddanmark;2021-06-23;M;12;0;1;2556;290763;13367;
1084;Hovedstaden;2021-06-24;F;53;0;1;2556;290816;13368;
1082;Midtjylland;2021-06-24;F;15;0;0;2556;290831;13368;
1081;Nordjylland;2021-06-24;F;8;0;0;2556;290839;13368;
1085;Sjælland;2021-06-24;F;8;0;1;2556;290847;13369;
1083;Syddanmark;2021-06-24;F;15;0;0;2556;290862;13369;
1084;Hovedstaden;2021-06-24;M;57;0;2;2556;290919;13371;
1082;Midtjylland;2021-06-24;M;27;0;0;2556;290946;13371;
1081;Nordjylland;2021-06-24;M;13;0;0;2556;290959;13371;
1085;Sjælland;2021-06-24;M;4;0;0;2556;290963;13371;
1083;Syddanmark;2021-06-24;M;13;0;1;2556;290976;13372;
1084;Hovedstaden;2021-06-25;F;40;0;0;2556;291016;13372;
1082;Midtjylland;2021-06-25;F;13;0;0;2556;291029;13372;
1081;Nordjylland;2021-06-25;F;6;0;0;2556;291035;13372;
1085;Sjælland;2021-06-25;F;10;0;1;2556;291045;13373;
1083;Syddanmark;2021-06-25;F;7;0;0;2556;291052;13373;
1084;Hovedstaden;2021-06-25;M;58;0;4;2556;291110;13377;
1082;Midtjylland;2021-06-25;M;23;0;0;2556;291133;13377;
1081;Nordjylland;2021-06-25;M;14;0;0;2556;291147;13377;
1085;Sjælland;2021-06-25;M;9;0;0;2556;291156;13377;
1083;Syddanmark;2021-06-25;M;11;0;0;2556;291167;13377;
1084;Hovedstaden;2021-06-26;F;44;0;3;2556;291211;13380;
1082;Midtjylland;2021-06-26;F;9;0;1;2556;291220;13381;
1081;Nordjylland;2021-06-26;F;5;0;0;2556;291225;13381;
1085;Sjælland;2021-06-26;F;2;0;0;2556;291227;13381;
1083;Syddanmark;2021-06-26;F;4;0;0;2556;291231;13381;
1084;Hovedstaden;2021-06-26;M;49;0;2;2556;291280;13383;
1082;Midtjylland;2021-06-26;M;7;0;0;2556;291287;13383;
1081;Nordjylland;2021-06-26;M;8;0;0;2556;291295;13383;
1085;Sjælland;2021-06-26;M;5;0;0;2556;291300;13383;
1083;Syddanmark;2021-06-26;M;11;0;0;2556;291311;13383;
1084;Hovedstaden;2021-06-27;F;65;0;1;2556;291376;13384;
1082;Midtjylland;2021-06-27;F;8;0;0;2556;291384;13384;
1081;Nordjylland;2021-06-27;F;8;0;0;2556;291392;13384;
1085;Sjælland;2021-06-27;F;3;0;0;2556;291395;13384;
1083;Syddanmark;2021-06-27;F;10;0;0;2556;291405;13384;
1084;Hovedstaden;2021-06-27;M;52;1;1;2557;291457;13385;
1082;Midtjylland;2021-06-27;M;11;0;1;2557;291468;13386;
1081;Nordjylland;2021-06-27;M;13;0;0;2557;291481;13386;
1085;Sjælland;2021-06-27;M;8;0;0;2557;291489;13386;
1083;Syddanmark;2021-06-27;M;8;0;0;2557;291497;13386;
1084;Hovedstaden;2021-06-28;F;86;0;0;2557;291583;13386;
1082;Midtjylland;2021-06-28;F;20;0;0;2557;291603;13386;
1081;Nordjylland;2021-06-28;F;17;0;0;2557;291620;13386;
1085;Sjælland;2021-06-28;F;6;0;1;2557;291626;13387;
1083;Syddanmark;2021-06-28;F;9;0;0;2557;291635;13387;
1084;Hovedstaden;2021-06-28;M;85;0;2;2557;291720;13389;
1082;Midtjylland;2021-06-28;M;21;0;0;2557;291741;13389;
1081;Nordjylland;2021-06-28;M;21;0;0;2557;291762;13389;
1085;Sjælland;2021-06-28;M;15;0;0;2557;291777;13389;
1083;Syddanmark;2021-06-28;M;9;0;0;2557;291786;13389;
1084;Hovedstaden;2021-06-29;F;118;0;0;2557;291904;13389;
1082;Midtjylland;2021-06-29;F;19;0;0;2557;291923;13389;
1081;Nordjylland;2021-06-29;F;22;0;0;2557;291945;13389;
1085;Sjælland;2021-06-29;F;25;0;0;2557;291970;13389;
1083;Syddanmark;2021-06-29;F;14;0;0;2557;291984;13389;
1084;Hovedstaden;2021-06-29;M;133;0;2;2557;292117;13391;
1082;Midtjylland;2021-06-29;M;18;0;1;2557;292135;13392;
1081;Nordjylland;2021-06-29;M;22;0;0;2557;292157;13392;
1085;Sjælland;2021-06-29;M;21;0;2;2557;292178;13394;
1083;Syddanmark;2021-06-29;M;6;0;0;2557;292184;13394;
1084;Hovedstaden;2021-06-30;F;130;0;0;2557;292314;13394;
1082;Midtjylland;2021-06-30;F;30;0;1;2557;292344;13395;
1081;Nordjylland;2021-06-30;F;11;0;0;2557;292355;13395;
1085;Sjælland;2021-06-30;F;19;0;0;2557;292374;13395;
1083;Syddanmark;2021-06-30;F;15;0;0;2557;292389;13395;
1084;Hovedstaden;2021-06-30;M;182;0;4;2557;292571;13399;
1082;Midtjylland;2021-06-30;M;28;0;2;2557;292599;13401;
1081;Nordjylland;2021-06-30;M;20;0;0;2557;292619;13401;
1085;Sjælland;2021-06-30;M;28;0;0;2557;292647;13401;
1083;Syddanmark;2021-06-30;M;17;0;1;2557;292664;13402;
1084;Hovedstaden;2021-07-01;F;87;0;0;2557;292751;13402;
1082;Midtjylland;2021-07-01;F;28;0;1;2557;292779;13403;
1081;Nordjylland;2021-07-01;F;11;0;2;2557;292790;13405;
1085;Sjælland;2021-07-01;F;30;0;4;2557;292820;13409;
1083;Syddanmark;2021-07-01;F;16;0;0;2557;292836;13409;
1084;Hovedstaden;2021-07-01;M;123;0;2;2557;292959;13411;
1082;Midtjylland;2021-07-01;M;17;0;0;2557;292976;13411;
1081;Nordjylland;2021-07-01;M;16;0;0;2557;292992;13411;
1085;Sjælland;2021-07-01;M;34;0;1;2557;293026;13412;
1083;Syddanmark;2021-07-01;M;25;0;0;2557;293051;13412;
1084;Hovedstaden;2021-07-02;F;89;0;1;2557;293140;13413;
1082;Midtjylland;2021-07-02;F;26;1;1;2558;293166;13414;
1081;Nordjylland;2021-07-02;F;10;0;0;2558;293176;13414;
1085;Sjælland;2021-07-02;F;12;0;0;2558;293188;13414;
1083;Syddanmark;2021-07-02;F;14;0;0;2558;293202;13414;
1084;Hovedstaden;2021-07-02;M;135;0;2;2558;293337;13416;
1082;Midtjylland;2021-07-02;M;27;0;0;2558;293364;13416;
1081;Nordjylland;2021-07-02;M;16;0;0;2558;293380;13416;
1085;Sjælland;2021-07-02;M;26;0;1;2558;293406;13417;
1083;Syddanmark;2021-07-02;M;18;0;0;2558;293424;13417;
1084;Hovedstaden;2021-07-03;F;83;0;0;2558;293507;13417;
1082;Midtjylland;2021-07-03;F;24;0;0;2558;293531;13417;
1081;Nordjylland;2021-07-03;F;9;0;0;2558;293540;13417;
1085;Sjælland;2021-07-03;F;20;0;2;2558;293560;13419;
1083;Syddanmark;2021-07-03;F;11;0;0;2558;293571;13419;
1084;Hovedstaden;2021-07-03;M;103;1;2;2559;293674;13421;
1082;Midtjylland;2021-07-03;M;30;0;1;2559;293704;13422;
1081;Nordjylland;2021-07-03;M;28;0;0;2559;293732;13422;
1085;Sjælland;2021-07-03;M;26;0;0;2559;293758;13422;
1083;Syddanmark;2021-07-03;M;21;0;0;2559;293779;13422;
1084;Hovedstaden;2021-07-04;F;103;0;0;2559;293882;13422;
1082;Midtjylland;2021-07-04;F;29;0;0;2559;293911;13422;
1081;Nordjylland;2021-07-04;F;13;0;0;2559;293924;13422;
1085;Sjælland;2021-07-04;F;15;0;0;2559;293939;13422;
1083;Syddanmark;2021-07-04;F;23;0;0;2559;293962;13422;
1084;Hovedstaden;2021-07-04;M;125;0;1;2559;294087;13423;
1082;Midtjylland;2021-07-04;M;35;1;2;2560;294122;13425;
1081;Nordjylland;2021-07-04;M;15;0;0;2560;294137;13425;
1085;Sjælland;2021-07-04;M;25;0;1;2560;294162;13426;
1083;Syddanmark;2021-07-04;M;22;0;0;2560;294184;13426;
1084;Hovedstaden;2021-07-05;F;159;1;2;2561;294343;13428;
1082;Midtjylland;2021-07-05;F;68;0;0;2561;294411;13428;
1081;Nordjylland;2021-07-05;F;18;0;0;2561;294429;13428;
1085;Sjælland;2021-07-05;F;27;0;0;2561;294456;13428;
1083;Syddanmark;2021-07-05;F;51;0;1;2561;294507;13429;
1084;Hovedstaden;2021-07-05;M;153;0;2;2561;294660;13431;
1082;Midtjylland;2021-07-05;M;83;0;1;2561;294743;13432;
1081;Nordjylland;2021-07-05;M;28;0;0;2561;294771;13432;
1085;Sjælland;2021-07-05;M;31;0;0;2561;294802;13432;
1083;Syddanmark;2021-07-05;M;59;0;1;2561;294861;13433;
1084;Hovedstaden;2021-07-06;F;169;0;5;2561;295030;13438;
1082;Midtjylland;2021-07-06;F;60;0;2;2561;295090;13440;
1081;Nordjylland;2021-07-06;F;16;0;0;2561;295106;13440;
1085;Sjælland;2021-07-06;F;31;0;1;2561;295137;13441;
1083;Syddanmark;2021-07-06;F;47;0;0;2561;295184;13441;
1084;Hovedstaden;2021-07-06;M;183;0;3;2561;295367;13444;
1082;Midtjylland;2021-07-06;M;56;0;0;2561;295423;13444;
1081;Nordjylland;2021-07-06;M;18;0;0;2561;295441;13444;
1085;Sjælland;2021-07-06;M;20;0;0;2561;295461;13444;
1083;Syddanmark;2021-07-06;M;60;0;1;2561;295521;13445;
1084;Hovedstaden;2021-07-07;F;132;0;1;2561;295653;13446;
1082;Midtjylland;2021-07-07;F;66;0;0;2561;295719;13446;
1081;Nordjylland;2021-07-07;F;22;0;1;2561;295741;13447;
1085;Sjælland;2021-07-07;F;25;0;0;2561;295766;13447;
1083;Syddanmark;2021-07-07;F;38;0;0;2561;295804;13447;
1084;Hovedstaden;2021-07-07;M;167;0;1;2561;295971;13448;
1082;Midtjylland;2021-07-07;M;77;0;1;2561;296048;13449;
1081;Nordjylland;2021-07-07;M;14;0;0;2561;296062;13449;
1085;Sjælland;2021-07-07;M;32;0;2;2561;296094;13451;
1083;Syddanmark;2021-07-07;M;45;0;0;2561;296139;13451;
1084;Hovedstaden;2021-07-08;F;131;0;2;2561;296270;13453;
1082;Midtjylland;2021-07-08;F;59;0;1;2561;296329;13454;
1081;Nordjylland;2021-07-08;F;16;0;0;2561;296345;13454;
1085;Sjælland;2021-07-08;F;24;0;0;2561;296369;13454;
1083;Syddanmark;2021-07-08;F;26;0;2;2561;296395;13456;
1084;Hovedstaden;2021-07-08;M;144;0;2;2561;296539;13458;
1082;Midtjylland;2021-07-08;M;61;0;0;2561;296600;13458;
1081;Nordjylland;2021-07-08;M;19;0;1;2561;296619;13459;
1085;Sjælland;2021-07-08;M;29;0;0;2561;296648;13459;
1083;Syddanmark;2021-07-08;M;34;0;0;2561;296682;13459;
1084;Hovedstaden;2021-07-09;F;137;0;1;2561;296819;13460;
1082;Midtjylland;2021-07-09;F;65;0;0;2561;296884;13460;
1081;Nordjylland;2021-07-09;F;9;0;0;2561;296893;13460;
1085;Sjælland;2021-07-09;F;14;0;1;2561;296907;13461;
1083;Syddanmark;2021-07-09;F;26;0;1;2561;296933;13462;
1084;Hovedstaden;2021-07-09;M;167;0;0;2561;297100;13462;
1082;Midtjylland;2021-07-09;M;63;0;0;2561;297163;13462;
1081;Nordjylland;2021-07-09;M;18;0;0;2561;297181;13462;
1085;Sjælland;2021-07-09;M;34;0;0;2561;297215;13462;
1083;Syddanmark;2021-07-09;M;34;0;0;2561;297249;13462;
1084;Hovedstaden;2021-07-10;F;167;0;1;2561;297416;13463;
1082;Midtjylland;2021-07-10;F;64;0;0;2561;297480;13463;
1081;Nordjylland;2021-07-10;F;13;0;0;2561;297493;13463;
1085;Sjælland;2021-07-10;F;26;0;0;2561;297519;13463;
1083;Syddanmark;2021-07-10;F;44;0;0;2561;297563;13463;
1084;Hovedstaden;2021-07-10;M;186;0;2;2561;297749;13465;
1082;Midtjylland;2021-07-10;M;65;0;0;2561;297814;13465;
1081;Nordjylland;2021-07-10;M;20;0;0;2561;297834;13465;
1085;Sjælland;2021-07-10;M;36;0;0;2561;297870;13465;
1083;Syddanmark;2021-07-10;M;34;0;0;2561;297904;13465;
1084;Hovedstaden;2021-07-11;F;193;0;5;2561;298097;13470;
1082;Midtjylland;2021-07-11;F;84;0;3;2561;298181;13473;
1081;Nordjylland;2021-07-11;F;12;0;0;2561;298193;13473;
1085;Sjælland;2021-07-11;F;31;0;0;2561;298224;13473;
1083;Syddanmark;2021-07-11;F;55;0;1;2561;298279;13474;
1084;Hovedstaden;2021-07-11;M;291;0;2;2561;298570;13476;
1082;Midtjylland;2021-07-11;M;126;0;2;2561;298696;13478;
1081;Nordjylland;2021-07-11;M;29;0;0;2561;298725;13478;
1085;Sjælland;2021-07-11;M;32;0;0;2561;298757;13478;
1083;Syddanmark;2021-07-11;M;70;0;1;2561;298827;13479;
1084;Hovedstaden;2021-07-12;F;272;0;1;2561;299099;13480;
1082;Midtjylland;2021-07-12;F;111;0;1;2561;299210;13481;
1081;Nordjylland;2021-07-12;F;22;0;0;2561;299232;13481;
1085;Sjælland;2021-07-12;F;39;0;1;2561;299271;13482;
1083;Syddanmark;2021-07-12;F;54;1;1;2562;299325;13483;
1084;Hovedstaden;2021-07-12;M;305;0;2;2562;299630;13485;
1082;Midtjylland;2021-07-12;M;153;0;2;2562;299783;13487;
1081;Nordjylland;2021-07-12;M;23;0;1;2562;299806;13488;
1085;Sjælland;2021-07-12;M;45;0;1;2562;299851;13489;
1083;Syddanmark;2021-07-12;M;88;1;4;2563;299939;13493;
1084;Hovedstaden;2021-07-13;F;296;0;0;2563;300235;13493;
1082;Midtjylland;2021-07-13;F;121;1;2;2564;300356;13495;
1081;Nordjylland;2021-07-13;F;22;0;0;2564;300378;13495;
1085;Sjælland;2021-07-13;F;40;0;1;2564;300418;13496;
1083;Syddanmark;2021-07-13;F;59;0;2;2564;300477;13498;
1084;Hovedstaden;2021-07-13;M;344;0;3;2564;300821;13501;
1082;Midtjylland;2021-07-13;M;149;0;0;2564;300970;13501;
1081;Nordjylland;2021-07-13;M;30;0;0;2564;301000;13501;
1085;Sjælland;2021-07-13;M;56;0;1;2564;301056;13502;
1083;Syddanmark;2021-07-13;M;100;0;2;2564;301156;13504;
1084;Hovedstaden;2021-07-14;F;281;0;3;2564;301437;13507;
1082;Midtjylland;2021-07-14;F;140;0;1;2564;301577;13508;
1081;Nordjylland;2021-07-14;F;20;0;0;2564;301597;13508;
1085;Sjælland;2021-07-14;F;50;0;3;2564;301647;13511;
1083;Syddanmark;2021-07-14;F;50;0;1;2564;301697;13512;
1084;Hovedstaden;2021-07-14;M;331;0;2;2564;302028;13514;
1082;Midtjylland;2021-07-14;M;158;0;1;2564;302186;13515;
1081;Nordjylland;2021-07-14;M;25;0;1;2564;302211;13516;
1085;Sjælland;2021-07-14;M;53;0;1;2564;302264;13517;
1083;Syddanmark;2021-07-14;M;80;0;1;2564;302344;13518;
1084;Hovedstaden;2021-07-15;F;261;0;1;2564;302605;13519;
1082;Midtjylland;2021-07-15;F;101;0;2;2564;302706;13521;
1081;Nordjylland;2021-07-15;F;27;0;0;2564;302733;13521;
1085;Sjælland;2021-07-15;F;37;0;0;2564;302770;13521;
1083;Syddanmark;2021-07-15;F;55;0;1;2564;302825;13522;
1084;Hovedstaden;2021-07-15;M;295;0;4;2564;303120;13526;
1082;Midtjylland;2021-07-15;M;137;0;2;2564;303257;13528;
1081;Nordjylland;2021-07-15;M;19;0;0;2564;303276;13528;
1085;Sjælland;2021-07-15;M;40;0;2;2564;303316;13530;
1083;Syddanmark;2021-07-15;M;65;1;0;2565;303381;13530;
1084;Hovedstaden;2021-07-16;F;174;0;1;2565;303555;13531;
1082;Midtjylland;2021-07-16;F;97;0;1;2565;303652;13532;
1081;Nordjylland;2021-07-16;F;12;0;0;2565;303664;13532;
1085;Sjælland;2021-07-16;F;38;0;1;2565;303702;13533;
1083;Syddanmark;2021-07-16;F;47;0;1;2565;303749;13534;
1084;Hovedstaden;2021-07-16;M;231;1;3;2566;303980;13537;
1082;Midtjylland;2021-07-16;M;101;0;1;2566;304081;13538;
1081;Nordjylland;2021-07-16;M;21;0;0;2566;304102;13538;
1085;Sjælland;2021-07-16;M;43;0;0;2566;304145;13538;
1083;Syddanmark;2021-07-16;M;44;0;0;2566;304189;13538;
1084;Hovedstaden;2021-07-17;F;182;0;2;2566;304371;13540;
1082;Midtjylland;2021-07-17;F;90;1;2;2567;304461;13542;
1081;Nordjylland;2021-07-17;F;15;0;0;2567;304476;13542;
1085;Sjælland;2021-07-17;F;31;0;2;2567;304507;13544;
1083;Syddanmark;2021-07-17;F;47;0;0;2567;304554;13544;
1084;Hovedstaden;2021-07-17;M;205;0;2;2567;304759;13546;
1082;Midtjylland;2021-07-17;M;82;0;0;2567;304841;13546;
1081;Nordjylland;2021-07-17;M;28;0;0;2567;304869;13546;
1085;Sjælland;2021-07-17;M;43;0;1;2567;304912;13547;
1083;Syddanmark;2021-07-17;M;55;0;0;2567;304967;13547;
1084;Hovedstaden;2021-07-18;F;158;0;0;2567;305125;13547;
1082;Midtjylland;2021-07-18;F;78;0;0;2567;305203;13547;
1081;Nordjylland;2021-07-18;F;15;0;0;2567;305218;13547;
1085;Sjælland;2021-07-18;F;33;0;0;2567;305251;13547;
1083;Syddanmark;2021-07-18;F;51;0;1;2567;305302;13548;
1084;Hovedstaden;2021-07-18;M;168;0;2;2567;305470;13550;
1082;Midtjylland;2021-07-18;M;84;0;0;2567;305554;13550;
1081;Nordjylland;2021-07-18;M;24;0;0;2567;305578;13550;
1085;Sjælland;2021-07-18;M;58;1;1;2568;305636;13551;
1083;Syddanmark;2021-07-18;M;52;0;1;2568;305688;13552;
1084;Hovedstaden;2021-07-19;F;183;0;1;2568;305871;13553;
1082;Midtjylland;2021-07-19;F;114;0;2;2568;305985;13555;
1081;Nordjylland;2021-07-19;F;29;0;0;2568;306014;13555;
1085;Sjælland;2021-07-19;F;39;0;2;2568;306053;13557;
1083;Syddanmark;2021-07-19;F;48;0;2;2568;306101;13559;
1084;Hovedstaden;2021-07-19;M;206;1;3;2569;306307;13562;
1082;Midtjylland;2021-07-19;M;123;0;1;2569;306430;13563;
1081;Nordjylland;2021-07-19;M;31;0;0;2569;306461;13563;
1085;Sjælland;2021-07-19;M;34;0;1;2569;306495;13564;
1083;Syddanmark;2021-07-19;M;46;0;1;2569;306541;13565;
1084;Hovedstaden;2021-07-20;F;184;0;3;2569;306725;13568;
1082;Midtjylland;2021-07-20;F;78;0;1;2569;306803;13569;
1081;Nordjylland;2021-07-20;F;18;0;0;2569;306821;13569;
1085;Sjælland;2021-07-20;F;24;0;0;2569;306845;13569;
1083;Syddanmark;2021-07-20;F;56;0;2;2569;306901;13571;
1084;Hovedstaden;2021-07-20;M;210;0;1;2569;307111;13572;
1082;Midtjylland;2021-07-20;M;119;0;2;2569;307230;13574;
1081;Nordjylland;2021-07-20;M;17;0;0;2569;307247;13574;
1085;Sjælland;2021-07-20;M;37;0;0;2569;307284;13574;
1083;Syddanmark;2021-07-20;M;66;0;0;2569;307350;13574;
1084;Hovedstaden;2021-07-21;F;199;0;2;2569;307549;13576;
1082;Midtjylland;2021-07-21;F;81;0;0;2569;307630;13576;
1081;Nordjylland;2021-07-21;F;28;0;0;2569;307658;13576;
1085;Sjælland;2021-07-21;F;32;0;0;2569;307690;13576;
1083;Syddanmark;2021-07-21;F;42;0;0;2569;307732;13576;
1084;Hovedstaden;2021-07-21;M;173;1;1;2570;307905;13577;
1082;Midtjylland;2021-07-21;M;119;0;3;2570;308024;13580;
1081;Nordjylland;2021-07-21;M;32;0;0;2570;308056;13580;
1085;Sjælland;2021-07-21;M;35;0;1;2570;308091;13581;
1083;Syddanmark;2021-07-21;M;59;0;0;2570;308150;13581;
1084;Hovedstaden;2021-07-22;F;129;0;0;2570;308279;13581;
1082;Midtjylland;2021-07-22;F;91;0;1;2570;308370;13582;
1081;Nordjylland;2021-07-22;F;28;0;0;2570;308398;13582;
1085;Sjælland;2021-07-22;F;35;0;0;2570;308433;13582;
1083;Syddanmark;2021-07-22;F;47;0;0;2570;308480;13582;
1084;Hovedstaden;2021-07-22;M;169;0;2;2570;308649;13584;
1082;Midtjylland;2021-07-22;M;91;0;3;2570;308740;13587;
1081;Nordjylland;2021-07-22;M;22;0;1;2570;308762;13588;
1085;Sjælland;2021-07-22;M;34;0;1;2570;308796;13589;
1083;Syddanmark;2021-07-22;M;54;0;2;2570;308850;13591;
1084;Hovedstaden;2021-07-23;F;140;1;3;2571;308990;13594;
1082;Midtjylland;2021-07-23;F;94;0;3;2571;309084;13597;
1081;Nordjylland;2021-07-23;F;19;0;0;2571;309103;13597;
1085;Sjælland;2021-07-23;F;30;0;0;2571;309133;13597;
1083;Syddanmark;2021-07-23;F;52;0;0;2571;309185;13597;
1084;Hovedstaden;2021-07-23;M;161;2;4;2573;309346;13601;
1082;Midtjylland;2021-07-23;M;102;0;0;2573;309448;13601;
1081;Nordjylland;2021-07-23;M;27;0;1;2573;309475;13602;
1085;Sjælland;2021-07-23;M;34;1;1;2574;309509;13603;
1083;Syddanmark;2021-07-23;M;73;0;0;2574;309582;13603;
1084;Hovedstaden;2021-07-24;F;136;0;3;2574;309718;13606;
1082;Midtjylland;2021-07-24;F;81;0;1;2574;309799;13607;
1081;Nordjylland;2021-07-24;F;27;0;0;2574;309826;13607;
1085;Sjælland;2021-07-24;F;27;0;1;2574;309853;13608;
1083;Syddanmark;2021-07-24;F;28;0;0;2574;309881;13608;
1084;Hovedstaden;2021-07-24;M;132;0;0;2574;310013;13608;
1082;Midtjylland;2021-07-24;M;103;0;1;2574;310116;13609;
1081;Nordjylland;2021-07-24;M;31;0;0;2574;310147;13609;
1085;Sjælland;2021-07-24;M;22;0;0;2574;310169;13609;
1083;Syddanmark;2021-07-24;M;48;0;0;2574;310217;13609;
1084;Hovedstaden;2021-07-25;F;145;0;4;2574;310362;13613;
1082;Midtjylland;2021-07-25;F;93;0;0;2574;310455;13613;
1081;Nordjylland;2021-07-25;F;23;0;0;2574;310478;13613;
1085;Sjælland;2021-07-25;F;26;0;0;2574;310504;13613;
1083;Syddanmark;2021-07-25;F;59;0;2;2574;310563;13615;
1084;Hovedstaden;2021-07-25;M;203;0;3;2574;310766;13618;
1082;Midtjylland;2021-07-25;M;107;1;1;2575;310873;13619;
1081;Nordjylland;2021-07-25;M;32;0;0;2575;310905;13619;
1085;Sjælland;2021-07-25;M;27;0;0;2575;310932;13619;
1083;Syddanmark;2021-07-25;M;56;0;0;2575;310988;13619;
1084;Hovedstaden;2021-07-26;F;193;0;1;2575;311181;13620;
1082;Midtjylland;2021-07-26;F;126;0;0;2575;311307;13620;
1081;Nordjylland;2021-07-26;F;46;0;0;2575;311353;13620;
1085;Sjælland;2021-07-26;F;51;0;0;2575;311404;13620;
1083;Syddanmark;2021-07-26;F;70;0;5;2575;311474;13625;
1084;Hovedstaden;2021-07-26;M;213;0;0;2575;311687;13625;
1082;Midtjylland;2021-07-26;M;150;0;2;2575;311837;13627;
1081;Nordjylland;2021-07-26;M;62;0;0;2575;311899;13627;
1085;Sjælland;2021-07-26;M;39;0;1;2575;311938;13628;
1083;Syddanmark;2021-07-26;M;79;0;0;2575;312017;13628;
1084;Hovedstaden;2021-07-27;F;206;0;3;2575;312223;13631;
1082;Midtjylland;2021-07-27;F;119;1;0;2576;312342;13631;
1081;Nordjylland;2021-07-27;F;59;0;0;2576;312401;13631;
1085;Sjælland;2021-07-27;F;31;0;0;2576;312432;13631;
1083;Syddanmark;2021-07-27;F;55;0;0;2576;312487;13631;
1084;Hovedstaden;2021-07-27;M;192;0;2;2576;312679;13633;
1082;Midtjylland;2021-07-27;M;134;1;1;2577;312813;13634;
1081;Nordjylland;2021-07-27;M;66;0;0;2577;312879;13634;
1085;Sjælland;2021-07-27;M;40;0;2;2577;312919;13636;
1083;Syddanmark;2021-07-27;M;62;0;2;2577;312981;13638;
1084;Hovedstaden;2021-07-28;F;189;0;5;2577;313170;13643;
1082;Midtjylland;2021-07-28;F;107;0;1;2577;313277;13644;
1081;Nordjylland;2021-07-28;F;81;0;0;2577;313358;13644;
1085;Sjælland;2021-07-28;F;33;0;1;2577;313391;13645;
1083;Syddanmark;2021-07-28;F;62;0;0;2577;313453;13645;
1084;Hovedstaden;2021-07-28;M;193;0;5;2577;313646;13650;
1082;Midtjylland;2021-07-28;M;109;0;0;2577;313755;13650;
1081;Nordjylland;2021-07-28;M;80;0;0;2577;313835;13650;
1085;Sjælland;2021-07-28;M;36;0;0;2577;313871;13650;
1083;Syddanmark;2021-07-28;M;94;1;2;2578;313965;13652;
1084;Hovedstaden;2021-07-29;F;161;0;2;2578;314126;13654;
1082;Midtjylland;2021-07-29;F;103;0;2;2578;314229;13656;
1081;Nordjylland;2021-07-29;F;55;0;2;2578;314284;13658;
1085;Sjælland;2021-07-29;F;25;0;0;2578;314309;13658;
1083;Syddanmark;2021-07-29;F;75;0;1;2578;314384;13659;
1084;Hovedstaden;2021-07-29;M;154;0;4;2578;314538;13663;
1082;Midtjylland;2021-07-29;M;122;0;0;2578;314660;13663;
1081;Nordjylland;2021-07-29;M;72;0;0;2578;314732;13663;
1085;Sjælland;2021-07-29;M;36;0;1;2578;314768;13664;
1083;Syddanmark;2021-07-29;M;84;0;1;2578;314852;13665;
1084;Hovedstaden;2021-07-30;F;169;0;0;2578;315021;13665;
1082;Midtjylland;2021-07-30;F;92;0;2;2578;315113;13667;
1081;Nordjylland;2021-07-30;F;41;0;0;2578;315154;13667;
1085;Sjælland;2021-07-30;F;39;0;0;2578;315193;13667;
1083;Syddanmark;2021-07-30;F;57;1;0;2579;315250;13667;
1084;Hovedstaden;2021-07-30;M;177;1;7;2580;315427;13674;
1082;Midtjylland;2021-07-30;M;120;0;0;2580;315547;13674;
1081;Nordjylland;2021-07-30;M;48;0;1;2580;315595;13675;
1085;Sjælland;2021-07-30;M;39;0;1;2580;315634;13676;
1083;Syddanmark;2021-07-30;M;65;0;1;2580;315699;13677;
1084;Hovedstaden;2021-07-31;F;155;0;1;2580;315854;13678;
1082;Midtjylland;2021-07-31;F;89;0;1;2580;315943;13679;
1081;Nordjylland;2021-07-31;F;44;0;0;2580;315987;13679;
1085;Sjælland;2021-07-31;F;30;0;0;2580;316017;13679;
1083;Syddanmark;2021-07-31;F;57;0;2;2580;316074;13681;
1084;Hovedstaden;2021-07-31;M;135;0;1;2580;316209;13682;
1082;Midtjylland;2021-07-31;M;91;0;1;2580;316300;13683;
1081;Nordjylland;2021-07-31;M;71;0;0;2580;316371;13683;
1085;Sjælland;2021-07-31;M;25;0;1;2580;316396;13684;
1083;Syddanmark;2021-07-31;M;52;0;1;2580;316448;13685;
1084;Hovedstaden;2021-08-01;F;155;0;3;2580;316603;13688;
1082;Midtjylland;2021-08-01;F;86;0;1;2580;316689;13689;
1081;Nordjylland;2021-08-01;F;67;0;0;2580;316756;13689;
1085;Sjælland;2021-08-01;F;51;1;4;2581;316807;13693;
1083;Syddanmark;2021-08-01;F;57;0;2;2581;316864;13695;
1084;Hovedstaden;2021-08-01;M;180;0;1;2581;317044;13696;
1082;Midtjylland;2021-08-01;M;95;0;2;2581;317139;13698;
1081;Nordjylland;2021-08-01;M;48;0;0;2581;317187;13698;
1085;Sjælland;2021-08-01;M;26;0;0;2581;317213;13698;
1083;Syddanmark;2021-08-01;M;71;0;3;2581;317284;13701;
1084;Hovedstaden;2021-08-02;F;165;0;3;2581;317449;13704;
1082;Midtjylland;2021-08-02;F;108;0;2;2581;317557;13706;
1081;Nordjylland;2021-08-02;F;55;0;0;2581;317612;13706;
1085;Sjælland;2021-08-02;F;36;0;0;2581;317648;13706;
1083;Syddanmark;2021-08-02;F;69;0;2;2581;317717;13708;
1084;Hovedstaden;2021-08-02;M;174;0;3;2581;317891;13711;
1082;Midtjylland;2021-08-02;M;121;0;0;2581;318012;13711;
1081;Nordjylland;2021-08-02;M;59;0;0;2581;318071;13711;
1085;Sjælland;2021-08-02;M;42;1;2;2582;318113;13713;
1083;Syddanmark;2021-08-02;M;79;0;2;2582;318192;13715;
1084;Hovedstaden;2021-08-03;F;151;0;3;2582;318343;13718;
1082;Midtjylland;2021-08-03;F;116;0;3;2582;318459;13721;
1081;Nordjylland;2021-08-03;F;38;0;0;2582;318497;13721;
1085;Sjælland;2021-08-03;F;48;0;1;2582;318545;13722;
1083;Syddanmark;2021-08-03;F;69;0;1;2582;318614;13723;
1084;Hovedstaden;2021-08-03;M;155;0;3;2582;318769;13726;
1082;Midtjylland;2021-08-03;M;129;0;2;2582;318898;13728;
1081;Nordjylland;2021-08-03;M;51;0;0;2582;318949;13728;
1085;Sjælland;2021-08-03;M;45;0;0;2582;318994;13728;
1083;Syddanmark;2021-08-03;M;83;0;4;2582;319077;13732;
1084;Hovedstaden;2021-08-04;F;183;0;5;2582;319260;13737;
1082;Midtjylland;2021-08-04;F;95;0;2;2582;319355;13739;
1081;Nordjylland;2021-08-04;F;52;0;0;2582;319407;13739;
1085;Sjælland;2021-08-04;F;30;1;1;2583;319437;13740;
1083;Syddanmark;2021-08-04;F;82;0;0;2583;319519;13740;
1084;Hovedstaden;2021-08-04;M;167;0;3;2583;319686;13743;
1082;Midtjylland;2021-08-04;M;120;0;2;2583;319806;13745;
1081;Nordjylland;2021-08-04;M;61;0;0;2583;319867;13745;
1085;Sjælland;2021-08-04;M;39;0;0;2583;319906;13745;
1083;Syddanmark;2021-08-04;M;90;0;3;2583;319996;13748;
1084;Hovedstaden;2021-08-05;F;173;0;4;2583;320169;13752;
1082;Midtjylland;2021-08-05;F;98;0;1;2583;320267;13753;
1081;Nordjylland;2021-08-05;F;60;0;1;2583;320327;13754;
1085;Sjælland;2021-08-05;F;33;1;1;2584;320360;13755;
1083;Syddanmark;2021-08-05;F;80;0;2;2584;320440;13757;
1084;Hovedstaden;2021-08-05;M;184;1;2;2585;320624;13759;
1082;Midtjylland;2021-08-05;M;102;0;0;2585;320726;13759;
1081;Nordjylland;2021-08-05;M;62;0;1;2585;320788;13760;
1085;Sjælland;2021-08-05;M;40;0;1;2585;320828;13761;
1083;Syddanmark;2021-08-05;M;97;0;3;2585;320925;13764;
1084;Hovedstaden;2021-08-06;F;184;0;2;2585;321109;13766;
1082;Midtjylland;2021-08-06;F;95;0;1;2585;321204;13767;
1081;Nordjylland;2021-08-06;F;46;0;0;2585;321250;13767;
1085;Sjælland;2021-08-06;F;47;0;2;2585;321297;13769;
1083;Syddanmark;2021-08-06;F;68;0;2;2585;321365;13771;
1084;Hovedstaden;2021-08-06;M;187;0;2;2585;321552;13773;
1082;Midtjylland;2021-08-06;M;110;0;1;2585;321662;13774;
1081;Nordjylland;2021-08-06;M;66;0;1;2585;321728;13775;
1085;Sjælland;2021-08-06;M;40;0;1;2585;321768;13776;
1083;Syddanmark;2021-08-06;M;71;0;1;2585;321839;13777;
1084;Hovedstaden;2021-08-07;F;206;0;5;2585;322045;13782;
1082;Midtjylland;2021-08-07;F;98;0;1;2585;322143;13783;
1081;Nordjylland;2021-08-07;F;52;0;0;2585;322195;13783;
1085;Sjælland;2021-08-07;F;36;0;2;2585;322231;13785;
1083;Syddanmark;2021-08-07;F;55;0;1;2585;322286;13786;
1084;Hovedstaden;2021-08-07;M;178;0;4;2585;322464;13790;
1082;Midtjylland;2021-08-07;M;92;0;2;2585;322556;13792;
1081;Nordjylland;2021-08-07;M;38;0;0;2585;322594;13792;
1085;Sjælland;2021-08-07;M;24;0;0;2585;322618;13792;
1083;Syddanmark;2021-08-07;M;70;0;0;2585;322688;13792;
1084;Hovedstaden;2021-08-08;F;198;0;2;2585;322886;13794;
1082;Midtjylland;2021-08-08;F;109;0;2;2585;322995;13796;
1081;Nordjylland;2021-08-08;F;55;0;0;2585;323050;13796;
1085;Sjælland;2021-08-08;F;40;0;2;2585;323090;13798;
1083;Syddanmark;2021-08-08;F;77;0;1;2585;323167;13799;
1084;Hovedstaden;2021-08-08;M;197;1;1;2586;323364;13800;
1082;Midtjylland;2021-08-08;M;122;0;2;2586;323486;13802;
1081;Nordjylland;2021-08-08;M;60;0;0;2586;323546;13802;
1085;Sjælland;2021-08-08;M;47;0;0;2586;323593;13802;
1083;Syddanmark;2021-08-08;M;78;0;5;2586;323671;13807;
1084;Hovedstaden;2021-08-09;F;256;0;3;2586;323927;13810;
1082;Midtjylland;2021-08-09;F;99;0;4;2586;324026;13814;
1081;Nordjylland;2021-08-09;F;74;0;2;2586;324100;13816;
1085;Sjælland;2021-08-09;F;53;0;0;2586;324153;13816;
1083;Syddanmark;2021-08-09;F;90;0;1;2586;324243;13817;
1084;Hovedstaden;2021-08-09;M;217;0;8;2586;324460;13825;
1082;Midtjylland;2021-08-09;M;101;1;3;2587;324561;13828;
1081;Nordjylland;2021-08-09;M;47;0;1;2587;324608;13829;
1085;Sjælland;2021-08-09;M;73;0;1;2587;324681;13830;
1083;Syddanmark;2021-08-09;M;87;0;1;2587;324768;13831;
1084;Hovedstaden;2021-08-10;F;204;0;1;2587;324972;13832;
1082;Midtjylland;2021-08-10;F;128;0;2;2587;325100;13834;
1081;Nordjylland;2021-08-10;F;53;0;0;2587;325153;13834;
1085;Sjælland;2021-08-10;F;60;1;2;2588;325213;13836;
1083;Syddanmark;2021-08-10;F;80;0;3;2588;325293;13839;
1084;Hovedstaden;2021-08-10;M;217;2;9;2590;325510;13848;
1082;Midtjylland;2021-08-10;M;130;0;1;2590;325640;13849;
1081;Nordjylland;2021-08-10;M;62;0;0;2590;325702;13849;
1085;Sjælland;2021-08-10;M;49;0;0;2590;325751;13849;
1083;Syddanmark;2021-08-10;M;99;0;2;2590;325850;13851;
1084;Hovedstaden;2021-08-11;F;210;0;6;2590;326060;13857;
1082;Midtjylland;2021-08-11;F;118;0;1;2590;326178;13858;
1081;Nordjylland;2021-08-11;F;45;0;0;2590;326223;13858;
1085;Sjælland;2021-08-11;F;65;0;4;2590;326288;13862;
1083;Syddanmark;2021-08-11;F;68;0;4;2590;326356;13866;
1084;Hovedstaden;2021-08-11;M;186;0;4;2590;326542;13870;
1082;Midtjylland;2021-08-11;M;117;0;1;2590;326659;13871;
1081;Nordjylland;2021-08-11;M;58;1;4;2591;326717;13875;
1085;Sjælland;2021-08-11;M;58;0;1;2591;326775;13876;
1083;Syddanmark;2021-08-11;M;65;0;2;2591;326840;13878;
1084;Hovedstaden;2021-08-12;F;196;1;4;2592;327036;13882;
1082;Midtjylland;2021-08-12;F;136;0;4;2592;327172;13886;
1081;Nordjylland;2021-08-12;F;57;0;1;2592;327229;13887;
1085;Sjælland;2021-08-12;F;52;0;0;2592;327281;13887;
1083;Syddanmark;2021-08-12;F;79;0;2;2592;327360;13889;
1084;Hovedstaden;2021-08-12;M;185;1;6;2593;327545;13895;
1082;Midtjylland;2021-08-12;M;121;0;1;2593;327666;13896;
1081;Nordjylland;2021-08-12;M;53;0;0;2593;327719;13896;
1085;Sjælland;2021-08-12;M;60;0;1;2593;327779;13897;
1083;Syddanmark;2021-08-12;M;63;0;2;2593;327842;13899;
1084;Hovedstaden;2021-08-13;F;203;0;1;2593;328045;13900;
1082;Midtjylland;2021-08-13;F;111;0;4;2593;328156;13904;
1081;Nordjylland;2021-08-13;F;51;0;0;2593;328207;13904;
1085;Sjælland;2021-08-13;F;62;0;3;2593;328269;13907;
1083;Syddanmark;2021-08-13;F;76;0;0;2593;328345;13907;
1084;Hovedstaden;2021-08-13;M;195;1;6;2594;328540;13913;
1082;Midtjylland;2021-08-13;M;96;0;4;2594;328636;13917;
1081;Nordjylland;2021-08-13;M;53;0;0;2594;328689;13917;
1085;Sjælland;2021-08-13;M;62;0;1;2594;328751;13918;
1083;Syddanmark;2021-08-13;M;57;0;0;2594;328808;13918;
1084;Hovedstaden;2021-08-14;F;153;1;6;2595;328961;13924;
1082;Midtjylland;2021-08-14;F;100;0;1;2595;329061;13925;
1081;Nordjylland;2021-08-14;F;40;0;0;2595;329101;13925;
1085;Sjælland;2021-08-14;F;42;0;1;2595;329143;13926;
1083;Syddanmark;2021-08-14;F;84;0;4;2595;329227;13930;
1084;Hovedstaden;2021-08-14;M;177;1;4;2596;329404;13934;
1082;Midtjylland;2021-08-14;M;100;0;4;2596;329504;13938;
1081;Nordjylland;2021-08-14;M;38;0;0;2596;329542;13938;
1085;Sjælland;2021-08-14;M;34;0;3;2596;329576;13941;
1083;Syddanmark;2021-08-14;M;66;0;3;2596;329642;13944;
1084;Hovedstaden;2021-08-15;F;193;0;5;2596;329835;13949;
1082;Midtjylland;2021-08-15;F;128;0;5;2596;329963;13954;
1081;Nordjylland;2021-08-15;F;34;0;1;2596;329997;13955;
1085;Sjælland;2021-08-15;F;44;0;1;2596;330041;13956;
1083;Syddanmark;2021-08-15;F;90;0;2;2596;330131;13958;
1084;Hovedstaden;2021-08-15;M;202;0;3;2596;330333;13961;
1082;Midtjylland;2021-08-15;M;115;0;2;2596;330448;13963;
1081;Nordjylland;2021-08-15;M;33;0;1;2596;330481;13964;
1085;Sjælland;2021-08-15;M;30;0;0;2596;330511;13964;
1083;Syddanmark;2021-08-15;M;74;0;4;2596;330585;13968;
1084;Hovedstaden;2021-08-16;F;230;1;3;2597;330815;13971;
1082;Midtjylland;2021-08-16;F;133;1;4;2598;330948;13975;
1081;Nordjylland;2021-08-16;F;51;0;1;2598;330999;13976;
1085;Sjælland;2021-08-16;F;46;0;1;2598;331045;13977;
1083;Syddanmark;2021-08-16;F;128;0;1;2598;331173;13978;
1084;Hovedstaden;2021-08-16;M;196;0;6;2598;331369;13984;
1082;Midtjylland;2021-08-16;M;119;0;1;2598;331488;13985;
1081;Nordjylland;2021-08-16;M;52;0;2;2598;331540;13987;
1085;Sjælland;2021-08-16;M;54;0;2;2598;331594;13989;
1083;Syddanmark;2021-08-16;M;94;0;2;2598;331688;13991;
1084;Hovedstaden;2021-08-17;F;186;0;3;2598;331874;13994;
1082;Midtjylland;2021-08-17;F;117;0;3;2598;331991;13997;
1081;Nordjylland;2021-08-17;F;55;1;3;2599;332046;14000;
1085;Sjælland;2021-08-17;F;49;0;1;2599;332095;14001;
1083;Syddanmark;2021-08-17;F;105;0;2;2599;332200;14003;
1084;Hovedstaden;2021-08-17;M;188;0;6;2599;332388;14009;
1082;Midtjylland;2021-08-17;M;130;0;2;2599;332518;14011;
1081;Nordjylland;2021-08-17;M;51;0;2;2599;332569;14013;
1085;Sjælland;2021-08-17;M;38;0;2;2599;332607;14015;
1083;Syddanmark;2021-08-17;M;109;0;0;2599;332716;14015;
1084;Hovedstaden;2021-08-18;F;238;0;7;2599;332954;14022;
1082;Midtjylland;2021-08-18;F;107;0;1;2599;333061;14023;
1081;Nordjylland;2021-08-18;F;38;0;1;2599;333099;14024;
1085;Sjælland;2021-08-18;F;42;0;1;2599;333141;14025;
1083;Syddanmark;2021-08-18;F;97;0;3;2599;333238;14028;
1084;Hovedstaden;2021-08-18;M;187;0;6;2599;333425;14034;
1082;Midtjylland;2021-08-18;M;104;0;1;2599;333529;14035;
1081;Nordjylland;2021-08-18;M;46;0;2;2599;333575;14037;
1085;Sjælland;2021-08-18;M;46;0;1;2599;333621;14038;
1083;Syddanmark;2021-08-18;M;75;0;1;2599;333696;14039;
1084;Hovedstaden;2021-08-19;F;237;1;7;2600;333933;14046;
1082;Midtjylland;2021-08-19;F;117;0;5;2600;334050;14051;
1081;Nordjylland;2021-08-19;F;50;0;3;2600;334100;14054;
1085;Sjælland;2021-08-19;F;52;0;3;2600;334152;14057;
1083;Syddanmark;2021-08-19;F;86;0;0;2600;334238;14057;
1084;Hovedstaden;2021-08-19;M;198;0;3;2600;334436;14060;
1082;Midtjylland;2021-08-19;M;105;0;1;2600;334541;14061;
1081;Nordjylland;2021-08-19;M;45;0;0;2600;334586;14061;
1085;Sjælland;2021-08-19;M;40;0;1;2600;334626;14062;
1083;Syddanmark;2021-08-19;M;96;0;3;2600;334722;14065;
1084;Hovedstaden;2021-08-20;F;272;0;3;2600;334994;14068;
1082;Midtjylland;2021-08-20;F;95;1;3;2601;335089;14071;
1081;Nordjylland;2021-08-20;F;40;0;1;2601;335129;14072;
1085;Sjælland;2021-08-20;F;44;0;3;2601;335173;14075;
1083;Syddanmark;2021-08-20;F;81;0;1;2601;335254;14076;
1084;Hovedstaden;2021-08-20;M;203;0;4;2601;335457;14080;
1082;Midtjylland;2021-08-20;M;102;0;2;2601;335559;14082;
1081;Nordjylland;2021-08-20;M;42;0;0;2601;335601;14082;
1085;Sjælland;2021-08-20;M;56;0;1;2601;335657;14083;
1083;Syddanmark;2021-08-20;M;58;1;3;2602;335715;14086;
1084;Hovedstaden;2021-08-21;F;240;1;8;2603;335955;14094;
1082;Midtjylland;2021-08-21;F;63;0;0;2603;336018;14094;
1081;Nordjylland;2021-08-21;F;23;0;0;2603;336041;14094;
1085;Sjælland;2021-08-21;F;30;0;0;2603;336071;14094;
1083;Syddanmark;2021-08-21;F;55;1;0;2604;336126;14094;
1084;Hovedstaden;2021-08-21;M;206;0;3;2604;336332;14097;
1082;Midtjylland;2021-08-21;M;50;0;2;2604;336382;14099;
1081;Nordjylland;2021-08-21;M;32;0;0;2604;336414;14099;
1085;Sjælland;2021-08-21;M;29;1;1;2605;336443;14100;
1083;Syddanmark;2021-08-21;M;45;1;2;2606;336488;14102;
1084;Hovedstaden;2021-08-22;F;303;0;5;2606;336791;14107;
1082;Midtjylland;2021-08-22;F;92;0;4;2606;336883;14111;
1081;Nordjylland;2021-08-22;F;36;0;1;2606;336919;14112;
1085;Sjælland;2021-08-22;F;38;0;0;2606;336957;14112;
1083;Syddanmark;2021-08-22;F;81;0;1;2606;337038;14113;
1084;Hovedstaden;2021-08-22;M;242;0;10;2606;337280;14123;
1082;Midtjylland;2021-08-22;M;78;0;1;2606;337358;14124;
1081;Nordjylland;2021-08-22;M;26;0;0;2606;337384;14124;
1085;Sjælland;2021-08-22;M;35;0;2;2606;337419;14126;
1083;Syddanmark;2021-08-22;M;65;0;4;2606;337484;14130;
1084;Hovedstaden;2021-08-23;F;258;2;8;2608;337742;14138;
1082;Midtjylland;2021-08-23;F;105;0;1;2608;337847;14139;
1081;Nordjylland;2021-08-23;F;27;0;0;2608;337874;14139;
1085;Sjælland;2021-08-23;F;53;0;4;2608;337927;14143;
1083;Syddanmark;2021-08-23;F;90;1;3;2609;338017;14146;
1084;Hovedstaden;2021-08-23;M;254;1;4;2610;338271;14150;
1082;Midtjylland;2021-08-23;M;101;1;5;2611;338372;14155;
1081;Nordjylland;2021-08-23;M;43;0;1;2611;338415;14156;
1085;Sjælland;2021-08-23;M;43;0;2;2611;338458;14158;
1083;Syddanmark;2021-08-23;M;81;1;2;2612;338539;14160;
1084;Hovedstaden;2021-08-24;F;319;0;10;2612;338858;14170;
1082;Midtjylland;2021-08-24;F;74;0;1;2612;338932;14171;
1081;Nordjylland;2021-08-24;F;34;0;2;2612;338966;14173;
1085;Sjælland;2021-08-24;F;43;0;0;2612;339009;14173;
1083;Syddanmark;2021-08-24;F;79;0;3;2612;339088;14176;
1084;Hovedstaden;2021-08-24;M;240;0;3;2612;339328;14179;
1082;Midtjylland;2021-08-24;M;78;0;2;2612;339406;14181;
1081;Nordjylland;2021-08-24;M;28;0;1;2612;339434;14182;
1085;Sjælland;2021-08-24;M;37;0;3;2612;339471;14185;
1083;Syddanmark;2021-08-24;M;83;0;3;2612;339554;14188;
1084;Hovedstaden;2021-08-25;F;306;0;8;2612;339860;14196;
1082;Midtjylland;2021-08-25;F;74;0;0;2612;339934;14196;
1081;Nordjylland;2021-08-25;F;25;0;1;2612;339959;14197;
1085;Sjælland;2021-08-25;F;48;0;1;2612;340007;14198;
1083;Syddanmark;2021-08-25;F;79;0;1;2612;340086;14199;
1084;Hovedstaden;2021-08-25;M;205;1;7;2613;340291;14206;
1082;Midtjylland;2021-08-25;M;75;0;1;2613;340366;14207;
1081;Nordjylland;2021-08-25;M;25;0;1;2613;340391;14208;
1085;Sjælland;2021-08-25;M;51;0;3;2613;340442;14211;
1083;Syddanmark;2021-08-25;M;72;0;2;2613;340514;14213;
1084;Hovedstaden;2021-08-26;F;254;0;5;2613;340768;14218;
1082;Midtjylland;2021-08-26;F;113;0;1;2613;340881;14219;
1081;Nordjylland;2021-08-26;F;40;0;0;2613;340921;14219;
1085;Sjælland;2021-08-26;F;39;0;1;2613;340960;14220;
1083;Syddanmark;2021-08-26;F;87;1;2;2614;341047;14222;
1084;Hovedstaden;2021-08-26;M;246;1;4;2615;341293;14226;
1082;Midtjylland;2021-08-26;M;88;0;0;2615;341381;14226;
1081;Nordjylland;2021-08-26;M;35;0;0;2615;341416;14226;
1085;Sjælland;2021-08-26;M;41;0;2;2615;341457;14228;
1083;Syddanmark;2021-08-26;M;92;0;1;2615;341549;14229;
1084;Hovedstaden;2021-08-27;F;200;0;6;2615;341749;14235;
1082;Midtjylland;2021-08-27;F;77;2;2;2617;341826;14237;
1081;Nordjylland;2021-08-27;F;14;1;1;2618;341840;14238;
1085;Sjælland;2021-08-27;F;36;0;0;2618;341876;14238;
1083;Syddanmark;2021-08-27;F;66;1;3;2619;341942;14241;
1084;Hovedstaden;2021-08-27;M;161;2;4;2621;342103;14245;
1082;Midtjylland;2021-08-27;M;66;1;4;2622;342169;14249;
1081;Nordjylland;2021-08-27;M;29;1;1;2623;342198;14250;
1085;Sjælland;2021-08-27;M;40;2;2;2625;342238;14252;
1083;Syddanmark;2021-08-27;M;55;0;3;2625;342293;14255;
1084;Hovedstaden;2021-08-28;F;201;2;1;2627;342494;14256;
1082;Midtjylland;2021-08-28;F;58;0;0;2627;342552;14256;
1081;Nordjylland;2021-08-28;F;13;0;1;2627;342565;14257;
1085;Sjælland;2021-08-28;F;39;0;1;2627;342604;14258;
1083;Syddanmark;2021-08-28;F;48;0;1;2627;342652;14259;
1084;Hovedstaden;2021-08-28;M;176;1;1;2628;342828;14260;
1082;Midtjylland;2021-08-28;M;60;0;5;2628;342888;14265;
1081;Nordjylland;2021-08-28;M;19;0;0;2628;342907;14265;
1085;Sjælland;2021-08-28;M;23;0;0;2628;342930;14265;
1083;Syddanmark;2021-08-28;M;38;0;3;2628;342968;14268;
1084;Hovedstaden;2021-08-29;F;209;0;6;2628;343177;14274;
1082;Midtjylland;2021-08-29;F;61;0;3;2628;343238;14277;
1081;Nordjylland;2021-08-29;F;24;1;1;2629;343262;14278;
1085;Sjælland;2021-08-29;F;36;0;1;2629;343298;14279;
1083;Syddanmark;2021-08-29;F;58;0;1;2629;343356;14280;
1084;Hovedstaden;2021-08-29;M;223;1;6;2630;343579;14286;
1082;Midtjylland;2021-08-29;M;63;0;1;2630;343642;14287;
1081;Nordjylland;2021-08-29;M;14;0;0;2630;343656;14287;
1085;Sjælland;2021-08-29;M;38;0;1;2630;343694;14288;
1083;Syddanmark;2021-08-29;M;54;0;2;2630;343748;14290;
1084;Hovedstaden;2021-08-30;F;245;0;3;2630;343993;14293;
1082;Midtjylland;2021-08-30;F;80;0;3;2630;344073;14296;
1081;Nordjylland;2021-08-30;F;30;1;1;2631;344103;14297;
1085;Sjælland;2021-08-30;F;46;0;1;2631;344149;14298;
1083;Syddanmark;2021-08-30;F;91;1;2;2632;344240;14300;
1084;Hovedstaden;2021-08-30;M;201;2;9;2634;344441;14309;
1082;Midtjylland;2021-08-30;M;68;0;2;2634;344509;14311;
1081;Nordjylland;2021-08-30;M;31;0;1;2634;344540;14312;
1085;Sjælland;2021-08-30;M;52;0;1;2634;344592;14313;
1083;Syddanmark;2021-08-30;M;66;0;1;2634;344658;14314;
1084;Hovedstaden;2021-08-31;F;218;1;4;2635;344876;14318;
1082;Midtjylland;2021-08-31;F;82;0;2;2635;344958;14320;
1081;Nordjylland;2021-08-31;F;32;0;1;2635;344990;14321;
1085;Sjælland;2021-08-31;F;35;1;0;2636;345025;14321;
1083;Syddanmark;2021-08-31;F;66;0;1;2636;345091;14322;
1084;Hovedstaden;2021-08-31;M;194;0;5;2636;345285;14327;
1082;Midtjylland;2021-08-31;M;73;0;0;2636;345358;14327;
1081;Nordjylland;2021-08-31;M;19;0;0;2636;345377;14327;
1085;Sjælland;2021-08-31;M;34;0;1;2636;345411;14328;
1083;Syddanmark;2021-08-31;M;67;0;0;2636;345478;14328;
1084;Hovedstaden;2021-09-01;F;215;0;2;2636;345693;14330;
1082;Midtjylland;2021-09-01;F;66;0;0;2636;345759;14330;
1081;Nordjylland;2021-09-01;F;22;0;4;2636;345781;14334;
1085;Sjælland;2021-09-01;F;43;0;0;2636;345824;14334;
1083;Syddanmark;2021-09-01;F;41;0;1;2636;345865;14335;
1084;Hovedstaden;2021-09-01;M;185;2;7;2638;346050;14342;
1082;Midtjylland;2021-09-01;M;49;0;1;2638;346099;14343;
1081;Nordjylland;2021-09-01;M;16;1;2;2639;346115;14345;
1085;Sjælland;2021-09-01;M;39;0;2;2639;346154;14347;
1083;Syddanmark;2021-09-01;M;40;0;0;2639;346194;14347;
1084;Hovedstaden;2021-09-02;F;160;0;5;2639;346354;14352;
1082;Midtjylland;2021-09-02;F;46;0;0;2639;346400;14352;
1081;Nordjylland;2021-09-02;F;19;0;4;2639;346419;14356;
1085;Sjælland;2021-09-02;F;39;1;1;2640;346458;14357;
1083;Syddanmark;2021-09-02;F;40;0;1;2640;346498;14358;
1084;Hovedstaden;2021-09-02;M;156;0;4;2640;346654;14362;
1082;Midtjylland;2021-09-02;M;37;0;2;2640;346691;14364;
1081;Nordjylland;2021-09-02;M;17;0;2;2640;346708;14366;
1085;Sjælland;2021-09-02;M;40;0;1;2640;346748;14367;
1083;Syddanmark;2021-09-02;M;35;0;0;2640;346783;14367;
1084;Hovedstaden;2021-09-03;F;134;0;4;2640;346917;14371;
1082;Midtjylland;2021-09-03;F;61;0;4;2640;346978;14375;
1081;Nordjylland;2021-09-03;F;13;0;1;2640;346991;14376;
1085;Sjælland;2021-09-03;F;24;0;1;2640;347015;14377;
1083;Syddanmark;2021-09-03;F;47;0;2;2640;347062;14379;
1084;Hovedstaden;2021-09-03;M;146;0;3;2640;347208;14382;
1082;Midtjylland;2021-09-03;M;46;1;2;2641;347254;14384;
1081;Nordjylland;2021-09-03;M;12;0;2;2641;347266;14386;
1085;Sjælland;2021-09-03;M;32;0;0;2641;347298;14386;
1083;Syddanmark;2021-09-03;M;25;0;0;2641;347323;14386;
1084;Hovedstaden;2021-09-04;F;124;1;1;2642;347447;14387;
1082;Midtjylland;2021-09-04;F;37;0;0;2642;347484;14387;
1081;Nordjylland;2021-09-04;F;9;0;0;2642;347493;14387;
1085;Sjælland;2021-09-04;F;15;0;1;2642;347508;14388;
1083;Syddanmark;2021-09-04;F;39;0;1;2642;347547;14389;
1084;Hovedstaden;2021-09-04;M;115;1;2;2643;347662;14391;
1082;Midtjylland;2021-09-04;M;37;3;5;2646;347699;14396;
1081;Nordjylland;2021-09-04;M;7;0;0;2646;347706;14396;
1085;Sjælland;2021-09-04;M;16;0;2;2646;347722;14398;
1083;Syddanmark;2021-09-04;M;23;1;1;2647;347745;14399;
1084;Hovedstaden;2021-09-05;F;148;1;4;2648;347893;14403;
1082;Midtjylland;2021-09-05;F;40;0;1;2648;347933;14404;
1081;Nordjylland;2021-09-05;F;11;0;2;2648;347944;14406;
1085;Sjælland;2021-09-05;F;23;0;1;2648;347967;14407;
1083;Syddanmark;2021-09-05;F;27;0;1;2648;347994;14408;
1084;Hovedstaden;2021-09-05;M;136;0;5;2648;348130;14413;
1082;Midtjylland;2021-09-05;M;32;0;3;2648;348162;14416;
1081;Nordjylland;2021-09-05;M;9;0;0;2648;348171;14416;
1085;Sjælland;2021-09-05;M;26;0;0;2648;348197;14416;
1083;Syddanmark;2021-09-05;M;27;0;0;2648;348224;14416;
1084;Hovedstaden;2021-09-06;F;164;1;5;2649;348388;14421;
1082;Midtjylland;2021-09-06;F;35;0;1;2649;348423;14422;
1081;Nordjylland;2021-09-06;F;16;0;0;2649;348439;14422;
1085;Sjælland;2021-09-06;F;58;0;1;2649;348497;14423;
1083;Syddanmark;2021-09-06;F;45;1;1;2650;348542;14424;
1084;Hovedstaden;2021-09-06;M;157;0;4;2650;348699;14428;
1082;Midtjylland;2021-09-06;M;32;0;0;2650;348731;14428;
1081;Nordjylland;2021-09-06;M;9;0;0;2650;348740;14428;
1085;Sjælland;2021-09-06;M;45;0;0;2650;348785;14428;
1083;Syddanmark;2021-09-06;M;31;0;0;2650;348816;14428;
1084;Hovedstaden;2021-09-07;F;177;3;8;2653;348993;14436;
1082;Midtjylland;2021-09-07;F;49;2;3;2655;349042;14439;
1081;Nordjylland;2021-09-07;F;11;0;1;2655;349053;14440;
1085;Sjælland;2021-09-07;F;47;0;1;2655;349100;14441;
1083;Syddanmark;2021-09-07;F;47;0;0;2655;349147;14441;
1084;Hovedstaden;2021-09-07;M;144;0;2;2655;349291;14443;
1082;Midtjylland;2021-09-07;M;50;1;2;2656;349341;14445;
1081;Nordjylland;2021-09-07;M;5;0;0;2656;349346;14445;
1085;Sjælland;2021-09-07;M;46;0;1;2656;349392;14446;
1083;Syddanmark;2021-09-07;M;36;0;1;2656;349428;14447;
1084;Hovedstaden;2021-09-08;F;137;0;3;2656;349565;14450;
1082;Midtjylland;2021-09-08;F;43;2;3;2658;349608;14453;
1081;Nordjylland;2021-09-08;F;13;0;0;2658;349621;14453;
1085;Sjælland;2021-09-08;F;32;0;0;2658;349653;14453;
1083;Syddanmark;2021-09-08;F;28;0;0;2658;349681;14453;
1084;Hovedstaden;2021-09-08;M;137;0;4;2658;349818;14457;
1082;Midtjylland;2021-09-08;M;32;0;0;2658;349850;14457;
1081;Nordjylland;2021-09-08;M;15;0;0;2658;349865;14457;
1085;Sjælland;2021-09-08;M;33;1;2;2659;349898;14459;
1083;Syddanmark;2021-09-08;M;32;0;1;2659;349930;14460;
1084;Hovedstaden;2021-09-09;F;120;0;1;2659;350050;14461;
1082;Midtjylland;2021-09-09;F;54;0;0;2659;350104;14461;
1081;Nordjylland;2021-09-09;F;17;0;0;2659;350121;14461;
1085;Sjælland;2021-09-09;F;41;0;3;2659;350162;14464;
1083;Syddanmark;2021-09-09;F;36;0;2;2659;350198;14466;
1084;Hovedstaden;2021-09-09;M;99;0;3;2659;350297;14469;
1082;Midtjylland;2021-09-09;M;37;0;2;2659;350334;14471;
1081;Nordjylland;2021-09-09;M;11;0;0;2659;350345;14471;
1085;Sjælland;2021-09-09;M;48;1;3;2660;350393;14474;
1083;Syddanmark;2021-09-09;M;33;0;0;2660;350426;14474;
1084;Hovedstaden;2021-09-10;F;86;0;1;2660;350512;14475;
1082;Midtjylland;2021-09-10;F;35;0;1;2660;350547;14476;
1081;Nordjylland;2021-09-10;F;8;0;0;2660;350555;14476;
1085;Sjælland;2021-09-10;F;34;0;1;2660;350589;14477;
1083;Syddanmark;2021-09-10;F;34;1;1;2661;350623;14478;
1084;Hovedstaden;2021-09-10;M;90;2;3;2663;350713;14481;
1082;Midtjylland;2021-09-10;M;33;0;2;2663;350746;14483;
1081;Nordjylland;2021-09-10;M;9;0;0;2663;350755;14483;
1085;Sjælland;2021-09-10;M;29;1;1;2664;350784;14484;
1083;Syddanmark;2021-09-10;M;24;0;2;2664;350808;14486;
1084;Hovedstaden;2021-09-11;F;95;1;3;2665;350903;14489;
1082;Midtjylland;2021-09-11;F;28;0;1;2665;350931;14490;
1081;Nordjylland;2021-09-11;F;7;0;0;2665;350938;14490;
1085;Sjælland;2021-09-11;F;24;0;0;2665;350962;14490;
1083;Syddanmark;2021-09-11;F;14;0;0;2665;350976;14490;
1084;Hovedstaden;2021-09-11;M;79;0;1;2665;351055;14491;
1082;Midtjylland;2021-09-11;M;27;0;2;2665;351082;14493;
1081;Nordjylland;2021-09-11;M;3;0;0;2665;351085;14493;
1085;Sjælland;2021-09-11;M;18;0;2;2665;351103;14495;
1083;Syddanmark;2021-09-11;M;19;0;0;2665;351122;14495;
1084;Hovedstaden;2021-09-12;F;91;1;1;2666;351213;14496;
1082;Midtjylland;2021-09-12;F;23;0;0;2666;351236;14496;
1081;Nordjylland;2021-09-12;F;9;0;0;2666;351245;14496;
1085;Sjælland;2021-09-12;F;21;0;0;2666;351266;14496;
1083;Syddanmark;2021-09-12;F;13;0;0;2666;351279;14496;
1084;Hovedstaden;2021-09-12;M;103;0;0;2666;351382;14496;
1082;Midtjylland;2021-09-12;M;20;1;2;2667;351402;14498;
1081;Nordjylland;2021-09-12;M;10;0;1;2667;351412;14499;
1085;Sjælland;2021-09-12;M;29;0;1;2667;351441;14500;
1083;Syddanmark;2021-09-12;M;14;0;1;2667;351455;14501;
1084;Hovedstaden;2021-09-13;F;93;0;4;2667;351548;14505;
1082;Midtjylland;2021-09-13;F;29;0;1;2667;351577;14506;
1081;Nordjylland;2021-09-13;F;17;0;1;2667;351594;14507;
1085;Sjælland;2021-09-13;F;36;0;2;2667;351630;14509;
1083;Syddanmark;2021-09-13;F;23;0;0;2667;351653;14509;
1084;Hovedstaden;2021-09-13;M;105;1;1;2668;351758;14510;
1082;Midtjylland;2021-09-13;M;33;0;1;2668;351791;14511;
1081;Nordjylland;2021-09-13;M;21;0;3;2668;351812;14514;
1085;Sjælland;2021-09-13;M;30;0;2;2668;351842;14516;
1083;Syddanmark;2021-09-13;M;26;0;0;2668;351868;14516;
1084;Hovedstaden;2021-09-14;F;83;1;0;2669;351951;14516;
1082;Midtjylland;2021-09-14;F;21;1;1;2670;351972;14517;
1081;Nordjylland;2021-09-14;F;14;0;0;2670;351986;14517;
1085;Sjælland;2021-09-14;F;28;0;1;2670;352014;14518;
1083;Syddanmark;2021-09-14;F;20;0;0;2670;352034;14518;
1084;Hovedstaden;2021-09-14;M;101;0;1;2670;352135;14519;
1082;Midtjylland;2021-09-14;M;26;0;0;2670;352161;14519;
1081;Nordjylland;2021-09-14;M;9;0;0;2670;352170;14519;
1085;Sjælland;2021-09-14;M;15;0;0;2670;352185;14519;
1083;Syddanmark;2021-09-14;M;30;0;0;2670;352215;14519;
1084;Hovedstaden;2021-09-15;F;86;0;3;2670;352301;14522;
1082;Midtjylland;2021-09-15;F;30;0;0;2670;352331;14522;
1081;Nordjylland;2021-09-15;F;17;0;1;2670;352348;14523;
1085;Sjælland;2021-09-15;F;21;0;1;2670;352369;14524;
1083;Syddanmark;2021-09-15;F;22;0;0;2670;352391;14524;
1084;Hovedstaden;2021-09-15;M;68;0;2;2670;352459;14526;
1082;Midtjylland;2021-09-15;M;25;0;0;2670;352484;14526;
1081;Nordjylland;2021-09-15;M;10;0;1;2670;352494;14527;
1085;Sjælland;2021-09-15;M;20;0;0;2670;352514;14527;
1083;Syddanmark;2021-09-15;M;18;1;2;2671;352532;14529;
1084;Hovedstaden;2021-09-16;F;72;0;3;2671;352604;14532;
1082;Midtjylland;2021-09-16;F;25;0;1;2671;352629;14533;
1081;Nordjylland;2021-09-16;F;13;0;0;2671;352642;14533;
1085;Sjælland;2021-09-16;F;18;0;1;2671;352660;14534;
1083;Syddanmark;2021-09-16;F;29;0;0;2671;352689;14534;
1084;Hovedstaden;2021-09-16;M;72;0;1;2671;352761;14535;
1082;Midtjylland;2021-09-16;M;20;0;2;2671;352781;14537;
1081;Nordjylland;2021-09-16;M;10;0;0;2671;352791;14537;
1085;Sjælland;2021-09-16;M;18;0;2;2671;352809;14539;
1083;Syddanmark;2021-09-16;M;31;0;0;2671;352840;14539;
1084;Hovedstaden;2021-09-17;F;64;0;4;2671;352904;14543;
1082;Midtjylland;2021-09-17;F;22;0;0;2671;352926;14543;
1081;Nordjylland;2021-09-17;F;7;1;1;2672;352933;14544;
1085;Sjælland;2021-09-17;F;15;0;2;2672;352948;14546;
1083;Syddanmark;2021-09-17;F;40;1;0;2673;352988;14546;
1084;Hovedstaden;2021-09-17;M;83;0;2;2673;353071;14548;
1082;Midtjylland;2021-09-17;M;24;0;0;2673;353095;14548;
1081;Nordjylland;2021-09-17;M;9;0;0;2673;353104;14548;
1085;Sjælland;2021-09-17;M;21;0;0;2673;353125;14548;
1083;Syddanmark;2021-09-17;M;27;0;1;2673;353152;14549;
1084;Hovedstaden;2021-09-18;F;50;0;1;2673;353202;14550;
1082;Midtjylland;2021-09-18;F;30;0;0;2673;353232;14550;
1081;Nordjylland;2021-09-18;F;7;0;1;2673;353239;14551;
1085;Sjælland;2021-09-18;F;18;1;2;2674;353257;14553;
1083;Syddanmark;2021-09-18;F;16;0;3;2674;353273;14556;
1084;Hovedstaden;2021-09-18;M;41;1;1;2675;353314;14557;
1082;Midtjylland;2021-09-18;M;14;0;0;2675;353328;14557;
1081;Nordjylland;2021-09-18;M;3;0;1;2675;353331;14558;
1085;Sjælland;2021-09-18;M;15;1;1;2676;353346;14559;
1083;Syddanmark;2021-09-18;M;15;0;0;2676;353361;14559;
1084;Hovedstaden;2021-09-19;F;67;0;4;2676;353428;14563;
1082;Midtjylland;2021-09-19;F;31;1;1;2677;353459;14564;
1081;Nordjylland;2021-09-19;F;8;0;0;2677;353467;14564;
1085;Sjælland;2021-09-19;F;11;0;0;2677;353478;14564;
1083;Syddanmark;2021-09-19;F;25;0;1;2677;353503;14565;
1084;Hovedstaden;2021-09-19;M;57;0;2;2677;353560;14567;
1082;Midtjylland;2021-09-19;M;22;0;0;2677;353582;14567;
1081;Nordjylland;2021-09-19;M;9;0;0;2677;353591;14567;
1085;Sjælland;2021-09-19;M;12;0;0;2677;353603;14567;
1083;Syddanmark;2021-09-19;M;29;0;1;2677;353632;14568;
1084;Hovedstaden;2021-09-20;F;69;0;0;2677;353701;14568;
1082;Midtjylland;2021-09-20;F;31;0;2;2677;353732;14570;
1081;Nordjylland;2021-09-20;F;12;0;0;2677;353744;14570;
1085;Sjælland;2021-09-20;F;40;0;1;2677;353784;14571;
1083;Syddanmark;2021-09-20;F;37;0;1;2677;353821;14572;
1084;Hovedstaden;2021-09-20;M;75;0;4;2677;353896;14576;
1082;Midtjylland;2021-09-20;M;30;0;1;2677;353926;14577;
1081;Nordjylland;2021-09-20;M;18;0;2;2677;353944;14579;
1085;Sjælland;2021-09-20;M;33;0;1;2677;353977;14580;
1083;Syddanmark;2021-09-20;M;35;1;2;2678;354012;14582;
1084;Hovedstaden;2021-09-21;F;80;1;2;2679;354092;14584;
1082;Midtjylland;2021-09-21;F;27;0;0;2679;354119;14584;
1081;Nordjylland;2021-09-21;F;13;0;0;2679;354132;14584;
1085;Sjælland;2021-09-21;F;30;0;0;2679;354162;14584;
1083;Syddanmark;2021-09-21;F;37;0;2;2679;354199;14586;
1084;Hovedstaden;2021-09-21;M;44;0;0;2679;354243;14586;
1082;Midtjylland;2021-09-21;M;35;0;3;2679;354278;14589;
1081;Nordjylland;2021-09-21;M;16;0;2;2679;354294;14591;
1085;Sjælland;2021-09-21;M;28;0;0;2679;354322;14591;
1083;Syddanmark;2021-09-21;M;31;0;1;2679;354353;14592;
1084;Hovedstaden;2021-09-22;F;77;1;2;2680;354430;14594;
1082;Midtjylland;2021-09-22;F;32;0;1;2680;354462;14595;
1081;Nordjylland;2021-09-22;F;30;0;0;2680;354492;14595;
1085;Sjælland;2021-09-22;F;27;0;1;2680;354519;14596;
1083;Syddanmark;2021-09-22;F;30;4;0;2684;354549;14596;
1084;Hovedstaden;2021-09-22;M;62;0;2;2684;354611;14598;
1082;Midtjylland;2021-09-22;M;32;0;0;2684;354643;14598;
1081;Nordjylland;2021-09-22;M;24;0;1;2684;354667;14599;
1085;Sjælland;2021-09-22;M;23;1;3;2685;354690;14602;
1083;Syddanmark;2021-09-22;M;20;0;1;2685;354710;14603;
1084;Hovedstaden;2021-09-23;F;68;0;0;2685;354778;14603;
1082;Midtjylland;2021-09-23;F;31;0;0;2685;354809;14603;
1081;Nordjylland;2021-09-23;F;30;0;0;2685;354839;14603;
1085;Sjælland;2021-09-23;F;29;0;0;2685;354868;14603;
1083;Syddanmark;2021-09-23;F;28;0;2;2685;354896;14605;
1084;Hovedstaden;2021-09-23;M;76;0;5;2685;354972;14610;
1082;Midtjylland;2021-09-23;M;27;0;0;2685;354999;14610;
1081;Nordjylland;2021-09-23;M;29;0;1;2685;355028;14611;
1085;Sjælland;2021-09-23;M;25;0;2;2685;355053;14613;
1083;Syddanmark;2021-09-23;M;27;0;2;2685;355080;14615;
1084;Hovedstaden;2021-09-24;F;81;0;2;2685;355161;14617;
1082;Midtjylland;2021-09-24;F;18;0;2;2685;355179;14619;
1081;Nordjylland;2021-09-24;F;25;0;0;2685;355204;14619;
1085;Sjælland;2021-09-24;F;33;0;3;2685;355237;14622;
1083;Syddanmark;2021-09-24;F;33;0;1;2685;355270;14623;
1084;Hovedstaden;2021-09-24;M;62;0;3;2685;355332;14626;
1082;Midtjylland;2021-09-24;M;26;1;0;2686;355358;14626;
1081;Nordjylland;2021-09-24;M;17;0;1;2686;355375;14627;
1085;Sjælland;2021-09-24;M;25;0;3;2686;355400;14630;
1083;Syddanmark;2021-09-24;M;31;0;0;2686;355431;14630;
1084;Hovedstaden;2021-09-25;F;93;0;0;2686;355524;14630;
1082;Midtjylland;2021-09-25;F;16;0;1;2686;355540;14631;
1081;Nordjylland;2021-09-25;F;16;1;1;2687;355556;14632;
1085;Sjælland;2021-09-25;F;33;0;1;2687;355589;14633;
1083;Syddanmark;2021-09-25;F;20;0;0;2687;355609;14633;
1084;Hovedstaden;2021-09-25;M;82;0;6;2687;355691;14639;
1082;Midtjylland;2021-09-25;M;14;0;0;2687;355705;14639;
1081;Nordjylland;2021-09-25;M;12;0;1;2687;355717;14640;
1085;Sjælland;2021-09-25;M;25;0;1;2687;355742;14641;
1083;Syddanmark;2021-09-25;M;26;1;2;2688;355768;14643;
1084;Hovedstaden;2021-09-26;F;82;0;1;2688;355850;14644;
1082;Midtjylland;2021-09-26;F;12;0;1;2688;355862;14645;
1081;Nordjylland;2021-09-26;F;27;0;0;2688;355889;14645;
1085;Sjælland;2021-09-26;F;27;2;2;2690;355916;14647;
1083;Syddanmark;2021-09-26;F;32;1;3;2691;355948;14650;
1084;Hovedstaden;2021-09-26;M;91;0;5;2691;356039;14655;
1082;Midtjylland;2021-09-26;M;17;0;0;2691;356056;14655;
1081;Nordjylland;2021-09-26;M;20;1;0;2692;356076;14655;
1085;Sjælland;2021-09-26;M;23;0;2;2692;356099;14657;
1083;Syddanmark;2021-09-26;M;28;0;1;2692;356127;14658;
1084;Hovedstaden;2021-09-27;F;121;0;1;2692;356248;14659;
1082;Midtjylland;2021-09-27;F;24;0;0;2692;356272;14659;
1081;Nordjylland;2021-09-27;F;25;0;1;2692;356297;14660;
1085;Sjælland;2021-09-27;F;60;0;1;2692;356357;14661;
1083;Syddanmark;2021-09-27;F;36;0;0;2692;356393;14661;
1084;Hovedstaden;2021-09-27;M;119;0;2;2692;356512;14663;
1082;Midtjylland;2021-09-27;M;25;1;1;2693;356537;14664;
1081;Nordjylland;2021-09-27;M;20;0;1;2693;356557;14665;
1085;Sjælland;2021-09-27;M;30;0;0;2693;356587;14665;
1083;Syddanmark;2021-09-27;M;32;0;1;2693;356619;14666;
1084;Hovedstaden;2021-09-28;F;153;0;2;2693;356772;14668;
1082;Midtjylland;2021-09-28;F;44;0;0;2693;356816;14668;
1081;Nordjylland;2021-09-28;F;19;1;1;2694;356835;14669;
1085;Sjælland;2021-09-28;F;37;0;3;2694;356872;14672;
1083;Syddanmark;2021-09-28;F;37;0;0;2694;356909;14672;
1084;Hovedstaden;2021-09-28;M;122;0;6;2694;357031;14678;
1082;Midtjylland;2021-09-28;M;30;0;1;2694;357061;14679;
1081;Nordjylland;2021-09-28;M;21;0;0;2694;357082;14679;
1085;Sjælland;2021-09-28;M;18;0;1;2694;357100;14680;
1083;Syddanmark;2021-09-28;M;49;1;3;2695;357149;14683;
1084;Hovedstaden;2021-09-29;F;115;0;3;2695;357264;14686;
1082;Midtjylland;2021-09-29;F;22;0;1;2695;357286;14687;
1081;Nordjylland;2021-09-29;F;16;0;0;2695;357302;14687;
1085;Sjælland;2021-09-29;F;27;0;0;2695;357329;14687;
1083;Syddanmark;2021-09-29;F;25;0;0;2695;357354;14687;
1084;Hovedstaden;2021-09-29;M;118;0;3;2695;357472;14690;
1082;Midtjylland;2021-09-29;M;29;0;0;2695;357501;14690;
1081;Nordjylland;2021-09-29;M;10;0;1;2695;357511;14691;
1085;Sjælland;2021-09-29;M;17;0;0;2695;357528;14691;
1083;Syddanmark;2021-09-29;M;32;0;0;2695;357560;14691;
1084;Hovedstaden;2021-09-30;F;116;0;1;2695;357676;14692;
1082;Midtjylland;2021-09-30;F;30;0;0;2695;357706;14692;
1081;Nordjylland;2021-09-30;F;17;0;0;2695;357723;14692;
1085;Sjælland;2021-09-30;F;33;0;2;2695;357756;14694;
1083;Syddanmark;2021-09-30;F;34;0;2;2695;357790;14696;
1084;Hovedstaden;2021-09-30;M;105;0;4;2695;357895;14700;
1082;Midtjylland;2021-09-30;M;14;0;1;2695;357909;14701;
1081;Nordjylland;2021-09-30;M;14;0;0;2695;357923;14701;
1085;Sjælland;2021-09-30;M;30;0;1;2695;357953;14702;
1083;Syddanmark;2021-09-30;M;53;1;3;2696;358006;14705;
1084;Hovedstaden;2021-10-01;F;111;0;3;2696;358117;14708;
1082;Midtjylland;2021-10-01;F;20;0;0;2696;358137;14708;
1081;Nordjylland;2021-10-01;F;8;0;0;2696;358145;14708;
1085;Sjælland;2021-10-01;F;32;0;1;2696;358177;14709;
1083;Syddanmark;2021-10-01;F;26;0;2;2696;358203;14711;
1084;Hovedstaden;2021-10-01;M;114;0;2;2696;358317;14713;
1082;Midtjylland;2021-10-01;M;17;0;2;2696;358334;14715;
1081;Nordjylland;2021-10-01;M;7;0;0;2696;358341;14715;
1085;Sjælland;2021-10-01;M;34;0;0;2696;358375;14715;
1083;Syddanmark;2021-10-01;M;32;0;0;2696;358407;14715;
1084;Hovedstaden;2021-10-02;F;89;0;1;2696;358496;14716;
1082;Midtjylland;2021-10-02;F;31;0;0;2696;358527;14716;
1081;Nordjylland;2021-10-02;F;10;0;0;2696;358537;14716;
1085;Sjælland;2021-10-02;F;32;0;0;2696;358569;14716;
1083;Syddanmark;2021-10-02;F;19;0;0;2696;358588;14716;
1084;Hovedstaden;2021-10-02;M;77;0;1;2696;358665;14717;
1082;Midtjylland;2021-10-02;M;15;0;0;2696;358680;14717;
1081;Nordjylland;2021-10-02;M;11;0;0;2696;358691;14717;
1085;Sjælland;2021-10-02;M;19;0;0;2696;358710;14717;
1083;Syddanmark;2021-10-02;M;22;0;1;2696;358732;14718;
1084;Hovedstaden;2021-10-03;F;115;0;2;2696;358847;14720;
1082;Midtjylland;2021-10-03;F;27;0;0;2696;358874;14720;
1081;Nordjylland;2021-10-03;F;10;0;0;2696;358884;14720;
1085;Sjælland;2021-10-03;F;16;0;0;2696;358900;14720;
1083;Syddanmark;2021-10-03;F;22;0;0;2696;358922;14720;
1084;Hovedstaden;2021-10-03;M;126;0;2;2696;359048;14722;
1082;Midtjylland;2021-10-03;M;33;0;2;2696;359081;14724;
1081;Nordjylland;2021-10-03;M;9;0;0;2696;359090;14724;
1085;Sjælland;2021-10-03;M;29;0;2;2696;359119;14726;
1083;Syddanmark;2021-10-03;M;22;0;0;2696;359141;14726;
1084;Hovedstaden;2021-10-04;F;147;0;4;2696;359288;14730;
1082;Midtjylland;2021-10-04;F;27;0;0;2696;359315;14730;
1081;Nordjylland;2021-10-04;F;19;0;1;2696;359334;14731;
1085;Sjælland;2021-10-04;F;49;0;2;2696;359383;14733;
1083;Syddanmark;2021-10-04;F;53;0;2;2696;359436;14735;
1084;Hovedstaden;2021-10-04;M;111;1;4;2697;359547;14739;
1082;Midtjylland;2021-10-04;M;42;0;1;2697;359589;14740;
1081;Nordjylland;2021-10-04;M;15;0;0;2697;359604;14740;
1085;Sjælland;2021-10-04;M;40;0;1;2697;359644;14741;
1083;Syddanmark;2021-10-04;M;49;0;0;2697;359693;14741;
1084;Hovedstaden;2021-10-05;F;147;0;4;2697;359840;14745;
1082;Midtjylland;2021-10-05;F;30;0;0;2697;359870;14745;
1081;Nordjylland;2021-10-05;F;13;0;0;2697;359883;14745;
1085;Sjælland;2021-10-05;F;45;0;2;2697;359928;14747;
1083;Syddanmark;2021-10-05;F;46;0;2;2697;359974;14749;
1084;Hovedstaden;2021-10-05;M;139;1;3;2698;360113;14752;
1082;Midtjylland;2021-10-05;M;43;0;0;2698;360156;14752;
1081;Nordjylland;2021-10-05;M;13;0;0;2698;360169;14752;
1085;Sjælland;2021-10-05;M;35;1;3;2699;360204;14755;
1083;Syddanmark;2021-10-05;M;53;0;0;2699;360257;14755;
1084;Hovedstaden;2021-10-06;F;180;0;4;2699;360437;14759;
1082;Midtjylland;2021-10-06;F;40;0;0;2699;360477;14759;
1081;Nordjylland;2021-10-06;F;22;0;1;2699;360499;14760;
1085;Sjælland;2021-10-06;F;28;0;0;2699;360527;14760;
1083;Syddanmark;2021-10-06;F;53;0;0;2699;360580;14760;
1084;Hovedstaden;2021-10-06;M;173;0;5;2699;360753;14765;
1082;Midtjylland;2021-10-06;M;53;0;0;2699;360806;14765;
1081;Nordjylland;2021-10-06;M;13;0;0;2699;360819;14765;
1085;Sjælland;2021-10-06;M;29;0;4;2699;360848;14769;
1083;Syddanmark;2021-10-06;M;46;0;0;2699;360894;14769;
1084;Hovedstaden;2021-10-07;F;169;2;3;2701;361063;14772;
1082;Midtjylland;2021-10-07;F;48;0;2;2701;361111;14774;
1081;Nordjylland;2021-10-07;F;26;0;0;2701;361137;14774;
1085;Sjælland;2021-10-07;F;47;0;2;2701;361184;14776;
1083;Syddanmark;2021-10-07;F;53;0;1;2701;361237;14777;
1084;Hovedstaden;2021-10-07;M;152;0;1;2701;361389;14778;
1082;Midtjylland;2021-10-07;M;37;1;0;2702;361426;14778;
1081;Nordjylland;2021-10-07;M;24;0;1;2702;361450;14779;
1085;Sjælland;2021-10-07;M;45;2;1;2704;361495;14780;
1083;Syddanmark;2021-10-07;M;55;0;0;2704;361550;14780;
1084;Hovedstaden;2021-10-08;F;166;0;3;2704;361716;14783;
1082;Midtjylland;2021-10-08;F;46;1;1;2705;361762;14784;
1081;Nordjylland;2021-10-08;F;16;0;0;2705;361778;14784;
1085;Sjælland;2021-10-08;F;45;0;2;2705;361823;14786;
1083;Syddanmark;2021-10-08;F;36;0;0;2705;361859;14786;
1084;Hovedstaden;2021-10-08;M;134;0;2;2705;361993;14788;
1082;Midtjylland;2021-10-08;M;52;1;2;2706;362045;14790;
1081;Nordjylland;2021-10-08;M;19;0;0;2706;362064;14790;
1085;Sjælland;2021-10-08;M;53;0;1;2706;362117;14791;
1083;Syddanmark;2021-10-08;M;40;0;0;2706;362157;14791;
1084;Hovedstaden;2021-10-09;F;134;0;3;2706;362291;14794;
1082;Midtjylland;2021-10-09;F;37;0;0;2706;362328;14794;
1081;Nordjylland;2021-10-09;F;17;0;2;2706;362345;14796;
1085;Sjælland;2021-10-09;F;32;0;0;2706;362377;14796;
1083;Syddanmark;2021-10-09;F;32;0;1;2706;362409;14797;
1084;Hovedstaden;2021-10-09;M;107;1;5;2707;362516;14802;
1082;Midtjylland;2021-10-09;M;42;0;0;2707;362558;14802;
1081;Nordjylland;2021-10-09;M;6;0;0;2707;362564;14802;
1085;Sjælland;2021-10-09;M;31;0;0;2707;362595;14802;
1083;Syddanmark;2021-10-09;M;33;0;1;2707;362628;14803;
1084;Hovedstaden;2021-10-10;F;162;0;2;2707;362790;14805;
1082;Midtjylland;2021-10-10;F;48;0;1;2707;362838;14806;
1081;Nordjylland;2021-10-10;F;16;0;0;2707;362854;14806;
1085;Sjælland;2021-10-10;F;30;0;1;2707;362884;14807;
1083;Syddanmark;2021-10-10;F;36;1;0;2708;362920;14807;
1084;Hovedstaden;2021-10-10;M;158;0;6;2708;363078;14813;
1082;Midtjylland;2021-10-10;M;27;0;2;2708;363105;14815;
1081;Nordjylland;2021-10-10;M;5;0;0;2708;363110;14815;
1085;Sjælland;2021-10-10;M;27;0;1;2708;363137;14816;
1083;Syddanmark;2021-10-10;M;49;0;1;2708;363186;14817;
1084;Hovedstaden;2021-10-11;F;192;0;4;2708;363378;14821;
1082;Midtjylland;2021-10-11;F;59;0;0;2708;363437;14821;
1081;Nordjylland;2021-10-11;F;29;0;0;2708;363466;14821;
1085;Sjælland;2021-10-11;F;79;0;2;2708;363545;14823;
1083;Syddanmark;2021-10-11;F;64;0;3;2708;363609;14826;
1084;Hovedstaden;2021-10-11;M;172;0;3;2708;363781;14829;
1082;Midtjylland;2021-10-11;M;49;0;0;2708;363830;14829;
1081;Nordjylland;2021-10-11;M;8;0;0;2708;363838;14829;
1085;Sjælland;2021-10-11;M;46;0;3;2708;363884;14832;
1083;Syddanmark;2021-10-11;M;62;0;1;2708;363946;14833;
1084;Hovedstaden;2021-10-12;F;230;1;4;2709;364176;14837;
1082;Midtjylland;2021-10-12;F;42;0;0;2709;364218;14837;
1081;Nordjylland;2021-10-12;F;26;0;0;2709;364244;14837;
1085;Sjælland;2021-10-12;F;59;0;1;2709;364303;14838;
1083;Syddanmark;2021-10-12;F;52;0;1;2709;364355;14839;
1084;Hovedstaden;2021-10-12;M;184;1;6;2710;364539;14845;
1082;Midtjylland;2021-10-12;M;36;1;1;2711;364575;14846;
1081;Nordjylland;2021-10-12;M;12;0;0;2711;364587;14846;
1085;Sjælland;2021-10-12;M;66;0;4;2711;364653;14850;
1083;Syddanmark;2021-10-12;M;58;0;1;2711;364711;14851;
1084;Hovedstaden;2021-10-13;F;220;0;8;2711;364931;14859;
1082;Midtjylland;2021-10-13;F;41;0;1;2711;364972;14860;
1081;Nordjylland;2021-10-13;F;33;1;4;2712;365005;14864;
1085;Sjælland;2021-10-13;F;49;0;3;2712;365054;14867;
1083;Syddanmark;2021-10-13;F;55;1;2;2713;365109;14869;
1084;Hovedstaden;2021-10-13;M;209;0;3;2713;365318;14872;
1082;Midtjylland;2021-10-13;M;49;0;1;2713;365367;14873;
1081;Nordjylland;2021-10-13;M;15;0;3;2713;365382;14876;
1085;Sjælland;2021-10-13;M;51;0;0;2713;365433;14876;
1083;Syddanmark;2021-10-13;M;34;0;1;2713;365467;14877;
1084;Hovedstaden;2021-10-14;F;211;1;8;2714;365678;14885;
1082;Midtjylland;2021-10-14;F;49;0;2;2714;365727;14887;
1081;Nordjylland;2021-10-14;F;34;2;4;2716;365761;14891;
1085;Sjælland;2021-10-14;F;67;0;0;2716;365828;14891;
1083;Syddanmark;2021-10-14;F;58;1;2;2717;365886;14893;
1084;Hovedstaden;2021-10-14;M;177;1;7;2718;366063;14900;
1082;Midtjylland;2021-10-14;M;34;0;2;2718;366097;14902;
1081;Nordjylland;2021-10-14;M;21;0;1;2718;366118;14903;
1085;Sjælland;2021-10-14;M;62;0;2;2718;366180;14905;
1083;Syddanmark;2021-10-14;M;62;0;2;2718;366242;14907;
1084;Hovedstaden;2021-10-15;F;195;0;6;2718;366437;14913;
1082;Midtjylland;2021-10-15;F;44;0;1;2718;366481;14914;
1081;Nordjylland;2021-10-15;F;14;0;0;2718;366495;14914;
1085;Sjælland;2021-10-15;F;56;0;2;2718;366551;14916;
1083;Syddanmark;2021-10-15;F;42;0;1;2718;366593;14917;
1084;Hovedstaden;2021-10-15;M;163;0;4;2718;366756;14921;
1082;Midtjylland;2021-10-15;M;46;0;1;2718;366802;14922;
1081;Nordjylland;2021-10-15;M;14;0;1;2718;366816;14923;
1085;Sjælland;2021-10-15;M;45;1;2;2719;366861;14925;
1083;Syddanmark;2021-10-15;M;39;0;1;2719;366900;14926;
1084;Hovedstaden;2021-10-16;F;179;0;3;2719;367079;14929;
1082;Midtjylland;2021-10-16;F;37;0;0;2719;367116;14929;
1081;Nordjylland;2021-10-16;F;24;0;0;2719;367140;14929;
1085;Sjælland;2021-10-16;F;41;0;0;2719;367181;14929;
1083;Syddanmark;2021-10-16;F;38;0;0;2719;367219;14929;
1084;Hovedstaden;2021-10-16;M;152;1;8;2720;367371;14937;
1082;Midtjylland;2021-10-16;M;30;0;0;2720;367401;14937;
1081;Nordjylland;2021-10-16;M;29;2;2;2722;367430;14939;
1085;Sjælland;2021-10-16;M;39;0;3;2722;367469;14942;
1083;Syddanmark;2021-10-16;M;31;0;0;2722;367500;14942;
1084;Hovedstaden;2021-10-17;F;222;0;2;2722;367722;14944;
1082;Midtjylland;2021-10-17;F;37;0;0;2722;367759;14944;
1081;Nordjylland;2021-10-17;F;35;0;0;2722;367794;14944;
1085;Sjælland;2021-10-17;F;56;0;0;2722;367850;14944;
1083;Syddanmark;2021-10-17;F;38;0;2;2722;367888;14946;
1084;Hovedstaden;2021-10-17;M;192;3;9;2725;368080;14955;
1082;Midtjylland;2021-10-17;M;20;0;0;2725;368100;14955;
1081;Nordjylland;2021-10-17;M;39;0;0;2725;368139;14955;
1085;Sjælland;2021-10-17;M;42;0;0;2725;368181;14955;
1083;Syddanmark;2021-10-17;M;38;0;1;2725;368219;14956;
1084;Hovedstaden;2021-10-18;F;288;1;11;2726;368507;14967;
1082;Midtjylland;2021-10-18;F;55;1;3;2727;368562;14970;
1081;Nordjylland;2021-10-18;F;37;0;0;2727;368599;14970;
1085;Sjælland;2021-10-18;F;99;0;3;2727;368698;14973;
1083;Syddanmark;2021-10-18;F;72;0;1;2727;368770;14974;
1084;Hovedstaden;2021-10-18;M;217;0;9;2727;368987;14983;
1082;Midtjylland;2021-10-18;M;36;0;2;2727;369023;14985;
1081;Nordjylland;2021-10-18;M;34;0;3;2727;369057;14988;
1085;Sjælland;2021-10-18;M;78;0;2;2727;369135;14990;
1083;Syddanmark;2021-10-18;M;57;0;3;2727;369192;14993;
1084;Hovedstaden;2021-10-19;F;343;1;6;2728;369535;14999;
1082;Midtjylland;2021-10-19;F;58;1;1;2729;369593;15000;
1081;Nordjylland;2021-10-19;F;46;0;0;2729;369639;15000;
1085;Sjælland;2021-10-19;F;81;0;3;2729;369720;15003;
1083;Syddanmark;2021-10-19;F;60;0;1;2729;369780;15004;
1084;Hovedstaden;2021-10-19;M;293;1;11;2730;370073;15015;
1082;Midtjylland;2021-10-19;M;60;0;2;2730;370133;15017;
1081;Nordjylland;2021-10-19;M;34;0;0;2730;370167;15017;
1085;Sjælland;2021-10-19;M;85;0;2;2730;370252;15019;
1083;Syddanmark;2021-10-19;M;68;0;0;2730;370320;15019;
1084;Hovedstaden;2021-10-20;F;357;0;6;2730;370677;15025;
1082;Midtjylland;2021-10-20;F;71;0;1;2730;370748;15026;
1081;Nordjylland;2021-10-20;F;45;0;1;2730;370793;15027;
1085;Sjælland;2021-10-20;F;74;0;2;2730;370867;15029;
1083;Syddanmark;2021-10-20;F;97;1;5;2731;370964;15034;
1084;Hovedstaden;2021-10-20;M;377;1;11;2732;371341;15045;
1082;Midtjylland;2021-10-20;M;72;0;2;2732;371413;15047;
1081;Nordjylland;2021-10-20;M;45;0;2;2732;371458;15049;
1085;Sjælland;2021-10-20;M;79;0;2;2732;371537;15051;
1083;Syddanmark;2021-10-20;M;76;0;2;2732;371613;15053;
1084;Hovedstaden;2021-10-21;F;415;1;11;2733;372028;15064;
1082;Midtjylland;2021-10-21;F;70;1;2;2734;372098;15066;
1081;Nordjylland;2021-10-21;F;55;0;2;2734;372153;15068;
1085;Sjælland;2021-10-21;F;128;0;1;2734;372281;15069;
1083;Syddanmark;2021-10-21;F;70;0;1;2734;372351;15070;
1084;Hovedstaden;2021-10-21;M;359;2;8;2736;372710;15078;
1082;Midtjylland;2021-10-21;M;89;0;6;2736;372799;15084;
1081;Nordjylland;2021-10-21;M;50;0;0;2736;372849;15084;
1085;Sjælland;2021-10-21;M;121;0;4;2736;372970;15088;
1083;Syddanmark;2021-10-21;M;59;1;2;2737;373029;15090;
1084;Hovedstaden;2021-10-22;F;361;1;8;2738;373390;15098;
1082;Midtjylland;2021-10-22;F;70;0;1;2738;373460;15099;
1081;Nordjylland;2021-10-22;F;37;0;3;2738;373497;15102;
1085;Sjælland;2021-10-22;F;74;0;2;2738;373571;15104;
1083;Syddanmark;2021-10-22;F;69;1;0;2739;373640;15104;
1084;Hovedstaden;2021-10-22;M;344;1;11;2740;373984;15115;
1082;Midtjylland;2021-10-22;M;98;0;2;2740;374082;15117;
1081;Nordjylland;2021-10-22;M;49;2;3;2742;374131;15120;
1085;Sjælland;2021-10-22;M;63;1;1;2743;374194;15121;
1083;Syddanmark;2021-10-22;M;78;0;2;2743;374272;15123;
1084;Hovedstaden;2021-10-23;F;369;2;11;2745;374641;15134;
1082;Midtjylland;2021-10-23;F;84;0;0;2745;374725;15134;
1081;Nordjylland;2021-10-23;F;48;0;2;2745;374773;15136;
1085;Sjælland;2021-10-23;F;64;0;2;2745;374837;15138;
1083;Syddanmark;2021-10-23;F;67;0;2;2745;374904;15140;
1084;Hovedstaden;2021-10-23;M;325;1;14;2746;375229;15154;
1082;Midtjylland;2021-10-23;M;78;0;2;2746;375307;15156;
1081;Nordjylland;2021-10-23;M;36;0;3;2746;375343;15159;
1085;Sjælland;2021-10-23;M;62;2;4;2748;375405;15163;
1083;Syddanmark;2021-10-23;M;77;1;3;2749;375482;15166;
1084;Hovedstaden;2021-10-24;F;407;0;10;2749;375889;15176;
1082;Midtjylland;2021-10-24;F;94;0;4;2749;375983;15180;
1081;Nordjylland;2021-10-24;F;50;0;3;2749;376033;15183;
1085;Sjælland;2021-10-24;F;93;0;2;2749;376126;15185;
1083;Syddanmark;2021-10-24;F;84;0;2;2749;376210;15187;
1084;Hovedstaden;2021-10-24;M;390;2;12;2751;376600;15199;
1082;Midtjylland;2021-10-24;M;87;0;3;2751;376687;15202;
1081;Nordjylland;2021-10-24;M;54;0;1;2751;376741;15203;
1085;Sjælland;2021-10-24;M;93;0;2;2751;376834;15205;
1083;Syddanmark;2021-10-24;M;104;0;3;2751;376938;15208;
1084;Hovedstaden;2021-10-25;F;447;0;13;2751;377385;15221;
1082;Midtjylland;2021-10-25;F;98;0;1;2751;377483;15222;
1081;Nordjylland;2021-10-25;F;46;0;1;2751;377529;15223;
1085;Sjælland;2021-10-25;F;139;1;2;2752;377668;15225;
1083;Syddanmark;2021-10-25;F;118;0;2;2752;377786;15227;
1084;Hovedstaden;2021-10-25;M;389;1;7;2753;378175;15234;
1082;Midtjylland;2021-10-25;M;89;1;3;2754;378264;15237;
1081;Nordjylland;2021-10-25;M;39;1;1;2755;378303;15238;
1085;Sjælland;2021-10-25;M;153;0;8;2755;378456;15246;
1083;Syddanmark;2021-10-25;M;109;0;2;2755;378565;15248;
1084;Hovedstaden;2021-10-26;F;545;1;6;2756;379110;15254;
1082;Midtjylland;2021-10-26;F;96;0;4;2756;379206;15258;
1081;Nordjylland;2021-10-26;F;53;1;0;2757;379259;15258;
1085;Sjælland;2021-10-26;F;168;0;4;2757;379427;15262;
1083;Syddanmark;2021-10-26;F;124;2;4;2759;379551;15266;
1084;Hovedstaden;2021-10-26;M;518;2;14;2761;380069;15280;
1082;Midtjylland;2021-10-26;M;79;0;2;2761;380148;15282;
1081;Nordjylland;2021-10-26;M;49;0;2;2761;380197;15284;
1085;Sjælland;2021-10-26;M;163;0;1;2761;380360;15285;
1083;Syddanmark;2021-10-26;M;123;0;4;2761;380483;15289;
1084;Hovedstaden;2021-10-27;F;524;2;7;2763;381007;15296;
1082;Midtjylland;2021-10-27;F;122;0;0;2763;381129;15296;
1081;Nordjylland;2021-10-27;F;46;0;1;2763;381175;15297;
1085;Sjælland;2021-10-27;F;128;0;2;2763;381303;15299;
1083;Syddanmark;2021-10-27;F;119;0;3;2763;381422;15302;
1084;Hovedstaden;2021-10-27;M;509;2;14;2765;381931;15316;
1082;Midtjylland;2021-10-27;M;109;1;6;2766;382040;15322;
1081;Nordjylland;2021-10-27;M;45;0;3;2766;382085;15325;
1085;Sjælland;2021-10-27;M;107;0;1;2766;382192;15326;
1083;Syddanmark;2021-10-27;M;134;0;1;2766;382326;15327;
1084;Hovedstaden;2021-10-28;F;497;1;12;2767;382823;15339;
1082;Midtjylland;2021-10-28;F;126;0;3;2767;382949;15342;
1081;Nordjylland;2021-10-28;F;42;0;2;2767;382991;15344;
1085;Sjælland;2021-10-28;F;148;0;2;2767;383139;15346;
1083;Syddanmark;2021-10-28;F;120;0;3;2767;383259;15349;
1084;Hovedstaden;2021-10-28;M;453;3;11;2770;383712;15360;
1082;Midtjylland;2021-10-28;M;96;0;1;2770;383808;15361;
1081;Nordjylland;2021-10-28;M;40;0;0;2770;383848;15361;
1085;Sjælland;2021-10-28;M;138;0;5;2770;383986;15366;
1083;Syddanmark;2021-10-28;M;130;0;5;2770;384116;15371;
1084;Hovedstaden;2021-10-29;F;421;0;7;2770;384537;15378;
1082;Midtjylland;2021-10-29;F;122;1;4;2771;384659;15382;
1081;Nordjylland;2021-10-29;F;41;1;1;2772;384700;15383;
1085;Sjælland;2021-10-29;F;139;1;3;2773;384839;15386;
1083;Syddanmark;2021-10-29;F;114;2;4;2775;384953;15390;
1084;Hovedstaden;2021-10-29;M;405;2;11;2777;385358;15401;
1082;Midtjylland;2021-10-29;M;91;0;0;2777;385449;15401;
1081;Nordjylland;2021-10-29;M;50;0;3;2777;385499;15404;
1085;Sjælland;2021-10-29;M;155;0;2;2777;385654;15406;
1083;Syddanmark;2021-10-29;M;91;0;3;2777;385745;15409;
1084;Hovedstaden;2021-10-30;F;419;2;10;2779;386164;15419;
1082;Midtjylland;2021-10-30;F;91;0;1;2779;386255;15420;
1081;Nordjylland;2021-10-30;F;41;0;1;2779;386296;15421;
1085;Sjælland;2021-10-30;F;89;0;2;2779;386385;15423;
1083;Syddanmark;2021-10-30;F;85;1;2;2780;386470;15425;
1084;Hovedstaden;2021-10-30;M;367;1;5;2781;386837;15430;
1082;Midtjylland;2021-10-30;M;96;0;0;2781;386933;15430;
1081;Nordjylland;2021-10-30;M;46;0;3;2781;386979;15433;
1085;Sjælland;2021-10-30;M;87;0;3;2781;387066;15436;
1083;Syddanmark;2021-10-30;M;92;0;3;2781;387158;15439;
1084;Hovedstaden;2021-10-31;F;475;0;11;2781;387633;15450;
1082;Midtjylland;2021-10-31;F;121;0;0;2781;387754;15450;
1081;Nordjylland;2021-10-31;F;55;0;3;2781;387809;15453;
1085;Sjælland;2021-10-31;F;127;0;3;2781;387936;15456;
1083;Syddanmark;2021-10-31;F;137;0;4;2781;388073;15460;
1084;Hovedstaden;2021-10-31;M;407;1;10;2782;388480;15470;
1082;Midtjylland;2021-10-31;M;112;0;2;2782;388592;15472;
1081;Nordjylland;2021-10-31;M;67;0;2;2782;388659;15474;
1085;Sjælland;2021-10-31;M;102;0;1;2782;388761;15475;
1083;Syddanmark;2021-10-31;M;126;0;2;2782;388887;15477;
1084;Hovedstaden;2021-11-01;F;532;2;17;2784;389419;15494;
1082;Midtjylland;2021-11-01;F;132;0;1;2784;389551;15495;
1081;Nordjylland;2021-11-01;F;63;0;2;2784;389614;15497;
1085;Sjælland;2021-11-01;F;213;0;2;2784;389827;15499;
1083;Syddanmark;2021-11-01;F;154;0;6;2784;389981;15505;
1084;Hovedstaden;2021-11-01;M;551;3;17;2787;390532;15522;
1082;Midtjylland;2021-11-01;M;151;0;2;2787;390683;15524;
1081;Nordjylland;2021-11-01;M;82;0;2;2787;390765;15526;
1085;Sjælland;2021-11-01;M;183;0;3;2787;390948;15529;
1083;Syddanmark;2021-11-01;M;160;1;4;2788;391108;15533;
1084;Hovedstaden;2021-11-02;F;647;0;13;2788;391755;15546;
1082;Midtjylland;2021-11-02;F;136;1;3;2789;391891;15549;
1081;Nordjylland;2021-11-02;F;77;0;0;2789;391968;15549;
1085;Sjælland;2021-11-02;F;159;0;2;2789;392127;15551;
1083;Syddanmark;2021-11-02;F;175;0;2;2789;392302;15553;
1084;Hovedstaden;2021-11-02;M;556;1;7;2790;392858;15560;
1082;Midtjylland;2021-11-02;M;149;1;2;2791;393007;15562;
1081;Nordjylland;2021-11-02;M;71;0;2;2791;393078;15564;
1085;Sjælland;2021-11-02;M;207;0;4;2791;393285;15568;
1083;Syddanmark;2021-11-02;M;165;0;7;2791;393450;15575;
1084;Hovedstaden;2021-11-03;F;562;0;10;2791;394012;15585;
1082;Midtjylland;2021-11-03;F;175;0;2;2791;394187;15587;
1081;Nordjylland;2021-11-03;F;94;0;1;2791;394281;15588;
1085;Sjælland;2021-11-03;F;157;0;2;2791;394438;15590;
1083;Syddanmark;2021-11-03;F;158;0;4;2791;394596;15594;
1084;Hovedstaden;2021-11-03;M;577;0;15;2791;395173;15609;
1082;Midtjylland;2021-11-03;M;168;0;2;2791;395341;15611;
1081;Nordjylland;2021-11-03;M;76;1;4;2792;395417;15615;
1085;Sjælland;2021-11-03;M;187;0;0;2792;395604;15615;
1083;Syddanmark;2021-11-03;M;172;2;5;2794;395776;15620;
1084;Hovedstaden;2021-11-04;F;554;4;12;2798;396330;15632;
1082;Midtjylland;2021-11-04;F;172;0;3;2798;396502;15635;
1081;Nordjylland;2021-11-04;F;67;1;1;2799;396569;15636;
1085;Sjælland;2021-11-04;F;209;0;5;2799;396778;15641;
1083;Syddanmark;2021-11-04;F;166;1;2;2800;396944;15643;
1084;Hovedstaden;2021-11-04;M;543;3;14;2803;397487;15657;
1082;Midtjylland;2021-11-04;M;153;0;4;2803;397640;15661;
1081;Nordjylland;2021-11-04;M;81;0;1;2803;397721;15662;
1085;Sjælland;2021-11-04;M;253;1;4;2804;397974;15666;
1083;Syddanmark;2021-11-04;M;163;0;5;2804;398137;15671;
1084;Hovedstaden;2021-11-05;F;527;2;8;2806;398664;15679;
1082;Midtjylland;2021-11-05;F;194;0;1;2806;398858;15680;
1081;Nordjylland;2021-11-05;F;72;0;1;2806;398930;15681;
1085;Sjælland;2021-11-05;F;173;0;5;2806;399103;15686;
1083;Syddanmark;2021-11-05;F;185;0;2;2806;399288;15688;
1084;Hovedstaden;2021-11-05;M;493;3;12;2809;399781;15700;
1082;Midtjylland;2021-11-05;M;174;0;1;2809;399955;15701;
1081;Nordjylland;2021-11-05;M;75;1;1;2810;400030;15702;
1085;Sjælland;2021-11-05;M;182;0;4;2810;400212;15706;
1083;Syddanmark;2021-11-05;M;153;0;5;2810;400365;15711;
1084;Hovedstaden;2021-11-06;F;514;0;7;2810;400879;15718;
1082;Midtjylland;2021-11-06;F;138;0;0;2810;401017;15718;
1081;Nordjylland;2021-11-06;F;75;1;1;2811;401092;15719;
1085;Sjælland;2021-11-06;F;111;1;2;2812;401203;15721;
1083;Syddanmark;2021-11-06;F;125;0;1;2812;401328;15722;
1084;Hovedstaden;2021-11-06;M;519;1;9;2813;401847;15731;
1082;Midtjylland;2021-11-06;M;144;0;1;2813;401991;15732;
1081;Nordjylland;2021-11-06;M;62;0;1;2813;402053;15733;
1085;Sjælland;2021-11-06;M;141;0;0;2813;402194;15733;
1083;Syddanmark;2021-11-06;M;136;0;4;2813;402330;15737;
1084;Hovedstaden;2021-11-07;F;639;0;7;2813;402969;15744;
1082;Midtjylland;2021-11-07;F;242;0;0;2813;403211;15744;
1081;Nordjylland;2021-11-07;F;124;0;0;2813;403335;15744;
1085;Sjælland;2021-11-07;F;149;0;4;2813;403484;15748;
1083;Syddanmark;2021-11-07;F;191;1;6;2814;403675;15754;
1084;Hovedstaden;2021-11-07;M;628;4;17;2818;404303;15771;
1082;Midtjylland;2021-11-07;M;195;2;5;2820;404498;15776;
1081;Nordjylland;2021-11-07;M;87;1;1;2821;404585;15777;
1085;Sjælland;2021-11-07;M;159;0;2;2821;404744;15779;
1083;Syddanmark;2021-11-07;M;184;0;3;2821;404928;15782;
1084;Hovedstaden;2021-11-08;F;703;2;9;2823;405631;15791;
1082;Midtjylland;2021-11-08;F;264;0;1;2823;405895;15792;
1081;Nordjylland;2021-11-08;F;126;0;1;2823;406021;15793;
1085;Sjælland;2021-11-08;F;313;1;4;2824;406334;15797;
1083;Syddanmark;2021-11-08;F;265;0;2;2824;406599;15799;
1084;Hovedstaden;2021-11-08;M;740;2;21;2826;407339;15820;
1082;Midtjylland;2021-11-08;M;278;0;4;2826;407617;15824;
1081;Nordjylland;2021-11-08;M;126;1;3;2827;407743;15827;
1085;Sjælland;2021-11-08;M;288;0;4;2827;408031;15831;
1083;Syddanmark;2021-11-08;M;240;0;5;2827;408271;15836;
1084;Hovedstaden;2021-11-09;F;820;1;11;2828;409091;15847;
1082;Midtjylland;2021-11-09;F;300;0;1;2828;409391;15848;
1081;Nordjylland;2021-11-09;F;121;0;0;2828;409512;15848;
1085;Sjælland;2021-11-09;F;269;1;2;2829;409781;15850;
1083;Syddanmark;2021-11-09;F;280;1;5;2830;410061;15855;
1084;Hovedstaden;2021-11-09;M;820;0;13;2830;410881;15868;
1082;Midtjylland;2021-11-09;M;273;1;1;2831;411154;15869;
1081;Nordjylland;2021-11-09;M;142;0;1;2831;411296;15870;
1085;Sjælland;2021-11-09;M;272;0;4;2831;411568;15874;
1083;Syddanmark;2021-11-09;M;266;1;6;2832;411834;15880;
1084;Hovedstaden;2021-11-10;F;875;1;13;2833;412709;15893;
1082;Midtjylland;2021-11-10;F;300;0;1;2833;413009;15894;
1081;Nordjylland;2021-11-10;F;138;0;1;2833;413147;15895;
1085;Sjælland;2021-11-10;F;222;1;3;2834;413369;15898;
1083;Syddanmark;2021-11-10;F;259;0;6;2834;413628;15904;
1084;Hovedstaden;2021-11-10;M;833;2;8;2836;414461;15912;
1082;Midtjylland;2021-11-10;M;284;0;3;2836;414745;15915;
1081;Nordjylland;2021-11-10;M;139;3;5;2839;414884;15920;
1085;Sjælland;2021-11-10;M;225;1;5;2840;415109;15925;
1083;Syddanmark;2021-11-10;M;244;1;8;2841;415353;15933;
1084;Hovedstaden;2021-11-11;F;813;2;15;2843;416166;15948;
1082;Midtjylland;2021-11-11;F;253;0;3;2843;416419;15951;
1081;Nordjylland;2021-11-11;F;117;0;2;2843;416536;15953;
1085;Sjælland;2021-11-11;F;299;0;6;2843;416835;15959;
1083;Syddanmark;2021-11-11;F;263;0;3;2843;417098;15962;
1084;Hovedstaden;2021-11-11;M;772;2;12;2845;417870;15974;
1082;Midtjylland;2021-11-11;M;223;0;1;2845;418093;15975;
1081;Nordjylland;2021-11-11;M;104;0;2;2845;418197;15977;
1085;Sjælland;2021-11-11;M;309;3;10;2848;418506;15987;
1083;Syddanmark;2021-11-11;M;292;2;11;2850;418798;15998;
1084;Hovedstaden;2021-11-12;F;668;0;8;2850;419466;16006;
1082;Midtjylland;2021-11-12;F;225;0;2;2850;419691;16008;
1081;Nordjylland;2021-11-12;F;118;0;1;2850;419809;16009;
1085;Sjælland;2021-11-12;F;251;0;4;2850;420060;16013;
1083;Syddanmark;2021-11-12;F;241;1;7;2851;420301;16020;
1084;Hovedstaden;2021-11-12;M;675;2;10;2853;420976;16030;
1082;Midtjylland;2021-11-12;M;221;0;2;2853;421197;16032;
1081;Nordjylland;2021-11-12;M;130;1;4;2854;421327;16036;
1085;Sjælland;2021-11-12;M;232;3;10;2857;421559;16046;
1083;Syddanmark;2021-11-12;M;220;3;11;2860;421779;16057;
1084;Hovedstaden;2021-11-13;F;764;0;17;2860;422543;16074;
1082;Midtjylland;2021-11-13;F;272;0;4;2860;422815;16078;
1081;Nordjylland;2021-11-13;F;118;1;1;2861;422933;16079;
1085;Sjælland;2021-11-13;F;156;2;4;2863;423089;16083;
1083;Syddanmark;2021-11-13;F;215;1;4;2864;423304;16087;
1084;Hovedstaden;2021-11-13;M;702;2;7;2866;424006;16094;
1082;Midtjylland;2021-11-13;M;210;0;3;2866;424216;16097;
1081;Nordjylland;2021-11-13;M;114;0;1;2866;424330;16098;
1085;Sjælland;2021-11-13;M;165;1;6;2867;424495;16104;
1083;Syddanmark;2021-11-13;M;199;0;3;2867;424694;16107;
1084;Hovedstaden;2021-11-14;F;803;4;12;2871;425497;16119;
1082;Midtjylland;2021-11-14;F;247;0;4;2871;425744;16123;
1081;Nordjylland;2021-11-14;F;128;0;3;2871;425872;16126;
1085;Sjælland;2021-11-14;F;186;0;9;2871;426058;16135;
1083;Syddanmark;2021-11-14;F;229;0;2;2871;426287;16137;
1084;Hovedstaden;2021-11-14;M;762;3;11;2874;427049;16148;
1082;Midtjylland;2021-11-14;M;226;0;2;2874;427275;16150;
1081;Nordjylland;2021-11-14;M;119;1;5;2875;427394;16155;
1085;Sjælland;2021-11-14;M;154;5;12;2880;427548;16167;
1083;Syddanmark;2021-11-14;M;225;2;8;2882;427773;16175;
1084;Hovedstaden;2021-11-15;F;951;2;16;2884;428724;16191;
1082;Midtjylland;2021-11-15;F;338;0;4;2884;429062;16195;
1081;Nordjylland;2021-11-15;F;205;2;1;2886;429267;16196;
1085;Sjælland;2021-11-15;F;410;2;9;2888;429677;16205;
1083;Syddanmark;2021-11-15;F;424;2;12;2890;430101;16217;
1084;Hovedstaden;2021-11-15;M;981;2;9;2892;431082;16226;
1082;Midtjylland;2021-11-15;M;305;1;8;2893;431387;16234;
1081;Nordjylland;2021-11-15;M;158;1;4;2894;431545;16238;
1085;Sjælland;2021-11-15;M;386;3;4;2897;431931;16242;
1083;Syddanmark;2021-11-15;M;349;2;9;2899;432280;16251;
1084;Hovedstaden;2021-11-16;F;910;1;13;2900;433190;16264;
1082;Midtjylland;2021-11-16;F;290;2;3;2902;433480;16267;
1081;Nordjylland;2021-11-16;F;157;0;3;2902;433637;16270;
1085;Sjælland;2021-11-16;F;346;0;6;2902;433983;16276;
1083;Syddanmark;2021-11-16;F;345;0;5;2902;434328;16281;
1084;Hovedstaden;2021-11-16;M;937;2;14;2904;435265;16295;
1082;Midtjylland;2021-11-16;M;300;1;4;2905;435565;16299;
1081;Nordjylland;2021-11-16;M;157;0;1;2905;435722;16300;
1085;Sjælland;2021-11-16;M;324;1;6;2906;436046;16306;
1083;Syddanmark;2021-11-16;M;361;0;10;2906;436407;16316;
1084;Hovedstaden;2021-11-17;F;942;3;13;2909;437349;16329;
1082;Midtjylland;2021-11-17;F;313;0;7;2909;437662;16336;
1081;Nordjylland;2021-11-17;F;168;2;4;2911;437830;16340;
1085;Sjælland;2021-11-17;F;267;2;12;2913;438097;16352;
1083;Syddanmark;2021-11-17;F;319;1;5;2914;438416;16357;
1084;Hovedstaden;2021-11-17;M;908;1;6;2915;439324;16363;
1082;Midtjylland;2021-11-17;M;277;0;3;2915;439601;16366;
1081;Nordjylland;2021-11-17;M;188;0;0;2915;439789;16366;
1085;Sjælland;2021-11-17;M;207;3;7;2918;439996;16373;
1083;Syddanmark;2021-11-17;M;357;1;15;2919;440353;16388;
1084;Hovedstaden;2021-11-18;F;1003;2;13;2921;441356;16401;
1082;Midtjylland;2021-11-18;F;301;0;6;2921;441657;16407;
1081;Nordjylland;2021-11-18;F;144;0;1;2921;441801;16408;
1085;Sjælland;2021-11-18;F;385;2;10;2923;442186;16418;
1083;Syddanmark;2021-11-18;F;338;0;3;2923;442524;16421;
1084;Hovedstaden;2021-11-18;M;926;5;21;2928;443450;16442;
1082;Midtjylland;2021-11-18;M;290;0;2;2928;443740;16444;
1081;Nordjylland;2021-11-18;M;151;0;1;2928;443891;16445;
1085;Sjælland;2021-11-18;M;309;1;7;2929;444200;16452;
1083;Syddanmark;2021-11-18;M;326;1;4;2930;444526;16456;
1084;Hovedstaden;2021-11-19;F;955;0;9;2930;445481;16465;
1082;Midtjylland;2021-11-19;F;261;0;2;2930;445742;16467;
1081;Nordjylland;2021-11-19;F;141;1;3;2931;445883;16470;
1085;Sjælland;2021-11-19;F;319;2;10;2933;446202;16480;
1083;Syddanmark;2021-11-19;F;397;3;5;2936;446599;16485;
1084;Hovedstaden;2021-11-19;M;977;3;16;2939;447576;16501;
1082;Midtjylland;2021-11-19;M;238;1;3;2940;447814;16504;
1081;Nordjylland;2021-11-19;M;141;0;3;2940;447955;16507;
1085;Sjælland;2021-11-19;M;327;2;11;2942;448282;16518;
1083;Syddanmark;2021-11-19;M;342;3;7;2945;448624;16525;
1084;Hovedstaden;2021-11-20;F;910;1;13;2946;449534;16538;
1082;Midtjylland;2021-11-20;F;293;2;4;2948;449827;16542;
1081;Nordjylland;2021-11-20;F;156;0;2;2948;449983;16544;
1085;Sjælland;2021-11-20;F;222;3;4;2951;450205;16548;
1083;Syddanmark;2021-11-20;F;296;1;6;2952;450501;16554;
1084;Hovedstaden;2021-11-20;M;925;1;17;2953;451426;16571;
1082;Midtjylland;2021-11-20;M;317;3;5;2956;451743;16576;
1081;Nordjylland;2021-11-20;M;137;0;2;2956;451880;16578;
1085;Sjælland;2021-11-20;M;170;2;6;2958;452050;16584;
1083;Syddanmark;2021-11-20;M;285;1;3;2959;452335;16587;
1084;Hovedstaden;2021-11-21;F;879;2;13;2961;453214;16600;
1082;Midtjylland;2021-11-21;F;296;1;2;2962;453510;16602;
1081;Nordjylland;2021-11-21;F;126;1;2;2963;453636;16604;
1085;Sjælland;2021-11-21;F;243;1;5;2964;453879;16609;
1083;Syddanmark;2021-11-21;F;316;3;4;2967;454195;16613;
1084;Hovedstaden;2021-11-21;M;891;0;8;2967;455086;16621;
1082;Midtjylland;2021-11-21;M;284;1;4;2968;455370;16625;
1081;Nordjylland;2021-11-21;M;126;0;6;2968;455496;16631;
1085;Sjælland;2021-11-21;M;225;0;5;2968;455721;16636;
1083;Syddanmark;2021-11-21;M;288;2;7;2970;456009;16643;
1084;Hovedstaden;2021-11-22;F;991;0;9;2970;457000;16652;
1082;Midtjylland;2021-11-22;F;301;0;2;2970;457301;16654;
1081;Nordjylland;2021-11-22;F;153;0;1;2970;457454;16655;
1085;Sjælland;2021-11-22;F;415;0;6;2970;457869;16661;
1083;Syddanmark;2021-11-22;F;369;1;6;2971;458238;16667;
1084;Hovedstaden;2021-11-22;M;1048;2;7;2973;459286;16674;
1082;Midtjylland;2021-11-22;M;308;0;6;2973;459594;16680;
1081;Nordjylland;2021-11-22;M;158;0;5;2973;459752;16685;
1085;Sjælland;2021-11-22;M;399;0;10;2973;460151;16695;
1083;Syddanmark;2021-11-22;M;347;2;3;2975;460498;16698;
1084;Hovedstaden;2021-11-23;F;1005;2;12;2977;461503;16710;
1082;Midtjylland;2021-11-23;F;326;0;1;2977;461829;16711;
1081;Nordjylland;2021-11-23;F;170;1;2;2978;461999;16713;
1085;Sjælland;2021-11-23;F;426;2;11;2980;462425;16724;
1083;Syddanmark;2021-11-23;F;461;2;7;2982;462886;16731;
1084;Hovedstaden;2021-11-23;M;1055;2;14;2984;463941;16745;
1082;Midtjylland;2021-11-23;M;336;0;5;2984;464277;16750;
1081;Nordjylland;2021-11-23;M;146;0;1;2984;464423;16751;
1085;Sjælland;2021-11-23;M;376;0;11;2984;464799;16762;
1083;Syddanmark;2021-11-23;M;399;1;8;2985;465198;16770;
1084;Hovedstaden;2021-11-24;F;994;1;15;2986;466192;16785;
1082;Midtjylland;2021-11-24;F;297;0;3;2986;466489;16788;
1081;Nordjylland;2021-11-24;F;148;0;4;2986;466637;16792;
1085;Sjælland;2021-11-24;F;257;0;4;2986;466894;16796;
1083;Syddanmark;2021-11-24;F;354;1;6;2987;467248;16802;
1084;Hovedstaden;2021-11-24;M;922;0;14;2987;468170;16816;
1082;Midtjylland;2021-11-24;M;306;0;7;2987;468476;16823;
1081;Nordjylland;2021-11-24;M;144;1;2;2988;468620;16825;
1085;Sjælland;2021-11-24;M;247;0;5;2988;468867;16830;
1083;Syddanmark;2021-11-24;M;342;2;8;2990;469209;16838;
1084;Hovedstaden;2021-11-25;F;948;1;24;2991;470157;16862;
1082;Midtjylland;2021-11-25;F;285;1;4;2992;470442;16866;
1081;Nordjylland;2021-11-25;F;128;1;2;2993;470570;16868;
1085;Sjælland;2021-11-25;F;339;0;2;2993;470909;16870;
1083;Syddanmark;2021-11-25;F;370;1;5;2994;471279;16875;
1084;Hovedstaden;2021-11-25;M;875;1;15;2995;472154;16890;
1082;Midtjylland;2021-11-25;M;302;2;5;2997;472456;16895;
1081;Nordjylland;2021-11-25;M;137;1;3;2998;472593;16898;
1085;Sjælland;2021-11-25;M;365;1;8;2999;472958;16906;
1083;Syddanmark;2021-11-25;M;330;0;7;2999;473288;16913;
1084;Hovedstaden;2021-11-26;F;980;1;14;3000;474268;16927;
1082;Midtjylland;2021-11-26;F;314;2;9;3002;474582;16936;
1081;Nordjylland;2021-11-26;F;120;1;1;3003;474702;16937;
1085;Sjælland;2021-11-26;F;325;2;3;3005;475027;16940;
1083;Syddanmark;2021-11-26;F;320;1;10;3006;475347;16950;
1084;Hovedstaden;2021-11-26;M;967;4;12;3010;476314;16962;
1082;Midtjylland;2021-11-26;M;311;1;5;3011;476625;16967;
1081;Nordjylland;2021-11-26;M;157;0;1;3011;476782;16968;
1085;Sjælland;2021-11-26;M;341;2;6;3013;477123;16974;
1083;Syddanmark;2021-11-26;M;312;2;10;3015;477435;16984;
1084;Hovedstaden;2021-11-27;F;898;1;12;3016;478333;16996;
1082;Midtjylland;2021-11-27;F;373;0;4;3016;478706;17000;
1081;Nordjylland;2021-11-27;F;154;0;1;3016;478860;17001;
1085;Sjælland;2021-11-27;F;223;0;2;3016;479083;17003;
1083;Syddanmark;2021-11-27;F;308;0;5;3016;479391;17008;
1084;Hovedstaden;2021-11-27;M;960;1;14;3017;480351;17022;
1082;Midtjylland;2021-11-27;M;329;0;4;3017;480680;17026;
1081;Nordjylland;2021-11-27;M;133;0;0;3017;480813;17026;
1085;Sjælland;2021-11-27;M;180;0;4;3017;480993;17030;
1083;Syddanmark;2021-11-27;M;278;0;6;3017;481271;17036;
1084;Hovedstaden;2021-11-28;F;938;1;10;3018;482209;17046;
1082;Midtjylland;2021-11-28;F;383;0;7;3018;482592;17053;
1081;Nordjylland;2021-11-28;F;144;0;4;3018;482736;17057;
1085;Sjælland;2021-11-28;F;212;1;4;3019;482948;17061;
1083;Syddanmark;2021-11-28;F;289;1;5;3020;483237;17066;
1084;Hovedstaden;2021-11-28;M;975;4;13;3024;484212;17079;
1082;Midtjylland;2021-11-28;M;329;1;5;3025;484541;17084;
1081;Nordjylland;2021-11-28;M;142;1;4;3026;484683;17088;
1085;Sjælland;2021-11-28;M;207;0;4;3026;484890;17092;
1083;Syddanmark;2021-11-28;M;260;0;3;3026;485150;17095;
1084;Hovedstaden;2021-11-29;F;1124;2;7;3028;486274;17102;
1082;Midtjylland;2021-11-29;F;377;2;9;3030;486651;17111;
1081;Nordjylland;2021-11-29;F;173;0;1;3030;486824;17112;
1085;Sjælland;2021-11-29;F;497;1;6;3031;487321;17118;
1083;Syddanmark;2021-11-29;F;433;0;12;3031;487754;17130;
1084;Hovedstaden;2021-11-29;M;1057;4;14;3035;488811;17144;
1082;Midtjylland;2021-11-29;M;368;0;4;3035;489179;17148;
1081;Nordjylland;2021-11-29;M;183;0;2;3035;489362;17150;
1085;Sjælland;2021-11-29;M;452;0;5;3035;489814;17155;
1083;Syddanmark;2021-11-29;M;402;2;9;3037;490216;17164;
1084;Hovedstaden;2021-11-30;F;1228;0;13;3037;491444;17177;
1082;Midtjylland;2021-11-30;F;407;0;4;3037;491851;17181;
1081;Nordjylland;2021-11-30;F;175;4;6;3041;492026;17187;
1085;Sjælland;2021-11-30;F;456;1;6;3042;492482;17193;
1083;Syddanmark;2021-11-30;F;453;0;2;3042;492935;17195;
1084;Hovedstaden;2021-11-30;M;1127;3;13;3045;494062;17208;
1082;Midtjylland;2021-11-30;M;433;0;6;3045;494495;17214;
1081;Nordjylland;2021-11-30;M;166;0;4;3045;494661;17218;
1085;Sjælland;2021-11-30;M;486;4;10;3049;495147;17228;
1083;Syddanmark;2021-11-30;M;469;2;4;3051;495616;17232;
1084;Hovedstaden;2021-12-01;F;1053;3;14;3054;496669;17246;
1082;Midtjylland;2021-12-01;F;376;0;1;3054;497045;17247;
1081;Nordjylland;2021-12-01;F;151;1;4;3055;497196;17251;
1085;Sjælland;2021-12-01;F;263;0;11;3055;497459;17262;
1083;Syddanmark;2021-12-01;F;398;1;5;3056;497857;17267;
1084;Hovedstaden;2021-12-01;M;1039;3;16;3059;498896;17283;
1082;Midtjylland;2021-12-01;M;419;0;2;3059;499315;17285;
1081;Nordjylland;2021-12-01;M;153;4;7;3063;499468;17292;
1085;Sjælland;2021-12-01;M;269;1;5;3064;499737;17297;
1083;Syddanmark;2021-12-01;M;404;0;10;3064;500141;17307;
1084;Hovedstaden;2021-12-02;F;980;4;17;3068;501121;17324;
1082;Midtjylland;2021-12-02;F;364;0;3;3068;501485;17327;
1081;Nordjylland;2021-12-02;F;85;0;1;3068;501570;17328;
1085;Sjælland;2021-12-02;F;414;1;9;3069;501984;17337;
1083;Syddanmark;2021-12-02;F;408;1;5;3070;502392;17342;
1084;Hovedstaden;2021-12-02;M;1018;2;19;3072;503410;17361;
1082;Midtjylland;2021-12-02;M;397;0;3;3072;503807;17364;
1081;Nordjylland;2021-12-02;M;92;0;1;3072;503899;17365;
1085;Sjælland;2021-12-02;M;374;1;4;3073;504273;17369;
1083;Syddanmark;2021-12-02;M;439;1;9;3074;504712;17378;
1084;Hovedstaden;2021-12-03;F;1164;1;13;3075;505876;17391;
1082;Midtjylland;2021-12-03;F;412;0;8;3075;506288;17399;
1081;Nordjylland;2021-12-03;F;189;0;1;3075;506477;17400;
1085;Sjælland;2021-12-03;F;401;0;8;3075;506878;17408;
1083;Syddanmark;2021-12-03;F;405;0;14;3075;507283;17422;
1084;Hovedstaden;2021-12-03;M;1156;3;13;3078;508439;17435;
1082;Midtjylland;2021-12-03;M;440;0;5;3078;508879;17440;
1081;Nordjylland;2021-12-03;M;190;0;8;3078;509069;17448;
1085;Sjælland;2021-12-03;M;418;2;11;3080;509487;17459;
1083;Syddanmark;2021-12-03;M;382;0;7;3080;509869;17466;
1084;Hovedstaden;2021-12-04;F;1247;0;13;3080;511116;17479;
1082;Midtjylland;2021-12-04;F;466;0;4;3080;511582;17483;
1081;Nordjylland;2021-12-04;F;211;0;4;3080;511793;17487;
1085;Sjælland;2021-12-04;F;275;0;1;3080;512068;17488;
1083;Syddanmark;2021-12-04;F;405;1;6;3081;512473;17494;
1084;Hovedstaden;2021-12-04;M;1158;1;13;3082;513631;17507;
1082;Midtjylland;2021-12-04;M;438;1;4;3083;514069;17511;
1081;Nordjylland;2021-12-04;M;228;0;6;3083;514297;17517;
1085;Sjælland;2021-12-04;M;240;1;6;3084;514537;17523;
1083;Syddanmark;2021-12-04;M;420;1;2;3085;514957;17525;
1084;Hovedstaden;2021-12-05;F;1128;2;14;3087;516085;17539;
1082;Midtjylland;2021-12-05;F;404;1;6;3088;516489;17545;
1081;Nordjylland;2021-12-05;F;180;0;4;3088;516669;17549;
1085;Sjælland;2021-12-05;F;306;1;4;3089;516975;17553;
1083;Syddanmark;2021-12-05;F;345;0;3;3089;517320;17556;
1084;Hovedstaden;2021-12-05;M;1108;0;9;3089;518428;17565;
1082;Midtjylland;2021-12-05;M;479;0;3;3089;518907;17568;
1081;Nordjylland;2021-12-05;M;207;0;2;3089;519114;17570;
1085;Sjælland;2021-12-05;M;310;1;3;3090;519424;17573;
1083;Syddanmark;2021-12-05;M;327;0;8;3090;519751;17581;
1084;Hovedstaden;2021-12-06;F;1565;4;15;3094;521316;17596;
1082;Midtjylland;2021-12-06;F;582;1;4;3095;521898;17600;
1081;Nordjylland;2021-12-06;F;225;0;7;3095;522123;17607;
1085;Sjælland;2021-12-06;F;649;0;12;3095;522772;17619;
1083;Syddanmark;2021-12-06;F;541;1;9;3096;523313;17628;
1084;Hovedstaden;2021-12-06;M;1462;3;15;3099;524775;17643;
1082;Midtjylland;2021-12-06;M;617;3;9;3102;525392;17652;
1081;Nordjylland;2021-12-06;M;238;1;6;3103;525630;17658;
1085;Sjælland;2021-12-06;M;637;1;10;3104;526267;17668;
1083;Syddanmark;2021-12-06;M;563;4;7;3108;526830;17675;
1084;Hovedstaden;2021-12-07;F;1634;3;22;3111;528464;17697;
1082;Midtjylland;2021-12-07;F;623;0;5;3111;529087;17702;
1081;Nordjylland;2021-12-07;F;233;0;5;3111;529320;17707;
1085;Sjælland;2021-12-07;F;648;1;5;3112;529968;17712;
1083;Syddanmark;2021-12-07;F;558;0;11;3112;530526;17723;
1084;Hovedstaden;2021-12-07;M;1569;3;19;3115;532095;17742;
1082;Midtjylland;2021-12-07;M;630;1;5;3116;532725;17747;
1081;Nordjylland;2021-12-07;M;244;1;2;3117;532969;17749;
1085;Sjælland;2021-12-07;M;614;1;5;3118;533583;17754;
1083;Syddanmark;2021-12-07;M;569;1;13;3119;534152;17767;
1084;Hovedstaden;2021-12-08;F;1481;0;10;3119;535633;17777;
1082;Midtjylland;2021-12-08;F;611;3;5;3122;536244;17782;
1081;Nordjylland;2021-12-08;F;244;0;2;3122;536488;17784;
1085;Sjælland;2021-12-08;F;405;2;5;3124;536893;17789;
1083;Syddanmark;2021-12-08;F;529;0;6;3124;537422;17795;
1084;Hovedstaden;2021-12-08;M;1529;2;23;3126;538951;17818;
1082;Midtjylland;2021-12-08;M;627;0;1;3126;539578;17819;
1081;Nordjylland;2021-12-08;M;273;0;3;3126;539851;17822;
1085;Sjælland;2021-12-08;M;440;2;8;3128;540291;17830;
1083;Syddanmark;2021-12-08;M;519;1;5;3129;540810;17835;
1084;Hovedstaden;2021-12-09;F;1525;1;19;3130;542335;17854;
1082;Midtjylland;2021-12-09;F;593;0;6;3130;542928;17860;
1081;Nordjylland;2021-12-09;F;201;0;1;3130;543129;17861;
1085;Sjælland;2021-12-09;F;484;0;7;3130;543613;17868;
1083;Syddanmark;2021-12-09;F;482;0;8;3130;544095;17876;
1084;Hovedstaden;2021-12-09;M;1498;2;18;3132;545593;17894;
1082;Midtjylland;2021-12-09;M;621;1;8;3133;546214;17902;
1081;Nordjylland;2021-12-09;M;217;0;1;3133;546431;17903;
1085;Sjælland;2021-12-09;M;478;0;7;3133;546909;17910;
1083;Syddanmark;2021-12-09;M;536;5;7;3138;547445;17917;
1084;Hovedstaden;2021-12-10;F;1553;1;23;3139;548998;17940;
1082;Midtjylland;2021-12-10;F;593;1;1;3140;549591;17941;
1081;Nordjylland;2021-12-10;F;223;0;3;3140;549814;17944;
1085;Sjælland;2021-12-10;F;550;1;8;3141;550364;17952;
1083;Syddanmark;2021-12-10;F;496;0;7;3141;550860;17959;
1084;Hovedstaden;2021-12-10;M;1547;1;14;3142;552407;17973;
1082;Midtjylland;2021-12-10;M;614;1;4;3143;553021;17977;
1081;Nordjylland;2021-12-10;M;218;1;2;3144;553239;17979;
1085;Sjælland;2021-12-10;M;548;1;10;3145;553787;17989;
1083;Syddanmark;2021-12-10;M;587;3;11;3148;554374;18000;
1084;Hovedstaden;2021-12-11;F;1605;0;18;3148;555979;18018;
1082;Midtjylland;2021-12-11;F;628;1;3;3149;556607;18021;
1081;Nordjylland;2021-12-11;F;283;0;4;3149;556890;18025;
1085;Sjælland;2021-12-11;F;386;0;3;3149;557276;18028;
1083;Syddanmark;2021-12-11;F;468;0;4;3149;557744;18032;
1084;Hovedstaden;2021-12-11;M;1659;0;13;3149;559403;18045;
1082;Midtjylland;2021-12-11;M;623;1;6;3150;560026;18051;
1081;Nordjylland;2021-12-11;M;232;0;2;3150;560258;18053;
1085;Sjælland;2021-12-11;M;376;1;5;3151;560634;18058;
1083;Syddanmark;2021-12-11;M;428;2;3;3153;561062;18061;
1084;Hovedstaden;2021-12-12;F;1860;1;16;3154;562922;18077;
1082;Midtjylland;2021-12-12;F;748;0;1;3154;563670;18078;
1081;Nordjylland;2021-12-12;F;241;0;1;3154;563911;18079;
1085;Sjælland;2021-12-12;F;383;2;8;3156;564294;18087;
1083;Syddanmark;2021-12-12;F;487;0;3;3156;564781;18090;
1084;Hovedstaden;2021-12-12;M;1609;5;19;3161;566390;18109;
1082;Midtjylland;2021-12-12;M;692;0;5;3161;567082;18114;
1081;Nordjylland;2021-12-12;M;276;1;2;3162;567358;18116;
1085;Sjælland;2021-12-12;M;365;1;3;3163;567723;18119;
1083;Syddanmark;2021-12-12;M;473;1;5;3164;568196;18124;
1084;Hovedstaden;2021-12-13;F;2540;4;22;3168;570736;18146;
1082;Midtjylland;2021-12-13;F;898;0;7;3168;571634;18153;
1081;Nordjylland;2021-12-13;F;312;0;3;3168;571946;18156;
1085;Sjælland;2021-12-13;F;900;0;12;3168;572846;18168;
1083;Syddanmark;2021-12-13;F;730;1;5;3169;573576;18173;
1084;Hovedstaden;2021-12-13;M;2391;6;20;3175;575967;18193;
1082;Midtjylland;2021-12-13;M;885;2;6;3177;576852;18199;
1081;Nordjylland;2021-12-13;M;342;2;4;3179;577194;18203;
1085;Sjælland;2021-12-13;M;836;1;11;3180;578030;18214;
1083;Syddanmark;2021-12-13;M;736;0;8;3180;578766;18222;
1084;Hovedstaden;2021-12-14;F;2877;3;15;3183;581643;18237;
1082;Midtjylland;2021-12-14;F;919;3;3;3186;582562;18240;
1081;Nordjylland;2021-12-14;F;334;0;1;3186;582896;18241;
1085;Sjælland;2021-12-14;F;861;1;8;3187;583757;18249;
1083;Syddanmark;2021-12-14;F;802;0;6;3187;584559;18255;
1084;Hovedstaden;2021-12-14;M;2831;2;21;3189;587390;18276;
1082;Midtjylland;2021-12-14;M;873;1;4;3190;588263;18280;
1081;Nordjylland;2021-12-14;M;343;0;1;3190;588606;18281;
1085;Sjælland;2021-12-14;M;871;3;11;3193;589477;18292;
1083;Syddanmark;2021-12-14;M;767;0;8;3193;590244;18300;
1084;Hovedstaden;2021-12-15;F;2942;4;30;3197;593186;18330;
1082;Midtjylland;2021-12-15;F;909;0;7;3197;594095;18337;
1081;Nordjylland;2021-12-15;F;352;1;5;3198;594447;18342;
1085;Sjælland;2021-12-15;F;666;0;10;3198;595113;18352;
1083;Syddanmark;2021-12-15;F;694;0;5;3198;595807;18357;
1084;Hovedstaden;2021-12-15;M;3007;6;31;3204;598814;18388;
1082;Midtjylland;2021-12-15;M;900;1;4;3205;599714;18392;
1081;Nordjylland;2021-12-15;M;330;0;3;3205;600044;18395;
1085;Sjælland;2021-12-15;M;680;3;12;3208;600724;18407;
1083;Syddanmark;2021-12-15;M;707;1;5;3209;601431;18412;
1084;Hovedstaden;2021-12-16;F;2689;2;18;3211;604120;18430;
1082;Midtjylland;2021-12-16;F;866;1;8;3212;604986;18438;
1081;Nordjylland;2021-12-16;F;318;0;5;3212;605304;18443;
1085;Sjælland;2021-12-16;F;795;1;7;3213;606099;18450;
1083;Syddanmark;2021-12-16;F;702;1;5;3214;606801;18455;
1084;Hovedstaden;2021-12-16;M;2532;6;22;3220;609333;18477;
1082;Midtjylland;2021-12-16;M;867;0;7;3220;610200;18484;
1081;Nordjylland;2021-12-16;M;304;0;5;3220;610504;18489;
1085;Sjælland;2021-12-16;M;767;3;7;3223;611271;18496;
1083;Syddanmark;2021-12-16;M;707;1;9;3224;611978;18505;
1084;Hovedstaden;2021-12-17;F;2910;2;18;3226;614888;18523;
1082;Midtjylland;2021-12-17;F;905;0;11;3226;615793;18534;
1081;Nordjylland;2021-12-17;F;302;0;2;3226;616095;18536;
1085;Sjælland;2021-12-17;F;724;2;10;3228;616819;18546;
1083;Syddanmark;2021-12-17;F;747;1;6;3229;617566;18552;
1084;Hovedstaden;2021-12-17;M;2710;2;21;3231;620276;18573;
1082;Midtjylland;2021-12-17;M;914;1;6;3232;621190;18579;
1081;Nordjylland;2021-12-17;M;311;0;4;3232;621501;18583;
1085;Sjælland;2021-12-17;M;757;2;8;3234;622258;18591;
1083;Syddanmark;2021-12-17;M;740;1;12;3235;622998;18603;
1084;Hovedstaden;2021-12-18;F;2730;2;18;3237;625728;18621;
1082;Midtjylland;2021-12-18;F;943;1;5;3238;626671;18626;
1081;Nordjylland;2021-12-18;F;352;0;5;3238;627023;18631;
1085;Sjælland;2021-12-18;F;568;0;3;3238;627591;18634;
1083;Syddanmark;2021-12-18;F;714;0;9;3238;628305;18643;
1084;Hovedstaden;2021-12-18;M;2511;2;17;3240;630816;18660;
1082;Midtjylland;2021-12-18;M;974;0;7;3240;631790;18667;
1081;Nordjylland;2021-12-18;M;366;0;4;3240;632156;18671;
1085;Sjælland;2021-12-18;M;557;0;8;3240;632713;18679;
1083;Syddanmark;2021-12-18;M;695;1;5;3241;633408;18684;
1084;Hovedstaden;2021-12-19;F;2772;3;18;3244;636180;18702;
1082;Midtjylland;2021-12-19;F;1009;0;9;3244;637189;18711;
1081;Nordjylland;2021-12-19;F;302;0;3;3244;637491;18714;
1085;Sjælland;2021-12-19;F;589;0;2;3244;638080;18716;
1083;Syddanmark;2021-12-19;F;650;0;7;3244;638730;18723;
1084;Hovedstaden;2021-12-19;M;2646;3;11;3247;641376;18734;
1082;Midtjylland;2021-12-19;M;1011;1;6;3248;642387;18740;
1081;Nordjylland;2021-12-19;M;361;2;4;3250;642748;18744;
1085;Sjælland;2021-12-19;M;550;1;7;3251;643298;18751;
1083;Syddanmark;2021-12-19;M;700;0;4;3251;643998;18755;
1084;Hovedstaden;2021-12-20;F;3549;1;26;3252;647547;18781;
1082;Midtjylland;2021-12-20;F;1094;2;6;3254;648641;18787;
1081;Nordjylland;2021-12-20;F;429;1;3;3255;649070;18790;
1085;Sjælland;2021-12-20;F;1095;0;11;3255;650165;18801;
1083;Syddanmark;2021-12-20;F;866;0;5;3255;651031;18806;
1084;Hovedstaden;2021-12-20;M;3363;4;28;3259;654394;18834;
1082;Midtjylland;2021-12-20;M;1111;1;7;3260;655505;18841;
1081;Nordjylland;2021-12-20;M;416;0;5;3260;655921;18846;
1085;Sjælland;2021-12-20;M;1082;0;10;3260;657003;18856;
1083;Syddanmark;2021-12-20;M;851;3;6;3263;657854;18862;
1084;Hovedstaden;2021-12-21;F;3561;1;22;3264;661415;18884;
1082;Midtjylland;2021-12-21;F;1066;2;7;3266;662481;18891;
1081;Nordjylland;2021-12-21;F;441;0;4;3266;662922;18895;
1085;Sjælland;2021-12-21;F;936;2;8;3268;663858;18903;
1083;Syddanmark;2021-12-21;F;863;0;4;3268;664721;18907;
1084;Hovedstaden;2021-12-21;M;3469;4;25;3272;668190;18932;
1082;Midtjylland;2021-12-21;M;1051;2;10;3274;669241;18942;
1081;Nordjylland;2021-12-21;M;430;1;5;3275;669671;18947;
1085;Sjælland;2021-12-21;M;966;3;16;3278;670637;18963;
1083;Syddanmark;2021-12-21;M;842;0;12;3278;671479;18975;
1084;Hovedstaden;2021-12-22;F;3282;1;30;3279;674761;19005;
1082;Midtjylland;2021-12-22;F;1006;0;7;3279;675767;19012;
1081;Nordjylland;2021-12-22;F;388;2;4;3281;676155;19016;
1085;Sjælland;2021-12-22;F;713;2;7;3283;676868;19023;
1083;Syddanmark;2021-12-22;F;755;1;12;3284;677623;19035;
1084;Hovedstaden;2021-12-22;M;3204;6;24;3290;680827;19059;
1082;Midtjylland;2021-12-22;M;1059;1;5;3291;681886;19064;
1081;Nordjylland;2021-12-22;M;366;0;3;3291;682252;19067;
1085;Sjælland;2021-12-22;M;739;0;6;3291;682991;19073;
1083;Syddanmark;2021-12-22;M;693;1;5;3292;683684;19078;
1084;Hovedstaden;2021-12-23;F;3408;2;22;3294;687092;19100;
1082;Midtjylland;2021-12-23;F;1014;0;10;3294;688106;19110;
1081;Nordjylland;2021-12-23;F;429;0;1;3294;688535;19111;
1085;Sjælland;2021-12-23;F;872;1;5;3295;689407;19116;
1083;Syddanmark;2021-12-23;F;815;0;4;3295;690222;19120;
1084;Hovedstaden;2021-12-23;M;3335;5;17;3300;693557;19137;
1082;Midtjylland;2021-12-23;M;1118;0;3;3300;694675;19140;
1081;Nordjylland;2021-12-23;M;480;0;2;3300;695155;19142;
1085;Sjælland;2021-12-23;M;881;4;13;3304;696036;19155;
1083;Syddanmark;2021-12-23;M;834;1;1;3305;696870;19156;
1084;Hovedstaden;2021-12-24;F;1532;0;20;3305;698402;19176;
1082;Midtjylland;2021-12-24;F;781;0;5;3305;699183;19181;
1081;Nordjylland;2021-12-24;F;249;0;2;3305;699432;19183;
1085;Sjælland;2021-12-24;F;421;0;6;3305;699853;19189;
1083;Syddanmark;2021-12-24;F;630;1;5;3306;700483;19194;
1084;Hovedstaden;2021-12-24;M;1482;1;10;3307;701965;19204;
1082;Midtjylland;2021-12-24;M;857;0;4;3307;702822;19208;
1081;Nordjylland;2021-12-24;M;289;0;9;3307;703111;19217;
1085;Sjælland;2021-12-24;M;474;2;7;3309;703585;19224;
1083;Syddanmark;2021-12-24;M;649;0;2;3309;704234;19226;
1084;Hovedstaden;2021-12-25;F;1871;5;27;3314;706105;19253;
1082;Midtjylland;2021-12-25;F;882;0;4;3314;706987;19257;
1081;Nordjylland;2021-12-25;F;295;0;1;3314;707282;19258;
1085;Sjælland;2021-12-25;F;528;2;6;3316;707810;19264;
1083;Syddanmark;2021-12-25;F;680;1;8;3317;708490;19272;
1084;Hovedstaden;2021-12-25;M;1638;6;19;3323;710128;19291;
1082;Midtjylland;2021-12-25;M;875;0;7;3323;711003;19298;
1081;Nordjylland;2021-12-25;M;281;0;3;3323;711284;19301;
1085;Sjælland;2021-12-25;M;486;3;7;3326;711770;19308;
1083;Syddanmark;2021-12-25;M;657;1;5;3327;712427;19313;
1084;Hovedstaden;2021-12-26;F;2484;1;22;3328;714911;19335;
1082;Midtjylland;2021-12-26;F;1356;0;3;3328;716267;19338;
1081;Nordjylland;2021-12-26;F;378;0;3;3328;716645;19341;
1085;Sjælland;2021-12-26;F;769;1;8;3329;717414;19349;
1083;Syddanmark;2021-12-26;F;1050;0;7;3329;718464;19356;
1084;Hovedstaden;2021-12-26;M;2169;4;21;3333;720633;19377;
1082;Midtjylland;2021-12-26;M;1270;2;5;3335;721903;19382;
1081;Nordjylland;2021-12-26;M;392;1;2;3336;722295;19384;
1085;Sjælland;2021-12-26;M;643;0;6;3336;722938;19390;
1083;Syddanmark;2021-12-26;M;954;0;4;3336;723892;19394;
1084;Hovedstaden;2021-12-27;F;5562;6;40;3342;729454;19434;
1082;Midtjylland;2021-12-27;F;2114;3;18;3345;731568;19452;
1081;Nordjylland;2021-12-27;F;979;0;7;3345;732547;19459;
1085;Sjælland;2021-12-27;F;1878;2;16;3347;734425;19475;
1083;Syddanmark;2021-12-27;F;1705;1;11;3348;736130;19486;
1084;Hovedstaden;2021-12-27;M;5167;2;34;3350;741297;19520;
1082;Midtjylland;2021-12-27;M;1954;4;11;3354;743251;19531;
1081;Nordjylland;2021-12-27;M;1036;0;4;3354;744287;19535;
1085;Sjælland;2021-12-27;M;1720;2;14;3356;746007;19549;
1083;Syddanmark;2021-12-27;M;1744;0;18;3356;747751;19567;
1084;Hovedstaden;2021-12-28;F;5389;7;57;3363;753140;19624;
1082;Midtjylland;2021-12-28;F;2146;0;12;3363;755286;19636;
1081;Nordjylland;2021-12-28;F;910;0;5;3363;756196;19641;
1085;Sjælland;2021-12-28;F;1680;4;20;3367;757876;19661;
1083;Syddanmark;2021-12-28;F;1796;4;20;3371;759672;19681;
1084;Hovedstaden;2021-12-28;M;4874;3;31;3374;764546;19712;
1082;Midtjylland;2021-12-28;M;2071;3;11;3377;766617;19723;
1081;Nordjylland;2021-12-28;M;959;0;5;3377;767576;19728;
1085;Sjælland;2021-12-28;M;1636;0;17;3377;769212;19745;
1083;Syddanmark;2021-12-28;M;1709;1;10;3378;770921;19755;
1084;Hovedstaden;2021-12-29;F;4152;0;25;3378;775073;19780;
1082;Midtjylland;2021-12-29;F;1674;3;10;3381;776747;19790;
1081;Nordjylland;2021-12-29;F;835;2;8;3383;777582;19798;
1085;Sjælland;2021-12-29;F;1268;0;14;3383;778850;19812;
1083;Syddanmark;2021-12-29;F;1377;2;6;3385;780227;19818;
1084;Hovedstaden;2021-12-29;M;3871;6;36;3391;784098;19854;
1082;Midtjylland;2021-12-29;M;1659;1;6;3392;785757;19860;
1081;Nordjylland;2021-12-29;M;816;1;5;3393;786573;19865;
1085;Sjælland;2021-12-29;M;1212;1;10;3394;787785;19875;
1083;Syddanmark;2021-12-29;M;1372;0;7;3394;789157;19882;
1084;Hovedstaden;2021-12-30;F;4377;12;30;3406;793534;19912;
1082;Midtjylland;2021-12-30;F;1878;2;13;3408;795412;19925;
1081;Nordjylland;2021-12-30;F;955;1;6;3409;796367;19931;
1085;Sjælland;2021-12-30;F;1516;4;13;3413;797883;19944;
1083;Syddanmark;2021-12-30;F;1698;1;13;3414;799581;19957;
1084;Hovedstaden;2021-12-30;M;4067;3;26;3417;803648;19983;
1082;Midtjylland;2021-12-30;M;1882;2;10;3419;805530;19993;
1081;Nordjylland;2021-12-30;M;899;3;9;3422;806429;20002;
1085;Sjælland;2021-12-30;M;1421;3;11;3425;807850;20013;
1083;Syddanmark;2021-12-30;M;1640;1;10;3426;809490;20023;
1084;Hovedstaden;2021-12-31;F;1819;1;19;3427;811309;20042;
1082;Midtjylland;2021-12-31;F;1130;0;3;3427;812439;20045;
1081;Nordjylland;2021-12-31;F;461;1;1;3428;812900;20046;
1085;Sjælland;2021-12-31;F;648;0;11;3428;813548;20057;
1083;Syddanmark;2021-12-31;F;1111;0;14;3428;814659;20071;
1084;Hovedstaden;2021-12-31;M;1661;1;18;3429;816320;20089;
1082;Midtjylland;2021-12-31;M;1186;2;9;3431;817506;20098;
1081;Nordjylland;2021-12-31;M;472;0;2;3431;817978;20100;
1085;Sjælland;2021-12-31;M;637;2;10;3433;818615;20110;
1083;Syddanmark;2021-12-31;M;1091;3;6;3436;819706;20116;
1084;Hovedstaden;2022-01-01;F;1786;2;19;3438;821492;20135;
1082;Midtjylland;2022-01-01;F;1071;1;5;3439;822563;20140;
1081;Nordjylland;2022-01-01;F;342;0;5;3439;822905;20145;
1085;Sjælland;2022-01-01;F;666;0;12;3439;823571;20157;
1083;Syddanmark;2022-01-01;F;925;1;15;3440;824496;20172;
1084;Hovedstaden;2022-01-01;M;1590;4;19;3444;826086;20191;
1082;Midtjylland;2022-01-01;M;1046;1;8;3445;827132;20199;
1081;Nordjylland;2022-01-01;M;323;0;3;3445;827455;20202;
1085;Sjælland;2022-01-01;M;584;2;7;3447;828039;20209;
1083;Syddanmark;2022-01-01;M;825;1;8;3448;828864;20217;
1084;Hovedstaden;2022-01-02;F;4967;2;41;3450;833831;20258;
1082;Midtjylland;2022-01-02;F;2128;0;13;3450;835959;20271;
1081;Nordjylland;2022-01-02;F;1153;1;7;3451;837112;20278;
1085;Sjælland;2022-01-02;F;1073;2;12;3453;838185;20290;
1083;Syddanmark;2022-01-02;F;1499;0;9;3453;839684;20299;
1084;Hovedstaden;2022-01-02;M;4630;2;27;3455;844314;20326;
1082;Midtjylland;2022-01-02;M;2110;0;9;3455;846424;20335;
1081;Nordjylland;2022-01-02;M;1265;1;11;3456;847689;20346;
1085;Sjælland;2022-01-02;M;1055;3;17;3459;848744;20363;
1083;Syddanmark;2022-01-02;M;1498;1;8;3460;850242;20371;
1084;Hovedstaden;2022-01-03;F;5954;6;37;3466;856196;20408;
1082;Midtjylland;2022-01-03;F;2656;3;12;3469;858852;20420;
1081;Nordjylland;2022-01-03;F;1152;2;8;3471;860004;20428;
1085;Sjælland;2022-01-03;F;2049;1;15;3472;862053;20443;
1083;Syddanmark;2022-01-03;F;2383;4;12;3476;864436;20455;
1084;Hovedstaden;2022-01-03;M;5212;5;28;3481;869648;20483;
1082;Midtjylland;2022-01-03;M;2623;3;16;3484;872271;20499;
1081;Nordjylland;2022-01-03;M;1115;2;7;3486;873386;20506;
1085;Sjælland;2022-01-03;M;2048;1;15;3487;875434;20521;
1083;Syddanmark;2022-01-03;M;2331;0;9;3487;877765;20530;
1084;Hovedstaden;2022-01-04;F;5225;1;33;3488;882990;20563;
1082;Midtjylland;2022-01-04;F;2517;2;16;3490;885507;20579;
1081;Nordjylland;2022-01-04;F;1069;0;5;3490;886576;20584;
1085;Sjælland;2022-01-04;F;1745;3;15;3493;888321;20599;
1083;Syddanmark;2022-01-04;F;2307;1;6;3494;890628;20605;
1084;Hovedstaden;2022-01-04;M;4861;6;33;3500;895489;20638;
1082;Midtjylland;2022-01-04;M;2595;0;13;3500;898084;20651;
1081;Nordjylland;2022-01-04;M;1137;0;8;3500;899221;20659;
1085;Sjælland;2022-01-04;M;1773;1;14;3501;900994;20673;
1083;Syddanmark;2022-01-04;M;2452;3;10;3504;903446;20683;
1084;Hovedstaden;2022-01-05;F;3901;6;30;3510;907347;20713;
1082;Midtjylland;2022-01-05;F;1936;0;8;3510;909283;20721;
1081;Nordjylland;2022-01-05;F;845;0;6;3510;910128;20727;
1085;Sjælland;2022-01-05;F;1062;0;16;3510;911190;20743;
1083;Syddanmark;2022-01-05;F;1662;2;13;3512;912852;20756;
1084;Hovedstaden;2022-01-05;M;3763;1;17;3513;916615;20773;
1082;Midtjylland;2022-01-05;M;2098;2;9;3515;918713;20782;
1081;Nordjylland;2022-01-05;M;963;0;7;3515;919676;20789;
1085;Sjælland;2022-01-05;M;1106;1;11;3516;920782;20800;
1083;Syddanmark;2022-01-05;M;1744;1;6;3517;922526;20806;
1084;Hovedstaden;2022-01-06;F;3461;2;23;3519;925987;20829;
1082;Midtjylland;2022-01-06;F;1730;0;6;3519;927717;20835;
1081;Nordjylland;2022-01-06;F;713;0;1;3519;928430;20836;
1085;Sjælland;2022-01-06;F;1221;2;13;3521;929651;20849;
1083;Syddanmark;2022-01-06;F;1489;1;9;3522;931140;20858;
1084;Hovedstaden;2022-01-06;M;3225;4;21;3526;934365;20879;
1082;Midtjylland;2022-01-06;M;1630;1;8;3527;935995;20887;
1081;Nordjylland;2022-01-06;M;713;1;1;3528;936708;20888;
1085;Sjælland;2022-01-06;M;1182;0;16;3528;937890;20904;
1083;Syddanmark;2022-01-06;M;1408;2;10;3530;939298;20914;
1084;Hovedstaden;2022-01-07;F;3029;2;31;3532;942327;20945;
1082;Midtjylland;2022-01-07;F;1688;0;5;3532;944015;20950;
1081;Nordjylland;2022-01-07;F;665;0;1;3532;944680;20951;
1085;Sjælland;2022-01-07;F;1079;0;9;3532;945759;20960;
1083;Syddanmark;2022-01-07;F;1421;0;7;3532;947180;20967;
1084;Hovedstaden;2022-01-07;M;2870;3;21;3535;950050;20988;
1082;Midtjylland;2022-01-07;M;1653;1;10;3536;951703;20998;
1081;Nordjylland;2022-01-07;M;661;0;4;3536;952364;21002;
1085;Sjælland;2022-01-07;M;1044;1;6;3537;953408;21008;
1083;Syddanmark;2022-01-07;M;1434;4;9;3541;954842;21017;
1084;Hovedstaden;2022-01-08;F;3148;2;20;3543;957990;21037;
1082;Midtjylland;2022-01-08;F;1693;1;5;3544;959683;21042;
1081;Nordjylland;2022-01-08;F;623;1;0;3545;960306;21042;
1085;Sjælland;2022-01-08;F;870;1;8;3546;961176;21050;
1083;Syddanmark;2022-01-08;F;1104;1;5;3547;962280;21055;
1084;Hovedstaden;2022-01-08;M;3022;4;16;3551;965302;21071;
1082;Midtjylland;2022-01-08;M;1486;1;2;3552;966788;21073;
1081;Nordjylland;2022-01-08;M;670;1;5;3553;967458;21078;
1085;Sjælland;2022-01-08;M;793;2;5;3555;968251;21083;
1083;Syddanmark;2022-01-08;M;1168;0;6;3555;969419;21089;
1084;Hovedstaden;2022-01-09;F;3820;5;23;3560;973239;21112;
1082;Midtjylland;2022-01-09;F;2006;0;11;3560;975245;21123;
1081;Nordjylland;2022-01-09;F;782;0;2;3560;976027;21125;
1085;Sjælland;2022-01-09;F;972;1;2;3561;976999;21127;
1083;Syddanmark;2022-01-09;F;1504;1;13;3562;978503;21140;
1084;Hovedstaden;2022-01-09;M;3395;1;17;3563;981898;21157;
1082;Midtjylland;2022-01-09;M;1911;1;7;3564;983809;21164;
1081;Nordjylland;2022-01-09;M;786;0;5;3564;984595;21169;
1085;Sjælland;2022-01-09;M;911;0;6;3564;985506;21175;
1083;Syddanmark;2022-01-09;M;1375;2;10;3566;986881;21185;
1084;Hovedstaden;2022-01-10;F;5026;4;21;3570;991907;21206;
1082;Midtjylland;2022-01-10;F;2492;1;9;3571;994399;21215;
1081;Nordjylland;2022-01-10;F;1013;2;10;3573;995412;21225;
1085;Sjælland;2022-01-10;F;1910;2;16;3575;997322;21241;
1083;Syddanmark;2022-01-10;F;2397;1;13;3576;999719;21254;
1084;Hovedstaden;2022-01-10;M;4702;2;27;3578;1004421;21281;
1082;Midtjylland;2022-01-10;M;2347;3;10;3581;1006768;21291;
1081;Nordjylland;2022-01-10;M;977;1;7;3582;1007745;21298;
1085;Sjælland;2022-01-10;M;1734;0;10;3582;1009479;21308;
1083;Syddanmark;2022-01-10;M;2254;1;10;3583;1011733;21318;
1084;Hovedstaden;2022-01-11;F;5160;5;35;3588;1016893;21353;
1082;Midtjylland;2022-01-11;F;2458;2;12;3590;1019351;21365;
1081;Nordjylland;2022-01-11;F;1073;1;6;3591;1020424;21371;
1085;Sjælland;2022-01-11;F;1622;0;20;3591;1022046;21391;
1083;Syddanmark;2022-01-11;F;2312;1;13;3592;1024358;21404;
1084;Hovedstaden;2022-01-11;M;4601;2;30;3594;1028959;21434;
1082;Midtjylland;2022-01-11;M;2317;2;7;3596;1031276;21441;
1081;Nordjylland;2022-01-11;M;993;1;3;3597;1032269;21444;
1085;Sjælland;2022-01-11;M;1548;4;9;3601;1033817;21453;
1083;Syddanmark;2022-01-11;M;2273;1;12;3602;1036090;21465;
1084;Hovedstaden;2022-01-12;F;4977;4;32;3606;1041067;21497;
1082;Midtjylland;2022-01-12;F;2666;1;12;3607;1043733;21509;
1081;Nordjylland;2022-01-12;F;1088;2;10;3609;1044821;21519;
1085;Sjælland;2022-01-12;F;1459;0;6;3609;1046280;21525;
1083;Syddanmark;2022-01-12;F;2239;2;17;3611;1048519;21542;
1084;Hovedstaden;2022-01-12;M;4556;5;32;3616;1053075;21574;
1082;Midtjylland;2022-01-12;M;2575;2;9;3618;1055650;21583;
1081;Nordjylland;2022-01-12;M;1088;0;4;3618;1056738;21587;
1085;Sjælland;2022-01-12;M;1381;2;17;3620;1058119;21604;
1083;Syddanmark;2022-01-12;M;2163;0;13;3620;1060282;21617;
1084;Hovedstaden;2022-01-13;F;5035;7;28;3627;1065317;21645;
1082;Midtjylland;2022-01-13;F;2746;3;17;3630;1068063;21662;
1081;Nordjylland;2022-01-13;F;989;2;10;3632;1069052;21672;
1085;Sjælland;2022-01-13;F;1893;1;10;3633;1070945;21682;
1083;Syddanmark;2022-01-13;F;2573;0;9;3633;1073518;21691;
1084;Hovedstaden;2022-01-13;M;4546;6;31;3639;1078064;21722;
1082;Midtjylland;2022-01-13;M;2627;0;10;3639;1080691;21732;
1081;Nordjylland;2022-01-13;M;975;1;0;3640;1081666;21732;
1085;Sjælland;2022-01-13;M;1756;4;9;3644;1083422;21741;
1083;Syddanmark;2022-01-13;M;2319;1;13;3645;1085741;21754;
1084;Hovedstaden;2022-01-14;F;5624;7;34;3652;1091365;21788;
1082;Midtjylland;2022-01-14;F;3016;2;16;3654;1094381;21804;
1081;Nordjylland;2022-01-14;F;1073;0;5;3654;1095454;21809;
1085;Sjælland;2022-01-14;F;1894;0;9;3654;1097348;21818;
1083;Syddanmark;2022-01-14;F;2727;1;14;3655;1100075;21832;
1084;Hovedstaden;2022-01-14;M;4988;7;30;3662;1105063;21862;
1082;Midtjylland;2022-01-14;M;2851;0;14;3662;1107914;21876;
1081;Nordjylland;2022-01-14;M;1031;3;7;3665;1108945;21883;
1085;Sjælland;2022-01-14;M;1831;0;9;3665;1110776;21892;
1083;Syddanmark;2022-01-14;M;2575;1;6;3666;1113351;21898;
1084;Hovedstaden;2022-01-15;F;5789;2;28;3668;1119140;21926;
1082;Midtjylland;2022-01-15;F;3265;1;13;3669;1122405;21939;
1081;Nordjylland;2022-01-15;F;1115;1;3;3670;1123520;21942;
1085;Sjælland;2022-01-15;F;1515;2;18;3672;1125035;21960;
1083;Syddanmark;2022-01-15;F;2341;2;6;3674;1127376;21966;
1084;Hovedstaden;2022-01-15;M;5259;3;16;3677;1132635;21982;
1082;Midtjylland;2022-01-15;M;3073;1;13;3678;1135708;21995;
1081;Nordjylland;2022-01-15;M;1042;0;5;3678;1136750;22000;
1085;Sjælland;2022-01-15;M;1377;2;11;3680;1138127;22011;
1083;Syddanmark;2022-01-15;M;2151;2;11;3682;1140278;22022;
1084;Hovedstaden;2022-01-16;F;6122;4;39;3686;1146400;22061;
1082;Midtjylland;2022-01-16;F;3749;0;16;3686;1150149;22077;
1081;Nordjylland;2022-01-16;F;1332;2;4;3688;1151481;22081;
1085;Sjælland;2022-01-16;F;1786;2;14;3690;1153267;22095;
1083;Syddanmark;2022-01-16;F;2848;2;16;3692;1156115;22111;
1084;Hovedstaden;2022-01-16;M;5509;6;38;3698;1161624;22149;
1082;Midtjylland;2022-01-16;M;3327;1;18;3699;1164951;22167;
1081;Nordjylland;2022-01-16;M;1249;0;8;3699;1166200;22175;
1085;Sjælland;2022-01-16;M;1517;2;12;3701;1167717;22187;
1083;Syddanmark;2022-01-16;M;2509;3;14;3704;1170226;22201;
1084;Hovedstaden;2022-01-17;F;8276;2;50;3706;1178502;22251;
1082;Midtjylland;2022-01-17;F;4557;1;11;3707;1183059;22262;
1081;Nordjylland;2022-01-17;F;1832;2;14;3709;1184891;22276;
1085;Sjælland;2022-01-17;F;3560;1;13;3710;1188451;22289;
1083;Syddanmark;2022-01-17;F;4897;1;20;3711;1193348;22309;
1084;Hovedstaden;2022-01-17;M;7451;4;33;3715;1200799;22342;
1082;Midtjylland;2022-01-17;M;4269;0;13;3715;1205068;22355;
1081;Nordjylland;2022-01-17;M;1774;1;6;3716;1206842;22361;
1085;Sjælland;2022-01-17;M;3229;0;11;3716;1210071;22372;
1083;Syddanmark;2022-01-17;M;4312;5;16;3721;1214383;22388;
1084;Hovedstaden;2022-01-18;F;8239;3;35;3724;1222622;22423;
1082;Midtjylland;2022-01-18;F;4481;1;19;3725;1227103;22442;
1081;Nordjylland;2022-01-18;F;1701;2;9;3727;1228804;22451;
1085;Sjælland;2022-01-18;F;3273;1;16;3728;1232077;22467;
1083;Syddanmark;2022-01-18;F;4665;1;15;3729;1236742;22482;
1084;Hovedstaden;2022-01-18;M;7565;4;34;3733;1244307;22516;
1082;Midtjylland;2022-01-18;M;4137;2;15;3735;1248444;22531;
1081;Nordjylland;2022-01-18;M;1631;1;7;3736;1250075;22538;
1085;Sjælland;2022-01-18;M;2974;0;7;3736;1253049;22545;
1083;Syddanmark;2022-01-18;M;4345;2;12;3738;1257394;22557;
1084;Hovedstaden;2022-01-19;F;7796;3;47;3741;1265190;22604;
1082;Midtjylland;2022-01-19;F;4555;3;25;3744;1269745;22629;
1081;Nordjylland;2022-01-19;F;1694;0;7;3744;1271439;22636;
1085;Sjælland;2022-01-19;F;2663;1;19;3745;1274102;22655;
1083;Syddanmark;2022-01-19;F;4194;2;17;3747;1278296;22672;
1084;Hovedstaden;2022-01-19;M;7109;5;34;3752;1285405;22706;
1082;Midtjylland;2022-01-19;M;4325;3;16;3755;1289730;22722;
1081;Nordjylland;2022-01-19;M;1615;1;5;3756;1291345;22727;
1085;Sjælland;2022-01-19;M;2464;0;6;3756;1293809;22733;
1083;Syddanmark;2022-01-19;M;3930;2;17;3758;1297739;22750;
1084;Hovedstaden;2022-01-20;F;7349;9;52;3767;1305088;22802;
1082;Midtjylland;2022-01-20;F;4233;2;15;3769;1309321;22817;
1081;Nordjylland;2022-01-20;F;1683;1;9;3770;1311004;22826;
1085;Sjælland;2022-01-20;F;3248;3;14;3773;1314252;22840;
1083;Syddanmark;2022-01-20;F;4317;1;15;3774;1318569;22855;
1084;Hovedstaden;2022-01-20;M;6555;7;31;3781;1325124;22886;
1082;Midtjylland;2022-01-20;M;3877;1;13;3782;1329001;22899;
1081;Nordjylland;2022-01-20;M;1619;2;6;3784;1330620;22905;
1085;Sjælland;2022-01-20;M;3099;1;17;3785;1333719;22922;
1083;Syddanmark;2022-01-20;M;3973;2;17;3787;1337692;22939;
1084;Hovedstaden;2022-01-21;F;7261;6;37;3793;1344953;22976;
1082;Midtjylland;2022-01-21;F;4541;2;15;3795;1349494;22991;
1081;Nordjylland;2022-01-21;F;1602;4;16;3799;1351096;23007;
1085;Sjælland;2022-01-21;F;3080;0;15;3799;1354176;23022;
1083;Syddanmark;2022-01-21;F;4340;1;20;3800;1358516;23042;
1084;Hovedstaden;2022-01-21;M;6497;2;34;3802;1365013;23076;
1082;Midtjylland;2022-01-21;M;4199;1;16;3803;1369212;23092;
1081;Nordjylland;2022-01-21;M;1464;0;5;3803;1370676;23097;
1085;Sjælland;2022-01-21;M;2891;1;17;3804;1373567;23114;
1083;Syddanmark;2022-01-21;M;4064;5;14;3809;1377631;23128;
1084;Hovedstaden;2022-01-22;F;7323;8;43;3817;1384954;23171;
1082;Midtjylland;2022-01-22;F;4478;1;15;3818;1389432;23186;
1081;Nordjylland;2022-01-22;F;1761;1;9;3819;1391193;23195;
1085;Sjælland;2022-01-22;F;2291;2;12;3821;1393484;23207;
1083;Syddanmark;2022-01-22;F;3462;1;9;3822;1396946;23216;
1084;Hovedstaden;2022-01-22;M;6660;2;27;3824;1403606;23243;
1082;Midtjylland;2022-01-22;M;4175;1;10;3825;1407781;23253;
1081;Nordjylland;2022-01-22;M;1628;0;3;3825;1409409;23256;
1085;Sjælland;2022-01-22;M;2094;1;16;3826;1411503;23272;
1083;Syddanmark;2022-01-22;M;3198;0;13;3826;1414701;23285;
1084;Hovedstaden;2022-01-23;F;7908;6;54;3832;1422609;23339;
1082;Midtjylland;2022-01-23;F;4950;2;16;3834;1427559;23355;
1081;Nordjylland;2022-01-23;F;1921;0;3;3834;1429480;23358;
1085;Sjælland;2022-01-23;F;2604;1;19;3835;1432084;23377;
1083;Syddanmark;2022-01-23;F;4055;2;18;3837;1436139;23395;
1084;Hovedstaden;2022-01-23;M;7161;3;27;3840;1443300;23422;
1082;Midtjylland;2022-01-23;M;4518;2;14;3842;1447818;23436;
1081;Nordjylland;2022-01-23;M;1685;2;10;3844;1449503;23446;
1085;Sjælland;2022-01-23;M;2230;2;19;3846;1451733;23465;
1083;Syddanmark;2022-01-23;M;3563;1;13;3847;1455296;23478;
1084;Hovedstaden;2022-01-24;F;9550;6;51;3853;1464846;23529;
1082;Midtjylland;2022-01-24;F;6398;0;21;3853;1471244;23550;
1081;Nordjylland;2022-01-24;F;2667;2;8;3855;1473911;23558;
1085;Sjælland;2022-01-24;F;4919;3;29;3858;1478830;23587;
1083;Syddanmark;2022-01-24;F;6481;2;30;3860;1485311;23617;
1084;Hovedstaden;2022-01-24;M;8661;4;33;3864;1493972;23650;
1082;Midtjylland;2022-01-24;M;5858;1;23;3865;1499830;23673;
1081;Nordjylland;2022-01-24;M;2554;1;7;3866;1502384;23680;
1085;Sjælland;2022-01-24;M;4352;4;28;3870;1506736;23708;
1083;Syddanmark;2022-01-24;M;5861;3;20;3873;1512597;23728;
1084;Hovedstaden;2022-01-25;F;8502;5;39;3878;1521099;23767;
1082;Midtjylland;2022-01-25;F;5920;2;30;3880;1527019;23797;
1081;Nordjylland;2022-01-25;F;2577;2;10;3882;1529596;23807;
1085;Sjælland;2022-01-25;F;3943;2;23;3884;1533539;23830;
1083;Syddanmark;2022-01-25;F;6118;7;31;3891;1539657;23861;
1084;Hovedstaden;2022-01-25;M;7681;7;48;3898;1547338;23909;
1082;Midtjylland;2022-01-25;M;5390;1;11;3899;1552728;23920;
1081;Nordjylland;2022-01-25;M;2437;1;10;3900;1555165;23930;
1085;Sjælland;2022-01-25;M;3758;2;26;3902;1558923;23956;
1083;Syddanmark;2022-01-25;M;5580;3;25;3905;1564503;23981;
1084;Hovedstaden;2022-01-26;F;7167;5;53;3910;1571670;24034;
1082;Midtjylland;2022-01-26;F;5702;3;24;3913;1577372;24058;
1081;Nordjylland;2022-01-26;F;2318;2;12;3915;1579690;24070;
1085;Sjælland;2022-01-26;F;2899;2;14;3917;1582589;24084;
1083;Syddanmark;2022-01-26;F;4949;5;23;3922;1587538;24107;
1084;Hovedstaden;2022-01-26;M;6529;3;47;3925;1594067;24154;
1082;Midtjylland;2022-01-26;M;5221;1;23;3926;1599288;24177;
1081;Nordjylland;2022-01-26;M;2199;0;5;3926;1601487;24182;
1085;Sjælland;2022-01-26;M;2674;3;14;3929;1604161;24196;
1083;Syddanmark;2022-01-26;M;4792;3;23;3932;1608953;24219;
1084;Hovedstaden;2022-01-27;F;6440;7;49;3939;1615393;24268;
1082;Midtjylland;2022-01-27;F;5077;0;26;3939;1620470;24294;
1081;Nordjylland;2022-01-27;F;1985;0;4;3939;1622455;24298;
1085;Sjælland;2022-01-27;F;3460;3;25;3942;1625915;24323;
1083;Syddanmark;2022-01-27;F;4868;2;26;3944;1630783;24349;
1084;Hovedstaden;2022-01-27;M;5731;7;35;3951;1636514;24384;
1082;Midtjylland;2022-01-27;M;4621;2;18;3953;1641135;24402;
1081;Nordjylland;2022-01-27;M;1903;1;13;3954;1643038;24415;
1085;Sjælland;2022-01-27;M;3124;2;11;3956;1646162;24426;
1083;Syddanmark;2022-01-27;M;4370;2;16;3958;1650532;24442;
1084;Hovedstaden;2022-01-28;F;5660;1;37;3959;1656192;24479;
1082;Midtjylland;2022-01-28;F;5084;2;21;3961;1661276;24500;
1081;Nordjylland;2022-01-28;F;1963;0;10;3961;1663239;24510;
1085;Sjælland;2022-01-28;F;2881;2;13;3963;1666120;24523;
1083;Syddanmark;2022-01-28;F;4443;2;14;3965;1670563;24537;
1084;Hovedstaden;2022-01-28;M;5111;7;34;3972;1675674;24571;
1082;Midtjylland;2022-01-28;M;4492;0;19;3972;1680166;24590;
1081;Nordjylland;2022-01-28;M;1809;1;8;3973;1681975;24598;
1085;Sjælland;2022-01-28;M;2680;4;14;3977;1684655;24612;
1083;Syddanmark;2022-01-28;M;4016;1;16;3978;1688671;24628;
1084;Hovedstaden;2022-01-29;F;5144;1;23;3979;1693815;24651;
1082;Midtjylland;2022-01-29;F;2965;1;18;3980;1696780;24669;
1081;Nordjylland;2022-01-29;F;1849;1;8;3981;1698629;24677;
1085;Sjælland;2022-01-29;F;2078;0;15;3981;1700707;24692;
1083;Syddanmark;2022-01-29;F;3731;1;26;3982;1704438;24718;
1084;Hovedstaden;2022-01-29;M;4534;3;28;3985;1708972;24746;
1082;Midtjylland;2022-01-29;M;2605;2;9;3987;1711577;24755;
1081;Nordjylland;2022-01-29;M;1784;0;2;3987;1713361;24757;
1085;Sjælland;2022-01-29;M;1804;2;10;3989;1715165;24767;
1083;Syddanmark;2022-01-29;M;3421;4;11;3993;1718586;24778;
1084;Hovedstaden;2022-01-30;F;4819;6;44;3999;1723405;24822;
1082;Midtjylland;2022-01-30;F;4674;1;16;4000;1728079;24838;
1081;Nordjylland;2022-01-30;F;2582;1;13;4001;1730661;24851;
1085;Sjælland;2022-01-30;F;2196;0;16;4001;1732857;24867;
1083;Syddanmark;2022-01-30;F;4196;2;24;4003;1737053;24891;
1084;Hovedstaden;2022-01-30;M;4389;1;29;4004;1741442;24920;
1082;Midtjylland;2022-01-30;M;4017;4;15;4008;1745459;24935;
1081;Nordjylland;2022-01-30;M;2324;2;14;4010;1747783;24949;
1085;Sjælland;2022-01-30;M;1907;2;14;4012;1749690;24963;
1083;Syddanmark;2022-01-30;M;3788;2;12;4014;1753478;24975;
1084;Hovedstaden;2022-01-31;F;8374;8;66;4022;1761852;25041;
1082;Midtjylland;2022-01-31;F;7909;5;30;4027;1769761;25071;
1081;Nordjylland;2022-01-31;F;2770;1;15;4028;1772531;25086;
1085;Sjælland;2022-01-31;F;4490;3;29;4031;1777021;25115;
1083;Syddanmark;2022-01-31;F;6451;1;27;4032;1783472;25142;
1084;Hovedstaden;2022-01-31;M;7375;13;44;4045;1790847;25186;
1082;Midtjylland;2022-01-31;M;6812;5;32;4050;1797659;25218;
1081;Nordjylland;2022-01-31;M;2448;2;9;4052;1800107;25227;
1085;Sjælland;2022-01-31;M;3907;1;24;4053;1804014;25251;
1083;Syddanmark;2022-01-31;M;5852;5;24;4058;1809866;25275;
1084;Hovedstaden;2022-02-01;F;6211;5;40;4063;1816077;25315;
1082;Midtjylland;2022-02-01;F;6327;6;30;4069;1822404;25345;
1081;Nordjylland;2022-02-01;F;2456;2;12;4071;1824860;25357;
1085;Sjælland;2022-02-01;F;3241;3;25;4074;1828101;25382;
1083;Syddanmark;2022-02-01;F;5859;2;38;4076;1833960;25420;
1084;Hovedstaden;2022-02-01;M;5607;7;43;4083;1839567;25463;
1082;Midtjylland;2022-02-01;M;5822;8;15;4091;1845389;25478;
1081;Nordjylland;2022-02-01;M;2299;3;18;4094;1847688;25496;
1085;Sjælland;2022-02-01;M;2989;4;27;4098;1850677;25523;
1083;Syddanmark;2022-02-01;M;5300;3;21;4101;1855977;25544;
1084;Hovedstaden;2022-02-02;F;5472;3;37;4104;1861449;25581;
1082;Midtjylland;2022-02-02;F;5914;3;28;4107;1867363;25609;
1081;Nordjylland;2022-02-02;F;2505;2;15;4109;1869868;25624;
1085;Sjælland;2022-02-02;F;2356;1;34;4110;1872224;25658;
1083;Syddanmark;2022-02-02;F;4685;2;19;4112;1876909;25677;
1084;Hovedstaden;2022-02-02;M;4976;4;37;4116;1881885;25714;
1082;Midtjylland;2022-02-02;M;5505;0;13;4116;1887390;25727;
1081;Nordjylland;2022-02-02;M;2286;1;12;4117;1889676;25739;
1085;Sjælland;2022-02-02;M;2270;3;36;4120;1891946;25775;
1083;Syddanmark;2022-02-02;M;4504;7;31;4127;1896450;25806;
1084;Hovedstaden;2022-02-03;F;5253;7;47;4134;1901703;25853;
1082;Midtjylland;2022-02-03;F;5576;3;22;4137;1907279;25875;
1081;Nordjylland;2022-02-03;F;2183;3;13;4140;1909462;25888;
1085;Sjælland;2022-02-03;F;3037;3;18;4143;1912499;25906;
1083;Syddanmark;2022-02-03;F;4982;5;30;4148;1917481;25936;
1084;Hovedstaden;2022-02-03;M;4486;5;30;4153;1921967;25966;
1082;Midtjylland;2022-02-03;M;5142;3;20;4156;1927109;25986;
1081;Nordjylland;2022-02-03;M;2090;2;13;4158;1929199;25999;
1085;Sjælland;2022-02-03;M;2678;6;23;4164;1931877;26022;
1083;Syddanmark;2022-02-03;M;4315;5;30;4169;1936192;26052;
1084;Hovedstaden;2022-02-04;F;4669;4;34;4173;1940861;26086;
1082;Midtjylland;2022-02-04;F;5322;1;29;4174;1946183;26115;
1081;Nordjylland;2022-02-04;F;2215;0;11;4174;1948398;26126;
1085;Sjælland;2022-02-04;F;2663;4;23;4178;1951061;26149;
1083;Syddanmark;2022-02-04;F;4728;3;25;4181;1955789;26174;
1084;Hovedstaden;2022-02-04;M;4040;4;40;4185;1959829;26214;
1082;Midtjylland;2022-02-04;M;4794;2;21;4187;1964623;26235;
1081;Nordjylland;2022-02-04;M;2071;1;18;4188;1966694;26253;
1085;Sjælland;2022-02-04;M;2405;2;27;4190;1969099;26280;
1083;Syddanmark;2022-02-04;M;4281;6;31;4196;1973380;26311;
1084;Hovedstaden;2022-02-05;F;4473;0;36;4196;1977853;26347;
1082;Midtjylland;2022-02-05;F;5269;1;27;4197;1983122;26374;
1081;Nordjylland;2022-02-05;F;2425;1;10;4198;1985547;26384;
1085;Sjælland;2022-02-05;F;1830;3;16;4201;1987377;26400;
1083;Syddanmark;2022-02-05;F;3886;3;29;4204;1991263;26429;
1084;Hovedstaden;2022-02-05;M;3828;2;20;4206;1995091;26449;
1082;Midtjylland;2022-02-05;M;4614;5;21;4211;1999705;26470;
1081;Nordjylland;2022-02-05;M;2232;3;9;4214;2001937;26479;
1085;Sjælland;2022-02-05;M;1649;1;14;4215;2003586;26493;
1083;Syddanmark;2022-02-05;M;3392;5;32;4220;2006978;26525;
1084;Hovedstaden;2022-02-06;F;5969;3;49;4223;2012947;26574;
1082;Midtjylland;2022-02-06;F;6518;2;30;4225;2019465;26604;
1081;Nordjylland;2022-02-06;F;2936;2;18;4227;2022401;26622;
1085;Sjælland;2022-02-06;F;2318;2;17;4229;2024719;26639;
1083;Syddanmark;2022-02-06;F;4986;3;31;4232;2029705;26670;
1084;Hovedstaden;2022-02-06;M;5048;1;32;4233;2034753;26702;
1082;Midtjylland;2022-02-06;M;5577;1;22;4234;2040330;26724;
1081;Nordjylland;2022-02-06;M;2746;2;10;4236;2043076;26734;
1085;Sjælland;2022-02-06;M;1961;4;21;4240;2045037;26755;
1083;Syddanmark;2022-02-06;M;4172;7;25;4247;2049209;26780;
1084;Hovedstaden;2022-02-07;F;7409;7;61;4254;2056618;26841;
1082;Midtjylland;2022-02-07;F;8258;4;44;4258;2064876;26885;
1081;Nordjylland;2022-02-07;F;3487;2;14;4260;2068363;26899;
1085;Sjælland;2022-02-07;F;4470;4;25;4264;2072833;26924;
1083;Syddanmark;2022-02-07;F;7316;8;52;4272;2080149;26976;
1084;Hovedstaden;2022-02-07;M;6224;3;42;4275;2086373;27018;
1082;Midtjylland;2022-02-07;M;6886;7;36;4282;2093259;27054;
1081;Nordjylland;2022-02-07;M;3104;2;16;4284;2096363;27070;
1085;Sjælland;2022-02-07;M;3923;7;36;4291;2100286;27106;
1083;Syddanmark;2022-02-07;M;6271;7;44;4298;2106557;27150;
1084;Hovedstaden;2022-02-08;F;6932;4;50;4302;2113489;27200;
1082;Midtjylland;2022-02-08;F;8042;1;44;4303;2121531;27244;
1081;Nordjylland;2022-02-08;F;3659;3;10;4306;2125190;27254;
1085;Sjælland;2022-02-08;F;3732;7;29;4313;2128922;27283;
1083;Syddanmark;2022-02-08;F;7125;6;42;4319;2136047;27325;
1084;Hovedstaden;2022-02-08;M;6127;3;31;4322;2142174;27356;
1082;Midtjylland;2022-02-08;M;7079;5;33;4327;2149253;27389;
1081;Nordjylland;2022-02-08;M;3176;5;15;4332;2152429;27404;
1085;Sjælland;2022-02-08;M;3433;4;20;4336;2155862;27424;
1083;Syddanmark;2022-02-08;M;6264;4;36;4340;2162126;27460;
1084;Hovedstaden;2022-02-09;F;6076;6;65;4346;2168202;27525;
1082;Midtjylland;2022-02-09;F;7614;2;35;4348;2175816;27560;
1081;Nordjylland;2022-02-09;F;3573;3;17;4351;2179389;27577;
1085;Sjælland;2022-02-09;F;2941;2;25;4353;2182330;27602;
1083;Syddanmark;2022-02-09;F;5948;5;40;4358;2188278;27642;
1084;Hovedstaden;2022-02-09;M;5478;8;59;4366;2193756;27701;
1082;Midtjylland;2022-02-09;M;7061;8;37;4374;2200817;27738;
1081;Nordjylland;2022-02-09;M;3286;2;23;4376;2204103;27761;
1085;Sjælland;2022-02-09;M;2736;1;31;4377;2206839;27792;
1083;Syddanmark;2022-02-09;M;5531;6;48;4383;2212370;27840;
1084;Hovedstaden;2022-02-10;F;5302;4;42;4387;2217672;27882;
1082;Midtjylland;2022-02-10;F;6320;2;37;4389;2223992;27919;
1081;Nordjylland;2022-02-10;F;3085;4;22;4393;2227077;27941;
1085;Sjælland;2022-02-10;F;3189;2;20;4395;2230266;27961;
1083;Syddanmark;2022-02-10;F;5730;6;32;4401;2235996;27993;
1084;Hovedstaden;2022-02-10;M;4523;4;49;4405;2240519;28042;
1082;Midtjylland;2022-02-10;M;5743;9;44;4414;2246262;28086;
1081;Nordjylland;2022-02-10;M;3057;1;18;4415;2249319;28104;
1085;Sjælland;2022-02-10;M;2934;5;17;4420;2252253;28121;
1083;Syddanmark;2022-02-10;M;5223;9;46;4429;2257476;28167;
1084;Hovedstaden;2022-02-11;F;4207;6;41;4435;2261683;28208;
1082;Midtjylland;2022-02-11;F;5815;2;29;4437;2267498;28237;
1081;Nordjylland;2022-02-11;F;2926;2;22;4439;2270424;28259;
1085;Sjælland;2022-02-11;F;2635;8;26;4447;2273059;28285;
1083;Syddanmark;2022-02-11;F;4721;5;35;4452;2277780;28320;
1084;Hovedstaden;2022-02-11;M;3717;4;47;4456;2281497;28367;
1082;Midtjylland;2022-02-11;M;5293;7;45;4463;2286790;28412;
1081;Nordjylland;2022-02-11;M;2741;1;16;4464;2289531;28428;
1085;Sjælland;2022-02-11;M;2495;3;25;4467;2292026;28453;
1083;Syddanmark;2022-02-11;M;4332;5;32;4472;2296358;28485;
1084;Hovedstaden;2022-02-12;F;3683;3;23;4475;2300041;28508;
1082;Midtjylland;2022-02-12;F;4858;3;40;4478;2304899;28548;
1081;Nordjylland;2022-02-12;F;2760;2;14;4480;2307659;28562;
1085;Sjælland;2022-02-12;F;1707;2;19;4482;2309366;28581;
1083;Syddanmark;2022-02-12;F;4056;5;21;4487;2313422;28602;
1084;Hovedstaden;2022-02-12;M;3296;2;32;4489;2316718;28634;
1082;Midtjylland;2022-02-12;M;4542;3;30;4492;2321260;28664;
1081;Nordjylland;2022-02-12;M;2437;2;14;4494;2323697;28678;
1085;Sjælland;2022-02-12;M;1506;0;20;4494;2325203;28698;
1083;Syddanmark;2022-02-12;M;3777;4;28;4498;2328980;28726;
1084;Hovedstaden;2022-02-13;F;4103;3;48;4501;2333083;28774;
1082;Midtjylland;2022-02-13;F;5515;1;27;4502;2338598;28801;
1081;Nordjylland;2022-02-13;F;2911;3;20;4505;2341509;28821;
1085;Sjælland;2022-02-13;F;1912;3;19;4508;2343421;28840;
1083;Syddanmark;2022-02-13;F;4305;2;28;4510;2347726;28868;
1084;Hovedstaden;2022-02-13;M;3587;4;36;4514;2351313;28904;
1082;Midtjylland;2022-02-13;M;4924;4;32;4518;2356237;28936;
1081;Nordjylland;2022-02-13;M;2709;2;15;4520;2358946;28951;
1085;Sjælland;2022-02-13;M;1694;5;14;4525;2360640;28965;
1083;Syddanmark;2022-02-13;M;3929;3;41;4528;2364569;29006;
1084;Hovedstaden;2022-02-14;F;5433;10;55;4538;2370002;29061;
1082;Midtjylland;2022-02-14;F;6130;4;51;4542;2376132;29112;
1081;Nordjylland;2022-02-14;F;3419;5;24;4547;2379551;29136;
1085;Sjælland;2022-02-14;F;3483;4;35;4551;2383034;29171;
1083;Syddanmark;2022-02-14;F;5600;4;55;4555;2388634;29226;
1084;Hovedstaden;2022-02-14;M;4538;4;54;4559;2393172;29280;
1082;Midtjylland;2022-02-14;M;5403;11;38;4570;2398575;29318;
1081;Nordjylland;2022-02-14;M;3137;3;34;4573;2401712;29352;
1085;Sjælland;2022-02-14;M;2991;3;39;4576;2404703;29391;
1083;Syddanmark;2022-02-14;M;5080;11;53;4587;2409783;29444;
1084;Hovedstaden;2022-02-15;F;5166;5;46;4592;2414949;29490;
1082;Midtjylland;2022-02-15;F;5896;4;41;4596;2420845;29531;
1081;Nordjylland;2022-02-15;F;3076;5;23;4601;2423921;29554;
1085;Sjælland;2022-02-15;F;3039;4;22;4605;2426960;29576;
1083;Syddanmark;2022-02-15;F;5082;9;37;4614;2432042;29613;
1084;Hovedstaden;2022-02-15;M;4404;5;47;4619;2436446;29660;
1082;Midtjylland;2022-02-15;M;5265;6;38;4625;2441711;29698;
1081;Nordjylland;2022-02-15;M;2779;5;35;4630;2444490;29733;
1085;Sjælland;2022-02-15;M;2662;4;39;4634;2447152;29772;
1083;Syddanmark;2022-02-15;M;4633;6;36;4640;2451785;29808;
1084;Hovedstaden;2022-02-16;F;4381;3;47;4643;2456166;29855;
1082;Midtjylland;2022-02-16;F;5213;5;54;4648;2461379;29909;
1081;Nordjylland;2022-02-16;F;2841;2;16;4650;2464220;29925;
1085;Sjælland;2022-02-16;F;2095;1;23;4651;2466315;29948;
1083;Syddanmark;2022-02-16;F;4313;6;32;4657;2470628;29980;
1084;Hovedstaden;2022-02-16;M;3917;6;55;4663;2474545;30035;
1082;Midtjylland;2022-02-16;M;4843;4;38;4667;2479388;30073;
1081;Nordjylland;2022-02-16;M;2578;5;26;4672;2481966;30099;
1085;Sjælland;2022-02-16;M;1907;1;20;4673;2483873;30119;
1083;Syddanmark;2022-02-16;M;3965;9;43;4682;2487838;30162;
1084;Hovedstaden;2022-02-17;F;3957;8;63;4690;2491795;30225;
1082;Midtjylland;2022-02-17;F;4877;1;45;4691;2496672;30270;
1081;Nordjylland;2022-02-17;F;2443;3;17;4694;2499115;30287;
1085;Sjælland;2022-02-17;F;2512;11;27;4705;2501627;30314;
1083;Syddanmark;2022-02-17;F;4253;13;46;4718;2505880;30360;
1084;Hovedstaden;2022-02-17;M;3593;7;32;4725;2509473;30392;
1082;Midtjylland;2022-02-17;M;4206;2;34;4727;2513679;30426;
1081;Nordjylland;2022-02-17;M;2279;4;20;4731;2515958;30446;
1085;Sjælland;2022-02-17;M;2154;2;29;4733;2518112;30475;
1083;Syddanmark;2022-02-17;M;3791;9;50;4742;2521903;30525;
1084;Hovedstaden;2022-02-18;F;3093;7;37;4749;2524996;30562;
1082;Midtjylland;2022-02-18;F;3777;7;41;4756;2528773;30603;
1081;Nordjylland;2022-02-18;F;2060;3;26;4759;2530833;30629;
1085;Sjælland;2022-02-18;F;1816;1;24;4760;2532649;30653;
1083;Syddanmark;2022-02-18;F;3450;5;39;4765;2536099;30692;
1084;Hovedstaden;2022-02-18;M;2557;3;34;4768;2538656;30726;
1082;Midtjylland;2022-02-18;M;3430;5;25;4773;2542086;30751;
1081;Nordjylland;2022-02-18;M;1853;5;25;4778;2543939;30776;
1085;Sjælland;2022-02-18;M;1614;5;22;4783;2545553;30798;
1083;Syddanmark;2022-02-18;M;3091;10;39;4793;2548644;30837;
1084;Hovedstaden;2022-02-19;F;3118;2;25;4795;2551762;30862;
1082;Midtjylland;2022-02-19;F;3857;3;22;4798;2555619;30884;
1081;Nordjylland;2022-02-19;F;1820;4;22;4802;2557439;30906;
1085;Sjælland;2022-02-19;F;1256;3;21;4805;2558695;30927;
1083;Syddanmark;2022-02-19;F;3154;3;29;4808;2561849;30956;
1084;Hovedstaden;2022-02-19;M;2633;5;19;4813;2564482;30975;
1082;Midtjylland;2022-02-19;M;3439;5;29;4818;2567921;31004;
1081;Nordjylland;2022-02-19;M;1696;4;27;4822;2569617;31031;
1085;Sjælland;2022-02-19;M;1115;4;18;4826;2570732;31049;
1083;Syddanmark;2022-02-19;M;2836;2;26;4828;2573568;31075;
1084;Hovedstaden;2022-02-20;F;3786;5;38;4833;2577354;31113;
1082;Midtjylland;2022-02-20;F;4691;4;35;4837;2582045;31148;
1081;Nordjylland;2022-02-20;F;1991;2;18;4839;2584036;31166;
1085;Sjælland;2022-02-20;F;1476;4;10;4843;2585512;31176;
1083;Syddanmark;2022-02-20;F;3735;4;38;4847;2589247;31214;
1084;Hovedstaden;2022-02-20;M;3244;7;42;4854;2592491;31256;
1082;Midtjylland;2022-02-20;M;4356;1;29;4855;2596847;31285;
1081;Nordjylland;2022-02-20;M;1813;4;25;4859;2598660;31310;
1085;Sjælland;2022-02-20;M;1362;1;22;4860;2600022;31332;
1083;Syddanmark;2022-02-20;M;3219;1;27;4861;2603241;31359;
1084;Hovedstaden;2022-02-21;F;4135;7;53;4868;2607376;31412;
1082;Midtjylland;2022-02-21;F;4658;8;36;4876;2612034;31448;
1081;Nordjylland;2022-02-21;F;2247;3;21;4879;2614281;31469;
1085;Sjælland;2022-02-21;F;2525;2;22;4881;2616806;31491;
1083;Syddanmark;2022-02-21;F;4205;6;43;4887;2621011;31534;
1084;Hovedstaden;2022-02-21;M;3505;9;57;4896;2624516;31591;
1082;Midtjylland;2022-02-21;M;4156;10;39;4906;2628672;31630;
1081;Nordjylland;2022-02-21;M;1910;2;29;4908;2630582;31659;
1085;Sjælland;2022-02-21;M;2203;8;32;4916;2632785;31691;
1083;Syddanmark;2022-02-21;M;3616;6;45;4922;2636401;31736;
1084;Hovedstaden;2022-02-22;F;3555;5;34;4927;2639956;31770;
1082;Midtjylland;2022-02-22;F;3724;3;34;4930;2643680;31804;
1081;Nordjylland;2022-02-22;F;2047;6;17;4936;2645727;31821;
1085;Sjælland;2022-02-22;F;1789;2;16;4938;2647516;31837;
1083;Syddanmark;2022-02-22;F;3341;4;34;4942;2650857;31871;
1084;Hovedstaden;2022-02-22;M;3003;3;40;4945;2653860;31911;
1082;Midtjylland;2022-02-22;M;3422;7;32;4952;2657282;31943;
1081;Nordjylland;2022-02-22;M;1829;6;27;4958;2659111;31970;
1085;Sjælland;2022-02-22;M;1565;5;29;4963;2660676;31999;
1083;Syddanmark;2022-02-22;M;3080;7;35;4970;2663756;32034;
1084;Hovedstaden;2022-02-23;F;3004;6;27;4976;2666760;32061;
1082;Midtjylland;2022-02-23;F;3290;7;35;4983;2670050;32096;
1081;Nordjylland;2022-02-23;F;1802;2;17;4985;2671852;32113;
1085;Sjælland;2022-02-23;F;1451;2;29;4987;2673303;32142;
1083;Syddanmark;2022-02-23;F;2749;11;38;4998;2676052;32180;
1084;Hovedstaden;2022-02-23;M;2667;7;34;5005;2678719;32214;
1082;Midtjylland;2022-02-23;M;3055;5;32;5010;2681774;32246;
1081;Nordjylland;2022-02-23;M;1620;2;29;5012;2683394;32275;
1085;Sjælland;2022-02-23;M;1276;2;18;5014;2684670;32293;
1083;Syddanmark;2022-02-23;M;2475;4;43;5018;2687145;32336;
1084;Hovedstaden;2022-02-24;F;2571;0;43;5018;2689716;32379;
1082;Midtjylland;2022-02-24;F;2830;4;26;5022;2692546;32405;
1081;Nordjylland;2022-02-24;F;1604;3;17;5025;2694150;32422;
1085;Sjælland;2022-02-24;F;1463;1;19;5026;2695613;32441;
1083;Syddanmark;2022-02-24;F;2580;7;35;5033;2698193;32476;
1084;Hovedstaden;2022-02-24;M;2220;9;47;5042;2700413;32523;
1082;Midtjylland;2022-02-24;M;2372;2;22;5044;2702785;32545;
1081;Nordjylland;2022-02-24;M;1339;3;23;5047;2704124;32568;
1085;Sjælland;2022-02-24;M;1339;7;32;5054;2705463;32600;
1083;Syddanmark;2022-02-24;M;2276;9;34;5063;2707739;32634;
1084;Hovedstaden;2022-02-25;F;1996;2;22;5065;2709735;32656;
1082;Midtjylland;2022-02-25;F;2375;1;28;5066;2712110;32684;
1081;Nordjylland;2022-02-25;F;1276;6;19;5072;2713386;32703;
1085;Sjælland;2022-02-25;F;1133;0;14;5072;2714519;32717;
1083;Syddanmark;2022-02-25;F;2066;2;32;5074;2716585;32749;
1084;Hovedstaden;2022-02-25;M;1734;2;26;5076;2718319;32775;
1082;Midtjylland;2022-02-25;M;2066;4;29;5080;2720385;32804;
1081;Nordjylland;2022-02-25;M;1144;3;23;5083;2721529;32827;
1085;Sjælland;2022-02-25;M;1034;2;15;5085;2722563;32842;
1083;Syddanmark;2022-02-25;M;1764;6;33;5091;2724327;32875;
1084;Hovedstaden;2022-02-26;F;1751;5;24;5096;2726078;32899;
1082;Midtjylland;2022-02-26;F;2066;1;29;5097;2728144;32928;
1081;Nordjylland;2022-02-26;F;1150;3;13;5100;2729294;32941;
1085;Sjælland;2022-02-26;F;796;0;13;5100;2730090;32954;
1083;Syddanmark;2022-02-26;F;1575;2;20;5102;2731665;32974;
1084;Hovedstaden;2022-02-26;M;1562;3;28;5105;2733227;33002;
1082;Midtjylland;2022-02-26;M;1787;2;21;5107;2735014;33023;
1081;Nordjylland;2022-02-26;M;1006;1;14;5108;2736020;33037;
1085;Sjælland;2022-02-26;M;707;6;12;5114;2736727;33049;
1083;Syddanmark;2022-02-26;M;1447;6;25;5120;2738174;33074;
1084;Hovedstaden;2022-02-27;F;2138;1;20;5121;2740312;33094;
1082;Midtjylland;2022-02-27;F;2459;0;18;5121;2742771;33112;
1081;Nordjylland;2022-02-27;F;1466;1;19;5122;2744237;33131;
1085;Sjælland;2022-02-27;F;1087;1;8;5123;2745324;33139;
1083;Syddanmark;2022-02-27;F;1972;2;18;5125;2747296;33157;
1084;Hovedstaden;2022-02-27;M;1749;6;30;5131;2749045;33187;
1082;Midtjylland;2022-02-27;M;2128;3;16;5134;2751173;33203;
1081;Nordjylland;2022-02-27;M;1237;3;16;5137;2752410;33219;
1085;Sjælland;2022-02-27;M;893;0;15;5137;2753303;33234;
1083;Syddanmark;2022-02-27;M;1727;2;23;5139;2755030;33257;
1084;Hovedstaden;2022-02-28;F;2726;5;35;5144;2757756;33292;
1082;Midtjylland;2022-02-28;F;3063;6;23;5150;2760819;33315;
1081;Nordjylland;2022-02-28;F;1393;1;20;5151;2762212;33335;
1085;Sjælland;2022-02-28;F;1689;5;17;5156;2763901;33352;
1083;Syddanmark;2022-02-28;F;2677;6;36;5162;2766578;33388;
1084;Hovedstaden;2022-02-28;M;2292;8;50;5170;2768870;33438;
1082;Midtjylland;2022-02-28;M;2557;5;34;5175;2771427;33472;
1081;Nordjylland;2022-02-28;M;1326;3;19;5178;2772753;33491;
1085;Sjælland;2022-02-28;M;1398;4;18;5182;2774151;33509;
1083;Syddanmark;2022-02-28;M;2353;8;47;5190;2776504;33556;
1084;Hovedstaden;2022-03-01;F;2366;3;33;5193;2778870;33589;
1082;Midtjylland;2022-03-01;F;2688;6;37;5199;2781558;33626;
1081;Nordjylland;2022-03-01;F;1289;1;21;5200;2782847;33647;
1085;Sjælland;2022-03-01;F;1116;3;14;5203;2783963;33661;
1083;Syddanmark;2022-03-01;F;2338;3;24;5206;2786301;33685;
1084;Hovedstaden;2022-03-01;M;1971;9;33;5215;2788272;33718;
1082;Midtjylland;2022-03-01;M;2318;6;34;5221;2790590;33752;
1081;Nordjylland;2022-03-01;M;1138;3;22;5224;2791728;33774;
1085;Sjælland;2022-03-01;M;1002;1;12;5225;2792730;33786;
1083;Syddanmark;2022-03-01;M;2061;7;36;5232;2794791;33822;
1084;Hovedstaden;2022-03-02;F;2202;3;47;5235;2796993;33869;
1082;Midtjylland;2022-03-02;F;2640;1;20;5236;2799633;33889;
1081;Nordjylland;2022-03-02;F;1195;2;15;5238;2800828;33904;
1085;Sjælland;2022-03-02;F;1071;1;21;5239;2801899;33925;
1083;Syddanmark;2022-03-02;F;2105;5;27;5244;2804004;33952;
1084;Hovedstaden;2022-03-02;M;1933;5;25;5249;2805937;33977;
1082;Midtjylland;2022-03-02;M;2271;4;27;5253;2808208;34004;
1081;Nordjylland;2022-03-02;M;1096;3;16;5256;2809304;34020;
1085;Sjælland;2022-03-02;M;964;2;18;5258;2810268;34038;
1083;Syddanmark;2022-03-02;M;1861;5;24;5263;2812129;34062;
1084;Hovedstaden;2022-03-03;F;1995;6;45;5269;2814124;34107;
1082;Midtjylland;2022-03-03;F;2212;4;16;5273;2816336;34123;
1081;Nordjylland;2022-03-03;F;963;5;15;5278;2817299;34138;
1085;Sjælland;2022-03-03;F;1120;4;16;5282;2818419;34154;
1083;Syddanmark;2022-03-03;F;2187;7;25;5289;2820606;34179;
1084;Hovedstaden;2022-03-03;M;1624;3;31;5292;2822230;34210;
1082;Midtjylland;2022-03-03;M;1986;3;25;5295;2824216;34235;
1081;Nordjylland;2022-03-03;M;852;4;17;5299;2825068;34252;
1085;Sjælland;2022-03-03;M;992;3;32;5302;2826060;34284;
1083;Syddanmark;2022-03-03;M;1827;6;25;5308;2827887;34309;
1084;Hovedstaden;2022-03-04;F;1702;2;27;5310;2829589;34336;
1082;Midtjylland;2022-03-04;F;1900;2;22;5312;2831489;34358;
1081;Nordjylland;2022-03-04;F;849;3;20;5315;2832338;34378;
1085;Sjælland;2022-03-04;F;924;2;19;5317;2833262;34397;
1083;Syddanmark;2022-03-04;F;1794;3;24;5320;2835056;34421;
1084;Hovedstaden;2022-03-04;M;1404;8;35;5328;2836460;34456;
1082;Midtjylland;2022-03-04;M;1697;5;25;5333;2838157;34481;
1081;Nordjylland;2022-03-04;M;759;4;12;5337;2838916;34493;
1085;Sjælland;2022-03-04;M;844;2;23;5339;2839760;34516;
1083;Syddanmark;2022-03-04;M;1509;6;28;5345;2841269;34544;
1084;Hovedstaden;2022-03-05;F;1424;0;17;5345;2842693;34561;
1082;Midtjylland;2022-03-05;F;1663;6;12;5351;2844356;34573;
1081;Nordjylland;2022-03-05;F;760;1;14;5352;2845116;34587;
1085;Sjælland;2022-03-05;F;554;1;5;5353;2845670;34592;
1083;Syddanmark;2022-03-05;F;1428;4;17;5357;2847098;34609;
1084;Hovedstaden;2022-03-05;M;1191;0;17;5357;2848289;34626;
1082;Midtjylland;2022-03-05;M;1410;2;20;5359;2849699;34646;
1081;Nordjylland;2022-03-05;M;702;2;18;5361;2850401;34664;
1085;Sjælland;2022-03-05;M;518;4;18;5365;2850919;34682;
1083;Syddanmark;2022-03-05;M;1282;0;29;5365;2852201;34711;
1084;Hovedstaden;2022-03-06;F;1703;3;31;5368;2853904;34742;
1082;Midtjylland;2022-03-06;F;2013;4;21;5372;2855917;34763;
1081;Nordjylland;2022-03-06;F;946;2;10;5374;2856863;34773;
1085;Sjælland;2022-03-06;F;758;1;10;5375;2857621;34783;
1083;Syddanmark;2022-03-06;F;1688;6;27;5381;2859309;34810;
1084;Hovedstaden;2022-03-06;M;1465;2;16;5383;2860774;34826;
1082;Midtjylland;2022-03-06;M;1720;5;26;5388;2862494;34852;
1081;Nordjylland;2022-03-06;M;831;3;12;5391;2863325;34864;
1085;Sjælland;2022-03-06;M;655;3;15;5394;2863980;34879;
1083;Syddanmark;2022-03-06;M;1506;6;26;5400;2865486;34905;
1084;Hovedstaden;2022-03-07;F;2149;4;27;5404;2867635;34932;
1082;Midtjylland;2022-03-07;F;2386;5;24;5409;2870021;34956;
1081;Nordjylland;2022-03-07;F;1030;1;23;5410;2871051;34979;
1085;Sjælland;2022-03-07;F;1249;8;23;5418;2872300;35002;
1083;Syddanmark;2022-03-07;F;2128;8;23;5426;2874428;35025;
1084;Hovedstaden;2022-03-07;M;1761;3;29;5429;2876189;35054;
1082;Midtjylland;2022-03-07;M;2045;1;28;5430;2878234;35082;
1081;Nordjylland;2022-03-07;M;852;5;19;5435;2879086;35101;
1085;Sjælland;2022-03-07;M;1071;5;20;5440;2880157;35121;
1083;Syddanmark;2022-03-07;M;1888;3;33;5443;2882045;35154;
1084;Hovedstaden;2022-03-08;F;1974;0;30;5443;2884019;35184;
1082;Midtjylland;2022-03-08;F;2157;4;29;5447;2886176;35213;
1081;Nordjylland;2022-03-08;F;971;2;8;5449;2887147;35221;
1085;Sjælland;2022-03-08;F;1079;3;13;5452;2888226;35234;
1083;Syddanmark;2022-03-08;F;2150;6;32;5458;2890376;35266;
1084;Hovedstaden;2022-03-08;M;1847;6;28;5464;2892223;35294;
1082;Midtjylland;2022-03-08;M;1908;3;24;5467;2894131;35318;
1081;Nordjylland;2022-03-08;M;834;4;11;5471;2894965;35329;
1085;Sjælland;2022-03-08;M;963;1;14;5472;2895928;35343;
1083;Syddanmark;2022-03-08;M;1852;2;36;5474;2897780;35379;
1084;Hovedstaden;2022-03-09;F;1797;2;28;5476;2899577;35407;
1082;Midtjylland;2022-03-09;F;1913;3;21;5479;2901490;35428;
1081;Nordjylland;2022-03-09;F;965;2;20;5481;2902455;35448;
1085;Sjælland;2022-03-09;F;993;0;17;5481;2903448;35465;
1083;Syddanmark;2022-03-09;F;1745;6;22;5487;2905193;35487;
1084;Hovedstaden;2022-03-09;M;1608;4;37;5491;2906801;35524;
1082;Midtjylland;2022-03-09;M;1746;2;14;5493;2908547;35538;
1081;Nordjylland;2022-03-09;M;812;2;13;5495;2909359;35551;
1085;Sjælland;2022-03-09;M;903;3;16;5498;2910262;35567;
1083;Syddanmark;2022-03-09;M;1633;5;30;5503;2911895;35597;
1084;Hovedstaden;2022-03-10;F;1538;5;25;5508;2913433;35622;
1082;Midtjylland;2022-03-10;F;1613;2;26;5510;2915046;35648;
1081;Nordjylland;2022-03-10;F;695;6;14;5516;2915741;35662;
1085;Sjælland;2022-03-10;F;880;4;13;5520;2916621;35675;
1083;Syddanmark;2022-03-10;F;1637;7;32;5527;2918258;35707;
1084;Hovedstaden;2022-03-10;M;1348;2;17;5529;2919606;35724;
1082;Midtjylland;2022-03-10;M;1390;1;12;5530;2920996;35736;
1081;Nordjylland;2022-03-10;M;603;2;8;5532;2921599;35744;
1085;Sjælland;2022-03-10;M;782;1;18;5533;2922381;35762;
1083;Syddanmark;2022-03-10;M;1482;6;31;5539;2923863;35793;
1084;Hovedstaden;2022-03-11;F;972;1;17;5540;2924835;35810;
1082;Midtjylland;2022-03-11;F;1051;3;18;5543;2925886;35828;
1081;Nordjylland;2022-03-11;F;483;1;11;5544;2926369;35839;
1085;Sjælland;2022-03-11;F;557;1;11;5545;2926926;35850;
1083;Syddanmark;2022-03-11;F;1034;1;22;5546;2927960;35872;
1084;Hovedstaden;2022-03-11;M;872;0;18;5546;2928832;35890;
1082;Midtjylland;2022-03-11;M;938;2;18;5548;2929770;35908;
1081;Nordjylland;2022-03-11;M;438;1;12;5549;2930208;35920;
1085;Sjælland;2022-03-11;M;476;5;23;5554;2930684;35943;
1083;Syddanmark;2022-03-11;M;944;4;30;5558;2931628;35973;
1084;Hovedstaden;2022-03-12;F;850;1;16;5559;2932478;35989;
1082;Midtjylland;2022-03-12;F;855;3;15;5562;2933333;36004;
1081;Nordjylland;2022-03-12;F;425;0;6;5562;2933758;36010;
1085;Sjælland;2022-03-12;F;400;2;14;5564;2934158;36024;
1083;Syddanmark;2022-03-12;F;857;3;17;5567;2935015;36041;
1084;Hovedstaden;2022-03-12;M;699;0;19;5567;2935714;36060;
1082;Midtjylland;2022-03-12;M;742;5;19;5572;2936456;36079;
1081;Nordjylland;2022-03-12;M;379;2;8;5574;2936835;36087;
1085;Sjælland;2022-03-12;M;353;4;25;5578;2937188;36112;
1083;Syddanmark;2022-03-12;M;739;5;19;5583;2937927;36131;
1084;Hovedstaden;2022-03-13;F;1088;2;24;5585;2939015;36155;
1082;Midtjylland;2022-03-13;F;1096;2;6;5587;2940111;36161;
1081;Nordjylland;2022-03-13;F;547;1;9;5588;2940658;36170;
1085;Sjælland;2022-03-13;F;477;3;9;5591;2941135;36179;
1083;Syddanmark;2022-03-13;F;1057;1;22;5592;2942192;36201;
1084;Hovedstaden;2022-03-13;M;940;5;30;5597;2943132;36231;
1082;Midtjylland;2022-03-13;M;929;1;17;5598;2944061;36248;
1081;Nordjylland;2022-03-13;M;436;1;13;5599;2944497;36261;
1085;Sjælland;2022-03-13;M;415;0;7;5599;2944912;36268;
1083;Syddanmark;2022-03-13;M;933;3;21;5602;2945845;36289;
1084;Hovedstaden;2022-03-14;F;1270;6;34;5608;2947115;36323;
1082;Midtjylland;2022-03-14;F;1379;5;21;5613;2948494;36344;
1081;Nordjylland;2022-03-14;F;627;2;12;5615;2949121;36356;
1085;Sjælland;2022-03-14;F;914;0;11;5615;2950035;36367;
1083;Syddanmark;2022-03-14;F;1321;1;21;5616;2951356;36388;
1084;Hovedstaden;2022-03-14;M;1091;4;25;5620;2952447;36413;
1082;Midtjylland;2022-03-14;M;1159;2;25;5622;2953606;36438;
1081;Nordjylland;2022-03-14;M;530;5;20;5627;2954136;36458;
1085;Sjælland;2022-03-14;M;679;2;19;5629;2954815;36477;
1083;Syddanmark;2022-03-14;M;1100;3;32;5632;2955915;36509;
1084;Hovedstaden;2022-03-15;F;1129;4;22;5636;2957044;36531;
1082;Midtjylland;2022-03-15;F;1231;1;20;5637;2958275;36551;
1081;Nordjylland;2022-03-15;F;580;3;11;5640;2958855;36562;
1085;Sjælland;2022-03-15;F;681;1;15;5641;2959536;36577;
1083;Syddanmark;2022-03-15;F;1210;3;20;5644;2960746;36597;
1084;Hovedstaden;2022-03-15;M;977;1;17;5645;2961723;36614;
1082;Midtjylland;2022-03-15;M;1053;1;15;5646;2962776;36629;
1081;Nordjylland;2022-03-15;M;444;5;17;5651;2963220;36646;
1085;Sjælland;2022-03-15;M;587;1;22;5652;2963807;36668;
1083;Syddanmark;2022-03-15;M;1047;2;25;5654;2964854;36693;
1084;Hovedstaden;2022-03-16;F;1099;2;21;5656;2965953;36714;
1082;Midtjylland;2022-03-16;F;1021;2;17;5658;2966974;36731;
1081;Nordjylland;2022-03-16;F;537;0;10;5658;2967511;36741;
1085;Sjælland;2022-03-16;F;633;1;7;5659;2968144;36748;
1083;Syddanmark;2022-03-16;F;1067;3;18;5662;2969211;36766;
1084;Hovedstaden;2022-03-16;M;880;2;17;5664;2970091;36783;
1082;Midtjylland;2022-03-16;M;942;8;18;5672;2971033;36801;
1081;Nordjylland;2022-03-16;M;439;2;13;5674;2971472;36814;
1085;Sjælland;2022-03-16;M;572;2;19;5676;2972044;36833;
1083;Syddanmark;2022-03-16;M;941;4;25;5680;2972985;36858;
1084;Hovedstaden;2022-03-17;F;964;3;19;5683;2973949;36877;
1082;Midtjylland;2022-03-17;F;952;0;19;5683;2974901;36896;
1081;Nordjylland;2022-03-17;F;512;3;11;5686;2975413;36907;
1085;Sjælland;2022-03-17;F;594;8;14;5694;2976007;36921;
1083;Syddanmark;2022-03-17;F;1021;2;24;5696;2977028;36945;
1084;Hovedstaden;2022-03-17;M;822;3;18;5699;2977850;36963;
1082;Midtjylland;2022-03-17;M;846;4;16;5703;2978696;36979;
1081;Nordjylland;2022-03-17;M;374;0;11;5703;2979070;36990;
1085;Sjælland;2022-03-17;M;507;2;16;5705;2979577;37006;
1083;Syddanmark;2022-03-17;M;816;6;23;5711;2980393;37029;
1084;Hovedstaden;2022-03-18;F;756;1;21;5712;2981149;37050;
1082;Midtjylland;2022-03-18;F;796;1;15;5713;2981945;37065;
1081;Nordjylland;2022-03-18;F;413;0;5;5713;2982358;37070;
1085;Sjælland;2022-03-18;F;495;1;18;5714;2982853;37088;
1083;Syddanmark;2022-03-18;F;821;0;16;5714;2983674;37104;
1084;Hovedstaden;2022-03-18;M;656;4;20;5718;2984330;37124;
1082;Midtjylland;2022-03-18;M;704;3;16;5721;2985034;37140;
1081;Nordjylland;2022-03-18;M;328;0;8;5721;2985362;37148;
1085;Sjælland;2022-03-18;M;392;1;8;5722;2985754;37156;
1083;Syddanmark;2022-03-18;M;687;4;26;5726;2986441;37182;
1084;Hovedstaden;2022-03-19;F;641;0;13;5726;2987082;37195;
1082;Midtjylland;2022-03-19;F;583;1;12;5727;2987665;37207;
1081;Nordjylland;2022-03-19;F;306;0;5;5727;2987971;37212;
1085;Sjælland;2022-03-19;F;340;1;7;5728;2988311;37219;
1083;Syddanmark;2022-03-19;F;624;2;20;5730;2988935;37239;
1084;Hovedstaden;2022-03-19;M;545;3;13;5733;2989480;37252;
1082;Midtjylland;2022-03-19;M;541;2;12;5735;2990021;37264;
1081;Nordjylland;2022-03-19;M;239;2;16;5737;2990260;37280;
1085;Sjælland;2022-03-19;M;311;0;7;5737;2990571;37287;
1083;Syddanmark;2022-03-19;M;531;4;18;5741;2991102;37305;
1084;Hovedstaden;2022-03-20;F;843;2;18;5743;2991945;37323;
1082;Midtjylland;2022-03-20;F;750;0;8;5743;2992695;37331;
1081;Nordjylland;2022-03-20;F;307;1;9;5744;2993002;37340;
1085;Sjælland;2022-03-20;F;419;0;12;5744;2993421;37352;
1083;Syddanmark;2022-03-20;F;701;0;14;5744;2994122;37366;
1084;Hovedstaden;2022-03-20;M;699;0;13;5744;2994821;37379;
1082;Midtjylland;2022-03-20;M;597;2;15;5746;2995418;37394;
1081;Nordjylland;2022-03-20;M;297;3;10;5749;2995715;37404;
1085;Sjælland;2022-03-20;M;307;1;8;5750;2996022;37412;
1083;Syddanmark;2022-03-20;M;618;1;23;5751;2996640;37435;
1084;Hovedstaden;2022-03-21;F;983;0;26;5751;2997623;37461;
1082;Midtjylland;2022-03-21;F;918;1;13;5752;2998541;37474;
1081;Nordjylland;2022-03-21;F;441;0;8;5752;2998982;37482;
1085;Sjælland;2022-03-21;F;702;2;17;5754;2999684;37499;
1083;Syddanmark;2022-03-21;F;1090;2;17;5756;3000774;37516;
1084;Hovedstaden;2022-03-21;M;804;6;22;5762;3001578;37538;
1082;Midtjylland;2022-03-21;M;743;4;15;5766;3002321;37553;
1081;Nordjylland;2022-03-21;M;385;1;10;5767;3002706;37563;
1085;Sjælland;2022-03-21;M;579;1;15;5768;3003285;37578;
1083;Syddanmark;2022-03-21;M;850;4;24;5772;3004135;37602;
1084;Hovedstaden;2022-03-22;F;935;1;21;5773;3005070;37623;
1082;Midtjylland;2022-03-22;F;759;0;9;5773;3005829;37632;
1081;Nordjylland;2022-03-22;F;330;0;10;5773;3006159;37642;
1085;Sjælland;2022-03-22;F;496;2;15;5775;3006655;37657;
1083;Syddanmark;2022-03-22;F;835;0;16;5775;3007490;37673;
1084;Hovedstaden;2022-03-22;M;704;4;21;5779;3008194;37694;
1082;Midtjylland;2022-03-22;M;707;4;21;5783;3008901;37715;
1081;Nordjylland;2022-03-22;M;285;4;13;5787;3009186;37728;
1085;Sjælland;2022-03-22;M;444;1;7;5788;3009630;37735;
1083;Syddanmark;2022-03-22;M;759;7;35;5795;3010389;37770;
1084;Hovedstaden;2022-03-23;F;794;0;15;5795;3011183;37785;
1082;Midtjylland;2022-03-23;F;729;1;18;5796;3011912;37803;
1081;Nordjylland;2022-03-23;F;340;3;15;5799;3012252;37818;
1085;Sjælland;2022-03-23;F;502;4;20;5803;3012754;37838;
1083;Syddanmark;2022-03-23;F;807;4;22;5807;3013561;37860;
1084;Hovedstaden;2022-03-23;M;666;3;26;5810;3014227;37886;
1082;Midtjylland;2022-03-23;M;615;0;20;5810;3014842;37906;
1081;Nordjylland;2022-03-23;M;284;2;12;5812;3015126;37918;
1085;Sjælland;2022-03-23;M;430;0;16;5812;3015556;37934;
1083;Syddanmark;2022-03-23;M;612;1;22;5813;3016168;37956;
1084;Hovedstaden;2022-03-24;F;735;3;19;5816;3016903;37975;
1082;Midtjylland;2022-03-24;F;596;1;6;5817;3017499;37981;
1081;Nordjylland;2022-03-24;F;292;1;5;5818;3017791;37986;
1085;Sjælland;2022-03-24;F;424;3;12;5821;3018215;37998;
1083;Syddanmark;2022-03-24;F;658;1;13;5822;3018873;38011;
1084;Hovedstaden;2022-03-24;M;584;5;13;5827;3019457;38024;
1082;Midtjylland;2022-03-24;M;519;0;11;5827;3019976;38035;
1081;Nordjylland;2022-03-24;M;242;0;5;5827;3020218;38040;
1085;Sjælland;2022-03-24;M;351;1;8;5828;3020569;38048;
1083;Syddanmark;2022-03-24;M;600;2;17;5830;3021169;38065;
1084;Hovedstaden;2022-03-25;F;601;3;17;5833;3021770;38082;
1082;Midtjylland;2022-03-25;F;509;1;12;5834;3022279;38094;
1081;Nordjylland;2022-03-25;F;266;0;6;5834;3022545;38100;
1085;Sjælland;2022-03-25;F;346;2;13;5836;3022891;38113;
1083;Syddanmark;2022-03-25;F;569;2;15;5838;3023460;38128;
1084;Hovedstaden;2022-03-25;M;473;2;13;5840;3023933;38141;
1082;Midtjylland;2022-03-25;M;482;4;21;5844;3024415;38162;
1081;Nordjylland;2022-03-25;M;212;1;8;5845;3024627;38170;
1085;Sjælland;2022-03-25;M;271;0;8;5845;3024898;38178;
1083;Syddanmark;2022-03-25;M;514;4;27;5849;3025412;38205;
1084;Hovedstaden;2022-03-26;F;445;1;9;5850;3025857;38214;
1082;Midtjylland;2022-03-26;F;390;2;11;5852;3026247;38225;
1081;Nordjylland;2022-03-26;F;199;0;5;5852;3026446;38230;
1085;Sjælland;2022-03-26;F;203;0;4;5852;3026649;38234;
1083;Syddanmark;2022-03-26;F;373;2;6;5854;3027022;38240;
1084;Hovedstaden;2022-03-26;M;399;2;11;5856;3027421;38251;
1082;Midtjylland;2022-03-26;M;350;1;8;5857;3027771;38259;
1081;Nordjylland;2022-03-26;M;166;0;2;5857;3027937;38261;
1085;Sjælland;2022-03-26;M;174;1;10;5858;3028111;38271;
1083;Syddanmark;2022-03-26;M;318;0;13;5858;3028429;38284;
1084;Hovedstaden;2022-03-27;F;537;3;16;5861;3028966;38300;
1082;Midtjylland;2022-03-27;F;456;1;7;5862;3029422;38307;
1081;Nordjylland;2022-03-27;F;188;0;4;5862;3029610;38311;
1085;Sjælland;2022-03-27;F;212;0;7;5862;3029822;38318;
1083;Syddanmark;2022-03-27;F;438;3;7;5865;3030260;38325;
1084;Hovedstaden;2022-03-27;M;443;0;18;5865;3030703;38343;
1082;Midtjylland;2022-03-27;M;415;1;14;5866;3031118;38357;
1081;Nordjylland;2022-03-27;M;158;0;5;5866;3031276;38362;
1085;Sjælland;2022-03-27;M;193;0;10;5866;3031469;38372;
1083;Syddanmark;2022-03-27;M;382;2;13;5868;3031851;38385;
1084;Hovedstaden;2022-03-28;F;724;3;16;5871;3032575;38401;
1082;Midtjylland;2022-03-28;F;529;1;18;5872;3033104;38419;
1081;Nordjylland;2022-03-28;F;278;1;6;5873;3033382;38425;
1085;Sjælland;2022-03-28;F;472;1;7;5874;3033854;38432;
1083;Syddanmark;2022-03-28;F;669;3;17;5877;3034523;38449;
1084;Hovedstaden;2022-03-28;M;591;3;17;5880;3035114;38466;
1082;Midtjylland;2022-03-28;M;470;0;12;5880;3035584;38478;
1081;Nordjylland;2022-03-28;M;251;0;7;5880;3035835;38485;
1085;Sjælland;2022-03-28;M;385;2;9;5882;3036220;38494;
1083;Syddanmark;2022-03-28;M;592;3;22;5885;3036812;38516;
1084;Hovedstaden;2022-03-29;F;621;1;21;5886;3037433;38537;
1082;Midtjylland;2022-03-29;F;507;0;6;5886;3037940;38543;
1081;Nordjylland;2022-03-29;F;236;0;8;5886;3038176;38551;
1085;Sjælland;2022-03-29;F;340;0;9;5886;3038516;38560;
1083;Syddanmark;2022-03-29;F;546;2;17;5888;3039062;38577;
1084;Hovedstaden;2022-03-29;M;504;4;11;5892;3039566;38588;
1082;Midtjylland;2022-03-29;M;405;1;14;5893;3039971;38602;
1081;Nordjylland;2022-03-29;M;178;2;9;5895;3040149;38611;
1085;Sjælland;2022-03-29;M;288;5;16;5900;3040437;38627;
1083;Syddanmark;2022-03-29;M;451;3;13;5903;3040888;38640;
1084;Hovedstaden;2022-03-30;F;549;3;18;5906;3041437;38658;
1082;Midtjylland;2022-03-30;F;440;1;11;5907;3041877;38669;
1081;Nordjylland;2022-03-30;F;212;0;5;5907;3042089;38674;
1085;Sjælland;2022-03-30;F;344;0;10;5907;3042433;38684;
1083;Syddanmark;2022-03-30;F;449;3;18;5910;3042882;38702;
1084;Hovedstaden;2022-03-30;M;474;1;11;5911;3043356;38713;
1082;Midtjylland;2022-03-30;M;370;1;9;5912;3043726;38722;
1081;Nordjylland;2022-03-30;M;171;0;6;5912;3043897;38728;
1085;Sjælland;2022-03-30;M;309;1;14;5913;3044206;38742;
1083;Syddanmark;2022-03-30;M;426;2;14;5915;3044632;38756;
1084;Hovedstaden;2022-03-31;F;447;2;15;5917;3045079;38771;
1082;Midtjylland;2022-03-31;F;367;2;15;5919;3045446;38786;
1081;Nordjylland;2022-03-31;F;161;1;8;5920;3045607;38794;
1085;Sjælland;2022-03-31;F;267;0;12;5920;3045874;38806;
1083;Syddanmark;2022-03-31;F;424;0;10;5920;3046298;38816;
1084;Hovedstaden;2022-03-31;M;361;3;15;5923;3046659;38831;
1082;Midtjylland;2022-03-31;M;321;3;11;5926;3046980;38842;
1081;Nordjylland;2022-03-31;M;142;2;5;5928;3047122;38847;
1085;Sjælland;2022-03-31;M;210;0;7;5928;3047332;38854;
1083;Syddanmark;2022-03-31;M;333;4;13;5932;3047665;38867;
1084;Hovedstaden;2022-04-01;F;415;1;19;5933;3048080;38886;
1082;Midtjylland;2022-04-01;F;285;0;8;5933;3048365;38894;
1081;Nordjylland;2022-04-01;F;155;1;6;5934;3048520;38900;
1085;Sjælland;2022-04-01;F;220;0;9;5934;3048740;38909;
1083;Syddanmark;2022-04-01;F;364;3;10;5937;3049104;38919;
1084;Hovedstaden;2022-04-01;M;301;1;13;5938;3049405;38932;
1082;Midtjylland;2022-04-01;M;233;0;7;5938;3049638;38939;
1081;Nordjylland;2022-04-01;M;126;2;8;5940;3049764;38947;
1085;Sjælland;2022-04-01;M;181;0;5;5940;3049945;38952;
1083;Syddanmark;2022-04-01;M;321;0;16;5940;3050266;38968;
1084;Hovedstaden;2022-04-02;F;317;0;15;5940;3050583;38983;
1082;Midtjylland;2022-04-02;F;224;0;4;5940;3050807;38987;
1081;Nordjylland;2022-04-02;F;106;0;6;5940;3050913;38993;
1085;Sjælland;2022-04-02;F;155;3;11;5943;3051068;39004;
1083;Syddanmark;2022-04-02;F;282;2;10;5945;3051350;39014;
1084;Hovedstaden;2022-04-02;M;271;0;10;5945;3051621;39024;
1082;Midtjylland;2022-04-02;M;211;0;4;5945;3051832;39028;
1081;Nordjylland;2022-04-02;M;99;1;7;5946;3051931;39035;
1085;Sjælland;2022-04-02;M;147;0;9;5946;3052078;39044;
1083;Syddanmark;2022-04-02;M;220;0;7;5946;3052298;39051;
1084;Hovedstaden;2022-04-03;F;349;0;13;5946;3052647;39064;
1082;Midtjylland;2022-04-03;F;269;0;8;5946;3052916;39072;
1081;Nordjylland;2022-04-03;F;109;0;0;5946;3053025;39072;
1085;Sjælland;2022-04-03;F;177;2;9;5948;3053202;39081;
1083;Syddanmark;2022-04-03;F;304;3;12;5951;3053506;39093;
1084;Hovedstaden;2022-04-03;M;323;0;5;5951;3053829;39098;
1082;Midtjylland;2022-04-03;M;229;0;6;5951;3054058;39104;
1081;Nordjylland;2022-04-03;M;128;2;10;5953;3054186;39114;
1085;Sjælland;2022-04-03;M;155;2;6;5955;3054341;39120;
1083;Syddanmark;2022-04-03;M;258;4;14;5959;3054599;39134;
1084;Hovedstaden;2022-04-04;F;488;8;17;5967;3055087;39151;
1082;Midtjylland;2022-04-04;F;411;1;9;5968;3055498;39160;
1081;Nordjylland;2022-04-04;F;160;0;3;5968;3055658;39163;
1085;Sjælland;2022-04-04;F;372;3;11;5971;3056030;39174;
1083;Syddanmark;2022-04-04;F;437;2;13;5973;3056467;39187;
1084;Hovedstaden;2022-04-04;M;428;5;20;5978;3056895;39207;
1082;Midtjylland;2022-04-04;M;321;2;13;5980;3057216;39220;
1081;Nordjylland;2022-04-04;M;160;0;10;5980;3057376;39230;
1085;Sjælland;2022-04-04;M;291;1;11;5981;3057667;39241;
1083;Syddanmark;2022-04-04;M;359;4;19;5985;3058026;39260;
1084;Hovedstaden;2022-04-05;F;466;3;21;5988;3058492;39281;
1082;Midtjylland;2022-04-05;F;333;0;8;5988;3058825;39289;
1081;Nordjylland;2022-04-05;F;191;5;6;5993;3059016;39295;
1085;Sjælland;2022-04-05;F;298;1;12;5994;3059314;39307;
1083;Syddanmark;2022-04-05;F;375;1;6;5995;3059689;39313;
1084;Hovedstaden;2022-04-05;M;412;1;20;5996;3060101;39333;
1082;Midtjylland;2022-04-05;M;300;1;9;5997;3060401;39342;
1081;Nordjylland;2022-04-05;M;160;3;6;6000;3060561;39348;
1085;Sjælland;2022-04-05;M;224;2;12;6002;3060785;39360;
1083;Syddanmark;2022-04-05;M;314;2;13;6004;3061099;39373;
1084;Hovedstaden;2022-04-06;F;402;2;10;6006;3061501;39383;
1082;Midtjylland;2022-04-06;F;307;1;9;6007;3061808;39392;
1081;Nordjylland;2022-04-06;F;146;0;3;6007;3061954;39395;
1085;Sjælland;2022-04-06;F;256;2;13;6009;3062210;39408;
1083;Syddanmark;2022-04-06;F;369;1;10;6010;3062579;39418;
1084;Hovedstaden;2022-04-06;M;356;2;18;6012;3062935;39436;
1082;Midtjylland;2022-04-06;M;261;2;6;6014;3063196;39442;
1081;Nordjylland;2022-04-06;M;118;2;5;6016;3063314;39447;
1085;Sjælland;2022-04-06;M;214;0;11;6016;3063528;39458;
1083;Syddanmark;2022-04-06;M;323;4;12;6020;3063851;39470;
1084;Hovedstaden;2022-04-07;F;434;1;12;6021;3064285;39482;
1082;Midtjylland;2022-04-07;F;305;0;6;6021;3064590;39488;
1081;Nordjylland;2022-04-07;F;148;1;7;6022;3064738;39495;
1085;Sjælland;2022-04-07;F;269;2;7;6024;3065007;39502;
1083;Syddanmark;2022-04-07;F;360;2;8;6026;3065367;39510;
1084;Hovedstaden;2022-04-07;M;369;4;16;6030;3065736;39526;
1082;Midtjylland;2022-04-07;M;252;0;12;6030;3065988;39538;
1081;Nordjylland;2022-04-07;M;116;0;6;6030;3066104;39544;
1085;Sjælland;2022-04-07;M;175;2;5;6032;3066279;39549;
1083;Syddanmark;2022-04-07;M;278;7;20;6039;3066557;39569;
1084;Hovedstaden;2022-04-08;F;334;1;6;6040;3066891;39575;
1082;Midtjylland;2022-04-08;F;255;1;10;6041;3067146;39585;
1081;Nordjylland;2022-04-08;F;124;1;9;6042;3067270;39594;
1085;Sjælland;2022-04-08;F;220;0;7;6042;3067490;39601;
1083;Syddanmark;2022-04-08;F;303;2;14;6044;3067793;39615;
1084;Hovedstaden;2022-04-08;M;274;1;15;6045;3068067;39630;
1082;Midtjylland;2022-04-08;M;202;0;7;6045;3068269;39637;
1081;Nordjylland;2022-04-08;M;105;0;5;6045;3068374;39642;
1085;Sjælland;2022-04-08;M;186;0;10;6045;3068560;39652;
1083;Syddanmark;2022-04-08;M;226;1;18;6046;3068786;39670;
1084;Hovedstaden;2022-04-09;F;275;0;8;6046;3069061;39678;
1082;Midtjylland;2022-04-09;F;201;4;7;6050;3069262;39685;
1081;Nordjylland;2022-04-09;F;108;0;6;6050;3069370;39691;
1085;Sjælland;2022-04-09;F;120;0;8;6050;3069490;39699;
1083;Syddanmark;2022-04-09;F;216;3;13;6053;3069706;39712;
1084;Hovedstaden;2022-04-09;M;237;0;6;6053;3069943;39718;
1082;Midtjylland;2022-04-09;M;178;0;13;6053;3070121;39731;
1081;Nordjylland;2022-04-09;M;84;0;6;6053;3070205;39737;
1085;Sjælland;2022-04-09;M;126;0;10;6053;3070331;39747;
1083;Syddanmark;2022-04-09;M;183;1;6;6054;3070514;39753;
1084;Hovedstaden;2022-04-10;F;367;2;16;6056;3070881;39769;
1082;Midtjylland;2022-04-10;F;216;1;7;6057;3071097;39776;
1081;Nordjylland;2022-04-10;F;88;0;2;6057;3071185;39778;
1085;Sjælland;2022-04-10;F;130;0;5;6057;3071315;39783;
1083;Syddanmark;2022-04-10;F;224;2;7;6059;3071539;39790;
1084;Hovedstaden;2022-04-10;M;239;1;10;6060;3071778;39800;
1082;Midtjylland;2022-04-10;M;179;1;6;6061;3071957;39806;
1081;Nordjylland;2022-04-10;M;71;0;1;6061;3072028;39807;
1085;Sjælland;2022-04-10;M;137;1;13;6062;3072165;39820;
1083;Syddanmark;2022-04-10;M;182;0;9;6062;3072347;39829;
1084;Hovedstaden;2022-04-11;F;387;1;14;6063;3072734;39843;
1082;Midtjylland;2022-04-11;F;320;1;13;6064;3073054;39856;
1081;Nordjylland;2022-04-11;F;157;1;4;6065;3073211;39860;
1085;Sjælland;2022-04-11;F;275;0;10;6065;3073486;39870;
1083;Syddanmark;2022-04-11;F;304;2;5;6067;3073790;39875;
1084;Hovedstaden;2022-04-11;M;289;2;18;6069;3074079;39893;
1082;Midtjylland;2022-04-11;M;274;2;11;6071;3074353;39904;
1081;Nordjylland;2022-04-11;M;124;1;6;6072;3074477;39910;
1085;Sjælland;2022-04-11;M;202;2;15;6074;3074679;39925;
1083;Syddanmark;2022-04-11;M;255;3;12;6077;3074934;39937;
1084;Hovedstaden;2022-04-12;F;356;0;10;6077;3075290;39947;
1082;Midtjylland;2022-04-12;F;253;0;8;6077;3075543;39955;
1081;Nordjylland;2022-04-12;F;115;0;6;6077;3075658;39961;
1085;Sjælland;2022-04-12;F;218;1;11;6078;3075876;39972;
1083;Syddanmark;2022-04-12;F;274;2;7;6080;3076150;39979;
1084;Hovedstaden;2022-04-12;M;306;1;17;6081;3076456;39996;
1082;Midtjylland;2022-04-12;M;219;0;10;6081;3076675;40006;
1081;Nordjylland;2022-04-12;M;103;0;5;6081;3076778;40011;
1085;Sjælland;2022-04-12;M;180;1;7;6082;3076958;40018;
1083;Syddanmark;2022-04-12;M;241;0;11;6082;3077199;40029;
1084;Hovedstaden;2022-04-13;F;355;3;13;6085;3077554;40042;
1082;Midtjylland;2022-04-13;F;227;0;9;6085;3077781;40051;
1081;Nordjylland;2022-04-13;F;107;1;5;6086;3077888;40056;
1085;Sjælland;2022-04-13;F;222;0;9;6086;3078110;40065;
1083;Syddanmark;2022-04-13;F;266;0;9;6086;3078376;40074;
1084;Hovedstaden;2022-04-13;M;304;1;21;6087;3078680;40095;
1082;Midtjylland;2022-04-13;M;200;0;5;6087;3078880;40100;
1081;Nordjylland;2022-04-13;M;85;2;3;6089;3078965;40103;
1085;Sjælland;2022-04-13;M;188;1;15;6090;3079153;40118;
1083;Syddanmark;2022-04-13;M;222;0;7;6090;3079375;40125;
1084;Hovedstaden;2022-04-14;F;217;1;9;6091;3079592;40134;
1082;Midtjylland;2022-04-14;F;141;0;6;6091;3079733;40140;
1081;Nordjylland;2022-04-14;F;120;0;3;6091;3079853;40143;
1085;Sjælland;2022-04-14;F;77;1;8;6092;3079930;40151;
1083;Syddanmark;2022-04-14;F;196;2;12;6094;3080126;40163;
1084;Hovedstaden;2022-04-14;M;179;0;9;6094;3080305;40172;
1082;Midtjylland;2022-04-14;M;138;1;8;6095;3080443;40180;
1081;Nordjylland;2022-04-14;M;80;0;7;6095;3080523;40187;
1085;Sjælland;2022-04-14;M;78;1;8;6096;3080601;40195;
1083;Syddanmark;2022-04-14;M;177;0;8;6096;3080778;40203;
1084;Hovedstaden;2022-04-15;F;205;0;6;6096;3080983;40209;
1082;Midtjylland;2022-04-15;F;173;0;8;6096;3081156;40217;
1081;Nordjylland;2022-04-15;F;63;0;3;6096;3081219;40220;
1085;Sjælland;2022-04-15;F;146;1;9;6097;3081365;40229;
1083;Syddanmark;2022-04-15;F;193;2;4;6099;3081558;40233;
1084;Hovedstaden;2022-04-15;M;191;0;11;6099;3081749;40244;
1082;Midtjylland;2022-04-15;M;140;1;5;6100;3081889;40249;
1081;Nordjylland;2022-04-15;M;51;1;6;6101;3081940;40255;
1085;Sjælland;2022-04-15;M;115;2;7;6103;3082055;40262;
1083;Syddanmark;2022-04-15;M;164;1;11;6104;3082219;40273;
1084;Hovedstaden;2022-04-16;F;276;1;12;6105;3082495;40285;
1082;Midtjylland;2022-04-16;F;170;0;3;6105;3082665;40288;
1081;Nordjylland;2022-04-16;F;100;1;5;6106;3082765;40293;
1085;Sjælland;2022-04-16;F;166;1;4;6107;3082931;40297;
1083;Syddanmark;2022-04-16;F;153;5;6;6112;3083084;40303;
1084;Hovedstaden;2022-04-16;M;245;1;7;6113;3083329;40310;
1082;Midtjylland;2022-04-16;M;127;0;4;6113;3083456;40314;
1081;Nordjylland;2022-04-16;M;72;0;2;6113;3083528;40316;
1085;Sjælland;2022-04-16;M;129;1;12;6114;3083657;40328;
1083;Syddanmark;2022-04-16;M;124;2;6;6116;3083781;40334;
1084;Hovedstaden;2022-04-17;F;193;1;12;6117;3083974;40346;
1082;Midtjylland;2022-04-17;F;159;0;8;6117;3084133;40354;
1081;Nordjylland;2022-04-17;F;55;0;6;6117;3084188;40360;
1085;Sjælland;2022-04-17;F;78;1;6;6118;3084266;40366;
1083;Syddanmark;2022-04-17;F;173;2;6;6120;3084439;40372;
1084;Hovedstaden;2022-04-17;M;152;2;16;6122;3084591;40388;
1082;Midtjylland;2022-04-17;M;149;1;8;6123;3084740;40396;
1081;Nordjylland;2022-04-17;M;62;0;4;6123;3084802;40400;
1085;Sjælland;2022-04-17;M;68;2;9;6125;3084870;40409;
1083;Syddanmark;2022-04-17;M;163;1;11;6126;3085033;40420;
1084;Hovedstaden;2022-04-18;F;283;3;18;6129;3085316;40438;
1082;Midtjylland;2022-04-18;F;215;3;9;6132;3085531;40447;
1081;Nordjylland;2022-04-18;F;155;1;3;6133;3085686;40450;
1085;Sjælland;2022-04-18;F;119;0;5;6133;3085805;40455;
1083;Syddanmark;2022-04-18;F;188;0;12;6133;3085993;40467;
1084;Hovedstaden;2022-04-18;M;223;2;16;6135;3086216;40483;
1082;Midtjylland;2022-04-18;M;175;0;5;6135;3086391;40488;
1081;Nordjylland;2022-04-18;M;102;1;5;6136;3086493;40493;
1085;Sjælland;2022-04-18;M;99;1;3;6137;3086592;40496;
1083;Syddanmark;2022-04-18;M;179;1;7;6138;3086771;40503;
1084;Hovedstaden;2022-04-19;F;396;1;12;6139;3087167;40515;
1082;Midtjylland;2022-04-19;F;239;0;5;6139;3087406;40520;
1081;Nordjylland;2022-04-19;F;161;0;2;6139;3087567;40522;
1085;Sjælland;2022-04-19;F;289;2;9;6141;3087856;40531;
1083;Syddanmark;2022-04-19;F;249;1;12;6142;3088105;40543;
1084;Hovedstaden;2022-04-19;M;328;1;17;6143;3088433;40560;
1082;Midtjylland;2022-04-19;M;203;1;6;6144;3088636;40566;
1081;Nordjylland;2022-04-19;M;122;0;8;6144;3088758;40574;
1085;Sjælland;2022-04-19;M;250;1;8;6145;3089008;40582;
1083;Syddanmark;2022-04-19;M;206;2;11;6147;3089214;40593;
1084;Hovedstaden;2022-04-20;F;302;1;12;6148;3089516;40605;
1082;Midtjylland;2022-04-20;F;238;0;4;6148;3089754;40609;
1081;Nordjylland;2022-04-20;F;135;0;3;6148;3089889;40612;
1085;Sjælland;2022-04-20;F;183;0;2;6148;3090072;40614;
1083;Syddanmark;2022-04-20;F;189;4;9;6152;3090261;40623;
1084;Hovedstaden;2022-04-20;M;263;2;11;6154;3090524;40634;
1082;Midtjylland;2022-04-20;M;191;2;9;6156;3090715;40643;
1081;Nordjylland;2022-04-20;M;122;1;5;6157;3090837;40648;
1085;Sjælland;2022-04-20;M;138;1;5;6158;3090975;40653;
1083;Syddanmark;2022-04-20;M;179;1;11;6159;3091154;40664;
1084;Hovedstaden;2022-04-21;F;278;3;12;6162;3091432;40676;
1082;Midtjylland;2022-04-21;F;195;0;14;6162;3091627;40690;
1081;Nordjylland;2022-04-21;F;113;0;3;6162;3091740;40693;
1085;Sjælland;2022-04-21;F;129;0;4;6162;3091869;40697;
1083;Syddanmark;2022-04-21;F;184;1;8;6163;3092053;40705;
1084;Hovedstaden;2022-04-21;M;236;5;13;6168;3092289;40718;
1082;Midtjylland;2022-04-21;M;173;0;7;6168;3092462;40725;
1081;Nordjylland;2022-04-21;M;90;2;6;6170;3092552;40731;
1085;Sjælland;2022-04-21;M;127;0;10;6170;3092679;40741;
1083;Syddanmark;2022-04-21;M;153;3;4;6173;3092832;40745;
1084;Hovedstaden;2022-04-22;F;212;2;12;6175;3093044;40757;
1082;Midtjylland;2022-04-22;F;133;0;5;6175;3093177;40762;
1081;Nordjylland;2022-04-22;F;78;1;6;6176;3093255;40768;
1085;Sjælland;2022-04-22;F;105;1;7;6177;3093360;40775;
1083;Syddanmark;2022-04-22;F;157;0;8;6177;3093517;40783;
1084;Hovedstaden;2022-04-22;M;165;1;10;6178;3093682;40793;
1082;Midtjylland;2022-04-22;M;129;1;8;6179;3093811;40801;
1081;Nordjylland;2022-04-22;M;73;4;7;6183;3093884;40808;
1085;Sjælland;2022-04-22;M;93;0;5;6183;3093977;40813;
1083;Syddanmark;2022-04-22;M;115;1;5;6184;3094092;40818;
1084;Hovedstaden;2022-04-23;F;166;1;16;6185;3094258;40834;
1082;Midtjylland;2022-04-23;F;110;1;7;6186;3094368;40841;
1081;Nordjylland;2022-04-23;F;58;0;0;6186;3094426;40841;
1085;Sjælland;2022-04-23;F;66;0;3;6186;3094492;40844;
1083;Syddanmark;2022-04-23;F;140;2;4;6188;3094632;40848;
1084;Hovedstaden;2022-04-23;M;117;4;6;6192;3094749;40854;
1082;Midtjylland;2022-04-23;M;97;0;2;6192;3094846;40856;
1081;Nordjylland;2022-04-23;M;54;1;2;6193;3094900;40858;
1085;Sjælland;2022-04-23;M;57;2;6;6195;3094957;40864;
1083;Syddanmark;2022-04-23;M;110;0;8;6195;3095067;40872;
1084;Hovedstaden;2022-04-24;F;188;1;9;6196;3095255;40881;
1082;Midtjylland;2022-04-24;F;119;0;4;6196;3095374;40885;
1081;Nordjylland;2022-04-24;F;62;1;5;6197;3095436;40890;
1085;Sjælland;2022-04-24;F;87;1;4;6198;3095523;40894;
1083;Syddanmark;2022-04-24;F;109;2;6;6200;3095632;40900;
1084;Hovedstaden;2022-04-24;M;141;2;11;6202;3095773;40911;
1082;Midtjylland;2022-04-24;M;87;0;3;6202;3095860;40914;
1081;Nordjylland;2022-04-24;M;43;2;4;6204;3095903;40918;
1085;Sjælland;2022-04-24;M;73;2;7;6206;3095976;40925;
1083;Syddanmark;2022-04-24;M;88;2;6;6208;3096064;40931;
1084;Hovedstaden;2022-04-25;F;272;1;16;6209;3096336;40947;
1082;Midtjylland;2022-04-25;F;153;1;9;6210;3096489;40956;
1081;Nordjylland;2022-04-25;F;88;0;5;6210;3096577;40961;
1085;Sjælland;2022-04-25;F;138;3;9;6213;3096715;40970;
1083;Syddanmark;2022-04-25;F;161;0;6;6213;3096876;40976;
1084;Hovedstaden;2022-04-25;M;178;2;15;6215;3097054;40991;
1082;Midtjylland;2022-04-25;M;157;1;9;6216;3097211;41000;
1081;Nordjylland;2022-04-25;M;77;0;0;6216;3097288;41000;
1085;Sjælland;2022-04-25;M;126;1;7;6217;3097414;41007;
1083;Syddanmark;2022-04-25;M;148;1;5;6218;3097562;41012;
1084;Hovedstaden;2022-04-26;F;222;2;12;6220;3097784;41024;
1082;Midtjylland;2022-04-26;F;150;0;4;6220;3097934;41028;
1081;Nordjylland;2022-04-26;F;62;1;7;6221;3097996;41035;
1085;Sjælland;2022-04-26;F;94;0;10;6221;3098090;41045;
1083;Syddanmark;2022-04-26;F;138;0;9;6221;3098228;41054;
1084;Hovedstaden;2022-04-26;M;152;1;13;6222;3098380;41067;
1082;Midtjylland;2022-04-26;M;111;1;6;6223;3098491;41073;
1081;Nordjylland;2022-04-26;M;54;1;3;6224;3098545;41076;
1085;Sjælland;2022-04-26;M;82;0;5;6224;3098627;41081;
1083;Syddanmark;2022-04-26;M;110;2;7;6226;3098737;41088;
1084;Hovedstaden;2022-04-27;F;198;0;8;6226;3098935;41096;
1082;Midtjylland;2022-04-27;F;112;0;3;6226;3099047;41099;
1081;Nordjylland;2022-04-27;F;58;0;1;6226;3099105;41100;
1085;Sjælland;2022-04-27;F;107;0;3;6226;3099212;41103;
1083;Syddanmark;2022-04-27;F;101;0;3;6226;3099313;41106;
1084;Hovedstaden;2022-04-27;M;177;0;8;6226;3099490;41114;
1082;Midtjylland;2022-04-27;M;99;1;5;6227;3099589;41119;
1081;Nordjylland;2022-04-27;M;43;1;2;6228;3099632;41121;
1085;Sjælland;2022-04-27;M;79;0;4;6228;3099711;41125;
1083;Syddanmark;2022-04-27;M;106;1;4;6229;3099817;41129;
1084;Hovedstaden;2022-04-28;F;204;0;9;6229;3100021;41138;
1082;Midtjylland;2022-04-28;F;85;0;1;6229;3100106;41139;
1081;Nordjylland;2022-04-28;F;52;0;4;6229;3100158;41143;
1085;Sjælland;2022-04-28;F;95;1;7;6230;3100253;41150;
1083;Syddanmark;2022-04-28;F;104;1;6;6231;3100357;41156;
1084;Hovedstaden;2022-04-28;M;163;0;10;6231;3100520;41166;
1082;Midtjylland;2022-04-28;M;90;0;8;6231;3100610;41174;
1081;Nordjylland;2022-04-28;M;42;1;1;6232;3100652;41175;
1085;Sjælland;2022-04-28;M;64;1;4;6233;3100716;41179;
1083;Syddanmark;2022-04-28;M;83;0;7;6233;3100799;41186;
1084;Hovedstaden;2022-04-29;F;150;1;9;6234;3100949;41195;
1082;Midtjylland;2022-04-29;F;102;0;5;6234;3101051;41200;
1081;Nordjylland;2022-04-29;F;42;1;1;6235;3101093;41201;
1085;Sjælland;2022-04-29;F;66;1;5;6236;3101159;41206;
1083;Syddanmark;2022-04-29;F;93;1;5;6237;3101252;41211;
1084;Hovedstaden;2022-04-29;M;146;0;9;6237;3101398;41220;
1082;Midtjylland;2022-04-29;M;75;1;3;6238;3101473;41223;
1081;Nordjylland;2022-04-29;M;39;0;2;6238;3101512;41225;
1085;Sjælland;2022-04-29;M;60;1;5;6239;3101572;41230;
1083;Syddanmark;2022-04-29;M;75;1;7;6240;3101647;41237;
1084;Hovedstaden;2022-04-30;F;157;1;11;6241;3101804;41248;
1082;Midtjylland;2022-04-30;F;60;0;4;6241;3101864;41252;
1081;Nordjylland;2022-04-30;F;28;0;2;6241;3101892;41254;
1085;Sjælland;2022-04-30;F;42;0;2;6241;3101934;41256;
1083;Syddanmark;2022-04-30;F;84;1;6;6242;3102018;41262;
1084;Hovedstaden;2022-04-30;M;107;0;7;6242;3102125;41269;
1082;Midtjylland;2022-04-30;M;58;0;3;6242;3102183;41272;
1081;Nordjylland;2022-04-30;M;24;0;0;6242;3102207;41272;
1085;Sjælland;2022-04-30;M;35;0;6;6242;3102242;41278;
1083;Syddanmark;2022-04-30;M;68;0;1;6242;3102310;41279;
1084;Hovedstaden;2022-05-01;F;147;2;10;6244;3102457;41289;
1082;Midtjylland;2022-05-01;F;80;0;1;6244;3102537;41290;
1081;Nordjylland;2022-05-01;F;48;2;1;6246;3102585;41291;
1085;Sjælland;2022-05-01;F;81;0;7;6246;3102666;41298;
1083;Syddanmark;2022-05-01;F;87;1;4;6247;3102753;41302;
1084;Hovedstaden;2022-05-01;M;108;2;5;6249;3102861;41307;
1082;Midtjylland;2022-05-01;M;66;1;6;6250;3102927;41313;
1081;Nordjylland;2022-05-01;M;31;1;2;6251;3102958;41315;
1085;Sjælland;2022-05-01;M;68;1;2;6252;3103026;41317;
1083;Syddanmark;2022-05-01;M;57;0;3;6252;3103083;41320;
1084;Hovedstaden;2022-05-02;F;190;1;10;6253;3103273;41330;
1082;Midtjylland;2022-05-02;F;122;0;4;6253;3103395;41334;
1081;Nordjylland;2022-05-02;F;44;0;1;6253;3103439;41335;
1085;Sjælland;2022-05-02;F;85;2;2;6255;3103524;41337;
1083;Syddanmark;2022-05-02;F;131;0;4;6255;3103655;41341;
1084;Hovedstaden;2022-05-02;M;170;0;12;6255;3103825;41353;
1082;Midtjylland;2022-05-02;M;95;1;2;6256;3103920;41355;
1081;Nordjylland;2022-05-02;M;47;0;4;6256;3103967;41359;
1085;Sjælland;2022-05-02;M;70;1;7;6257;3104037;41366;
1083;Syddanmark;2022-05-02;M;87;0;4;6257;3104124;41370;
1084;Hovedstaden;2022-05-03;F;162;1;9;6258;3104286;41379;
1082;Midtjylland;2022-05-03;F;88;0;4;6258;3104374;41383;
1081;Nordjylland;2022-05-03;F;30;0;3;6258;3104404;41386;
1085;Sjælland;2022-05-03;F;86;0;4;6258;3104490;41390;
1083;Syddanmark;2022-05-03;F;111;0;1;6258;3104601;41391;
1084;Hovedstaden;2022-05-03;M;143;4;9;6262;3104744;41400;
1082;Midtjylland;2022-05-03;M;97;1;4;6263;3104841;41404;
1081;Nordjylland;2022-05-03;M;39;0;4;6263;3104880;41408;
1085;Sjælland;2022-05-03;M;91;0;6;6263;3104971;41414;
1083;Syddanmark;2022-05-03;M;84;2;5;6265;3105055;41419;
1084;Hovedstaden;2022-05-04;F;181;2;3;6267;3105236;41422;
1082;Midtjylland;2022-05-04;F;108;2;1;6269;3105344;41423;
1081;Nordjylland;2022-05-04;F;47;0;1;6269;3105391;41424;
1085;Sjælland;2022-05-04;F;76;0;3;6269;3105467;41427;
1083;Syddanmark;2022-05-04;F;107;0;1;6269;3105574;41428;
1084;Hovedstaden;2022-05-04;M;114;0;9;6269;3105688;41437;
1082;Midtjylland;2022-05-04;M;97;1;4;6270;3105785;41441;
1081;Nordjylland;2022-05-04;M;41;0;4;6270;3105826;41445;
1085;Sjælland;2022-05-04;M;41;0;2;6270;3105867;41447;
1083;Syddanmark;2022-05-04;M;94;2;10;6272;3105961;41457;
1084;Hovedstaden;2022-05-05;F;197;3;11;6275;3106158;41468;
1082;Midtjylland;2022-05-05;F;81;0;1;6275;3106239;41469;
1081;Nordjylland;2022-05-05;F;53;2;5;6277;3106292;41474;
1085;Sjælland;2022-05-05;F;77;0;2;6277;3106369;41476;
1083;Syddanmark;2022-05-05;F;99;1;3;6278;3106468;41479;
1084;Hovedstaden;2022-05-05;M;163;0;11;6278;3106631;41490;
1082;Midtjylland;2022-05-05;M;100;0;5;6278;3106731;41495;
1081;Nordjylland;2022-05-05;M;31;0;1;6278;3106762;41496;
1085;Sjælland;2022-05-05;M;89;2;4;6280;3106851;41500;
1083;Syddanmark;2022-05-05;M;80;3;6;6283;3106931;41506;
1084;Hovedstaden;2022-05-06;F;143;1;7;6284;3107074;41513;
1082;Midtjylland;2022-05-06;F;94;0;5;6284;3107168;41518;
1081;Nordjylland;2022-05-06;F;35;0;4;6284;3107203;41522;
1085;Sjælland;2022-05-06;F;62;0;0;6284;3107265;41522;
1083;Syddanmark;2022-05-06;F;73;0;5;6284;3107338;41527;
1084;Hovedstaden;2022-05-06;M;112;0;6;6284;3107450;41533;
1082;Midtjylland;2022-05-06;M;75;0;4;6284;3107525;41537;
1081;Nordjylland;2022-05-06;M;29;0;3;6284;3107554;41540;
1085;Sjælland;2022-05-06;M;53;0;2;6284;3107607;41542;
1083;Syddanmark;2022-05-06;M;73;0;7;6284;3107680;41549;
1084;Hovedstaden;2022-05-07;F;125;1;6;6285;3107805;41555;
1082;Midtjylland;2022-05-07;F;53;0;1;6285;3107858;41556;
1081;Nordjylland;2022-05-07;F;27;0;1;6285;3107885;41557;
1085;Sjælland;2022-05-07;F;42;1;5;6286;3107927;41562;
1083;Syddanmark;2022-05-07;F;63;0;1;6286;3107990;41563;
1084;Hovedstaden;2022-05-07;M;88;0;3;6286;3108078;41566;
1082;Midtjylland;2022-05-07;M;46;1;5;6287;3108124;41571;
1081;Nordjylland;2022-05-07;M;20;0;2;6287;3108144;41573;
1085;Sjælland;2022-05-07;M;41;1;5;6288;3108185;41578;
1083;Syddanmark;2022-05-07;M;68;1;4;6289;3108253;41582;
1084;Hovedstaden;2022-05-08;F;106;0;5;6289;3108359;41587;
1082;Midtjylland;2022-05-08;F;66;0;1;6289;3108425;41588;
1081;Nordjylland;2022-05-08;F;44;1;3;6290;3108469;41591;
1085;Sjælland;2022-05-08;F;44;0;2;6290;3108513;41593;
1083;Syddanmark;2022-05-08;F;60;0;3;6290;3108573;41596;
1084;Hovedstaden;2022-05-08;M;109;2;8;6292;3108682;41604;
1082;Midtjylland;2022-05-08;M;51;0;2;6292;3108733;41606;
1081;Nordjylland;2022-05-08;M;32;0;2;6292;3108765;41608;
1085;Sjælland;2022-05-08;M;47;3;8;6295;3108812;41616;
1083;Syddanmark;2022-05-08;M;60;0;7;6295;3108872;41623;
1084;Hovedstaden;2022-05-09;F;187;0;9;6295;3109059;41632;
1082;Midtjylland;2022-05-09;F;95;0;4;6295;3109154;41636;
1081;Nordjylland;2022-05-09;F;44;1;2;6296;3109198;41638;
1085;Sjælland;2022-05-09;F;70;0;1;6296;3109268;41639;
1083;Syddanmark;2022-05-09;F;113;1;5;6297;3109381;41644;
1084;Hovedstaden;2022-05-09;M;125;0;5;6297;3109506;41649;
1082;Midtjylland;2022-05-09;M;98;0;3;6297;3109604;41652;
1081;Nordjylland;2022-05-09;M;48;0;2;6297;3109652;41654;
1085;Sjælland;2022-05-09;M;51;0;5;6297;3109703;41659;
1083;Syddanmark;2022-05-09;M;97;2;7;6299;3109800;41666;
1084;Hovedstaden;2022-05-10;F;156;1;8;6300;3109956;41674;
1082;Midtjylland;2022-05-10;F;91;0;2;6300;3110047;41676;
1081;Nordjylland;2022-05-10;F;38;0;3;6300;3110085;41679;
1085;Sjælland;2022-05-10;F;84;1;4;6301;3110169;41683;
1083;Syddanmark;2022-05-10;F;101;0;1;6301;3110270;41684;
1084;Hovedstaden;2022-05-10;M;127;2;7;6303;3110397;41691;
1082;Midtjylland;2022-05-10;M;69;0;4;6303;3110466;41695;
1081;Nordjylland;2022-05-10;M;42;0;3;6303;3110508;41698;
1085;Sjælland;2022-05-10;M;53;1;5;6304;3110561;41703;
1083;Syddanmark;2022-05-10;M;76;2;3;6306;3110637;41706;
1084;Hovedstaden;2022-05-11;F;135;0;5;6306;3110772;41711;
1082;Midtjylland;2022-05-11;F;78;0;1;6306;3110850;41712;
1081;Nordjylland;2022-05-11;F;38;1;2;6307;3110888;41714;
1085;Sjælland;2022-05-11;F;59;0;2;6307;3110947;41716;
1083;Syddanmark;2022-05-11;F;94;0;5;6307;3111041;41721;
1084;Hovedstaden;2022-05-11;M;105;1;4;6308;3111146;41725;
1082;Midtjylland;2022-05-11;M;79;1;3;6309;3111225;41728;
1081;Nordjylland;2022-05-11;M;26;0;3;6309;3111251;41731;
1085;Sjælland;2022-05-11;M;64;0;0;6309;3111315;41731;
1083;Syddanmark;2022-05-11;M;77;0;5;6309;3111392;41736;
1084;Hovedstaden;2022-05-12;F;181;0;5;6309;3111573;41741;
1082;Midtjylland;2022-05-12;F;68;0;2;6309;3111641;41743;
1081;Nordjylland;2022-05-12;F;28;0;2;6309;3111669;41745;
1085;Sjælland;2022-05-12;F;56;0;0;6309;3111725;41745;
1083;Syddanmark;2022-05-12;F;68;1;4;6310;3111793;41749;
1084;Hovedstaden;2022-05-12;M;113;0;5;6310;3111906;41754;
1082;Midtjylland;2022-05-12;M;81;0;1;6310;3111987;41755;
1081;Nordjylland;2022-05-12;M;28;0;1;6310;3112015;41756;
1085;Sjælland;2022-05-12;M;49;1;7;6311;3112064;41763;
1083;Syddanmark;2022-05-12;M;59;1;6;6312;3112123;41769;
1084;Hovedstaden;2022-05-13;F;77;0;9;6312;3112200;41778;
1082;Midtjylland;2022-05-13;F;55;1;3;6313;3112255;41781;
1081;Nordjylland;2022-05-13;F;20;0;3;6313;3112275;41784;
1085;Sjælland;2022-05-13;F;24;0;2;6313;3112299;41786;
1083;Syddanmark;2022-05-13;F;57;0;1;6313;3112356;41787;
1084;Hovedstaden;2022-05-13;M;56;0;4;6313;3112412;41791;
1082;Midtjylland;2022-05-13;M;37;0;3;6313;3112449;41794;
1081;Nordjylland;2022-05-13;M;20;1;3;6314;3112469;41797;
1085;Sjælland;2022-05-13;M;18;1;3;6315;3112487;41800;
1083;Syddanmark;2022-05-13;M;54;0;2;6315;3112541;41802;
1084;Hovedstaden;2022-05-14;F;103;0;3;6315;3112644;41805;
1082;Midtjylland;2022-05-14;F;53;0;2;6315;3112697;41807;
1081;Nordjylland;2022-05-14;F;26;0;4;6315;3112723;41811;
1085;Sjælland;2022-05-14;F;26;0;0;6315;3112749;41811;
1083;Syddanmark;2022-05-14;F;46;0;0;6315;3112795;41811;
1084;Hovedstaden;2022-05-14;M;98;1;5;6316;3112893;41816;
1082;Midtjylland;2022-05-14;M;47;1;5;6317;3112940;41821;
1081;Nordjylland;2022-05-14;M;14;0;0;6317;3112954;41821;
1085;Sjælland;2022-05-14;M;13;0;1;6317;3112967;41822;
1083;Syddanmark;2022-05-14;M;59;0;2;6317;3113026;41824;
1084;Hovedstaden;2022-05-15;F;122;0;6;6317;3113148;41830;
1082;Midtjylland;2022-05-15;F;53;0;5;6317;3113201;41835;
1081;Nordjylland;2022-05-15;F;27;0;3;6317;3113228;41838;
1085;Sjælland;2022-05-15;F;47;0;1;6317;3113275;41839;
1083;Syddanmark;2022-05-15;F;49;0;2;6317;3113324;41841;
1084;Hovedstaden;2022-05-15;M;109;1;5;6318;3113433;41846;
1082;Midtjylland;2022-05-15;M;48;1;4;6319;3113481;41850;
1081;Nordjylland;2022-05-15;M;33;0;2;6319;3113514;41852;
1085;Sjælland;2022-05-15;M;42;0;4;6319;3113556;41856;
1083;Syddanmark;2022-05-15;M;50;0;4;6319;3113606;41860;
1084;Hovedstaden;2022-05-16;F;131;0;5;6319;3113737;41865;
1082;Midtjylland;2022-05-16;F;101;0;6;6319;3113838;41871;
1081;Nordjylland;2022-05-16;F;26;0;1;6319;3113864;41872;
1085;Sjælland;2022-05-16;F;65;0;2;6319;3113929;41874;
1083;Syddanmark;2022-05-16;F;89;0;1;6319;3114018;41875;
1084;Hovedstaden;2022-05-16;M;116;0;6;6319;3114134;41881;
1082;Midtjylland;2022-05-16;M;69;0;1;6319;3114203;41882;
1081;Nordjylland;2022-05-16;M;31;0;2;6319;3114234;41884;
1085;Sjælland;2022-05-16;M;60;0;3;6319;3114294;41887;
1083;Syddanmark;2022-05-16;M;88;2;5;6321;3114382;41892;
1084;Hovedstaden;2022-05-17;F;122;0;5;6321;3114504;41897;
1082;Midtjylland;2022-05-17;F;83;0;3;6321;3114587;41900;
1081;Nordjylland;2022-05-17;F;23;0;0;6321;3114610;41900;
1085;Sjælland;2022-05-17;F;65;0;3;6321;3114675;41903;
1083;Syddanmark;2022-05-17;F;90;0;3;6321;3114765;41906;
1084;Hovedstaden;2022-05-17;M;109;0;8;6321;3114874;41914;
1082;Midtjylland;2022-05-17;M;72;1;4;6322;3114946;41918;
1081;Nordjylland;2022-05-17;M;30;1;2;6323;3114976;41920;
1085;Sjælland;2022-05-17;M;57;0;6;6323;3115033;41926;
1083;Syddanmark;2022-05-17;M;89;1;6;6324;3115122;41932;
1084;Hovedstaden;2022-05-18;F;107;1;4;6325;3115229;41936;
1082;Midtjylland;2022-05-18;F;63;0;1;6325;3115292;41937;
1081;Nordjylland;2022-05-18;F;32;1;2;6326;3115324;41939;
1085;Sjælland;2022-05-18;F;63;0;0;6326;3115387;41939;
1083;Syddanmark;2022-05-18;F;72;0;1;6326;3115459;41940;
1084;Hovedstaden;2022-05-18;M;107;1;7;6327;3115566;41947;
1082;Midtjylland;2022-05-18;M;69;0;6;6327;3115635;41953;
1081;Nordjylland;2022-05-18;M;22;0;2;6327;3115657;41955;
1085;Sjælland;2022-05-18;M;58;0;3;6327;3115715;41958;
1083;Syddanmark;2022-05-18;M;54;0;0;6327;3115769;41958;
1084;Hovedstaden;2022-05-19;F;110;0;11;6327;3115879;41969;
1082;Midtjylland;2022-05-19;F;71;1;3;6328;3115950;41972;
1081;Nordjylland;2022-05-19;F;21;0;1;6328;3115971;41973;
1085;Sjælland;2022-05-19;F;53;1;2;6329;3116024;41975;
1083;Syddanmark;2022-05-19;F;74;0;1;6329;3116098;41976;
1084;Hovedstaden;2022-05-19;M;107;1;6;6330;3116205;41982;
1082;Midtjylland;2022-05-19;M;67;1;4;6331;3116272;41986;
1081;Nordjylland;2022-05-19;M;20;1;2;6332;3116292;41988;
1085;Sjælland;2022-05-19;M;38;0;1;6332;3116330;41989;
1083;Syddanmark;2022-05-19;M;61;0;4;6332;3116391;41993;
1084;Hovedstaden;2022-05-20;F;97;0;4;6332;3116488;41997;
1082;Midtjylland;2022-05-20;F;63;0;3;6332;3116551;42000;
1081;Nordjylland;2022-05-20;F;26;0;2;6332;3116577;42002;
1085;Sjælland;2022-05-20;F;39;1;3;6333;3116616;42005;
1083;Syddanmark;2022-05-20;F;41;0;2;6333;3116657;42007;
1084;Hovedstaden;2022-05-20;M;79;0;3;6333;3116736;42010;
1082;Midtjylland;2022-05-20;M;53;1;2;6334;3116789;42012;
1081;Nordjylland;2022-05-20;M;18;0;1;6334;3116807;42013;
1085;Sjælland;2022-05-20;M;30;0;3;6334;3116837;42016;
1083;Syddanmark;2022-05-20;M;36;1;1;6335;3116873;42017;
1084;Hovedstaden;2022-05-21;F;62;0;1;6335;3116935;42018;
1082;Midtjylland;2022-05-21;F;45;1;3;6336;3116980;42021;
1081;Nordjylland;2022-05-21;F;14;1;2;6337;3116994;42023;
1085;Sjælland;2022-05-21;F;28;0;3;6337;3117022;42026;
1083;Syddanmark;2022-05-21;F;42;0;2;6337;3117064;42028;
1084;Hovedstaden;2022-05-21;M;63;1;2;6338;3117127;42030;
1082;Midtjylland;2022-05-21;M;36;0;3;6338;3117163;42033;
1081;Nordjylland;2022-05-21;M;13;0;1;6338;3117176;42034;
1085;Sjælland;2022-05-21;M;18;1;3;6339;3117194;42037;
1083;Syddanmark;2022-05-21;M;36;2;5;6341;3117230;42042;
1084;Hovedstaden;2022-05-22;F;85;0;4;6341;3117315;42046;
1082;Midtjylland;2022-05-22;F;45;0;1;6341;3117360;42047;
1081;Nordjylland;2022-05-22;F;15;0;2;6341;3117375;42049;
1085;Sjælland;2022-05-22;F;44;0;3;6341;3117419;42052;
1083;Syddanmark;2022-05-22;F;37;0;2;6341;3117456;42054;
1084;Hovedstaden;2022-05-22;M;70;2;4;6343;3117526;42058;
1082;Midtjylland;2022-05-22;M;41;0;2;6343;3117567;42060;
1081;Nordjylland;2022-05-22;M;15;1;0;6344;3117582;42060;
1085;Sjælland;2022-05-22;M;41;0;0;6344;3117623;42060;
1083;Syddanmark;2022-05-22;M;34;1;3;6345;3117657;42063;
1084;Hovedstaden;2022-05-23;F;112;2;7;6347;3117769;42070;
1082;Midtjylland;2022-05-23;F;69;0;1;6347;3117838;42071;
1081;Nordjylland;2022-05-23;F;27;0;2;6347;3117865;42073;
1085;Sjælland;2022-05-23;F;42;0;2;6347;3117907;42075;
1083;Syddanmark;2022-05-23;F;60;1;3;6348;3117967;42078;
1084;Hovedstaden;2022-05-23;M;110;1;3;6349;3118077;42081;
1082;Midtjylland;2022-05-23;M;52;0;0;6349;3118129;42081;
1081;Nordjylland;2022-05-23;M;22;0;1;6349;3118151;42082;
1085;Sjælland;2022-05-23;M;53;0;8;6349;3118204;42090;
1083;Syddanmark;2022-05-23;M;52;1;2;6350;3118256;42092;
1084;Hovedstaden;2022-05-24;F;112;0;4;6350;3118368;42096;
1082;Midtjylland;2022-05-24;F;77;1;1;6351;3118445;42097;
1081;Nordjylland;2022-05-24;F;19;1;2;6352;3118464;42099;
1085;Sjælland;2022-05-24;F;54;1;2;6353;3118518;42101;
1083;Syddanmark;2022-05-24;F;55;0;0;6353;3118573;42101;
1084;Hovedstaden;2022-05-24;M;91;0;3;6353;3118664;42104;
1082;Midtjylland;2022-05-24;M;56;1;3;6354;3118720;42107;
1081;Nordjylland;2022-05-24;M;18;0;0;6354;3118738;42107;
1085;Sjælland;2022-05-24;M;35;0;2;6354;3118773;42109;
1083;Syddanmark;2022-05-24;M;50;0;1;6354;3118823;42110;
1084;Hovedstaden;2022-05-25;F;98;0;3;6354;3118921;42113;
1082;Midtjylland;2022-05-25;F;54;0;6;6354;3118975;42119;
1081;Nordjylland;2022-05-25;F;27;0;3;6354;3119002;42122;
1085;Sjælland;2022-05-25;F;46;1;2;6355;3119048;42124;
1083;Syddanmark;2022-05-25;F;44;1;4;6356;3119092;42128;
1084;Hovedstaden;2022-05-25;M;88;0;4;6356;3119180;42132;
1082;Midtjylland;2022-05-25;M;48;1;2;6357;3119228;42134;
1081;Nordjylland;2022-05-25;M;22;0;2;6357;3119250;42136;
1085;Sjælland;2022-05-25;M;43;0;3;6357;3119293;42139;
1083;Syddanmark;2022-05-25;M;43;0;3;6357;3119336;42142;
1084;Hovedstaden;2022-05-26;F;75;0;4;6357;3119411;42146;
1082;Midtjylland;2022-05-26;F;35;0;1;6357;3119446;42147;
1081;Nordjylland;2022-05-26;F;10;0;1;6357;3119456;42148;
1085;Sjælland;2022-05-26;F;16;0;0;6357;3119472;42148;
1083;Syddanmark;2022-05-26;F;29;0;0;6357;3119501;42148;
1084;Hovedstaden;2022-05-26;M;59;0;3;6357;3119560;42151;
1082;Midtjylland;2022-05-26;M;28;0;0;6357;3119588;42151;
1081;Nordjylland;2022-05-26;M;13;0;1;6357;3119601;42152;
1085;Sjælland;2022-05-26;M;15;0;1;6357;3119616;42153;
1083;Syddanmark;2022-05-26;M;28;0;0;6357;3119644;42153;
1084;Hovedstaden;2022-05-27;F;87;0;3;6357;3119731;42156;
1082;Midtjylland;2022-05-27;F;43;0;1;6357;3119774;42157;
1081;Nordjylland;2022-05-27;F;26;0;0;6357;3119800;42157;
1085;Sjælland;2022-05-27;F;47;0;4;6357;3119847;42161;
1083;Syddanmark;2022-05-27;F;30;0;0;6357;3119877;42161;
1084;Hovedstaden;2022-05-27;M;79;0;5;6357;3119956;42166;
1082;Midtjylland;2022-05-27;M;47;0;1;6357;3120003;42167;
1081;Nordjylland;2022-05-27;M;26;1;3;6358;3120029;42170;
1085;Sjælland;2022-05-27;M;50;0;2;6358;3120079;42172;
1083;Syddanmark;2022-05-27;M;32;0;2;6358;3120111;42174;
1084;Hovedstaden;2022-05-28;F;58;0;3;6358;3120169;42177;
1082;Midtjylland;2022-05-28;F;37;0;2;6358;3120206;42179;
1081;Nordjylland;2022-05-28;F;15;0;0;6358;3120221;42179;
1085;Sjælland;2022-05-28;F;9;0;1;6358;3120230;42180;
1083;Syddanmark;2022-05-28;F;48;0;3;6358;3120278;42183;
1084;Hovedstaden;2022-05-28;M;74;0;4;6358;3120352;42187;
1082;Midtjylland;2022-05-28;M;34;1;2;6359;3120386;42189;
1081;Nordjylland;2022-05-28;M;14;0;2;6359;3120400;42191;
1085;Sjælland;2022-05-28;M;4;0;2;6359;3120404;42193;
1083;Syddanmark;2022-05-28;M;33;0;1;6359;3120437;42194;
1084;Hovedstaden;2022-05-29;F;83;0;6;6359;3120520;42200;
1082;Midtjylland;2022-05-29;F;46;0;3;6359;3120566;42203;
1081;Nordjylland;2022-05-29;F;12;0;0;6359;3120578;42203;
1085;Sjælland;2022-05-29;F;64;0;2;6359;3120642;42205;
1083;Syddanmark;2022-05-29;F;30;0;1;6359;3120672;42206;
1084;Hovedstaden;2022-05-29;M;73;1;4;6360;3120745;42210;
1082;Midtjylland;2022-05-29;M;50;1;2;6361;3120795;42212;
1081;Nordjylland;2022-05-29;M;14;1;1;6362;3120809;42213;
1085;Sjælland;2022-05-29;M;46;0;2;6362;3120855;42215;
1083;Syddanmark;2022-05-29;M;26;1;6;6363;3120881;42221;
1084;Hovedstaden;2022-05-30;F;133;0;5;6363;3121014;42226;
1082;Midtjylland;2022-05-30;F;84;1;3;6364;3121098;42229;
1081;Nordjylland;2022-05-30;F;30;0;0;6364;3121128;42229;
1085;Sjælland;2022-05-30;F;42;0;3;6364;3121170;42232;
1083;Syddanmark;2022-05-30;F;84;0;2;6364;3121254;42234;
1084;Hovedstaden;2022-05-30;M;135;3;8;6367;3121389;42242;
1082;Midtjylland;2022-05-30;M;69;0;4;6367;3121458;42246;
1081;Nordjylland;2022-05-30;M;28;0;1;6367;3121486;42247;
1085;Sjælland;2022-05-30;M;43;0;1;6367;3121529;42248;
1083;Syddanmark;2022-05-30;M;63;1;2;6368;3121592;42250;
1084;Hovedstaden;2022-05-31;F;131;1;4;6369;3121723;42254;
1082;Midtjylland;2022-05-31;F;63;0;0;6369;3121786;42254;
1081;Nordjylland;2022-05-31;F;25;0;1;6369;3121811;42255;
1085;Sjælland;2022-05-31;F;48;1;3;6370;3121859;42258;
1083;Syddanmark;2022-05-31;F;77;0;2;6370;3121936;42260;
1084;Hovedstaden;2022-05-31;M;106;3;5;6373;3122042;42265;
1082;Midtjylland;2022-05-31;M;53;0;2;6373;3122095;42267;
1081;Nordjylland;2022-05-31;M;22;0;1;6373;3122117;42268;
1085;Sjælland;2022-05-31;M;41;0;1;6373;3122158;42269;
1083;Syddanmark;2022-05-31;M;64;0;1;6373;3122222;42270;
1084;Hovedstaden;2022-06-01;F;95;0;4;6373;3122317;42274;
1082;Midtjylland;2022-06-01;F;59;0;0;6373;3122376;42274;
1081;Nordjylland;2022-06-01;F;24;0;1;6373;3122400;42275;
1085;Sjælland;2022-06-01;F;61;0;1;6373;3122461;42276;
1083;Syddanmark;2022-06-01;F;76;0;6;6373;3122537;42282;
1084;Hovedstaden;2022-06-01;M;85;0;2;6373;3122622;42284;
1082;Midtjylland;2022-06-01;M;70;0;3;6373;3122692;42287;
1081;Nordjylland;2022-06-01;M;20;0;0;6373;3122712;42287;
1085;Sjælland;2022-06-01;M;58;0;4;6373;3122770;42291;
1083;Syddanmark;2022-06-01;M;37;0;1;6373;3122807;42292;
1084;Hovedstaden;2022-06-02;F;81;0;2;6373;3122888;42294;
1082;Midtjylland;2022-06-02;F;57;0;3;6373;3122945;42297;
1081;Nordjylland;2022-06-02;F;12;0;0;6373;3122957;42297;
1085;Sjælland;2022-06-02;F;47;0;2;6373;3123004;42299;
1083;Syddanmark;2022-06-02;F;53;0;1;6373;3123057;42300;
1084;Hovedstaden;2022-06-02;M;89;0;5;6373;3123146;42305;
1082;Midtjylland;2022-06-02;M;65;0;7;6373;3123211;42312;
1081;Nordjylland;2022-06-02;M;13;0;1;6373;3123224;42313;
1085;Sjælland;2022-06-02;M;54;1;7;6374;3123278;42320;
1083;Syddanmark;2022-06-02;M;54;0;1;6374;3123332;42321;
1084;Hovedstaden;2022-06-03;F;106;1;4;6375;3123438;42325;
1082;Midtjylland;2022-06-03;F;64;0;1;6375;3123502;42326;
1081;Nordjylland;2022-06-03;F;33;0;1;6375;3123535;42327;
1085;Sjælland;2022-06-03;F;53;0;3;6375;3123588;42330;
1083;Syddanmark;2022-06-03;F;56;2;4;6377;3123644;42334;
1084;Hovedstaden;2022-06-03;M;76;0;5;6377;3123720;42339;
1082;Midtjylland;2022-06-03;M;59;0;2;6377;3123779;42341;
1081;Nordjylland;2022-06-03;M;19;0;3;6377;3123798;42344;
1085;Sjælland;2022-06-03;M;47;0;0;6377;3123845;42344;
1083;Syddanmark;2022-06-03;M;50;0;2;6377;3123895;42346;
1084;Hovedstaden;2022-06-04;F;67;0;1;6377;3123962;42347;
1082;Midtjylland;2022-06-04;F;44;0;0;6377;3124006;42347;
1081;Nordjylland;2022-06-04;F;11;0;1;6377;3124017;42348;
1085;Sjælland;2022-06-04;F;3;0;0;6377;3124020;42348;
1083;Syddanmark;2022-06-04;F;23;0;2;6377;3124043;42350;
1084;Hovedstaden;2022-06-04;M;70;0;2;6377;3124113;42352;
1082;Midtjylland;2022-06-04;M;51;1;3;6378;3124164;42355;
1081;Nordjylland;2022-06-04;M;11;1;1;6379;3124175;42356;
1085;Sjælland;2022-06-04;M;5;0;1;6379;3124180;42357;
1083;Syddanmark;2022-06-04;M;14;0;1;6379;3124194;42358;
1084;Hovedstaden;2022-06-05;F;68;0;6;6379;3124262;42364;
1082;Midtjylland;2022-06-05;F;45;0;3;6379;3124307;42367;
1081;Nordjylland;2022-06-05;F;14;0;3;6379;3124321;42370;
1085;Sjælland;2022-06-05;F;34;0;3;6379;3124355;42373;
1083;Syddanmark;2022-06-05;F;51;0;0;6379;3124406;42373;
1084;Hovedstaden;2022-06-05;M;87;1;7;6380;3124493;42380;
1082;Midtjylland;2022-06-05;M;38;0;2;6380;3124531;42382;
1081;Nordjylland;2022-06-05;M;13;0;3;6380;3124544;42385;
1085;Sjælland;2022-06-05;M;26;0;2;6380;3124570;42387;
1083;Syddanmark;2022-06-05;M;42;0;2;6380;3124612;42389;
1084;Hovedstaden;2022-06-06;F;146;2;4;6382;3124758;42393;
1082;Midtjylland;2022-06-06;F;67;0;2;6382;3124825;42395;
1081;Nordjylland;2022-06-06;F;24;0;0;6382;3124849;42395;
1085;Sjælland;2022-06-06;F;42;0;1;6382;3124891;42396;
1083;Syddanmark;2022-06-06;F;71;0;3;6382;3124962;42399;
1084;Hovedstaden;2022-06-06;M;114;0;0;6382;3125076;42399;
1082;Midtjylland;2022-06-06;M;68;1;2;6383;3125144;42401;
1081;Nordjylland;2022-06-06;M;26;0;1;6383;3125170;42402;
1085;Sjælland;2022-06-06;M;41;1;4;6384;3125211;42406;
1083;Syddanmark;2022-06-06;M;62;1;3;6385;3125273;42409;
1084;Hovedstaden;2022-06-07;F;165;0;8;6385;3125438;42417;
1082;Midtjylland;2022-06-07;F;89;0;2;6385;3125527;42419;
1081;Nordjylland;2022-06-07;F;31;0;1;6385;3125558;42420;
1085;Sjælland;2022-06-07;F;83;0;0;6385;3125641;42420;
1083;Syddanmark;2022-06-07;F;123;0;2;6385;3125764;42422;
1084;Hovedstaden;2022-06-07;M;148;1;6;6386;3125912;42428;
1082;Midtjylland;2022-06-07;M;71;0;3;6386;3125983;42431;
1081;Nordjylland;2022-06-07;M;25;0;0;6386;3126008;42431;
1085;Sjælland;2022-06-07;M;71;1;2;6387;3126079;42433;
1083;Syddanmark;2022-06-07;M;94;1;2;6388;3126173;42435;
1084;Hovedstaden;2022-06-08;F;188;2;5;6390;3126361;42440;
1082;Midtjylland;2022-06-08;F;79;0;1;6390;3126440;42441;
1081;Nordjylland;2022-06-08;F;50;0;0;6390;3126490;42441;
1085;Sjælland;2022-06-08;F;70;0;0;6390;3126560;42441;
1083;Syddanmark;2022-06-08;F;88;1;3;6391;3126648;42444;
1084;Hovedstaden;2022-06-08;M;169;1;7;6392;3126817;42451;
1082;Midtjylland;2022-06-08;M;74;1;3;6393;3126891;42454;
1081;Nordjylland;2022-06-08;M;27;0;1;6393;3126918;42455;
1085;Sjælland;2022-06-08;M;63;0;2;6393;3126981;42457;
1083;Syddanmark;2022-06-08;M;84;0;5;6393;3127065;42462;
1084;Hovedstaden;2022-06-09;F;195;0;4;6393;3127260;42466;
1082;Midtjylland;2022-06-09;F;90;0;1;6393;3127350;42467;
1081;Nordjylland;2022-06-09;F;23;0;0;6393;3127373;42467;
1085;Sjælland;2022-06-09;F;79;1;3;6394;3127452;42470;
1083;Syddanmark;2022-06-09;F;67;0;1;6394;3127519;42471;
1084;Hovedstaden;2022-06-09;M;157;0;4;6394;3127676;42475;
1082;Midtjylland;2022-06-09;M;100;0;2;6394;3127776;42477;
1081;Nordjylland;2022-06-09;M;31;0;0;6394;3127807;42477;
1085;Sjælland;2022-06-09;M;76;0;0;6394;3127883;42477;
1083;Syddanmark;2022-06-09;M;69;0;4;6394;3127952;42481;
1084;Hovedstaden;2022-06-10;F;168;1;8;6395;3128120;42489;
1082;Midtjylland;2022-06-10;F;66;1;0;6396;3128186;42489;
1081;Nordjylland;2022-06-10;F;46;1;1;6397;3128232;42490;
1085;Sjælland;2022-06-10;F;63;1;2;6398;3128295;42492;
1083;Syddanmark;2022-06-10;F;82;0;2;6398;3128377;42494;
1084;Hovedstaden;2022-06-10;M;165;0;10;6398;3128542;42504;
1082;Midtjylland;2022-06-10;M;83;0;3;6398;3128625;42507;
1081;Nordjylland;2022-06-10;M;37;0;0;6398;3128662;42507;
1085;Sjælland;2022-06-10;M;59;1;4;6399;3128721;42511;
1083;Syddanmark;2022-06-10;M;73;1;4;6400;3128794;42515;
1084;Hovedstaden;2022-06-11;F;176;0;7;6400;3128970;42522;
1082;Midtjylland;2022-06-11;F;73;0;2;6400;3129043;42524;
1081;Nordjylland;2022-06-11;F;28;0;0;6400;3129071;42524;
1085;Sjælland;2022-06-11;F;7;0;3;6400;3129078;42527;
1083;Syddanmark;2022-06-11;F;52;0;0;6400;3129130;42527;
1084;Hovedstaden;2022-06-11;M;137;0;5;6400;3129267;42532;
1082;Midtjylland;2022-06-11;M;72;0;0;6400;3129339;42532;
1081;Nordjylland;2022-06-11;M;24;0;0;6400;3129363;42532;
1085;Sjælland;2022-06-11;M;16;0;4;6400;3129379;42536;
1083;Syddanmark;2022-06-11;M;41;1;5;6401;3129420;42541;
1084;Hovedstaden;2022-06-12;F;162;1;4;6402;3129582;42545;
1082;Midtjylland;2022-06-12;F;86;0;3;6402;3129668;42548;
1081;Nordjylland;2022-06-12;F;20;0;2;6402;3129688;42550;
1085;Sjælland;2022-06-12;F;95;1;3;6403;3129783;42553;
1083;Syddanmark;2022-06-12;F;93;0;3;6403;3129876;42556;
1084;Hovedstaden;2022-06-12;M;171;1;7;6404;3130047;42563;
1082;Midtjylland;2022-06-12;M;83;0;4;6404;3130130;42567;
1081;Nordjylland;2022-06-12;M;25;0;1;6404;3130155;42568;
1085;Sjælland;2022-06-12;M;87;0;3;6404;3130242;42571;
1083;Syddanmark;2022-06-12;M;79;0;1;6404;3130321;42572;
1084;Hovedstaden;2022-06-13;F;238;1;8;6405;3130559;42580;
1082;Midtjylland;2022-06-13;F;107;0;2;6405;3130666;42582;
1081;Nordjylland;2022-06-13;F;50;0;1;6405;3130716;42583;
1085;Sjælland;2022-06-13;F;88;0;7;6405;3130804;42590;
1083;Syddanmark;2022-06-13;F;112;1;7;6406;3130916;42597;
1084;Hovedstaden;2022-06-13;M;214;3;9;6409;3131130;42606;
1082;Midtjylland;2022-06-13;M;106;1;2;6410;3131236;42608;
1081;Nordjylland;2022-06-13;M;53;0;6;6410;3131289;42614;
1085;Sjælland;2022-06-13;M;88;1;5;6411;3131377;42619;
1083;Syddanmark;2022-06-13;M;104;1;2;6412;3131481;42621;
1084;Hovedstaden;2022-06-14;F;229;0;11;6412;3131710;42632;
1082;Midtjylland;2022-06-14;F;136;0;6;6412;3131846;42638;
1081;Nordjylland;2022-06-14;F;32;0;1;6412;3131878;42639;
1085;Sjælland;2022-06-14;F;98;0;4;6412;3131976;42643;
1083;Syddanmark;2022-06-14;F;135;0;1;6412;3132111;42644;
1084;Hovedstaden;2022-06-14;M;213;4;8;6416;3132324;42652;
1082;Midtjylland;2022-06-14;M;107;0;3;6416;3132431;42655;
1081;Nordjylland;2022-06-14;M;33;0;1;6416;3132464;42656;
1085;Sjælland;2022-06-14;M;90;0;2;6416;3132554;42658;
1083;Syddanmark;2022-06-14;M;109;0;3;6416;3132663;42661;
1084;Hovedstaden;2022-06-15;F;258;0;4;6416;3132921;42665;
1082;Midtjylland;2022-06-15;F;144;0;4;6416;3133065;42669;
1081;Nordjylland;2022-06-15;F;48;0;1;6416;3133113;42670;
1085;Sjælland;2022-06-15;F;91;0;3;6416;3133204;42673;
1083;Syddanmark;2022-06-15;F;108;0;4;6416;3133312;42677;
1084;Hovedstaden;2022-06-15;M;229;0;9;6416;3133541;42686;
1082;Midtjylland;2022-06-15;M;112;0;1;6416;3133653;42687;
1081;Nordjylland;2022-06-15;M;45;0;2;6416;3133698;42689;
1085;Sjælland;2022-06-15;M;75;0;4;6416;3133773;42693;
1083;Syddanmark;2022-06-15;M;86;1;3;6417;3133859;42696;
1084;Hovedstaden;2022-06-16;F;244;4;13;6421;3134103;42709;
1082;Midtjylland;2022-06-16;F;137;0;2;6421;3134240;42711;
1081;Nordjylland;2022-06-16;F;52;0;2;6421;3134292;42713;
1085;Sjælland;2022-06-16;F;101;2;3;6423;3134393;42716;
1083;Syddanmark;2022-06-16;F;117;1;4;6424;3134510;42720;
1084;Hovedstaden;2022-06-16;M;205;1;7;6425;3134715;42727;
1082;Midtjylland;2022-06-16;M;110;0;2;6425;3134825;42729;
1081;Nordjylland;2022-06-16;M;36;0;2;6425;3134861;42731;
1085;Sjælland;2022-06-16;M;99;1;5;6426;3134960;42736;
1083;Syddanmark;2022-06-16;M;98;0;7;6426;3135058;42743;
1084;Hovedstaden;2022-06-17;F;227;1;7;6427;3135285;42750;
1082;Midtjylland;2022-06-17;F;150;0;1;6427;3135435;42751;
1081;Nordjylland;2022-06-17;F;47;0;1;6427;3135482;42752;
1085;Sjælland;2022-06-17;F;118;0;3;6427;3135600;42755;
1083;Syddanmark;2022-06-17;F;126;0;2;6427;3135726;42757;
1084;Hovedstaden;2022-06-17;M;221;1;11;6428;3135947;42768;
1082;Midtjylland;2022-06-17;M;119;0;2;6428;3136066;42770;
1081;Nordjylland;2022-06-17;M;57;0;1;6428;3136123;42771;
1085;Sjælland;2022-06-17;M;103;2;5;6430;3136226;42776;
1083;Syddanmark;2022-06-17;M;96;0;3;6430;3136322;42779;
1084;Hovedstaden;2022-06-18;F;210;0;8;6430;3136532;42787;
1082;Midtjylland;2022-06-18;F;120;0;3;6430;3136652;42790;
1081;Nordjylland;2022-06-18;F;28;0;2;6430;3136680;42792;
1085;Sjælland;2022-06-18;F;51;0;3;6430;3136731;42795;
1083;Syddanmark;2022-06-18;F;45;0;2;6430;3136776;42797;
1084;Hovedstaden;2022-06-18;M;221;0;8;6430;3136997;42805;
1082;Midtjylland;2022-06-18;M;128;1;6;6431;3137125;42811;
1081;Nordjylland;2022-06-18;M;40;0;1;6431;3137165;42812;
1085;Sjælland;2022-06-18;M;48;0;2;6431;3137213;42814;
1083;Syddanmark;2022-06-18;M;64;1;5;6432;3137277;42819;
1084;Hovedstaden;2022-06-19;F;245;0;5;6432;3137522;42824;
1082;Midtjylland;2022-06-19;F;131;0;8;6432;3137653;42832;
1081;Nordjylland;2022-06-19;F;49;0;1;6432;3137702;42833;
1085;Sjælland;2022-06-19;F;39;0;3;6432;3137741;42836;
1083;Syddanmark;2022-06-19;F;147;0;0;6432;3137888;42836;
1084;Hovedstaden;2022-06-19;M;236;0;7;6432;3138124;42843;
1082;Midtjylland;2022-06-19;M;140;0;4;6432;3138264;42847;
1081;Nordjylland;2022-06-19;M;39;0;3;6432;3138303;42850;
1085;Sjælland;2022-06-19;M;43;0;2;6432;3138346;42852;
1083;Syddanmark;2022-06-19;M;114;0;2;6432;3138460;42854;
1084;Hovedstaden;2022-06-20;F;337;1;9;6433;3138797;42863;
1082;Midtjylland;2022-06-20;F;190;0;3;6433;3138987;42866;
1081;Nordjylland;2022-06-20;F;85;0;1;6433;3139072;42867;
1085;Sjælland;2022-06-20;F;189;0;4;6433;3139261;42871;
1083;Syddanmark;2022-06-20;F;175;1;10;6434;3139436;42881;
1084;Hovedstaden;2022-06-20;M;318;0;5;6434;3139754;42886;
1082;Midtjylland;2022-06-20;M;162;1;5;6435;3139916;42891;
1081;Nordjylland;2022-06-20;M;75;0;2;6435;3139991;42893;
1085;Sjælland;2022-06-20;M;201;1;7;6436;3140192;42900;
1083;Syddanmark;2022-06-20;M;151;0;3;6436;3140343;42903;
1084;Hovedstaden;2022-06-21;F;355;1;14;6437;3140698;42917;
1082;Midtjylland;2022-06-21;F;193;0;4;6437;3140891;42921;
1081;Nordjylland;2022-06-21;F;72;0;6;6437;3140963;42927;
1085;Sjælland;2022-06-21;F;174;0;1;6437;3141137;42928;
1083;Syddanmark;2022-06-21;F;194;1;6;6438;3141331;42934;
1084;Hovedstaden;2022-06-21;M;372;1;11;6439;3141703;42945;
1082;Midtjylland;2022-06-21;M;179;2;5;6441;3141882;42950;
1081;Nordjylland;2022-06-21;M;65;0;2;6441;3141947;42952;
1085;Sjælland;2022-06-21;M;154;0;7;6441;3142101;42959;
1083;Syddanmark;2022-06-21;M;178;0;5;6441;3142279;42964;
1084;Hovedstaden;2022-06-22;F;357;2;19;6443;3142636;42983;
1082;Midtjylland;2022-06-22;F;169;0;7;6443;3142805;42990;
1081;Nordjylland;2022-06-22;F;107;0;4;6443;3142912;42994;
1085;Sjælland;2022-06-22;F;123;1;3;6444;3143035;42997;
1083;Syddanmark;2022-06-22;F;156;1;4;6445;3143191;43001;
1084;Hovedstaden;2022-06-22;M;344;2;10;6447;3143535;43011;
1082;Midtjylland;2022-06-22;M;171;0;5;6447;3143706;43016;
1081;Nordjylland;2022-06-22;M;85;0;5;6447;3143791;43021;
1085;Sjælland;2022-06-22;M;140;1;5;6448;3143931;43026;
1083;Syddanmark;2022-06-22;M;153;2;7;6450;3144084;43033;
1084;Hovedstaden;2022-06-23;F;312;0;8;6450;3144396;43041;
1082;Midtjylland;2022-06-23;F;142;0;3;6450;3144538;43044;
1081;Nordjylland;2022-06-23;F;47;0;4;6450;3144585;43048;
1085;Sjælland;2022-06-23;F;111;0;2;6450;3144696;43050;
1083;Syddanmark;2022-06-23;F;143;1;9;6451;3144839;43059;
1084;Hovedstaden;2022-06-23;M;271;2;15;6453;3145110;43074;
1082;Midtjylland;2022-06-23;M;138;1;7;6454;3145248;43081;
1081;Nordjylland;2022-06-23;M;46;0;1;6454;3145294;43082;
1085;Sjælland;2022-06-23;M;107;0;6;6454;3145401;43088;
1083;Syddanmark;2022-06-23;M;118;2;9;6456;3145519;43097;
1084;Hovedstaden;2022-06-24;F;270;1;9;6457;3145789;43106;
1082;Midtjylland;2022-06-24;F;121;1;5;6458;3145910;43111;
1081;Nordjylland;2022-06-24;F;80;0;1;6458;3145990;43112;
1085;Sjælland;2022-06-24;F;103;1;6;6459;3146093;43118;
1083;Syddanmark;2022-06-24;F;118;0;4;6459;3146211;43122;
1084;Hovedstaden;2022-06-24;M;239;2;10;6461;3146450;43132;
1082;Midtjylland;2022-06-24;M;108;0;6;6461;3146558;43138;
1081;Nordjylland;2022-06-24;M;54;0;3;6461;3146612;43141;
1085;Sjælland;2022-06-24;M;94;1;1;6462;3146706;43142;
1083;Syddanmark;2022-06-24;M;96;1;7;6463;3146802;43149;
1084;Hovedstaden;2022-06-25;F;166;0;7;6463;3146968;43156;
1082;Midtjylland;2022-06-25;F;82;1;6;6464;3147050;43162;
1081;Nordjylland;2022-06-25;F;23;0;1;6464;3147073;43163;
1085;Sjælland;2022-06-25;F;34;0;3;6464;3147107;43166;
1083;Syddanmark;2022-06-25;F;52;2;3;6466;3147159;43169;
1084;Hovedstaden;2022-06-25;M;159;1;8;6467;3147318;43177;
1082;Midtjylland;2022-06-25;M;79;0;6;6467;3147397;43183;
1081;Nordjylland;2022-06-25;M;24;0;1;6467;3147421;43184;
1085;Sjælland;2022-06-25;M;33;1;2;6468;3147454;43186;
1083;Syddanmark;2022-06-25;M;53;1;4;6469;3147507;43190;
1084;Hovedstaden;2022-06-26;F;360;1;11;6470;3147867;43201;
1082;Midtjylland;2022-06-26;F;183;0;4;6470;3148050;43205;
1081;Nordjylland;2022-06-26;F;56;0;3;6470;3148106;43208;
1085;Sjælland;2022-06-26;F;62;0;5;6470;3148168;43213;
1083;Syddanmark;2022-06-26;F;17;1;9;6471;3148185;43222;
1084;Hovedstaden;2022-06-26;M;315;0;10;6471;3148500;43232;
1082;Midtjylland;2022-06-26;M;163;0;6;6471;3148663;43238;
1081;Nordjylland;2022-06-26;M;55;0;1;6471;3148718;43239;
1085;Sjælland;2022-06-26;M;56;0;4;6471;3148774;43243;
1083;Syddanmark;2022-06-26;M;5;0;4;6471;3148779;43247;
1084;Hovedstaden;2022-06-27;F;477;0;10;6471;3149256;43257;
1082;Midtjylland;2022-06-27;F;229;0;8;6471;3149485;43265;
1081;Nordjylland;2022-06-27;F;122;0;5;6471;3149607;43270;
1085;Sjælland;2022-06-27;F;256;0;3;6471;3149863;43273;
1083;Syddanmark;2022-06-27;F;351;1;6;6472;3150214;43279;
1084;Hovedstaden;2022-06-27;M;388;2;14;6474;3150602;43293;
1082;Midtjylland;2022-06-27;M;220;1;7;6475;3150822;43300;
1081;Nordjylland;2022-06-27;M;115;0;3;6475;3150937;43303;
1085;Sjælland;2022-06-27;M;245;1;10;6476;3151182;43313;
1083;Syddanmark;2022-06-27;M;373;1;4;6477;3151555;43317;
1084;Hovedstaden;2022-06-28;F;386;0;13;6477;3151941;43330;
1082;Midtjylland;2022-06-28;F;262;0;8;6477;3152203;43338;
1081;Nordjylland;2022-06-28;F;89;0;3;6477;3152292;43341;
1085;Sjælland;2022-06-28;F;186;1;3;6478;3152478;43344;
1083;Syddanmark;2022-06-28;F;320;1;3;6479;3152798;43347;
1084;Hovedstaden;2022-06-28;M;364;1;12;6480;3153162;43359;
1082;Midtjylland;2022-06-28;M;207;0;14;6480;3153369;43373;
1081;Nordjylland;2022-06-28;M;66;0;4;6480;3153435;43377;
1085;Sjælland;2022-06-28;M;133;0;7;6480;3153568;43384;
1083;Syddanmark;2022-06-28;M;267;0;6;6480;3153835;43390;
1084;Hovedstaden;2022-06-29;F;342;2;19;6482;3154177;43409;
1082;Midtjylland;2022-06-29;F;243;0;4;6482;3154420;43413;
1081;Nordjylland;2022-06-29;F;108;0;2;6482;3154528;43415;
1085;Sjælland;2022-06-29;F;149;0;4;6482;3154677;43419;
1083;Syddanmark;2022-06-29;F;261;0;2;6482;3154938;43421;
1084;Hovedstaden;2022-06-29;M;330;1;16;6483;3155268;43437;
1082;Midtjylland;2022-06-29;M;193;3;7;6486;3155461;43444;
1081;Nordjylland;2022-06-29;M;93;0;7;6486;3155554;43451;
1085;Sjælland;2022-06-29;M;133;0;1;6486;3155687;43452;
1083;Syddanmark;2022-06-29;M;279;1;5;6487;3155966;43457;
1084;Hovedstaden;2022-06-30;F;328;0;8;6487;3156294;43465;
1082;Midtjylland;2022-06-30;F;186;1;5;6488;3156480;43470;
1081;Nordjylland;2022-06-30;F;79;0;3;6488;3156559;43473;
1085;Sjælland;2022-06-30;F;140;0;3;6488;3156699;43476;
1083;Syddanmark;2022-06-30;F;205;0;2;6488;3156904;43478;
1084;Hovedstaden;2022-06-30;M;272;0;10;6488;3157176;43488;
1082;Midtjylland;2022-06-30;M;179;0;6;6488;3157355;43494;
1081;Nordjylland;2022-06-30;M;57;0;4;6488;3157412;43498;
1085;Sjælland;2022-06-30;M;111;1;8;6489;3157523;43506;
1083;Syddanmark;2022-06-30;M;199;1;7;6490;3157722;43513;
1084;Hovedstaden;2022-07-01;F;284;0;13;6490;3158006;43526;
1082;Midtjylland;2022-07-01;F;185;0;3;6490;3158191;43529;
1081;Nordjylland;2022-07-01;F;88;0;0;6490;3158279;43529;
1085;Sjælland;2022-07-01;F;125;0;2;6490;3158404;43531;
1083;Syddanmark;2022-07-01;F;190;0;1;6490;3158594;43532;
1084;Hovedstaden;2022-07-01;M;222;3;14;6493;3158816;43546;
1082;Midtjylland;2022-07-01;M;152;0;4;6493;3158968;43550;
1081;Nordjylland;2022-07-01;M;89;1;5;6494;3159057;43555;
1085;Sjælland;2022-07-01;M;94;0;6;6494;3159151;43561;
1083;Syddanmark;2022-07-01;M;186;0;8;6494;3159337;43569;
1084;Hovedstaden;2022-07-02;F;214;0;8;6494;3159551;43577;
1082;Midtjylland;2022-07-02;F;130;0;1;6494;3159681;43578;
1081;Nordjylland;2022-07-02;F;52;0;1;6494;3159733;43579;
1085;Sjælland;2022-07-02;F;48;0;4;6494;3159781;43583;
1083;Syddanmark;2022-07-02;F;92;1;5;6495;3159873;43588;
1084;Hovedstaden;2022-07-02;M;199;0;8;6495;3160072;43596;
1082;Midtjylland;2022-07-02;M;125;0;7;6495;3160197;43603;
1081;Nordjylland;2022-07-02;M;49;1;4;6496;3160246;43607;
1085;Sjælland;2022-07-02;M;48;1;4;6497;3160294;43611;
1083;Syddanmark;2022-07-02;M;105;1;9;6498;3160399;43620;
1084;Hovedstaden;2022-07-03;F;307;1;12;6499;3160706;43632;
1082;Midtjylland;2022-07-03;F;141;0;4;6499;3160847;43636;
1081;Nordjylland;2022-07-03;F;58;0;2;6499;3160905;43638;
1085;Sjælland;2022-07-03;F;111;0;4;6499;3161016;43642;
1083;Syddanmark;2022-07-03;F;163;0;6;6499;3161179;43648;
1084;Hovedstaden;2022-07-03;M;255;1;11;6500;3161434;43659;
1082;Midtjylland;2022-07-03;M;138;0;8;6500;3161572;43667;
1081;Nordjylland;2022-07-03;M;38;1;2;6501;3161610;43669;
1085;Sjælland;2022-07-03;M;104;1;2;6502;3161714;43671;
1083;Syddanmark;2022-07-03;M;146;0;5;6502;3161860;43676;
1084;Hovedstaden;2022-07-04;F;511;0;13;6502;3162371;43689;
1082;Midtjylland;2022-07-04;F;221;0;5;6502;3162592;43694;
1081;Nordjylland;2022-07-04;F;128;0;2;6502;3162720;43696;
1085;Sjælland;2022-07-04;F;242;0;5;6502;3162962;43701;
1083;Syddanmark;2022-07-04;F;329;5;9;6507;3163291;43710;
1084;Hovedstaden;2022-07-04;M;423;1;20;6508;3163714;43730;
1082;Midtjylland;2022-07-04;M;228;1;6;6509;3163942;43736;
1081;Nordjylland;2022-07-04;M;110;1;5;6510;3164052;43741;
1085;Sjælland;2022-07-04;M;208;0;6;6510;3164260;43747;
1083;Syddanmark;2022-07-04;M;280;0;6;6510;3164540;43753;
1084;Hovedstaden;2022-07-05;F;534;0;12;6510;3165074;43765;
1082;Midtjylland;2022-07-05;F;246;2;6;6512;3165320;43771;
1081;Nordjylland;2022-07-05;F;119;0;4;6512;3165439;43775;
1085;Sjælland;2022-07-05;F;265;0;5;6512;3165704;43780;
1083;Syddanmark;2022-07-05;F;259;1;4;6513;3165963;43784;
1084;Hovedstaden;2022-07-05;M;490;0;11;6513;3166453;43795;
1082;Midtjylland;2022-07-05;M;178;0;8;6513;3166631;43803;
1081;Nordjylland;2022-07-05;M;116;0;5;6513;3166747;43808;
1085;Sjælland;2022-07-05;M;244;0;6;6513;3166991;43814;
1083;Syddanmark;2022-07-05;M;264;0;11;6513;3167255;43825;
1084;Hovedstaden;2022-07-06;F;548;1;12;6514;3167803;43837;
1082;Midtjylland;2022-07-06;F;231;0;4;6514;3168034;43841;
1081;Nordjylland;2022-07-06;F;164;1;3;6515;3168198;43844;
1085;Sjælland;2022-07-06;F;237;0;4;6515;3168435;43848;
1083;Syddanmark;2022-07-06;F;270;0;6;6515;3168705;43854;
1084;Hovedstaden;2022-07-06;M;458;1;8;6516;3169163;43862;
1082;Midtjylland;2022-07-06;M;193;0;7;6516;3169356;43869;
1081;Nordjylland;2022-07-06;M;165;0;5;6516;3169521;43874;
1085;Sjælland;2022-07-06;M;223;1;9;6517;3169744;43883;
1083;Syddanmark;2022-07-06;M;234;2;10;6519;3169978;43893;
1084;Hovedstaden;2022-07-07;F;475;1;12;6520;3170453;43905;
1082;Midtjylland;2022-07-07;F;225;1;9;6521;3170678;43914;
1081;Nordjylland;2022-07-07;F;128;0;2;6521;3170806;43916;
1085;Sjælland;2022-07-07;F;173;0;7;6521;3170979;43923;
1083;Syddanmark;2022-07-07;F;204;0;4;6521;3171183;43927;
1084;Hovedstaden;2022-07-07;M;389;0;20;6521;3171572;43947;
1082;Midtjylland;2022-07-07;M;193;0;5;6521;3171765;43952;
1081;Nordjylland;2022-07-07;M;112;1;6;6522;3171877;43958;
1085;Sjælland;2022-07-07;M;177;1;7;6523;3172054;43965;
1083;Syddanmark;2022-07-07;M;195;0;3;6523;3172249;43968;
1084;Hovedstaden;2022-07-08;F;444;2;15;6525;3172693;43983;
1082;Midtjylland;2022-07-08;F;188;0;6;6525;3172881;43989;
1081;Nordjylland;2022-07-08;F;162;2;8;6527;3173043;43997;
1085;Sjælland;2022-07-08;F;181;1;7;6528;3173224;44004;
1083;Syddanmark;2022-07-08;F;200;2;7;6530;3173424;44011;
1084;Hovedstaden;2022-07-08;M;331;1;10;6531;3173755;44021;
1082;Midtjylland;2022-07-08;M;196;0;8;6531;3173951;44029;
1081;Nordjylland;2022-07-08;M;129;0;6;6531;3174080;44035;
1085;Sjælland;2022-07-08;M;194;1;4;6532;3174274;44039;
1083;Syddanmark;2022-07-08;M;196;2;4;6534;3174470;44043;
1084;Hovedstaden;2022-07-09;F;327;1;12;6535;3174797;44055;
1082;Midtjylland;2022-07-09;F;145;1;4;6536;3174942;44059;
1081;Nordjylland;2022-07-09;F;79;0;7;6536;3175021;44066;
1085;Sjælland;2022-07-09;F;90;0;6;6536;3175111;44072;
1083;Syddanmark;2022-07-09;F;101;1;5;6537;3175212;44077;
1084;Hovedstaden;2022-07-09;M;280;0;11;6537;3175492;44088;
1082;Midtjylland;2022-07-09;M;137;1;2;6538;3175629;44090;
1081;Nordjylland;2022-07-09;M;53;0;5;6538;3175682;44095;
1085;Sjælland;2022-07-09;M;106;0;8;6538;3175788;44103;
1083;Syddanmark;2022-07-09;M;97;1;9;6539;3175885;44112;
1084;Hovedstaden;2022-07-10;F;396;1;15;6540;3176281;44127;
1082;Midtjylland;2022-07-10;F;198;0;3;6540;3176479;44130;
1081;Nordjylland;2022-07-10;F;84;0;4;6540;3176563;44134;
1085;Sjælland;2022-07-10;F;148;0;5;6540;3176711;44139;
1083;Syddanmark;2022-07-10;F;221;1;8;6541;3176932;44147;
1084;Hovedstaden;2022-07-10;M;287;4;20;6545;3177219;44167;
1082;Midtjylland;2022-07-10;M;163;1;11;6546;3177382;44178;
1081;Nordjylland;2022-07-10;M;74;0;3;6546;3177456;44181;
1085;Sjælland;2022-07-10;M;135;1;7;6547;3177591;44188;
1083;Syddanmark;2022-07-10;M;191;1;5;6548;3177782;44193;
1084;Hovedstaden;2022-07-11;F;524;2;23;6550;3178306;44216;
1082;Midtjylland;2022-07-11;F;247;1;7;6551;3178553;44223;
1081;Nordjylland;2022-07-11;F;166;0;3;6551;3178719;44226;
1085;Sjælland;2022-07-11;F;331;0;9;6551;3179050;44235;
1083;Syddanmark;2022-07-11;F;314;1;5;6552;3179364;44240;
1084;Hovedstaden;2022-07-11;M;403;2;15;6554;3179767;44255;
1082;Midtjylland;2022-07-11;M;251;1;13;6555;3180018;44268;
1081;Nordjylland;2022-07-11;M;148;0;7;6555;3180166;44275;
1085;Sjælland;2022-07-11;M;280;0;9;6555;3180446;44284;
1083;Syddanmark;2022-07-11;M;266;3;9;6558;3180712;44293;
1084;Hovedstaden;2022-07-12;F;439;4;15;6562;3181151;44308;
1082;Midtjylland;2022-07-12;F;251;1;8;6563;3181402;44316;
1081;Nordjylland;2022-07-12;F;126;1;7;6564;3181528;44323;
1085;Sjælland;2022-07-12;F;240;0;9;6564;3181768;44332;
1083;Syddanmark;2022-07-12;F;293;0;6;6564;3182061;44338;
1084;Hovedstaden;2022-07-12;M;403;2;22;6566;3182464;44360;
1082;Midtjylland;2022-07-12;M;191;0;3;6566;3182655;44363;
1081;Nordjylland;2022-07-12;M;100;2;8;6568;3182755;44371;
1085;Sjælland;2022-07-12;M;196;0;7;6568;3182951;44378;
1083;Syddanmark;2022-07-12;M;252;1;11;6569;3183203;44389;
1084;Hovedstaden;2022-07-13;F;427;2;21;6571;3183630;44410;
1082;Midtjylland;2022-07-13;F;230;0;4;6571;3183860;44414;
1081;Nordjylland;2022-07-13;F;156;1;4;6572;3184016;44418;
1085;Sjælland;2022-07-13;F;254;1;10;6573;3184270;44428;
1083;Syddanmark;2022-07-13;F;247;0;16;6573;3184517;44444;
1084;Hovedstaden;2022-07-13;M;351;1;16;6574;3184868;44460;
1082;Midtjylland;2022-07-13;M;197;0;5;6574;3185065;44465;
1081;Nordjylland;2022-07-13;M;126;1;10;6575;3185191;44475;
1085;Sjælland;2022-07-13;M;221;3;12;6578;3185412;44487;
1083;Syddanmark;2022-07-13;M;240;4;14;6582;3185652;44501;
1084;Hovedstaden;2022-07-14;F;352;2;13;6584;3186004;44514;
1082;Midtjylland;2022-07-14;F;213;0;3;6584;3186217;44517;
1081;Nordjylland;2022-07-14;F;105;0;3;6584;3186322;44520;
1085;Sjælland;2022-07-14;F;228;0;8;6584;3186550;44528;
1083;Syddanmark;2022-07-14;F;217;2;12;6586;3186767;44540;
1084;Hovedstaden;2022-07-14;M;381;0;21;6586;3187148;44561;
1082;Midtjylland;2022-07-14;M;188;0;5;6586;3187336;44566;
1081;Nordjylland;2022-07-14;M;98;1;5;6587;3187434;44571;
1085;Sjælland;2022-07-14;M;183;1;7;6588;3187617;44578;
1083;Syddanmark;2022-07-14;M;173;0;9;6588;3187790;44587;
1084;Hovedstaden;2022-07-15;F;372;1;17;6589;3188162;44604;
1082;Midtjylland;2022-07-15;F;237;0;8;6589;3188399;44612;
1081;Nordjylland;2022-07-15;F;133;1;7;6590;3188532;44619;
1085;Sjælland;2022-07-15;F;186;1;4;6591;3188718;44623;
1083;Syddanmark;2022-07-15;F;229;0;4;6591;3188947;44627;
1084;Hovedstaden;2022-07-15;M;322;1;12;6592;3189269;44639;
1082;Midtjylland;2022-07-15;M;192;1;6;6593;3189461;44645;
1081;Nordjylland;2022-07-15;M;95;1;4;6594;3189556;44649;
1085;Sjælland;2022-07-15;M;184;0;13;6594;3189740;44662;
1083;Syddanmark;2022-07-15;M;218;2;4;6596;3189958;44666;
1084;Hovedstaden;2022-07-16;F;305;1;16;6597;3190263;44682;
1082;Midtjylland;2022-07-16;F;161;0;2;6597;3190424;44684;
1081;Nordjylland;2022-07-16;F;65;0;5;6597;3190489;44689;
1085;Sjælland;2022-07-16;F;104;0;7;6597;3190593;44696;
1083;Syddanmark;2022-07-16;F;68;0;4;6597;3190661;44700;
1084;Hovedstaden;2022-07-16;M;268;5;22;6602;3190929;44722;
1082;Midtjylland;2022-07-16;M;175;1;5;6603;3191104;44727;
1081;Nordjylland;2022-07-16;M;61;0;2;6603;3191165;44729;
1085;Sjælland;2022-07-16;M;87;0;5;6603;3191252;44734;
1083;Syddanmark;2022-07-16;M;88;1;9;6604;3191340;44743;
1084;Hovedstaden;2022-07-17;F;321;1;16;6605;3191661;44759;
1082;Midtjylland;2022-07-17;F;243;0;12;6605;3191904;44771;
1081;Nordjylland;2022-07-17;F;74;0;2;6605;3191978;44773;
1085;Sjælland;2022-07-17;F;172;0;8;6605;3192150;44781;
1083;Syddanmark;2022-07-17;F;232;1;10;6606;3192382;44791;
1084;Hovedstaden;2022-07-17;M;276;3;23;6609;3192658;44814;
1082;Midtjylland;2022-07-17;M;164;1;8;6610;3192822;44822;
1081;Nordjylland;2022-07-17;M;67;0;3;6610;3192889;44825;
1085;Sjælland;2022-07-17;M;147;0;9;6610;3193036;44834;
1083;Syddanmark;2022-07-17;M;187;2;16;6612;3193223;44850;
1084;Hovedstaden;2022-07-18;F;432;1;23;6613;3193655;44873;
1082;Midtjylland;2022-07-18;F;311;1;12;6614;3193966;44885;
1081;Nordjylland;2022-07-18;F;149;2;7;6616;3194115;44892;
1085;Sjælland;2022-07-18;F;262;1;10;6617;3194377;44902;
1083;Syddanmark;2022-07-18;F;348;2;9;6619;3194725;44911;
1084;Hovedstaden;2022-07-18;M;346;4;35;6623;3195071;44946;
1082;Midtjylland;2022-07-18;M;275;0;7;6623;3195346;44953;
1081;Nordjylland;2022-07-18;M;160;2;9;6625;3195506;44962;
1085;Sjælland;2022-07-18;M;211;2;11;6627;3195717;44973;
1083;Syddanmark;2022-07-18;M;281;2;18;6629;3195998;44991;
1084;Hovedstaden;2022-07-19;F;352;1;21;6630;3196350;45012;
1082;Midtjylland;2022-07-19;F;244;1;9;6631;3196594;45021;
1081;Nordjylland;2022-07-19;F;114;0;5;6631;3196708;45026;
1085;Sjælland;2022-07-19;F;209;0;2;6631;3196917;45028;
1083;Syddanmark;2022-07-19;F;265;0;8;6631;3197182;45036;
1084;Hovedstaden;2022-07-19;M;285;1;20;6632;3197467;45056;
1082;Midtjylland;2022-07-19;M;195;1;8;6633;3197662;45064;
1081;Nordjylland;2022-07-19;M;88;1;6;6634;3197750;45070;
1085;Sjælland;2022-07-19;M;204;1;9;6635;3197954;45079;
1083;Syddanmark;2022-07-19;M;254;0;11;6635;3198208;45090;
1084;Hovedstaden;2022-07-20;F;371;3;23;6638;3198579;45113;
1082;Midtjylland;2022-07-20;F;180;1;5;6639;3198759;45118;
1081;Nordjylland;2022-07-20;F;111;1;2;6640;3198870;45120;
1085;Sjælland;2022-07-20;F;194;0;6;6640;3199064;45126;
1083;Syddanmark;2022-07-20;F;195;3;8;6643;3199259;45134;
1084;Hovedstaden;2022-07-20;M;313;2;22;6645;3199572;45156;
1082;Midtjylland;2022-07-20;M;195;1;9;6646;3199767;45165;
1081;Nordjylland;2022-07-20;M;103;0;7;6646;3199870;45172;
1085;Sjælland;2022-07-20;M;179;1;8;6647;3200049;45180;
1083;Syddanmark;2022-07-20;M;190;1;8;6648;3200239;45188;
1084;Hovedstaden;2022-07-21;F;319;1;16;6649;3200558;45204;
1082;Midtjylland;2022-07-21;F;199;1;3;6650;3200757;45207;
1081;Nordjylland;2022-07-21;F;103;0;3;6650;3200860;45210;
1085;Sjælland;2022-07-21;F;190;1;6;6651;3201050;45216;
1083;Syddanmark;2022-07-21;F;191;2;9;6653;3201241;45225;
1084;Hovedstaden;2022-07-21;M;285;2;14;6655;3201526;45239;
1082;Midtjylland;2022-07-21;M;168;2;6;6657;3201694;45245;
1081;Nordjylland;2022-07-21;M;79;0;8;6657;3201773;45253;
1085;Sjælland;2022-07-21;M;174;2;8;6659;3201947;45261;
1083;Syddanmark;2022-07-21;M;158;2;11;6661;3202105;45272;
1084;Hovedstaden;2022-07-22;F;306;6;19;6667;3202411;45291;
1082;Midtjylland;2022-07-22;F;225;0;8;6667;3202636;45299;
1081;Nordjylland;2022-07-22;F;111;0;5;6667;3202747;45304;
1085;Sjælland;2022-07-22;F;182;1;5;6668;3202929;45309;
1083;Syddanmark;2022-07-22;F;183;1;11;6669;3203112;45320;
1084;Hovedstaden;2022-07-22;M;238;0;14;6669;3203350;45334;
1082;Midtjylland;2022-07-22;M;171;0;6;6669;3203521;45340;
1081;Nordjylland;2022-07-22;M;89;0;10;6669;3203610;45350;
1085;Sjælland;2022-07-22;M;136;1;6;6670;3203746;45356;
1083;Syddanmark;2022-07-22;M;164;3;14;6673;3203910;45370;
1084;Hovedstaden;2022-07-23;F;250;3;12;6676;3204160;45382;
1082;Midtjylland;2022-07-23;F;146;1;9;6677;3204306;45391;
1081;Nordjylland;2022-07-23;F;59;0;1;6677;3204365;45392;
1085;Sjælland;2022-07-23;F;62;0;4;6677;3204427;45396;
1083;Syddanmark;2022-07-23;F;82;0;3;6677;3204509;45399;
1084;Hovedstaden;2022-07-23;M;249;0;11;6677;3204758;45410;
1082;Midtjylland;2022-07-23;M;122;0;2;6677;3204880;45412;
1081;Nordjylland;2022-07-23;M;41;1;2;6678;3204921;45414;
1085;Sjælland;2022-07-23;M;74;1;6;6679;3204995;45420;
1083;Syddanmark;2022-07-23;M;57;0;8;6679;3205052;45428;
1084;Hovedstaden;2022-07-24;F;240;1;10;6680;3205292;45438;
1082;Midtjylland;2022-07-24;F;162;0;6;6680;3205454;45444;
1081;Nordjylland;2022-07-24;F;60;0;2;6680;3205514;45446;
1085;Sjælland;2022-07-24;F;112;0;6;6680;3205626;45452;
1083;Syddanmark;2022-07-24;F;169;0;4;6680;3205795;45456;
1084;Hovedstaden;2022-07-24;M;205;2;14;6682;3206000;45470;
1082;Midtjylland;2022-07-24;M;156;0;13;6682;3206156;45483;
1081;Nordjylland;2022-07-24;M;43;0;3;6682;3206199;45486;
1085;Sjælland;2022-07-24;M;112;1;3;6683;3206311;45489;
1083;Syddanmark;2022-07-24;M;142;0;10;6683;3206453;45499;
1084;Hovedstaden;2022-07-25;F;301;0;11;6683;3206754;45510;
1082;Midtjylland;2022-07-25;F;218;2;5;6685;3206972;45515;
1081;Nordjylland;2022-07-25;F;101;1;3;6686;3207073;45518;
1085;Sjælland;2022-07-25;F;182;0;6;6686;3207255;45524;
1083;Syddanmark;2022-07-25;F;284;1;7;6687;3207539;45531;
1084;Hovedstaden;2022-07-25;M;274;2;17;6689;3207813;45548;
1082;Midtjylland;2022-07-25;M;212;1;7;6690;3208025;45555;
1081;Nordjylland;2022-07-25;M;102;1;3;6691;3208127;45558;
1085;Sjælland;2022-07-25;M;151;2;7;6693;3208278;45565;
1083;Syddanmark;2022-07-25;M;244;2;12;6695;3208522;45577;
1084;Hovedstaden;2022-07-26;F;278;1;12;6696;3208800;45589;
1082;Midtjylland;2022-07-26;F;219;1;7;6697;3209019;45596;
1081;Nordjylland;2022-07-26;F;75;1;5;6698;3209094;45601;
1085;Sjælland;2022-07-26;F;163;1;9;6699;3209257;45610;
1083;Syddanmark;2022-07-26;F;229;1;8;6700;3209486;45618;
1084;Hovedstaden;2022-07-26;M;235;0;6;6700;3209721;45624;
1082;Midtjylland;2022-07-26;M;180;2;12;6702;3209901;45636;
1081;Nordjylland;2022-07-26;M;71;1;3;6703;3209972;45639;
1085;Sjælland;2022-07-26;M;148;0;7;6703;3210120;45646;
1083;Syddanmark;2022-07-26;M;197;2;3;6705;3210317;45649;
1084;Hovedstaden;2022-07-27;F;232;1;14;6706;3210549;45663;
1082;Midtjylland;2022-07-27;F;176;2;2;6708;3210725;45665;
1081;Nordjylland;2022-07-27;F;81;0;1;6708;3210806;45666;
1085;Sjælland;2022-07-27;F;125;0;4;6708;3210931;45670;
1083;Syddanmark;2022-07-27;F;175;1;5;6709;3211106;45675;
1084;Hovedstaden;2022-07-27;M;222;2;17;6711;3211328;45692;
1082;Midtjylland;2022-07-27;M;179;1;6;6712;3211507;45698;
1081;Nordjylland;2022-07-27;M;70;1;3;6713;3211577;45701;
1085;Sjælland;2022-07-27;M;123;1;3;6714;3211700;45704;
1083;Syddanmark;2022-07-27;M;149;2;8;6716;3211849;45712;
1084;Hovedstaden;2022-07-28;F;235;0;7;6716;3212084;45719;
1082;Midtjylland;2022-07-28;F;169;2;5;6718;3212253;45724;
1081;Nordjylland;2022-07-28;F;54;0;3;6718;3212307;45727;
1085;Sjælland;2022-07-28;F;131;0;2;6718;3212438;45729;
1083;Syddanmark;2022-07-28;F;141;1;10;6719;3212579;45739;
1084;Hovedstaden;2022-07-28;M;183;3;15;6722;3212762;45754;
1082;Midtjylland;2022-07-28;M;166;0;4;6722;3212928;45758;
1081;Nordjylland;2022-07-28;M;54;0;2;6722;3212982;45760;
1085;Sjælland;2022-07-28;M;115;0;5;6722;3213097;45765;
1083;Syddanmark;2022-07-28;M;134;1;8;6723;3213231;45773;
1084;Hovedstaden;2022-07-29;F;213;1;14;6724;3213444;45787;
1082;Midtjylland;2022-07-29;F;163;0;6;6724;3213607;45793;
1081;Nordjylland;2022-07-29;F;69;0;6;6724;3213676;45799;
1085;Sjælland;2022-07-29;F;102;0;2;6724;3213778;45801;
1083;Syddanmark;2022-07-29;F;157;1;4;6725;3213935;45805;
1084;Hovedstaden;2022-07-29;M;168;2;11;6727;3214103;45816;
1082;Midtjylland;2022-07-29;M;136;0;8;6727;3214239;45824;
1081;Nordjylland;2022-07-29;M;70;0;5;6727;3214309;45829;
1085;Sjælland;2022-07-29;M;110;1;9;6728;3214419;45838;
1083;Syddanmark;2022-07-29;M;149;2;7;6730;3214568;45845;
1084;Hovedstaden;2022-07-30;F;215;3;15;6733;3214783;45860;
1082;Midtjylland;2022-07-30;F;153;0;7;6733;3214936;45867;
1081;Nordjylland;2022-07-30;F;43;0;5;6733;3214979;45872;
1085;Sjælland;2022-07-30;F;77;1;5;6734;3215056;45877;
1083;Syddanmark;2022-07-30;F;100;2;8;6736;3215156;45885;
1084;Hovedstaden;2022-07-30;M;182;1;7;6737;3215338;45892;
1082;Midtjylland;2022-07-30;M;125;1;5;6738;3215463;45897;
1081;Nordjylland;2022-07-30;M;41;0;3;6738;3215504;45900;
1085;Sjælland;2022-07-30;M;83;0;6;6738;3215587;45906;
1083;Syddanmark;2022-07-30;M;79;0;9;6738;3215666;45915;
1084;Hovedstaden;2022-07-31;F;254;1;13;6739;3215920;45928;
1082;Midtjylland;2022-07-31;F;205;1;6;6740;3216125;45934;
1081;Nordjylland;2022-07-31;F;78;1;5;6741;3216203;45939;
1085;Sjælland;2022-07-31;F;136;0;5;6741;3216339;45944;
1083;Syddanmark;2022-07-31;F;161;1;7;6742;3216500;45951;
1084;Hovedstaden;2022-07-31;M;185;1;11;6743;3216685;45962;
1082;Midtjylland;2022-07-31;M;147;1;8;6744;3216832;45970;
1081;Nordjylland;2022-07-31;M;53;0;0;6744;3216885;45970;
1085;Sjælland;2022-07-31;M;94;1;5;6745;3216979;45975;
1083;Syddanmark;2022-07-31;M;136;1;7;6746;3217115;45982;
1084;Hovedstaden;2022-08-01;F;294;0;15;6746;3217409;45997;
1082;Midtjylland;2022-08-01;F;212;0;6;6746;3217621;46003;
1081;Nordjylland;2022-08-01;F;118;1;5;6747;3217739;46008;
1085;Sjælland;2022-08-01;F;210;1;10;6748;3217949;46018;
1083;Syddanmark;2022-08-01;F;249;4;13;6752;3218198;46031;
1084;Hovedstaden;2022-08-01;M;248;3;12;6755;3218446;46043;
1082;Midtjylland;2022-08-01;M;190;2;4;6757;3218636;46047;
1081;Nordjylland;2022-08-01;M;83;1;1;6758;3218719;46048;
1085;Sjælland;2022-08-01;M;173;0;6;6758;3218892;46054;
1083;Syddanmark;2022-08-01;M;205;0;7;6758;3219097;46061;
1084;Hovedstaden;2022-08-02;F;276;3;13;6761;3219373;46074;
1082;Midtjylland;2022-08-02;F;175;1;5;6762;3219548;46079;
1081;Nordjylland;2022-08-02;F;66;0;2;6762;3219614;46081;
1085;Sjælland;2022-08-02;F;171;1;7;6763;3219785;46088;
1083;Syddanmark;2022-08-02;F;227;0;6;6763;3220012;46094;
1084;Hovedstaden;2022-08-02;M;249;0;8;6763;3220261;46102;
1082;Midtjylland;2022-08-02;M;186;1;5;6764;3220447;46107;
1081;Nordjylland;2022-08-02;M;67;1;3;6765;3220514;46110;
1085;Sjælland;2022-08-02;M;145;0;4;6765;3220659;46114;
1083;Syddanmark;2022-08-02;M;230;1;5;6766;3220889;46119;
1084;Hovedstaden;2022-08-03;F;245;0;3;6766;3221134;46122;
1082;Midtjylland;2022-08-03;F;185;0;6;6766;3221319;46128;
1081;Nordjylland;2022-08-03;F;84;0;4;6766;3221403;46132;
1085;Sjælland;2022-08-03;F;167;2;8;6768;3221570;46140;
1083;Syddanmark;2022-08-03;F;196;1;5;6769;3221766;46145;
1084;Hovedstaden;2022-08-03;M;220;2;17;6771;3221986;46162;
1082;Midtjylland;2022-08-03;M;176;2;7;6773;3222162;46169;
1081;Nordjylland;2022-08-03;M;83;0;4;6773;3222245;46173;
1085;Sjælland;2022-08-03;M;149;0;4;6773;3222394;46177;
1083;Syddanmark;2022-08-03;M;173;0;8;6773;3222567;46185;
1084;Hovedstaden;2022-08-04;F;213;2;14;6775;3222780;46199;
1082;Midtjylland;2022-08-04;F;165;1;4;6776;3222945;46203;
1081;Nordjylland;2022-08-04;F;76;0;3;6776;3223021;46206;
1085;Sjælland;2022-08-04;F;152;0;6;6776;3223173;46212;
1083;Syddanmark;2022-08-04;F;141;0;3;6776;3223314;46215;
1084;Hovedstaden;2022-08-04;M;168;1;14;6777;3223482;46229;
1082;Midtjylland;2022-08-04;M;162;1;4;6778;3223644;46233;
1081;Nordjylland;2022-08-04;M;61;0;2;6778;3223705;46235;
1085;Sjælland;2022-08-04;M;109;1;7;6779;3223814;46242;
1083;Syddanmark;2022-08-04;M;112;1;7;6780;3223926;46249;
1084;Hovedstaden;2022-08-05;F;182;2;13;6782;3224108;46262;
1082;Midtjylland;2022-08-05;F;140;0;2;6782;3224248;46264;
1081;Nordjylland;2022-08-05;F;77;0;0;6782;3224325;46264;
1085;Sjælland;2022-08-05;F;121;1;4;6783;3224446;46268;
1083;Syddanmark;2022-08-05;F;157;1;5;6784;3224603;46273;
1084;Hovedstaden;2022-08-05;M;168;2;17;6786;3224771;46290;
1082;Midtjylland;2022-08-05;M;140;0;8;6786;3224911;46298;
1081;Nordjylland;2022-08-05;M;73;1;4;6787;3224984;46302;
1085;Sjælland;2022-08-05;M;102;1;11;6788;3225086;46313;
1083;Syddanmark;2022-08-05;M;147;1;9;6789;3225233;46322;
1084;Hovedstaden;2022-08-06;F;183;1;9;6790;3225416;46331;
1082;Midtjylland;2022-08-06;F;114;1;3;6791;3225530;46334;
1081;Nordjylland;2022-08-06;F;44;0;5;6791;3225574;46339;
1085;Sjælland;2022-08-06;F;80;1;2;6792;3225654;46341;
1083;Syddanmark;2022-08-06;F;77;0;2;6792;3225731;46343;
1084;Hovedstaden;2022-08-06;M;154;1;8;6793;3225885;46351;
1082;Midtjylland;2022-08-06;M;90;1;2;6794;3225975;46353;
1081;Nordjylland;2022-08-06;M;43;1;2;6795;3226018;46355;
1085;Sjælland;2022-08-06;M;64;0;4;6795;3226082;46359;
1083;Syddanmark;2022-08-06;M;79;1;5;6796;3226161;46364;
1084;Hovedstaden;2022-08-07;F;194;2;14;6798;3226355;46378;
1082;Midtjylland;2022-08-07;F;162;1;3;6799;3226517;46381;
1081;Nordjylland;2022-08-07;F;61;1;2;6800;3226578;46383;
1085;Sjælland;2022-08-07;F;90;0;3;6800;3226668;46386;
1083;Syddanmark;2022-08-07;F;165;0;8;6800;3226833;46394;
1084;Hovedstaden;2022-08-07;M;164;2;12;6802;3226997;46406;
1082;Midtjylland;2022-08-07;M;135;1;9;6803;3227132;46415;
1081;Nordjylland;2022-08-07;M;44;0;3;6803;3227176;46418;
1085;Sjælland;2022-08-07;M;89;0;2;6803;3227265;46420;
1083;Syddanmark;2022-08-07;M;130;1;7;6804;3227395;46427;
1084;Hovedstaden;2022-08-08;F;225;2;10;6806;3227620;46437;
1082;Midtjylland;2022-08-08;F;255;0;2;6806;3227875;46439;
1081;Nordjylland;2022-08-08;F;126;1;3;6807;3228001;46442;
1085;Sjælland;2022-08-08;F;165;1;7;6808;3228166;46449;
1083;Syddanmark;2022-08-08;F;247;1;9;6809;3228413;46458;
1084;Hovedstaden;2022-08-08;M;230;1;8;6810;3228643;46466;
1082;Midtjylland;2022-08-08;M;236;2;9;6812;3228879;46475;
1081;Nordjylland;2022-08-08;M;90;0;3;6812;3228969;46478;
1085;Sjælland;2022-08-08;M;144;1;4;6813;3229113;46482;
1083;Syddanmark;2022-08-08;M;243;0;6;6813;3229356;46488;
1084;Hovedstaden;2022-08-09;F;300;0;12;6813;3229656;46500;
1082;Midtjylland;2022-08-09;F;322;2;6;6815;3229978;46506;
1081;Nordjylland;2022-08-09;F;114;0;5;6815;3230092;46511;
1085;Sjælland;2022-08-09;F;167;2;7;6817;3230259;46518;
1083;Syddanmark;2022-08-09;F;265;1;5;6818;3230524;46523;
1084;Hovedstaden;2022-08-09;M;249;2;14;6820;3230773;46537;
1082;Midtjylland;2022-08-09;M;273;0;7;6820;3231046;46544;
1081;Nordjylland;2022-08-09;M;86;0;4;6820;3231132;46548;
1085;Sjælland;2022-08-09;M;141;0;4;6820;3231273;46552;
1083;Syddanmark;2022-08-09;M;220;1;9;6821;3231493;46561;
1084;Hovedstaden;2022-08-10;F;298;1;11;6822;3231791;46572;
1082;Midtjylland;2022-08-10;F;339;0;7;6822;3232130;46579;
1081;Nordjylland;2022-08-10;F;103;0;3;6822;3232233;46582;
1085;Sjælland;2022-08-10;F;195;0;4;6822;3232428;46586;
1083;Syddanmark;2022-08-10;F;217;2;10;6824;3232645;46596;
1084;Hovedstaden;2022-08-10;M;240;1;10;6825;3232885;46606;
1082;Midtjylland;2022-08-10;M;300;0;8;6825;3233185;46614;
1081;Nordjylland;2022-08-10;M;115;0;7;6825;3233300;46621;
1085;Sjælland;2022-08-10;M;150;1;4;6826;3233450;46625;
1083;Syddanmark;2022-08-10;M;186;2;8;6828;3233636;46633;
1084;Hovedstaden;2022-08-11;F;268;2;8;6830;3233904;46641;
1082;Midtjylland;2022-08-11;F;320;0;7;6830;3234224;46648;
1081;Nordjylland;2022-08-11;F;81;2;3;6832;3234305;46651;
1085;Sjælland;2022-08-11;F;132;0;5;6832;3234437;46656;
1083;Syddanmark;2022-08-11;F;162;1;5;6833;3234599;46661;
1084;Hovedstaden;2022-08-11;M;238;2;12;6835;3234837;46673;
1082;Midtjylland;2022-08-11;M;274;1;10;6836;3235111;46683;
1081;Nordjylland;2022-08-11;M;83;1;9;6837;3235194;46692;
1085;Sjælland;2022-08-11;M;128;1;6;6838;3235322;46698;
1083;Syddanmark;2022-08-11;M;142;0;5;6838;3235464;46703;
1084;Hovedstaden;2022-08-12;F;209;0;4;6838;3235673;46707;
1082;Midtjylland;2022-08-12;F;248;2;6;6840;3235921;46713;
1081;Nordjylland;2022-08-12;F;94;0;1;6840;3236015;46714;
1085;Sjælland;2022-08-12;F;138;0;2;6840;3236153;46716;
1083;Syddanmark;2022-08-12;F;179;2;9;6842;3236332;46725;
1084;Hovedstaden;2022-08-12;M;185;1;10;6843;3236517;46735;
1082;Midtjylland;2022-08-12;M;235;1;6;6844;3236752;46741;
1081;Nordjylland;2022-08-12;M;83;0;6;6844;3236835;46747;
1085;Sjælland;2022-08-12;M;120;1;5;6845;3236955;46752;
1083;Syddanmark;2022-08-12;M;171;1;11;6846;3237126;46763;
1084;Hovedstaden;2022-08-13;F;159;0;11;6846;3237285;46774;
1082;Midtjylland;2022-08-13;F;193;3;5;6849;3237478;46779;
1081;Nordjylland;2022-08-13;F;59;1;4;6850;3237537;46783;
1085;Sjælland;2022-08-13;F;80;1;3;6851;3237617;46786;
1083;Syddanmark;2022-08-13;F;98;3;8;6854;3237715;46794;
1084;Hovedstaden;2022-08-13;M;145;0;9;6854;3237860;46803;
1082;Midtjylland;2022-08-13;M;161;1;10;6855;3238021;46813;
1081;Nordjylland;2022-08-13;M;48;0;8;6855;3238069;46821;
1085;Sjælland;2022-08-13;M;62;1;6;6856;3238131;46827;
1083;Syddanmark;2022-08-13;M;81;1;5;6857;3238212;46832;
1084;Hovedstaden;2022-08-14;F;160;0;3;6857;3238372;46835;
1082;Midtjylland;2022-08-14;F;215;0;7;6857;3238587;46842;
1081;Nordjylland;2022-08-14;F;61;0;2;6857;3238648;46844;
1085;Sjælland;2022-08-14;F;97;0;6;6857;3238745;46850;
1083;Syddanmark;2022-08-14;F;127;2;10;6859;3238872;46860;
1084;Hovedstaden;2022-08-14;M;154;2;7;6861;3239026;46867;
1082;Midtjylland;2022-08-14;M;170;0;5;6861;3239196;46872;
1081;Nordjylland;2022-08-14;M;51;0;3;6861;3239247;46875;
1085;Sjælland;2022-08-14;M;108;1;9;6862;3239355;46884;
1083;Syddanmark;2022-08-14;M;126;0;9;6862;3239481;46893;
1084;Hovedstaden;2022-08-15;F;256;4;13;6866;3239737;46906;
1082;Midtjylland;2022-08-15;F;285;1;5;6867;3240022;46911;
1081;Nordjylland;2022-08-15;F;104;0;1;6867;3240126;46912;
1085;Sjælland;2022-08-15;F;150;0;11;6867;3240276;46923;
1083;Syddanmark;2022-08-15;F;219;0;5;6867;3240495;46928;
1084;Hovedstaden;2022-08-15;M;210;3;10;6870;3240705;46938;
1082;Midtjylland;2022-08-15;M;257;1;13;6871;3240962;46951;
1081;Nordjylland;2022-08-15;M;87;0;3;6871;3241049;46954;
1085;Sjælland;2022-08-15;M;136;1;7;6872;3241185;46961;
1083;Syddanmark;2022-08-15;M;211;0;9;6872;3241396;46970;
1084;Hovedstaden;2022-08-16;F;228;2;17;6874;3241624;46987;
1082;Midtjylland;2022-08-16;F;251;0;8;6874;3241875;46995;
1081;Nordjylland;2022-08-16;F;79;0;0;6874;3241954;46995;
1085;Sjælland;2022-08-16;F;128;1;5;6875;3242082;47000;
1083;Syddanmark;2022-08-16;F;188;0;10;6875;3242270;47010;
1084;Hovedstaden;2022-08-16;M;187;3;14;6878;3242457;47024;
1082;Midtjylland;2022-08-16;M;177;0;7;6878;3242634;47031;
1081;Nordjylland;2022-08-16;M;61;0;3;6878;3242695;47034;
1085;Sjælland;2022-08-16;M;123;0;11;6878;3242818;47045;
1083;Syddanmark;2022-08-16;M;188;1;9;6879;3243006;47054;
1084;Hovedstaden;2022-08-17;F;176;1;10;6880;3243182;47064;
1082;Midtjylland;2022-08-17;F;222;0;5;6880;3243404;47069;
1081;Nordjylland;2022-08-17;F;62;0;2;6880;3243466;47071;
1085;Sjælland;2022-08-17;F;149;0;6;6880;3243615;47077;
1083;Syddanmark;2022-08-17;F;178;1;6;6881;3243793;47083;
1084;Hovedstaden;2022-08-17;M;151;1;14;6882;3243944;47097;
1082;Midtjylland;2022-08-17;M;169;1;5;6883;3244113;47102;
1081;Nordjylland;2022-08-17;M;77;1;4;6884;3244190;47106;
1085;Sjælland;2022-08-17;M;116;0;3;6884;3244306;47109;
1083;Syddanmark;2022-08-17;M;144;1;8;6885;3244450;47117;
1084;Hovedstaden;2022-08-18;F;176;0;5;6885;3244626;47122;
1082;Midtjylland;2022-08-18;F;162;0;5;6885;3244788;47127;
1081;Nordjylland;2022-08-18;F;54;0;3;6885;3244842;47130;
1085;Sjælland;2022-08-18;F;114;1;6;6886;3244956;47136;
1083;Syddanmark;2022-08-18;F;137;0;6;6886;3245093;47142;
1084;Hovedstaden;2022-08-18;M;126;2;14;6888;3245219;47156;
1082;Midtjylland;2022-08-18;M;144;0;4;6888;3245363;47160;
1081;Nordjylland;2022-08-18;M;53;0;0;6888;3245416;47160;
1085;Sjælland;2022-08-18;M;101;1;8;6889;3245517;47168;
1083;Syddanmark;2022-08-18;M;103;0;6;6889;3245620;47174;
1084;Hovedstaden;2022-08-19;F;125;0;7;6889;3245745;47181;
1082;Midtjylland;2022-08-19;F;129;0;2;6889;3245874;47183;
1081;Nordjylland;2022-08-19;F;66;0;0;6889;3245940;47183;
1085;Sjælland;2022-08-19;F;126;1;11;6890;3246066;47194;
1083;Syddanmark;2022-08-19;F;127;1;7;6891;3246193;47201;
1084;Hovedstaden;2022-08-19;M;111;1;12;6892;3246304;47213;
1082;Midtjylland;2022-08-19;M;137;0;10;6892;3246441;47223;
1081;Nordjylland;2022-08-19;M;50;0;3;6892;3246491;47226;
1085;Sjælland;2022-08-19;M;95;2;7;6894;3246586;47233;
1083;Syddanmark;2022-08-19;M;98;2;2;6896;3246684;47235;
1084;Hovedstaden;2022-08-20;F;128;0;6;6896;3246812;47241;
1082;Midtjylland;2022-08-20;F;132;0;5;6896;3246944;47246;
1081;Nordjylland;2022-08-20;F;43;0;2;6896;3246987;47248;
1085;Sjælland;2022-08-20;F;30;1;3;6897;3247017;47251;
1083;Syddanmark;2022-08-20;F;56;1;4;6898;3247073;47255;
1084;Hovedstaden;2022-08-20;M;103;1;4;6899;3247176;47259;
1082;Midtjylland;2022-08-20;M;92;0;4;6899;3247268;47263;
1081;Nordjylland;2022-08-20;M;36;2;6;6901;3247304;47269;
1085;Sjælland;2022-08-20;M;39;1;5;6902;3247343;47274;
1083;Syddanmark;2022-08-20;M;45;2;4;6904;3247388;47278;
1084;Hovedstaden;2022-08-21;F;117;2;6;6906;3247505;47284;
1082;Midtjylland;2022-08-21;F;131;0;2;6906;3247636;47286;
1081;Nordjylland;2022-08-21;F;46;2;2;6908;3247682;47288;
1085;Sjælland;2022-08-21;F;65;1;4;6909;3247747;47292;
1083;Syddanmark;2022-08-21;F;108;0;5;6909;3247855;47297;
1084;Hovedstaden;2022-08-21;M;96;0;7;6909;3247951;47304;
1082;Midtjylland;2022-08-21;M;122;0;5;6909;3248073;47309;
1081;Nordjylland;2022-08-21;M;45;1;1;6910;3248118;47310;
1085;Sjælland;2022-08-21;M;60;0;4;6910;3248178;47314;
1083;Syddanmark;2022-08-21;M;90;1;5;6911;3248268;47319;
1084;Hovedstaden;2022-08-22;F;166;0;8;6911;3248434;47327;
1082;Midtjylland;2022-08-22;F;168;0;7;6911;3248602;47334;
1081;Nordjylland;2022-08-22;F;97;1;3;6912;3248699;47337;
1085;Sjælland;2022-08-22;F;64;0;0;6912;3248763;47337;
1083;Syddanmark;2022-08-22;F;136;0;4;6912;3248899;47341;
1084;Hovedstaden;2022-08-22;M;132;0;8;6912;3249031;47349;
1082;Midtjylland;2022-08-22;M;141;4;7;6916;3249172;47356;
1081;Nordjylland;2022-08-22;M;76;0;3;6916;3249248;47359;
1085;Sjælland;2022-08-22;M;60;1;5;6917;3249308;47364;
1083;Syddanmark;2022-08-22;M;129;1;3;6918;3249437;47367;
1084;Hovedstaden;2022-08-23;F;127;0;7;6918;3249564;47374;
1082;Midtjylland;2022-08-23;F;162;0;8;6918;3249726;47382;
1081;Nordjylland;2022-08-23;F;59;0;1;6918;3249785;47383;
1085;Sjælland;2022-08-23;F;103;0;3;6918;3249888;47386;
1083;Syddanmark;2022-08-23;F;130;1;4;6919;3250018;47390;
1084;Hovedstaden;2022-08-23;M;111;1;3;6920;3250129;47393;
1082;Midtjylland;2022-08-23;M;150;0;5;6920;3250279;47398;
1081;Nordjylland;2022-08-23;M;53;0;5;6920;3250332;47403;
1085;Sjælland;2022-08-23;M;71;2;5;6922;3250403;47408;
1083;Syddanmark;2022-08-23;M;101;1;2;6923;3250504;47410;
1084;Hovedstaden;2022-08-24;F;145;2;10;6925;3250649;47420;
1082;Midtjylland;2022-08-24;F;172;1;5;6926;3250821;47425;
1081;Nordjylland;2022-08-24;F;76;0;1;6926;3250897;47426;
1085;Sjælland;2022-08-24;F;99;0;7;6926;3250996;47433;
1083;Syddanmark;2022-08-24;F;112;0;4;6926;3251108;47437;
1084;Hovedstaden;2022-08-24;M;129;0;9;6926;3251237;47446;
1082;Midtjylland;2022-08-24;M;145;1;5;6927;3251382;47451;
1081;Nordjylland;2022-08-24;M;61;0;2;6927;3251443;47453;
1085;Sjælland;2022-08-24;M;85;0;5;6927;3251528;47458;
1083;Syddanmark;2022-08-24;M;109;1;8;6928;3251637;47466;
1084;Hovedstaden;2022-08-25;F;109;1;4;6929;3251746;47470;
1082;Midtjylland;2022-08-25;F;138;0;2;6929;3251884;47472;
1081;Nordjylland;2022-08-25;F;68;0;0;6929;3251952;47472;
1085;Sjælland;2022-08-25;F;89;1;2;6930;3252041;47474;
1083;Syddanmark;2022-08-25;F;83;1;3;6931;3252124;47477;
1084;Hovedstaden;2022-08-25;M;102;0;13;6931;3252226;47490;
1082;Midtjylland;2022-08-25;M;117;0;6;6931;3252343;47496;
1081;Nordjylland;2022-08-25;M;43;0;5;6931;3252386;47501;
1085;Sjælland;2022-08-25;M;73;0;6;6931;3252459;47507;
1083;Syddanmark;2022-08-25;M;60;0;9;6931;3252519;47516;
1084;Hovedstaden;2022-08-26;F;114;1;2;6932;3252633;47518;
1082;Midtjylland;2022-08-26;F;132;0;1;6932;3252765;47519;
1081;Nordjylland;2022-08-26;F;72;0;1;6932;3252837;47520;
1085;Sjælland;2022-08-26;F;79;1;6;6933;3252916;47526;
1083;Syddanmark;2022-08-26;F;98;0;9;6933;3253014;47535;
1084;Hovedstaden;2022-08-26;M;95;0;11;6933;3253109;47546;
1082;Midtjylland;2022-08-26;M;107;0;6;6933;3253216;47552;
1081;Nordjylland;2022-08-26;M;65;0;3;6933;3253281;47555;
1085;Sjælland;2022-08-26;M;55;0;3;6933;3253336;47558;
1083;Syddanmark;2022-08-26;M;75;0;5;6933;3253411;47563;
1084;Hovedstaden;2022-08-27;F;103;0;3;6933;3253514;47566;
1082;Midtjylland;2022-08-27;F;85;3;6;6936;3253599;47572;
1081;Nordjylland;2022-08-27;F;38;1;4;6937;3253637;47576;
1085;Sjælland;2022-08-27;F;33;0;1;6937;3253670;47577;
1083;Syddanmark;2022-08-27;F;46;1;6;6938;3253716;47583;
1084;Hovedstaden;2022-08-27;M;67;0;6;6938;3253783;47589;
1082;Midtjylland;2022-08-27;M;88;0;6;6938;3253871;47595;
1081;Nordjylland;2022-08-27;M;39;0;2;6938;3253910;47597;
1085;Sjælland;2022-08-27;M;30;0;2;6938;3253940;47599;
1083;Syddanmark;2022-08-27;M;46;2;7;6940;3253986;47606;
1084;Hovedstaden;2022-08-28;F;81;1;8;6941;3254067;47614;
1082;Midtjylland;2022-08-28;F;97;0;0;6941;3254164;47614;
1081;Nordjylland;2022-08-28;F;40;0;1;6941;3254204;47615;
1085;Sjælland;2022-08-28;F;52;1;4;6942;3254256;47619;
1083;Syddanmark;2022-08-28;F;74;1;3;6943;3254330;47622;
1084;Hovedstaden;2022-08-28;M;70;0;4;6943;3254400;47626;
1082;Midtjylland;2022-08-28;M;77;0;3;6943;3254477;47629;
1081;Nordjylland;2022-08-28;M;34;0;3;6943;3254511;47632;
1085;Sjælland;2022-08-28;M;48;0;3;6943;3254559;47635;
1083;Syddanmark;2022-08-28;M;65;0;5;6943;3254624;47640;
1084;Hovedstaden;2022-08-29;F;137;0;5;6943;3254761;47645;
1082;Midtjylland;2022-08-29;F;120;3;6;6946;3254881;47651;
1081;Nordjylland;2022-08-29;F;68;1;3;6947;3254949;47654;
1085;Sjælland;2022-08-29;F;81;0;5;6947;3255030;47659;
1083;Syddanmark;2022-08-29;F;125;0;5;6947;3255155;47664;
1084;Hovedstaden;2022-08-29;M;133;1;6;6948;3255288;47670;
1082;Midtjylland;2022-08-29;M;101;0;4;6948;3255389;47674;
1081;Nordjylland;2022-08-29;M;58;0;4;6948;3255447;47678;
1085;Sjælland;2022-08-29;M;71;0;1;6948;3255518;47679;
1083;Syddanmark;2022-08-29;M;103;0;3;6948;3255621;47682;
1084;Hovedstaden;2022-08-30;F;84;1;5;6949;3255705;47687;
1082;Midtjylland;2022-08-30;F;119;1;6;6950;3255824;47693;
1081;Nordjylland;2022-08-30;F;36;0;0;6950;3255860;47693;
1085;Sjælland;2022-08-30;F;59;0;2;6950;3255919;47695;
1083;Syddanmark;2022-08-30;F;103;0;2;6950;3256022;47697;
1084;Hovedstaden;2022-08-30;M;83;1;7;6951;3256105;47704;
1082;Midtjylland;2022-08-30;M;92;0;4;6951;3256197;47708;
1081;Nordjylland;2022-08-30;M;41;0;3;6951;3256238;47711;
1085;Sjælland;2022-08-30;M;52;0;1;6951;3256290;47712;
1083;Syddanmark;2022-08-30;M;78;0;1;6951;3256368;47713;
1084;Hovedstaden;2022-08-31;F;108;0;3;6951;3256476;47716;
1082;Midtjylland;2022-08-31;F;126;0;4;6951;3256602;47720;
1081;Nordjylland;2022-08-31;F;51;1;2;6952;3256653;47722;
1085;Sjælland;2022-08-31;F;66;0;2;6952;3256719;47724;
1083;Syddanmark;2022-08-31;F;62;0;4;6952;3256781;47728;
1084;Hovedstaden;2022-08-31;M;95;0;1;6952;3256876;47729;
1082;Midtjylland;2022-08-31;M;108;2;7;6954;3256984;47736;
1081;Nordjylland;2022-08-31;M;38;0;2;6954;3257022;47738;
1085;Sjælland;2022-08-31;M;65;0;2;6954;3257087;47740;
1083;Syddanmark;2022-08-31;M;56;0;7;6954;3257143;47747;
1084;Hovedstaden;2022-09-01;F;91;1;6;6955;3257234;47753;
1082;Midtjylland;2022-09-01;F;104;1;4;6956;3257338;47757;
1081;Nordjylland;2022-09-01;F;32;0;1;6956;3257370;47758;
1085;Sjælland;2022-09-01;F;62;0;5;6956;3257432;47763;
1083;Syddanmark;2022-09-01;F;77;1;6;6957;3257509;47769;
1084;Hovedstaden;2022-09-01;M;74;0;5;6957;3257583;47774;
1082;Midtjylland;2022-09-01;M;92;0;5;6957;3257675;47779;
1081;Nordjylland;2022-09-01;M;24;0;6;6957;3257699;47785;
1085;Sjælland;2022-09-01;M;62;1;4;6958;3257761;47789;
1083;Syddanmark;2022-09-01;M;51;0;3;6958;3257812;47792;
1084;Hovedstaden;2022-09-02;F;105;0;6;6958;3257917;47798;
1082;Midtjylland;2022-09-02;F;100;0;5;6958;3258017;47803;
1081;Nordjylland;2022-09-02;F;31;0;2;6958;3258048;47805;
1085;Sjælland;2022-09-02;F;55;0;4;6958;3258103;47809;
1083;Syddanmark;2022-09-02;F;78;1;4;6959;3258181;47813;
1084;Hovedstaden;2022-09-02;M;104;0;8;6959;3258285;47821;
1082;Midtjylland;2022-09-02;M;79;0;6;6959;3258364;47827;
1081;Nordjylland;2022-09-02;M;32;2;3;6961;3258396;47830;
1085;Sjælland;2022-09-02;M;39;1;2;6962;3258435;47832;
1083;Syddanmark;2022-09-02;M;70;0;6;6962;3258505;47838;
1084;Hovedstaden;2022-09-03;F;92;0;3;6962;3258597;47841;
1082;Midtjylland;2022-09-03;F;70;0;1;6962;3258667;47842;
1081;Nordjylland;2022-09-03;F;26;0;3;6962;3258693;47845;
1085;Sjælland;2022-09-03;F;24;0;1;6962;3258717;47846;
1083;Syddanmark;2022-09-03;F;36;0;1;6962;3258753;47847;
1084;Hovedstaden;2022-09-03;M;78;0;4;6962;3258831;47851;
1082;Midtjylland;2022-09-03;M;64;0;3;6962;3258895;47854;
1081;Nordjylland;2022-09-03;M;14;0;1;6962;3258909;47855;
1085;Sjælland;2022-09-03;M;23;0;3;6962;3258932;47858;
1083;Syddanmark;2022-09-03;M;37;0;6;6962;3258969;47864;
1084;Hovedstaden;2022-09-04;F;96;1;7;6963;3259065;47871;
1082;Midtjylland;2022-09-04;F;84;0;3;6963;3259149;47874;
1081;Nordjylland;2022-09-04;F;30;0;1;6963;3259179;47875;
1085;Sjælland;2022-09-04;F;46;0;4;6963;3259225;47879;
1083;Syddanmark;2022-09-04;F;39;1;1;6964;3259264;47880;
1084;Hovedstaden;2022-09-04;M;72;1;5;6965;3259336;47885;
1082;Midtjylland;2022-09-04;M;70;0;2;6965;3259406;47887;
1081;Nordjylland;2022-09-04;M;23;0;3;6965;3259429;47890;
1085;Sjælland;2022-09-04;M;50;0;2;6965;3259479;47892;
1083;Syddanmark;2022-09-04;M;43;0;5;6965;3259522;47897;
1084;Hovedstaden;2022-09-05;F;146;0;11;6965;3259668;47908;
1082;Midtjylland;2022-09-05;F;136;0;2;6965;3259804;47910;
1081;Nordjylland;2022-09-05;F;63;0;7;6965;3259867;47917;
1085;Sjælland;2022-09-05;F;92;0;2;6965;3259959;47919;
1083;Syddanmark;2022-09-05;F;137;0;2;6965;3260096;47921;
1084;Hovedstaden;2022-09-05;M;109;0;6;6965;3260205;47927;
1082;Midtjylland;2022-09-05;M;115;1;4;6966;3260320;47931;
1081;Nordjylland;2022-09-05;M;38;0;1;6966;3260358;47932;
1085;Sjælland;2022-09-05;M;91;0;3;6966;3260449;47935;
1083;Syddanmark;2022-09-05;M;126;0;9;6966;3260575;47944;
1084;Hovedstaden;2022-09-06;F;147;0;9;6966;3260722;47953;
1082;Midtjylland;2022-09-06;F;114;0;4;6966;3260836;47957;
1081;Nordjylland;2022-09-06;F;48;1;4;6967;3260884;47961;
1085;Sjælland;2022-09-06;F;68;0;5;6967;3260952;47966;
1083;Syddanmark;2022-09-06;F;106;0;6;6967;3261058;47972;
1084;Hovedstaden;2022-09-06;M;101;1;5;6968;3261159;47977;
1082;Midtjylland;2022-09-06;M;85;0;2;6968;3261244;47979;
1081;Nordjylland;2022-09-06;M;40;0;4;6968;3261284;47983;
1085;Sjælland;2022-09-06;M;62;0;1;6968;3261346;47984;
1083;Syddanmark;2022-09-06;M;94;2;3;6970;3261440;47987;
1084;Hovedstaden;2022-09-07;F;129;0;9;6970;3261569;47996;
1082;Midtjylland;2022-09-07;F;120;0;2;6970;3261689;47998;
1081;Nordjylland;2022-09-07;F;46;0;3;6970;3261735;48001;
1085;Sjælland;2022-09-07;F;79;1;4;6971;3261814;48005;
1083;Syddanmark;2022-09-07;F;90;1;2;6972;3261904;48007;
1084;Hovedstaden;2022-09-07;M;125;0;13;6972;3262029;48020;
1082;Midtjylland;2022-09-07;M;101;0;3;6972;3262130;48023;
1081;Nordjylland;2022-09-07;M;38;1;3;6973;3262168;48026;
1085;Sjælland;2022-09-07;M;63;0;1;6973;3262231;48027;
1083;Syddanmark;2022-09-07;M;87;0;7;6973;3262318;48034;
1084;Hovedstaden;2022-09-08;F;134;0;5;6973;3262452;48039;
1082;Midtjylland;2022-09-08;F;107;0;3;6973;3262559;48042;
1081;Nordjylland;2022-09-08;F;45;1;1;6974;3262604;48043;
1085;Sjælland;2022-09-08;F;89;0;1;6974;3262693;48044;
1083;Syddanmark;2022-09-08;F;75;0;6;6974;3262768;48050;
1084;Hovedstaden;2022-09-08;M;117;1;11;6975;3262885;48061;
1082;Midtjylland;2022-09-08;M;84;1;9;6976;3262969;48070;
1081;Nordjylland;2022-09-08;M;45;0;5;6976;3263014;48075;
1085;Sjælland;2022-09-08;M;69;0;4;6976;3263083;48079;
1083;Syddanmark;2022-09-08;M;62;0;2;6976;3263145;48081;
1084;Hovedstaden;2022-09-09;F;107;1;6;6977;3263252;48087;
1082;Midtjylland;2022-09-09;F;81;0;5;6977;3263333;48092;
1081;Nordjylland;2022-09-09;F;43;0;2;6977;3263376;48094;
1085;Sjælland;2022-09-09;F;74;0;1;6977;3263450;48095;
1083;Syddanmark;2022-09-09;F;65;0;1;6977;3263515;48096;
1084;Hovedstaden;2022-09-09;M;99;0;15;6977;3263614;48111;
1082;Midtjylland;2022-09-09;M;63;1;9;6978;3263677;48120;
1081;Nordjylland;2022-09-09;M;39;0;3;6978;3263716;48123;
1085;Sjælland;2022-09-09;M;43;1;5;6979;3263759;48128;
1083;Syddanmark;2022-09-09;M;52;0;3;6979;3263811;48131;
1084;Hovedstaden;2022-09-10;F;79;1;7;6980;3263890;48138;
1082;Midtjylland;2022-09-10;F;76;0;2;6980;3263966;48140;
1081;Nordjylland;2022-09-10;F;25;0;3;6980;3263991;48143;
1085;Sjælland;2022-09-10;F;29;0;1;6980;3264020;48144;
1083;Syddanmark;2022-09-10;F;41;0;1;6980;3264061;48145;
1084;Hovedstaden;2022-09-10;M;73;0;5;6980;3264134;48150;
1082;Midtjylland;2022-09-10;M;65;0;0;6980;3264199;48150;
1081;Nordjylland;2022-09-10;M;27;1;2;6981;3264226;48152;
1085;Sjælland;2022-09-10;M;37;0;3;6981;3264263;48155;
1083;Syddanmark;2022-09-10;M;40;0;2;6981;3264303;48157;
1084;Hovedstaden;2022-09-11;F;100;0;7;6981;3264403;48164;
1082;Midtjylland;2022-09-11;F;78;0;7;6981;3264481;48171;
1081;Nordjylland;2022-09-11;F;34;1;2;6982;3264515;48173;
1085;Sjælland;2022-09-11;F;41;0;3;6982;3264556;48176;
1083;Syddanmark;2022-09-11;F;73;0;3;6982;3264629;48179;
1084;Hovedstaden;2022-09-11;M;86;1;7;6983;3264715;48186;
1082;Midtjylland;2022-09-11;M;63;0;3;6983;3264778;48189;
1081;Nordjylland;2022-09-11;M;27;0;1;6983;3264805;48190;
1085;Sjælland;2022-09-11;M;38;0;1;6983;3264843;48191;
1083;Syddanmark;2022-09-11;M;72;1;2;6984;3264915;48193;
1084;Hovedstaden;2022-09-12;F;166;2;7;6986;3265081;48200;
1082;Midtjylland;2022-09-12;F;111;1;4;6987;3265192;48204;
1081;Nordjylland;2022-09-12;F;72;1;4;6988;3265264;48208;
1085;Sjælland;2022-09-12;F;111;0;3;6988;3265375;48211;
1083;Syddanmark;2022-09-12;F;123;1;3;6989;3265498;48214;
1084;Hovedstaden;2022-09-12;M;117;0;8;6989;3265615;48222;
1082;Midtjylland;2022-09-12;M;90;0;4;6989;3265705;48226;
1081;Nordjylland;2022-09-12;M;47;0;4;6989;3265752;48230;
1085;Sjælland;2022-09-12;M;76;0;6;6989;3265828;48236;
1083;Syddanmark;2022-09-12;M;89;0;3;6989;3265917;48239;
1084;Hovedstaden;2022-09-13;F;120;1;8;6990;3266037;48247;
1082;Midtjylland;2022-09-13;F;99;0;5;6990;3266136;48252;
1081;Nordjylland;2022-09-13;F;54;0;2;6990;3266190;48254;
1085;Sjælland;2022-09-13;F;88;0;6;6990;3266278;48260;
1083;Syddanmark;2022-09-13;F;113;0;4;6990;3266391;48264;
1084;Hovedstaden;2022-09-13;M;117;2;9;6992;3266508;48273;
1082;Midtjylland;2022-09-13;M;77;0;4;6992;3266585;48277;
1081;Nordjylland;2022-09-13;M;46;0;4;6992;3266631;48281;
1085;Sjælland;2022-09-13;M;70;1;4;6993;3266701;48285;
1083;Syddanmark;2022-09-13;M;108;1;7;6994;3266809;48292;
1084;Hovedstaden;2022-09-14;F;124;2;9;6996;3266933;48301;
1082;Midtjylland;2022-09-14;F;77;0;2;6996;3267010;48303;
1081;Nordjylland;2022-09-14;F;64;0;3;6996;3267074;48306;
1085;Sjælland;2022-09-14;F;77;0;1;6996;3267151;48307;
1083;Syddanmark;2022-09-14;F;86;1;4;6997;3267237;48311;
1084;Hovedstaden;2022-09-14;M;99;1;6;6998;3267336;48317;
1082;Midtjylland;2022-09-14;M;74;0;5;6998;3267410;48322;
1081;Nordjylland;2022-09-14;M;47;0;3;6998;3267457;48325;
1085;Sjælland;2022-09-14;M;86;0;3;6998;3267543;48328;
1083;Syddanmark;2022-09-14;M;76;1;3;6999;3267619;48331;
1084;Hovedstaden;2022-09-15;F;135;1;4;7000;3267754;48335;
1082;Midtjylland;2022-09-15;F;67;0;3;7000;3267821;48338;
1081;Nordjylland;2022-09-15;F;59;0;6;7000;3267880;48344;
1085;Sjælland;2022-09-15;F;89;1;4;7001;3267969;48348;
1083;Syddanmark;2022-09-15;F;99;1;4;7002;3268068;48352;
1084;Hovedstaden;2022-09-15;M;102;1;7;7003;3268170;48359;
1082;Midtjylland;2022-09-15;M;59;1;3;7004;3268229;48362;
1081;Nordjylland;2022-09-15;M;35;0;3;7004;3268264;48365;
1085;Sjælland;2022-09-15;M;75;0;3;7004;3268339;48368;
1083;Syddanmark;2022-09-15;M;83;0;7;7004;3268422;48375;
1084;Hovedstaden;2022-09-16;F;115;0;9;7004;3268537;48384;
1082;Midtjylland;2022-09-16;F;79;0;1;7004;3268616;48385;
1081;Nordjylland;2022-09-16;F;55;0;2;7004;3268671;48387;
1085;Sjælland;2022-09-16;F;64;0;0;7004;3268735;48387;
1083;Syddanmark;2022-09-16;F;73;0;5;7004;3268808;48392;
1084;Hovedstaden;2022-09-16;M;83;0;6;7004;3268891;48398;
1082;Midtjylland;2022-09-16;M;74;2;5;7006;3268965;48403;
1081;Nordjylland;2022-09-16;M;50;0;1;7006;3269015;48404;
1085;Sjælland;2022-09-16;M;44;2;1;7008;3269059;48405;
1083;Syddanmark;2022-09-16;M;58;1;3;7009;3269117;48408;
1084;Hovedstaden;2022-09-17;F;87;0;3;7009;3269204;48411;
1082;Midtjylland;2022-09-17;F;55;0;2;7009;3269259;48413;
1081;Nordjylland;2022-09-17;F;34;0;1;7009;3269293;48414;
1085;Sjælland;2022-09-17;F;33;0;3;7009;3269326;48417;
1083;Syddanmark;2022-09-17;F;38;1;6;7010;3269364;48423;
1084;Hovedstaden;2022-09-17;M;66;0;5;7010;3269430;48428;
1082;Midtjylland;2022-09-17;M;49;1;3;7011;3269479;48431;
1081;Nordjylland;2022-09-17;M;23;1;2;7012;3269502;48433;
1085;Sjælland;2022-09-17;M;21;1;1;7013;3269523;48434;
1083;Syddanmark;2022-09-17;M;18;1;5;7014;3269541;48439;
1084;Hovedstaden;2022-09-18;F;78;0;3;7014;3269619;48442;
1082;Midtjylland;2022-09-18;F;84;0;5;7014;3269703;48447;
1081;Nordjylland;2022-09-18;F;21;0;4;7014;3269724;48451;
1085;Sjælland;2022-09-18;F;48;0;5;7014;3269772;48456;
1083;Syddanmark;2022-09-18;F;70;0;3;7014;3269842;48459;
1084;Hovedstaden;2022-09-18;M;79;3;14;7017;3269921;48473;
1082;Midtjylland;2022-09-18;M;72;0;5;7017;3269993;48478;
1081;Nordjylland;2022-09-18;M;15;0;3;7017;3270008;48481;
1085;Sjælland;2022-09-18;M;51;1;4;7018;3270059;48485;
1083;Syddanmark;2022-09-18;M;74;0;6;7018;3270133;48491;
1084;Hovedstaden;2022-09-19;F;142;2;5;7020;3270275;48496;
1082;Midtjylland;2022-09-19;F;112;0;5;7020;3270387;48501;
1081;Nordjylland;2022-09-19;F;65;1;2;7021;3270452;48503;
1085;Sjælland;2022-09-19;F;101;1;9;7022;3270553;48512;
1083;Syddanmark;2022-09-19;F;126;1;4;7023;3270679;48516;
1084;Hovedstaden;2022-09-19;M;120;3;13;7026;3270799;48529;
1082;Midtjylland;2022-09-19;M;123;2;10;7028;3270922;48539;
1081;Nordjylland;2022-09-19;M;59;3;5;7031;3270981;48544;
1085;Sjælland;2022-09-19;M;87;3;6;7034;3271068;48550;
1083;Syddanmark;2022-09-19;M;118;0;5;7034;3271186;48555;
1084;Hovedstaden;2022-09-20;F;139;0;8;7034;3271325;48563;
1082;Midtjylland;2022-09-20;F;116;0;6;7034;3271441;48569;
1081;Nordjylland;2022-09-20;F;44;0;0;7034;3271485;48569;
1085;Sjælland;2022-09-20;F;116;0;9;7034;3271601;48578;
1083;Syddanmark;2022-09-20;F;134;4;9;7038;3271735;48587;
1084;Hovedstaden;2022-09-20;M;106;1;9;7039;3271841;48596;
1082;Midtjylland;2022-09-20;M;103;0;4;7039;3271944;48600;
1081;Nordjylland;2022-09-20;M;39;0;4;7039;3271983;48604;
1085;Sjælland;2022-09-20;M;87;0;2;7039;3272070;48606;
1083;Syddanmark;2022-09-20;M;111;1;6;7040;3272181;48612;
1084;Hovedstaden;2022-09-21;F;157;1;9;7041;3272338;48621;
1082;Midtjylland;2022-09-21;F;142;2;5;7043;3272480;48626;
1081;Nordjylland;2022-09-21;F;57;0;0;7043;3272537;48626;
1085;Sjælland;2022-09-21;F;130;0;6;7043;3272667;48632;
1083;Syddanmark;2022-09-21;F;146;2;7;7045;3272813;48639;
1084;Hovedstaden;2022-09-21;M;121;0;11;7045;3272934;48650;
1082;Midtjylland;2022-09-21;M;113;1;8;7046;3273047;48658;
1081;Nordjylland;2022-09-21;M;55;1;5;7047;3273102;48663;
1085;Sjælland;2022-09-21;M;96;2;9;7049;3273198;48672;
1083;Syddanmark;2022-09-21;M;91;1;5;7050;3273289;48677;
1084;Hovedstaden;2022-09-22;F;174;4;8;7054;3273463;48685;
1082;Midtjylland;2022-09-22;F;126;1;6;7055;3273589;48691;
1081;Nordjylland;2022-09-22;F;64;2;3;7057;3273653;48694;
1085;Sjælland;2022-09-22;F;116;0;4;7057;3273769;48698;
1083;Syddanmark;2022-09-22;F;115;0;2;7057;3273884;48700;
1084;Hovedstaden;2022-09-22;M;131;2;8;7059;3274015;48708;
1082;Midtjylland;2022-09-22;M;108;4;8;7063;3274123;48716;
1081;Nordjylland;2022-09-22;M;48;1;4;7064;3274171;48720;
1085;Sjælland;2022-09-22;M;107;2;5;7066;3274278;48725;
1083;Syddanmark;2022-09-22;M;110;0;7;7066;3274388;48732;
1084;Hovedstaden;2022-09-23;F;153;0;6;7066;3274541;48738;
1082;Midtjylland;2022-09-23;F;115;0;5;7066;3274656;48743;
1081;Nordjylland;2022-09-23;F;52;0;6;7066;3274708;48749;
1085;Sjælland;2022-09-23;F;111;0;2;7066;3274819;48751;
1083;Syddanmark;2022-09-23;F;103;2;7;7068;3274922;48758;
1084;Hovedstaden;2022-09-23;M;136;6;14;7074;3275058;48772;
1082;Midtjylland;2022-09-23;M;113;1;5;7075;3275171;48777;
1081;Nordjylland;2022-09-23;M;49;0;8;7075;3275220;48785;
1085;Sjælland;2022-09-23;M;76;1;2;7076;3275296;48787;
1083;Syddanmark;2022-09-23;M;83;0;5;7076;3275379;48792;
1084;Hovedstaden;2022-09-24;F;115;0;10;7076;3275494;48802;
1082;Midtjylland;2022-09-24;F;91;1;3;7077;3275585;48805;
1081;Nordjylland;2022-09-24;F;43;2;1;7079;3275628;48806;
1085;Sjælland;2022-09-24;F;41;0;3;7079;3275669;48809;
1083;Syddanmark;2022-09-24;F;75;2;3;7081;3275744;48812;
1084;Hovedstaden;2022-09-24;M;111;0;6;7081;3275855;48818;
1082;Midtjylland;2022-09-24;M;94;0;9;7081;3275949;48827;
1081;Nordjylland;2022-09-24;M;29;2;5;7083;3275978;48832;
1085;Sjælland;2022-09-24;M;45;1;6;7084;3276023;48838;
1083;Syddanmark;2022-09-24;M;61;2;6;7086;3276084;48844;
1084;Hovedstaden;2022-09-25;F;176;1;18;7087;3276260;48862;
1082;Midtjylland;2022-09-25;F;121;0;8;7087;3276381;48870;
1081;Nordjylland;2022-09-25;F;43;1;3;7088;3276424;48873;
1085;Sjælland;2022-09-25;F;79;0;6;7088;3276503;48879;
1083;Syddanmark;2022-09-25;F;125;1;3;7089;3276628;48882;
1084;Hovedstaden;2022-09-25;M;136;0;8;7089;3276764;48890;
1082;Midtjylland;2022-09-25;M;95;1;5;7090;3276859;48895;
1081;Nordjylland;2022-09-25;M;29;0;3;7090;3276888;48898;
1085;Sjælland;2022-09-25;M;56;1;5;7091;3276944;48903;
1083;Syddanmark;2022-09-25;M;118;1;8;7092;3277062;48911;
1084;Hovedstaden;2022-09-26;F;238;2;15;7094;3277300;48926;
1082;Midtjylland;2022-09-26;F;188;0;8;7094;3277488;48934;
1081;Nordjylland;2022-09-26;F;81;1;4;7095;3277569;48938;
1085;Sjælland;2022-09-26;F;148;0;7;7095;3277717;48945;
1083;Syddanmark;2022-09-26;F;193;1;11;7096;3277910;48956;
1084;Hovedstaden;2022-09-26;M;188;0;17;7096;3278098;48973;
1082;Midtjylland;2022-09-26;M;158;0;6;7096;3278256;48979;
1081;Nordjylland;2022-09-26;M;69;0;4;7096;3278325;48983;
1085;Sjælland;2022-09-26;M;134;0;7;7096;3278459;48990;
1083;Syddanmark;2022-09-26;M;177;3;10;7099;3278636;49000;
1084;Hovedstaden;2022-09-27;F;208;1;18;7100;3278844;49018;
1082;Midtjylland;2022-09-27;F;152;0;7;7100;3278996;49025;
1081;Nordjylland;2022-09-27;F;56;2;7;7102;3279052;49032;
1085;Sjælland;2022-09-27;F;146;1;8;7103;3279198;49040;
1083;Syddanmark;2022-09-27;F;193;3;8;7106;3279391;49048;
1084;Hovedstaden;2022-09-27;M;154;1;7;7107;3279545;49055;
1082;Midtjylland;2022-09-27;M;150;2;10;7109;3279695;49065;
1081;Nordjylland;2022-09-27;M;42;0;5;7109;3279737;49070;
1085;Sjælland;2022-09-27;M;152;1;9;7110;3279889;49079;
1083;Syddanmark;2022-09-27;M;178;2;7;7112;3280067;49086;
1084;Hovedstaden;2022-09-28;F;161;1;13;7113;3280228;49099;
1082;Midtjylland;2022-09-28;F;155;0;4;7113;3280383;49103;
1081;Nordjylland;2022-09-28;F;73;1;5;7114;3280456;49108;
1085;Sjælland;2022-09-28;F;107;0;3;7114;3280563;49111;
1083;Syddanmark;2022-09-28;F;174;1;7;7115;3280737;49118;
1084;Hovedstaden;2022-09-28;M;154;1;14;7116;3280891;49132;
1082;Midtjylland;2022-09-28;M;137;0;7;7116;3281028;49139;
1081;Nordjylland;2022-09-28;M;66;0;2;7116;3281094;49141;
1085;Sjælland;2022-09-28;M;88;0;6;7116;3281182;49147;
1083;Syddanmark;2022-09-28;M;147;1;15;7117;3281329;49162;
1084;Hovedstaden;2022-09-29;F;181;1;9;7118;3281510;49171;
1082;Midtjylland;2022-09-29;F;136;0;4;7118;3281646;49175;
1081;Nordjylland;2022-09-29;F;63;0;3;7118;3281709;49178;
1085;Sjælland;2022-09-29;F;134;0;8;7118;3281843;49186;
1083;Syddanmark;2022-09-29;F;141;1;2;7119;3281984;49188;
1084;Hovedstaden;2022-09-29;M;165;1;10;7120;3282149;49198;
1082;Midtjylland;2022-09-29;M;136;2;7;7122;3282285;49205;
1081;Nordjylland;2022-09-29;M;52;1;4;7123;3282337;49209;
1085;Sjælland;2022-09-29;M;114;1;11;7124;3282451;49220;
1083;Syddanmark;2022-09-29;M;145;1;10;7125;3282596;49230;
1084;Hovedstaden;2022-09-30;F;160;1;11;7126;3282756;49241;
1082;Midtjylland;2022-09-30;F;120;0;5;7126;3282876;49246;
1081;Nordjylland;2022-09-30;F;67;0;5;7126;3282943;49251;
1085;Sjælland;2022-09-30;F;112;0;9;7126;3283055;49260;
1083;Syddanmark;2022-09-30;F;136;1;8;7127;3283191;49268;
1084;Hovedstaden;2022-09-30;M;135;2;17;7129;3283326;49285;
1082;Midtjylland;2022-09-30;M;107;0;4;7129;3283433;49289;
1081;Nordjylland;2022-09-30;M;69;1;7;7130;3283502;49296;
1085;Sjælland;2022-09-30;M;87;0;8;7130;3283589;49304;
1083;Syddanmark;2022-09-30;M;107;3;5;7133;3283696;49309;
1084;Hovedstaden;2022-10-01;F;129;0;7;7133;3283825;49316;
1082;Midtjylland;2022-10-01;F;133;1;3;7134;3283958;49319;
1081;Nordjylland;2022-10-01;F;36;0;3;7134;3283994;49322;
1085;Sjælland;2022-10-01;F;58;0;6;7134;3284052;49328;
1083;Syddanmark;2022-10-01;F;93;1;12;7135;3284145;49340;
1084;Hovedstaden;2022-10-01;M;106;1;3;7136;3284251;49343;
1082;Midtjylland;2022-10-01;M;101;1;7;7137;3284352;49350;
1081;Nordjylland;2022-10-01;M;36;1;3;7138;3284388;49353;
1085;Sjælland;2022-10-01;M;48;0;4;7138;3284436;49357;
1083;Syddanmark;2022-10-01;M;96;1;9;7139;3284532;49366;
1084;Hovedstaden;2022-10-02;F;134;0;8;7139;3284666;49374;
1082;Midtjylland;2022-10-02;F;115;0;4;7139;3284781;49378;
1081;Nordjylland;2022-10-02;F;41;0;1;7139;3284822;49379;
1085;Sjælland;2022-10-02;F;64;2;5;7141;3284886;49384;
1083;Syddanmark;2022-10-02;F;166;0;8;7141;3285052;49392;
1084;Hovedstaden;2022-10-02;M;126;3;14;7144;3285178;49406;
1082;Midtjylland;2022-10-02;M;123;0;7;7144;3285301;49413;
1081;Nordjylland;2022-10-02;M;32;0;2;7144;3285333;49415;
1085;Sjælland;2022-10-02;M;66;1;15;7145;3285399;49430;
1083;Syddanmark;2022-10-02;M;137;1;7;7146;3285536;49437;
1084;Hovedstaden;2022-10-03;F;224;1;7;7147;3285760;49444;
1082;Midtjylland;2022-10-03;F;180;1;7;7148;3285940;49451;
1081;Nordjylland;2022-10-03;F;91;0;2;7148;3286031;49453;
1085;Sjælland;2022-10-03;F;184;2;12;7150;3286215;49465;
1083;Syddanmark;2022-10-03;F;262;4;13;7154;3286477;49478;
1084;Hovedstaden;2022-10-03;M;186;0;11;7154;3286663;49489;
1082;Midtjylland;2022-10-03;M;153;1;6;7155;3286816;49495;
1081;Nordjylland;2022-10-03;M;91;1;11;7156;3286907;49506;
1085;Sjælland;2022-10-03;M;148;2;11;7158;3287055;49517;
1083;Syddanmark;2022-10-03;M;229;4;11;7162;3287284;49528;
1084;Hovedstaden;2022-10-04;F;199;2;19;7164;3287483;49547;
1082;Midtjylland;2022-10-04;F;184;0;7;7164;3287667;49554;
1081;Nordjylland;2022-10-04;F;67;0;6;7164;3287734;49560;
1085;Sjælland;2022-10-04;F;150;1;13;7165;3287884;49573;
1083;Syddanmark;2022-10-04;F;233;0;10;7165;3288117;49583;
1084;Hovedstaden;2022-10-04;M;182;2;11;7167;3288299;49594;
1082;Midtjylland;2022-10-04;M;173;0;9;7167;3288472;49603;
1081;Nordjylland;2022-10-04;M;60;2;5;7169;3288532;49608;
1085;Sjælland;2022-10-04;M;124;0;13;7169;3288656;49621;
1083;Syddanmark;2022-10-04;M;193;0;4;7169;3288849;49625;
1084;Hovedstaden;2022-10-05;F;229;0;15;7169;3289078;49640;
1082;Midtjylland;2022-10-05;F;192;0;4;7169;3289270;49644;
1081;Nordjylland;2022-10-05;F;85;0;5;7169;3289355;49649;
1085;Sjælland;2022-10-05;F;140;1;9;7170;3289495;49658;
1083;Syddanmark;2022-10-05;F;223;0;6;7170;3289718;49664;
1084;Hovedstaden;2022-10-05;M;159;1;13;7171;3289877;49677;
1082;Midtjylland;2022-10-05;M;144;0;10;7171;3290021;49687;
1081;Nordjylland;2022-10-05;M;50;1;2;7172;3290071;49689;
1085;Sjælland;2022-10-05;M;113;0;10;7172;3290184;49699;
1083;Syddanmark;2022-10-05;M;194;1;8;7173;3290378;49707;
1084;Hovedstaden;2022-10-06;F;161;0;7;7173;3290539;49714;
1082;Midtjylland;2022-10-06;F;180;0;3;7173;3290719;49717;
1081;Nordjylland;2022-10-06;F;60;0;1;7173;3290779;49718;
1085;Sjælland;2022-10-06;F;119;3;9;7176;3290898;49727;
1083;Syddanmark;2022-10-06;F;168;1;5;7177;3291066;49732;
1084;Hovedstaden;2022-10-06;M;151;0;16;7177;3291217;49748;
1082;Midtjylland;2022-10-06;M;159;1;7;7178;3291376;49755;
1081;Nordjylland;2022-10-06;M;51;1;4;7179;3291427;49759;
1085;Sjælland;2022-10-06;M;107;2;11;7181;3291534;49770;
1083;Syddanmark;2022-10-06;M;145;0;9;7181;3291679;49779;
1084;Hovedstaden;2022-10-07;F;141;3;11;7184;3291820;49790;
1082;Midtjylland;2022-10-07;F;157;0;5;7184;3291977;49795;
1081;Nordjylland;2022-10-07;F;66;1;4;7185;3292043;49799;
1085;Sjælland;2022-10-07;F;118;1;10;7186;3292161;49809;
1083;Syddanmark;2022-10-07;F;170;0;8;7186;3292331;49817;
1084;Hovedstaden;2022-10-07;M;164;1;13;7187;3292495;49830;
1082;Midtjylland;2022-10-07;M;136;1;12;7188;3292631;49842;
1081;Nordjylland;2022-10-07;M;68;0;4;7188;3292699;49846;
1085;Sjælland;2022-10-07;M;96;0;8;7188;3292795;49854;
1083;Syddanmark;2022-10-07;M;143;1;13;7189;3292938;49867;
1084;Hovedstaden;2022-10-08;F;132;1;15;7190;3293070;49882;
1082;Midtjylland;2022-10-08;F;121;0;3;7190;3293191;49885;
1081;Nordjylland;2022-10-08;F;49;1;3;7191;3293240;49888;
1085;Sjælland;2022-10-08;F;91;1;7;7192;3293331;49895;
1083;Syddanmark;2022-10-08;F;82;0;7;7192;3293413;49902;
1084;Hovedstaden;2022-10-08;M;102;1;9;7193;3293515;49911;
1082;Midtjylland;2022-10-08;M;135;0;8;7193;3293650;49919;
1081;Nordjylland;2022-10-08;M;37;0;2;7193;3293687;49921;
1085;Sjælland;2022-10-08;M;63;0;5;7193;3293750;49926;
1083;Syddanmark;2022-10-08;M;97;0;11;7193;3293847;49937;
1084;Hovedstaden;2022-10-09;F;128;0;14;7193;3293975;49951;
1082;Midtjylland;2022-10-09;F;161;0;3;7193;3294136;49954;
1081;Nordjylland;2022-10-09;F;50;0;3;7193;3294186;49957;
1085;Sjælland;2022-10-09;F;109;2;6;7195;3294295;49963;
1083;Syddanmark;2022-10-09;F;197;1;7;7196;3294492;49970;
1084;Hovedstaden;2022-10-09;M;130;1;10;7197;3294622;49980;
1082;Midtjylland;2022-10-09;M;124;1;5;7198;3294746;49985;
1081;Nordjylland;2022-10-09;M;39;1;2;7199;3294785;49987;
1085;Sjælland;2022-10-09;M;97;3;12;7202;3294882;49999;
1083;Syddanmark;2022-10-09;M;133;2;10;7204;3295015;50009;
1084;Hovedstaden;2022-10-10;F;198;2;21;7206;3295213;50030;
1082;Midtjylland;2022-10-10;F;200;0;8;7206;3295413;50038;
1081;Nordjylland;2022-10-10;F;110;0;5;7206;3295523;50043;
1085;Sjælland;2022-10-10;F;156;2;13;7208;3295679;50056;
1083;Syddanmark;2022-10-10;F;207;1;10;7209;3295886;50066;
1084;Hovedstaden;2022-10-10;M;169;1;13;7210;3296055;50079;
1082;Midtjylland;2022-10-10;M;187;1;10;7211;3296242;50089;
1081;Nordjylland;2022-10-10;M;82;2;8;7213;3296324;50097;
1085;Sjælland;2022-10-10;M;128;6;14;7219;3296452;50111;
1083;Syddanmark;2022-10-10;M;192;2;16;7221;3296644;50127;
1084;Hovedstaden;2022-10-11;F;185;1;13;7222;3296829;50140;
1082;Midtjylland;2022-10-11;F;186;2;12;7224;3297015;50152;
1081;Nordjylland;2022-10-11;F;75;1;6;7225;3297090;50158;
1085;Sjælland;2022-10-11;F;129;3;8;7228;3297219;50166;
1083;Syddanmark;2022-10-11;F;203;1;9;7229;3297422;50175;
1084;Hovedstaden;2022-10-11;M;173;2;16;7231;3297595;50191;
1082;Midtjylland;2022-10-11;M;150;0;13;7231;3297745;50204;
1081;Nordjylland;2022-10-11;M;53;0;4;7231;3297798;50208;
1085;Sjælland;2022-10-11;M;137;0;18;7231;3297935;50226;
1083;Syddanmark;2022-10-11;M;178;3;17;7234;3298113;50243;
1084;Hovedstaden;2022-10-12;F;171;0;6;7234;3298284;50249;
1082;Midtjylland;2022-10-12;F;170;0;1;7234;3298454;50250;
1081;Nordjylland;2022-10-12;F;80;1;6;7235;3298534;50256;
1085;Sjælland;2022-10-12;F;128;2;9;7237;3298662;50265;
1083;Syddanmark;2022-10-12;F;179;1;8;7238;3298841;50273;
1084;Hovedstaden;2022-10-12;M;154;0;9;7238;3298995;50282;
1082;Midtjylland;2022-10-12;M;153;0;9;7238;3299148;50291;
1081;Nordjylland;2022-10-12;M;80;0;1;7238;3299228;50292;
1085;Sjælland;2022-10-12;M;116;2;9;7240;3299344;50301;
1083;Syddanmark;2022-10-12;M;167;4;16;7244;3299511;50317;
1084;Hovedstaden;2022-10-13;F;186;3;11;7247;3299697;50328;
1082;Midtjylland;2022-10-13;F;142;1;7;7248;3299839;50335;
1081;Nordjylland;2022-10-13;F;84;1;3;7249;3299923;50338;
1085;Sjælland;2022-10-13;F;133;4;8;7253;3300056;50346;
1083;Syddanmark;2022-10-13;F;164;0;10;7253;3300220;50356;
1084;Hovedstaden;2022-10-13;M;138;2;10;7255;3300358;50366;
1082;Midtjylland;2022-10-13;M;142;1;11;7256;3300500;50377;
1081;Nordjylland;2022-10-13;M;62;1;5;7257;3300562;50382;
1085;Sjælland;2022-10-13;M;107;2;8;7259;3300669;50390;
1083;Syddanmark;2022-10-13;M;129;1;7;7260;3300798;50397;
1084;Hovedstaden;2022-10-14;F;155;0;8;7260;3300953;50405;
1082;Midtjylland;2022-10-14;F;150;2;9;7262;3301103;50414;
1081;Nordjylland;2022-10-14;F;78;0;2;7262;3301181;50416;
1085;Sjælland;2022-10-14;F;125;0;8;7262;3301306;50424;
1083;Syddanmark;2022-10-14;F;153;2;8;7264;3301459;50432;
1084;Hovedstaden;2022-10-14;M;135;2;24;7266;3301594;50456;
1082;Midtjylland;2022-10-14;M;125;0;9;7266;3301719;50465;
1081;Nordjylland;2022-10-14;M;65;1;7;7267;3301784;50472;
1085;Sjælland;2022-10-14;M;119;2;12;7269;3301903;50484;
1083;Syddanmark;2022-10-14;M;134;0;10;7269;3302037;50494;
1084;Hovedstaden;2022-10-15;F;123;1;14;7270;3302160;50508;
1082;Midtjylland;2022-10-15;F;134;0;6;7270;3302294;50514;
1081;Nordjylland;2022-10-15;F;52;1;5;7271;3302346;50519;
1085;Sjælland;2022-10-15;F;82;0;4;7271;3302428;50523;
1083;Syddanmark;2022-10-15;F;77;0;6;7271;3302505;50529;
1084;Hovedstaden;2022-10-15;M;112;0;11;7271;3302617;50540;
1082;Midtjylland;2022-10-15;M;111;1;5;7272;3302728;50545;
1081;Nordjylland;2022-10-15;M;49;1;7;7273;3302777;50552;
1085;Sjælland;2022-10-15;M;90;1;13;7274;3302867;50565;
1083;Syddanmark;2022-10-15;M;72;2;11;7276;3302939;50576;
1084;Hovedstaden;2022-10-16;F;133;1;11;7277;3303072;50587;
1082;Midtjylland;2022-10-16;F;138;0;5;7277;3303210;50592;
1081;Nordjylland;2022-10-16;F;48;0;4;7277;3303258;50596;
1085;Sjælland;2022-10-16;F;83;2;9;7279;3303341;50605;
1083;Syddanmark;2022-10-16;F;148;1;9;7280;3303489;50614;
1084;Hovedstaden;2022-10-16;M;136;3;17;7283;3303625;50631;
1082;Midtjylland;2022-10-16;M;125;0;8;7283;3303750;50639;
1081;Nordjylland;2022-10-16;M;45;2;6;7285;3303795;50645;
1085;Sjælland;2022-10-16;M;85;0;7;7285;3303880;50652;
1083;Syddanmark;2022-10-16;M;116;0;6;7285;3303996;50658;
1084;Hovedstaden;2022-10-17;F;205;1;11;7286;3304201;50669;
1082;Midtjylland;2022-10-17;F;164;1;7;7287;3304365;50676;
1081;Nordjylland;2022-10-17;F;86;0;4;7287;3304451;50680;
1085;Sjælland;2022-10-17;F;139;0;8;7287;3304590;50688;
1083;Syddanmark;2022-10-17;F;187;1;9;7288;3304777;50697;
1084;Hovedstaden;2022-10-17;M;164;2;13;7290;3304941;50710;
1082;Midtjylland;2022-10-17;M;143;0;7;7290;3305084;50717;
1081;Nordjylland;2022-10-17;M;82;1;17;7291;3305166;50734;
1085;Sjælland;2022-10-17;M;128;0;10;7291;3305294;50744;
1083;Syddanmark;2022-10-17;M;163;2;10;7293;3305457;50754;
1084;Hovedstaden;2022-10-18;F;170;3;9;7296;3305627;50763;
1082;Midtjylland;2022-10-18;F;169;2;14;7298;3305796;50777;
1081;Nordjylland;2022-10-18;F;67;1;2;7299;3305863;50779;
1085;Sjælland;2022-10-18;F;125;1;13;7300;3305988;50792;
1083;Syddanmark;2022-10-18;F;196;1;8;7301;3306184;50800;
1084;Hovedstaden;2022-10-18;M;166;2;23;7303;3306350;50823;
1082;Midtjylland;2022-10-18;M;149;1;10;7304;3306499;50833;
1081;Nordjylland;2022-10-18;M;45;1;1;7305;3306544;50834;
1085;Sjælland;2022-10-18;M;130;2;8;7307;3306674;50842;
1083;Syddanmark;2022-10-18;M;171;2;17;7309;3306845;50859;
1084;Hovedstaden;2022-10-19;F;143;2;10;7311;3306988;50869;
1082;Midtjylland;2022-10-19;F;138;1;5;7312;3307126;50874;
1081;Nordjylland;2022-10-19;F;66;1;3;7313;3307192;50877;
1085;Sjælland;2022-10-19;F;128;1;5;7314;3307320;50882;
1083;Syddanmark;2022-10-19;F;143;2;11;7316;3307463;50893;
1084;Hovedstaden;2022-10-19;M;144;0;10;7316;3307607;50903;
1082;Midtjylland;2022-10-19;M;124;0;11;7316;3307731;50914;
1081;Nordjylland;2022-10-19;M;43;1;5;7317;3307774;50919;
1085;Sjælland;2022-10-19;M;132;1;13;7318;3307906;50932;
1083;Syddanmark;2022-10-19;M;132;0;9;7318;3308038;50941;
1084;Hovedstaden;2022-10-20;F;144;2;13;7320;3308182;50954;
1082;Midtjylland;2022-10-20;F;115;1;4;7321;3308297;50958;
1081;Nordjylland;2022-10-20;F;39;0;1;7321;3308336;50959;
1085;Sjælland;2022-10-20;F;95;0;7;7321;3308431;50966;
1083;Syddanmark;2022-10-20;F;121;1;10;7322;3308552;50976;
1084;Hovedstaden;2022-10-20;M;127;1;18;7323;3308679;50994;
1082;Midtjylland;2022-10-20;M;104;0;4;7323;3308783;50998;
1081;Nordjylland;2022-10-20;M;35;0;6;7323;3308818;51004;
1085;Sjælland;2022-10-20;M;79;1;9;7324;3308897;51013;
1083;Syddanmark;2022-10-20;M;111;1;9;7325;3309008;51022;
1084;Hovedstaden;2022-10-21;F;150;1;14;7326;3309158;51036;
1082;Midtjylland;2022-10-21;F;106;0;3;7326;3309264;51039;
1081;Nordjylland;2022-10-21;F;51;1;6;7327;3309315;51045;
1085;Sjælland;2022-10-21;F;81;1;4;7328;3309396;51049;
1083;Syddanmark;2022-10-21;F;127;0;5;7328;3309523;51054;
1084;Hovedstaden;2022-10-21;M;111;1;10;7329;3309634;51064;
1082;Midtjylland;2022-10-21;M;102;0;6;7329;3309736;51070;
1081;Nordjylland;2022-10-21;M;37;0;1;7329;3309773;51071;
1085;Sjælland;2022-10-21;M;78;1;10;7330;3309851;51081;
1083;Syddanmark;2022-10-21;M;106;1;14;7331;3309957;51095;
1084;Hovedstaden;2022-10-22;F;113;2;12;7333;3310070;51107;
1082;Midtjylland;2022-10-22;F;101;0;3;7333;3310171;51110;
1081;Nordjylland;2022-10-22;F;33;2;6;7335;3310204;51116;
1085;Sjælland;2022-10-22;F;68;1;5;7336;3310272;51121;
1083;Syddanmark;2022-10-22;F;74;2;8;7338;3310346;51129;
1084;Hovedstaden;2022-10-22;M;88;1;11;7339;3310434;51140;
1082;Midtjylland;2022-10-22;M;94;0;5;7339;3310528;51145;
1081;Nordjylland;2022-10-22;M;28;1;8;7340;3310556;51153;
1085;Sjælland;2022-10-22;M;58;1;4;7341;3310614;51157;
1083;Syddanmark;2022-10-22;M;56;0;6;7341;3310670;51163;
1084;Hovedstaden;2022-10-23;F;112;1;7;7342;3310782;51170;
1082;Midtjylland;2022-10-23;F;121;1;7;7343;3310903;51177;
1081;Nordjylland;2022-10-23;F;31;0;1;7343;3310934;51178;
1085;Sjælland;2022-10-23;F;88;0;8;7343;3311022;51186;
1083;Syddanmark;2022-10-23;F;147;0;4;7343;3311169;51190;
1084;Hovedstaden;2022-10-23;M;96;0;11;7343;3311265;51201;
1082;Midtjylland;2022-10-23;M;108;2;6;7345;3311373;51207;
1081;Nordjylland;2022-10-23;M;27;0;5;7345;3311400;51212;
1085;Sjælland;2022-10-23;M;69;0;6;7345;3311469;51218;
1083;Syddanmark;2022-10-23;M;117;1;9;7346;3311586;51227;
1084;Hovedstaden;2022-10-24;F;169;2;19;7348;3311755;51246;
1082;Midtjylland;2022-10-24;F;159;1;6;7349;3311914;51252;
1081;Nordjylland;2022-10-24;F;69;0;4;7349;3311983;51256;
1085;Sjælland;2022-10-24;F;109;2;8;7351;3312092;51264;
1083;Syddanmark;2022-10-24;F;162;0;8;7351;3312254;51272;
1084;Hovedstaden;2022-10-24;M;140;3;14;7354;3312394;51286;
1082;Midtjylland;2022-10-24;M;127;1;8;7355;3312521;51294;
1081;Nordjylland;2022-10-24;M;65;1;7;7356;3312586;51301;
1085;Sjælland;2022-10-24;M;98;3;10;7359;3312684;51311;
1083;Syddanmark;2022-10-24;M;142;1;8;7360;3312826;51319;
1084;Hovedstaden;2022-10-25;F;138;0;4;7360;3312964;51323;
1082;Midtjylland;2022-10-25;F;125;0;3;7360;3313089;51326;
1081;Nordjylland;2022-10-25;F;50;0;1;7360;3313139;51327;
1085;Sjælland;2022-10-25;F;114;2;7;7362;3313253;51334;
1083;Syddanmark;2022-10-25;F;151;1;10;7363;3313404;51344;
1084;Hovedstaden;2022-10-25;M;121;0;12;7363;3313525;51356;
1082;Midtjylland;2022-10-25;M;120;0;4;7363;3313645;51360;
1081;Nordjylland;2022-10-25;M;43;1;5;7364;3313688;51365;
1085;Sjælland;2022-10-25;M;93;0;6;7364;3313781;51371;
1083;Syddanmark;2022-10-25;M;139;5;9;7369;3313920;51380;
1084;Hovedstaden;2022-10-26;F;147;5;15;7374;3314067;51395;
1082;Midtjylland;2022-10-26;F;126;0;6;7374;3314193;51401;
1081;Nordjylland;2022-10-26;F;60;1;4;7375;3314253;51405;
1085;Sjælland;2022-10-26;F;112;1;3;7376;3314365;51408;
1083;Syddanmark;2022-10-26;F;125;0;6;7376;3314490;51414;
1084;Hovedstaden;2022-10-26;M;106;2;12;7378;3314596;51426;
1082;Midtjylland;2022-10-26;M;95;0;6;7378;3314691;51432;
1081;Nordjylland;2022-10-26;M;43;1;6;7379;3314734;51438;
1085;Sjælland;2022-10-26;M;118;1;7;7380;3314852;51445;
1083;Syddanmark;2022-10-26;M;104;4;11;7384;3314956;51456;
1084;Hovedstaden;2022-10-27;F;121;1;9;7385;3315077;51465;
1082;Midtjylland;2022-10-27;F;102;0;4;7385;3315179;51469;
1081;Nordjylland;2022-10-27;F;31;0;2;7385;3315210;51471;
1085;Sjælland;2022-10-27;F;92;0;4;7385;3315302;51475;
1083;Syddanmark;2022-10-27;F;102;1;6;7386;3315404;51481;
1084;Hovedstaden;2022-10-27;M;97;1;12;7387;3315501;51493;
1082;Midtjylland;2022-10-27;M;75;1;8;7388;3315576;51501;
1081;Nordjylland;2022-10-27;M;26;1;6;7389;3315602;51507;
1085;Sjælland;2022-10-27;M;70;0;8;7389;3315672;51515;
1083;Syddanmark;2022-10-27;M;85;0;4;7389;3315757;51519;
1084;Hovedstaden;2022-10-28;F;103;1;5;7390;3315860;51524;
1082;Midtjylland;2022-10-28;F;89;0;2;7390;3315949;51526;
1081;Nordjylland;2022-10-28;F;52;0;2;7390;3316001;51528;
1085;Sjælland;2022-10-28;F;71;1;5;7391;3316072;51533;
1083;Syddanmark;2022-10-28;F;69;0;2;7391;3316141;51535;
1084;Hovedstaden;2022-10-28;M;107;2;13;7393;3316248;51548;
1082;Midtjylland;2022-10-28;M;73;4;6;7397;3316321;51554;
1081;Nordjylland;2022-10-28;M;36;0;3;7397;3316357;51557;
1085;Sjælland;2022-10-28;M;51;0;4;7397;3316408;51561;
1083;Syddanmark;2022-10-28;M;79;1;8;7398;3316487;51569;
1084;Hovedstaden;2022-10-29;F;86;0;12;7398;3316573;51581;
1082;Midtjylland;2022-10-29;F;59;0;3;7398;3316632;51584;
1081;Nordjylland;2022-10-29;F;20;0;3;7398;3316652;51587;
1085;Sjælland;2022-10-29;F;56;1;3;7399;3316708;51590;
1083;Syddanmark;2022-10-29;F;44;0;6;7399;3316752;51596;
1084;Hovedstaden;2022-10-29;M;84;0;3;7399;3316836;51599;
1082;Midtjylland;2022-10-29;M;53;0;0;7399;3316889;51599;
1081;Nordjylland;2022-10-29;M;17;1;3;7400;3316906;51602;
1085;Sjælland;2022-10-29;M;47;3;3;7403;3316953;51605;
1083;Syddanmark;2022-10-29;M;38;0;6;7403;3316991;51611;
1084;Hovedstaden;2022-10-30;F;85;0;7;7403;3317076;51618;
1082;Midtjylland;2022-10-30;F;69;0;3;7403;3317145;51621;
1081;Nordjylland;2022-10-30;F;24;0;0;7403;3317169;51621;
1085;Sjælland;2022-10-30;F;56;0;2;7403;3317225;51623;
1083;Syddanmark;2022-10-30;F;67;1;2;7404;3317292;51625;
1084;Hovedstaden;2022-10-30;M;72;1;4;7405;3317364;51629;
1082;Midtjylland;2022-10-30;M;73;0;2;7405;3317437;51631;
1081;Nordjylland;2022-10-30;M;26;1;4;7406;3317463;51635;
1085;Sjælland;2022-10-30;M;56;0;5;7406;3317519;51640;
1083;Syddanmark;2022-10-30;M;55;0;5;7406;3317574;51645;
1084;Hovedstaden;2022-10-31;F;115;0;8;7406;3317689;51653;
1082;Midtjylland;2022-10-31;F;91;2;7;7408;3317780;51660;
1081;Nordjylland;2022-10-31;F;50;0;5;7408;3317830;51665;
1085;Sjælland;2022-10-31;F;81;0;3;7408;3317911;51668;
1083;Syddanmark;2022-10-31;F;97;0;7;7408;3318008;51675;
1084;Hovedstaden;2022-10-31;M;103;3;10;7411;3318111;51685;
1082;Midtjylland;2022-10-31;M;90;0;8;7411;3318201;51693;
1081;Nordjylland;2022-10-31;M;43;1;5;7412;3318244;51698;
1085;Sjælland;2022-10-31;M;72;0;3;7412;3318316;51701;
1083;Syddanmark;2022-10-31;M;95;2;6;7414;3318411;51707;
1084;Hovedstaden;2022-11-01;F;111;0;4;7414;3318522;51711;
1082;Midtjylland;2022-11-01;F;82;0;3;7414;3318604;51714;
1081;Nordjylland;2022-11-01;F;19;0;1;7414;3318623;51715;
1085;Sjælland;2022-11-01;F;70;0;3;7414;3318693;51718;
1083;Syddanmark;2022-11-01;F;79;1;4;7415;3318772;51722;
1084;Hovedstaden;2022-11-01;M;81;0;9;7415;3318853;51731;
1082;Midtjylland;2022-11-01;M;88;1;6;7416;3318941;51737;
1081;Nordjylland;2022-11-01;M;33;1;6;7417;3318974;51743;
1085;Sjælland;2022-11-01;M;46;0;4;7417;3319020;51747;
1083;Syddanmark;2022-11-01;M;77;0;5;7417;3319097;51752;
1084;Hovedstaden;2022-11-02;F;94;3;5;7420;3319191;51757;
1082;Midtjylland;2022-11-02;F;80;0;1;7420;3319271;51758;
1081;Nordjylland;2022-11-02;F;45;0;5;7420;3319316;51763;
1085;Sjælland;2022-11-02;F;65;0;3;7420;3319381;51766;
1083;Syddanmark;2022-11-02;F;80;1;7;7421;3319461;51773;
1084;Hovedstaden;2022-11-02;M;68;1;6;7422;3319529;51779;
1082;Midtjylland;2022-11-02;M;71;0;3;7422;3319600;51782;
1081;Nordjylland;2022-11-02;M;26;0;2;7422;3319626;51784;
1085;Sjælland;2022-11-02;M;58;0;3;7422;3319684;51787;
1083;Syddanmark;2022-11-02;M;80;1;4;7423;3319764;51791;
1084;Hovedstaden;2022-11-03;F;104;1;6;7424;3319868;51797;
1082;Midtjylland;2022-11-03;F;75;0;7;7424;3319943;51804;
1081;Nordjylland;2022-11-03;F;26;1;2;7425;3319969;51806;
1085;Sjælland;2022-11-03;F;63;0;5;7425;3320032;51811;
1083;Syddanmark;2022-11-03;F;62;0;6;7425;3320094;51817;
1084;Hovedstaden;2022-11-03;M;88;0;5;7425;3320182;51822;
1082;Midtjylland;2022-11-03;M;64;0;3;7425;3320246;51825;
1081;Nordjylland;2022-11-03;M;26;0;1;7425;3320272;51826;
1085;Sjælland;2022-11-03;M;48;0;2;7425;3320320;51828;
1083;Syddanmark;2022-11-03;M;49;0;2;7425;3320369;51830;
1084;Hovedstaden;2022-11-04;F;79;2;5;7427;3320448;51835;
1082;Midtjylland;2022-11-04;F;75;0;4;7427;3320523;51839;
1081;Nordjylland;2022-11-04;F;19;0;1;7427;3320542;51840;
1085;Sjælland;2022-11-04;F;49;0;5;7427;3320591;51845;
1083;Syddanmark;2022-11-04;F;51;0;3;7427;3320642;51848;
1084;Hovedstaden;2022-11-04;M;69;0;4;7427;3320711;51852;
1082;Midtjylland;2022-11-04;M;61;0;3;7427;3320772;51855;
1081;Nordjylland;2022-11-04;M;29;2;1;7429;3320801;51856;
1085;Sjælland;2022-11-04;M;57;0;8;7429;3320858;51864;
1083;Syddanmark;2022-11-04;M;59;1;3;7430;3320917;51867;
1084;Hovedstaden;2022-11-05;F;63;1;4;7431;3320980;51871;
1082;Midtjylland;2022-11-05;F;42;1;2;7432;3321022;51873;
1081;Nordjylland;2022-11-05;F;10;0;0;7432;3321032;51873;
1085;Sjælland;2022-11-05;F;42;0;5;7432;3321074;51878;
1083;Syddanmark;2022-11-05;F;42;1;6;7433;3321116;51884;
1084;Hovedstaden;2022-11-05;M;40;1;5;7434;3321156;51889;
1082;Midtjylland;2022-11-05;M;44;0;2;7434;3321200;51891;
1081;Nordjylland;2022-11-05;M;8;0;2;7434;3321208;51893;
1085;Sjælland;2022-11-05;M;32;0;2;7434;3321240;51895;
1083;Syddanmark;2022-11-05;M;29;1;5;7435;3321269;51900;
1084;Hovedstaden;2022-11-06;F;66;2;3;7437;3321335;51903;
1082;Midtjylland;2022-11-06;F;62;0;1;7437;3321397;51904;
1081;Nordjylland;2022-11-06;F;18;0;1;7437;3321415;51905;
1085;Sjælland;2022-11-06;F;44;0;5;7437;3321459;51910;
1083;Syddanmark;2022-11-06;F;59;0;2;7437;3321518;51912;
1084;Hovedstaden;2022-11-06;M;64;0;3;7437;3321582;51915;
1082;Midtjylland;2022-11-06;M;51;1;2;7438;3321633;51917;
1081;Nordjylland;2022-11-06;M;19;1;5;7439;3321652;51922;
1085;Sjælland;2022-11-06;M;49;0;4;7439;3321701;51926;
1083;Syddanmark;2022-11-06;M;51;0;3;7439;3321752;51929;
1084;Hovedstaden;2022-11-07;F;123;0;10;7439;3321875;51939;
1082;Midtjylland;2022-11-07;F;92;0;4;7439;3321967;51943;
1081;Nordjylland;2022-11-07;F;40;0;5;7439;3322007;51948;
1085;Sjælland;2022-11-07;F;65;0;5;7439;3322072;51953;
1083;Syddanmark;2022-11-07;F;86;0;6;7439;3322158;51959;
1084;Hovedstaden;2022-11-07;M;93;0;8;7439;3322251;51967;
1082;Midtjylland;2022-11-07;M;69;0;2;7439;3322320;51969;
1081;Nordjylland;2022-11-07;M;33;0;1;7439;3322353;51970;
1085;Sjælland;2022-11-07;M;65;2;4;7441;3322418;51974;
1083;Syddanmark;2022-11-07;M;59;0;3;7441;3322477;51977;
1084;Hovedstaden;2022-11-08;F;130;2;6;7443;3322607;51983;
1082;Midtjylland;2022-11-08;F;70;0;2;7443;3322677;51985;
1081;Nordjylland;2022-11-08;F;28;0;1;7443;3322705;51986;
1085;Sjælland;2022-11-08;F;77;0;3;7443;3322782;51989;
1083;Syddanmark;2022-11-08;F;95;0;7;7443;3322877;51996;
1084;Hovedstaden;2022-11-08;M;96;0;6;7443;3322973;52002;
1082;Midtjylland;2022-11-08;M;61;1;7;7444;3323034;52009;
1081;Nordjylland;2022-11-08;M;19;1;3;7445;3323053;52012;
1085;Sjælland;2022-11-08;M;62;1;6;7446;3323115;52018;
1083;Syddanmark;2022-11-08;M;85;0;7;7446;3323200;52025;
1084;Hovedstaden;2022-11-09;F;108;1;5;7447;3323308;52030;
1082;Midtjylland;2022-11-09;F;87;0;2;7447;3323395;52032;
1081;Nordjylland;2022-11-09;F;40;0;2;7447;3323435;52034;
1085;Sjælland;2022-11-09;F;97;1;5;7448;3323532;52039;
1083;Syddanmark;2022-11-09;F;81;0;6;7448;3323613;52045;
1084;Hovedstaden;2022-11-09;M;99;3;6;7451;3323712;52051;
1082;Midtjylland;2022-11-09;M;79;1;2;7452;3323791;52053;
1081;Nordjylland;2022-11-09;M;35;0;1;7452;3323826;52054;
1085;Sjælland;2022-11-09;M;72;0;0;7452;3323898;52054;
1083;Syddanmark;2022-11-09;M;72;0;1;7452;3323970;52055;
1084;Hovedstaden;2022-11-10;F;104;0;7;7452;3324074;52062;
1082;Midtjylland;2022-11-10;F;85;0;2;7452;3324159;52064;
1081;Nordjylland;2022-11-10;F;34;0;0;7452;3324193;52064;
1085;Sjælland;2022-11-10;F;61;1;1;7453;3324254;52065;
1083;Syddanmark;2022-11-10;F;66;0;2;7453;3324320;52067;
1084;Hovedstaden;2022-11-10;M;84;1;8;7454;3324404;52075;
1082;Midtjylland;2022-11-10;M;54;0;3;7454;3324458;52078;
1081;Nordjylland;2022-11-10;M;25;1;3;7455;3324483;52081;
1085;Sjælland;2022-11-10;M;43;0;2;7455;3324526;52083;
1083;Syddanmark;2022-11-10;M;54;0;6;7455;3324580;52089;
1084;Hovedstaden;2022-11-11;F;89;1;5;7456;3324669;52094;
1082;Midtjylland;2022-11-11;F;56;0;4;7456;3324725;52098;
1081;Nordjylland;2022-11-11;F;35;1;1;7457;3324760;52099;
1085;Sjælland;2022-11-11;F;51;0;4;7457;3324811;52103;
1083;Syddanmark;2022-11-11;F;58;0;3;7457;3324869;52106;
1084;Hovedstaden;2022-11-11;M;77;2;5;7459;3324946;52111;
1082;Midtjylland;2022-11-11;M;34;0;0;7459;3324980;52111;
1081;Nordjylland;2022-11-11;M;25;1;1;7460;3325005;52112;
1085;Sjælland;2022-11-11;M;49;0;5;7460;3325054;52117;
1083;Syddanmark;2022-11-11;M;37;0;3;7460;3325091;52120;
1084;Hovedstaden;2022-11-12;F;69;1;3;7461;3325160;52123;
1082;Midtjylland;2022-11-12;F;40;0;0;7461;3325200;52123;
1081;Nordjylland;2022-11-12;F;19;2;2;7463;3325219;52125;
1085;Sjælland;2022-11-12;F;47;0;3;7463;3325266;52128;
1083;Syddanmark;2022-11-12;F;34;0;0;7463;3325300;52128;
1084;Hovedstaden;2022-11-12;M;65;1;2;7464;3325365;52130;
1082;Midtjylland;2022-11-12;M;39;0;4;7464;3325404;52134;
1081;Nordjylland;2022-11-12;M;12;0;1;7464;3325416;52135;
1085;Sjælland;2022-11-12;M;44;0;4;7464;3325460;52139;
1083;Syddanmark;2022-11-12;M;37;1;2;7465;3325497;52141;
1084;Hovedstaden;2022-11-13;F;88;0;5;7465;3325585;52146;
1082;Midtjylland;2022-11-13;F;50;0;1;7465;3325635;52147;
1081;Nordjylland;2022-11-13;F;24;1;4;7466;3325659;52151;
1085;Sjælland;2022-11-13;F;46;0;4;7466;3325705;52155;
1083;Syddanmark;2022-11-13;F;72;0;1;7466;3325777;52156;
1084;Hovedstaden;2022-11-13;M;53;1;2;7467;3325830;52158;
1082;Midtjylland;2022-11-13;M;52;0;1;7467;3325882;52159;
1081;Nordjylland;2022-11-13;M;20;0;2;7467;3325902;52161;
1085;Sjælland;2022-11-13;M;49;1;7;7468;3325951;52168;
1083;Syddanmark;2022-11-13;M;37;1;2;7469;3325988;52170;
1084;Hovedstaden;2022-11-14;F;92;0;4;7469;3326080;52174;
1082;Midtjylland;2022-11-14;F;96;0;3;7469;3326176;52177;
1081;Nordjylland;2022-11-14;F;35;0;1;7469;3326211;52178;
1085;Sjælland;2022-11-14;F;60;0;4;7469;3326271;52182;
1083;Syddanmark;2022-11-14;F;91;1;2;7470;3326362;52184;
1084;Hovedstaden;2022-11-14;M;88;0;4;7470;3326450;52188;
1082;Midtjylland;2022-11-14;M;65;0;2;7470;3326515;52190;
1081;Nordjylland;2022-11-14;M;38;1;6;7471;3326553;52196;
1085;Sjælland;2022-11-14;M;54;0;7;7471;3326607;52203;
1083;Syddanmark;2022-11-14;M;62;1;5;7472;3326669;52208;
1084;Hovedstaden;2022-11-15;F;120;1;2;7473;3326789;52210;
1082;Midtjylland;2022-11-15;F;74;1;3;7474;3326863;52213;
1081;Nordjylland;2022-11-15;F;23;0;2;7474;3326886;52215;
1085;Sjælland;2022-11-15;F;59;0;2;7474;3326945;52217;
1083;Syddanmark;2022-11-15;F;81;0;1;7474;3327026;52218;
1084;Hovedstaden;2022-11-15;M;94;1;4;7475;3327120;52222;
1082;Midtjylland;2022-11-15;M;60;0;3;7475;3327180;52225;
1081;Nordjylland;2022-11-15;M;18;0;3;7475;3327198;52228;
1085;Sjælland;2022-11-15;M;57;0;3;7475;3327255;52231;
1083;Syddanmark;2022-11-15;M;71;3;7;7478;3327326;52238;
1084;Hovedstaden;2022-11-16;F;98;0;5;7478;3327424;52243;
1082;Midtjylland;2022-11-16;F;65;0;2;7478;3327489;52245;
1081;Nordjylland;2022-11-16;F;28;1;4;7479;3327517;52249;
1085;Sjælland;2022-11-16;F;49;0;2;7479;3327566;52251;
1083;Syddanmark;2022-11-16;F;70;0;7;7479;3327636;52258;
1084;Hovedstaden;2022-11-16;M;77;1;4;7480;3327713;52262;
1082;Midtjylland;2022-11-16;M;59;1;1;7481;3327772;52263;
1081;Nordjylland;2022-11-16;M;24;0;2;7481;3327796;52265;
1085;Sjælland;2022-11-16;M;57;2;8;7483;3327853;52273;
1083;Syddanmark;2022-11-16;M;55;0;3;7483;3327908;52276;
1084;Hovedstaden;2022-11-17;F;92;0;3;7483;3328000;52279;
1082;Midtjylland;2022-11-17;F;62;1;5;7484;3328062;52284;
1081;Nordjylland;2022-11-17;F;19;0;3;7484;3328081;52287;
1085;Sjælland;2022-11-17;F;59;0;1;7484;3328140;52288;
1083;Syddanmark;2022-11-17;F;54;2;2;7486;3328194;52290;
1084;Hovedstaden;2022-11-17;M;90;4;9;7490;3328284;52299;
1082;Midtjylland;2022-11-17;M;50;1;2;7491;3328334;52301;
1081;Nordjylland;2022-11-17;M;16;0;1;7491;3328350;52302;
1085;Sjælland;2022-11-17;M;60;0;3;7491;3328410;52305;
1083;Syddanmark;2022-11-17;M;49;2;3;7493;3328459;52308;
1084;Hovedstaden;2022-11-18;F;88;0;4;7493;3328547;52312;
1082;Midtjylland;2022-11-18;F;54;0;1;7493;3328601;52313;
1081;Nordjylland;2022-11-18;F;27;0;0;7493;3328628;52313;
1085;Sjælland;2022-11-18;F;46;0;3;7493;3328674;52316;
1083;Syddanmark;2022-11-18;F;39;0;2;7493;3328713;52318;
1084;Hovedstaden;2022-11-18;M;68;0;3;7493;3328781;52321;
1082;Midtjylland;2022-11-18;M;51;1;3;7494;3328832;52324;
1081;Nordjylland;2022-11-18;M;24;0;2;7494;3328856;52326;
1085;Sjælland;2022-11-18;M;42;0;2;7494;3328898;52328;
1083;Syddanmark;2022-11-18;M;45;0;5;7494;3328943;52333;
1084;Hovedstaden;2022-11-19;F;66;0;5;7494;3329009;52338;
1082;Midtjylland;2022-11-19;F;47;0;0;7494;3329056;52338;
1081;Nordjylland;2022-11-19;F;7;0;2;7494;3329063;52340;
1085;Sjælland;2022-11-19;F;39;1;2;7495;3329102;52342;
1083;Syddanmark;2022-11-19;F;28;0;2;7495;3329130;52344;
1084;Hovedstaden;2022-11-19;M;58;1;4;7496;3329188;52348;
1082;Midtjylland;2022-11-19;M;34;1;3;7497;3329222;52351;
1081;Nordjylland;2022-11-19;M;10;0;2;7497;3329232;52353;
1085;Sjælland;2022-11-19;M;33;0;1;7497;3329265;52354;
1083;Syddanmark;2022-11-19;M;26;0;2;7497;3329291;52356;
1084;Hovedstaden;2022-11-20;F;82;0;5;7497;3329373;52361;
1082;Midtjylland;2022-11-20;F;37;0;1;7497;3329410;52362;
1081;Nordjylland;2022-11-20;F;14;0;0;7497;3329424;52362;
1085;Sjælland;2022-11-20;F;52;0;4;7497;3329476;52366;
1083;Syddanmark;2022-11-20;F;51;1;4;7498;3329527;52370;
1084;Hovedstaden;2022-11-20;M;78;1;7;7499;3329605;52377;
1082;Midtjylland;2022-11-20;M;42;0;2;7499;3329647;52379;
1081;Nordjylland;2022-11-20;M;19;0;3;7499;3329666;52382;
1085;Sjælland;2022-11-20;M;37;0;2;7499;3329703;52384;
1083;Syddanmark;2022-11-20;M;55;0;4;7499;3329758;52388;
1084;Hovedstaden;2022-11-21;F;101;0;9;7499;3329859;52397;
1082;Midtjylland;2022-11-21;F;70;1;3;7500;3329929;52400;
1081;Nordjylland;2022-11-21;F;35;0;1;7500;3329964;52401;
1085;Sjælland;2022-11-21;F;63;0;2;7500;3330027;52403;
1083;Syddanmark;2022-11-21;F;79;0;3;7500;3330106;52406;
1084;Hovedstaden;2022-11-21;M;75;0;5;7500;3330181;52411;
1082;Midtjylland;2022-11-21;M;71;1;5;7501;3330252;52416;
1081;Nordjylland;2022-11-21;M;22;0;1;7501;3330274;52417;
1085;Sjælland;2022-11-21;M;42;0;0;7501;3330316;52417;
1083;Syddanmark;2022-11-21;M;68;0;1;7501;3330384;52418;
1084;Hovedstaden;2022-11-22;F;131;3;7;7504;3330515;52425;
1082;Midtjylland;2022-11-22;F;68;0;3;7504;3330583;52428;
1081;Nordjylland;2022-11-22;F;27;0;1;7504;3330610;52429;
1085;Sjælland;2022-11-22;F;61;0;3;7504;3330671;52432;
1083;Syddanmark;2022-11-22;F;87;0;5;7504;3330758;52437;
1084;Hovedstaden;2022-11-22;M;74;0;6;7504;3330832;52443;
1082;Midtjylland;2022-11-22;M;69;1;4;7505;3330901;52447;
1081;Nordjylland;2022-11-22;M;24;1;3;7506;3330925;52450;
1085;Sjælland;2022-11-22;M;58;1;5;7507;3330983;52455;
1083;Syddanmark;2022-11-22;M;67;1;1;7508;3331050;52456;
1084;Hovedstaden;2022-11-23;F;136;3;11;7511;3331186;52467;
1082;Midtjylland;2022-11-23;F;87;0;2;7511;3331273;52469;
1081;Nordjylland;2022-11-23;F;46;0;3;7511;3331319;52472;
1085;Sjælland;2022-11-23;F;72;0;3;7511;3331391;52475;
1083;Syddanmark;2022-11-23;F;73;0;2;7511;3331464;52477;
1084;Hovedstaden;2022-11-23;M;94;1;6;7512;3331558;52483;
1082;Midtjylland;2022-11-23;M;53;0;0;7512;3331611;52483;
1081;Nordjylland;2022-11-23;M;33;0;0;7512;3331644;52483;
1085;Sjælland;2022-11-23;M;56;0;0;7512;3331700;52483;
1083;Syddanmark;2022-11-23;M;68;0;6;7512;3331768;52489;
1084;Hovedstaden;2022-11-24;F;137;0;8;7512;3331905;52497;
1082;Midtjylland;2022-11-24;F;79;0;2;7512;3331984;52499;
1081;Nordjylland;2022-11-24;F;37;1;5;7513;3332021;52504;
1085;Sjælland;2022-11-24;F;78;0;1;7513;3332099;52505;
1083;Syddanmark;2022-11-24;F;82;1;5;7514;3332181;52510;
1084;Hovedstaden;2022-11-24;M;115;2;11;7516;3332296;52521;
1082;Midtjylland;2022-11-24;M;81;0;6;7516;3332377;52527;
1081;Nordjylland;2022-11-24;M;21;0;1;7516;3332398;52528;
1085;Sjælland;2022-11-24;M;49;0;2;7516;3332447;52530;
1083;Syddanmark;2022-11-24;M;83;2;13;7518;3332530;52543;
1084;Hovedstaden;2022-11-25;F;115;1;5;7519;3332645;52548;
1082;Midtjylland;2022-11-25;F;71;0;1;7519;3332716;52549;
1081;Nordjylland;2022-11-25;F;34;1;3;7520;3332750;52552;
1085;Sjælland;2022-11-25;F;51;0;2;7520;3332801;52554;
1083;Syddanmark;2022-11-25;F;70;0;3;7520;3332871;52557;
1084;Hovedstaden;2022-11-25;M;89;0;6;7520;3332960;52563;
1082;Midtjylland;2022-11-25;M;65;0;6;7520;3333025;52569;
1081;Nordjylland;2022-11-25;M;23;0;3;7520;3333048;52572;
1085;Sjælland;2022-11-25;M;53;1;5;7521;3333101;52577;
1083;Syddanmark;2022-11-25;M;55;1;4;7522;3333156;52581;
1084;Hovedstaden;2022-11-26;F;85;2;3;7524;3333241;52584;
1082;Midtjylland;2022-11-26;F;66;0;0;7524;3333307;52584;
1081;Nordjylland;2022-11-26;F;21;1;1;7525;3333328;52585;
1085;Sjælland;2022-11-26;F;42;0;1;7525;3333370;52586;
1083;Syddanmark;2022-11-26;F;43;0;2;7525;3333413;52588;
1084;Hovedstaden;2022-11-26;M;56;2;3;7527;3333469;52591;
1082;Midtjylland;2022-11-26;M;64;0;6;7527;3333533;52597;
1081;Nordjylland;2022-11-26;M;15;0;2;7527;3333548;52599;
1085;Sjælland;2022-11-26;M;46;1;5;7528;3333594;52604;
1083;Syddanmark;2022-11-26;M;38;1;2;7529;3333632;52606;
1084;Hovedstaden;2022-11-27;F;113;1;10;7530;3333745;52616;
1082;Midtjylland;2022-11-27;F;75;1;5;7531;3333820;52621;
1081;Nordjylland;2022-11-27;F;33;0;2;7531;3333853;52623;
1085;Sjælland;2022-11-27;F;69;0;0;7531;3333922;52623;
1083;Syddanmark;2022-11-27;F;81;0;3;7531;3334003;52626;
1084;Hovedstaden;2022-11-27;M;89;3;6;7534;3334092;52632;
1082;Midtjylland;2022-11-27;M;63;0;4;7534;3334155;52636;
1081;Nordjylland;2022-11-27;M;19;1;3;7535;3334174;52639;
1085;Sjælland;2022-11-27;M;44;0;4;7535;3334218;52643;
1083;Syddanmark;2022-11-27;M;62;1;4;7536;3334280;52647;
1084;Hovedstaden;2022-11-28;F;198;0;7;7536;3334478;52654;
1082;Midtjylland;2022-11-28;F;125;1;6;7537;3334603;52660;
1081;Nordjylland;2022-11-28;F;73;0;5;7537;3334676;52665;
1085;Sjælland;2022-11-28;F;105;1;5;7538;3334781;52670;
1083;Syddanmark;2022-11-28;F;137;1;4;7539;3334918;52674;
1084;Hovedstaden;2022-11-28;M;158;4;16;7543;3335076;52690;
1082;Midtjylland;2022-11-28;M;104;1;3;7544;3335180;52693;
1081;Nordjylland;2022-11-28;M;44;0;13;7544;3335224;52706;
1085;Sjælland;2022-11-28;M;83;0;2;7544;3335307;52708;
1083;Syddanmark;2022-11-28;M;109;0;5;7544;3335416;52713;
1084;Hovedstaden;2022-11-29;F;192;3;12;7547;3335608;52725;
1082;Midtjylland;2022-11-29;F;123;1;5;7548;3335731;52730;
1081;Nordjylland;2022-11-29;F;53;0;0;7548;3335784;52730;
1085;Sjælland;2022-11-29;F;104;0;4;7548;3335888;52734;
1083;Syddanmark;2022-11-29;F;156;0;11;7548;3336044;52745;
1084;Hovedstaden;2022-11-29;M;151;1;12;7549;3336195;52757;
1082;Midtjylland;2022-11-29;M;106;2;3;7551;3336301;52760;
1081;Nordjylland;2022-11-29;M;36;0;2;7551;3336337;52762;
1085;Sjælland;2022-11-29;M;87;0;4;7551;3336424;52766;
1083;Syddanmark;2022-11-29;M;117;2;8;7553;3336541;52774;
1084;Hovedstaden;2022-11-30;F;190;0;11;7553;3336731;52785;
1082;Midtjylland;2022-11-30;F;161;2;9;7555;3336892;52794;
1081;Nordjylland;2022-11-30;F;83;0;3;7555;3336975;52797;
1085;Sjælland;2022-11-30;F;104;0;2;7555;3337079;52799;
1083;Syddanmark;2022-11-30;F;128;0;10;7555;3337207;52809;
1084;Hovedstaden;2022-11-30;M;169;3;16;7558;3337376;52825;
1082;Midtjylland;2022-11-30;M;124;0;1;7558;3337500;52826;
1081;Nordjylland;2022-11-30;M;65;0;0;7558;3337565;52826;
1085;Sjælland;2022-11-30;M;78;0;5;7558;3337643;52831;
1083;Syddanmark;2022-11-30;M;124;1;5;7559;3337767;52836;
1084;Hovedstaden;2022-12-01;F;190;7;16;7566;3337957;52852;
1082;Midtjylland;2022-12-01;F;115;0;0;7566;3338072;52852;
1081;Nordjylland;2022-12-01;F;58;0;1;7566;3338130;52853;
1085;Sjælland;2022-12-01;F;87;0;6;7566;3338217;52859;
1083;Syddanmark;2022-12-01;F;131;0;6;7566;3338348;52865;
1084;Hovedstaden;2022-12-01;M;160;4;11;7570;3338508;52876;
1082;Midtjylland;2022-12-01;M;111;0;7;7570;3338619;52883;
1081;Nordjylland;2022-12-01;M;51;0;3;7570;3338670;52886;
1085;Sjælland;2022-12-01;M;78;0;2;7570;3338748;52888;
1083;Syddanmark;2022-12-01;M;114;2;6;7572;3338862;52894;
1084;Hovedstaden;2022-12-02;F;150;0;10;7572;3339012;52904;
1082;Midtjylland;2022-12-02;F;134;0;7;7572;3339146;52911;
1081;Nordjylland;2022-12-02;F;51;0;0;7572;3339197;52911;
1085;Sjælland;2022-12-02;F;76;0;5;7572;3339273;52916;
1083;Syddanmark;2022-12-02;F;116;0;6;7572;3339389;52922;
1084;Hovedstaden;2022-12-02;M;143;0;14;7572;3339532;52936;
1082;Midtjylland;2022-12-02;M;98;0;3;7572;3339630;52939;
1081;Nordjylland;2022-12-02;M;52;1;3;7573;3339682;52942;
1085;Sjælland;2022-12-02;M;73;1;7;7574;3339755;52949;
1083;Syddanmark;2022-12-02;M;94;1;4;7575;3339849;52953;
1084;Hovedstaden;2022-12-03;F;134;1;5;7576;3339983;52958;
1082;Midtjylland;2022-12-03;F;85;0;3;7576;3340068;52961;
1081;Nordjylland;2022-12-03;F;35;0;3;7576;3340103;52964;
1085;Sjælland;2022-12-03;F;64;0;4;7576;3340167;52968;
1083;Syddanmark;2022-12-03;F;90;0;5;7576;3340257;52973;
1084;Hovedstaden;2022-12-03;M;119;0;9;7576;3340376;52982;
1082;Midtjylland;2022-12-03;M;68;0;2;7576;3340444;52984;
1081;Nordjylland;2022-12-03;M;25;1;3;7577;3340469;52987;
1085;Sjælland;2022-12-03;M;50;0;4;7577;3340519;52991;
1083;Syddanmark;2022-12-03;M;69;1;11;7578;3340588;53002;
1084;Hovedstaden;2022-12-04;F;164;1;15;7579;3340752;53017;
1082;Midtjylland;2022-12-04;F;82;0;0;7579;3340834;53017;
1081;Nordjylland;2022-12-04;F;42;0;4;7579;3340876;53021;
1085;Sjælland;2022-12-04;F;73;1;2;7580;3340949;53023;
1083;Syddanmark;2022-12-04;F;146;0;5;7580;3341095;53028;
1084;Hovedstaden;2022-12-04;M;132;2;11;7582;3341227;53039;
1082;Midtjylland;2022-12-04;M;86;0;7;7582;3341313;53046;
1081;Nordjylland;2022-12-04;M;29;1;4;7583;3341342;53050;
1085;Sjælland;2022-12-04;M;82;0;4;7583;3341424;53054;
1083;Syddanmark;2022-12-04;M;112;1;4;7584;3341536;53058;
1084;Hovedstaden;2022-12-05;F;267;2;11;7586;3341803;53069;
1082;Midtjylland;2022-12-05;F;188;0;7;7586;3341991;53076;
1081;Nordjylland;2022-12-05;F;91;0;2;7586;3342082;53078;
1085;Sjælland;2022-12-05;F;129;2;6;7588;3342211;53084;
1083;Syddanmark;2022-12-05;F;210;0;8;7588;3342421;53092;
1084;Hovedstaden;2022-12-05;M;210;0;19;7588;3342631;53111;
1082;Midtjylland;2022-12-05;M;148;0;4;7588;3342779;53115;
1081;Nordjylland;2022-12-05;M;96;1;4;7589;3342875;53119;
1085;Sjælland;2022-12-05;M;121;0;2;7589;3342996;53121;
1083;Syddanmark;2022-12-05;M;162;1;11;7590;3343158;53132;
1084;Hovedstaden;2022-12-06;F;297;1;15;7591;3343455;53147;
1082;Midtjylland;2022-12-06;F;199;1;4;7592;3343654;53151;
1081;Nordjylland;2022-12-06;F;75;0;1;7592;3343729;53152;
1085;Sjælland;2022-12-06;F;143;0;7;7592;3343872;53159;
1083;Syddanmark;2022-12-06;F;220;1;5;7593;3344092;53164;
1084;Hovedstaden;2022-12-06;M;253;3;14;7596;3344345;53178;
1082;Midtjylland;2022-12-06;M;177;1;4;7597;3344522;53182;
1081;Nordjylland;2022-12-06;M;53;1;4;7598;3344575;53186;
1085;Sjælland;2022-12-06;M;104;0;2;7598;3344679;53188;
1083;Syddanmark;2022-12-06;M;186;1;13;7599;3344865;53201;
1084;Hovedstaden;2022-12-07;F;279;4;11;7603;3345144;53212;
1082;Midtjylland;2022-12-07;F;183;0;5;7603;3345327;53217;
1081;Nordjylland;2022-12-07;F;94;0;8;7603;3345421;53225;
1085;Sjælland;2022-12-07;F;204;1;11;7604;3345625;53236;
1083;Syddanmark;2022-12-07;F;188;2;6;7606;3345813;53242;
1084;Hovedstaden;2022-12-07;M;265;0;10;7606;3346078;53252;
1082;Midtjylland;2022-12-07;M;167;0;8;7606;3346245;53260;
1081;Nordjylland;2022-12-07;M;77;0;4;7606;3346322;53264;
1085;Sjælland;2022-12-07;M;153;0;3;7606;3346475;53267;
1083;Syddanmark;2022-12-07;M;148;1;5;7607;3346623;53272;
1084;Hovedstaden;2022-12-08;F;254;0;17;7607;3346877;53289;
1082;Midtjylland;2022-12-08;F;185;1;6;7608;3347062;53295;
1081;Nordjylland;2022-12-08;F;68;2;4;7610;3347130;53299;
1085;Sjælland;2022-12-08;F;161;0;4;7610;3347291;53303;
1083;Syddanmark;2022-12-08;F;160;1;4;7611;3347451;53307;
1084;Hovedstaden;2022-12-08;M;206;2;11;7613;3347657;53318;
1082;Midtjylland;2022-12-08;M;143;0;5;7613;3347800;53323;
1081;Nordjylland;2022-12-08;M;64;1;7;7614;3347864;53330;
1085;Sjælland;2022-12-08;M;98;0;1;7614;3347962;53331;
1083;Syddanmark;2022-12-08;M;142;0;10;7614;3348104;53341;
1084;Hovedstaden;2022-12-09;F;140;0;9;7614;3348244;53350;
1082;Midtjylland;2022-12-09;F;87;1;7;7615;3348331;53357;
1081;Nordjylland;2022-12-09;F;53;1;4;7616;3348384;53361;
1085;Sjælland;2022-12-09;F;53;2;4;7618;3348437;53365;
1083;Syddanmark;2022-12-09;F;83;0;4;7618;3348520;53369;
1084;Hovedstaden;2022-12-09;M;117;2;8;7620;3348637;53377;
1082;Midtjylland;2022-12-09;M;70;3;6;7623;3348707;53383;
1081;Nordjylland;2022-12-09;M;32;0;1;7623;3348739;53384;
1085;Sjælland;2022-12-09;M;61;1;5;7624;3348800;53389;
1083;Syddanmark;2022-12-09;M;59;2;6;7626;3348859;53395;
1084;Hovedstaden;2022-12-10;F;132;2;9;7628;3348991;53404;
1082;Midtjylland;2022-12-10;F;79;0;5;7628;3349070;53409;
1081;Nordjylland;2022-12-10;F;21;0;1;7628;3349091;53410;
1085;Sjælland;2022-12-10;F;60;0;3;7628;3349151;53413;
1083;Syddanmark;2022-12-10;F;36;0;5;7628;3349187;53418;
1084;Hovedstaden;2022-12-10;M;76;1;8;7629;3349263;53426;
1082;Midtjylland;2022-12-10;M;54;2;9;7631;3349317;53435;
1081;Nordjylland;2022-12-10;M;25;1;7;7632;3349342;53442;
1085;Sjælland;2022-12-10;M;50;0;5;7632;3349392;53447;
1083;Syddanmark;2022-12-10;M;42;3;7;7635;3349434;53454;
1084;Hovedstaden;2022-12-11;F;118;2;12;7637;3349552;53466;
1082;Midtjylland;2022-12-11;F;78;2;10;7639;3349630;53476;
1081;Nordjylland;2022-12-11;F;27;0;1;7639;3349657;53477;
1085;Sjælland;2022-12-11;F;80;2;7;7641;3349737;53484;
1083;Syddanmark;2022-12-11;F;76;2;11;7643;3349813;53495;
1084;Hovedstaden;2022-12-11;M;93;2;12;7645;3349906;53507;
1082;Midtjylland;2022-12-11;M;64;0;6;7645;3349970;53513;
1081;Nordjylland;2022-12-11;M;22;0;1;7645;3349992;53514;
1085;Sjælland;2022-12-11;M;53;0;9;7645;3350045;53523;
1083;Syddanmark;2022-12-11;M;49;1;6;7646;3350094;53529;
1084;Hovedstaden;2022-12-12;F;185;7;17;7653;3350279;53546;
1082;Midtjylland;2022-12-12;F;127;2;7;7655;3350406;53553;
1081;Nordjylland;2022-12-12;F;58;0;5;7655;3350464;53558;
1085;Sjælland;2022-12-12;F;92;0;4;7655;3350556;53562;
1083;Syddanmark;2022-12-12;F;132;4;11;7659;3350688;53573;
1084;Hovedstaden;2022-12-12;M;140;2;15;7661;3350828;53588;
1082;Midtjylland;2022-12-12;M;106;0;11;7661;3350934;53599;
1081;Nordjylland;2022-12-12;M;55;1;7;7662;3350989;53606;
1085;Sjælland;2022-12-12;M;69;0;5;7662;3351058;53611;
1083;Syddanmark;2022-12-12;M;89;0;7;7662;3351147;53618;
1084;Hovedstaden;2022-12-13;F;199;2;11;7664;3351346;53629;
1082;Midtjylland;2022-12-13;F;110;2;6;7666;3351456;53635;
1081;Nordjylland;2022-12-13;F;53;0;5;7666;3351509;53640;
1085;Sjælland;2022-12-13;F;103;0;4;7666;3351612;53644;
1083;Syddanmark;2022-12-13;F;143;0;9;7666;3351755;53653;
1084;Hovedstaden;2022-12-13;M;140;1;15;7667;3351895;53668;
1082;Midtjylland;2022-12-13;M;97;0;6;7667;3351992;53674;
1081;Nordjylland;2022-12-13;M;40;2;9;7669;3352032;53683;
1085;Sjælland;2022-12-13;M;99;5;10;7674;3352131;53693;
1083;Syddanmark;2022-12-13;M;126;3;10;7677;3352257;53703;
1084;Hovedstaden;2022-12-14;F;224;1;19;7678;3352481;53722;
1082;Midtjylland;2022-12-14;F;118;2;12;7680;3352599;53734;
1081;Nordjylland;2022-12-14;F;63;1;3;7681;3352662;53737;
1085;Sjælland;2022-12-14;F;140;1;10;7682;3352802;53747;
1083;Syddanmark;2022-12-14;F;136;0;9;7682;3352938;53756;
1084;Hovedstaden;2022-12-14;M;156;2;13;7684;3353094;53769;
1082;Midtjylland;2022-12-14;M;95;1;8;7685;3353189;53777;
1081;Nordjylland;2022-12-14;M;51;1;4;7686;3353240;53781;
1085;Sjælland;2022-12-14;M;116;0;7;7686;3353356;53788;
1083;Syddanmark;2022-12-14;M;97;0;11;7686;3353453;53799;
1084;Hovedstaden;2022-12-15;F;203;1;12;7687;3353656;53811;
1082;Midtjylland;2022-12-15;F;137;2;11;7689;3353793;53822;
1081;Nordjylland;2022-12-15;F;47;0;5;7689;3353840;53827;
1085;Sjælland;2022-12-15;F;119;0;5;7689;3353959;53832;
1083;Syddanmark;2022-12-15;F;94;2;3;7691;3354053;53835;
1084;Hovedstaden;2022-12-15;M;155;3;16;7694;3354208;53851;
1082;Midtjylland;2022-12-15;M;97;0;6;7694;3354305;53857;
1081;Nordjylland;2022-12-15;M;36;2;8;7696;3354341;53865;
1085;Sjælland;2022-12-15;M;86;3;10;7699;3354427;53875;
1083;Syddanmark;2022-12-15;M;95;1;3;7700;3354522;53878;
1084;Hovedstaden;2022-12-16;F;164;3;15;7703;3354686;53893;
1082;Midtjylland;2022-12-16;F;106;1;4;7704;3354792;53897;
1081;Nordjylland;2022-12-16;F;65;2;4;7706;3354857;53901;
1085;Sjælland;2022-12-16;F;83;1;5;7707;3354940;53906;
1083;Syddanmark;2022-12-16;F;121;1;11;7708;3355061;53917;
1084;Hovedstaden;2022-12-16;M;129;0;13;7708;3355190;53930;
1082;Midtjylland;2022-12-16;M;94;1;11;7709;3355284;53941;
1081;Nordjylland;2022-12-16;M;39;0;9;7709;3355323;53950;
1085;Sjælland;2022-12-16;M;64;2;6;7711;3355387;53956;
1083;Syddanmark;2022-12-16;M;73;1;14;7712;3355460;53970;
1084;Hovedstaden;2022-12-17;F;134;2;10;7714;3355594;53980;
1082;Midtjylland;2022-12-17;F;83;2;7;7716;3355677;53987;
1081;Nordjylland;2022-12-17;F;34;0;6;7716;3355711;53993;
1085;Sjælland;2022-12-17;F;80;1;2;7717;3355791;53995;
1083;Syddanmark;2022-12-17;F;72;0;7;7717;3355863;54002;
1084;Hovedstaden;2022-12-17;M;131;7;16;7724;3355994;54018;
1082;Midtjylland;2022-12-17;M;78;0;11;7724;3356072;54029;
1081;Nordjylland;2022-12-17;M;27;1;3;7725;3356099;54032;
1085;Sjælland;2022-12-17;M;60;0;4;7725;3356159;54036;
1083;Syddanmark;2022-12-17;M;45;0;4;7725;3356204;54040;
1084;Hovedstaden;2022-12-18;F;166;2;17;7727;3356370;54057;
1082;Midtjylland;2022-12-18;F;76;1;6;7728;3356446;54063;
1081;Nordjylland;2022-12-18;F;43;0;3;7728;3356489;54066;
1085;Sjælland;2022-12-18;F;103;0;6;7728;3356592;54072;
1083;Syddanmark;2022-12-18;F;119;0;11;7728;3356711;54083;
1084;Hovedstaden;2022-12-18;M;129;1;14;7729;3356840;54097;
1082;Midtjylland;2022-12-18;M;72;2;9;7731;3356912;54106;
1081;Nordjylland;2022-12-18;M;42;1;5;7732;3356954;54111;
1085;Sjælland;2022-12-18;M;75;1;10;7733;3357029;54121;
1083;Syddanmark;2022-12-18;M;81;2;11;7735;3357110;54132;
1084;Hovedstaden;2022-12-19;F;223;3;16;7738;3357333;54148;
1082;Midtjylland;2022-12-19;F;203;6;10;7744;3357536;54158;
1081;Nordjylland;2022-12-19;F;88;1;6;7745;3357624;54164;
1085;Sjælland;2022-12-19;F;130;1;8;7746;3357754;54172;
1083;Syddanmark;2022-12-19;F;176;1;9;7747;3357930;54181;
1084;Hovedstaden;2022-12-19;M;193;3;23;7750;3358123;54204;
1082;Midtjylland;2022-12-19;M;156;5;16;7755;3358279;54220;
1081;Nordjylland;2022-12-19;M;74;2;8;7757;3358353;54228;
1085;Sjælland;2022-12-19;M;101;1;8;7758;3358454;54236;
1083;Syddanmark;2022-12-19;M;153;2;12;7760;3358607;54248;
1084;Hovedstaden;2022-12-20;F;242;2;21;7762;3358849;54269;
1082;Midtjylland;2022-12-20;F;177;1;12;7763;3359026;54281;
1081;Nordjylland;2022-12-20;F;96;1;9;7764;3359122;54290;
1085;Sjælland;2022-12-20;F;150;3;16;7767;3359272;54306;
1083;Syddanmark;2022-12-20;F;211;1;8;7768;3359483;54314;
1084;Hovedstaden;2022-12-20;M;189;4;21;7772;3359672;54335;
1082;Midtjylland;2022-12-20;M;164;1;10;7773;3359836;54345;
1081;Nordjylland;2022-12-20;M;89;1;11;7774;3359925;54356;
1085;Sjælland;2022-12-20;M;101;2;6;7776;3360026;54362;
1083;Syddanmark;2022-12-20;M;174;3;13;7779;3360200;54375;
1084;Hovedstaden;2022-12-21;F;317;5;25;7784;3360517;54400;
1082;Midtjylland;2022-12-21;F;158;1;7;7785;3360675;54407;
1081;Nordjylland;2022-12-21;F;101;1;4;7786;3360776;54411;
1085;Sjælland;2022-12-21;F;171;0;6;7786;3360947;54417;
1083;Syddanmark;2022-12-21;F;209;3;18;7789;3361156;54435;
1084;Hovedstaden;2022-12-21;M;210;5;23;7794;3361366;54458;
1082;Midtjylland;2022-12-21;M;158;3;13;7797;3361524;54471;
1081;Nordjylland;2022-12-21;M;71;0;7;7797;3361595;54478;
1085;Sjælland;2022-12-21;M;156;1;12;7798;3361751;54490;
1083;Syddanmark;2022-12-21;M;168;0;8;7798;3361919;54498;
1084;Hovedstaden;2022-12-22;F;305;6;14;7804;3362224;54512;
1082;Midtjylland;2022-12-22;F;214;4;13;7808;3362438;54525;
1081;Nordjylland;2022-12-22;F;99;0;7;7808;3362537;54532;
1085;Sjælland;2022-12-22;F;191;4;13;7812;3362728;54545;
1083;Syddanmark;2022-12-22;F;214;1;10;7813;3362942;54555;
1084;Hovedstaden;2022-12-22;M;271;3;17;7816;3363213;54572;
1082;Midtjylland;2022-12-22;M;180;3;11;7819;3363393;54583;
1081;Nordjylland;2022-12-22;M;73;5;9;7824;3363466;54592;
1085;Sjælland;2022-12-22;M;152;2;9;7826;3363618;54601;
1083;Syddanmark;2022-12-22;M;171;4;14;7830;3363789;54615;
1084;Hovedstaden;2022-12-23;F;231;8;16;7838;3364020;54631;
1082;Midtjylland;2022-12-23;F;159;1;8;7839;3364179;54639;
1081;Nordjylland;2022-12-23;F;91;0;2;7839;3364270;54641;
1085;Sjælland;2022-12-23;F;151;2;8;7841;3364421;54649;
1083;Syddanmark;2022-12-23;F;167;1;6;7842;3364588;54655;
1084;Hovedstaden;2022-12-23;M;226;3;23;7845;3364814;54678;
1082;Midtjylland;2022-12-23;M;152;3;14;7848;3364966;54692;
1081;Nordjylland;2022-12-23;M;61;0;4;7848;3365027;54696;
1085;Sjælland;2022-12-23;M;107;2;9;7850;3365134;54705;
1083;Syddanmark;2022-12-23;M;157;1;16;7851;3365291;54721;
1084;Hovedstaden;2022-12-24;F;135;0;18;7851;3365426;54739;
1082;Midtjylland;2022-12-24;F;31;0;1;7851;3365457;54740;
1081;Nordjylland;2022-12-24;F;22;1;5;7852;3365479;54745;
1085;Sjælland;2022-12-24;F;34;0;4;7852;3365513;54749;
1083;Syddanmark;2022-12-24;F;64;2;9;7854;3365577;54758;
1084;Hovedstaden;2022-12-24;M;98;2;12;7856;3365675;54770;
1082;Midtjylland;2022-12-24;M;27;1;7;7857;3365702;54777;
1081;Nordjylland;2022-12-24;M;21;0;3;7857;3365723;54780;
1085;Sjælland;2022-12-24;M;35;0;5;7857;3365758;54785;
1083;Syddanmark;2022-12-24;M;58;2;7;7859;3365816;54792;
1084;Hovedstaden;2022-12-25;F;107;1;16;7860;3365923;54808;
1082;Midtjylland;2022-12-25;F;59;0;8;7860;3365982;54816;
1081;Nordjylland;2022-12-25;F;34;1;7;7861;3366016;54823;
1085;Sjælland;2022-12-25;F;68;0;6;7861;3366084;54829;
1083;Syddanmark;2022-12-25;F;42;1;12;7862;3366126;54841;
1084;Hovedstaden;2022-12-25;M;81;3;14;7865;3366207;54855;
1082;Midtjylland;2022-12-25;M;54;1;11;7866;3366261;54866;
1081;Nordjylland;2022-12-25;M;18;1;4;7867;3366279;54870;
1085;Sjælland;2022-12-25;M;51;2;10;7869;3366330;54880;
1083;Syddanmark;2022-12-25;M;50;2;15;7871;3366380;54895;
1084;Hovedstaden;2022-12-26;F;161;2;21;7873;3366541;54916;
1082;Midtjylland;2022-12-26;F;60;2;9;7875;3366601;54925;
1081;Nordjylland;2022-12-26;F;37;0;5;7875;3366638;54930;
1085;Sjælland;2022-12-26;F;56;1;7;7876;3366694;54937;
1083;Syddanmark;2022-12-26;F;93;0;7;7876;3366787;54944;
1084;Hovedstaden;2022-12-26;M;126;4;11;7880;3366913;54955;
1082;Midtjylland;2022-12-26;M;49;0;7;7880;3366962;54962;
1081;Nordjylland;2022-12-26;M;27;2;4;7882;3366989;54966;
1085;Sjælland;2022-12-26;M;44;0;8;7882;3367033;54974;
1083;Syddanmark;2022-12-26;M;68;3;13;7885;3367101;54987;
1084;Hovedstaden;2022-12-27;F;177;2;21;7887;3367278;55008;
1082;Midtjylland;2022-12-27;F;174;1;11;7888;3367452;55019;
1081;Nordjylland;2022-12-27;F;77;2;7;7890;3367529;55026;
1085;Sjælland;2022-12-27;F;159;0;8;7890;3367688;55034;
1083;Syddanmark;2022-12-27;F;211;5;17;7895;3367899;55051;
1084;Hovedstaden;2022-12-27;M;138;2;18;7897;3368037;55069;
1082;Midtjylland;2022-12-27;M;152;1;11;7898;3368189;55080;
1081;Nordjylland;2022-12-27;M;53;2;7;7900;3368242;55087;
1085;Sjælland;2022-12-27;M;146;4;6;7904;3368388;55093;
1083;Syddanmark;2022-12-27;M;153;2;13;7906;3368541;55106;
1084;Hovedstaden;2022-12-28;F;179;3;15;7909;3368720;55121;
1082;Midtjylland;2022-12-28;F;169;2;14;7911;3368889;55135;
1081;Nordjylland;2022-12-28;F;61;2;3;7913;3368950;55138;
1085;Sjælland;2022-12-28;F;159;2;13;7915;3369109;55151;
1083;Syddanmark;2022-12-28;F;161;3;13;7918;3369270;55164;
1084;Hovedstaden;2022-12-28;M;163;3;26;7921;3369433;55190;
1082;Midtjylland;2022-12-28;M;122;4;15;7925;3369555;55205;
1081;Nordjylland;2022-12-28;M;56;0;6;7925;3369611;55211;
1085;Sjælland;2022-12-28;M;105;3;13;7928;3369716;55224;
1083;Syddanmark;2022-12-28;M;135;3;13;7931;3369851;55237;
1084;Hovedstaden;2022-12-29;F;185;2;16;7933;3370036;55253;
1082;Midtjylland;2022-12-29;F;175;1;8;7934;3370211;55261;
1081;Nordjylland;2022-12-29;F;56;0;5;7934;3370267;55266;
1085;Sjælland;2022-12-29;F;134;1;6;7935;3370401;55272;
1083;Syddanmark;2022-12-29;F;137;1;12;7936;3370538;55284;
1084;Hovedstaden;2022-12-29;M;145;3;18;7939;3370683;55302;
1082;Midtjylland;2022-12-29;M;142;3;15;7942;3370825;55317;
1081;Nordjylland;2022-12-29;M;53;0;9;7942;3370878;55326;
1085;Sjælland;2022-12-29;M;113;1;13;7943;3370991;55339;
1083;Syddanmark;2022-12-29;M;125;1;15;7944;3371116;55354;
1084;Hovedstaden;2022-12-30;F;153;0;17;7944;3371269;55371;
1082;Midtjylland;2022-12-30;F;137;2;8;7946;3371406;55379;
1081;Nordjylland;2022-12-30;F;66;0;2;7946;3371472;55381;
1085;Sjælland;2022-12-30;F;101;1;7;7947;3371573;55388;
1083;Syddanmark;2022-12-30;F;159;2;11;7949;3371732;55399;
1084;Hovedstaden;2022-12-30;M;120;2;19;7951;3371852;55418;
1082;Midtjylland;2022-12-30;M;119;3;11;7954;3371971;55429;
1081;Nordjylland;2022-12-30;M;44;0;3;7954;3372015;55432;
1085;Sjælland;2022-12-30;M;98;0;11;7954;3372113;55443;
1083;Syddanmark;2022-12-30;M;122;0;6;7954;3372235;55449;
1084;Hovedstaden;2022-12-31;F;100;3;14;7957;3372335;55463;
1082;Midtjylland;2022-12-31;F;48;1;12;7958;3372383;55475;
1081;Nordjylland;2022-12-31;F;25;0;5;7958;3372408;55480;
1085;Sjælland;2022-12-31;F;48;0;7;7958;3372456;55487;
1083;Syddanmark;2022-12-31;F;47;1;7;7959;3372503;55494;
1084;Hovedstaden;2022-12-31;M;75;0;9;7959;3372578;55503;
1082;Midtjylland;2022-12-31;M;36;0;5;7959;3372614;55508;
1081;Nordjylland;2022-12-31;M;16;1;2;7960;3372630;55510;
1085;Sjælland;2022-12-31;M;34;3;10;7963;3372664;55520;
1083;Syddanmark;2022-12-31;M;39;2;12;7965;3372703;55532;
1084;Hovedstaden;2023-01-01;F;83;2;8;7967;3372786;55540;
1082;Midtjylland;2023-01-01;F;42;0;7;7967;3372828;55547;
1081;Nordjylland;2023-01-01;F;24;2;5;7969;3372852;55552;
1085;Sjælland;2023-01-01;F;53;1;6;7970;3372905;55558;
1083;Syddanmark;2023-01-01;F;43;1;6;7971;3372948;55564;
1084;Hovedstaden;2023-01-01;M;63;2;13;7973;3373011;55577;
1082;Midtjylland;2023-01-01;M;31;1;6;7974;3373042;55583;
1081;Nordjylland;2023-01-01;M;18;0;5;7974;3373060;55588;
1085;Sjælland;2023-01-01;M;38;1;7;7975;3373098;55595;
1083;Syddanmark;2023-01-01;M;41;2;9;7977;3373139;55604;
1084;Hovedstaden;2023-01-02;F;132;2;14;7979;3373271;55618;
1082;Midtjylland;2023-01-02;F;152;1;9;7980;3373423;55627;
1081;Nordjylland;2023-01-02;F;81;1;5;7981;3373504;55632;
1085;Sjælland;2023-01-02;F;142;1;13;7982;3373646;55645;
1083;Syddanmark;2023-01-02;F;125;1;12;7983;3373771;55657;
1084;Hovedstaden;2023-01-02;M;86;0;13;7983;3373857;55670;
1082;Midtjylland;2023-01-02;M;115;1;12;7984;3373972;55682;
1081;Nordjylland;2023-01-02;M;50;0;6;7984;3374022;55688;
1085;Sjælland;2023-01-02;M;108;1;9;7985;3374130;55697;
1083;Syddanmark;2023-01-02;M;91;1;8;7986;3374221;55705;
1084;Hovedstaden;2023-01-03;F;150;1;18;7987;3374371;55723;
1082;Midtjylland;2023-01-03;F;123;2;15;7989;3374494;55738;
1081;Nordjylland;2023-01-03;F;54;1;7;7990;3374548;55745;
1085;Sjælland;2023-01-03;F;90;1;8;7991;3374638;55753;
1083;Syddanmark;2023-01-03;F;99;4;15;7995;3374737;55768;
1084;Hovedstaden;2023-01-03;M;86;7;18;8002;3374823;55786;
1082;Midtjylland;2023-01-03;M;91;0;9;8002;3374914;55795;
1081;Nordjylland;2023-01-03;M;39;1;7;8003;3374953;55802;
1085;Sjælland;2023-01-03;M;69;1;12;8004;3375022;55814;
1083;Syddanmark;2023-01-03;M;74;1;9;8005;3375096;55823;
1084;Hovedstaden;2023-01-04;F;126;2;18;8007;3375222;55841;
1082;Midtjylland;2023-01-04;F;97;0;2;8007;3375319;55843;
1081;Nordjylland;2023-01-04;F;45;1;6;8008;3375364;55849;
1085;Sjælland;2023-01-04;F;67;1;6;8009;3375431;55855;
1083;Syddanmark;2023-01-04;F;133;0;8;8009;3375564;55863;
1084;Hovedstaden;2023-01-04;M;100;1;16;8010;3375664;55879;
1082;Midtjylland;2023-01-04;M;76;2;10;8012;3375740;55889;
1081;Nordjylland;2023-01-04;M;34;0;6;8012;3375774;55895;
1085;Sjælland;2023-01-04;M;48;1;6;8013;3375822;55901;
1083;Syddanmark;2023-01-04;M;115;1;8;8014;3375937;55909;
1084;Hovedstaden;2023-01-05;F;77;5;15;8019;3376014;55924;
1082;Midtjylland;2023-01-05;F;73;0;10;8019;3376087;55934;
1081;Nordjylland;2023-01-05;F;34;0;3;8019;3376121;55937;
1085;Sjælland;2023-01-05;F;78;0;6;8019;3376199;55943;
1083;Syddanmark;2023-01-05;F;61;1;11;8020;3376260;55954;
1084;Hovedstaden;2023-01-05;M;72;2;20;8022;3376332;55974;
1082;Midtjylland;2023-01-05;M;73;3;10;8025;3376405;55984;
1081;Nordjylland;2023-01-05;M;21;0;4;8025;3376426;55988;
1085;Sjælland;2023-01-05;M;55;0;6;8025;3376481;55994;
1083;Syddanmark;2023-01-05;M;66;0;6;8025;3376547;56000;
1084;Hovedstaden;2023-01-06;F;82;2;12;8027;3376629;56012;
1082;Midtjylland;2023-01-06;F;55;2;8;8029;3376684;56020;
1081;Nordjylland;2023-01-06;F;30;0;0;8029;3376714;56020;
1085;Sjælland;2023-01-06;F;41;1;5;8030;3376755;56025;
1083;Syddanmark;2023-01-06;F;67;1;3;8031;3376822;56028;
1084;Hovedstaden;2023-01-06;M;61;1;7;8032;3376883;56035;
1082;Midtjylland;2023-01-06;M;55;2;5;8034;3376938;56040;
1081;Nordjylland;2023-01-06;M;30;0;4;8034;3376968;56044;
1085;Sjælland;2023-01-06;M;43;2;13;8036;3377011;56057;
1083;Syddanmark;2023-01-06;M;52;1;10;8037;3377063;56067;
1084;Hovedstaden;2023-01-07;F;50;0;8;8037;3377113;56075;
1082;Midtjylland;2023-01-07;F;37;1;5;8038;3377150;56080;
1081;Nordjylland;2023-01-07;F;21;0;4;8038;3377171;56084;
1085;Sjælland;2023-01-07;F;37;0;3;8038;3377208;56087;
1083;Syddanmark;2023-01-07;F;21;0;2;8038;3377229;56089;
1084;Hovedstaden;2023-01-07;M;35;1;3;8039;3377264;56092;
1082;Midtjylland;2023-01-07;M;31;0;4;8039;3377295;56096;
1081;Nordjylland;2023-01-07;M;8;0;3;8039;3377303;56099;
1085;Sjælland;2023-01-07;M;30;0;6;8039;3377333;56105;
1083;Syddanmark;2023-01-07;M;29;1;8;8040;3377362;56113;
1084;Hovedstaden;2023-01-08;F;53;0;4;8040;3377415;56117;
1082;Midtjylland;2023-01-08;F;32;0;5;8040;3377447;56122;
1081;Nordjylland;2023-01-08;F;16;1;2;8041;3377463;56124;
1085;Sjælland;2023-01-08;F;45;0;8;8041;3377508;56132;
1083;Syddanmark;2023-01-08;F;43;0;3;8041;3377551;56135;
1084;Hovedstaden;2023-01-08;M;35;1;7;8042;3377586;56142;
1082;Midtjylland;2023-01-08;M;30;0;5;8042;3377616;56147;
1081;Nordjylland;2023-01-08;M;10;2;5;8044;3377626;56152;
1085;Sjælland;2023-01-08;M;25;0;4;8044;3377651;56156;
1083;Syddanmark;2023-01-08;M;37;3;8;8047;3377688;56164;
1084;Hovedstaden;2023-01-09;F;67;1;9;8048;3377755;56173;
1082;Midtjylland;2023-01-09;F;59;0;3;8048;3377814;56176;
1081;Nordjylland;2023-01-09;F;30;0;3;8048;3377844;56179;
1085;Sjælland;2023-01-09;F;67;0;7;8048;3377911;56186;
1083;Syddanmark;2023-01-09;F;61;1;1;8049;3377972;56187;
1084;Hovedstaden;2023-01-09;M;57;0;13;8049;3378029;56200;
1082;Midtjylland;2023-01-09;M;52;1;7;8050;3378081;56207;
1081;Nordjylland;2023-01-09;M;29;0;6;8050;3378110;56213;
1085;Sjælland;2023-01-09;M;46;0;7;8050;3378156;56220;
1083;Syddanmark;2023-01-09;M;40;0;6;8050;3378196;56226;
1084;Hovedstaden;2023-01-10;F;53;1;11;8051;3378249;56237;
1082;Midtjylland;2023-01-10;F;40;0;2;8051;3378289;56239;
1081;Nordjylland;2023-01-10;F;15;0;2;8051;3378304;56241;
1085;Sjælland;2023-01-10;F;42;1;9;8052;3378346;56250;
1083;Syddanmark;2023-01-10;F;39;0;1;8052;3378385;56251;
1084;Hovedstaden;2023-01-10;M;37;1;7;8053;3378422;56258;
1082;Midtjylland;2023-01-10;M;40;1;4;8054;3378462;56262;
1081;Nordjylland;2023-01-10;M;14;0;4;8054;3378476;56266;
1085;Sjælland;2023-01-10;M;28;0;4;8054;3378504;56270;
1083;Syddanmark;2023-01-10;M;47;2;10;8056;3378551;56280;
1084;Hovedstaden;2023-01-11;F;40;0;7;8056;3378591;56287;
1082;Midtjylland;2023-01-11;F;38;1;5;8057;3378629;56292;
1081;Nordjylland;2023-01-11;F;15;0;1;8057;3378644;56293;
1085;Sjælland;2023-01-11;F;48;2;10;8059;3378692;56303;
1083;Syddanmark;2023-01-11;F;45;1;6;8060;3378737;56309;
1084;Hovedstaden;2023-01-11;M;37;2;6;8062;3378774;56315;
1082;Midtjylland;2023-01-11;M;27;0;3;8062;3378801;56318;
1081;Nordjylland;2023-01-11;M;20;2;6;8064;3378821;56324;
1085;Sjælland;2023-01-11;M;40;0;1;8064;3378861;56325;
1083;Syddanmark;2023-01-11;M;50;3;9;8067;3378911;56334;
1084;Hovedstaden;2023-01-12;F;31;1;8;8068;3378942;56342;
1082;Midtjylland;2023-01-12;F;47;0;1;8068;3378989;56343;
1081;Nordjylland;2023-01-12;F;15;1;1;8069;3379004;56344;
1085;Sjælland;2023-01-12;F;36;0;9;8069;3379040;56353;
1083;Syddanmark;2023-01-12;F;51;0;5;8069;3379091;56358;
1084;Hovedstaden;2023-01-12;M;27;2;6;8071;3379118;56364;
1082;Midtjylland;2023-01-12;M;36;1;8;8072;3379154;56372;
1081;Nordjylland;2023-01-12;M;11;0;4;8072;3379165;56376;
1085;Sjælland;2023-01-12;M;28;0;3;8072;3379193;56379;
1083;Syddanmark;2023-01-12;M;34;0;8;8072;3379227;56387;
1084;Hovedstaden;2023-01-13;F;38;4;6;8076;3379265;56393;
1082;Midtjylland;2023-01-13;F;26;1;3;8077;3379291;56396;
1081;Nordjylland;2023-01-13;F;16;0;1;8077;3379307;56397;
1085;Sjælland;2023-01-13;F;29;2;2;8079;3379336;56399;
1083;Syddanmark;2023-01-13;F;32;0;8;8079;3379368;56407;
1084;Hovedstaden;2023-01-13;M;24;3;7;8082;3379392;56414;
1082;Midtjylland;2023-01-13;M;30;2;7;8084;3379422;56421;
1081;Nordjylland;2023-01-13;M;11;1;2;8085;3379433;56423;
1085;Sjælland;2023-01-13;M;20;0;7;8085;3379453;56430;
1083;Syddanmark;2023-01-13;M;22;1;2;8086;3379475;56432;
1084;Hovedstaden;2023-01-14;F;14;0;3;8086;3379489;56435;
1082;Midtjylland;2023-01-14;F;20;0;1;8086;3379509;56436;
1081;Nordjylland;2023-01-14;F;9;0;2;8086;3379518;56438;
1085;Sjælland;2023-01-14;F;16;0;3;8086;3379534;56441;
1083;Syddanmark;2023-01-14;F;9;0;2;8086;3379543;56443;
1084;Hovedstaden;2023-01-14;M;22;1;6;8087;3379565;56449;
1082;Midtjylland;2023-01-14;M;16;0;3;8087;3379581;56452;
1081;Nordjylland;2023-01-14;M;4;0;2;8087;3379585;56454;
1085;Sjælland;2023-01-14;M;20;0;1;8087;3379605;56455;
1083;Syddanmark;2023-01-14;M;11;2;4;8089;3379616;56459;
1084;Hovedstaden;2023-01-15;F;15;0;5;8089;3379631;56464;
1082;Midtjylland;2023-01-15;F;22;0;4;8089;3379653;56468;
1081;Nordjylland;2023-01-15;F;8;0;0;8089;3379661;56468;
1085;Sjælland;2023-01-15;F;19;0;2;8089;3379680;56470;
1083;Syddanmark;2023-01-15;F;22;1;3;8090;3379702;56473;
1084;Hovedstaden;2023-01-15;M;23;2;11;8092;3379725;56484;
1082;Midtjylland;2023-01-15;M;11;0;1;8092;3379736;56485;
1081;Nordjylland;2023-01-15;M;5;2;3;8094;3379741;56488;
1085;Sjælland;2023-01-15;M;18;1;1;8095;3379759;56489;
1083;Syddanmark;2023-01-15;M;17;0;2;8095;3379776;56491;
1084;Hovedstaden;2023-01-16;F;44;1;3;8096;3379820;56494;
1082;Midtjylland;2023-01-16;F;23;0;1;8096;3379843;56495;
1081;Nordjylland;2023-01-16;F;22;0;5;8096;3379865;56500;
1085;Sjælland;2023-01-16;F;27;0;3;8096;3379892;56503;
1083;Syddanmark;2023-01-16;F;40;1;4;8097;3379932;56507;
1084;Hovedstaden;2023-01-16;M;44;1;6;8098;3379976;56513;
1082;Midtjylland;2023-01-16;M;25;0;3;8098;3380001;56516;
1081;Nordjylland;2023-01-16;M;7;0;4;8098;3380008;56520;
1085;Sjælland;2023-01-16;M;22;1;6;8099;3380030;56526;
1083;Syddanmark;2023-01-16;M;32;0;7;8099;3380062;56533;
1084;Hovedstaden;2023-01-17;F;25;0;5;8099;3380087;56538;
1082;Midtjylland;2023-01-17;F;25;0;4;8099;3380112;56542;
1081;Nordjylland;2023-01-17;F;10;0;0;8099;3380122;56542;
1085;Sjælland;2023-01-17;F;33;0;0;8099;3380155;56542;
1083;Syddanmark;2023-01-17;F;35;1;7;8100;3380190;56549;
1084;Hovedstaden;2023-01-17;M;21;3;7;8103;3380211;56556;
1082;Midtjylland;2023-01-17;M;18;0;1;8103;3380229;56557;
1081;Nordjylland;2023-01-17;M;7;0;0;8103;3380236;56557;
1085;Sjælland;2023-01-17;M;17;0;3;8103;3380253;56560;
1083;Syddanmark;2023-01-17;M;21;0;4;8103;3380274;56564;
1084;Hovedstaden;2023-01-18;F;33;1;4;8104;3380307;56568;
1082;Midtjylland;2023-01-18;F;22;0;4;8104;3380329;56572;
1081;Nordjylland;2023-01-18;F;12;0;0;8104;3380341;56572;
1085;Sjælland;2023-01-18;F;24;0;3;8104;3380365;56575;
1083;Syddanmark;2023-01-18;F;30;1;2;8105;3380395;56577;
1084;Hovedstaden;2023-01-18;M;18;0;2;8105;3380413;56579;
1082;Midtjylland;2023-01-18;M;12;0;1;8105;3380425;56580;
1081;Nordjylland;2023-01-18;M;9;1;2;8106;3380434;56582;
1085;Sjælland;2023-01-18;M;18;0;2;8106;3380452;56584;
1083;Syddanmark;2023-01-18;M;21;1;5;8107;3380473;56589;
1084;Hovedstaden;2023-01-19;F;25;2;6;8109;3380498;56595;
1082;Midtjylland;2023-01-19;F;24;0;1;8109;3380522;56596;
1081;Nordjylland;2023-01-19;F;3;0;0;8109;3380525;56596;
1085;Sjælland;2023-01-19;F;26;0;1;8109;3380551;56597;
1083;Syddanmark;2023-01-19;F;27;2;2;8111;3380578;56599;
1084;Hovedstaden;2023-01-19;M;24;0;6;8111;3380602;56605;
1082;Midtjylland;2023-01-19;M;17;2;4;8113;3380619;56609;
1081;Nordjylland;2023-01-19;M;5;0;2;8113;3380624;56611;
1085;Sjælland;2023-01-19;M;17;0;2;8113;3380641;56613;
1083;Syddanmark;2023-01-19;M;24;2;8;8115;3380665;56621;
1084;Hovedstaden;2023-01-20;F;27;1;1;8116;3380692;56622;
1082;Midtjylland;2023-01-20;F;19;0;2;8116;3380711;56624;
1081;Nordjylland;2023-01-20;F;8;0;2;8116;3380719;56626;
1085;Sjælland;2023-01-20;F;10;0;1;8116;3380729;56627;
1083;Syddanmark;2023-01-20;F;30;1;2;8117;3380759;56629;
1084;Hovedstaden;2023-01-20;M;16;1;2;8118;3380775;56631;
1082;Midtjylland;2023-01-20;M;11;1;1;8119;3380786;56632;
1081;Nordjylland;2023-01-20;M;7;2;5;8121;3380793;56637;
1085;Sjælland;2023-01-20;M;11;2;3;8123;3380804;56640;
1083;Syddanmark;2023-01-20;M;16;0;2;8123;3380820;56642;
1084;Hovedstaden;2023-01-21;F;19;1;3;8124;3380839;56645;
1082;Midtjylland;2023-01-21;F;12;0;3;8124;3380851;56648;
1081;Nordjylland;2023-01-21;F;5;0;0;8124;3380856;56648;
1085;Sjælland;2023-01-21;F;10;0;0;8124;3380866;56648;
1083;Syddanmark;2023-01-21;F;8;1;3;8125;3380874;56651;
1084;Hovedstaden;2023-01-21;M;10;1;2;8126;3380884;56653;
1082;Midtjylland;2023-01-21;M;12;0;3;8126;3380896;56656;
1081;Nordjylland;2023-01-21;M;8;2;2;8128;3380904;56658;
1085;Sjælland;2023-01-21;M;9;1;3;8129;3380913;56661;
1083;Syddanmark;2023-01-21;M;7;0;3;8129;3380920;56664;
1084;Hovedstaden;2023-01-22;F;18;0;6;8129;3380938;56670;
1082;Midtjylland;2023-01-22;F;16;0;1;8129;3380954;56671;
1081;Nordjylland;2023-01-22;F;4;0;1;8129;3380958;56672;
1085;Sjælland;2023-01-22;F;12;0;1;8129;3380970;56673;
1083;Syddanmark;2023-01-22;F;25;0;4;8129;3380995;56677;
1084;Hovedstaden;2023-01-22;M;23;3;5;8132;3381018;56682;
1082;Midtjylland;2023-01-22;M;14;0;0;8132;3381032;56682;
1081;Nordjylland;2023-01-22;M;2;0;1;8132;3381034;56683;
1085;Sjælland;2023-01-22;M;6;1;3;8133;3381040;56686;
1083;Syddanmark;2023-01-22;M;15;0;3;8133;3381055;56689;
1084;Hovedstaden;2023-01-23;F;20;1;2;8134;3381075;56691;
1082;Midtjylland;2023-01-23;F;19;1;3;8135;3381094;56694;
1081;Nordjylland;2023-01-23;F;10;1;2;8136;3381104;56696;
1085;Sjælland;2023-01-23;F;11;0;1;8136;3381115;56697;
1083;Syddanmark;2023-01-23;F;25;0;2;8136;3381140;56699;
1084;Hovedstaden;2023-01-23;M;20;0;6;8136;3381160;56705;
1082;Midtjylland;2023-01-23;M;14;0;2;8136;3381174;56707;
1081;Nordjylland;2023-01-23;M;5;1;1;8137;3381179;56708;
1085;Sjælland;2023-01-23;M;17;0;0;8137;3381196;56708;
1083;Syddanmark;2023-01-23;M;33;0;1;8137;3381229;56709;
1084;Hovedstaden;2023-01-24;F;17;0;2;8137;3381246;56711;
1082;Midtjylland;2023-01-24;F;19;1;3;8138;3381265;56714;
1081;Nordjylland;2023-01-24;F;6;1;1;8139;3381271;56715;
1085;Sjælland;2023-01-24;F;15;0;2;8139;3381286;56717;
1083;Syddanmark;2023-01-24;F;37;0;1;8139;3381323;56718;
1084;Hovedstaden;2023-01-24;M;19;0;4;8139;3381342;56722;
1082;Midtjylland;2023-01-24;M;19;0;1;8139;3381361;56723;
1081;Nordjylland;2023-01-24;M;8;0;1;8139;3381369;56724;
1085;Sjælland;2023-01-24;M;9;0;2;8139;3381378;56726;
1083;Syddanmark;2023-01-24;M;10;0;1;8139;3381388;56727;
1084;Hovedstaden;2023-01-25;F;29;0;3;8139;3381417;56730;
1082;Midtjylland;2023-01-25;F;18;0;2;8139;3381435;56732;
1081;Nordjylland;2023-01-25;F;7;0;0;8139;3381442;56732;
1085;Sjælland;2023-01-25;F;23;0;0;8139;3381465;56732;
1083;Syddanmark;2023-01-25;F;41;0;3;8139;3381506;56735;
1084;Hovedstaden;2023-01-25;M;23;0;4;8139;3381529;56739;
1082;Midtjylland;2023-01-25;M;15;1;3;8140;3381544;56742;
1081;Nordjylland;2023-01-25;M;5;0;0;8140;3381549;56742;
1085;Sjælland;2023-01-25;M;21;0;1;8140;3381570;56743;
1083;Syddanmark;2023-01-25;M;19;0;0;8140;3381589;56743;
1084;Hovedstaden;2023-01-26;F;26;0;3;8140;3381615;56746;
1082;Midtjylland;2023-01-26;F;19;0;4;8140;3381634;56750;
1081;Nordjylland;2023-01-26;F;3;0;0;8140;3381637;56750;
1085;Sjælland;2023-01-26;F;21;0;1;8140;3381658;56751;
1083;Syddanmark;2023-01-26;F;23;0;0;8140;3381681;56751;
1084;Hovedstaden;2023-01-26;M;16;0;2;8140;3381697;56753;
1082;Midtjylland;2023-01-26;M;23;0;0;8140;3381720;56753;
1081;Nordjylland;2023-01-26;M;4;0;1;8140;3381724;56754;
1085;Sjælland;2023-01-26;M;10;0;2;8140;3381734;56756;
1083;Syddanmark;2023-01-26;M;16;1;5;8141;3381750;56761;
1084;Hovedstaden;2023-01-27;F;13;0;3;8141;3381763;56764;
1082;Midtjylland;2023-01-27;F;23;0;0;8141;3381786;56764;
1081;Nordjylland;2023-01-27;F;9;0;0;8141;3381795;56764;
1085;Sjælland;2023-01-27;F;16;1;2;8142;3381811;56766;
1083;Syddanmark;2023-01-27;F;26;1;0;8143;3381837;56766;
1084;Hovedstaden;2023-01-27;M;8;1;2;8144;3381845;56768;
1082;Midtjylland;2023-01-27;M;19;0;2;8144;3381864;56770;
1081;Nordjylland;2023-01-27;M;5;0;1;8144;3381869;56771;
1085;Sjælland;2023-01-27;M;13;1;3;8145;3381882;56774;
1083;Syddanmark;2023-01-27;M;13;1;2;8146;3381895;56776;
1084;Hovedstaden;2023-01-28;F;13;0;3;8146;3381908;56779;
1082;Midtjylland;2023-01-28;F;11;0;1;8146;3381919;56780;
1081;Nordjylland;2023-01-28;F;6;0;0;8146;3381925;56780;
1085;Sjælland;2023-01-28;F;17;0;3;8146;3381942;56783;
1083;Syddanmark;2023-01-28;F;16;0;3;8146;3381958;56786;
1084;Hovedstaden;2023-01-28;M;7;0;1;8146;3381965;56787;
1082;Midtjylland;2023-01-28;M;17;0;2;8146;3381982;56789;
1081;Nordjylland;2023-01-28;M;2;1;1;8147;3381984;56790;
1085;Sjælland;2023-01-28;M;10;0;2;8147;3381994;56792;
1083;Syddanmark;2023-01-28;M;11;0;1;8147;3382005;56793;
1084;Hovedstaden;2023-01-29;F;16;0;3;8147;3382021;56796;
1082;Midtjylland;2023-01-29;F;20;0;2;8147;3382041;56798;
1081;Nordjylland;2023-01-29;F;1;0;0;8147;3382042;56798;
1085;Sjælland;2023-01-29;F;15;1;2;8148;3382057;56800;
1083;Syddanmark;2023-01-29;F;20;2;0;8150;3382077;56800;
1084;Hovedstaden;2023-01-29;M;14;0;4;8150;3382091;56804;
1082;Midtjylland;2023-01-29;M;11;0;0;8150;3382102;56804;
1081;Nordjylland;2023-01-29;M;3;0;0;8150;3382105;56804;
1085;Sjælland;2023-01-29;M;16;0;0;8150;3382121;56804;
1083;Syddanmark;2023-01-29;M;15;2;3;8152;3382136;56807;
1084;Hovedstaden;2023-01-30;F;28;0;2;8152;3382164;56809;
1082;Midtjylland;2023-01-30;F;32;0;4;8152;3382196;56813;
1081;Nordjylland;2023-01-30;F;4;0;2;8152;3382200;56815;
1085;Sjælland;2023-01-30;F;18;1;2;8153;3382218;56817;
1083;Syddanmark;2023-01-30;F;31;1;3;8154;3382249;56820;
1084;Hovedstaden;2023-01-30;M;20;0;6;8154;3382269;56826;
1082;Midtjylland;2023-01-30;M;21;0;1;8154;3382290;56827;
1081;Nordjylland;2023-01-30;M;6;0;3;8154;3382296;56830;
1085;Sjælland;2023-01-30;M;19;0;3;8154;3382315;56833;
1083;Syddanmark;2023-01-30;M;16;0;2;8154;3382331;56835;
1084;Hovedstaden;2023-01-31;F;24;0;3;8154;3382355;56838;
1082;Midtjylland;2023-01-31;F;29;0;5;8154;3382384;56843;
1081;Nordjylland;2023-01-31;F;6;0;1;8154;3382390;56844;
1085;Sjælland;2023-01-31;F;14;0;2;8154;3382404;56846;
1083;Syddanmark;2023-01-31;F;14;0;1;8154;3382418;56847;
1084;Hovedstaden;2023-01-31;M;11;0;1;8154;3382429;56848;
1082;Midtjylland;2023-01-31;M;16;0;1;8154;3382445;56849;
1081;Nordjylland;2023-01-31;M;9;1;5;8155;3382454;56854;
1085;Sjælland;2023-01-31;M;18;0;1;8155;3382472;56855;
1083;Syddanmark;2023-01-31;M;12;1;2;8156;3382484;56857;
1084;Hovedstaden;2023-02-01;F;20;1;4;8157;3382504;56861;
1082;Midtjylland;2023-02-01;F;19;2;4;8159;3382523;56865;
1081;Nordjylland;2023-02-01;F;6;0;1;8159;3382529;56866;
1085;Sjælland;2023-02-01;F;23;0;4;8159;3382552;56870;
1083;Syddanmark;2023-02-01;F;33;0;1;8159;3382585;56871;
1084;Hovedstaden;2023-02-01;M;22;0;3;8159;3382607;56874;
1082;Midtjylland;2023-02-01;M;15;0;2;8159;3382622;56876;
1081;Nordjylland;2023-02-01;M;5;1;5;8160;3382627;56881;
1085;Sjælland;2023-02-01;M;13;1;2;8161;3382640;56883;
1083;Syddanmark;2023-02-01;M;25;0;2;8161;3382665;56885;
1084;Hovedstaden;2023-02-02;F;14;0;2;8161;3382679;56887;
1082;Midtjylland;2023-02-02;F;23;0;3;8161;3382702;56890;
1081;Nordjylland;2023-02-02;F;15;1;1;8162;3382717;56891;
1085;Sjælland;2023-02-02;F;15;0;2;8162;3382732;56893;
1083;Syddanmark;2023-02-02;F;15;1;2;8163;3382747;56895;
1084;Hovedstaden;2023-02-02;M;20;0;4;8163;3382767;56899;
1082;Midtjylland;2023-02-02;M;11;1;3;8164;3382778;56902;
1081;Nordjylland;2023-02-02;M;9;0;0;8164;3382787;56902;
1085;Sjælland;2023-02-02;M;12;1;1;8165;3382799;56903;
1083;Syddanmark;2023-02-02;M;16;1;2;8166;3382815;56905;
1084;Hovedstaden;2023-02-03;F;18;0;5;8166;3382833;56910;
1082;Midtjylland;2023-02-03;F;26;0;2;8166;3382859;56912;
1081;Nordjylland;2023-02-03;F;4;0;0;8166;3382863;56912;
1085;Sjælland;2023-02-03;F;12;0;1;8166;3382875;56913;
1083;Syddanmark;2023-02-03;F;13;0;2;8166;3382888;56915;
1084;Hovedstaden;2023-02-03;M;17;0;1;8166;3382905;56916;
1082;Midtjylland;2023-02-03;M;12;0;1;8166;3382917;56917;
1081;Nordjylland;2023-02-03;M;7;1;2;8167;3382924;56919;
1085;Sjælland;2023-02-03;M;4;1;1;8168;3382928;56920;
1083;Syddanmark;2023-02-03;M;12;1;2;8169;3382940;56922;
1084;Hovedstaden;2023-02-04;F;16;0;3;8169;3382956;56925;
1082;Midtjylland;2023-02-04;F;6;0;0;8169;3382962;56925;
1081;Nordjylland;2023-02-04;F;5;0;0;8169;3382967;56925;
1085;Sjælland;2023-02-04;F;16;0;1;8169;3382983;56926;
1083;Syddanmark;2023-02-04;F;8;0;2;8169;3382991;56928;
1084;Hovedstaden;2023-02-04;M;19;2;6;8171;3383010;56934;
1082;Midtjylland;2023-02-04;M;9;0;4;8171;3383019;56938;
1081;Nordjylland;2023-02-04;M;5;1;1;8172;3383024;56939;
1085;Sjælland;2023-02-04;M;8;0;2;8172;3383032;56941;
1083;Syddanmark;2023-02-04;M;7;0;0;8172;3383039;56941;
1084;Hovedstaden;2023-02-05;F;11;0;4;8172;3383050;56945;
1082;Midtjylland;2023-02-05;F;8;0;2;8172;3383058;56947;
1081;Nordjylland;2023-02-05;F;2;1;2;8173;3383060;56949;
1085;Sjælland;2023-02-05;F;7;0;2;8173;3383067;56951;
1083;Syddanmark;2023-02-05;F;22;0;3;8173;3383089;56954;
1084;Hovedstaden;2023-02-05;M;5;0;0;8173;3383094;56954;
1082;Midtjylland;2023-02-05;M;13;0;3;8173;3383107;56957;
1081;Nordjylland;2023-02-05;M;2;0;2;8173;3383109;56959;
1085;Sjælland;2023-02-05;M;8;0;2;8173;3383117;56961;
1083;Syddanmark;2023-02-05;M;14;1;6;8174;3383131;56967;
1084;Hovedstaden;2023-02-06;F;19;0;1;8174;3383150;56968;
1082;Midtjylland;2023-02-06;F;24;1;1;8175;3383174;56969;
1081;Nordjylland;2023-02-06;F;5;0;0;8175;3383179;56969;
1085;Sjælland;2023-02-06;F;26;0;3;8175;3383205;56972;
1083;Syddanmark;2023-02-06;F;31;1;4;8176;3383236;56976;
1084;Hovedstaden;2023-02-06;M;13;0;1;8176;3383249;56977;
1082;Midtjylland;2023-02-06;M;17;0;3;8176;3383266;56980;
1081;Nordjylland;2023-02-06;M;9;1;3;8177;3383275;56983;
1085;Sjælland;2023-02-06;M;15;0;1;8177;3383290;56984;
1083;Syddanmark;2023-02-06;M;21;1;9;8178;3383311;56993;
1084;Hovedstaden;2023-02-07;F;29;1;5;8179;3383340;56998;
1082;Midtjylland;2023-02-07;F;19;0;4;8179;3383359;57002;
1081;Nordjylland;2023-02-07;F;8;0;3;8179;3383367;57005;
1085;Sjælland;2023-02-07;F;11;0;0;8179;3383378;57005;
1083;Syddanmark;2023-02-07;F;22;0;1;8179;3383400;57006;
1084;Hovedstaden;2023-02-07;M;16;1;6;8180;3383416;57012;
1082;Midtjylland;2023-02-07;M;16;1;5;8181;3383432;57017;
1081;Nordjylland;2023-02-07;M;9;0;2;8181;3383441;57019;
1085;Sjælland;2023-02-07;M;9;1;3;8182;3383450;57022;
1083;Syddanmark;2023-02-07;M;18;0;6;8182;3383468;57028;
1084;Hovedstaden;2023-02-08;F;16;0;3;8182;3383484;57031;
1082;Midtjylland;2023-02-08;F;21;0;1;8182;3383505;57032;
1081;Nordjylland;2023-02-08;F;2;0;0;8182;3383507;57032;
1085;Sjælland;2023-02-08;F;17;1;2;8183;3383524;57034;
1083;Syddanmark;2023-02-08;F;23;0;6;8183;3383547;57040;
1084;Hovedstaden;2023-02-08;M;24;0;4;8183;3383571;57044;
1082;Midtjylland;2023-02-08;M;23;1;4;8184;3383594;57048;
1081;Nordjylland;2023-02-08;M;3;0;0;8184;3383597;57048;
1085;Sjælland;2023-02-08;M;13;0;1;8184;3383610;57049;
1083;Syddanmark;2023-02-08;M;18;0;3;8184;3383628;57052;
1084;Hovedstaden;2023-02-09;F;14;2;5;8186;3383642;57057;
1082;Midtjylland;2023-02-09;F;14;1;2;8187;3383656;57059;
1081;Nordjylland;2023-02-09;F;11;0;2;8187;3383667;57061;
1085;Sjælland;2023-02-09;F;18;1;2;8188;3383685;57063;
1083;Syddanmark;2023-02-09;F;22;1;2;8189;3383707;57065;
1084;Hovedstaden;2023-02-09;M;13;0;2;8189;3383720;57067;
1082;Midtjylland;2023-02-09;M;11;0;0;8189;3383731;57067;
1081;Nordjylland;2023-02-09;M;7;0;1;8189;3383738;57068;
1085;Sjælland;2023-02-09;M;15;0;4;8189;3383753;57072;
1083;Syddanmark;2023-02-09;M;16;1;3;8190;3383769;57075;
1084;Hovedstaden;2023-02-10;F;15;1;2;8191;3383784;57077;
1082;Midtjylland;2023-02-10;F;20;0;1;8191;3383804;57078;
1081;Nordjylland;2023-02-10;F;9;1;2;8192;3383813;57080;
1085;Sjælland;2023-02-10;F;19;1;2;8193;3383832;57082;
1083;Syddanmark;2023-02-10;F;14;0;4;8193;3383846;57086;
1084;Hovedstaden;2023-02-10;M;18;0;1;8193;3383864;57087;
1082;Midtjylland;2023-02-10;M;19;1;3;8194;3383883;57090;
1085;Sjælland;2023-02-10;M;14;0;2;8194;3383897;57092;
1083;Syddanmark;2023-02-10;M;18;1;3;8195;3383915;57095;
1084;Hovedstaden;2023-02-11;F;20;1;3;8196;3383935;57098;
1082;Midtjylland;2023-02-11;F;7;0;1;8196;3383942;57099;
1081;Nordjylland;2023-02-11;F;4;0;1;8196;3383946;57100;
1085;Sjælland;2023-02-11;F;6;0;0;8196;3383952;57100;
1083;Syddanmark;2023-02-11;F;7;0;0;8196;3383959;57100;
1084;Hovedstaden;2023-02-11;M;15;1;2;8197;3383974;57102;
1082;Midtjylland;2023-02-11;M;11;1;8;8198;3383985;57110;
1081;Nordjylland;2023-02-11;M;3;0;1;8198;3383988;57111;
1085;Sjælland;2023-02-11;M;7;2;4;8200;3383995;57115;
1083;Syddanmark;2023-02-11;M;5;0;1;8200;3384000;57116;
1084;Hovedstaden;2023-02-12;F;19;0;1;8200;3384019;57117;
1082;Midtjylland;2023-02-12;F;11;0;2;8200;3384030;57119;
1081;Nordjylland;2023-02-12;F;1;0;0;8200;3384031;57119;
1085;Sjælland;2023-02-12;F;8;0;1;8200;3384039;57120;
1083;Syddanmark;2023-02-12;F;23;0;0;8200;3384062;57120;
1084;Hovedstaden;2023-02-12;M;11;1;1;8201;3384073;57121;
1082;Midtjylland;2023-02-12;M;7;0;3;8201;3384080;57124;
1081;Nordjylland;2023-02-12;M;2;1;1;8202;3384082;57125;
1085;Sjælland;2023-02-12;M;8;0;2;8202;3384090;57127;
1083;Syddanmark;2023-02-12;M;17;1;4;8203;3384107;57131;
1084;Hovedstaden;2023-02-13;F;30;0;3;8203;3384137;57134;
1082;Midtjylland;2023-02-13;F;15;0;4;8203;3384152;57138;
1081;Nordjylland;2023-02-13;F;6;0;0;8203;3384158;57138;
1085;Sjælland;2023-02-13;F;14;1;3;8204;3384172;57141;
1083;Syddanmark;2023-02-13;F;19;1;1;8205;3384191;57142;
1084;Hovedstaden;2023-02-13;M;18;0;5;8205;3384209;57147;
1082;Midtjylland;2023-02-13;M;11;0;4;8205;3384220;57151;
1081;Nordjylland;2023-02-13;M;5;1;2;8206;3384225;57153;
1085;Sjælland;2023-02-13;M;18;1;3;8207;3384243;57156;
1083;Syddanmark;2023-02-13;M;23;0;3;8207;3384266;57159;
1084;Hovedstaden;2023-02-14;F;24;2;7;8209;3384290;57166;
1082;Midtjylland;2023-02-14;F;11;0;0;8209;3384301;57166;
1081;Nordjylland;2023-02-14;F;2;0;0;8209;3384303;57166;
1085;Sjælland;2023-02-14;F;23;1;2;8210;3384326;57168;
1083;Syddanmark;2023-02-14;F;15;1;6;8211;3384341;57174;
1084;Hovedstaden;2023-02-14;M;18;1;2;8212;3384359;57176;
1082;Midtjylland;2023-02-14;M;19;2;2;8214;3384378;57178;
1081;Nordjylland;2023-02-14;M;7;0;1;8214;3384385;57179;
1085;Sjælland;2023-02-14;M;23;2;6;8216;3384408;57185;
1083;Syddanmark;2023-02-14;M;7;0;2;8216;3384415;57187;
1084;Hovedstaden;2023-02-15;F;15;1;3;8217;3384430;57190;
1082;Midtjylland;2023-02-15;F;8;0;2;8217;3384438;57192;
1081;Nordjylland;2023-02-15;F;8;0;2;8217;3384446;57194;
1085;Sjælland;2023-02-15;F;6;0;0;8217;3384452;57194;
1083;Syddanmark;2023-02-15;F;22;0;2;8217;3384474;57196;
1084;Hovedstaden;2023-02-15;M;13;0;2;8217;3384487;57198;
1082;Midtjylland;2023-02-15;M;9;0;3;8217;3384496;57201;
1081;Nordjylland;2023-02-15;M;8;0;1;8217;3384504;57202;
1085;Sjælland;2023-02-15;M;15;0;1;8217;3384519;57203;
1083;Syddanmark;2023-02-15;M;16;1;8;8218;3384535;57211;
1084;Hovedstaden;2023-02-16;F;21;0;1;8218;3384556;57212;
1082;Midtjylland;2023-02-16;F;9;0;1;8218;3384565;57213;
1081;Nordjylland;2023-02-16;F;7;0;1;8218;3384572;57214;
1085;Sjælland;2023-02-16;F;16;1;4;8219;3384588;57218;
1083;Syddanmark;2023-02-16;F;18;1;2;8220;3384606;57220;
1084;Hovedstaden;2023-02-16;M;22;2;4;8222;3384628;57224;
1082;Midtjylland;2023-02-16;M;8;0;1;8222;3384636;57225;
1081;Nordjylland;2023-02-16;M;2;0;1;8222;3384638;57226;
1085;Sjælland;2023-02-16;M;9;0;0;8222;3384647;57226;
1083;Syddanmark;2023-02-16;M;13;0;2;8222;3384660;57228;
1084;Hovedstaden;2023-02-17;F;20;0;3;8222;3384680;57231;
1082;Midtjylland;2023-02-17;F;9;0;2;8222;3384689;57233;
1081;Nordjylland;2023-02-17;F;9;0;2;8222;3384698;57235;
1085;Sjælland;2023-02-17;F;11;1;1;8223;3384709;57236;
1083;Syddanmark;2023-02-17;F;13;0;2;8223;3384722;57238;
1084;Hovedstaden;2023-02-17;M;16;0;3;8223;3384738;57241;
1082;Midtjylland;2023-02-17;M;13;0;5;8223;3384751;57246;
1081;Nordjylland;2023-02-17;M;5;0;1;8223;3384756;57247;
1085;Sjælland;2023-02-17;M;10;0;0;8223;3384766;57247;
1083;Syddanmark;2023-02-17;M;12;0;2;8223;3384778;57249;
1084;Hovedstaden;2023-02-18;F;15;0;3;8223;3384793;57252;
1082;Midtjylland;2023-02-18;F;7;0;1;8223;3384800;57253;
1081;Nordjylland;2023-02-18;F;3;1;2;8224;3384803;57255;
1085;Sjælland;2023-02-18;F;9;0;1;8224;3384812;57256;
1083;Syddanmark;2023-02-18;F;4;0;1;8224;3384816;57257;
1084;Hovedstaden;2023-02-18;M;18;1;5;8225;3384834;57262;
1082;Midtjylland;2023-02-18;M;7;0;3;8225;3384841;57265;
1081;Nordjylland;2023-02-18;M;5;1;4;8226;3384846;57269;
1085;Sjælland;2023-02-18;M;8;0;2;8226;3384854;57271;
1083;Syddanmark;2023-02-18;M;6;0;3;8226;3384860;57274;
1084;Hovedstaden;2023-02-19;F;21;2;4;8228;3384881;57278;
1082;Midtjylland;2023-02-19;F;7;0;0;8228;3384888;57278;
1081;Nordjylland;2023-02-19;F;3;0;2;8228;3384891;57280;
1085;Sjælland;2023-02-19;F;9;1;2;8229;3384900;57282;
1083;Syddanmark;2023-02-19;F;12;0;3;8229;3384912;57285;
1084;Hovedstaden;2023-02-19;M;22;1;9;8230;3384934;57294;
1082;Midtjylland;2023-02-19;M;9;0;2;8230;3384943;57296;
1081;Nordjylland;2023-02-19;M;4;1;2;8231;3384947;57298;
1085;Sjælland;2023-02-19;M;6;0;1;8231;3384953;57299;
1083;Syddanmark;2023-02-19;M;10;0;2;8231;3384963;57301;
1084;Hovedstaden;2023-02-20;F;32;1;4;8232;3384995;57305;
1082;Midtjylland;2023-02-20;F;15;0;0;8232;3385010;57305;
1081;Nordjylland;2023-02-20;F;8;0;1;8232;3385018;57306;
1085;Sjælland;2023-02-20;F;13;0;3;8232;3385031;57309;
1083;Syddanmark;2023-02-20;F;22;0;4;8232;3385053;57313;
1084;Hovedstaden;2023-02-20;M;31;0;3;8232;3385084;57316;
1082;Midtjylland;2023-02-20;M;10;0;2;8232;3385094;57318;
1081;Nordjylland;2023-02-20;M;7;0;1;8232;3385101;57319;
1085;Sjælland;2023-02-20;M;12;0;0;8232;3385113;57319;
1083;Syddanmark;2023-02-20;M;22;0;4;8232;3385135;57323;
1084;Hovedstaden;2023-02-21;F;27;1;4;8233;3385162;57327;
1082;Midtjylland;2023-02-21;F;10;0;1;8233;3385172;57328;
1081;Nordjylland;2023-02-21;F;4;1;2;8234;3385176;57330;
1085;Sjælland;2023-02-21;F;13;1;2;8235;3385189;57332;
1083;Syddanmark;2023-02-21;F;6;0;0;8235;3385195;57332;
1084;Hovedstaden;2023-02-21;M;23;3;6;8238;3385218;57338;
1082;Midtjylland;2023-02-21;M;9;0;0;8238;3385227;57338;
1081;Nordjylland;2023-02-21;M;5;2;4;8240;3385232;57342;
1085;Sjælland;2023-02-21;M;6;0;2;8240;3385238;57344;
1083;Syddanmark;2023-02-21;M;9;0;4;8240;3385247;57348;
1084;Hovedstaden;2023-02-22;F;25;1;7;8241;3385272;57355;
1082;Midtjylland;2023-02-22;F;11;0;3;8241;3385283;57358;
1081;Nordjylland;2023-02-22;F;5;0;1;8241;3385288;57359;
1085;Sjælland;2023-02-22;F;19;0;4;8241;3385307;57363;
1083;Syddanmark;2023-02-22;F;23;0;3;8241;3385330;57366;
1084;Hovedstaden;2023-02-22;M;20;0;3;8241;3385350;57369;
1082;Midtjylland;2023-02-22;M;7;0;2;8241;3385357;57371;
1081;Nordjylland;2023-02-22;M;5;0;0;8241;3385362;57371;
1085;Sjælland;2023-02-22;M;18;0;0;8241;3385380;57371;
1083;Syddanmark;2023-02-22;M;17;0;5;8241;3385397;57376;
1084;Hovedstaden;2023-02-23;F;26;0;1;8241;3385423;57377;
1082;Midtjylland;2023-02-23;F;10;0;4;8241;3385433;57381;
1081;Nordjylland;2023-02-23;F;2;0;0;8241;3385435;57381;
1085;Sjælland;2023-02-23;F;7;0;0;8241;3385442;57381;
1083;Syddanmark;2023-02-23;F;13;0;4;8241;3385455;57385;
1084;Hovedstaden;2023-02-23;M;19;2;4;8243;3385474;57389;
1082;Midtjylland;2023-02-23;M;7;1;3;8244;3385481;57392;
1081;Nordjylland;2023-02-23;M;5;1;2;8245;3385486;57394;
1085;Sjælland;2023-02-23;M;4;0;1;8245;3385490;57395;
1083;Syddanmark;2023-02-23;M;16;0;5;8245;3385506;57400;
1084;Hovedstaden;2023-02-24;F;16;0;4;8245;3385522;57404;
1082;Midtjylland;2023-02-24;F;13;1;3;8246;3385535;57407;
1081;Nordjylland;2023-02-24;F;7;0;2;8246;3385542;57409;
1085;Sjælland;2023-02-24;F;9;0;1;8246;3385551;57410;
1083;Syddanmark;2023-02-24;F;14;0;3;8246;3385565;57413;
1084;Hovedstaden;2023-02-24;M;12;1;4;8247;3385577;57417;
1082;Midtjylland;2023-02-24;M;16;0;2;8247;3385593;57419;
1081;Nordjylland;2023-02-24;M;3;0;1;8247;3385596;57420;
1085;Sjælland;2023-02-24;M;12;0;3;8247;3385608;57423;
1083;Syddanmark;2023-02-24;M;9;0;4;8247;3385617;57427;
1084;Hovedstaden;2023-02-25;F;18;1;4;8248;3385635;57431;
1082;Midtjylland;2023-02-25;F;4;0;1;8248;3385639;57432;
1081;Nordjylland;2023-02-25;F;2;0;0;8248;3385641;57432;
1085;Sjælland;2023-02-25;F;5;0;0;8248;3385646;57432;
1083;Syddanmark;2023-02-25;F;6;0;2;8248;3385652;57434;
1084;Hovedstaden;2023-02-25;M;13;1;3;8249;3385665;57437;
1082;Midtjylland;2023-02-25;M;6;0;2;8249;3385671;57439;
1085;Sjælland;2023-02-25;M;13;0;3;8249;3385684;57442;
1083;Syddanmark;2023-02-25;M;2;0;0;8249;3385686;57442;
1084;Hovedstaden;2023-02-26;F;17;1;4;8250;3385703;57446;
1082;Midtjylland;2023-02-26;F;6;0;1;8250;3385709;57447;
1081;Nordjylland;2023-02-26;F;3;0;0;8250;3385712;57447;
1085;Sjælland;2023-02-26;F;8;0;2;8250;3385720;57449;
1083;Syddanmark;2023-02-26;F;7;0;1;8250;3385727;57450;
1084;Hovedstaden;2023-02-26;M;15;1;7;8251;3385742;57457;
1082;Midtjylland;2023-02-26;M;4;0;0;8251;3385746;57457;
1081;Nordjylland;2023-02-26;M;3;0;2;8251;3385749;57459;
1085;Sjælland;2023-02-26;M;6;0;2;8251;3385755;57461;
1083;Syddanmark;2023-02-26;M;7;0;0;8251;3385762;57461;
1084;Hovedstaden;2023-02-27;F;23;1;4;8252;3385785;57465;
1082;Midtjylland;2023-02-27;F;17;0;3;8252;3385802;57468;
1081;Nordjylland;2023-02-27;F;9;0;0;8252;3385811;57468;
1085;Sjælland;2023-02-27;F;8;0;0;8252;3385819;57468;
1083;Syddanmark;2023-02-27;F;14;0;2;8252;3385833;57470;
1084;Hovedstaden;2023-02-27;M;26;2;10;8254;3385859;57480;
1082;Midtjylland;2023-02-27;M;4;0;0;8254;3385863;57480;
1081;Nordjylland;2023-02-27;M;7;0;4;8254;3385870;57484;
1085;Sjælland;2023-02-27;M;16;0;2;8254;3385886;57486;
1083;Syddanmark;2023-02-27;M;17;1;6;8255;3385903;57492;
1084;Hovedstaden;2023-02-28;F;23;2;6;8257;3385926;57498;
1082;Midtjylland;2023-02-28;F;6;0;1;8257;3385932;57499;
1081;Nordjylland;2023-02-28;F;5;0;1;8257;3385937;57500;
1085;Sjælland;2023-02-28;F;13;1;1;8258;3385950;57501;
1083;Syddanmark;2023-02-28;F;18;0;3;8258;3385968;57504;
1084;Hovedstaden;2023-02-28;M;19;0;1;8258;3385987;57505;
1082;Midtjylland;2023-02-28;M;17;0;7;8258;3386004;57512;
1081;Nordjylland;2023-02-28;M;5;0;3;8258;3386009;57515;
1085;Sjælland;2023-02-28;M;10;0;2;8258;3386019;57517;
1083;Syddanmark;2023-02-28;M;12;0;4;8258;3386031;57521;
1084;Hovedstaden;2023-03-01;F;14;0;6;8258;3386045;57527;
1082;Midtjylland;2023-03-01;F;10;0;4;8258;3386055;57531;
1081;Nordjylland;2023-03-01;F;6;0;1;8258;3386061;57532;
1085;Sjælland;2023-03-01;F;16;0;2;8258;3386077;57534;
1083;Syddanmark;2023-03-01;F;7;0;1;8258;3386084;57535;
1084;Hovedstaden;2023-03-01;M;12;0;2;8258;3386096;57537;
1082;Midtjylland;2023-03-01;M;11;0;4;8258;3386107;57541;
1081;Nordjylland;2023-03-01;M;10;0;1;8258;3386117;57542;
1085;Sjælland;2023-03-01;M;8;0;1;8258;3386125;57543;
1083;Syddanmark;2023-03-01;M;10;0;4;8258;3386135;57547;
1084;Hovedstaden;2023-03-02;F;16;0;5;8258;3386151;57552;
1082;Midtjylland;2023-03-02;F;18;0;3;8258;3386169;57555;
1081;Nordjylland;2023-03-02;F;2;0;1;8258;3386171;57556;
1085;Sjælland;2023-03-02;F;7;0;0;8258;3386178;57556;
1083;Syddanmark;2023-03-02;F;9;0;3;8258;3386187;57559;
1084;Hovedstaden;2023-03-02;M;14;1;2;8259;3386201;57561;
1082;Midtjylland;2023-03-02;M;17;0;6;8259;3386218;57567;
1081;Nordjylland;2023-03-02;M;1;0;0;8259;3386219;57567;
1085;Sjælland;2023-03-02;M;10;0;4;8259;3386229;57571;
1083;Syddanmark;2023-03-02;M;15;0;10;8259;3386244;57581;
1084;Hovedstaden;2023-03-03;F;21;1;5;8260;3386265;57586;
1082;Midtjylland;2023-03-03;F;16;0;4;8260;3386281;57590;
1081;Nordjylland;2023-03-03;F;7;0;1;8260;3386288;57591;
1085;Sjælland;2023-03-03;F;15;0;0;8260;3386303;57591;
1083;Syddanmark;2023-03-03;F;12;1;2;8261;3386315;57593;
1084;Hovedstaden;2023-03-03;M;12;1;1;8262;3386327;57594;
1082;Midtjylland;2023-03-03;M;10;0;2;8262;3386337;57596;
1081;Nordjylland;2023-03-03;M;7;0;2;8262;3386344;57598;
1085;Sjælland;2023-03-03;M;11;0;1;8262;3386355;57599;
1083;Syddanmark;2023-03-03;M;8;0;1;8262;3386363;57600;
1084;Hovedstaden;2023-03-04;F;11;1;6;8263;3386374;57606;
1082;Midtjylland;2023-03-04;F;4;0;0;8263;3386378;57606;
1081;Nordjylland;2023-03-04;F;5;0;2;8263;3386383;57608;
1085;Sjælland;2023-03-04;F;9;1;3;8264;3386392;57611;
1083;Syddanmark;2023-03-04;F;7;0;4;8264;3386399;57615;
1084;Hovedstaden;2023-03-04;M;8;1;3;8265;3386407;57618;
1082;Midtjylland;2023-03-04;M;2;0;0;8265;3386409;57618;
1081;Nordjylland;2023-03-04;M;1;0;0;8265;3386410;57618;
1085;Sjælland;2023-03-04;M;10;1;5;8266;3386420;57623;
1083;Syddanmark;2023-03-04;M;5;0;4;8266;3386425;57627;
1084;Hovedstaden;2023-03-05;F;17;0;6;8266;3386442;57633;
1082;Midtjylland;2023-03-05;F;4;0;2;8266;3386446;57635;
1081;Nordjylland;2023-03-05;F;3;1;1;8267;3386449;57636;
1085;Sjælland;2023-03-05;F;16;1;3;8268;3386465;57639;
1083;Syddanmark;2023-03-05;F;9;1;2;8269;3386474;57641;
1084;Hovedstaden;2023-03-05;M;20;1;5;8270;3386494;57646;
1082;Midtjylland;2023-03-05;M;9;0;4;8270;3386503;57650;
1081;Nordjylland;2023-03-05;M;2;0;2;8270;3386505;57652;
1085;Sjælland;2023-03-05;M;8;0;2;8270;3386513;57654;
1083;Syddanmark;2023-03-05;M;10;1;4;8271;3386523;57658;
1084;Hovedstaden;2023-03-06;F;18;0;4;8271;3386541;57662;
1082;Midtjylland;2023-03-06;F;12;1;5;8272;3386553;57667;
1081;Nordjylland;2023-03-06;F;7;0;2;8272;3386560;57669;
1085;Sjælland;2023-03-06;F;12;0;0;8272;3386572;57669;
1083;Syddanmark;2023-03-06;F;20;1;3;8273;3386592;57672;
1084;Hovedstaden;2023-03-06;M;26;1;9;8274;3386618;57681;
1082;Midtjylland;2023-03-06;M;15;0;5;8274;3386633;57686;
1081;Nordjylland;2023-03-06;M;11;0;4;8274;3386644;57690;
1085;Sjælland;2023-03-06;M;17;1;3;8275;3386661;57693;
1083;Syddanmark;2023-03-06;M;9;0;2;8275;3386670;57695;
1084;Hovedstaden;2023-03-07;F;25;0;9;8275;3386695;57704;
1082;Midtjylland;2023-03-07;F;17;0;3;8275;3386712;57707;
1081;Nordjylland;2023-03-07;F;2;0;1;8275;3386714;57708;
1085;Sjælland;2023-03-07;F;13;0;1;8275;3386727;57709;
1083;Syddanmark;2023-03-07;F;15;1;4;8276;3386742;57713;
1084;Hovedstaden;2023-03-07;M;22;1;5;8277;3386764;57718;
1082;Midtjylland;2023-03-07;M;13;1;7;8278;3386777;57725;
1081;Nordjylland;2023-03-07;M;1;0;1;8278;3386778;57726;
1085;Sjælland;2023-03-07;M;12;0;5;8278;3386790;57731;
1083;Syddanmark;2023-03-07;M;14;0;7;8278;3386804;57738;
1084;Hovedstaden;2023-03-08;F;30;1;8;8279;3386834;57746;
1082;Midtjylland;2023-03-08;F;14;0;3;8279;3386848;57749;
1081;Nordjylland;2023-03-08;F;8;0;4;8279;3386856;57753;
1085;Sjælland;2023-03-08;F;15;2;2;8281;3386871;57755;
1083;Syddanmark;2023-03-08;F;16;1;1;8282;3386887;57756;
1084;Hovedstaden;2023-03-08;M;14;0;8;8282;3386901;57764;
1082;Midtjylland;2023-03-08;M;15;0;3;8282;3386916;57767;
1081;Nordjylland;2023-03-08;M;5;0;2;8282;3386921;57769;
1085;Sjælland;2023-03-08;M;14;0;4;8282;3386935;57773;
1083;Syddanmark;2023-03-08;M;12;1;3;8283;3386947;57776;
1084;Hovedstaden;2023-03-09;F;29;0;6;8283;3386976;57782;
1082;Midtjylland;2023-03-09;F;9;0;2;8283;3386985;57784;
1081;Nordjylland;2023-03-09;F;8;0;0;8283;3386993;57784;
1085;Sjælland;2023-03-09;F;11;0;4;8283;3387004;57788;
1083;Syddanmark;2023-03-09;F;13;0;3;8283;3387017;57791;
1084;Hovedstaden;2023-03-09;M;18;1;6;8284;3387035;57797;
1082;Midtjylland;2023-03-09;M;19;1;4;8285;3387054;57801;
1081;Nordjylland;2023-03-09;M;5;1;2;8286;3387059;57803;
1085;Sjælland;2023-03-09;M;6;0;1;8286;3387065;57804;
1083;Syddanmark;2023-03-09;M;12;0;4;8286;3387077;57808;
1084;Hovedstaden;2023-03-10;F;27;0;4;8286;3387104;57812;
1082;Midtjylland;2023-03-10;F;19;0;4;8286;3387123;57816;
1081;Nordjylland;2023-03-10;F;5;0;1;8286;3387128;57817;
1085;Sjælland;2023-03-10;F;10;0;4;8286;3387138;57821;
1083;Syddanmark;2023-03-10;F;16;0;2;8286;3387154;57823;
1084;Hovedstaden;2023-03-10;M;20;1;6;8287;3387174;57829;
1082;Midtjylland;2023-03-10;M;15;0;2;8287;3387189;57831;
1081;Nordjylland;2023-03-10;M;2;1;0;8288;3387191;57831;
1085;Sjælland;2023-03-10;M;7;1;2;8289;3387198;57833;
1083;Syddanmark;2023-03-10;M;10;0;3;8289;3387208;57836;
1084;Hovedstaden;2023-03-11;F;19;0;6;8289;3387227;57842;
1082;Midtjylland;2023-03-11;F;9;0;2;8289;3387236;57844;
1081;Nordjylland;2023-03-11;F;4;0;0;8289;3387240;57844;
1085;Sjælland;2023-03-11;F;17;1;4;8290;3387257;57848;
1083;Syddanmark;2023-03-11;F;6;0;3;8290;3387263;57851;
1084;Hovedstaden;2023-03-11;M;17;1;6;8291;3387280;57857;
1082;Midtjylland;2023-03-11;M;9;0;1;8291;3387289;57858;
1081;Nordjylland;2023-03-11;M;4;1;0;8292;3387293;57858;
1085;Sjælland;2023-03-11;M;11;0;2;8292;3387304;57860;
1083;Syddanmark;2023-03-11;M;10;1;7;8293;3387314;57867;
1084;Hovedstaden;2023-03-12;F;18;0;0;8293;3387332;57867;
1082;Midtjylland;2023-03-12;F;5;0;1;8293;3387337;57868;
1081;Nordjylland;2023-03-12;F;3;0;1;8293;3387340;57869;
1085;Sjælland;2023-03-12;F;18;0;3;8293;3387358;57872;
1083;Syddanmark;2023-03-12;F;12;1;1;8294;3387370;57873;
1084;Hovedstaden;2023-03-12;M;16;0;4;8294;3387386;57877;
1082;Midtjylland;2023-03-12;M;5;0;1;8294;3387391;57878;
1081;Nordjylland;2023-03-12;M;2;0;1;8294;3387393;57879;
1085;Sjælland;2023-03-12;M;4;1;1;8295;3387397;57880;
1083;Syddanmark;2023-03-12;M;10;1;3;8296;3387407;57883;
1084;Hovedstaden;2023-03-13;F;34;1;10;8297;3387441;57893;
1082;Midtjylland;2023-03-13;F;25;0;3;8297;3387466;57896;
1081;Nordjylland;2023-03-13;F;12;0;2;8297;3387478;57898;
1085;Sjælland;2023-03-13;F;28;0;4;8297;3387506;57902;
1083;Syddanmark;2023-03-13;F;21;0;2;8297;3387527;57904;
1084;Hovedstaden;2023-03-13;M;23;1;6;8298;3387550;57910;
1082;Midtjylland;2023-03-13;M;17;0;3;8298;3387567;57913;
1081;Nordjylland;2023-03-13;M;11;0;3;8298;3387578;57916;
1085;Sjælland;2023-03-13;M;15;1;4;8299;3387593;57920;
1083;Syddanmark;2023-03-13;M;14;1;3;8300;3387607;57923;
1084;Hovedstaden;2023-03-14;F;41;0;8;8300;3387648;57931;
1082;Midtjylland;2023-03-14;F;26;0;9;8300;3387674;57940;
1081;Nordjylland;2023-03-14;F;5;0;1;8300;3387679;57941;
1085;Sjælland;2023-03-14;F;16;1;4;8301;3387695;57945;
1083;Syddanmark;2023-03-14;F;22;0;3;8301;3387717;57948;
1084;Hovedstaden;2023-03-14;M;34;3;12;8304;3387751;57960;
1082;Midtjylland;2023-03-14;M;18;1;7;8305;3387769;57967;
1081;Nordjylland;2023-03-14;M;7;0;0;8305;3387776;57967;
1085;Sjælland;2023-03-14;M;20;0;5;8305;3387796;57972;
1083;Syddanmark;2023-03-14;M;16;0;4;8305;3387812;57976;
1084;Hovedstaden;2023-03-15;F;45;2;16;8307;3387857;57992;
1082;Midtjylland;2023-03-15;F;18;0;3;8307;3387875;57995;
1081;Nordjylland;2023-03-15;F;5;0;1;8307;3387880;57996;
1085;Sjælland;2023-03-15;F;33;0;6;8307;3387913;58002;
1083;Syddanmark;2023-03-15;F;18;0;2;8307;3387931;58004;
1084;Hovedstaden;2023-03-15;M;43;2;19;8309;3387974;58023;
1082;Midtjylland;2023-03-15;M;19;0;7;8309;3387993;58030;
1081;Nordjylland;2023-03-15;M;10;0;2;8309;3388003;58032;
1085;Sjælland;2023-03-15;M;27;2;10;8311;3388030;58042;
1083;Syddanmark;2023-03-15;M;29;0;6;8311;3388059;58048;
1084;Hovedstaden;2023-03-16;F;38;1;8;8312;3388097;58056;
1082;Midtjylland;2023-03-16;F;25;0;5;8312;3388122;58061;
1081;Nordjylland;2023-03-16;F;5;0;2;8312;3388127;58063;
1085;Sjælland;2023-03-16;F;18;0;4;8312;3388145;58067;
1083;Syddanmark;2023-03-16;F;23;0;5;8312;3388168;58072;
1084;Hovedstaden;2023-03-16;M;27;1;10;8313;3388195;58082;
1082;Midtjylland;2023-03-16;M;23;0;6;8313;3388218;58088;
1081;Nordjylland;2023-03-16;M;6;1;1;8314;3388224;58089;
1085;Sjælland;2023-03-16;M;16;0;5;8314;3388240;58094;
1083;Syddanmark;2023-03-16;M;18;0;8;8314;3388258;58102;
1084;Hovedstaden;2023-03-17;F;36;0;10;8314;3388294;58112;
1082;Midtjylland;2023-03-17;F;16;1;4;8315;3388310;58116;
1081;Nordjylland;2023-03-17;F;13;0;4;8315;3388323;58120;
1085;Sjælland;2023-03-17;F;18;0;7;8315;3388341;58127;
1083;Syddanmark;2023-03-17;F;27;0;3;8315;3388368;58130;
1084;Hovedstaden;2023-03-17;M;32;2;9;8317;3388400;58139;
1082;Midtjylland;2023-03-17;M;15;0;8;8317;3388415;58147;
1081;Nordjylland;2023-03-17;M;5;0;2;8317;3388420;58149;
1085;Sjælland;2023-03-17;M;19;1;5;8318;3388439;58154;
1083;Syddanmark;2023-03-17;M;20;0;4;8318;3388459;58158;
1084;Hovedstaden;2023-03-18;F;37;0;8;8318;3388496;58166;
1082;Midtjylland;2023-03-18;F;17;0;7;8318;3388513;58173;
1081;Nordjylland;2023-03-18;F;6;0;4;8318;3388519;58177;
1085;Sjælland;2023-03-18;F;9;0;1;8318;3388528;58178;
1083;Syddanmark;2023-03-18;F;10;3;6;8321;3388538;58184;
1084;Hovedstaden;2023-03-18;M;19;1;7;8322;3388557;58191;
1082;Midtjylland;2023-03-18;M;14;0;11;8322;3388571;58202;
1081;Nordjylland;2023-03-18;M;8;0;4;8322;3388579;58206;
1085;Sjælland;2023-03-18;M;17;2;8;8324;3388596;58214;
1083;Syddanmark;2023-03-18;M;3;0;1;8324;3388599;58215;
1084;Hovedstaden;2023-03-19;F;28;1;8;8325;3388627;58223;
1082;Midtjylland;2023-03-19;F;9;0;2;8325;3388636;58225;
1081;Nordjylland;2023-03-19;F;5;1;1;8326;3388641;58226;
1085;Sjælland;2023-03-19;F;15;0;1;8326;3388656;58227;
1083;Syddanmark;2023-03-19;F;13;0;5;8326;3388669;58232;
1084;Hovedstaden;2023-03-19;M;21;0;10;8326;3388690;58242;
1082;Midtjylland;2023-03-19;M;13;0;8;8326;3388703;58250;
1081;Nordjylland;2023-03-19;M;5;0;1;8326;3388708;58251;
1085;Sjælland;2023-03-19;M;17;0;5;8326;3388725;58256;
1083;Syddanmark;2023-03-19;M;21;1;11;8327;3388746;58267;
1084;Hovedstaden;2023-03-20;F;50;0;7;8327;3388796;58274;
1082;Midtjylland;2023-03-20;F;36;0;11;8327;3388832;58285;
1081;Nordjylland;2023-03-20;F;11;0;1;8327;3388843;58286;
1085;Sjælland;2023-03-20;F;31;2;9;8329;3388874;58295;
1083;Syddanmark;2023-03-20;F;28;2;7;8331;3388902;58302;
1084;Hovedstaden;2023-03-20;M;34;1;5;8332;3388936;58307;
1082;Midtjylland;2023-03-20;M;19;0;4;8332;3388955;58311;
1081;Nordjylland;2023-03-20;M;9;1;3;8333;3388964;58314;
1085;Sjælland;2023-03-20;M;29;0;6;8333;3388993;58320;
1083;Syddanmark;2023-03-20;M;23;1;7;8334;3389016;58327;
1084;Hovedstaden;2023-03-21;F;56;2;13;8336;3389072;58340;
1082;Midtjylland;2023-03-21;F;28;0;7;8336;3389100;58347;
1081;Nordjylland;2023-03-21;F;18;2;3;8338;3389118;58350;
1085;Sjælland;2023-03-21;F;29;0;6;8338;3389147;58356;
1083;Syddanmark;2023-03-21;F;26;0;8;8338;3389173;58364;
1084;Hovedstaden;2023-03-21;M;38;1;12;8339;3389211;58376;
1082;Midtjylland;2023-03-21;M;22;0;6;8339;3389233;58382;
1081;Nordjylland;2023-03-21;M;12;1;3;8340;3389245;58385;
1085;Sjælland;2023-03-21;M;26;0;5;8340;3389271;58390;
1083;Syddanmark;2023-03-21;M;22;0;7;8340;3389293;58397;
1084;Hovedstaden;2023-03-22;F;35;0;6;8340;3389328;58403;
1082;Midtjylland;2023-03-22;F;32;0;3;8340;3389360;58406;
1081;Nordjylland;2023-03-22;F;6;0;2;8340;3389366;58408;
1085;Sjælland;2023-03-22;F;30;0;4;8340;3389396;58412;
1083;Syddanmark;2023-03-22;F;40;0;7;8340;3389436;58419;
1084;Hovedstaden;2023-03-22;M;49;1;18;8341;3389485;58437;
1082;Midtjylland;2023-03-22;M;26;0;5;8341;3389511;58442;
1081;Nordjylland;2023-03-22;M;8;0;2;8341;3389519;58444;
1085;Sjælland;2023-03-22;M;25;1;6;8342;3389544;58450;
1083;Syddanmark;2023-03-22;M;36;0;7;8342;3389580;58457;
1084;Hovedstaden;2023-03-23;F;42;1;12;8343;3389622;58469;
1082;Midtjylland;2023-03-23;F;32;0;4;8343;3389654;58473;
1081;Nordjylland;2023-03-23;F;7;0;3;8343;3389661;58476;
1085;Sjælland;2023-03-23;F;21;1;4;8344;3389682;58480;
1083;Syddanmark;2023-03-23;F;19;0;2;8344;3389701;58482;
1084;Hovedstaden;2023-03-23;M;42;0;8;8344;3389743;58490;
1082;Midtjylland;2023-03-23;M;23;1;5;8345;3389766;58495;
1081;Nordjylland;2023-03-23;M;6;0;1;8345;3389772;58496;
1085;Sjælland;2023-03-23;M;18;2;7;8347;3389790;58503;
1083;Syddanmark;2023-03-23;M;19;2;5;8349;3389809;58508;
1084;Hovedstaden;2023-03-24;F;46;1;6;8350;3389855;58514;
1082;Midtjylland;2023-03-24;F;23;0;7;8350;3389878;58521;
1081;Nordjylland;2023-03-24;F;14;0;4;8350;3389892;58525;
1085;Sjælland;2023-03-24;F;17;0;3;8350;3389909;58528;
1083;Syddanmark;2023-03-24;F;28;1;10;8351;3389937;58538;
1084;Hovedstaden;2023-03-24;M;34;2;13;8353;3389971;58551;
1082;Midtjylland;2023-03-24;M;28;2;10;8355;3389999;58561;
1081;Nordjylland;2023-03-24;M;13;0;1;8355;3390012;58562;
1085;Sjælland;2023-03-24;M;12;2;3;8357;3390024;58565;
1083;Syddanmark;2023-03-24;M;18;0;7;8357;3390042;58572;
1084;Hovedstaden;2023-03-25;F;23;2;11;8359;3390065;58583;
1082;Midtjylland;2023-03-25;F;14;1;5;8360;3390079;58588;
1081;Nordjylland;2023-03-25;F;3;0;0;8360;3390082;58588;
1085;Sjælland;2023-03-25;F;20;0;6;8360;3390102;58594;
1083;Syddanmark;2023-03-25;F;13;1;10;8361;3390115;58604;
1084;Hovedstaden;2023-03-25;M;24;0;9;8361;3390139;58613;
1082;Midtjylland;2023-03-25;M;21;0;11;8361;3390160;58624;
1081;Nordjylland;2023-03-25;M;5;0;2;8361;3390165;58626;
1085;Sjælland;2023-03-25;M;20;2;11;8363;3390185;58637;
1083;Syddanmark;2023-03-25;M;13;1;6;8364;3390198;58643;
1084;Hovedstaden;2023-03-26;F;29;1;10;8365;3390227;58653;
1082;Midtjylland;2023-03-26;F;15;1;9;8366;3390242;58662;
1081;Nordjylland;2023-03-26;F;3;0;2;8366;3390245;58664;
1085;Sjælland;2023-03-26;F;14;0;6;8366;3390259;58670;
1083;Syddanmark;2023-03-26;F;13;0;4;8366;3390272;58674;
1084;Hovedstaden;2023-03-26;M;25;0;10;8366;3390297;58684;
1082;Midtjylland;2023-03-26;M;10;1;4;8367;3390307;58688;
1081;Nordjylland;2023-03-26;M;4;0;3;8367;3390311;58691;
1085;Sjælland;2023-03-26;M;12;0;7;8367;3390323;58698;
1083;Syddanmark;2023-03-26;M;12;0;7;8367;3390335;58705;
1084;Hovedstaden;2023-03-27;F;37;3;7;8370;3390372;58712;
1082;Midtjylland;2023-03-27;F;25;1;6;8371;3390397;58718;
1081;Nordjylland;2023-03-27;F;15;0;3;8371;3390412;58721;
1085;Sjælland;2023-03-27;F;22;2;5;8373;3390434;58726;
1083;Syddanmark;2023-03-27;F;26;0;9;8373;3390460;58735;
1084;Hovedstaden;2023-03-27;M;42;2;17;8375;3390502;58752;
1082;Midtjylland;2023-03-27;M;28;2;11;8377;3390530;58763;
1081;Nordjylland;2023-03-27;M;16;0;5;8377;3390546;58768;
1085;Sjælland;2023-03-27;M;33;1;4;8378;3390579;58772;
1083;Syddanmark;2023-03-27;M;32;1;10;8379;3390611;58782;
1084;Hovedstaden;2023-03-28;F;39;2;6;8381;3390650;58788;
1082;Midtjylland;2023-03-28;F;16;0;2;8381;3390666;58790;
1081;Nordjylland;2023-03-28;F;11;0;3;8381;3390677;58793;
1085;Sjælland;2023-03-28;F;27;0;7;8381;3390704;58800;
1083;Syddanmark;2023-03-28;F;27;2;6;8383;3390731;58806;
1084;Hovedstaden;2023-03-28;M;34;4;17;8387;3390765;58823;
1082;Midtjylland;2023-03-28;M;10;0;2;8387;3390775;58825;
1081;Nordjylland;2023-03-28;M;6;0;0;8387;3390781;58825;
1085;Sjælland;2023-03-28;M;28;0;6;8387;3390809;58831;
1083;Syddanmark;2023-03-28;M;19;0;5;8387;3390828;58836;
1084;Hovedstaden;2023-03-29;F;32;0;5;8387;3390860;58841;
1082;Midtjylland;2023-03-29;F;17;1;7;8388;3390877;58848;
1081;Nordjylland;2023-03-29;F;11;0;1;8388;3390888;58849;
1085;Sjælland;2023-03-29;F;29;0;7;8388;3390917;58856;
1083;Syddanmark;2023-03-29;F;24;0;7;8388;3390941;58863;
1084;Hovedstaden;2023-03-29;M;33;2;10;8390;3390974;58873;
1082;Midtjylland;2023-03-29;M;15;1;5;8391;3390989;58878;
1081;Nordjylland;2023-03-29;M;7;0;2;8391;3390996;58880;
1085;Sjælland;2023-03-29;M;19;1;9;8392;3391015;58889;
1083;Syddanmark;2023-03-29;M;17;1;7;8393;3391032;58896;
1084;Hovedstaden;2023-03-30;F;30;0;9;8393;3391062;58905;
1082;Midtjylland;2023-03-30;F;16;0;5;8393;3391078;58910;
1081;Nordjylland;2023-03-30;F;5;0;0;8393;3391083;58910;
1085;Sjælland;2023-03-30;F;17;0;4;8393;3391100;58914;
1083;Syddanmark;2023-03-30;F;26;0;8;8393;3391126;58922;
1084;Hovedstaden;2023-03-30;M;30;2;7;8395;3391156;58929;
1082;Midtjylland;2023-03-30;M;16;1;7;8396;3391172;58936;
1081;Nordjylland;2023-03-30;M;7;0;0;8396;3391179;58936;
1085;Sjælland;2023-03-30;M;19;1;5;8397;3391198;58941;
1083;Syddanmark;2023-03-30;M;15;0;2;8397;3391213;58943;
1084;Hovedstaden;2023-03-31;F;37;0;4;8397;3391250;58947;
1082;Midtjylland;2023-03-31;F;12;0;4;8397;3391262;58951;
1081;Nordjylland;2023-03-31;F;15;0;3;8397;3391277;58954;
1085;Sjælland;2023-03-31;F;21;2;4;8399;3391298;58958;
1083;Syddanmark;2023-03-31;F;19;2;10;8401;3391317;58968;
1084;Hovedstaden;2023-03-31;M;32;1;9;8402;3391349;58977;
1082;Midtjylland;2023-03-31;M;18;1;7;8403;3391367;58984;
1081;Nordjylland;2023-03-31;M;9;0;2;8403;3391376;58986;
1085;Sjælland;2023-03-31;M;13;1;4;8404;3391389;58990;
1083;Syddanmark;2023-03-31;M;15;1;5;8405;3391404;58995;
1084;Hovedstaden;2023-04-01;F;17;1;9;8406;3391421;59004;
1082;Midtjylland;2023-04-01;F;5;0;4;8406;3391426;59008;
1081;Nordjylland;2023-04-01;F;5;0;4;8406;3391431;59012;
1085;Sjælland;2023-04-01;F;9;1;7;8407;3391440;59019;
1083;Syddanmark;2023-04-01;F;11;0;9;8407;3391451;59028;
1084;Hovedstaden;2023-04-01;M;19;1;11;8408;3391470;59039;
1082;Midtjylland;2023-04-01;M;2;0;1;8408;3391472;59040;
1081;Nordjylland;2023-04-01;M;4;0;4;8408;3391476;59044;
1085;Sjælland;2023-04-01;M;6;1;5;8409;3391482;59049;
1083;Syddanmark;2023-04-01;M;9;1;5;8410;3391491;59054;
1084;Hovedstaden;2023-04-02;F;15;1;10;8411;3391506;59064;
1082;Midtjylland;2023-04-02;F;3;0;3;8411;3391509;59067;
1081;Nordjylland;2023-04-02;F;3;0;3;8411;3391512;59070;
1085;Sjælland;2023-04-02;F;3;0;2;8411;3391515;59072;
1083;Syddanmark;2023-04-02;F;8;1;5;8412;3391523;59077;
1084;Hovedstaden;2023-04-02;M;17;2;10;8414;3391540;59087;
1082;Midtjylland;2023-04-02;M;7;0;6;8414;3391547;59093;
1081;Nordjylland;2023-04-02;M;6;0;4;8414;3391553;59097;
1085;Sjælland;2023-04-02;M;5;0;4;8414;3391558;59101;
1083;Syddanmark;2023-04-02;M;12;1;5;8415;3391570;59106;
1084;Hovedstaden;2023-04-03;F;38;2;13;8417;3391608;59119;
1082;Midtjylland;2023-04-03;F;7;2;5;8419;3391615;59124;
1081;Nordjylland;2023-04-03;F;12;1;9;8420;3391627;59133;
1085;Sjælland;2023-04-03;F;12;1;2;8421;3391639;59135;
1083;Syddanmark;2023-04-03;F;20;0;7;8421;3391659;59142;
1084;Hovedstaden;2023-04-03;M;20;0;2;8421;3391679;59144;
1082;Midtjylland;2023-04-03;M;13;1;7;8422;3391692;59151;
1081;Nordjylland;2023-04-03;M;5;1;3;8423;3391697;59154;
1085;Sjælland;2023-04-03;M;15;2;9;8425;3391712;59163;
1083;Syddanmark;2023-04-03;M;12;0;7;8425;3391724;59170;
1084;Hovedstaden;2023-04-04;F;29;1;6;8426;3391753;59176;
1082;Midtjylland;2023-04-04;F;6;0;3;8426;3391759;59179;
1081;Nordjylland;2023-04-04;F;9;1;4;8427;3391768;59183;
1085;Sjælland;2023-04-04;F;13;0;5;8427;3391781;59188;
1083;Syddanmark;2023-04-04;F;10;0;6;8427;3391791;59194;
1084;Hovedstaden;2023-04-04;M;16;1;7;8428;3391807;59201;
1082;Midtjylland;2023-04-04;M;12;1;7;8429;3391819;59208;
1081;Nordjylland;2023-04-04;M;6;0;3;8429;3391825;59211;
1085;Sjælland;2023-04-04;M;8;0;6;8429;3391833;59217;
1083;Syddanmark;2023-04-04;M;16;0;8;8429;3391849;59225;
1084;Hovedstaden;2023-04-05;F;29;1;14;8430;3391878;59239;
1082;Midtjylland;2023-04-05;F;6;0;2;8430;3391884;59241;
1081;Nordjylland;2023-04-05;F;5;0;3;8430;3391889;59244;
1085;Sjælland;2023-04-05;F;8;0;4;8430;3391897;59248;
1083;Syddanmark;2023-04-05;F;19;2;7;8432;3391916;59255;
1084;Hovedstaden;2023-04-05;M;15;1;6;8433;3391931;59261;
1082;Midtjylland;2023-04-05;M;5;0;4;8433;3391936;59265;
1081;Nordjylland;2023-04-05;M;8;2;4;8435;3391944;59269;
1085;Sjælland;2023-04-05;M;7;0;5;8435;3391951;59274;
1083;Syddanmark;2023-04-05;M;16;2;10;8437;3391967;59284;
1084;Hovedstaden;2023-04-06;F;22;2;10;8439;3391989;59294;
1082;Midtjylland;2023-04-06;F;4;0;3;8439;3391993;59297;
1081;Nordjylland;2023-04-06;F;4;1;3;8440;3391997;59300;
1085;Sjælland;2023-04-06;F;9;1;8;8441;3392006;59308;
1083;Syddanmark;2023-04-06;F;3;0;2;8441;3392009;59310;
1084;Hovedstaden;2023-04-06;M;17;0;11;8441;3392026;59321;
1082;Midtjylland;2023-04-06;M;3;0;3;8441;3392029;59324;
1081;Nordjylland;2023-04-06;M;6;0;6;8441;3392035;59330;
1085;Sjælland;2023-04-06;M;6;0;5;8441;3392041;59335;
1083;Syddanmark;2023-04-06;M;9;1;5;8442;3392050;59340;
1084;Hovedstaden;2023-04-07;F;20;2;11;8444;3392070;59351;
1082;Midtjylland;2023-04-07;F;7;1;6;8445;3392077;59357;
1081;Nordjylland;2023-04-07;F;1;0;1;8445;3392078;59358;
1085;Sjælland;2023-04-07;F;7;0;4;8445;3392085;59362;
1083;Syddanmark;2023-04-07;F;4;0;1;8445;3392089;59363;
1084;Hovedstaden;2023-04-07;M;22;1;16;8446;3392111;59379;
1082;Midtjylland;2023-04-07;M;10;1;7;8447;3392121;59386;
1081;Nordjylland;2023-04-07;M;2;0;2;8447;3392123;59388;
1085;Sjælland;2023-04-07;M;5;0;3;8447;3392128;59391;
1083;Syddanmark;2023-04-07;M;10;2;8;8449;3392138;59399;
1084;Hovedstaden;2023-04-08;F;19;0;10;8449;3392157;59409;
1082;Midtjylland;2023-04-08;F;11;0;7;8449;3392168;59416;
1081;Nordjylland;2023-04-08;F;3;0;3;8449;3392171;59419;
1085;Sjælland;2023-04-08;F;6;0;5;8449;3392177;59424;
1083;Syddanmark;2023-04-08;F;9;1;7;8450;3392186;59431;
1084;Hovedstaden;2023-04-08;M;10;1;8;8451;3392196;59439;
1082;Midtjylland;2023-04-08;M;10;0;7;8451;3392206;59446;
1081;Nordjylland;2023-04-08;M;3;0;3;8451;3392209;59449;
1085;Sjælland;2023-04-08;M;4;0;2;8451;3392213;59451;
1083;Syddanmark;2023-04-08;M;8;0;7;8451;3392221;59458;
1084;Hovedstaden;2023-04-09;F;18;1;12;8452;3392239;59470;
1082;Midtjylland;2023-04-09;F;13;2;8;8454;3392252;59478;
1081;Nordjylland;2023-04-09;F;3;0;2;8454;3392255;59480;
1085;Sjælland;2023-04-09;F;8;1;8;8455;3392263;59488;
1083;Syddanmark;2023-04-09;F;10;1;7;8456;3392273;59495;
1084;Hovedstaden;2023-04-09;M;16;1;10;8457;3392289;59505;
1082;Midtjylland;2023-04-09;M;7;0;5;8457;3392296;59510;
1081;Nordjylland;2023-04-09;M;7;0;4;8457;3392303;59514;
1085;Sjælland;2023-04-09;M;4;0;2;8457;3392307;59516;
1083;Syddanmark;2023-04-09;M;7;0;5;8457;3392314;59521;
1084;Hovedstaden;2023-04-10;F;19;3;12;8460;3392333;59533;
1082;Midtjylland;2023-04-10;F;5;0;2;8460;3392338;59535;
1081;Nordjylland;2023-04-10;F;3;0;2;8460;3392341;59537;
1085;Sjælland;2023-04-10;F;5;0;4;8460;3392346;59541;
1083;Syddanmark;2023-04-10;F;11;2;7;8462;3392357;59548;
1084;Hovedstaden;2023-04-10;M;15;2;11;8464;3392372;59559;
1082;Midtjylland;2023-04-10;M;14;0;9;8464;3392386;59568;
1081;Nordjylland;2023-04-10;M;3;1;3;8465;3392389;59571;
1085;Sjælland;2023-04-10;M;9;0;7;8465;3392398;59578;
1083;Syddanmark;2023-04-10;M;12;1;10;8466;3392410;59588;
1084;Hovedstaden;2023-04-11;F;38;0;10;8466;3392448;59598;
1082;Midtjylland;2023-04-11;F;13;1;8;8467;3392461;59606;
1081;Nordjylland;2023-04-11;F;8;0;3;8467;3392469;59609;
1085;Sjælland;2023-04-11;F;18;0;8;8467;3392487;59617;
1083;Syddanmark;2023-04-11;F;18;0;9;8467;3392505;59626;
1084;Hovedstaden;2023-04-11;M;24;0;8;8467;3392529;59634;
1082;Midtjylland;2023-04-11;M;8;0;6;8467;3392537;59640;
1081;Nordjylland;2023-04-11;M;4;0;3;8467;3392541;59643;
1085;Sjælland;2023-04-11;M;12;0;7;8467;3392553;59650;
1083;Syddanmark;2023-04-11;M;14;0;7;8467;3392567;59657;
1084;Hovedstaden;2023-04-12;F;32;2;14;8469;3392599;59671;
1082;Midtjylland;2023-04-12;F;7;0;3;8469;3392606;59674;
1081;Nordjylland;2023-04-12;F;4;1;3;8470;3392610;59677;
1085;Sjælland;2023-04-12;F;14;2;6;8472;3392624;59683;
1083;Syddanmark;2023-04-12;F;14;0;5;8472;3392638;59688;
1084;Hovedstaden;2023-04-12;M;35;3;18;8475;3392673;59706;
1082;Midtjylland;2023-04-12;M;12;1;9;8476;3392685;59715;
1081;Nordjylland;2023-04-12;M;6;0;4;8476;3392691;59719;
1085;Sjælland;2023-04-12;M;17;0;6;8476;3392708;59725;
1083;Syddanmark;2023-04-12;M;17;2;11;8478;3392725;59736;
1084;Hovedstaden;2023-04-13;F;31;2;10;8480;3392756;59746;
1082;Midtjylland;2023-04-13;F;10;0;5;8480;3392766;59751;
1081;Nordjylland;2023-04-13;F;6;0;1;8480;3392772;59752;
1085;Sjælland;2023-04-13;F;12;0;5;8480;3392784;59757;
1083;Syddanmark;2023-04-13;F;26;3;10;8483;3392810;59767;
1084;Hovedstaden;2023-04-13;M;22;2;6;8485;3392832;59773;
1082;Midtjylland;2023-04-13;M;6;0;4;8485;3392838;59777;
1081;Nordjylland;2023-04-13;M;3;0;2;8485;3392841;59779;
1085;Sjælland;2023-04-13;M;11;1;7;8486;3392852;59786;
1083;Syddanmark;2023-04-13;M;24;2;11;8488;3392876;59797;
1084;Hovedstaden;2023-04-14;F;29;0;6;8488;3392905;59803;
1082;Midtjylland;2023-04-14;F;7;0;5;8488;3392912;59808;
1081;Nordjylland;2023-04-14;F;5;0;3;8488;3392917;59811;
1085;Sjælland;2023-04-14;F;10;1;7;8489;3392927;59818;
1083;Syddanmark;2023-04-14;F;16;0;3;8489;3392943;59821;
1084;Hovedstaden;2023-04-14;M;16;1;11;8490;3392959;59832;
1082;Midtjylland;2023-04-14;M;8;0;6;8490;3392967;59838;
1081;Nordjylland;2023-04-14;M;7;2;5;8492;3392974;59843;
1085;Sjælland;2023-04-14;M;9;0;5;8492;3392983;59848;
1083;Syddanmark;2023-04-14;M;14;1;7;8493;3392997;59855;
1084;Hovedstaden;2023-04-15;F;17;1;13;8494;3393014;59868;
1082;Midtjylland;2023-04-15;F;6;0;5;8494;3393020;59873;
1081;Nordjylland;2023-04-15;F;3;0;2;8494;3393023;59875;
1085;Sjælland;2023-04-15;F;1;0;0;8494;3393024;59875;
1083;Syddanmark;2023-04-15;F;7;0;5;8494;3393031;59880;
1084;Hovedstaden;2023-04-15;M;10;2;9;8496;3393041;59889;
1082;Midtjylland;2023-04-15;M;9;1;8;8497;3393050;59897;
1081;Nordjylland;2023-04-15;M;3;1;2;8498;3393053;59899;
1085;Sjælland;2023-04-15;M;2;0;2;8498;3393055;59901;
1083;Syddanmark;2023-04-15;M;10;2;9;8500;3393065;59910;
1084;Hovedstaden;2023-04-16;F;8;0;4;8500;3393073;59914;
1082;Midtjylland;2023-04-16;F;4;0;4;8500;3393077;59918;
1081;Nordjylland;2023-04-16;F;2;2;2;8502;3393079;59920;
1085;Sjælland;2023-04-16;F;5;3;4;8505;3393084;59924;
1083;Syddanmark;2023-04-16;F;7;1;4;8506;3393091;59928;
1084;Hovedstaden;2023-04-16;M;9;1;4;8507;3393100;59932;
1082;Midtjylland;2023-04-16;M;10;0;8;8507;3393110;59940;
1081;Nordjylland;2023-04-16;M;7;0;4;8507;3393117;59944;
1085;Sjælland;2023-04-16;M;3;0;3;8507;3393120;59947;
1083;Syddanmark;2023-04-16;M;7;1;7;8508;3393127;59954;
1084;Hovedstaden;2023-04-17;F;22;0;12;8508;3393149;59966;
1082;Midtjylland;2023-04-17;F;6;0;3;8508;3393155;59969;
1081;Nordjylland;2023-04-17;F;2;0;1;8508;3393157;59970;
1085;Sjælland;2023-04-17;F;7;0;2;8508;3393164;59972;
1083;Syddanmark;2023-04-17;F;13;1;6;8509;3393177;59978;
1084;Hovedstaden;2023-04-17;M;27;0;10;8509;3393204;59988;
1082;Midtjylland;2023-04-17;M;13;0;7;8509;3393217;59995;
1081;Nordjylland;2023-04-17;M;6;0;2;8509;3393223;59997;
1085;Sjælland;2023-04-17;M;7;0;4;8509;3393230;60001;
1083;Syddanmark;2023-04-17;M;17;1;6;8510;3393247;60007;
1084;Hovedstaden;2023-04-18;F;23;0;8;8510;3393270;60015;
1082;Midtjylland;2023-04-18;F;9;0;7;8510;3393279;60022;
1081;Nordjylland;2023-04-18;F;6;0;3;8510;3393285;60025;
1085;Sjælland;2023-04-18;F;4;0;0;8510;3393289;60025;
1083;Syddanmark;2023-04-18;F;9;1;4;8511;3393298;60029;
1084;Hovedstaden;2023-04-18;M;18;2;7;8513;3393316;60036;
1082;Midtjylland;2023-04-18;M;6;1;5;8514;3393322;60041;
1081;Nordjylland;2023-04-18;M;5;0;2;8514;3393327;60043;
1085;Sjælland;2023-04-18;M;17;0;8;8514;3393344;60051;
1083;Syddanmark;2023-04-18;M;3;0;2;8514;3393347;60053;
1084;Hovedstaden;2023-04-19;F;23;0;9;8514;3393370;60062;
1082;Midtjylland;2023-04-19;F;5;0;1;8514;3393375;60063;
1081;Nordjylland;2023-04-19;F;7;0;5;8514;3393382;60068;
1085;Sjælland;2023-04-19;F;7;0;3;8514;3393389;60071;
1083;Syddanmark;2023-04-19;F;11;0;2;8514;3393400;60073;
1084;Hovedstaden;2023-04-19;M;26;1;6;8515;3393426;60079;
1082;Midtjylland;2023-04-19;M;6;1;5;8516;3393432;60084;
1081;Nordjylland;2023-04-19;M;5;2;4;8518;3393437;60088;
1085;Sjælland;2023-04-19;M;11;0;6;8518;3393448;60094;
1083;Syddanmark;2023-04-19;M;17;0;8;8518;3393465;60102;
1084;Hovedstaden;2023-04-20;F;23;0;5;8518;3393488;60107;
1082;Midtjylland;2023-04-20;F;4;0;1;8518;3393492;60108;
1081;Nordjylland;2023-04-20;F;9;1;4;8519;3393501;60112;
1085;Sjælland;2023-04-20;F;11;1;6;8520;3393512;60118;
1083;Syddanmark;2023-04-20;F;7;1;4;8521;3393519;60122;
1084;Hovedstaden;2023-04-20;M;27;0;9;8521;3393546;60131;
1082;Midtjylland;2023-04-20;M;6;0;5;8521;3393552;60136;
1081;Nordjylland;2023-04-20;M;5;0;3;8521;3393557;60139;
1085;Sjælland;2023-04-20;M;12;1;8;8522;3393569;60147;
1083;Syddanmark;2023-04-20;M;8;1;4;8523;3393577;60151;
1084;Hovedstaden;2023-04-21;F;17;1;7;8524;3393594;60158;
1082;Midtjylland;2023-04-21;F;10;1;6;8525;3393604;60164;
1081;Nordjylland;2023-04-21;F;4;0;3;8525;3393608;60167;
1085;Sjælland;2023-04-21;F;8;2;5;8527;3393616;60172;
1083;Syddanmark;2023-04-21;F;8;0;4;8527;3393624;60176;
1084;Hovedstaden;2023-04-21;M;16;0;7;8527;3393640;60183;
1082;Midtjylland;2023-04-21;M;9;0;8;8527;3393649;60191;
1081;Nordjylland;2023-04-21;M;4;0;2;8527;3393653;60193;
1085;Sjælland;2023-04-21;M;10;0;8;8527;3393663;60201;
1083;Syddanmark;2023-04-21;M;6;1;4;8528;3393669;60205;
1084;Hovedstaden;2023-04-22;F;9;2;4;8530;3393678;60209;
1082;Midtjylland;2023-04-22;F;3;0;3;8530;3393681;60212;
1081;Nordjylland;2023-04-22;F;4;0;3;8530;3393685;60215;
1085;Sjælland;2023-04-22;F;7;2;6;8532;3393692;60221;
1083;Syddanmark;2023-04-22;F;2;0;2;8532;3393694;60223;
1084;Hovedstaden;2023-04-22;M;12;0;9;8532;3393706;60232;
1082;Midtjylland;2023-04-22;M;12;0;10;8532;3393718;60242;
1081;Nordjylland;2023-04-22;M;2;0;0;8532;3393720;60242;
1085;Sjælland;2023-04-22;M;8;1;6;8533;3393728;60248;
1083;Syddanmark;2023-04-22;M;3;1;3;8534;3393731;60251;
1084;Hovedstaden;2023-04-23;F;11;1;4;8535;3393742;60255;
1082;Midtjylland;2023-04-23;F;3;0;2;8535;3393745;60257;
1081;Nordjylland;2023-04-23;F;2;0;2;8535;3393747;60259;
1085;Sjælland;2023-04-23;F;5;0;4;8535;3393752;60263;
1083;Syddanmark;2023-04-23;F;9;1;6;8536;3393761;60269;
1084;Hovedstaden;2023-04-23;M;15;0;9;8536;3393776;60278;
1082;Midtjylland;2023-04-23;M;5;0;4;8536;3393781;60282;
1081;Nordjylland;2023-04-23;M;7;0;6;8536;3393788;60288;
1085;Sjælland;2023-04-23;M;7;1;7;8537;3393795;60295;
1083;Syddanmark;2023-04-23;M;8;0;6;8537;3393803;60301;
1084;Hovedstaden;2023-04-24;F;13;2;5;8539;3393816;60306;
1082;Midtjylland;2023-04-24;F;7;0;3;8539;3393823;60309;
1081;Nordjylland;2023-04-24;F;4;0;3;8539;3393827;60312;
1085;Sjælland;2023-04-24;F;14;1;3;8540;3393841;60315;
1083;Syddanmark;2023-04-24;F;12;0;8;8540;3393853;60323;
1084;Hovedstaden;2023-04-24;M;24;0;15;8540;3393877;60338;
1082;Midtjylland;2023-04-24;M;9;0;7;8540;3393886;60345;
1081;Nordjylland;2023-04-24;M;6;0;3;8540;3393892;60348;
1085;Sjælland;2023-04-24;M;9;0;5;8540;3393901;60353;
1083;Syddanmark;2023-04-24;M;5;1;5;8541;3393906;60358;
1084;Hovedstaden;2023-04-25;F;24;0;10;8541;3393930;60368;
1082;Midtjylland;2023-04-25;F;4;0;3;8541;3393934;60371;
1081;Nordjylland;2023-04-25;F;7;0;5;8541;3393941;60376;
1085;Sjælland;2023-04-25;F;13;0;8;8541;3393954;60384;
1083;Syddanmark;2023-04-25;F;11;0;6;8541;3393965;60390;
1084;Hovedstaden;2023-04-25;M;17;1;13;8542;3393982;60403;
1082;Midtjylland;2023-04-25;M;8;1;5;8543;3393990;60408;
1081;Nordjylland;2023-04-25;M;6;2;2;8545;3393996;60410;
1085;Sjælland;2023-04-25;M;5;0;2;8545;3394001;60412;
1083;Syddanmark;2023-04-25;M;6;1;4;8546;3394007;60416;
1084;Hovedstaden;2023-04-26;F;15;0;7;8546;3394022;60423;
1082;Midtjylland;2023-04-26;F;6;0;2;8546;3394028;60425;
1081;Nordjylland;2023-04-26;F;5;0;2;8546;3394033;60427;
1085;Sjælland;2023-04-26;F;13;0;4;8546;3394046;60431;
1083;Syddanmark;2023-04-26;F;11;0;4;8546;3394057;60435;
1084;Hovedstaden;2023-04-26;M;15;1;6;8547;3394072;60441;
1082;Midtjylland;2023-04-26;M;6;0;3;8547;3394078;60444;
1081;Nordjylland;2023-04-26;M;2;0;1;8547;3394080;60445;
1085;Sjælland;2023-04-26;M;5;2;4;8549;3394085;60449;
1083;Syddanmark;2023-04-26;M;5;1;3;8550;3394090;60452;
1084;Hovedstaden;2023-04-27;F;22;1;9;8551;3394112;60461;
1082;Midtjylland;2023-04-27;F;5;0;3;8551;3394117;60464;
1081;Nordjylland;2023-04-27;F;4;0;0;8551;3394121;60464;
1085;Sjælland;2023-04-27;F;5;0;1;8551;3394126;60465;
1083;Syddanmark;2023-04-27;F;7;0;4;8551;3394133;60469;
1084;Hovedstaden;2023-04-27;M;24;2;12;8553;3394157;60481;
1082;Midtjylland;2023-04-27;M;3;0;2;8553;3394160;60483;
1081;Nordjylland;2023-04-27;M;5;1;5;8554;3394165;60488;
1085;Sjælland;2023-04-27;M;8;1;6;8555;3394173;60494;
1083;Syddanmark;2023-04-27;M;7;0;5;8555;3394180;60499;
1084;Hovedstaden;2023-04-28;F;16;1;4;8556;3394196;60503;
1082;Midtjylland;2023-04-28;F;8;0;5;8556;3394204;60508;
1081;Nordjylland;2023-04-28;F;4;0;4;8556;3394208;60512;
1085;Sjælland;2023-04-28;F;4;0;2;8556;3394212;60514;
1083;Syddanmark;2023-04-28;F;4;1;3;8557;3394216;60517;
1084;Hovedstaden;2023-04-28;M;9;2;3;8559;3394225;60520;
1082;Midtjylland;2023-04-28;M;6;1;5;8560;3394231;60525;
1081;Nordjylland;2023-04-28;M;8;2;6;8562;3394239;60531;
1085;Sjælland;2023-04-28;M;5;0;2;8562;3394244;60533;
1083;Syddanmark;2023-04-28;M;6;0;1;8562;3394250;60534;
1084;Hovedstaden;2023-04-29;F;8;0;5;8562;3394258;60539;
1082;Midtjylland;2023-04-29;F;2;0;2;8562;3394260;60541;
1081;Nordjylland;2023-04-29;F;3;1;2;8563;3394263;60543;
1085;Sjælland;2023-04-29;F;6;0;5;8563;3394269;60548;
1083;Syddanmark;2023-04-29;F;3;0;3;8563;3394272;60551;
1084;Hovedstaden;2023-04-29;M;7;0;5;8563;3394279;60556;
1082;Midtjylland;2023-04-29;M;4;0;3;8563;3394283;60559;
1081;Nordjylland;2023-04-29;M;4;2;3;8565;3394287;60562;
1085;Sjælland;2023-04-29;M;3;1;3;8566;3394290;60565;
1083;Syddanmark;2023-04-29;M;7;3;7;8569;3394297;60572;
1084;Hovedstaden;2023-04-30;F;10;2;7;8571;3394307;60579;
1082;Midtjylland;2023-04-30;F;3;0;2;8571;3394310;60581;
1081;Nordjylland;2023-04-30;F;1;0;0;8571;3394311;60581;
1085;Sjælland;2023-04-30;F;3;1;2;8572;3394314;60583;
1083;Syddanmark;2023-04-30;F;6;1;4;8573;3394320;60587;
1084;Hovedstaden;2023-04-30;M;10;0;5;8573;3394330;60592;
1082;Midtjylland;2023-04-30;M;3;1;2;8574;3394333;60594;
1081;Nordjylland;2023-04-30;M;4;0;1;8574;3394337;60595;
1085;Sjælland;2023-04-30;M;5;1;4;8575;3394342;60599;
1083;Syddanmark;2023-04-30;M;5;0;3;8575;3394347;60602;
1084;Hovedstaden;2023-05-01;F;19;1;5;8576;3394366;60607;
1082;Midtjylland;2023-05-01;F;11;0;5;8576;3394377;60612;
1081;Nordjylland;2023-05-01;F;9;0;6;8576;3394386;60618;
1085;Sjælland;2023-05-01;F;10;1;5;8577;3394396;60623;
1083;Syddanmark;2023-05-01;F;20;5;9;8582;3394416;60632;
1084;Hovedstaden;2023-05-01;M;14;0;7;8582;3394430;60639;
1082;Midtjylland;2023-05-01;M;4;0;1;8582;3394434;60640;
1081;Nordjylland;2023-05-01;M;3;1;2;8583;3394437;60642;
1085;Sjælland;2023-05-01;M;8;0;4;8583;3394445;60646;
1083;Syddanmark;2023-05-01;M;13;1;7;8584;3394458;60653;
1084;Hovedstaden;2023-05-02;F;24;0;7;8584;3394482;60660;
1082;Midtjylland;2023-05-02;F;5;0;4;8584;3394487;60664;
1081;Nordjylland;2023-05-02;F;2;0;0;8584;3394489;60664;
1085;Sjælland;2023-05-02;F;9;0;2;8584;3394498;60666;
1083;Syddanmark;2023-05-02;F;8;1;4;8585;3394506;60670;
1084;Hovedstaden;2023-05-02;M;20;0;9;8585;3394526;60679;
1082;Midtjylland;2023-05-02;M;5;0;5;8585;3394531;60684;
1081;Nordjylland;2023-05-02;M;7;0;6;8585;3394538;60690;
1085;Sjælland;2023-05-02;M;4;0;2;8585;3394542;60692;
1083;Syddanmark;2023-05-02;M;15;0;8;8585;3394557;60700;
1084;Hovedstaden;2023-05-03;F;23;0;9;8585;3394580;60709;
1082;Midtjylland;2023-05-03;F;6;0;2;8585;3394586;60711;
1081;Nordjylland;2023-05-03;F;3;0;1;8585;3394589;60712;
1085;Sjælland;2023-05-03;F;11;0;7;8585;3394600;60719;
1083;Syddanmark;2023-05-03;F;8;0;2;8585;3394608;60721;
1084;Hovedstaden;2023-05-03;M;15;0;2;8585;3394623;60723;
1082;Midtjylland;2023-05-03;M;6;0;5;8585;3394629;60728;
1081;Nordjylland;2023-05-03;M;3;0;3;8585;3394632;60731;
1085;Sjælland;2023-05-03;M;4;1;3;8586;3394636;60734;
1083;Syddanmark;2023-05-03;M;10;1;7;8587;3394646;60741;
1084;Hovedstaden;2023-05-04;F;11;0;2;8587;3394657;60743;
1082;Midtjylland;2023-05-04;F;6;1;4;8588;3394663;60747;
1081;Nordjylland;2023-05-04;F;1;1;1;8589;3394664;60748;
1085;Sjælland;2023-05-04;F;10;0;4;8589;3394674;60752;
1083;Syddanmark;2023-05-04;F;9;0;5;8589;3394683;60757;
1084;Hovedstaden;2023-05-04;M;10;0;5;8589;3394693;60762;
1082;Midtjylland;2023-05-04;M;6;0;4;8589;3394699;60766;
1081;Nordjylland;2023-05-04;M;3;0;2;8589;3394702;60768;
1085;Sjælland;2023-05-04;M;6;0;1;8589;3394708;60769;
1083;Syddanmark;2023-05-04;M;10;0;6;8589;3394718;60775;
1084;Hovedstaden;2023-05-05;F;7;1;4;8590;3394725;60779;
1082;Midtjylland;2023-05-05;F;1;1;1;8591;3394726;60780;
1081;Nordjylland;2023-05-05;F;3;0;2;8591;3394729;60782;
1085;Sjælland;2023-05-05;F;5;1;5;8592;3394734;60787;
1083;Syddanmark;2023-05-05;F;3;0;1;8592;3394737;60788;
1084;Hovedstaden;2023-05-05;M;13;1;8;8593;3394750;60796;
1082;Midtjylland;2023-05-05;M;6;0;5;8593;3394756;60801;
1081;Nordjylland;2023-05-05;M;3;1;3;8594;3394759;60804;
1085;Sjælland;2023-05-05;M;3;0;3;8594;3394762;60807;
1083;Syddanmark;2023-05-05;M;2;0;2;8594;3394764;60809;
1084;Hovedstaden;2023-05-06;F;18;0;8;8594;3394782;60817;
1082;Midtjylland;2023-05-06;F;5;0;3;8594;3394787;60820;
1081;Nordjylland;2023-05-06;F;2;0;2;8594;3394789;60822;
1085;Sjælland;2023-05-06;F;2;0;1;8594;3394791;60823;
1083;Syddanmark;2023-05-06;F;6;1;3;8595;3394797;60826;
1084;Hovedstaden;2023-05-06;M;8;0;4;8595;3394805;60830;
1082;Midtjylland;2023-05-06;M;4;0;4;8595;3394809;60834;
1081;Nordjylland;2023-05-06;M;3;1;3;8596;3394812;60837;
1085;Sjælland;2023-05-06;M;5;1;4;8597;3394817;60841;
1083;Syddanmark;2023-05-06;M;4;1;2;8598;3394821;60843;
1084;Hovedstaden;2023-05-07;F;12;0;8;8598;3394833;60851;
1082;Midtjylland;2023-05-07;F;3;1;2;8599;3394836;60853;
1081;Nordjylland;2023-05-07;F;3;0;3;8599;3394839;60856;
1085;Sjælland;2023-05-07;F;2;0;2;8599;3394841;60858;
1083;Syddanmark;2023-05-07;F;6;1;5;8600;3394847;60863;
1084;Hovedstaden;2023-05-07;M;12;1;8;8601;3394859;60871;
1082;Midtjylland;2023-05-07;M;10;1;9;8602;3394869;60880;
1081;Nordjylland;2023-05-07;M;1;0;1;8602;3394870;60881;
1085;Sjælland;2023-05-07;M;4;1;4;8603;3394874;60885;
1083;Syddanmark;2023-05-07;M;6;0;5;8603;3394880;60890;
1084;Hovedstaden;2023-05-08;F;21;2;7;8605;3394901;60897;
1082;Midtjylland;2023-05-08;F;7;1;5;8606;3394908;60902;
1081;Nordjylland;2023-05-08;F;11;2;5;8608;3394919;60907;
1085;Sjælland;2023-05-08;F;7;0;2;8608;3394926;60909;
1083;Syddanmark;2023-05-08;F;15;2;5;8610;3394941;60914;
1084;Hovedstaden;2023-05-08;M;26;3;11;8613;3394967;60925;
1082;Midtjylland;2023-05-08;M;6;0;4;8613;3394973;60929;
1085;Sjælland;2023-05-08;M;11;1;6;8614;3394984;60935;
1083;Syddanmark;2023-05-08;M;8;3;7;8617;3394992;60942;
1084;Hovedstaden;2023-05-09;F;27;0;10;8617;3395019;60952;
1082;Midtjylland;2023-05-09;F;4;0;3;8617;3395023;60955;
1081;Nordjylland;2023-05-09;F;3;0;3;8617;3395026;60958;
1085;Sjælland;2023-05-09;F;13;0;9;8617;3395039;60967;
1083;Syddanmark;2023-05-09;F;12;2;6;8619;3395051;60973;
1084;Hovedstaden;2023-05-09;M;26;0;12;8619;3395077;60985;
1082;Midtjylland;2023-05-09;M;7;0;4;8619;3395084;60989;
1081;Nordjylland;2023-05-09;M;3;0;2;8619;3395087;60991;
1085;Sjælland;2023-05-09;M;10;2;6;8621;3395097;60997;
1083;Syddanmark;2023-05-09;M;7;1;2;8622;3395104;60999;
1084;Hovedstaden;2023-05-10;F;14;0;4;8622;3395118;61003;
1082;Midtjylland;2023-05-10;F;10;0;3;8622;3395128;61006;
1081;Nordjylland;2023-05-10;F;6;1;5;8623;3395134;61011;
1085;Sjælland;2023-05-10;F;9;0;3;8623;3395143;61014;
1083;Syddanmark;2023-05-10;F;14;1;4;8624;3395157;61018;
1084;Hovedstaden;2023-05-10;M;15;0;7;8624;3395172;61025;
1082;Midtjylland;2023-05-10;M;6;1;6;8625;3395178;61031;
1081;Nordjylland;2023-05-10;M;3;1;2;8626;3395181;61033;
1085;Sjælland;2023-05-10;M;10;3;9;8629;3395191;61042;
1083;Syddanmark;2023-05-10;M;14;2;8;8631;3395205;61050;
1084;Hovedstaden;2023-05-11;F;26;4;6;8635;3395231;61056;
1082;Midtjylland;2023-05-11;F;6;1;5;8636;3395237;61061;
1081;Nordjylland;2023-05-11;F;5;0;3;8636;3395242;61064;
1085;Sjælland;2023-05-11;F;10;0;6;8636;3395252;61070;
1083;Syddanmark;2023-05-11;F;12;0;4;8636;3395264;61074;
1084;Hovedstaden;2023-05-11;M;14;1;10;8637;3395278;61084;
1082;Midtjylland;2023-05-11;M;5;0;5;8637;3395283;61089;
1081;Nordjylland;2023-05-11;M;1;0;1;8637;3395284;61090;
1085;Sjælland;2023-05-11;M;4;0;4;8637;3395288;61094;
1083;Syddanmark;2023-05-11;M;3;0;2;8637;3395291;61096;
1084;Hovedstaden;2023-05-12;F;14;0;8;8637;3395305;61104;
1082;Midtjylland;2023-05-12;F;3;0;2;8637;3395308;61106;
1081;Nordjylland;2023-05-12;F;1;0;1;8637;3395309;61107;
1085;Sjælland;2023-05-12;F;6;1;4;8638;3395315;61111;
1083;Syddanmark;2023-05-12;F;4;1;3;8639;3395319;61114;
1084;Hovedstaden;2023-05-12;M;13;1;5;8640;3395332;61119;
1082;Midtjylland;2023-05-12;M;6;0;5;8640;3395338;61124;
1081;Nordjylland;2023-05-12;M;2;0;1;8640;3395340;61125;
1085;Sjælland;2023-05-12;M;6;0;3;8640;3395346;61128;
1083;Syddanmark;2023-05-12;M;11;1;7;8641;3395357;61135;
1084;Hovedstaden;2023-05-13;F;10;1;6;8642;3395367;61141;
1082;Midtjylland;2023-05-13;F;2;0;0;8642;3395369;61141;
1081;Nordjylland;2023-05-13;F;2;1;1;8643;3395371;61142;
1085;Sjælland;2023-05-13;F;5;1;3;8644;3395376;61145;
1083;Syddanmark;2023-05-13;F;6;1;5;8645;3395382;61150;
1084;Hovedstaden;2023-05-13;M;7;0;3;8645;3395389;61153;
1082;Midtjylland;2023-05-13;M;4;0;3;8645;3395393;61156;
1083;Syddanmark;2023-05-13;M;3;0;2;8645;3395396;61158;
1084;Hovedstaden;2023-05-14;F;6;3;6;8648;3395402;61164;
1082;Midtjylland;2023-05-14;F;3;0;2;8648;3395405;61166;
1081;Nordjylland;2023-05-14;F;2;0;1;8648;3395407;61167;
1085;Sjælland;2023-05-14;F;1;0;1;8648;3395408;61168;
1083;Syddanmark;2023-05-14;F;9;1;8;8649;3395417;61176;
1084;Hovedstaden;2023-05-14;M;9;0;7;8649;3395426;61183;
1082;Midtjylland;2023-05-14;M;2;0;2;8649;3395428;61185;
1081;Nordjylland;2023-05-14;M;6;1;5;8650;3395434;61190;
1085;Sjælland;2023-05-14;M;2;0;1;8650;3395436;61191;
1083;Syddanmark;2023-05-14;M;7;1;7;8651;3395443;61198;
1084;Hovedstaden;2023-05-15;F;17;0;5;8651;3395460;61203;
1082;Midtjylland;2023-05-15;F;10;1;5;8652;3395470;61208;
1081;Nordjylland;2023-05-15;F;4;0;2;8652;3395474;61210;
1085;Sjælland;2023-05-15;F;7;0;1;8652;3395481;61211;
1083;Syddanmark;2023-05-15;F;12;1;6;8653;3395493;61217;
1084;Hovedstaden;2023-05-15;M;14;1;8;8654;3395507;61225;
1082;Midtjylland;2023-05-15;M;6;0;5;8654;3395513;61230;
1081;Nordjylland;2023-05-15;M;2;0;1;8654;3395515;61231;
1085;Sjælland;2023-05-15;M;7;0;5;8654;3395522;61236;
1083;Syddanmark;2023-05-15;M;11;0;6;8654;3395533;61242;
1084;Hovedstaden;2023-05-16;F;14;0;6;8654;3395547;61248;
1082;Midtjylland;2023-05-16;F;2;0;1;8654;3395549;61249;
1081;Nordjylland;2023-05-16;F;5;1;3;8655;3395554;61252;
1085;Sjælland;2023-05-16;F;7;0;1;8655;3395561;61253;
1083;Syddanmark;2023-05-16;F;6;0;3;8655;3395567;61256;
1084;Hovedstaden;2023-05-16;M;15;0;5;8655;3395582;61261;
1082;Midtjylland;2023-05-16;M;4;0;3;8655;3395586;61264;
1081;Nordjylland;2023-05-16;M;2;0;2;8655;3395588;61266;
1085;Sjælland;2023-05-16;M;8;0;5;8655;3395596;61271;
1083;Syddanmark;2023-05-16;M;8;0;5;8655;3395604;61276;
1084;Hovedstaden;2023-05-17;F;9;0;4;8655;3395613;61280;
1082;Midtjylland;2023-05-17;F;3;0;3;8655;3395616;61283;
1085;Sjælland;2023-05-17;F;7;0;4;8655;3395623;61287;
1083;Syddanmark;2023-05-17;F;5;1;2;8656;3395628;61289;
1084;Hovedstaden;2023-05-17;M;8;0;4;8656;3395636;61293;
1082;Midtjylland;2023-05-17;M;6;0;3;8656;3395642;61296;
1081;Nordjylland;2023-05-17;M;1;0;1;8656;3395643;61297;
1085;Sjælland;2023-05-17;M;2;0;1;8656;3395645;61298;
1083;Syddanmark;2023-05-17;M;4;0;2;8656;3395649;61300;
1084;Hovedstaden;2023-05-18;F;7;0;6;8656;3395656;61306;
1082;Midtjylland;2023-05-18;F;2;0;1;8656;3395658;61307;
1081;Nordjylland;2023-05-18;F;1;0;1;8656;3395659;61308;
1085;Sjælland;2023-05-18;F;5;0;3;8656;3395664;61311;
1083;Syddanmark;2023-05-18;F;3;0;2;8656;3395667;61313;
1084;Hovedstaden;2023-05-18;M;3;0;1;8656;3395670;61314;
1082;Midtjylland;2023-05-18;M;3;1;1;8657;3395673;61315;
1081;Nordjylland;2023-05-18;M;2;0;2;8657;3395675;61317;
1085;Sjælland;2023-05-18;M;3;0;2;8657;3395678;61319;
1083;Syddanmark;2023-05-18;M;6;0;5;8657;3395684;61324;
1084;Hovedstaden;2023-05-19;F;19;1;10;8658;3395703;61334;
1082;Midtjylland;2023-05-19;F;3;0;3;8658;3395706;61337;
1081;Nordjylland;2023-05-19;F;3;1;1;8659;3395709;61338;
1085;Sjælland;2023-05-19;F;1;0;0;8659;3395710;61338;
1083;Syddanmark;2023-05-19;F;4;0;2;8659;3395714;61340;
1084;Hovedstaden;2023-05-19;M;8;2;4;8661;3395722;61344;
1082;Midtjylland;2023-05-19;M;1;0;0;8661;3395723;61344;
1081;Nordjylland;2023-05-19;M;3;0;2;8661;3395726;61346;
1085;Sjælland;2023-05-19;M;2;0;0;8661;3395728;61346;
1083;Syddanmark;2023-05-19;M;3;0;1;8661;3395731;61347;
1084;Hovedstaden;2023-05-20;F;8;1;7;8662;3395739;61354;
1082;Midtjylland;2023-05-20;F;3;0;3;8662;3395742;61357;
1081;Nordjylland;2023-05-20;F;1;0;1;8662;3395743;61358;
1085;Sjælland;2023-05-20;F;5;0;4;8662;3395748;61362;
1083;Syddanmark;2023-05-20;F;4;0;1;8662;3395752;61363;
1084;Hovedstaden;2023-05-20;M;6;0;4;8662;3395758;61367;
1082;Midtjylland;2023-05-20;M;3;0;1;8662;3395761;61368;
1085;Sjælland;2023-05-20;M;2;1;1;8663;3395763;61369;
1083;Syddanmark;2023-05-20;M;5;1;4;8664;3395768;61373;
1084;Hovedstaden;2023-05-21;F;8;0;4;8664;3395776;61377;
1082;Midtjylland;2023-05-21;F;1;0;1;8664;3395777;61378;
1081;Nordjylland;2023-05-21;F;1;0;1;8664;3395778;61379;
1085;Sjælland;2023-05-21;F;3;0;3;8664;3395781;61382;
1083;Syddanmark;2023-05-21;F;4;0;4;8664;3395785;61386;
1084;Hovedstaden;2023-05-21;M;4;0;3;8664;3395789;61389;
1082;Midtjylland;2023-05-21;M;7;1;4;8665;3395796;61393;
1081;Nordjylland;2023-05-21;M;3;0;2;8665;3395799;61395;
1085;Sjælland;2023-05-21;M;4;0;3;8665;3395803;61398;
1083;Syddanmark;2023-05-21;M;6;0;6;8665;3395809;61404;
1084;Hovedstaden;2023-05-22;F;18;0;5;8665;3395827;61409;
1082;Midtjylland;2023-05-22;F;4;0;2;8665;3395831;61411;
1081;Nordjylland;2023-05-22;F;3;0;1;8665;3395834;61412;
1085;Sjælland;2023-05-22;F;3;0;1;8665;3395837;61413;
1083;Syddanmark;2023-05-22;F;4;2;4;8667;3395841;61417;
1084;Hovedstaden;2023-05-22;M;13;0;5;8667;3395854;61422;
1082;Midtjylland;2023-05-22;M;5;1;2;8668;3395859;61424;
1081;Nordjylland;2023-05-22;M;1;0;1;8668;3395860;61425;
1085;Sjælland;2023-05-22;M;2;0;2;8668;3395862;61427;
1083;Syddanmark;2023-05-22;M;4;1;3;8669;3395866;61430;
1084;Hovedstaden;2023-05-23;F;11;0;2;8669;3395877;61432;
1082;Midtjylland;2023-05-23;F;5;0;1;8669;3395882;61433;
1081;Nordjylland;2023-05-23;F;1;0;0;8669;3395883;61433;
1085;Sjælland;2023-05-23;F;7;0;0;8669;3395890;61433;
1083;Syddanmark;2023-05-23;F;5;0;0;8669;3395895;61433;
1084;Hovedstaden;2023-05-23;M;9;1;5;8670;3395904;61438;
1082;Midtjylland;2023-05-23;M;3;0;2;8670;3395907;61440;
1081;Nordjylland;2023-05-23;M;2;0;2;8670;3395909;61442;
1085;Sjælland;2023-05-23;M;9;1;4;8671;3395918;61446;
1083;Syddanmark;2023-05-23;M;10;0;6;8671;3395928;61452;
1084;Hovedstaden;2023-05-24;F;7;0;2;8671;3395935;61454;
1082;Midtjylland;2023-05-24;F;8;1;5;8672;3395943;61459;
1081;Nordjylland;2023-05-24;F;5;0;2;8672;3395948;61461;
1085;Sjælland;2023-05-24;F;4;0;2;8672;3395952;61463;
1083;Syddanmark;2023-05-24;F;6;0;1;8672;3395958;61464;
1084;Hovedstaden;2023-05-24;M;5;0;2;8672;3395963;61466;
1081;Nordjylland;2023-05-24;M;2;0;2;8672;3395965;61468;
1085;Sjælland;2023-05-24;M;3;0;1;8672;3395968;61469;
1083;Syddanmark;2023-05-24;M;7;1;4;8673;3395975;61473;
1084;Hovedstaden;2023-05-25;F;11;1;4;8674;3395986;61477;
1082;Midtjylland;2023-05-25;F;7;0;4;8674;3395993;61481;
1081;Nordjylland;2023-05-25;F;2;0;2;8674;3395995;61483;
1085;Sjælland;2023-05-25;F;3;0;0;8674;3395998;61483;
1083;Syddanmark;2023-05-25;F;6;0;2;8674;3396004;61485;
1084;Hovedstaden;2023-05-25;M;13;0;4;8674;3396017;61489;
1082;Midtjylland;2023-05-25;M;1;0;1;8674;3396018;61490;
1085;Sjælland;2023-05-25;M;7;0;2;8674;3396025;61492;
1083;Syddanmark;2023-05-25;M;4;0;4;8674;3396029;61496;
1084;Hovedstaden;2023-05-26;F;11;2;4;8676;3396040;61500;
1082;Midtjylland;2023-05-26;F;4;0;3;8676;3396044;61503;
1081;Nordjylland;2023-05-26;F;4;0;3;8676;3396048;61506;
1085;Sjælland;2023-05-26;F;3;0;0;8676;3396051;61506;
1083;Syddanmark;2023-05-26;F;2;0;2;8676;3396053;61508;
1084;Hovedstaden;2023-05-26;M;6;0;2;8676;3396059;61510;
1082;Midtjylland;2023-05-26;M;2;0;1;8676;3396061;61511;
1085;Sjælland;2023-05-26;M;4;0;0;8676;3396065;61511;
1083;Syddanmark;2023-05-26;M;3;0;1;8676;3396068;61512;
1084;Hovedstaden;2023-05-27;F;5;0;4;8676;3396073;61516;
1082;Midtjylland;2023-05-27;F;1;0;0;8676;3396074;61516;
1085;Sjælland;2023-05-27;F;3;0;2;8676;3396077;61518;
1083;Syddanmark;2023-05-27;F;2;0;0;8676;3396079;61518;
1084;Hovedstaden;2023-05-27;M;3;1;2;8677;3396082;61520;
1081;Nordjylland;2023-05-27;M;3;0;1;8677;3396085;61521;
1085;Sjælland;2023-05-27;M;1;0;0;8677;3396086;61521;
1083;Syddanmark;2023-05-27;M;2;1;1;8678;3396088;61522;
1084;Hovedstaden;2023-05-28;F;1;0;1;8678;3396089;61523;
1082;Midtjylland;2023-05-28;F;3;0;3;8678;3396092;61526;
1081;Nordjylland;2023-05-28;F;5;0;4;8678;3396097;61530;
1085;Sjælland;2023-05-28;F;2;0;1;8678;3396099;61531;
1084;Hovedstaden;2023-05-28;M;2;0;1;8678;3396101;61532;
1082;Midtjylland;2023-05-28;M;1;0;1;8678;3396102;61533;
1081;Nordjylland;2023-05-28;M;2;0;2;8678;3396104;61535;
1085;Sjælland;2023-05-28;M;3;0;3;8678;3396107;61538;
1083;Syddanmark;2023-05-28;M;3;0;3;8678;3396110;61541;
1084;Hovedstaden;2023-05-29;F;1;0;1;8678;3396111;61542;
1082;Midtjylland;2023-05-29;F;4;0;4;8678;3396115;61546;
1081;Nordjylland;2023-05-29;F;1;0;0;8678;3396116;61546;
1085;Sjælland;2023-05-29;F;2;1;2;8679;3396118;61548;
1083;Syddanmark;2023-05-29;F;4;0;3;8679;3396122;61551;
1084;Hovedstaden;2023-05-29;M;3;0;1;8679;3396125;61552;
1082;Midtjylland;2023-05-29;M;2;1;2;8680;3396127;61554;
1081;Nordjylland;2023-05-29;M;2;0;2;8680;3396129;61556;
1085;Sjælland;2023-05-29;M;2;0;2;8680;3396131;61558;
1083;Syddanmark;2023-05-29;M;2;0;1;8680;3396133;61559;
1084;Hovedstaden;2023-05-30;F;5;0;0;8680;3396138;61559;
1082;Midtjylland;2023-05-30;F;2;0;2;8680;3396140;61561;
1081;Nordjylland;2023-05-30;F;1;0;1;8680;3396141;61562;
1085;Sjælland;2023-05-30;F;6;0;2;8680;3396147;61564;
1083;Syddanmark;2023-05-30;F;3;1;2;8681;3396150;61566;
1084;Hovedstaden;2023-05-30;M;7;0;3;8681;3396157;61569;
1082;Midtjylland;2023-05-30;M;3;0;3;8681;3396160;61572;
1081;Nordjylland;2023-05-30;M;2;0;1;8681;3396162;61573;
1085;Sjælland;2023-05-30;M;2;0;2;8681;3396164;61575;
1083;Syddanmark;2023-05-30;M;6;0;3;8681;3396170;61578;
1084;Hovedstaden;2023-05-31;F;5;0;2;8681;3396175;61580;
1085;Sjælland;2023-05-31;F;3;0;2;8681;3396178;61582;
1083;Syddanmark;2023-05-31;F;4;0;2;8681;3396182;61584;
1084;Hovedstaden;2023-05-31;M;8;0;5;8681;3396190;61589;
1082;Midtjylland;2023-05-31;M;3;0;0;8681;3396193;61589;
1081;Nordjylland;2023-05-31;M;3;0;3;8681;3396196;61592;
1085;Sjælland;2023-05-31;M;2;0;2;8681;3396198;61594;
1083;Syddanmark;2023-05-31;M;5;0;3;8681;3396203;61597;
1084;Hovedstaden;2023-06-01;F;4;0;1;8681;3396207;61598;
1082;Midtjylland;2023-06-01;F;3;0;1;8681;3396210;61599;
1085;Sjælland;2023-06-01;F;2;0;1;8681;3396212;61600;
1083;Syddanmark;2023-06-01;F;1;0;0;8681;3396213;61600;
1084;Hovedstaden;2023-06-01;M;9;0;4;8681;3396222;61604;
1082;Midtjylland;2023-06-01;M;2;0;1;8681;3396224;61605;
1081;Nordjylland;2023-06-01;M;2;0;1;8681;3396226;61606;
1085;Sjælland;2023-06-01;M;1;0;1;8681;3396227;61607;
1083;Syddanmark;2023-06-01;M;1;0;0;8681;3396228;61607;
1084;Hovedstaden;2023-06-02;F;4;0;4;8681;3396232;61611;
1082;Midtjylland;2023-06-02;F;2;0;1;8681;3396234;61612;
1081;Nordjylland;2023-06-02;F;2;0;0;8681;3396236;61612;
1085;Sjælland;2023-06-02;F;3;0;1;8681;3396239;61613;
1083;Syddanmark;2023-06-02;F;3;0;2;8681;3396242;61615;
1084;Hovedstaden;2023-06-02;M;3;0;2;8681;3396245;61617;
1082;Midtjylland;2023-06-02;M;1;0;1;8681;3396246;61618;
1081;Nordjylland;2023-06-02;M;2;0;0;8681;3396248;61618;
1085;Sjælland;2023-06-02;M;2;0;2;8681;3396250;61620;
1083;Syddanmark;2023-06-02;M;5;1;4;8682;3396255;61624;
1084;Hovedstaden;2023-06-03;F;4;0;2;8682;3396259;61626;
1082;Midtjylland;2023-06-03;F;1;0;0;8682;3396260;61626;
1081;Nordjylland;2023-06-03;F;1;0;1;8682;3396261;61627;
1085;Sjælland;2023-06-03;F;2;1;2;8683;3396263;61629;
1083;Syddanmark;2023-06-03;F;1;1;1;8684;3396264;61630;
1084;Hovedstaden;2023-06-03;M;3;0;0;8684;3396267;61630;
1082;Midtjylland;2023-06-03;M;4;0;2;8684;3396271;61632;
1081;Nordjylland;2023-06-03;M;1;0;1;8684;3396272;61633;
1085;Sjælland;2023-06-03;M;2;2;2;8686;3396274;61635;
1083;Syddanmark;2023-06-03;M;1;0;1;8686;3396275;61636;
1084;Hovedstaden;2023-06-04;F;1;0;1;8686;3396276;61637;
1082;Midtjylland;2023-06-04;F;1;0;1;8686;3396277;61638;
1081;Nordjylland;2023-06-04;F;1;0;1;8686;3396278;61639;
1083;Syddanmark;2023-06-04;F;2;0;1;8686;3396280;61640;
1084;Hovedstaden;2023-06-04;M;3;0;2;8686;3396283;61642;
1081;Nordjylland;2023-06-04;M;1;0;1;8686;3396284;61643;
1085;Sjælland;2023-06-04;M;2;0;1;8686;3396286;61644;
1083;Syddanmark;2023-06-04;M;3;1;3;8687;3396289;61647;
1084;Hovedstaden;2023-06-05;F;3;1;3;8688;3396292;61650;
1085;Sjælland;2023-06-05;F;3;0;3;8688;3396295;61653;
1083;Syddanmark;2023-06-05;F;1;0;0;8688;3396296;61653;
1084;Hovedstaden;2023-06-05;M;3;2;3;8690;3396299;61656;
1082;Midtjylland;2023-06-05;M;3;0;2;8690;3396302;61658;
1085;Sjælland;2023-06-05;M;2;0;2;8690;3396304;61660;
1083;Syddanmark;2023-06-05;M;3;0;1;8690;3396307;61661;
1084;Hovedstaden;2023-06-06;F;11;0;3;8690;3396318;61664;
1082;Midtjylland;2023-06-06;F;1;0;1;8690;3396319;61665;
1081;Nordjylland;2023-06-06;F;3;0;1;8690;3396322;61666;
1085;Sjælland;2023-06-06;F;5;0;2;8690;3396327;61668;
1083;Syddanmark;2023-06-06;F;5;0;3;8690;3396332;61671;
1084;Hovedstaden;2023-06-06;M;4;0;2;8690;3396336;61673;
1081;Nordjylland;2023-06-06;M;2;0;0;8690;3396338;61673;
1085;Sjælland;2023-06-06;M;2;0;1;8690;3396340;61674;
1083;Syddanmark;2023-06-06;M;5;0;2;8690;3396345;61676;
1084;Hovedstaden;2023-06-07;F;4;0;0;8690;3396349;61676;
1082;Midtjylland;2023-06-07;F;3;0;2;8690;3396352;61678;
1085;Sjælland;2023-06-07;F;2;0;1;8690;3396354;61679;
1083;Syddanmark;2023-06-07;F;5;0;3;8690;3396359;61682;
1084;Hovedstaden;2023-06-07;M;2;0;0;8690;3396361;61682;
1081;Nordjylland;2023-06-07;M;1;0;1;8690;3396362;61683;
1085;Sjælland;2023-06-07;M;1;0;1;8690;3396363;61684;
1083;Syddanmark;2023-06-07;M;6;0;4;8690;3396369;61688;
1084;Hovedstaden;2023-06-08;F;8;0;2;8690;3396377;61690;
1082;Midtjylland;2023-06-08;F;1;0;1;8690;3396378;61691;
1081;Nordjylland;2023-06-08;F;1;0;0;8690;3396379;61691;
1085;Sjælland;2023-06-08;F;2;0;0;8690;3396381;61691;
1083;Syddanmark;2023-06-08;F;4;0;1;8690;3396385;61692;
1084;Hovedstaden;2023-06-08;M;4;1;2;8691;3396389;61694;
1082;Midtjylland;2023-06-08;M;2;0;2;8691;3396391;61696;
1081;Nordjylland;2023-06-08;M;2;0;2;8691;3396393;61698;
1085;Sjælland;2023-06-08;M;3;0;2;8691;3396396;61700;
1083;Syddanmark;2023-06-08;M;3;1;2;8692;3396399;61702;
1084;Hovedstaden;2023-06-09;F;3;0;1;8692;3396402;61703;
1085;Sjælland;2023-06-09;F;2;0;1;8692;3396404;61704;
1084;Hovedstaden;2023-06-09;M;7;1;2;8693;3396411;61706;
1082;Midtjylland;2023-06-09;M;3;0;3;8693;3396414;61709;
1081;Nordjylland;2023-06-09;M;2;0;2;8693;3396416;61711;
1084;Hovedstaden;2023-06-10;F;3;0;1;8693;3396419;61712;
1082;Midtjylland;2023-06-10;F;2;0;2;8693;3396421;61714;
1085;Sjælland;2023-06-10;F;1;0;1;8693;3396422;61715;
1083;Syddanmark;2023-06-10;F;3;0;3;8693;3396425;61718;
1084;Hovedstaden;2023-06-10;M;4;0;3;8693;3396429;61721;
1085;Sjælland;2023-06-10;M;2;1;2;8694;3396431;61723;
1083;Syddanmark;2023-06-10;M;2;0;2;8694;3396433;61725;
1084;Hovedstaden;2023-06-11;F;4;0;1;8694;3396437;61726;
1082;Midtjylland;2023-06-11;F;1;0;1;8694;3396438;61727;
1081;Nordjylland;2023-06-11;F;2;0;1;8694;3396440;61728;
1085;Sjælland;2023-06-11;F;1;1;1;8695;3396441;61729;
1083;Syddanmark;2023-06-11;F;1;0;1;8695;3396442;61730;
1084;Hovedstaden;2023-06-11;M;4;0;2;8695;3396446;61732;
1082;Midtjylland;2023-06-11;M;2;0;1;8695;3396448;61733;
1085;Sjælland;2023-06-11;M;2;0;1;8695;3396450;61734;
1083;Syddanmark;2023-06-11;M;1;0;1;8695;3396451;61735;
1084;Hovedstaden;2023-06-12;F;7;0;2;8695;3396458;61737;
1082;Midtjylland;2023-06-12;F;3;0;2;8695;3396461;61739;
1085;Sjælland;2023-06-12;F;1;0;1;8695;3396462;61740;
1083;Syddanmark;2023-06-12;F;8;0;3;8695;3396470;61743;
1084;Hovedstaden;2023-06-12;M;6;0;2;8695;3396476;61745;
1082;Midtjylland;2023-06-12;M;3;0;2;8695;3396479;61747;
1081;Nordjylland;2023-06-12;M;2;1;2;8696;3396481;61749;
1085;Sjælland;2023-06-12;M;5;1;4;8697;3396486;61753;
1083;Syddanmark;2023-06-12;M;4;1;2;8698;3396490;61755;
1084;Hovedstaden;2023-06-13;F;4;0;2;8698;3396494;61757;
1085;Sjælland;2023-06-13;F;1;0;0;8698;3396495;61757;
1084;Hovedstaden;2023-06-13;M;1;0;0;8698;3396496;61757;
1082;Midtjylland;2023-06-13;M;1;0;1;8698;3396497;61758;
1085;Sjælland;2023-06-13;M;2;0;1;8698;3396499;61759;
1083;Syddanmark;2023-06-13;M;3;0;1;8698;3396502;61760;
1084;Hovedstaden;2023-06-14;F;4;1;2;8699;3396506;61762;
1082;Midtjylland;2023-06-14;F;1;0;0;8699;3396507;61762;
1081;Nordjylland;2023-06-14;F;1;0;0;8699;3396508;61762;
1085;Sjælland;2023-06-14;F;3;0;1;8699;3396511;61763;
1083;Syddanmark;2023-06-14;F;3;0;1;8699;3396514;61764;
1084;Hovedstaden;2023-06-14;M;6;1;4;8700;3396520;61768;
1085;Sjælland;2023-06-14;M;1;0;0;8700;3396521;61768;
1084;Hovedstaden;2023-06-15;F;6;0;1;8700;3396527;61769;
1085;Sjælland;2023-06-15;F;1;0;1;8700;3396528;61770;
1083;Syddanmark;2023-06-15;F;2;0;1;8700;3396530;61771;
1084;Hovedstaden;2023-06-15;M;6;0;2;8700;3396536;61773;
1081;Nordjylland;2023-06-15;M;2;2;2;8702;3396538;61775;
1085;Sjælland;2023-06-15;M;1;0;1;8702;3396539;61776;
1083;Syddanmark;2023-06-15;M;5;0;3;8702;3396544;61779;
1084;Hovedstaden;2023-06-16;F;3;0;2;8702;3396547;61781;
1082;Midtjylland;2023-06-16;F;1;0;0;8702;3396548;61781;
1085;Sjælland;2023-06-16;F;1;0;0;8702;3396549;61781;
1084;Hovedstaden;2023-06-16;M;7;0;5;8702;3396556;61786;
1081;Nordjylland;2023-06-16;M;1;0;1;8702;3396557;61787;
1085;Sjælland;2023-06-16;M;3;0;3;8702;3396560;61790;
1083;Syddanmark;2023-06-16;M;2;0;2;8702;3396562;61792;
1083;Syddanmark;2023-06-17;F;1;0;1;8702;3396563;61793;
1084;Hovedstaden;2023-06-17;M;4;3;4;8705;3396567;61797;
1082;Midtjylland;2023-06-17;M;1;0;1;8705;3396568;61798;
1083;Syddanmark;2023-06-17;M;3;0;3;8705;3396571;61801;
1084;Hovedstaden;2023-06-18;F;3;0;1;8705;3396574;61802;
1085;Sjælland;2023-06-18;F;1;0;1;8705;3396575;61803;
1084;Hovedstaden;2023-06-19;F;7;0;4;8705;3396582;61807;
1082;Midtjylland;2023-06-19;F;2;0;2;8705;3396584;61809;
1081;Nordjylland;2023-06-19;F;2;0;1;8705;3396586;61810;
1085;Sjælland;2023-06-19;F;3;0;2;8705;3396589;61812;
1083;Syddanmark;2023-06-19;F;2;1;1;8706;3396591;61813;
1084;Hovedstaden;2023-06-19;M;3;0;1;8706;3396594;61814;
1082;Midtjylland;2023-06-19;M;1;1;1;8707;3396595;61815;
1085;Sjælland;2023-06-19;M;5;0;3;8707;3396600;61818;
1083;Syddanmark;2023-06-19;M;1;0;1;8707;3396601;61819;
1084;Hovedstaden;2023-06-20;F;2;0;1;8707;3396603;61820;
1082;Midtjylland;2023-06-20;F;2;0;1;8707;3396605;61821;
1085;Sjælland;2023-06-20;F;3;0;2;8707;3396608;61823;
1084;Hovedstaden;2023-06-20;M;3;0;1;8707;3396611;61824;
1082;Midtjylland;2023-06-20;M;1;0;1;8707;3396612;61825;
1081;Nordjylland;2023-06-20;M;1;0;0;8707;3396613;61825;
1085;Sjælland;2023-06-20;M;3;0;1;8707;3396616;61826;
1083;Syddanmark;2023-06-20;M;3;0;3;8707;3396619;61829;
1084;Hovedstaden;2023-06-21;F;5;0;0;8707;3396624;61829;
1082;Midtjylland;2023-06-21;F;2;0;2;8707;3396626;61831;
1081;Nordjylland;2023-06-21;F;1;0;1;8707;3396627;61832;
1081;Nordjylland;2023-06-21;M;1;0;1;8707;3396628;61833;
1083;Syddanmark;2023-06-21;M;2;0;1;8707;3396630;61834;
1084;Hovedstaden;2023-06-22;F;3;0;1;8707;3396633;61835;
1082;Midtjylland;2023-06-22;F;1;0;1;8707;3396634;61836;
1085;Sjælland;2023-06-22;F;1;0;1;8707;3396635;61837;
1083;Syddanmark;2023-06-22;F;1;0;1;8707;3396636;61838;
1084;Hovedstaden;2023-06-22;M;2;0;1;8707;3396638;61839;
1082;Midtjylland;2023-06-22;M;1;0;1;8707;3396639;61840;
1085;Sjælland;2023-06-22;M;1;0;1;8707;3396640;61841;
1083;Syddanmark;2023-06-22;M;2;0;1;8707;3396642;61842;
1084;Hovedstaden;2023-06-23;F;1;0;0;8707;3396643;61842;
1085;Sjælland;2023-06-23;F;1;0;1;8707;3396644;61843;
1083;Syddanmark;2023-06-23;F;3;0;1;8707;3396647;61844;
1084;Hovedstaden;2023-06-23;M;2;0;1;8707;3396649;61845;
1082;Midtjylland;2023-06-23;M;2;0;2;8707;3396651;61847;
1081;Nordjylland;2023-06-23;M;2;0;1;8707;3396653;61848;
1085;Sjælland;2023-06-23;M;1;0;0;8707;3396654;61848;
1083;Syddanmark;2023-06-23;M;3;0;3;8707;3396657;61851;
1082;Midtjylland;2023-06-24;F;2;0;2;8707;3396659;61853;
1085;Sjælland;2023-06-24;F;1;0;1;8707;3396660;61854;
1084;Hovedstaden;2023-06-24;M;1;0;0;8707;3396661;61854;
1082;Midtjylland;2023-06-24;M;1;0;0;8707;3396662;61854;
1081;Nordjylland;2023-06-24;M;2;0;2;8707;3396664;61856;
1084;Hovedstaden;2023-06-25;F;1;0;0;8707;3396665;61856;
1085;Sjælland;2023-06-25;F;2;0;1;8707;3396667;61857;
1083;Syddanmark;2023-06-25;F;1;0;1;8707;3396668;61858;
1084;Hovedstaden;2023-06-25;M;3;0;1;8707;3396671;61859;
1082;Midtjylland;2023-06-25;M;1;0;0;8707;3396672;61859;
1084;Hovedstaden;2023-06-26;F;4;0;1;8707;3396676;61860;
1082;Midtjylland;2023-06-26;F;1;0;0;8707;3396677;61860;
1081;Nordjylland;2023-06-26;F;1;0;1;8707;3396678;61861;
1084;Hovedstaden;2023-06-26;M;2;0;0;8707;3396680;61861;
1083;Syddanmark;2023-06-26;M;4;0;2;8707;3396684;61863;
1084;Hovedstaden;2023-06-27;F;6;0;2;8707;3396690;61865;
1082;Midtjylland;2023-06-27;F;1;0;1;8707;3396691;61866;
1085;Sjælland;2023-06-27;F;1;0;0;8707;3396692;61866;
1084;Hovedstaden;2023-06-27;M;1;0;0;8707;3396693;61866;
1081;Nordjylland;2023-06-27;M;2;0;2;8707;3396695;61868;
1085;Sjælland;2023-06-27;M;1;0;0;8707;3396696;61868;
1083;Syddanmark;2023-06-27;M;2;0;1;8707;3396698;61869;
1084;Hovedstaden;2023-06-28;F;1;0;0;8707;3396699;61869;
1085;Sjælland;2023-06-28;F;1;0;1;8707;3396700;61870;
1083;Syddanmark;2023-06-28;F;1;0;1;8707;3396701;61871;
1084;Hovedstaden;2023-06-28;M;1;0;0;8707;3396702;61871;
1085;Sjælland;2023-06-28;M;1;0;0;8707;3396703;61871;
1084;Hovedstaden;2023-06-29;F;2;0;1;8707;3396705;61872;
1084;Hovedstaden;2023-06-29;M;3;0;1;8707;3396708;61873;
1081;Nordjylland;2023-06-29;M;2;0;2;8707;3396710;61875;
1081;Nordjylland;2023-06-30;F;1;0;1;8707;3396711;61876;
1085;Sjælland;2023-06-30;F;3;0;0;8707;3396714;61876;
1083;Syddanmark;2023-06-30;F;1;0;1;8707;3396715;61877;
1082;Midtjylland;2023-06-30;M;2;0;1;8707;3396717;61878;
1085;Sjælland;2023-06-30;M;3;0;1;8707;3396720;61879;
1084;Hovedstaden;2023-07-01;F;1;0;1;8707;3396721;61880;
1082;Midtjylland;2023-07-01;F;2;0;2;8707;3396723;61882;
1084;Hovedstaden;2023-07-01;M;3;0;3;8707;3396726;61885;
1085;Sjælland;2023-07-01;M;1;0;0;8707;3396727;61885;
1083;Syddanmark;2023-07-01;M;1;0;1;8707;3396728;61886;
1082;Midtjylland;2023-07-02;F;1;0;0;8707;3396729;61886;
1085;Sjælland;2023-07-02;F;1;0;1;8707;3396730;61887;
1084;Hovedstaden;2023-07-03;F;4;0;2;8707;3396734;61889;
1082;Midtjylland;2023-07-03;F;1;0;1;8707;3396735;61890;
1085;Sjælland;2023-07-03;F;4;1;2;8708;3396739;61892;
1084;Hovedstaden;2023-07-03;M;2;0;2;8708;3396741;61894;
1082;Midtjylland;2023-07-03;M;2;0;2;8708;3396743;61896;
1081;Nordjylland;2023-07-03;M;1;0;1;8708;3396744;61897;
1085;Sjælland;2023-07-03;M;1;0;1;8708;3396745;61898;
1083;Syddanmark;2023-07-03;M;1;1;0;8709;3396746;61898;
1084;Hovedstaden;2023-07-04;F;5;1;2;8710;3396751;61900;
1081;Nordjylland;2023-07-04;F;2;0;1;8710;3396753;61901;
1085;Sjælland;2023-07-04;F;1;0;0;8710;3396754;61901;
1083;Syddanmark;2023-07-04;F;2;1;2;8711;3396756;61903;
1084;Hovedstaden;2023-07-04;M;2;0;1;8711;3396758;61904;
1082;Midtjylland;2023-07-04;M;1;0;1;8711;3396759;61905;
1085;Sjælland;2023-07-04;M;4;0;3;8711;3396763;61908;
1083;Syddanmark;2023-07-04;M;2;0;1;8711;3396765;61909;
1084;Hovedstaden;2023-07-05;F;2;0;1;8711;3396767;61910;
1081;Nordjylland;2023-07-05;F;1;0;0;8711;3396768;61910;
1085;Sjælland;2023-07-05;F;2;0;2;8711;3396770;61912;
1083;Syddanmark;2023-07-05;F;1;0;1;8711;3396771;61913;
1084;Hovedstaden;2023-07-05;M;3;1;1;8712;3396774;61914;
1081;Nordjylland;2023-07-05;M;1;0;1;8712;3396775;61915;
1085;Sjælland;2023-07-05;M;2;0;1;8712;3396777;61916;
1083;Syddanmark;2023-07-05;M;1;0;0;8712;3396778;61916;
1084;Hovedstaden;2023-07-06;F;3;0;1;8712;3396781;61917;
1081;Nordjylland;2023-07-06;F;1;0;0;8712;3396782;61917;
1083;Syddanmark;2023-07-06;F;2;0;1;8712;3396784;61918;
1084;Hovedstaden;2023-07-06;M;2;0;1;8712;3396786;61919;
1082;Midtjylland;2023-07-06;M;1;0;1;8712;3396787;61920;
1083;Syddanmark;2023-07-06;M;1;0;1;8712;3396788;61921;
1084;Hovedstaden;2023-07-07;F;2;0;0;8712;3396790;61921;
1082;Midtjylland;2023-07-07;F;2;0;0;8712;3396792;61921;
1085;Sjælland;2023-07-07;F;1;0;0;8712;3396793;61921;
1083;Syddanmark;2023-07-07;F;5;1;4;8713;3396798;61925;
1084;Hovedstaden;2023-07-07;M;1;0;0;8713;3396799;61925;
1081;Nordjylland;2023-07-07;M;1;0;1;8713;3396800;61926;
1085;Sjælland;2023-07-07;M;1;0;0;8713;3396801;61926;
1083;Syddanmark;2023-07-07;M;1;0;0;8713;3396802;61926;
1084;Hovedstaden;2023-07-08;F;2;0;0;8713;3396804;61926;
1082;Midtjylland;2023-07-08;F;1;0;1;8713;3396805;61927;
1084;Hovedstaden;2023-07-08;M;2;0;1;8713;3396807;61928;
1082;Midtjylland;2023-07-08;M;1;0;0;8713;3396808;61928;
1083;Syddanmark;2023-07-08;M;1;0;1;8713;3396809;61929;
1084;Hovedstaden;2023-07-09;F;3;0;2;8713;3396812;61931;
1084;Hovedstaden;2023-07-09;M;1;0;1;8713;3396813;61932;
1085;Sjælland;2023-07-09;M;2;1;1;8714;3396815;61933;
1084;Hovedstaden;2023-07-10;F;2;0;0;8714;3396817;61933;
1082;Midtjylland;2023-07-10;F;3;0;2;8714;3396820;61935;
1085;Sjælland;2023-07-10;F;1;0;0;8714;3396821;61935;
1083;Syddanmark;2023-07-10;F;4;1;3;8715;3396825;61938;
1084;Hovedstaden;2023-07-10;M;3;0;1;8715;3396828;61939;
1083;Syddanmark;2023-07-10;M;1;0;0;8715;3396829;61939;
1084;Hovedstaden;2023-07-11;F;7;0;2;8715;3396836;61941;
1082;Midtjylland;2023-07-11;F;2;0;1;8715;3396838;61942;
1085;Sjælland;2023-07-11;F;1;0;1;8715;3396839;61943;
1083;Syddanmark;2023-07-11;F;1;0;1;8715;3396840;61944;
1084;Hovedstaden;2023-07-11;M;4;0;0;8715;3396844;61944;
1081;Nordjylland;2023-07-11;M;1;0;1;8715;3396845;61945;
1085;Sjælland;2023-07-11;M;2;0;2;8715;3396847;61947;
1083;Syddanmark;2023-07-11;M;2;0;1;8715;3396849;61948;
1084;Hovedstaden;2023-07-12;F;3;0;1;8715;3396852;61949;
1085;Sjælland;2023-07-12;F;1;0;1;8715;3396853;61950;
1083;Syddanmark;2023-07-12;F;1;0;1;8715;3396854;61951;
1084;Hovedstaden;2023-07-12;M;1;0;1;8715;3396855;61952;
1082;Midtjylland;2023-07-12;M;1;1;1;8716;3396856;61953;
1081;Nordjylland;2023-07-12;M;2;0;1;8716;3396858;61954;
1085;Sjælland;2023-07-12;M;1;0;0;8716;3396859;61954;
1083;Syddanmark;2023-07-12;M;3;0;2;8716;3396862;61956;
1084;Hovedstaden;2023-07-13;F;5;0;0;8716;3396867;61956;
1082;Midtjylland;2023-07-13;F;1;0;0;8716;3396868;61956;
1081;Nordjylland;2023-07-13;F;2;0;1;8716;3396870;61957;
1085;Sjælland;2023-07-13;F;2;0;1;8716;3396872;61958;
1083;Syddanmark;2023-07-13;F;2;0;1;8716;3396874;61959;
1084;Hovedstaden;2023-07-13;M;5;0;2;8716;3396879;61961;
1082;Midtjylland;2023-07-13;M;1;0;0;8716;3396880;61961;
1081;Nordjylland;2023-07-13;M;2;0;1;8716;3396882;61962;
1083;Syddanmark;2023-07-13;M;1;0;1;8716;3396883;61963;
1084;Hovedstaden;2023-07-14;F;1;0;0;8716;3396884;61963;
1081;Nordjylland;2023-07-14;F;2;0;1;8716;3396886;61964;
1084;Hovedstaden;2023-07-14;M;3;0;1;8716;3396889;61965;
1081;Nordjylland;2023-07-14;M;1;0;1;8716;3396890;61966;
1085;Sjælland;2023-07-14;M;2;0;1;8716;3396892;61967;
1081;Nordjylland;2023-07-15;F;1;0;1;8716;3396893;61968;
1084;Hovedstaden;2023-07-15;M;3;0;2;8716;3396896;61970;
1082;Midtjylland;2023-07-15;M;1;0;1;8716;3396897;61971;
1083;Syddanmark;2023-07-15;M;2;0;2;8716;3396899;61973;
1084;Hovedstaden;2023-07-16;F;1;0;0;8716;3396900;61973;
1081;Nordjylland;2023-07-16;F;1;1;1;8717;3396901;61974;
1084;Hovedstaden;2023-07-16;M;3;0;3;8717;3396904;61977;
1085;Sjælland;2023-07-16;M;1;0;1;8717;3396905;61978;
1083;Syddanmark;2023-07-16;M;1;0;1;8717;3396906;61979;
1084;Hovedstaden;2023-07-17;F;4;0;0;8717;3396910;61979;
1081;Nordjylland;2023-07-17;F;2;0;1;8717;3396912;61980;
1083;Syddanmark;2023-07-17;F;1;0;0;8717;3396913;61980;
1084;Hovedstaden;2023-07-17;M;2;0;0;8717;3396915;61980;
1082;Midtjylland;2023-07-17;M;1;0;0;8717;3396916;61980;
1081;Nordjylland;2023-07-17;M;2;0;2;8717;3396918;61982;
1084;Hovedstaden;2023-07-18;F;1;0;0;8717;3396919;61982;
1082;Midtjylland;2023-07-18;F;1;0;0;8717;3396920;61982;
1085;Sjælland;2023-07-18;F;1;0;0;8717;3396921;61982;
1083;Syddanmark;2023-07-18;F;2;0;1;8717;3396923;61983;
1084;Hovedstaden;2023-07-18;M;3;0;2;8717;3396926;61985;
1082;Midtjylland;2023-07-18;M;1;0;0;8717;3396927;61985;
1081;Nordjylland;2023-07-18;M;1;0;0;8717;3396928;61985;
1085;Sjælland;2023-07-18;M;1;0;0;8717;3396929;61985;
1083;Syddanmark;2023-07-18;M;1;0;1;8717;3396930;61986;
1084;Hovedstaden;2023-07-19;F;2;0;0;8717;3396932;61986;
1085;Sjælland;2023-07-19;F;1;0;0;8717;3396933;61986;
1083;Syddanmark;2023-07-19;F;1;0;1;8717;3396934;61987;
1084;Hovedstaden;2023-07-19;M;3;0;2;8717;3396937;61989;
1082;Midtjylland;2023-07-20;F;1;0;1;8717;3396938;61990;
1081;Nordjylland;2023-07-20;F;1;0;0;8717;3396939;61990;
1084;Hovedstaden;2023-07-20;M;3;0;3;8717;3396942;61993;
1081;Nordjylland;2023-07-20;M;2;0;1;8717;3396944;61994;
1081;Nordjylland;2023-07-21;F;1;0;1;8717;3396945;61995;
1085;Sjælland;2023-07-21;F;1;0;0;8717;3396946;61995;
1083;Syddanmark;2023-07-21;F;1;0;0;8717;3396947;61995;
1084;Hovedstaden;2023-07-21;M;4;0;3;8717;3396951;61998;
1081;Nordjylland;2023-07-21;M;2;0;1;8717;3396953;61999;
1085;Sjælland;2023-07-21;M;2;0;1;8717;3396955;62000;
1083;Syddanmark;2023-07-21;M;1;0;1;8717;3396956;62001;
1084;Hovedstaden;2023-07-22;F;2;1;0;8718;3396958;62001;
1084;Hovedstaden;2023-07-22;M;2;0;1;8718;3396960;62002;
1084;Hovedstaden;2023-07-23;F;2;0;0;8718;3396962;62002;
1083;Syddanmark;2023-07-23;F;1;0;1;8718;3396963;62003;
1084;Hovedstaden;2023-07-23;M;2;0;1;8718;3396965;62004;
1084;Hovedstaden;2023-07-24;F;3;0;0;8718;3396968;62004;
1083;Syddanmark;2023-07-24;F;1;0;0;8718;3396969;62004;
1084;Hovedstaden;2023-07-24;M;3;0;1;8718;3396972;62005;
1082;Midtjylland;2023-07-24;M;2;0;1;8718;3396974;62006;
1081;Nordjylland;2023-07-24;M;2;0;2;8718;3396976;62008;
1085;Sjælland;2023-07-24;M;3;0;2;8718;3396979;62010;
1084;Hovedstaden;2023-07-25;F;3;0;0;8718;3396982;62010;
1082;Midtjylland;2023-07-25;F;1;0;0;8718;3396983;62010;
1085;Sjælland;2023-07-25;F;2;0;2;8718;3396985;62012;
1084;Hovedstaden;2023-07-25;M;2;0;1;8718;3396987;62013;
1081;Nordjylland;2023-07-25;M;2;1;2;8719;3396989;62015;
1084;Hovedstaden;2023-07-26;F;8;0;4;8719;3396997;62019;
1081;Nordjylland;2023-07-26;F;1;0;0;8719;3396998;62019;
1084;Hovedstaden;2023-07-26;M;3;0;1;8719;3397001;62020;
1081;Nordjylland;2023-07-26;M;3;0;2;8719;3397004;62022;
1085;Sjælland;2023-07-26;M;2;0;1;8719;3397006;62023;
1083;Syddanmark;2023-07-26;M;3;0;2;8719;3397009;62025;
1084;Hovedstaden;2023-07-27;F;3;0;0;8719;3397012;62025;
1081;Nordjylland;2023-07-27;F;2;0;2;8719;3397014;62027;
1085;Sjælland;2023-07-27;F;1;0;0;8719;3397015;62027;
1083;Syddanmark;2023-07-27;F;1;0;0;8719;3397016;62027;
1084;Hovedstaden;2023-07-27;M;4;3;3;8722;3397020;62030;
1082;Midtjylland;2023-07-27;M;1;0;1;8722;3397021;62031;
1081;Nordjylland;2023-07-27;M;2;0;2;8722;3397023;62033;
1085;Sjælland;2023-07-27;M;3;0;2;8722;3397026;62035;
1083;Syddanmark;2023-07-27;M;1;0;1;8722;3397027;62036;
1084;Hovedstaden;2023-07-28;F;5;0;0;8722;3397032;62036;
1081;Nordjylland;2023-07-28;F;1;0;0;8722;3397033;62036;
1085;Sjælland;2023-07-28;F;1;0;0;8722;3397034;62036;
1083;Syddanmark;2023-07-28;F;3;0;1;8722;3397037;62037;
1084;Hovedstaden;2023-07-28;M;3;1;2;8723;3397040;62039;
1085;Sjælland;2023-07-28;M;1;0;0;8723;3397041;62039;
1083;Syddanmark;2023-07-28;M;4;0;1;8723;3397045;62040;
1084;Hovedstaden;2023-07-29;F;3;0;2;8723;3397048;62042;
1082;Midtjylland;2023-07-29;F;1;0;0;8723;3397049;62042;
1081;Nordjylland;2023-07-29;F;1;0;1;8723;3397050;62043;
1085;Sjælland;2023-07-29;F;1;0;1;8723;3397051;62044;
1084;Hovedstaden;2023-07-29;M;3;0;0;8723;3397054;62044;
1082;Midtjylland;2023-07-29;M;1;0;0;8723;3397055;62044;
1084;Hovedstaden;2023-07-30;F;4;0;0;8723;3397059;62044;
1084;Hovedstaden;2023-07-30;M;1;0;0;8723;3397060;62044;
1082;Midtjylland;2023-07-30;M;3;0;3;8723;3397063;62047;
1081;Nordjylland;2023-07-30;M;4;0;2;8723;3397067;62049;
1085;Sjælland;2023-07-30;M;2;0;2;8723;3397069;62051;
1083;Syddanmark;2023-07-30;M;1;0;1;8723;3397070;62052;
1084;Hovedstaden;2023-07-31;F;11;0;3;8723;3397081;62055;
1082;Midtjylland;2023-07-31;F;2;0;1;8723;3397083;62056;
1081;Nordjylland;2023-07-31;F;1;0;1;8723;3397084;62057;
1083;Syddanmark;2023-07-31;F;1;0;0;8723;3397085;62057;
1084;Hovedstaden;2023-07-31;M;3;0;0;8723;3397088;62057;
1082;Midtjylland;2023-07-31;M;2;0;2;8723;3397090;62059;
1085;Sjælland;2023-07-31;M;1;0;0;8723;3397091;62059;
1083;Syddanmark;2023-07-31;M;1;0;0;8723;3397092;62059;
1084;Hovedstaden;2023-08-01;F;1;0;0;8723;3397093;62059;
1082;Midtjylland;2023-08-01;F;1;0;1;8723;3397094;62060;
1085;Sjælland;2023-08-01;F;3;0;1;8723;3397097;62061;
1083;Syddanmark;2023-08-01;F;1;0;0;8723;3397098;62061;
1084;Hovedstaden;2023-08-01;M;4;0;1;8723;3397102;62062;
1082;Midtjylland;2023-08-01;M;1;0;1;8723;3397103;62063;
1083;Syddanmark;2023-08-01;M;1;0;1;8723;3397104;62064;
1084;Hovedstaden;2023-08-02;F;5;0;3;8723;3397109;62067;
1082;Midtjylland;2023-08-02;F;2;0;2;8723;3397111;62069;
1081;Nordjylland;2023-08-02;F;2;0;0;8723;3397113;62069;
1085;Sjælland;2023-08-02;F;1;0;0;8723;3397114;62069;
1083;Syddanmark;2023-08-02;F;2;0;1;8723;3397116;62070;
1084;Hovedstaden;2023-08-02;M;4;2;2;8725;3397120;62072;
1081;Nordjylland;2023-08-02;M;2;0;1;8725;3397122;62073;
1085;Sjælland;2023-08-02;M;5;0;4;8725;3397127;62077;
1083;Syddanmark;2023-08-02;M;2;0;2;8725;3397129;62079;
1084;Hovedstaden;2023-08-03;F;8;0;2;8725;3397137;62081;
1082;Midtjylland;2023-08-03;F;3;0;0;8725;3397140;62081;
1081;Nordjylland;2023-08-03;F;1;1;1;8726;3397141;62082;
1085;Sjælland;2023-08-03;F;1;0;0;8726;3397142;62082;
1083;Syddanmark;2023-08-03;F;2;0;1;8726;3397144;62083;
1084;Hovedstaden;2023-08-03;M;8;0;2;8726;3397152;62085;
1082;Midtjylland;2023-08-03;M;1;0;0;8726;3397153;62085;
1081;Nordjylland;2023-08-03;M;1;0;0;8726;3397154;62085;
1085;Sjælland;2023-08-03;M;1;0;1;8726;3397155;62086;
1083;Syddanmark;2023-08-03;M;3;1;2;8727;3397158;62088;
1084;Hovedstaden;2023-08-04;F;8;0;3;8727;3397166;62091;
1082;Midtjylland;2023-08-04;F;1;0;1;8727;3397167;62092;
1081;Nordjylland;2023-08-04;F;2;0;2;8727;3397169;62094;
1085;Sjælland;2023-08-04;F;1;0;0;8727;3397170;62094;
1083;Syddanmark;2023-08-04;F;3;0;1;8727;3397173;62095;
1084;Hovedstaden;2023-08-04;M;4;0;1;8727;3397177;62096;
1082;Midtjylland;2023-08-04;M;1;0;0;8727;3397178;62096;
1081;Nordjylland;2023-08-04;M;4;0;2;8727;3397182;62098;
1085;Sjælland;2023-08-04;M;1;0;1;8727;3397183;62099;
1083;Syddanmark;2023-08-04;M;1;0;0;8727;3397184;62099;
1084;Hovedstaden;2023-08-05;F;4;0;3;8727;3397188;62102;
1083;Syddanmark;2023-08-05;F;2;0;2;8727;3397190;62104;
1084;Hovedstaden;2023-08-05;M;2;0;1;8727;3397192;62105;
1085;Sjælland;2023-08-05;M;2;0;2;8727;3397194;62107;
1083;Syddanmark;2023-08-05;M;2;1;2;8728;3397196;62109;
1084;Hovedstaden;2023-08-06;F;2;1;1;8729;3397198;62110;
1082;Midtjylland;2023-08-06;F;1;0;0;8729;3397199;62110;
1081;Nordjylland;2023-08-06;F;1;0;0;8729;3397200;62110;
1085;Sjælland;2023-08-06;F;1;0;1;8729;3397201;62111;
1083;Syddanmark;2023-08-06;F;1;0;1;8729;3397202;62112;
1084;Hovedstaden;2023-08-06;M;1;0;1;8729;3397203;62113;
1082;Midtjylland;2023-08-06;M;1;0;1;8729;3397204;62114;
1081;Nordjylland;2023-08-06;M;1;0;0;8729;3397205;62114;
1083;Syddanmark;2023-08-06;M;1;0;1;8729;3397206;62115;
1084;Hovedstaden;2023-08-07;F;2;0;1;8729;3397208;62116;
1081;Nordjylland;2023-08-07;F;3;2;2;8731;3397211;62118;
1085;Sjælland;2023-08-07;F;1;0;0;8731;3397212;62118;
1083;Syddanmark;2023-08-07;F;2;0;0;8731;3397214;62118;
1084;Hovedstaden;2023-08-07;M;8;0;2;8731;3397222;62120;
1081;Nordjylland;2023-08-07;M;2;0;2;8731;3397224;62122;
1085;Sjælland;2023-08-07;M;1;0;1;8731;3397225;62123;
1083;Syddanmark;2023-08-07;M;5;0;1;8731;3397230;62124;
1084;Hovedstaden;2023-08-08;F;8;0;2;8731;3397238;62126;
1082;Midtjylland;2023-08-08;F;1;0;0;8731;3397239;62126;
1081;Nordjylland;2023-08-08;F;1;0;1;8731;3397240;62127;
1085;Sjælland;2023-08-08;F;1;0;1;8731;3397241;62128;
1083;Syddanmark;2023-08-08;F;2;0;0;8731;3397243;62128;
1084;Hovedstaden;2023-08-08;M;6;0;2;8731;3397249;62130;
1082;Midtjylland;2023-08-08;M;1;0;1;8731;3397250;62131;
1081;Nordjylland;2023-08-08;M;3;0;3;8731;3397253;62134;
1085;Sjælland;2023-08-08;M;1;0;0;8731;3397254;62134;
1083;Syddanmark;2023-08-08;M;4;0;1;8731;3397258;62135;
1084;Hovedstaden;2023-08-09;F;7;1;4;8732;3397265;62139;
1082;Midtjylland;2023-08-09;F;2;0;2;8732;3397267;62141;
1085;Sjælland;2023-08-09;F;2;0;0;8732;3397269;62141;
1083;Syddanmark;2023-08-09;F;6;0;3;8732;3397275;62144;
1084;Hovedstaden;2023-08-09;M;6;0;5;8732;3397281;62149;
1082;Midtjylland;2023-08-09;M;1;0;1;8732;3397282;62150;
1081;Nordjylland;2023-08-09;M;1;0;1;8732;3397283;62151;
1085;Sjælland;2023-08-09;M;1;0;0;8732;3397284;62151;
1083;Syddanmark;2023-08-09;M;5;0;2;8732;3397289;62153;
1084;Hovedstaden;2023-08-10;F;14;0;4;8732;3397303;62157;
1082;Midtjylland;2023-08-10;F;2;0;0;8732;3397305;62157;
1081;Nordjylland;2023-08-10;F;1;0;0;8732;3397306;62157;
1085;Sjælland;2023-08-10;F;1;0;0;8732;3397307;62157;
1083;Syddanmark;2023-08-10;F;3;0;0;8732;3397310;62157;
1084;Hovedstaden;2023-08-10;M;8;0;3;8732;3397318;62160;
1082;Midtjylland;2023-08-10;M;2;0;1;8732;3397320;62161;
1081;Nordjylland;2023-08-10;M;1;0;1;8732;3397321;62162;
1085;Sjælland;2023-08-10;M;3;1;3;8733;3397324;62165;
1083;Syddanmark;2023-08-10;M;3;0;2;8733;3397327;62167;
1084;Hovedstaden;2023-08-11;F;8;0;0;8733;3397335;62167;
1082;Midtjylland;2023-08-11;F;4;0;2;8733;3397339;62169;
1081;Nordjylland;2023-08-11;F;1;0;0;8733;3397340;62169;
1085;Sjælland;2023-08-11;F;4;0;2;8733;3397344;62171;
1083;Syddanmark;2023-08-11;F;4;0;0;8733;3397348;62171;
1084;Hovedstaden;2023-08-11;M;9;0;4;8733;3397357;62175;
1082;Midtjylland;2023-08-11;M;1;0;0;8733;3397358;62175;
1085;Sjælland;2023-08-11;M;3;0;1;8733;3397361;62176;
1083;Syddanmark;2023-08-11;M;2;0;1;8733;3397363;62177;
1084;Hovedstaden;2023-08-12;F;9;1;5;8734;3397372;62182;
1082;Midtjylland;2023-08-12;F;4;0;2;8734;3397376;62184;
1084;Hovedstaden;2023-08-12;M;3;0;3;8734;3397379;62187;
1082;Midtjylland;2023-08-12;M;4;0;2;8734;3397383;62189;
1081;Nordjylland;2023-08-12;M;1;0;1;8734;3397384;62190;
1085;Sjælland;2023-08-12;M;1;0;1;8734;3397385;62191;
1083;Syddanmark;2023-08-12;M;2;0;0;8734;3397387;62191;
1084;Hovedstaden;2023-08-13;F;5;0;4;8734;3397392;62195;
1082;Midtjylland;2023-08-13;F;7;0;4;8734;3397399;62199;
1081;Nordjylland;2023-08-13;F;2;0;2;8734;3397401;62201;
1085;Sjælland;2023-08-13;F;2;0;2;8734;3397403;62203;
1083;Syddanmark;2023-08-13;F;1;1;1;8735;3397404;62204;
1084;Hovedstaden;2023-08-13;M;5;0;1;8735;3397409;62205;
1082;Midtjylland;2023-08-13;M;2;0;1;8735;3397411;62206;
1081;Nordjylland;2023-08-13;M;2;0;1;8735;3397413;62207;
1085;Sjælland;2023-08-13;M;4;0;3;8735;3397417;62210;
1083;Syddanmark;2023-08-13;M;3;0;3;8735;3397420;62213;
1084;Hovedstaden;2023-08-14;F;14;0;4;8735;3397434;62217;
1082;Midtjylland;2023-08-14;F;3;0;2;8735;3397437;62219;
1081;Nordjylland;2023-08-14;F;2;1;2;8736;3397439;62221;
1085;Sjælland;2023-08-14;F;5;0;1;8736;3397444;62222;
1083;Syddanmark;2023-08-14;F;7;0;1;8736;3397451;62223;
1084;Hovedstaden;2023-08-14;M;13;0;7;8736;3397464;62230;
1082;Midtjylland;2023-08-14;M;5;0;3;8736;3397469;62233;
1081;Nordjylland;2023-08-14;M;1;0;1;8736;3397470;62234;
1085;Sjælland;2023-08-14;M;3;0;0;8736;3397473;62234;
1083;Syddanmark;2023-08-14;M;6;0;3;8736;3397479;62237;
1084;Hovedstaden;2023-08-15;F;14;0;3;8736;3397493;62240;
1082;Midtjylland;2023-08-15;F;4;0;1;8736;3397497;62241;
1081;Nordjylland;2023-08-15;F;1;0;0;8736;3397498;62241;
1085;Sjælland;2023-08-15;F;7;0;3;8736;3397505;62244;
1083;Syddanmark;2023-08-15;F;3;0;1;8736;3397508;62245;
1084;Hovedstaden;2023-08-15;M;12;0;4;8736;3397520;62249;
1082;Midtjylland;2023-08-15;M;2;0;1;8736;3397522;62250;
1081;Nordjylland;2023-08-15;M;1;0;1;8736;3397523;62251;
1085;Sjælland;2023-08-15;M;5;0;4;8736;3397528;62255;
1083;Syddanmark;2023-08-15;M;1;0;1;8736;3397529;62256;
1084;Hovedstaden;2023-08-16;F;21;1;6;8737;3397550;62262;
1082;Midtjylland;2023-08-16;F;2;0;0;8737;3397552;62262;
1085;Sjælland;2023-08-16;F;7;0;3;8737;3397559;62265;
1083;Syddanmark;2023-08-16;F;3;0;2;8737;3397562;62267;
1084;Hovedstaden;2023-08-16;M;13;1;4;8738;3397575;62271;
1082;Midtjylland;2023-08-16;M;7;1;6;8739;3397582;62277;
1081;Nordjylland;2023-08-16;M;2;0;1;8739;3397584;62278;
1085;Sjælland;2023-08-16;M;5;0;2;8739;3397589;62280;
1083;Syddanmark;2023-08-16;M;5;0;2;8739;3397594;62282;
1084;Hovedstaden;2023-08-17;F;11;0;3;8739;3397605;62285;
1082;Midtjylland;2023-08-17;F;8;0;1;8739;3397613;62286;
1081;Nordjylland;2023-08-17;F;1;0;0;8739;3397614;62286;
1085;Sjælland;2023-08-17;F;3;1;1;8740;3397617;62287;
1083;Syddanmark;2023-08-17;F;5;0;1;8740;3397622;62288;
1084;Hovedstaden;2023-08-17;M;14;0;1;8740;3397636;62289;
1082;Midtjylland;2023-08-17;M;4;0;3;8740;3397640;62292;
1081;Nordjylland;2023-08-17;M;1;0;0;8740;3397641;62292;
1085;Sjælland;2023-08-17;M;3;0;1;8740;3397644;62293;
1083;Syddanmark;2023-08-17;M;5;0;3;8740;3397649;62296;
1084;Hovedstaden;2023-08-18;F;12;2;3;8742;3397661;62299;
1082;Midtjylland;2023-08-18;F;9;2;6;8744;3397670;62305;
1085;Sjælland;2023-08-18;F;3;1;1;8745;3397673;62306;
1083;Syddanmark;2023-08-18;F;6;0;4;8745;3397679;62310;
1084;Hovedstaden;2023-08-18;M;10;0;2;8745;3397689;62312;
1082;Midtjylland;2023-08-18;M;1;0;1;8745;3397690;62313;
1081;Nordjylland;2023-08-18;M;2;0;1;8745;3397692;62314;
1085;Sjælland;2023-08-18;M;5;0;4;8745;3397697;62318;
1083;Syddanmark;2023-08-18;M;4;0;1;8745;3397701;62319;
1084;Hovedstaden;2023-08-19;F;3;0;3;8745;3397704;62322;
1082;Midtjylland;2023-08-19;F;2;0;1;8745;3397706;62323;
1085;Sjælland;2023-08-19;F;3;0;2;8745;3397709;62325;
1083;Syddanmark;2023-08-19;F;3;0;1;8745;3397712;62326;
1084;Hovedstaden;2023-08-19;M;4;0;3;8745;3397716;62329;
1082;Midtjylland;2023-08-19;M;1;0;1;8745;3397717;62330;
1085;Sjælland;2023-08-19;M;2;0;2;8745;3397719;62332;
1083;Syddanmark;2023-08-19;M;4;1;3;8746;3397723;62335;
1084;Hovedstaden;2023-08-20;F;5;0;0;8746;3397728;62335;
1082;Midtjylland;2023-08-20;F;2;0;1;8746;3397730;62336;
1085;Sjælland;2023-08-20;F;5;0;2;8746;3397735;62338;
1083;Syddanmark;2023-08-20;F;2;0;1;8746;3397737;62339;
1084;Hovedstaden;2023-08-20;M;7;0;4;8746;3397744;62343;
1082;Midtjylland;2023-08-20;M;6;0;4;8746;3397750;62347;
1081;Nordjylland;2023-08-20;M;1;0;0;8746;3397751;62347;
1085;Sjælland;2023-08-20;M;3;0;2;8746;3397754;62349;
1083;Syddanmark;2023-08-20;M;4;1;3;8747;3397758;62352;
1084;Hovedstaden;2023-08-21;F;16;0;1;8747;3397774;62353;
1082;Midtjylland;2023-08-21;F;2;0;1;8747;3397776;62354;
1081;Nordjylland;2023-08-21;F;2;0;0;8747;3397778;62354;
1085;Sjælland;2023-08-21;F;6;0;1;8747;3397784;62355;
1083;Syddanmark;2023-08-21;F;6;0;2;8747;3397790;62357;
1084;Hovedstaden;2023-08-21;M;14;1;4;8748;3397804;62361;
1082;Midtjylland;2023-08-21;M;6;0;3;8748;3397810;62364;
1081;Nordjylland;2023-08-21;M;1;0;0;8748;3397811;62364;
1085;Sjælland;2023-08-21;M;6;0;1;8748;3397817;62365;
1083;Syddanmark;2023-08-21;M;7;0;2;8748;3397824;62367;
1084;Hovedstaden;2023-08-22;F;22;0;5;8748;3397846;62372;
1082;Midtjylland;2023-08-22;F;5;0;3;8748;3397851;62375;
1081;Nordjylland;2023-08-22;F;2;0;1;8748;3397853;62376;
1085;Sjælland;2023-08-22;F;2;0;0;8748;3397855;62376;
1083;Syddanmark;2023-08-22;F;3;0;2;8748;3397858;62378;
1084;Hovedstaden;2023-08-22;M;17;0;5;8748;3397875;62383;
1082;Midtjylland;2023-08-22;M;4;0;4;8748;3397879;62387;
1081;Nordjylland;2023-08-22;M;3;1;3;8749;3397882;62390;
1085;Sjælland;2023-08-22;M;8;0;6;8749;3397890;62396;
1083;Syddanmark;2023-08-22;M;2;0;2;8749;3397892;62398;
1084;Hovedstaden;2023-08-23;F;13;0;4;8749;3397905;62402;
1082;Midtjylland;2023-08-23;F;1;0;1;8749;3397906;62403;
1081;Nordjylland;2023-08-23;F;2;0;1;8749;3397908;62404;
1085;Sjælland;2023-08-23;F;6;0;0;8749;3397914;62404;
1083;Syddanmark;2023-08-23;F;6;0;1;8749;3397920;62405;
1084;Hovedstaden;2023-08-23;M;17;0;2;8749;3397937;62407;
1082;Midtjylland;2023-08-23;M;2;0;0;8749;3397939;62407;
1081;Nordjylland;2023-08-23;M;4;0;1;8749;3397943;62408;
1085;Sjælland;2023-08-23;M;4;0;1;8749;3397947;62409;
1083;Syddanmark;2023-08-23;M;1;0;0;8749;3397948;62409;
1084;Hovedstaden;2023-08-24;F;13;0;3;8749;3397961;62412;
1082;Midtjylland;2023-08-24;F;4;0;3;8749;3397965;62415;
1081;Nordjylland;2023-08-24;F;1;0;0;8749;3397966;62415;
1085;Sjælland;2023-08-24;F;4;0;1;8749;3397970;62416;
1083;Syddanmark;2023-08-24;F;8;0;5;8749;3397978;62421;
1084;Hovedstaden;2023-08-24;M;11;1;3;8750;3397989;62424;
1082;Midtjylland;2023-08-24;M;6;0;3;8750;3397995;62427;
1081;Nordjylland;2023-08-24;M;2;0;1;8750;3397997;62428;
1085;Sjælland;2023-08-24;M;5;0;1;8750;3398002;62429;
1083;Syddanmark;2023-08-24;M;8;0;3;8750;3398010;62432;
1084;Hovedstaden;2023-08-25;F;10;0;3;8750;3398020;62435;
1082;Midtjylland;2023-08-25;F;3;0;2;8750;3398023;62437;
1081;Nordjylland;2023-08-25;F;1;0;1;8750;3398024;62438;
1085;Sjælland;2023-08-25;F;7;0;3;8750;3398031;62441;
1083;Syddanmark;2023-08-25;F;4;1;2;8751;3398035;62443;
1084;Hovedstaden;2023-08-25;M;13;0;5;8751;3398048;62448;
1082;Midtjylland;2023-08-25;M;8;0;3;8751;3398056;62451;
1081;Nordjylland;2023-08-25;M;4;0;3;8751;3398060;62454;
1085;Sjælland;2023-08-25;M;6;0;2;8751;3398066;62456;
1083;Syddanmark;2023-08-25;M;5;0;1;8751;3398071;62457;
1084;Hovedstaden;2023-08-26;F;3;0;1;8751;3398074;62458;
1082;Midtjylland;2023-08-26;F;2;0;2;8751;3398076;62460;
1081;Nordjylland;2023-08-26;F;1;0;0;8751;3398077;62460;
1083;Syddanmark;2023-08-26;F;5;1;3;8752;3398082;62463;
1084;Hovedstaden;2023-08-26;M;4;0;2;8752;3398086;62465;
1082;Midtjylland;2023-08-26;M;4;0;0;8752;3398090;62465;
1081;Nordjylland;2023-08-26;M;1;0;1;8752;3398091;62466;
1085;Sjælland;2023-08-26;M;1;0;1;8752;3398092;62467;
1083;Syddanmark;2023-08-26;M;4;0;4;8752;3398096;62471;
1084;Hovedstaden;2023-08-27;F;6;0;2;8752;3398102;62473;
1082;Midtjylland;2023-08-27;F;2;0;2;8752;3398104;62475;
1081;Nordjylland;2023-08-27;F;1;0;1;8752;3398105;62476;
1083;Syddanmark;2023-08-27;F;1;0;1;8752;3398106;62477;
1084;Hovedstaden;2023-08-27;M;11;2;8;8754;3398117;62485;
1082;Midtjylland;2023-08-27;M;4;0;3;8754;3398121;62488;
1081;Nordjylland;2023-08-27;M;1;0;1;8754;3398122;62489;
1085;Sjælland;2023-08-27;M;3;0;2;8754;3398125;62491;
1083;Syddanmark;2023-08-27;M;5;0;5;8754;3398130;62496;
1084;Hovedstaden;2023-08-28;F;22;0;3;8754;3398152;62499;
1082;Midtjylland;2023-08-28;F;7;1;4;8755;3398159;62503;
1081;Nordjylland;2023-08-28;F;1;0;1;8755;3398160;62504;
1085;Sjælland;2023-08-28;F;10;0;0;8755;3398170;62504;
1083;Syddanmark;2023-08-28;F;6;0;4;8755;3398176;62508;
1084;Hovedstaden;2023-08-28;M;11;0;7;8755;3398187;62515;
1081;Nordjylland;2023-08-28;M;3;0;1;8755;3398190;62516;
1085;Sjælland;2023-08-28;M;6;0;3;8755;3398196;62519;
1083;Syddanmark;2023-08-28;M;6;0;4;8755;3398202;62523;
1084;Hovedstaden;2023-08-29;F;13;2;3;8757;3398215;62526;
1082;Midtjylland;2023-08-29;F;4;0;3;8757;3398219;62529;
1081;Nordjylland;2023-08-29;F;2;0;1;8757;3398221;62530;
1085;Sjælland;2023-08-29;F;5;0;2;8757;3398226;62532;
1083;Syddanmark;2023-08-29;F;6;2;4;8759;3398232;62536;
1084;Hovedstaden;2023-08-29;M;19;0;5;8759;3398251;62541;
1082;Midtjylland;2023-08-29;M;4;0;2;8759;3398255;62543;
1081;Nordjylland;2023-08-29;M;2;0;2;8759;3398257;62545;
1085;Sjælland;2023-08-29;M;1;0;1;8759;3398258;62546;
1083;Syddanmark;2023-08-29;M;4;0;2;8759;3398262;62548;
1084;Hovedstaden;2023-08-30;F;11;0;3;8759;3398273;62551;
1082;Midtjylland;2023-08-30;F;4;0;2;8759;3398277;62553;
1085;Sjælland;2023-08-30;F;7;0;2;8759;3398284;62555;
1083;Syddanmark;2023-08-30;F;1;0;0;8759;3398285;62555;
1084;Hovedstaden;2023-08-30;M;8;0;4;8759;3398293;62559;
1082;Midtjylland;2023-08-30;M;5;0;3;8759;3398298;62562;
1081;Nordjylland;2023-08-30;M;1;0;1;8759;3398299;62563;
1085;Sjælland;2023-08-30;M;4;0;2;8759;3398303;62565;
1083;Syddanmark;2023-08-30;M;6;0;4;8759;3398309;62569;
1084;Hovedstaden;2023-08-31;F;14;0;5;8759;3398323;62574;
1082;Midtjylland;2023-08-31;F;3;0;1;8759;3398326;62575;
1081;Nordjylland;2023-08-31;F;2;0;0;8759;3398328;62575;
1085;Sjælland;2023-08-31;F;6;0;1;8759;3398334;62576;
1083;Syddanmark;2023-08-31;F;4;0;1;8759;3398338;62577;
1084;Hovedstaden;2023-08-31;M;10;0;4;8759;3398348;62581;
1082;Midtjylland;2023-08-31;M;3;0;0;8759;3398351;62581;
1081;Nordjylland;2023-08-31;M;1;0;1;8759;3398352;62582;
1085;Sjælland;2023-08-31;M;2;0;1;8759;3398354;62583;
1083;Syddanmark;2023-08-31;M;3;0;2;8759;3398357;62585;
1084;Hovedstaden;2023-09-01;F;18;1;5;8760;3398375;62590;
1082;Midtjylland;2023-09-01;F;2;0;0;8760;3398377;62590;
1081;Nordjylland;2023-09-01;F;3;0;0;8760;3398380;62590;
1085;Sjælland;2023-09-01;F;9;0;2;8760;3398389;62592;
1083;Syddanmark;2023-09-01;F;5;0;1;8760;3398394;62593;
1084;Hovedstaden;2023-09-01;M;5;0;3;8760;3398399;62596;
1082;Midtjylland;2023-09-01;M;7;1;3;8761;3398406;62599;
1081;Nordjylland;2023-09-01;M;2;0;0;8761;3398408;62599;
1085;Sjælland;2023-09-01;M;2;0;0;8761;3398410;62599;
1083;Syddanmark;2023-09-01;M;4;0;3;8761;3398414;62602;
1084;Hovedstaden;2023-09-02;F;3;0;1;8761;3398417;62603;
1082;Midtjylland;2023-09-02;F;1;0;1;8761;3398418;62604;
1081;Nordjylland;2023-09-02;F;5;0;3;8761;3398423;62607;
1085;Sjælland;2023-09-02;F;4;0;3;8761;3398427;62610;
1083;Syddanmark;2023-09-02;F;3;0;2;8761;3398430;62612;
1084;Hovedstaden;2023-09-02;M;5;0;4;8761;3398435;62616;
1082;Midtjylland;2023-09-02;M;2;0;2;8761;3398437;62618;
1081;Nordjylland;2023-09-02;M;2;0;2;8761;3398439;62620;
1085;Sjælland;2023-09-02;M;3;0;2;8761;3398442;62622;
1083;Syddanmark;2023-09-02;M;3;1;3;8762;3398445;62625;
1084;Hovedstaden;2023-09-03;F;7;1;4;8763;3398452;62629;
1082;Midtjylland;2023-09-03;F;3;0;3;8763;3398455;62632;
1081;Nordjylland;2023-09-03;F;1;0;1;8763;3398456;62633;
1085;Sjælland;2023-09-03;F;3;0;3;8763;3398459;62636;
1083;Syddanmark;2023-09-03;F;2;0;1;8763;3398461;62637;
1084;Hovedstaden;2023-09-03;M;4;0;2;8763;3398465;62639;
1082;Midtjylland;2023-09-03;M;4;0;3;8763;3398469;62642;
1081;Nordjylland;2023-09-03;M;2;0;2;8763;3398471;62644;
1085;Sjælland;2023-09-03;M;4;1;4;8764;3398475;62648;
1083;Syddanmark;2023-09-03;M;6;0;4;8764;3398481;62652;
1084;Hovedstaden;2023-09-04;F;16;0;4;8764;3398497;62656;
1082;Midtjylland;2023-09-04;F;7;0;2;8764;3398504;62658;
1085;Sjælland;2023-09-04;F;6;0;1;8764;3398510;62659;
1083;Syddanmark;2023-09-04;F;7;0;2;8764;3398517;62661;
1084;Hovedstaden;2023-09-04;M;18;0;5;8764;3398535;62666;
1082;Midtjylland;2023-09-04;M;6;0;3;8764;3398541;62669;
1081;Nordjylland;2023-09-04;M;5;0;3;8764;3398546;62672;
1085;Sjælland;2023-09-04;M;6;0;3;8764;3398552;62675;
1083;Syddanmark;2023-09-04;M;11;0;5;8764;3398563;62680;
1084;Hovedstaden;2023-09-05;F;15;0;2;8764;3398578;62682;
1082;Midtjylland;2023-09-05;F;9;1;7;8765;3398587;62689;
1081;Nordjylland;2023-09-05;F;1;0;0;8765;3398588;62689;
1085;Sjælland;2023-09-05;F;4;0;0;8765;3398592;62689;
1083;Syddanmark;2023-09-05;F;6;1;3;8766;3398598;62692;
1084;Hovedstaden;2023-09-05;M;12;0;3;8766;3398610;62695;
1082;Midtjylland;2023-09-05;M;5;0;2;8766;3398615;62697;
1081;Nordjylland;2023-09-05;M;2;2;2;8768;3398617;62699;
1085;Sjælland;2023-09-05;M;6;1;2;8769;3398623;62701;
1083;Syddanmark;2023-09-05;M;2;1;2;8770;3398625;62703;
1084;Hovedstaden;2023-09-06;F;15;2;3;8772;3398640;62706;
1082;Midtjylland;2023-09-06;F;3;0;1;8772;3398643;62707;
1081;Nordjylland;2023-09-06;F;2;0;2;8772;3398645;62709;
1085;Sjælland;2023-09-06;F;2;0;1;8772;3398647;62710;
1083;Syddanmark;2023-09-06;F;6;0;1;8772;3398653;62711;
1084;Hovedstaden;2023-09-06;M;15;0;5;8772;3398668;62716;
1082;Midtjylland;2023-09-06;M;6;1;4;8773;3398674;62720;
1081;Nordjylland;2023-09-06;M;7;1;4;8774;3398681;62724;
1085;Sjælland;2023-09-06;M;3;0;2;8774;3398684;62726;
1083;Syddanmark;2023-09-06;M;6;1;5;8775;3398690;62731;
1084;Hovedstaden;2023-09-07;F;14;0;6;8775;3398704;62737;
1082;Midtjylland;2023-09-07;F;6;0;2;8775;3398710;62739;
1081;Nordjylland;2023-09-07;F;4;0;0;8775;3398714;62739;
1085;Sjælland;2023-09-07;F;6;1;3;8776;3398720;62742;
1083;Syddanmark;2023-09-07;F;4;0;3;8776;3398724;62745;
1084;Hovedstaden;2023-09-07;M;18;0;6;8776;3398742;62751;
1082;Midtjylland;2023-09-07;M;5;0;1;8776;3398747;62752;
1081;Nordjylland;2023-09-07;M;1;0;0;8776;3398748;62752;
1085;Sjælland;2023-09-07;M;4;0;2;8776;3398752;62754;
1083;Syddanmark;2023-09-07;M;12;0;8;8776;3398764;62762;
1084;Hovedstaden;2023-09-08;F;14;0;2;8776;3398778;62764;
1082;Midtjylland;2023-09-08;F;6;0;3;8776;3398784;62767;
1081;Nordjylland;2023-09-08;F;1;0;0;8776;3398785;62767;
1085;Sjælland;2023-09-08;F;5;0;2;8776;3398790;62769;
1083;Syddanmark;2023-09-08;F;10;0;1;8776;3398800;62770;
1084;Hovedstaden;2023-09-08;M;11;0;6;8776;3398811;62776;
1082;Midtjylland;2023-09-08;M;5;0;3;8776;3398816;62779;
1085;Sjælland;2023-09-08;M;4;1;3;8777;3398820;62782;
1083;Syddanmark;2023-09-08;M;10;0;7;8777;3398830;62789;
1084;Hovedstaden;2023-09-09;F;8;1;3;8778;3398838;62792;
1082;Midtjylland;2023-09-09;F;2;0;1;8778;3398840;62793;
1081;Nordjylland;2023-09-09;F;4;0;1;8778;3398844;62794;
1085;Sjælland;2023-09-09;F;1;0;1;8778;3398845;62795;
1083;Syddanmark;2023-09-09;F;4;1;2;8779;3398849;62797;
1084;Hovedstaden;2023-09-09;M;14;0;6;8779;3398863;62803;
1082;Midtjylland;2023-09-09;M;2;0;2;8779;3398865;62805;
1081;Nordjylland;2023-09-09;M;4;0;4;8779;3398869;62809;
1085;Sjælland;2023-09-09;M;1;0;1;8779;3398870;62810;
1083;Syddanmark;2023-09-09;M;3;0;3;8779;3398873;62813;
1084;Hovedstaden;2023-09-10;F;6;0;3;8779;3398879;62816;
1082;Midtjylland;2023-09-10;F;4;1;2;8780;3398883;62818;
1081;Nordjylland;2023-09-10;F;1;1;1;8781;3398884;62819;
1085;Sjælland;2023-09-10;F;4;1;4;8782;3398888;62823;
1083;Syddanmark;2023-09-10;F;2;0;0;8782;3398890;62823;
1084;Hovedstaden;2023-09-10;M;9;0;7;8782;3398899;62830;
1082;Midtjylland;2023-09-10;M;7;0;4;8782;3398906;62834;
1081;Nordjylland;2023-09-10;M;1;0;1;8782;3398907;62835;
1085;Sjælland;2023-09-10;M;4;0;2;8782;3398911;62837;
1083;Syddanmark;2023-09-10;M;5;0;5;8782;3398916;62842;
1084;Hovedstaden;2023-09-11;F;22;0;2;8782;3398938;62844;
1082;Midtjylland;2023-09-11;F;1;0;0;8782;3398939;62844;
1081;Nordjylland;2023-09-11;F;3;0;0;8782;3398942;62844;
1085;Sjælland;2023-09-11;F;5;0;1;8782;3398947;62845;
1083;Syddanmark;2023-09-11;F;12;0;3;8782;3398959;62848;
1084;Hovedstaden;2023-09-11;M;15;0;6;8782;3398974;62854;
1082;Midtjylland;2023-09-11;M;9;0;7;8782;3398983;62861;
1081;Nordjylland;2023-09-11;M;2;0;0;8782;3398985;62861;
1085;Sjælland;2023-09-11;M;8;0;5;8782;3398993;62866;
1083;Syddanmark;2023-09-11;M;8;0;3;8782;3399001;62869;
1084;Hovedstaden;2023-09-12;F;11;0;4;8782;3399012;62873;
1082;Midtjylland;2023-09-12;F;6;2;4;8784;3399018;62877;
1081;Nordjylland;2023-09-12;F;8;0;3;8784;3399026;62880;
1085;Sjælland;2023-09-12;F;4;0;0;8784;3399030;62880;
1083;Syddanmark;2023-09-12;F;5;0;0;8784;3399035;62880;
1084;Hovedstaden;2023-09-12;M;8;0;2;8784;3399043;62882;
1082;Midtjylland;2023-09-12;M;8;0;3;8784;3399051;62885;
1081;Nordjylland;2023-09-12;M;9;1;5;8785;3399060;62890;
1085;Sjælland;2023-09-12;M;7;0;3;8785;3399067;62893;
1083;Syddanmark;2023-09-12;M;6;1;2;8786;3399073;62895;
1084;Hovedstaden;2023-09-13;F;13;0;3;8786;3399086;62898;
1082;Midtjylland;2023-09-13;F;4;0;0;8786;3399090;62898;
1081;Nordjylland;2023-09-13;F;6;1;1;8787;3399096;62899;
1085;Sjælland;2023-09-13;F;4;1;1;8788;3399100;62900;
1083;Syddanmark;2023-09-13;F;8;0;3;8788;3399108;62903;
1084;Hovedstaden;2023-09-13;M;10;0;2;8788;3399118;62905;
1082;Midtjylland;2023-09-13;M;4;1;4;8789;3399122;62909;
1081;Nordjylland;2023-09-13;M;2;0;2;8789;3399124;62911;
1085;Sjælland;2023-09-13;M;7;0;1;8789;3399131;62912;
1083;Syddanmark;2023-09-13;M;12;1;4;8790;3399143;62916;
1084;Hovedstaden;2023-09-14;F;9;0;3;8790;3399152;62919;
1082;Midtjylland;2023-09-14;F;4;0;2;8790;3399156;62921;
1081;Nordjylland;2023-09-14;F;5;0;4;8790;3399161;62925;
1085;Sjælland;2023-09-14;F;4;0;2;8790;3399165;62927;
1083;Syddanmark;2023-09-14;F;8;0;0;8790;3399173;62927;
1084;Hovedstaden;2023-09-14;M;8;0;0;8790;3399181;62927;
1082;Midtjylland;2023-09-14;M;5;0;5;8790;3399186;62932;
1081;Nordjylland;2023-09-14;M;2;0;0;8790;3399188;62932;
1085;Sjælland;2023-09-14;M;1;0;0;8790;3399189;62932;
1083;Syddanmark;2023-09-14;M;9;1;5;8791;3399198;62937;
1084;Hovedstaden;2023-09-15;F;15;0;4;8791;3399213;62941;
1082;Midtjylland;2023-09-15;F;3;0;2;8791;3399216;62943;
1081;Nordjylland;2023-09-15;F;2;0;0;8791;3399218;62943;
1085;Sjælland;2023-09-15;F;3;0;2;8791;3399221;62945;
1083;Syddanmark;2023-09-15;F;8;0;2;8791;3399229;62947;
1084;Hovedstaden;2023-09-15;M;6;0;3;8791;3399235;62950;
1082;Midtjylland;2023-09-15;M;4;0;3;8791;3399239;62953;
1081;Nordjylland;2023-09-15;M;8;0;7;8791;3399247;62960;
1085;Sjælland;2023-09-15;M;1;0;1;8791;3399248;62961;
1083;Syddanmark;2023-09-15;M;5;0;3;8791;3399253;62964;
1084;Hovedstaden;2023-09-16;F;4;0;2;8791;3399257;62966;
1082;Midtjylland;2023-09-16;F;1;0;1;8791;3399258;62967;
1081;Nordjylland;2023-09-16;F;3;1;3;8792;3399261;62970;
1085;Sjælland;2023-09-16;F;1;0;1;8792;3399262;62971;
1083;Syddanmark;2023-09-16;F;2;1;2;8793;3399264;62973;
1084;Hovedstaden;2023-09-16;M;7;0;5;8793;3399271;62978;
1082;Midtjylland;2023-09-16;M;2;0;1;8793;3399273;62979;
1085;Sjælland;2023-09-16;M;3;0;3;8793;3399276;62982;
1083;Syddanmark;2023-09-16;M;3;1;3;8794;3399279;62985;
1084;Hovedstaden;2023-09-17;F;7;0;4;8794;3399286;62989;
1082;Midtjylland;2023-09-17;F;2;0;1;8794;3399288;62990;
1081;Nordjylland;2023-09-17;F;1;0;1;8794;3399289;62991;
1085;Sjælland;2023-09-17;F;3;0;3;8794;3399292;62994;
1083;Syddanmark;2023-09-17;F;3;0;1;8794;3399295;62995;
1084;Hovedstaden;2023-09-17;M;7;1;6;8795;3399302;63001;
1082;Midtjylland;2023-09-17;M;2;0;2;8795;3399304;63003;
1085;Sjælland;2023-09-17;M;1;0;1;8795;3399305;63004;
1083;Syddanmark;2023-09-17;M;5;1;5;8796;3399310;63009;
1084;Hovedstaden;2023-09-18;F;17;0;3;8796;3399327;63012;
1082;Midtjylland;2023-09-18;F;3;1;2;8797;3399330;63014;
1081;Nordjylland;2023-09-18;F;6;0;1;8797;3399336;63015;
1085;Sjælland;2023-09-18;F;5;0;0;8797;3399341;63015;
1083;Syddanmark;2023-09-18;F;9;0;4;8797;3399350;63019;
1084;Hovedstaden;2023-09-18;M;7;0;1;8797;3399357;63020;
1082;Midtjylland;2023-09-18;M;2;0;1;8797;3399359;63021;
1081;Nordjylland;2023-09-18;M;6;1;3;8798;3399365;63024;
1085;Sjælland;2023-09-18;M;4;0;1;8798;3399369;63025;
1083;Syddanmark;2023-09-18;M;5;0;3;8798;3399374;63028;
1084;Hovedstaden;2023-09-19;F;18;0;2;8798;3399392;63030;
1082;Midtjylland;2023-09-19;F;3;0;3;8798;3399395;63033;
1081;Nordjylland;2023-09-19;F;6;0;1;8798;3399401;63034;
1085;Sjælland;2023-09-19;F;3;0;1;8798;3399404;63035;
1083;Syddanmark;2023-09-19;F;5;0;0;8798;3399409;63035;
1084;Hovedstaden;2023-09-19;M;9;0;3;8798;3399418;63038;
1082;Midtjylland;2023-09-19;M;1;0;1;8798;3399419;63039;
1081;Nordjylland;2023-09-19;M;5;0;1;8798;3399424;63040;
1085;Sjælland;2023-09-19;M;6;0;2;8798;3399430;63042;
1083;Syddanmark;2023-09-19;M;6;1;4;8799;3399436;63046;
1084;Hovedstaden;2023-09-20;F;11;1;7;8800;3399447;63053;
1082;Midtjylland;2023-09-20;F;4;0;2;8800;3399451;63055;
1081;Nordjylland;2023-09-20;F;4;0;1;8800;3399455;63056;
1085;Sjælland;2023-09-20;F;2;0;0;8800;3399457;63056;
1083;Syddanmark;2023-09-20;F;7;0;1;8800;3399464;63057;
1084;Hovedstaden;2023-09-20;M;12;0;5;8800;3399476;63062;
1082;Midtjylland;2023-09-20;M;6;0;3;8800;3399482;63065;
1081;Nordjylland;2023-09-20;M;2;0;2;8800;3399484;63067;
1085;Sjælland;2023-09-20;M;6;0;4;8800;3399490;63071;
1083;Syddanmark;2023-09-20;M;4;0;2;8800;3399494;63073;
1084;Hovedstaden;2023-09-21;F;11;1;3;8801;3399505;63076;
1082;Midtjylland;2023-09-21;F;5;0;2;8801;3399510;63078;
1081;Nordjylland;2023-09-21;F;4;0;2;8801;3399514;63080;
1085;Sjælland;2023-09-21;F;8;0;2;8801;3399522;63082;
1083;Syddanmark;2023-09-21;F;6;0;2;8801;3399528;63084;
1084;Hovedstaden;2023-09-21;M;8;0;4;8801;3399536;63088;
1082;Midtjylland;2023-09-21;M;1;0;1;8801;3399537;63089;
1081;Nordjylland;2023-09-21;M;4;0;4;8801;3399541;63093;
1085;Sjælland;2023-09-21;M;4;0;2;8801;3399545;63095;
1083;Syddanmark;2023-09-21;M;5;1;2;8802;3399550;63097;
1084;Hovedstaden;2023-09-22;F;5;0;0;8802;3399555;63097;
1082;Midtjylland;2023-09-22;F;4;0;2;8802;3399559;63099;
1081;Nordjylland;2023-09-22;F;3;0;1;8802;3399562;63100;
1085;Sjælland;2023-09-22;F;7;0;1;8802;3399569;63101;
1083;Syddanmark;2023-09-22;F;3;0;0;8802;3399572;63101;
1084;Hovedstaden;2023-09-22;M;11;0;4;8802;3399583;63105;
1082;Midtjylland;2023-09-22;M;3;0;2;8802;3399586;63107;
1081;Nordjylland;2023-09-22;M;2;0;1;8802;3399588;63108;
1085;Sjælland;2023-09-22;M;5;0;0;8802;3399593;63108;
1083;Syddanmark;2023-09-22;M;6;0;0;8802;3399599;63108;
1084;Hovedstaden;2023-09-23;F;6;1;4;8803;3399605;63112;
1081;Nordjylland;2023-09-23;F;1;0;0;8803;3399606;63112;
1084;Hovedstaden;2023-09-23;M;2;0;2;8803;3399608;63114;
1082;Midtjylland;2023-09-23;M;1;0;0;8803;3399609;63114;
1081;Nordjylland;2023-09-23;M;3;0;2;8803;3399612;63116;
1085;Sjælland;2023-09-23;M;4;1;2;8804;3399616;63118;
1082;Midtjylland;2023-09-24;F;1;0;1;8804;3399617;63119;
1081;Nordjylland;2023-09-24;F;2;0;2;8804;3399619;63121;
1085;Sjælland;2023-09-24;F;2;0;2;8804;3399621;63123;
1083;Syddanmark;2023-09-24;F;4;0;0;8804;3399625;63123;
1084;Hovedstaden;2023-09-24;M;5;1;4;8805;3399630;63127;
1082;Midtjylland;2023-09-24;M;5;1;4;8806;3399635;63131;
1081;Nordjylland;2023-09-24;M;1;0;0;8806;3399636;63131;
1085;Sjælland;2023-09-24;M;3;0;2;8806;3399639;63133;
1084;Hovedstaden;2023-09-25;F;18;0;4;8806;3399657;63137;
1082;Midtjylland;2023-09-25;F;2;1;2;8807;3399659;63139;
1081;Nordjylland;2023-09-25;F;4;0;0;8807;3399663;63139;
1085;Sjælland;2023-09-25;F;5;0;2;8807;3399668;63141;
1083;Syddanmark;2023-09-25;F;2;0;1;8807;3399670;63142;
1084;Hovedstaden;2023-09-25;M;14;0;4;8807;3399684;63146;
1082;Midtjylland;2023-09-25;M;3;0;0;8807;3399687;63146;
1081;Nordjylland;2023-09-25;M;2;0;2;8807;3399689;63148;
1085;Sjælland;2023-09-25;M;5;1;3;8808;3399694;63151;
1083;Syddanmark;2023-09-25;M;7;0;2;8808;3399701;63153;
1084;Hovedstaden;2023-09-26;F;14;0;2;8808;3399715;63155;
1082;Midtjylland;2023-09-26;F;8;0;4;8808;3399723;63159;
1081;Nordjylland;2023-09-26;F;2;0;1;8808;3399725;63160;
1085;Sjælland;2023-09-26;F;6;0;2;8808;3399731;63162;
1083;Syddanmark;2023-09-26;F;4;0;0;8808;3399735;63162;
1084;Hovedstaden;2023-09-26;M;14;1;3;8809;3399749;63165;
1082;Midtjylland;2023-09-26;M;5;0;2;8809;3399754;63167;
1081;Nordjylland;2023-09-26;M;2;0;1;8809;3399756;63168;
1085;Sjælland;2023-09-26;M;1;0;0;8809;3399757;63168;
1083;Syddanmark;2023-09-26;M;5;1;4;8810;3399762;63172;
1084;Hovedstaden;2023-09-27;F;14;0;1;8810;3399776;63173;
1082;Midtjylland;2023-09-27;F;5;0;2;8810;3399781;63175;
1085;Sjælland;2023-09-27;F;3;0;2;8810;3399784;63177;
1083;Syddanmark;2023-09-27;F;7;0;3;8810;3399791;63180;
1084;Hovedstaden;2023-09-27;M;14;0;5;8810;3399805;63185;
1082;Midtjylland;2023-09-27;M;4;0;1;8810;3399809;63186;
1081;Nordjylland;2023-09-27;M;4;0;2;8810;3399813;63188;
1085;Sjælland;2023-09-27;M;7;1;5;8811;3399820;63193;
1083;Syddanmark;2023-09-27;M;6;3;4;8814;3399826;63197;
1084;Hovedstaden;2023-09-28;F;27;0;6;8814;3399853;63203;
1082;Midtjylland;2023-09-28;F;4;0;1;8814;3399857;63204;
1085;Sjælland;2023-09-28;F;1;0;0;8814;3399858;63204;
1083;Syddanmark;2023-09-28;F;7;0;1;8814;3399865;63205;
1084;Hovedstaden;2023-09-28;M;16;0;5;8814;3399881;63210;
1082;Midtjylland;2023-09-28;M;4;0;2;8814;3399885;63212;
1081;Nordjylland;2023-09-28;M;1;0;1;8814;3399886;63213;
1085;Sjælland;2023-09-28;M;2;0;2;8814;3399888;63215;
1083;Syddanmark;2023-09-28;M;2;0;1;8814;3399890;63216;
1084;Hovedstaden;2023-09-29;F;19;0;4;8814;3399909;63220;
1082;Midtjylland;2023-09-29;F;4;1;3;8815;3399913;63223;
1081;Nordjylland;2023-09-29;F;3;0;0;8815;3399916;63223;
1085;Sjælland;2023-09-29;F;9;0;2;8815;3399925;63225;
1083;Syddanmark;2023-09-29;F;6;0;4;8815;3399931;63229;
1084;Hovedstaden;2023-09-29;M;15;1;6;8816;3399946;63235;
1082;Midtjylland;2023-09-29;M;1;0;0;8816;3399947;63235;
1081;Nordjylland;2023-09-29;M;3;0;1;8816;3399950;63236;
1085;Sjælland;2023-09-29;M;5;0;2;8816;3399955;63238;
1083;Syddanmark;2023-09-29;M;7;1;5;8817;3399962;63243;
1084;Hovedstaden;2023-09-30;F;4;0;2;8817;3399966;63245;
1082;Midtjylland;2023-09-30;F;2;0;1;8817;3399968;63246;
1081;Nordjylland;2023-09-30;F;3;0;1;8817;3399971;63247;
1085;Sjælland;2023-09-30;F;5;1;4;8818;3399976;63251;
1083;Syddanmark;2023-09-30;F;1;0;0;8818;3399977;63251;
1084;Hovedstaden;2023-09-30;M;7;1;5;8819;3399984;63256;
1082;Midtjylland;2023-09-30;M;2;0;2;8819;3399986;63258;
1081;Nordjylland;2023-09-30;M;2;0;2;8819;3399988;63260;
1085;Sjælland;2023-09-30;M;2;0;1;8819;3399990;63261;
1083;Syddanmark;2023-09-30;M;4;1;3;8820;3399994;63264;
1084;Hovedstaden;2023-10-01;F;7;0;3;8820;3400001;63267;
1081;Nordjylland;2023-10-01;F;3;0;3;8820;3400004;63270;
1085;Sjælland;2023-10-01;F;1;1;1;8821;3400005;63271;
1083;Syddanmark;2023-10-01;F;1;0;0;8821;3400006;63271;
1084;Hovedstaden;2023-10-01;M;12;1;6;8822;3400018;63277;
1082;Midtjylland;2023-10-01;M;4;0;3;8822;3400022;63280;
1081;Nordjylland;2023-10-01;M;2;0;1;8822;3400024;63281;
1085;Sjælland;2023-10-01;M;5;0;5;8822;3400029;63286;
1083;Syddanmark;2023-10-01;M;3;0;2;8822;3400032;63288;
1084;Hovedstaden;2023-10-02;F;21;1;4;8823;3400053;63292;
1082;Midtjylland;2023-10-02;F;7;0;3;8823;3400060;63295;
1081;Nordjylland;2023-10-02;F;2;0;2;8823;3400062;63297;
1085;Sjælland;2023-10-02;F;9;0;2;8823;3400071;63299;
1083;Syddanmark;2023-10-02;F;10;0;4;8823;3400081;63303;
1084;Hovedstaden;2023-10-02;M;18;1;8;8824;3400099;63311;
1082;Midtjylland;2023-10-02;M;8;0;3;8824;3400107;63314;
1081;Nordjylland;2023-10-02;M;8;0;8;8824;3400115;63322;
1085;Sjælland;2023-10-02;M;6;0;1;8824;3400121;63323;
1083;Syddanmark;2023-10-02;M;2;0;2;8824;3400123;63325;
1084;Hovedstaden;2023-10-03;F;21;1;5;8825;3400144;63330;
1082;Midtjylland;2023-10-03;F;3;0;0;8825;3400147;63330;
1081;Nordjylland;2023-10-03;F;2;0;2;8825;3400149;63332;
1085;Sjælland;2023-10-03;F;5;0;1;8825;3400154;63333;
1083;Syddanmark;2023-10-03;F;7;0;1;8825;3400161;63334;
1084;Hovedstaden;2023-10-03;M;14;0;1;8825;3400175;63335;
1082;Midtjylland;2023-10-03;M;5;0;3;8825;3400180;63338;
1081;Nordjylland;2023-10-03;M;3;0;2;8825;3400183;63340;
1085;Sjælland;2023-10-03;M;6;0;3;8825;3400189;63343;
1083;Syddanmark;2023-10-03;M;12;1;5;8826;3400201;63348;
1084;Hovedstaden;2023-10-04;F;14;0;3;8826;3400215;63351;
1082;Midtjylland;2023-10-04;F;7;0;4;8826;3400222;63355;
1081;Nordjylland;2023-10-04;F;1;0;0;8826;3400223;63355;
1085;Sjælland;2023-10-04;F;10;0;1;8826;3400233;63356;
1083;Syddanmark;2023-10-04;F;5;1;2;8827;3400238;63358;
1084;Hovedstaden;2023-10-04;M;14;0;3;8827;3400252;63361;
1082;Midtjylland;2023-10-04;M;2;0;1;8827;3400254;63362;
1081;Nordjylland;2023-10-04;M;3;0;2;8827;3400257;63364;
1085;Sjælland;2023-10-04;M;2;0;1;8827;3400259;63365;
1083;Syddanmark;2023-10-04;M;9;0;4;8827;3400268;63369;
1084;Hovedstaden;2023-10-05;F;18;1;6;8828;3400286;63375;
1082;Midtjylland;2023-10-05;F;7;0;3;8828;3400293;63378;
1081;Nordjylland;2023-10-05;F;4;1;4;8829;3400297;63382;
1085;Sjælland;2023-10-05;F;7;1;3;8830;3400304;63385;
1083;Syddanmark;2023-10-05;F;2;0;2;8830;3400306;63387;
1084;Hovedstaden;2023-10-05;M;21;1;12;8831;3400327;63399;
1082;Midtjylland;2023-10-05;M;4;1;3;8832;3400331;63402;
1081;Nordjylland;2023-10-05;M;4;1;3;8833;3400335;63405;
1085;Sjælland;2023-10-05;M;6;1;1;8834;3400341;63406;
1083;Syddanmark;2023-10-05;M;4;0;3;8834;3400345;63409;
1084;Hovedstaden;2023-10-06;F;10;0;2;8834;3400355;63411;
1082;Midtjylland;2023-10-06;F;11;0;4;8834;3400366;63415;
1081;Nordjylland;2023-10-06;F;3;0;2;8834;3400369;63417;
1085;Sjælland;2023-10-06;F;7;0;1;8834;3400376;63418;
1083;Syddanmark;2023-10-06;F;8;1;4;8835;3400384;63422;
1084;Hovedstaden;2023-10-06;M;11;1;5;8836;3400395;63427;
1082;Midtjylland;2023-10-06;M;5;0;5;8836;3400400;63432;
1081;Nordjylland;2023-10-06;M;1;0;1;8836;3400401;63433;
1085;Sjælland;2023-10-06;M;2;0;0;8836;3400403;63433;
1083;Syddanmark;2023-10-06;M;4;1;2;8837;3400407;63435;
1084;Hovedstaden;2023-10-07;F;10;0;6;8837;3400417;63441;
1082;Midtjylland;2023-10-07;F;2;0;1;8837;3400419;63442;
1081;Nordjylland;2023-10-07;F;5;0;3;8837;3400424;63445;
1085;Sjælland;2023-10-07;F;3;0;2;8837;3400427;63447;
1083;Syddanmark;2023-10-07;F;6;0;3;8837;3400433;63450;
1084;Hovedstaden;2023-10-07;M;6;0;2;8837;3400439;63452;
1082;Midtjylland;2023-10-07;M;3;0;3;8837;3400442;63455;
1081;Nordjylland;2023-10-07;M;1;0;0;8837;3400443;63455;
1085;Sjælland;2023-10-07;M;1;0;1;8837;3400444;63456;
1083;Syddanmark;2023-10-07;M;6;0;5;8837;3400450;63461;
1084;Hovedstaden;2023-10-08;F;10;0;7;8837;3400460;63468;
1082;Midtjylland;2023-10-08;F;5;1;3;8838;3400465;63471;
1081;Nordjylland;2023-10-08;F;5;0;3;8838;3400470;63474;
1085;Sjælland;2023-10-08;F;3;0;2;8838;3400473;63476;
1083;Syddanmark;2023-10-08;F;6;1;4;8839;3400479;63480;
1084;Hovedstaden;2023-10-08;M;13;1;8;8840;3400492;63488;
1082;Midtjylland;2023-10-08;M;5;1;5;8841;3400497;63493;
1081;Nordjylland;2023-10-08;M;7;0;5;8841;3400504;63498;
1085;Sjælland;2023-10-08;M;4;0;3;8841;3400508;63501;
1083;Syddanmark;2023-10-08;M;6;0;5;8841;3400514;63506;
1084;Hovedstaden;2023-10-09;F;28;1;10;8842;3400542;63516;
1082;Midtjylland;2023-10-09;F;6;0;2;8842;3400548;63518;
1081;Nordjylland;2023-10-09;F;5;0;4;8842;3400553;63522;
1085;Sjælland;2023-10-09;F;7;0;3;8842;3400560;63525;
1083;Syddanmark;2023-10-09;F;8;0;5;8842;3400568;63530;
1084;Hovedstaden;2023-10-09;M;14;1;5;8843;3400582;63535;
1082;Midtjylland;2023-10-09;M;5;1;4;8844;3400587;63539;
1081;Nordjylland;2023-10-09;M;5;3;5;8847;3400592;63544;
1085;Sjælland;2023-10-09;M;6;0;1;8847;3400598;63545;
1083;Syddanmark;2023-10-09;M;9;0;6;8847;3400607;63551;
1084;Hovedstaden;2023-10-10;F;15;0;2;8847;3400622;63553;
1082;Midtjylland;2023-10-10;F;4;0;3;8847;3400626;63556;
1081;Nordjylland;2023-10-10;F;6;1;4;8848;3400632;63560;
1085;Sjælland;2023-10-10;F;4;0;1;8848;3400636;63561;
1083;Syddanmark;2023-10-10;F;4;0;0;8848;3400640;63561;
1084;Hovedstaden;2023-10-10;M;10;0;1;8848;3400650;63562;
1082;Midtjylland;2023-10-10;M;3;0;3;8848;3400653;63565;
1081;Nordjylland;2023-10-10;M;1;0;0;8848;3400654;63565;
1085;Sjælland;2023-10-10;M;7;0;1;8848;3400661;63566;
1083;Syddanmark;2023-10-10;M;9;0;7;8848;3400670;63573;
1084;Hovedstaden;2023-10-11;F;13;1;3;8849;3400683;63576;
1082;Midtjylland;2023-10-11;F;3;0;1;8849;3400686;63577;
1081;Nordjylland;2023-10-11;F;8;1;5;8850;3400694;63582;
1085;Sjælland;2023-10-11;F;5;0;2;8850;3400699;63584;
1083;Syddanmark;2023-10-11;F;16;0;11;8850;3400715;63595;
1084;Hovedstaden;2023-10-11;M;9;0;4;8850;3400724;63599;
1082;Midtjylland;2023-10-11;M;8;0;6;8850;3400732;63605;
1081;Nordjylland;2023-10-11;M;3;1;2;8851;3400735;63607;
1085;Sjælland;2023-10-11;M;6;0;3;8851;3400741;63610;
1083;Syddanmark;2023-10-11;M;5;1;3;8852;3400746;63613;
1084;Hovedstaden;2023-10-12;F;22;0;6;8852;3400768;63619;
1082;Midtjylland;2023-10-12;F;5;0;3;8852;3400773;63622;
1081;Nordjylland;2023-10-12;F;6;1;4;8853;3400779;63626;
1085;Sjælland;2023-10-12;F;9;0;4;8853;3400788;63630;
1083;Syddanmark;2023-10-12;F;12;0;5;8853;3400800;63635;
1084;Hovedstaden;2023-10-12;M;17;0;6;8853;3400817;63641;
1082;Midtjylland;2023-10-12;M;6;0;4;8853;3400823;63645;
1081;Nordjylland;2023-10-12;M;7;1;4;8854;3400830;63649;
1085;Sjælland;2023-10-12;M;7;0;3;8854;3400837;63652;
1083;Syddanmark;2023-10-12;M;10;0;3;8854;3400847;63655;
1084;Hovedstaden;2023-10-13;F;24;1;7;8855;3400871;63662;
1082;Midtjylland;2023-10-13;F;3;0;3;8855;3400874;63665;
1081;Nordjylland;2023-10-13;F;4;0;1;8855;3400878;63666;
1085;Sjælland;2023-10-13;F;5;0;2;8855;3400883;63668;
1083;Syddanmark;2023-10-13;F;10;0;5;8855;3400893;63673;
1084;Hovedstaden;2023-10-13;M;15;2;6;8857;3400908;63679;
1082;Midtjylland;2023-10-13;M;2;0;2;8857;3400910;63681;
1081;Nordjylland;2023-10-13;M;4;0;4;8857;3400914;63685;
1085;Sjælland;2023-10-13;M;5;0;3;8857;3400919;63688;
1083;Syddanmark;2023-10-13;M;9;1;7;8858;3400928;63695;
1084;Hovedstaden;2023-10-14;F;11;1;7;8859;3400939;63702;
1082;Midtjylland;2023-10-14;F;3;0;2;8859;3400942;63704;
1081;Nordjylland;2023-10-14;F;2;1;1;8860;3400944;63705;
1085;Sjælland;2023-10-14;F;7;0;6;8860;3400951;63711;
1083;Syddanmark;2023-10-14;F;2;0;2;8860;3400953;63713;
1084;Hovedstaden;2023-10-14;M;11;3;5;8863;3400964;63718;
1082;Midtjylland;2023-10-14;M;3;0;3;8863;3400967;63721;
1081;Nordjylland;2023-10-14;M;3;0;2;8863;3400970;63723;
1085;Sjælland;2023-10-14;M;7;0;6;8863;3400977;63729;
1083;Syddanmark;2023-10-14;M;4;0;1;8863;3400981;63730;
1084;Hovedstaden;2023-10-15;F;4;1;3;8864;3400985;63733;
1082;Midtjylland;2023-10-15;F;6;0;4;8864;3400991;63737;
1081;Nordjylland;2023-10-15;F;8;0;3;8864;3400999;63740;
1085;Sjælland;2023-10-15;F;3;0;3;8864;3401002;63743;
1083;Syddanmark;2023-10-15;F;6;1;5;8865;3401008;63748;
1084;Hovedstaden;2023-10-15;M;9;0;4;8865;3401017;63752;
1082;Midtjylland;2023-10-15;M;1;0;1;8865;3401018;63753;
1081;Nordjylland;2023-10-15;M;5;0;3;8865;3401023;63756;
1085;Sjælland;2023-10-15;M;7;0;3;8865;3401030;63759;
1083;Syddanmark;2023-10-15;M;5;0;3;8865;3401035;63762;
1084;Hovedstaden;2023-10-16;F;17;2;5;8867;3401052;63767;
1082;Midtjylland;2023-10-16;F;8;1;5;8868;3401060;63772;
1081;Nordjylland;2023-10-16;F;6;0;5;8868;3401066;63777;
1085;Sjælland;2023-10-16;F;8;1;4;8869;3401074;63781;
1083;Syddanmark;2023-10-16;F;13;0;7;8869;3401087;63788;
1084;Hovedstaden;2023-10-16;M;16;0;6;8869;3401103;63794;
1082;Midtjylland;2023-10-16;M;3;1;2;8870;3401106;63796;
1081;Nordjylland;2023-10-16;M;5;1;4;8871;3401111;63800;
1085;Sjælland;2023-10-16;M;7;0;1;8871;3401118;63801;
1083;Syddanmark;2023-10-16;M;10;0;5;8871;3401128;63806;
1084;Hovedstaden;2023-10-17;F;19;0;5;8871;3401147;63811;
1082;Midtjylland;2023-10-17;F;5;0;2;8871;3401152;63813;
1081;Nordjylland;2023-10-17;F;6;1;3;8872;3401158;63816;
1085;Sjælland;2023-10-17;F;14;1;6;8873;3401172;63822;
1083;Syddanmark;2023-10-17;F;10;0;5;8873;3401182;63827;
1084;Hovedstaden;2023-10-17;M;5;0;2;8873;3401187;63829;
1082;Midtjylland;2023-10-17;M;14;1;6;8874;3401201;63835;
1081;Nordjylland;2023-10-17;M;4;0;4;8874;3401205;63839;
1085;Sjælland;2023-10-17;M;10;0;7;8874;3401215;63846;
1083;Syddanmark;2023-10-17;M;9;0;6;8874;3401224;63852;
1084;Hovedstaden;2023-10-18;F;26;0;6;8874;3401250;63858;
1082;Midtjylland;2023-10-18;F;9;0;6;8874;3401259;63864;
1081;Nordjylland;2023-10-18;F;6;0;4;8874;3401265;63868;
1085;Sjælland;2023-10-18;F;15;1;5;8875;3401280;63873;
1083;Syddanmark;2023-10-18;F;6;0;3;8875;3401286;63876;
1084;Hovedstaden;2023-10-18;M;18;0;8;8875;3401304;63884;
1082;Midtjylland;2023-10-18;M;6;0;3;8875;3401310;63887;
1081;Nordjylland;2023-10-18;M;3;0;3;8875;3401313;63890;
1085;Sjælland;2023-10-18;M;5;0;3;8875;3401318;63893;
1083;Syddanmark;2023-10-18;M;11;1;9;8876;3401329;63902;
1084;Hovedstaden;2023-10-19;F;13;0;3;8876;3401342;63905;
1082;Midtjylland;2023-10-19;F;13;1;8;8877;3401355;63913;
1081;Nordjylland;2023-10-19;F;4;0;0;8877;3401359;63913;
1085;Sjælland;2023-10-19;F;7;0;3;8877;3401366;63916;
1083;Syddanmark;2023-10-19;F;11;1;5;8878;3401377;63921;
1084;Hovedstaden;2023-10-19;M;14;0;4;8878;3401391;63925;
1082;Midtjylland;2023-10-19;M;7;0;5;8878;3401398;63930;
1081;Nordjylland;2023-10-19;M;5;0;4;8878;3401403;63934;
1085;Sjælland;2023-10-19;M;6;0;4;8878;3401409;63938;
1083;Syddanmark;2023-10-19;M;7;0;4;8878;3401416;63942;
1084;Hovedstaden;2023-10-20;F;14;1;2;8879;3401430;63944;
1082;Midtjylland;2023-10-20;F;5;0;0;8879;3401435;63944;
1081;Nordjylland;2023-10-20;F;2;0;1;8879;3401437;63945;
1085;Sjælland;2023-10-20;F;12;1;6;8880;3401449;63951;
1083;Syddanmark;2023-10-20;F;9;0;3;8880;3401458;63954;
1084;Hovedstaden;2023-10-20;M;19;1;9;8881;3401477;63963;
1082;Midtjylland;2023-10-20;M;5;0;3;8881;3401482;63966;
1081;Nordjylland;2023-10-20;M;7;1;6;8882;3401489;63972;
1085;Sjælland;2023-10-20;M;7;0;5;8882;3401496;63977;
1083;Syddanmark;2023-10-20;M;7;0;7;8882;3401503;63984;
1084;Hovedstaden;2023-10-21;F;10;1;4;8883;3401513;63988;
1082;Midtjylland;2023-10-21;F;4;1;3;8884;3401517;63991;
1081;Nordjylland;2023-10-21;F;5;0;4;8884;3401522;63995;
1085;Sjælland;2023-10-21;F;7;0;4;8884;3401529;63999;
1083;Syddanmark;2023-10-21;F;8;0;4;8884;3401537;64003;
1084;Hovedstaden;2023-10-21;M;9;3;6;8887;3401546;64009;
1082;Midtjylland;2023-10-21;M;5;0;4;8887;3401551;64013;
1081;Nordjylland;2023-10-21;M;7;2;7;8889;3401558;64020;
1085;Sjælland;2023-10-21;M;2;0;1;8889;3401560;64021;
1083;Syddanmark;2023-10-21;M;8;1;5;8890;3401568;64026;
1084;Hovedstaden;2023-10-22;F;10;0;5;8890;3401578;64031;
1082;Midtjylland;2023-10-22;F;9;0;7;8890;3401587;64038;
1081;Nordjylland;2023-10-22;F;7;2;6;8892;3401594;64044;
1085;Sjælland;2023-10-22;F;5;0;4;8892;3401599;64048;
1083;Syddanmark;2023-10-22;F;3;0;3;8892;3401602;64051;
1084;Hovedstaden;2023-10-22;M;7;0;4;8892;3401609;64055;
1082;Midtjylland;2023-10-22;M;3;0;2;8892;3401612;64057;
1081;Nordjylland;2023-10-22;M;12;4;10;8896;3401624;64067;
1085;Sjælland;2023-10-22;M;9;1;6;8897;3401633;64073;
1083;Syddanmark;2023-10-22;M;4;0;3;8897;3401637;64076;
1084;Hovedstaden;2023-10-23;F;42;0;9;8897;3401679;64085;
1082;Midtjylland;2023-10-23;F;4;0;1;8897;3401683;64086;
1081;Nordjylland;2023-10-23;F;8;0;3;8897;3401691;64089;
1085;Sjælland;2023-10-23;F;14;2;6;8899;3401705;64095;
1083;Syddanmark;2023-10-23;F;11;0;5;8899;3401716;64100;
1084;Hovedstaden;2023-10-23;M;21;0;10;8899;3401737;64110;
1082;Midtjylland;2023-10-23;M;10;0;7;8899;3401747;64117;
1081;Nordjylland;2023-10-23;M;11;1;8;8900;3401758;64125;
1085;Sjælland;2023-10-23;M;16;1;11;8901;3401774;64136;
1083;Syddanmark;2023-10-23;M;10;0;5;8901;3401784;64141;
1084;Hovedstaden;2023-10-24;F;33;1;8;8902;3401817;64149;
1082;Midtjylland;2023-10-24;F;10;0;4;8902;3401827;64153;
1081;Nordjylland;2023-10-24;F;10;1;8;8903;3401837;64161;
1085;Sjælland;2023-10-24;F;13;0;4;8903;3401850;64165;
1083;Syddanmark;2023-10-24;F;14;2;6;8905;3401864;64171;
1084;Hovedstaden;2023-10-24;M;20;1;6;8906;3401884;64177;
1082;Midtjylland;2023-10-24;M;9;0;7;8906;3401893;64184;
1081;Nordjylland;2023-10-24;M;11;1;9;8907;3401904;64193;
1085;Sjælland;2023-10-24;M;10;1;6;8908;3401914;64199;
1083;Syddanmark;2023-10-24;M;11;0;7;8908;3401925;64206;
1084;Hovedstaden;2023-10-25;F;28;0;5;8908;3401953;64211;
1082;Midtjylland;2023-10-25;F;13;1;2;8909;3401966;64213;
1081;Nordjylland;2023-10-25;F;4;1;3;8910;3401970;64216;
1085;Sjælland;2023-10-25;F;12;0;4;8910;3401982;64220;
1083;Syddanmark;2023-10-25;F;10;0;6;8910;3401992;64226;
1084;Hovedstaden;2023-10-25;M;24;1;12;8911;3402016;64238;
1082;Midtjylland;2023-10-25;M;11;1;4;8912;3402027;64242;
1081;Nordjylland;2023-10-25;M;12;2;9;8914;3402039;64251;
1085;Sjælland;2023-10-25;M;8;0;3;8914;3402047;64254;
1083;Syddanmark;2023-10-25;M;19;1;6;8915;3402066;64260;
1084;Hovedstaden;2023-10-26;F;26;0;6;8915;3402092;64266;
1082;Midtjylland;2023-10-26;F;9;0;5;8915;3402101;64271;
1081;Nordjylland;2023-10-26;F;5;0;3;8915;3402106;64274;
1085;Sjælland;2023-10-26;F;9;1;3;8916;3402115;64277;
1083;Syddanmark;2023-10-26;F;14;1;5;8917;3402129;64282;
1084;Hovedstaden;2023-10-26;M;25;2;7;8919;3402154;64289;
1082;Midtjylland;2023-10-26;M;10;0;3;8919;3402164;64292;
1081;Nordjylland;2023-10-26;M;9;1;4;8920;3402173;64296;
1085;Sjælland;2023-10-26;M;5;0;2;8920;3402178;64298;
1083;Syddanmark;2023-10-26;M;13;0;6;8920;3402191;64304;
1084;Hovedstaden;2023-10-27;F;25;2;3;8922;3402216;64307;
1082;Midtjylland;2023-10-27;F;10;1;7;8923;3402226;64314;
1081;Nordjylland;2023-10-27;F;3;0;1;8923;3402229;64315;
1085;Sjælland;2023-10-27;F;9;0;3;8923;3402238;64318;
1083;Syddanmark;2023-10-27;F;13;1;6;8924;3402251;64324;
1084;Hovedstaden;2023-10-27;M;23;2;8;8926;3402274;64332;
1082;Midtjylland;2023-10-27;M;3;0;2;8926;3402277;64334;
1081;Nordjylland;2023-10-27;M;7;0;6;8926;3402284;64340;
1085;Sjælland;2023-10-27;M;13;1;8;8927;3402297;64348;
1083;Syddanmark;2023-10-27;M;11;0;7;8927;3402308;64355;
1084;Hovedstaden;2023-10-28;F;18;1;8;8928;3402326;64363;
1082;Midtjylland;2023-10-28;F;8;0;7;8928;3402334;64370;
1081;Nordjylland;2023-10-28;F;5;0;4;8928;3402339;64374;
1083;Syddanmark;2023-10-28;F;2;0;2;8928;3402341;64376;
1084;Hovedstaden;2023-10-28;M;8;1;4;8929;3402349;64380;
1082;Midtjylland;2023-10-28;M;8;1;6;8930;3402357;64386;
1081;Nordjylland;2023-10-28;M;8;1;6;8931;3402365;64392;
1085;Sjælland;2023-10-28;M;6;2;5;8933;3402371;64397;
1083;Syddanmark;2023-10-28;M;6;2;3;8935;3402377;64400;
1084;Hovedstaden;2023-10-29;F;11;0;5;8935;3402388;64405;
1082;Midtjylland;2023-10-29;F;9;1;5;8936;3402397;64410;
1081;Nordjylland;2023-10-29;F;4;0;3;8936;3402401;64413;
1085;Sjælland;2023-10-29;F;8;0;6;8936;3402409;64419;
1083;Syddanmark;2023-10-29;F;7;0;5;8936;3402416;64424;
1084;Hovedstaden;2023-10-29;M;11;4;8;8940;3402427;64432;
1082;Midtjylland;2023-10-29;M;9;2;6;8942;3402436;64438;
1081;Nordjylland;2023-10-29;M;4;0;2;8942;3402440;64440;
1085;Sjælland;2023-10-29;M;7;0;2;8942;3402447;64442;
1083;Syddanmark;2023-10-29;M;9;1;6;8943;3402456;64448;
1084;Hovedstaden;2023-10-30;F;45;1;12;8944;3402501;64460;
1082;Midtjylland;2023-10-30;F;9;0;6;8944;3402510;64466;
1081;Nordjylland;2023-10-30;F;8;2;5;8946;3402518;64471;
1085;Sjælland;2023-10-30;F;16;1;8;8947;3402534;64479;
1083;Syddanmark;2023-10-30;F;22;1;7;8948;3402556;64486;
1084;Hovedstaden;2023-10-30;M;30;1;9;8949;3402586;64495;
1082;Midtjylland;2023-10-30;M;17;1;8;8950;3402603;64503;
1081;Nordjylland;2023-10-30;M;6;0;5;8950;3402609;64508;
1085;Sjælland;2023-10-30;M;10;0;5;8950;3402619;64513;
1083;Syddanmark;2023-10-30;M;16;0;5;8950;3402635;64518;
1084;Hovedstaden;2023-10-31;F;42;1;10;8951;3402677;64528;
1082;Midtjylland;2023-10-31;F;11;1;4;8952;3402688;64532;
1081;Nordjylland;2023-10-31;F;3;0;2;8952;3402691;64534;
1085;Sjælland;2023-10-31;F;18;0;3;8952;3402709;64537;
1083;Syddanmark;2023-10-31;F;8;1;4;8953;3402717;64541;
1084;Hovedstaden;2023-10-31;M;28;2;12;8955;3402745;64553;
1082;Midtjylland;2023-10-31;M;13;1;8;8956;3402758;64561;
1081;Nordjylland;2023-10-31;M;4;0;3;8956;3402762;64564;
1085;Sjælland;2023-10-31;M;10;0;6;8956;3402772;64570;
1083;Syddanmark;2023-10-31;M;18;0;10;8956;3402790;64580;
1084;Hovedstaden;2023-11-01;F;24;0;9;8956;3402814;64589;
1082;Midtjylland;2023-11-01;F;10;1;3;8957;3402824;64592;
1081;Nordjylland;2023-11-01;F;4;0;3;8957;3402828;64595;
1085;Sjælland;2023-11-01;F;14;0;4;8957;3402842;64599;
1083;Syddanmark;2023-11-01;F;12;1;4;8958;3402854;64603;
1084;Hovedstaden;2023-11-01;M;25;1;15;8959;3402879;64618;
1082;Midtjylland;2023-11-01;M;10;2;7;8961;3402889;64625;
1081;Nordjylland;2023-11-01;M;4;0;4;8961;3402893;64629;
1085;Sjælland;2023-11-01;M;9;1;3;8962;3402902;64632;
1083;Syddanmark;2023-11-01;M;9;0;7;8962;3402911;64639;
1084;Hovedstaden;2023-11-02;F;41;2;12;8964;3402952;64651;
1082;Midtjylland;2023-11-02;F;16;2;7;8966;3402968;64658;
1081;Nordjylland;2023-11-02;F;9;1;7;8967;3402977;64665;
1085;Sjælland;2023-11-02;F;19;1;5;8968;3402996;64670;
1083;Syddanmark;2023-11-02;F;21;0;9;8968;3403017;64679;
1084;Hovedstaden;2023-11-02;M;23;2;15;8970;3403040;64694;
1082;Midtjylland;2023-11-02;M;8;0;4;8970;3403048;64698;
1081;Nordjylland;2023-11-02;M;9;0;8;8970;3403057;64706;
1085;Sjælland;2023-11-02;M;12;1;3;8971;3403069;64709;
1083;Syddanmark;2023-11-02;M;13;0;3;8971;3403082;64712;
1084;Hovedstaden;2023-11-03;F;33;0;14;8971;3403115;64726;
1082;Midtjylland;2023-11-03;F;9;0;5;8971;3403124;64731;
1081;Nordjylland;2023-11-03;F;5;0;4;8971;3403129;64735;
1085;Sjælland;2023-11-03;F;15;0;8;8971;3403144;64743;
1083;Syddanmark;2023-11-03;F;17;2;6;8973;3403161;64749;
1084;Hovedstaden;2023-11-03;M;33;1;10;8974;3403194;64759;
1082;Midtjylland;2023-11-03;M;4;0;3;8974;3403198;64762;
1081;Nordjylland;2023-11-03;M;9;0;5;8974;3403207;64767;
1085;Sjælland;2023-11-03;M;11;0;4;8974;3403218;64771;
1083;Syddanmark;2023-11-03;M;13;0;7;8974;3403231;64778;
1084;Hovedstaden;2023-11-04;F;10;0;8;8974;3403241;64786;
1082;Midtjylland;2023-11-04;F;6;0;4;8974;3403247;64790;
1081;Nordjylland;2023-11-04;F;11;1;10;8975;3403258;64800;
1085;Sjælland;2023-11-04;F;6;1;5;8976;3403264;64805;
1083;Syddanmark;2023-11-04;F;7;1;5;8977;3403271;64810;
1084;Hovedstaden;2023-11-04;M;8;1;5;8978;3403279;64815;
1082;Midtjylland;2023-11-04;M;8;0;7;8978;3403287;64822;
1081;Nordjylland;2023-11-04;M;3;0;1;8978;3403290;64823;
1085;Sjælland;2023-11-04;M;5;0;5;8978;3403295;64828;
1083;Syddanmark;2023-11-04;M;11;1;8;8979;3403306;64836;
1084;Hovedstaden;2023-11-05;F;10;1;8;8980;3403316;64844;
1082;Midtjylland;2023-11-05;F;8;1;6;8981;3403324;64850;
1081;Nordjylland;2023-11-05;F;5;0;3;8981;3403329;64853;
1085;Sjælland;2023-11-05;F;5;0;4;8981;3403334;64857;
1083;Syddanmark;2023-11-05;F;12;1;6;8982;3403346;64863;
1084;Hovedstaden;2023-11-05;M;21;2;15;8984;3403367;64878;
1082;Midtjylland;2023-11-05;M;6;0;2;8984;3403373;64880;
1081;Nordjylland;2023-11-05;M;3;0;3;8984;3403376;64883;
1085;Sjælland;2023-11-05;M;5;0;5;8984;3403381;64888;
1083;Syddanmark;2023-11-05;M;7;2;6;8986;3403388;64894;
1084;Hovedstaden;2023-11-06;F;48;1;12;8987;3403436;64906;
1082;Midtjylland;2023-11-06;F;15;1;6;8988;3403451;64912;
1081;Nordjylland;2023-11-06;F;3;0;1;8988;3403454;64913;
1085;Sjælland;2023-11-06;F;11;1;4;8989;3403465;64917;
1083;Syddanmark;2023-11-06;F;21;1;9;8990;3403486;64926;
1084;Hovedstaden;2023-11-06;M;47;0;14;8990;3403533;64940;
1082;Midtjylland;2023-11-06;M;16;1;9;8991;3403549;64949;
1081;Nordjylland;2023-11-06;M;5;0;4;8991;3403554;64953;
1085;Sjælland;2023-11-06;M;20;1;9;8992;3403574;64962;
1083;Syddanmark;2023-11-06;M;15;2;9;8994;3403589;64971;
1084;Hovedstaden;2023-11-07;F;41;1;15;8995;3403630;64986;
1082;Midtjylland;2023-11-07;F;16;1;7;8996;3403646;64993;
1081;Nordjylland;2023-11-07;F;10;0;7;8996;3403656;65000;
1085;Sjælland;2023-11-07;F;14;0;4;8996;3403670;65004;
1083;Syddanmark;2023-11-07;F;18;1;8;8997;3403688;65012;
1084;Hovedstaden;2023-11-07;M;37;2;12;8999;3403725;65024;
1082;Midtjylland;2023-11-07;M;9;0;3;8999;3403734;65027;
1081;Nordjylland;2023-11-07;M;3;0;3;8999;3403737;65030;
1085;Sjælland;2023-11-07;M;19;1;5;9000;3403756;65035;
1083;Syddanmark;2023-11-07;M;14;1;8;9001;3403770;65043;
1084;Hovedstaden;2023-11-08;F;38;0;8;9001;3403808;65051;
1082;Midtjylland;2023-11-08;F;9;1;4;9002;3403817;65055;
1081;Nordjylland;2023-11-08;F;8;0;6;9002;3403825;65061;
1085;Sjælland;2023-11-08;F;19;0;7;9002;3403844;65068;
1083;Syddanmark;2023-11-08;F;17;0;6;9002;3403861;65074;
1084;Hovedstaden;2023-11-08;M;31;3;12;9005;3403892;65086;
1082;Midtjylland;2023-11-08;M;5;0;5;9005;3403897;65091;
1081;Nordjylland;2023-11-08;M;9;1;5;9006;3403906;65096;
1085;Sjælland;2023-11-08;M;10;0;4;9006;3403916;65100;
1083;Syddanmark;2023-11-08;M;18;1;6;9007;3403934;65106;
1084;Hovedstaden;2023-11-09;F;34;1;9;9008;3403968;65115;
1082;Midtjylland;2023-11-09;F;12;0;4;9008;3403980;65119;
1081;Nordjylland;2023-11-09;F;4;0;0;9008;3403984;65119;
1085;Sjælland;2023-11-09;F;10;1;4;9009;3403994;65123;
1083;Syddanmark;2023-11-09;F;23;0;4;9009;3404017;65127;
1084;Hovedstaden;2023-11-09;M;38;3;14;9012;3404055;65141;
1082;Midtjylland;2023-11-09;M;13;2;6;9014;3404068;65147;
1081;Nordjylland;2023-11-09;M;9;0;4;9014;3404077;65151;
1085;Sjælland;2023-11-09;M;20;2;6;9016;3404097;65157;
1083;Syddanmark;2023-11-09;M;17;1;7;9017;3404114;65164;
1084;Hovedstaden;2023-11-10;F;34;1;5;9018;3404148;65169;
1082;Midtjylland;2023-11-10;F;8;0;1;9018;3404156;65170;
1081;Nordjylland;2023-11-10;F;10;0;6;9018;3404166;65176;
1085;Sjælland;2023-11-10;F;13;1;3;9019;3404179;65179;
1083;Syddanmark;2023-11-10;F;26;1;10;9020;3404205;65189;
1084;Hovedstaden;2023-11-10;M;33;2;13;9022;3404238;65202;
1082;Midtjylland;2023-11-10;M;12;0;7;9022;3404250;65209;
1081;Nordjylland;2023-11-10;M;5;0;2;9022;3404255;65211;
1085;Sjælland;2023-11-10;M;12;1;7;9023;3404267;65218;
1083;Syddanmark;2023-11-10;M;20;1;9;9024;3404287;65227;
1084;Hovedstaden;2023-11-11;F;15;1;11;9025;3404302;65238;
1082;Midtjylland;2023-11-11;F;6;1;4;9026;3404308;65242;
1081;Nordjylland;2023-11-11;F;9;1;6;9027;3404317;65248;
1085;Sjælland;2023-11-11;F;3;0;2;9027;3404320;65250;
1083;Syddanmark;2023-11-11;F;10;0;5;9027;3404330;65255;
1084;Hovedstaden;2023-11-11;M;10;2;6;9029;3404340;65261;
1082;Midtjylland;2023-11-11;M;7;1;4;9030;3404347;65265;
1081;Nordjylland;2023-11-11;M;4;1;3;9031;3404351;65268;
1085;Sjælland;2023-11-11;M;8;0;5;9031;3404359;65273;
1083;Syddanmark;2023-11-11;M;10;1;8;9032;3404369;65281;
1084;Hovedstaden;2023-11-12;F;16;1;4;9033;3404385;65285;
1082;Midtjylland;2023-11-12;F;6;0;2;9033;3404391;65287;
1081;Nordjylland;2023-11-12;F;5;1;2;9034;3404396;65289;
1085;Sjælland;2023-11-12;F;10;0;6;9034;3404406;65295;
1083;Syddanmark;2023-11-12;F;7;0;4;9034;3404413;65299;
1084;Hovedstaden;2023-11-12;M;13;1;7;9035;3404426;65306;
1082;Midtjylland;2023-11-12;M;8;0;3;9035;3404434;65309;
1081;Nordjylland;2023-11-12;M;6;0;3;9035;3404440;65312;
1085;Sjælland;2023-11-12;M;14;1;11;9036;3404454;65323;
1083;Syddanmark;2023-11-12;M;7;1;5;9037;3404461;65328;
1084;Hovedstaden;2023-11-13;F;44;1;11;9038;3404505;65339;
1082;Midtjylland;2023-11-13;F;20;0;7;9038;3404525;65346;
1081;Nordjylland;2023-11-13;F;12;1;7;9039;3404537;65353;
1085;Sjælland;2023-11-13;F;23;0;4;9039;3404560;65357;
1083;Syddanmark;2023-11-13;F;27;2;7;9041;3404587;65364;
1084;Hovedstaden;2023-11-13;M;27;1;5;9042;3404614;65369;
1082;Midtjylland;2023-11-13;M;14;0;6;9042;3404628;65375;
1081;Nordjylland;2023-11-13;M;9;0;5;9042;3404637;65380;
1085;Sjælland;2023-11-13;M;14;0;3;9042;3404651;65383;
1083;Syddanmark;2023-11-13;M;18;2;8;9044;3404669;65391;
1084;Hovedstaden;2023-11-14;F;49;2;11;9046;3404718;65402;
1082;Midtjylland;2023-11-14;F;11;2;4;9048;3404729;65406;
1081;Nordjylland;2023-11-14;F;8;0;3;9048;3404737;65409;
1085;Sjælland;2023-11-14;F;18;0;7;9048;3404755;65416;
1083;Syddanmark;2023-11-14;F;25;1;5;9049;3404780;65421;
1084;Hovedstaden;2023-11-14;M;35;3;13;9052;3404815;65434;
1082;Midtjylland;2023-11-14;M;10;0;1;9052;3404825;65435;
1081;Nordjylland;2023-11-14;M;4;0;2;9052;3404829;65437;
1085;Sjælland;2023-11-14;M;16;2;8;9054;3404845;65445;
1083;Syddanmark;2023-11-14;M;19;0;9;9054;3404864;65454;
1084;Hovedstaden;2023-11-15;F;44;2;13;9056;3404908;65467;
1082;Midtjylland;2023-11-15;F;16;1;4;9057;3404924;65471;
1081;Nordjylland;2023-11-15;F;8;0;1;9057;3404932;65472;
1085;Sjælland;2023-11-15;F;16;0;4;9057;3404948;65476;
1083;Syddanmark;2023-11-15;F;22;0;6;9057;3404970;65482;
1084;Hovedstaden;2023-11-15;M;39;2;13;9059;3405009;65495;
1082;Midtjylland;2023-11-15;M;5;0;3;9059;3405014;65498;
1081;Nordjylland;2023-11-15;M;6;0;3;9059;3405020;65501;
1085;Sjælland;2023-11-15;M;24;2;9;9061;3405044;65510;
1083;Syddanmark;2023-11-15;M;16;1;9;9062;3405060;65519;
1084;Hovedstaden;2023-11-16;F;44;3;13;9065;3405104;65532;
1082;Midtjylland;2023-11-16;F;13;0;8;9065;3405117;65540;
1081;Nordjylland;2023-11-16;F;8;0;6;9065;3405125;65546;
1085;Sjælland;2023-11-16;F;28;2;10;9067;3405153;65556;
1083;Syddanmark;2023-11-16;F;18;0;7;9067;3405171;65563;
1084;Hovedstaden;2023-11-16;M;30;1;13;9068;3405201;65576;
1082;Midtjylland;2023-11-16;M;14;0;9;9068;3405215;65585;
1081;Nordjylland;2023-11-16;M;6;0;2;9068;3405221;65587;
1085;Sjælland;2023-11-16;M;21;0;9;9068;3405242;65596;
1083;Syddanmark;2023-11-16;M;17;0;9;9068;3405259;65605;
1084;Hovedstaden;2023-11-17;F;36;1;10;9069;3405295;65615;
1082;Midtjylland;2023-11-17;F;14;0;7;9069;3405309;65622;
1081;Nordjylland;2023-11-17;F;8;0;4;9069;3405317;65626;
1085;Sjælland;2023-11-17;F;14;0;3;9069;3405331;65629;
1083;Syddanmark;2023-11-17;F;23;0;9;9069;3405354;65638;
1084;Hovedstaden;2023-11-17;M;21;0;8;9069;3405375;65646;
1082;Midtjylland;2023-11-17;M;10;1;8;9070;3405385;65654;
1081;Nordjylland;2023-11-17;M;8;1;3;9071;3405393;65657;
1085;Sjælland;2023-11-17;M;16;0;7;9071;3405409;65664;
1083;Syddanmark;2023-11-17;M;23;2;12;9073;3405432;65676;
1084;Hovedstaden;2023-11-18;F;22;0;14;9073;3405454;65690;
1082;Midtjylland;2023-11-18;F;6;0;4;9073;3405460;65694;
1081;Nordjylland;2023-11-18;F;7;2;2;9075;3405467;65696;
1085;Sjælland;2023-11-18;F;8;1;7;9076;3405475;65703;
1083;Syddanmark;2023-11-18;F;9;0;3;9076;3405484;65706;
1084;Hovedstaden;2023-11-18;M;18;2;10;9078;3405502;65716;
1082;Midtjylland;2023-11-18;M;17;0;10;9078;3405519;65726;
1081;Nordjylland;2023-11-18;M;7;0;5;9078;3405526;65731;
1085;Sjælland;2023-11-18;M;8;1;6;9079;3405534;65737;
1083;Syddanmark;2023-11-18;M;12;0;7;9079;3405546;65744;
1084;Hovedstaden;2023-11-19;F;24;1;12;9080;3405570;65756;
1082;Midtjylland;2023-11-19;F;13;0;6;9080;3405583;65762;
1081;Nordjylland;2023-11-19;F;5;1;3;9081;3405588;65765;
1085;Sjælland;2023-11-19;F;6;0;5;9081;3405594;65770;
1083;Syddanmark;2023-11-19;F;8;0;6;9081;3405602;65776;
1084;Hovedstaden;2023-11-19;M;21;3;14;9084;3405623;65790;
1082;Midtjylland;2023-11-19;M;9;0;6;9084;3405632;65796;
1081;Nordjylland;2023-11-19;M;9;0;3;9084;3405641;65799;
1085;Sjælland;2023-11-19;M;6;1;5;9085;3405647;65804;
1083;Syddanmark;2023-11-19;M;16;2;9;9087;3405663;65813;
1084;Hovedstaden;2023-11-20;F;72;0;18;9087;3405735;65831;
1082;Midtjylland;2023-11-20;F;17;0;7;9087;3405752;65838;
1081;Nordjylland;2023-11-20;F;8;0;1;9087;3405760;65839;
1085;Sjælland;2023-11-20;F;30;0;10;9087;3405790;65849;
1083;Syddanmark;2023-11-20;F;21;1;6;9088;3405811;65855;
1084;Hovedstaden;2023-11-20;M;58;3;15;9091;3405869;65870;
1082;Midtjylland;2023-11-20;M;22;1;9;9092;3405891;65879;
1081;Nordjylland;2023-11-20;M;13;2;8;9094;3405904;65887;
1085;Sjælland;2023-11-20;M;16;1;8;9095;3405920;65895;
1083;Syddanmark;2023-11-20;M;13;3;6;9098;3405933;65901;
1084;Hovedstaden;2023-11-21;F;64;2;18;9100;3405997;65919;
1082;Midtjylland;2023-11-21;F;31;0;11;9100;3406028;65930;
1081;Nordjylland;2023-11-21;F;8;0;5;9100;3406036;65935;
1085;Sjælland;2023-11-21;F;29;1;9;9101;3406065;65944;
1083;Syddanmark;2023-11-21;F;32;0;7;9101;3406097;65951;
1084;Hovedstaden;2023-11-21;M;61;3;23;9104;3406158;65974;
1082;Midtjylland;2023-11-21;M;16;1;8;9105;3406174;65982;
1081;Nordjylland;2023-11-21;M;10;0;6;9105;3406184;65988;
1085;Sjælland;2023-11-21;M;26;1;11;9106;3406210;65999;
1083;Syddanmark;2023-11-21;M;23;1;12;9107;3406233;66011;
1084;Hovedstaden;2023-11-22;F;71;3;27;9110;3406304;66038;
1082;Midtjylland;2023-11-22;F;17;0;5;9110;3406321;66043;
1081;Nordjylland;2023-11-22;F;7;0;4;9110;3406328;66047;
1085;Sjælland;2023-11-22;F;36;0;9;9110;3406364;66056;
1083;Syddanmark;2023-11-22;F;34;0;14;9110;3406398;66070;
1084;Hovedstaden;2023-11-22;M;40;0;11;9110;3406438;66081;
1082;Midtjylland;2023-11-22;M;14;2;3;9112;3406452;66084;
1081;Nordjylland;2023-11-22;M;10;1;5;9113;3406462;66089;
1085;Sjælland;2023-11-22;M;17;0;3;9113;3406479;66092;
1083;Syddanmark;2023-11-22;M;33;0;14;9113;3406512;66106;
1084;Hovedstaden;2023-11-23;F;63;2;9;9115;3406575;66115;
1082;Midtjylland;2023-11-23;F;23;0;7;9115;3406598;66122;
1081;Nordjylland;2023-11-23;F;9;0;4;9115;3406607;66126;
1085;Sjælland;2023-11-23;F;23;0;5;9115;3406630;66131;
1083;Syddanmark;2023-11-23;F;34;0;12;9115;3406664;66143;
1084;Hovedstaden;2023-11-23;M;51;1;20;9116;3406715;66163;
1082;Midtjylland;2023-11-23;M;18;0;10;9116;3406733;66173;
1081;Nordjylland;2023-11-23;M;15;1;8;9117;3406748;66181;
1085;Sjælland;2023-11-23;M;22;3;12;9120;3406770;66193;
1083;Syddanmark;2023-11-23;M;15;0;5;9120;3406785;66198;
1084;Hovedstaden;2023-11-24;F;44;0;9;9120;3406829;66207;
1082;Midtjylland;2023-11-24;F;13;0;2;9120;3406842;66209;
1081;Nordjylland;2023-11-24;F;14;2;10;9122;3406856;66219;
1085;Sjælland;2023-11-24;F;22;2;10;9124;3406878;66229;
1083;Syddanmark;2023-11-24;F;28;2;8;9126;3406906;66237;
1084;Hovedstaden;2023-11-24;M;43;1;13;9127;3406949;66250;
1082;Midtjylland;2023-11-24;M;13;1;7;9128;3406962;66257;
1081;Nordjylland;2023-11-24;M;10;1;4;9129;3406972;66261;
1085;Sjælland;2023-11-24;M;19;2;9;9131;3406991;66270;
1083;Syddanmark;2023-11-24;M;24;0;8;9131;3407015;66278;
1084;Hovedstaden;2023-11-25;F;21;2;12;9133;3407036;66290;
1082;Midtjylland;2023-11-25;F;12;0;8;9133;3407048;66298;
1081;Nordjylland;2023-11-25;F;16;1;8;9134;3407064;66306;
1085;Sjælland;2023-11-25;F;9;1;7;9135;3407073;66313;
1083;Syddanmark;2023-11-25;F;8;0;5;9135;3407081;66318;
1084;Hovedstaden;2023-11-25;M;21;1;7;9136;3407102;66325;
1082;Midtjylland;2023-11-25;M;14;2;8;9138;3407116;66333;
1081;Nordjylland;2023-11-25;M;9;2;7;9140;3407125;66340;
1085;Sjælland;2023-11-25;M;13;0;12;9140;3407138;66352;
1083;Syddanmark;2023-11-25;M;19;1;11;9141;3407157;66363;
1084;Hovedstaden;2023-11-26;F;31;0;9;9141;3407188;66372;
1082;Midtjylland;2023-11-26;F;12;0;5;9141;3407200;66377;
1081;Nordjylland;2023-11-26;F;9;0;6;9141;3407209;66383;
1085;Sjælland;2023-11-26;F;19;0;12;9141;3407228;66395;
1083;Syddanmark;2023-11-26;F;15;0;6;9141;3407243;66401;
1084;Hovedstaden;2023-11-26;M;15;2;10;9143;3407258;66411;
1082;Midtjylland;2023-11-26;M;15;2;8;9145;3407273;66419;
1081;Nordjylland;2023-11-26;M;9;0;4;9145;3407282;66423;
1085;Sjælland;2023-11-26;M;19;3;13;9148;3407301;66436;
1083;Syddanmark;2023-11-26;M;13;0;10;9148;3407314;66446;
1084;Hovedstaden;2023-11-27;F;79;3;13;9151;3407393;66459;
1082;Midtjylland;2023-11-27;F;18;0;4;9151;3407411;66463;
1081;Nordjylland;2023-11-27;F;8;0;5;9151;3407419;66468;
1085;Sjælland;2023-11-27;F;35;1;9;9152;3407454;66477;
1083;Syddanmark;2023-11-27;F;30;2;11;9154;3407484;66488;
1084;Hovedstaden;2023-11-27;M;59;0;14;9154;3407543;66502;
1082;Midtjylland;2023-11-27;M;21;2;12;9156;3407564;66514;
1081;Nordjylland;2023-11-27;M;7;0;4;9156;3407571;66518;
1085;Sjælland;2023-11-27;M;34;0;9;9156;3407605;66527;
1083;Syddanmark;2023-11-27;M;28;4;16;9160;3407633;66543;
1084;Hovedstaden;2023-11-28;F;86;2;10;9162;3407719;66553;
1082;Midtjylland;2023-11-28;F;30;0;8;9162;3407749;66561;
1081;Nordjylland;2023-11-28;F;13;1;2;9163;3407762;66563;
1085;Sjælland;2023-11-28;F;41;4;11;9167;3407803;66574;
1083;Syddanmark;2023-11-28;F;31;0;7;9167;3407834;66581;
1084;Hovedstaden;2023-11-28;M;50;2;12;9169;3407884;66593;
1082;Midtjylland;2023-11-28;M;20;0;13;9169;3407904;66606;
1081;Nordjylland;2023-11-28;M;10;0;5;9169;3407914;66611;
1085;Sjælland;2023-11-28;M;30;1;10;9170;3407944;66621;
1083;Syddanmark;2023-11-28;M;23;2;11;9172;3407967;66632;
1084;Hovedstaden;2023-11-29;F;94;1;13;9173;3408061;66645;
1082;Midtjylland;2023-11-29;F;30;0;7;9173;3408091;66652;
1081;Nordjylland;2023-11-29;F;11;0;5;9173;3408102;66657;
1085;Sjælland;2023-11-29;F;26;1;9;9174;3408128;66666;
1083;Syddanmark;2023-11-29;F;36;0;9;9174;3408164;66675;
1084;Hovedstaden;2023-11-29;M;66;1;17;9175;3408230;66692;
1082;Midtjylland;2023-11-29;M;25;1;7;9176;3408255;66699;
1081;Nordjylland;2023-11-29;M;12;2;11;9178;3408267;66710;
1085;Sjælland;2023-11-29;M;22;0;4;9178;3408289;66714;
1083;Syddanmark;2023-11-29;M;23;3;10;9181;3408312;66724;
1084;Hovedstaden;2023-11-30;F;84;1;21;9182;3408396;66745;
1082;Midtjylland;2023-11-30;F;27;1;5;9183;3408423;66750;
1081;Nordjylland;2023-11-30;F;17;0;9;9183;3408440;66759;
1085;Sjælland;2023-11-30;F;35;2;13;9185;3408475;66772;
1083;Syddanmark;2023-11-30;F;36;2;9;9187;3408511;66781;
1084;Hovedstaden;2023-11-30;M;71;0;13;9187;3408582;66794;
1082;Midtjylland;2023-11-30;M;25;3;14;9190;3408607;66808;
1081;Nordjylland;2023-11-30;M;11;0;5;9190;3408618;66813;
1085;Sjælland;2023-11-30;M;25;2;8;9192;3408643;66821;
1083;Syddanmark;2023-11-30;M;33;1;16;9193;3408676;66837;
1084;Hovedstaden;2023-12-01;F;88;0;14;9193;3408764;66851;
1082;Midtjylland;2023-12-01;F;39;2;13;9195;3408803;66864;
1081;Nordjylland;2023-12-01;F;6;0;3;9195;3408809;66867;
1085;Sjælland;2023-12-01;F;26;0;6;9195;3408835;66873;
1083;Syddanmark;2023-12-01;F;28;0;7;9195;3408863;66880;
1084;Hovedstaden;2023-12-01;M;69;4;19;9199;3408932;66899;
1082;Midtjylland;2023-12-01;M;21;1;11;9200;3408953;66910;
1081;Nordjylland;2023-12-01;M;14;0;5;9200;3408967;66915;
1085;Sjælland;2023-12-01;M;27;1;11;9201;3408994;66926;
1083;Syddanmark;2023-12-01;M;28;1;11;9202;3409022;66937;
1084;Hovedstaden;2023-12-02;F;36;1;16;9203;3409058;66953;
1082;Midtjylland;2023-12-02;F;12;0;8;9203;3409070;66961;
1081;Nordjylland;2023-12-02;F;8;0;3;9203;3409078;66964;
1085;Sjælland;2023-12-02;F;16;1;9;9204;3409094;66973;
1083;Syddanmark;2023-12-02;F;22;0;13;9204;3409116;66986;
1084;Hovedstaden;2023-12-02;M;27;2;9;9206;3409143;66995;
1082;Midtjylland;2023-12-02;M;12;0;6;9206;3409155;67001;
1081;Nordjylland;2023-12-02;M;16;0;7;9206;3409171;67008;
1085;Sjælland;2023-12-02;M;9;0;4;9206;3409180;67012;
1083;Syddanmark;2023-12-02;M;17;1;11;9207;3409197;67023;
1084;Hovedstaden;2023-12-03;F;32;3;12;9210;3409229;67035;
1082;Midtjylland;2023-12-03;F;19;0;8;9210;3409248;67043;
1081;Nordjylland;2023-12-03;F;7;0;2;9210;3409255;67045;
1085;Sjælland;2023-12-03;F;17;3;8;9213;3409272;67053;
1083;Syddanmark;2023-12-03;F;17;0;5;9213;3409289;67058;
1084;Hovedstaden;2023-12-03;M;28;2;10;9215;3409317;67068;
1082;Midtjylland;2023-12-03;M;10;0;7;9215;3409327;67075;
1081;Nordjylland;2023-12-03;M;8;1;6;9216;3409335;67081;
1085;Sjælland;2023-12-03;M;13;0;7;9216;3409348;67088;
1083;Syddanmark;2023-12-03;M;8;1;7;9217;3409356;67095;
1084;Hovedstaden;2023-12-04;F;116;1;12;9218;3409472;67107;
1082;Midtjylland;2023-12-04;F;36;0;9;9218;3409508;67116;
1081;Nordjylland;2023-12-04;F;12;1;7;9219;3409520;67123;
1085;Sjælland;2023-12-04;F;45;2;10;9221;3409565;67133;
1083;Syddanmark;2023-12-04;F;43;0;6;9221;3409608;67139;
1084;Hovedstaden;2023-12-04;M;82;1;19;9222;3409690;67158;
1082;Midtjylland;2023-12-04;M;23;2;15;9224;3409713;67173;
1081;Nordjylland;2023-12-04;M;18;0;9;9224;3409731;67182;
1085;Sjælland;2023-12-04;M;40;2;14;9226;3409771;67196;
1083;Syddanmark;2023-12-04;M;35;1;12;9227;3409806;67208;
1084;Hovedstaden;2023-12-05;F;113;2;21;9229;3409919;67229;
1082;Midtjylland;2023-12-05;F;25;0;8;9229;3409944;67237;
1081;Nordjylland;2023-12-05;F;12;0;7;9229;3409956;67244;
1085;Sjælland;2023-12-05;F;42;1;13;9230;3409998;67257;
1083;Syddanmark;2023-12-05;F;38;1;8;9231;3410036;67265;
1084;Hovedstaden;2023-12-05;M;85;0;16;9231;3410121;67281;
1082;Midtjylland;2023-12-05;M;26;2;12;9233;3410147;67293;
1081;Nordjylland;2023-12-05;M;14;0;7;9233;3410161;67300;
1085;Sjælland;2023-12-05;M;38;0;13;9233;3410199;67313;
1083;Syddanmark;2023-12-05;M;29;0;7;9233;3410228;67320;
1084;Hovedstaden;2023-12-06;F;122;2;18;9235;3410350;67338;
1082;Midtjylland;2023-12-06;F;31;2;6;9237;3410381;67344;
1081;Nordjylland;2023-12-06;F;16;1;3;9238;3410397;67347;
1085;Sjælland;2023-12-06;F;40;1;12;9239;3410437;67359;
1083;Syddanmark;2023-12-06;F;39;1;11;9240;3410476;67370;
1084;Hovedstaden;2023-12-06;M;77;2;18;9242;3410553;67388;
1082;Midtjylland;2023-12-06;M;26;3;14;9245;3410579;67402;
1081;Nordjylland;2023-12-06;M;12;0;7;9245;3410591;67409;
1085;Sjælland;2023-12-06;M;37;4;15;9249;3410628;67424;
1083;Syddanmark;2023-12-06;M;41;1;20;9250;3410669;67444;
1084;Hovedstaden;2023-12-07;F;121;3;25;9253;3410790;67469;
1082;Midtjylland;2023-12-07;F;33;0;8;9253;3410823;67477;
1081;Nordjylland;2023-12-07;F;16;0;8;9253;3410839;67485;
1085;Sjælland;2023-12-07;F;47;1;14;9254;3410886;67499;
1083;Syddanmark;2023-12-07;F;49;1;6;9255;3410935;67505;
1084;Hovedstaden;2023-12-07;M;95;6;24;9261;3411030;67529;
1082;Midtjylland;2023-12-07;M;28;1;13;9262;3411058;67542;
1081;Nordjylland;2023-12-07;M;11;0;7;9262;3411069;67549;
1085;Sjælland;2023-12-07;M;43;2;14;9264;3411112;67563;
1083;Syddanmark;2023-12-07;M;42;1;15;9265;3411154;67578;
1084;Hovedstaden;2023-12-08;F;121;1;21;9266;3411275;67599;
1082;Midtjylland;2023-12-08;F;33;1;15;9267;3411308;67614;
1081;Nordjylland;2023-12-08;F;13;0;9;9267;3411321;67623;
1085;Sjælland;2023-12-08;F;40;1;13;9268;3411361;67636;
1083;Syddanmark;2023-12-08;F;51;1;16;9269;3411412;67652;
1084;Hovedstaden;2023-12-08;M;87;3;20;9272;3411499;67672;
1082;Midtjylland;2023-12-08;M;33;1;14;9273;3411532;67686;
1081;Nordjylland;2023-12-08;M;14;2;9;9275;3411546;67695;
1085;Sjælland;2023-12-08;M;35;2;13;9277;3411581;67708;
1083;Syddanmark;2023-12-08;M;36;2;10;9279;3411617;67718;
1084;Hovedstaden;2023-12-09;F;34;3;16;9282;3411651;67734;
1082;Midtjylland;2023-12-09;F;14;1;10;9283;3411665;67744;
1081;Nordjylland;2023-12-09;F;8;0;4;9283;3411673;67748;
1085;Sjælland;2023-12-09;F;10;1;6;9284;3411683;67754;
1083;Syddanmark;2023-12-09;F;12;1;9;9285;3411695;67763;
1084;Hovedstaden;2023-12-09;M;41;4;25;9289;3411736;67788;
1082;Midtjylland;2023-12-09;M;17;1;10;9290;3411753;67798;
1081;Nordjylland;2023-12-09;M;7;0;5;9290;3411760;67803;
1085;Sjælland;2023-12-09;M;19;4;12;9294;3411779;67815;
1083;Syddanmark;2023-12-09;M;30;5;17;9299;3411809;67832;
1084;Hovedstaden;2023-12-10;F;41;0;22;9299;3411850;67854;
1082;Midtjylland;2023-12-10;F;21;2;11;9301;3411871;67865;
1081;Nordjylland;2023-12-10;F;11;0;6;9301;3411882;67871;
1085;Sjælland;2023-12-10;F;21;3;12;9304;3411903;67883;
1083;Syddanmark;2023-12-10;F;26;0;12;9304;3411929;67895;
1084;Hovedstaden;2023-12-10;M;43;3;23;9307;3411972;67918;
1082;Midtjylland;2023-12-10;M;18;2;11;9309;3411990;67929;
1081;Nordjylland;2023-12-10;M;8;1;4;9310;3411998;67933;
1085;Sjælland;2023-12-10;M;30;1;21;9311;3412028;67954;
1083;Syddanmark;2023-12-10;M;28;3;21;9314;3412056;67975;
1084;Hovedstaden;2023-12-11;F;146;1;22;9315;3412202;67997;
1082;Midtjylland;2023-12-11;F;29;1;13;9316;3412231;68010;
1081;Nordjylland;2023-12-11;F;15;0;4;9316;3412246;68014;
1085;Sjælland;2023-12-11;F;54;1;16;9317;3412300;68030;
1083;Syddanmark;2023-12-11;F;51;3;12;9320;3412351;68042;
1084;Hovedstaden;2023-12-11;M;122;2;22;9322;3412473;68064;
1082;Midtjylland;2023-12-11;M;30;4;16;9326;3412503;68080;
1081;Nordjylland;2023-12-11;M;13;1;6;9327;3412516;68086;
1085;Sjælland;2023-12-11;M;53;2;16;9329;3412569;68102;
1083;Syddanmark;2023-12-11;M;36;1;15;9330;3412605;68117;
1084;Hovedstaden;2023-12-12;F;134;1;19;9331;3412739;68136;
1082;Midtjylland;2023-12-12;F;30;0;12;9331;3412769;68148;
1081;Nordjylland;2023-12-12;F;10;0;5;9331;3412779;68153;
1085;Sjælland;2023-12-12;F;44;3;9;9334;3412823;68162;
1083;Syddanmark;2023-12-12;F;50;1;18;9335;3412873;68180;
1084;Hovedstaden;2023-12-12;M;89;4;22;9339;3412962;68202;
1082;Midtjylland;2023-12-12;M;29;3;13;9342;3412991;68215;
1081;Nordjylland;2023-12-12;M;15;0;10;9342;3413006;68225;
1085;Sjælland;2023-12-12;M;47;4;10;9346;3413053;68235;
1083;Syddanmark;2023-12-12;M;40;1;12;9347;3413093;68247;
1084;Hovedstaden;2023-12-13;F;107;0;22;9347;3413200;68269;
1082;Midtjylland;2023-12-13;F;27;1;7;9348;3413227;68276;
1081;Nordjylland;2023-12-13;F;12;0;4;9348;3413239;68280;
1085;Sjælland;2023-12-13;F;62;2;12;9350;3413301;68292;
1083;Syddanmark;2023-12-13;F;41;1;11;9351;3413342;68303;
1084;Hovedstaden;2023-12-13;M;83;6;21;9357;3413425;68324;
1082;Midtjylland;2023-12-13;M;33;0;20;9357;3413458;68344;
1081;Nordjylland;2023-12-13;M;7;1;5;9358;3413465;68349;
1085;Sjælland;2023-12-13;M;47;4;15;9362;3413512;68364;
1083;Syddanmark;2023-12-13;M;33;2;14;9364;3413545;68378;
1084;Hovedstaden;2023-12-14;F;96;0;20;9364;3413641;68398;
1082;Midtjylland;2023-12-14;F;18;1;5;9365;3413659;68403;
1081;Nordjylland;2023-12-14;F;9;0;5;9365;3413668;68408;
1085;Sjælland;2023-12-14;F;37;4;14;9369;3413705;68422;
1083;Syddanmark;2023-12-14;F;46;0;15;9369;3413751;68437;
1084;Hovedstaden;2023-12-14;M;88;2;21;9371;3413839;68458;
1082;Midtjylland;2023-12-14;M;27;1;12;9372;3413866;68470;
1081;Nordjylland;2023-12-14;M;15;3;9;9375;3413881;68479;
1085;Sjælland;2023-12-14;M;40;3;20;9378;3413921;68499;
1083;Syddanmark;2023-12-14;M;46;3;22;9381;3413967;68521;
1084;Hovedstaden;2023-12-15;F;100;2;28;9383;3414067;68549;
1082;Midtjylland;2023-12-15;F;28;1;12;9384;3414095;68561;
1081;Nordjylland;2023-12-15;F;12;1;7;9385;3414107;68568;
1085;Sjælland;2023-12-15;F;29;0;6;9385;3414136;68574;
1083;Syddanmark;2023-12-15;F;38;3;13;9388;3414174;68587;
1084;Hovedstaden;2023-12-15;M;81;4;27;9392;3414255;68614;
1082;Midtjylland;2023-12-15;M;23;0;9;9392;3414278;68623;
1081;Nordjylland;2023-12-15;M;4;0;2;9392;3414282;68625;
1085;Sjælland;2023-12-15;M;35;0;13;9392;3414317;68638;
1083;Syddanmark;2023-12-15;M;31;3;14;9395;3414348;68652;
1084;Hovedstaden;2023-12-16;F;30;2;11;9397;3414378;68663;
1082;Midtjylland;2023-12-16;F;14;3;8;9400;3414392;68671;
1081;Nordjylland;2023-12-16;F;13;0;6;9400;3414405;68677;
1085;Sjælland;2023-12-16;F;10;4;6;9404;3414415;68683;
1083;Syddanmark;2023-12-16;F;13;0;9;9404;3414428;68692;
1084;Hovedstaden;2023-12-16;M;36;5;21;9409;3414464;68713;
1082;Midtjylland;2023-12-16;M;15;1;13;9410;3414479;68726;
1081;Nordjylland;2023-12-16;M;12;1;8;9411;3414491;68734;
1085;Sjælland;2023-12-16;M;12;0;10;9411;3414503;68744;
1083;Syddanmark;2023-12-16;M;19;1;12;9412;3414522;68756;
1084;Hovedstaden;2023-12-17;F;45;2;23;9414;3414567;68779;
1082;Midtjylland;2023-12-17;F;13;0;8;9414;3414580;68787;
1081;Nordjylland;2023-12-17;F;8;0;3;9414;3414588;68790;
1085;Sjælland;2023-12-17;F;18;2;11;9416;3414606;68801;
1083;Syddanmark;2023-12-17;F;20;1;13;9417;3414626;68814;
1084;Hovedstaden;2023-12-17;M;38;6;25;9423;3414664;68839;
1082;Midtjylland;2023-12-17;M;11;2;6;9425;3414675;68845;
1081;Nordjylland;2023-12-17;M;9;0;5;9425;3414684;68850;
1085;Sjælland;2023-12-17;M;19;3;15;9428;3414703;68865;
1083;Syddanmark;2023-12-17;M;26;6;20;9434;3414729;68885;
1084;Hovedstaden;2023-12-18;F;104;2;22;9436;3414833;68907;
1082;Midtjylland;2023-12-18;F;29;1;9;9437;3414862;68916;
1081;Nordjylland;2023-12-18;F;9;0;3;9437;3414871;68919;
1085;Sjælland;2023-12-18;F;46;0;10;9437;3414917;68929;
1083;Syddanmark;2023-12-18;F;47;3;18;9440;3414964;68947;
1084;Hovedstaden;2023-12-18;M;85;1;25;9441;3415049;68972;
1082;Midtjylland;2023-12-18;M;29;2;15;9443;3415078;68987;
1081;Nordjylland;2023-12-18;M;14;1;8;9444;3415092;68995;
1085;Sjælland;2023-12-18;M;36;2;14;9446;3415128;69009;
1083;Syddanmark;2023-12-18;M;44;4;20;9450;3415172;69029;
1084;Hovedstaden;2023-12-19;F;91;2;17;9452;3415263;69046;
1082;Midtjylland;2023-12-19;F;33;0;14;9452;3415296;69060;
1081;Nordjylland;2023-12-19;F;6;1;4;9453;3415302;69064;
1085;Sjælland;2023-12-19;F;43;1;10;9454;3415345;69074;
1083;Syddanmark;2023-12-19;F;34;0;10;9454;3415379;69084;
1084;Hovedstaden;2023-12-19;M;71;3;27;9457;3415450;69111;
1082;Midtjylland;2023-12-19;M;22;1;11;9458;3415472;69122;
1081;Nordjylland;2023-12-19;M;13;2;5;9460;3415485;69127;
1085;Sjælland;2023-12-19;M;42;2;13;9462;3415527;69140;
1083;Syddanmark;2023-12-19;M;35;2;16;9464;3415562;69156;
1084;Hovedstaden;2023-12-20;F;88;3;24;9467;3415650;69180;
1082;Midtjylland;2023-12-20;F;12;0;7;9467;3415662;69187;
1081;Nordjylland;2023-12-20;F;7;2;3;9469;3415669;69190;
1085;Sjælland;2023-12-20;F;26;1;7;9470;3415695;69197;
1083;Syddanmark;2023-12-20;F;32;2;12;9472;3415727;69209;
1084;Hovedstaden;2023-12-20;M;55;3;18;9475;3415782;69227;
1082;Midtjylland;2023-12-20;M;25;1;15;9476;3415807;69242;
1081;Nordjylland;2023-12-20;M;9;0;6;9476;3415816;69248;
1085;Sjælland;2023-12-20;M;35;2;10;9478;3415851;69258;
1083;Syddanmark;2023-12-20;M;21;1;11;9479;3415872;69269;
1084;Hovedstaden;2023-12-21;F;82;1;14;9480;3415954;69283;
1082;Midtjylland;2023-12-21;F;20;0;7;9480;3415974;69290;
1081;Nordjylland;2023-12-21;F;9;1;4;9481;3415983;69294;
1085;Sjælland;2023-12-21;F;36;2;13;9483;3416019;69307;
1083;Syddanmark;2023-12-21;F;35;1;13;9484;3416054;69320;
1084;Hovedstaden;2023-12-21;M;67;2;27;9486;3416121;69347;
1082;Midtjylland;2023-12-21;M;22;3;14;9489;3416143;69361;
1081;Nordjylland;2023-12-21;M;8;1;5;9490;3416151;69366;
1085;Sjælland;2023-12-21;M;25;2;9;9492;3416176;69375;
1083;Syddanmark;2023-12-21;M;21;1;9;9493;3416197;69384;
1084;Hovedstaden;2023-12-22;F;61;3;18;9496;3416258;69402;
1082;Midtjylland;2023-12-22;F;23;1;14;9497;3416281;69416;
1081;Nordjylland;2023-12-22;F;8;1;6;9498;3416289;69422;
1085;Sjælland;2023-12-22;F;34;1;12;9499;3416323;69434;
1083;Syddanmark;2023-12-22;F;18;2;10;9501;3416341;69444;
1084;Hovedstaden;2023-12-22;M;42;3;17;9504;3416383;69461;
1082;Midtjylland;2023-12-22;M;14;1;9;9505;3416397;69470;
1081;Nordjylland;2023-12-22;M;6;2;5;9507;3416403;69475;
1085;Sjælland;2023-12-22;M;17;3;10;9510;3416420;69485;
1083;Syddanmark;2023-12-22;M;19;3;14;9513;3416439;69499;
1084;Hovedstaden;2023-12-23;F;22;2;9;9515;3416461;69508;
1082;Midtjylland;2023-12-23;F;7;0;6;9515;3416468;69514;
1081;Nordjylland;2023-12-23;F;2;0;2;9515;3416470;69516;
1085;Sjælland;2023-12-23;F;4;1;1;9516;3416474;69517;
1083;Syddanmark;2023-12-23;F;14;0;8;9516;3416488;69525;
1084;Hovedstaden;2023-12-23;M;22;3;13;9519;3416510;69538;
1082;Midtjylland;2023-12-23;M;13;0;5;9519;3416523;69543;
1081;Nordjylland;2023-12-23;M;4;1;4;9520;3416527;69547;
1085;Sjælland;2023-12-23;M;12;1;9;9521;3416539;69556;
1083;Syddanmark;2023-12-23;M;18;2;11;9523;3416557;69567;
1084;Hovedstaden;2023-12-24;F;25;2;16;9525;3416582;69583;
1082;Midtjylland;2023-12-24;F;10;2;8;9527;3416592;69591;
1081;Nordjylland;2023-12-24;F;4;0;4;9527;3416596;69595;
1085;Sjælland;2023-12-24;F;12;2;8;9529;3416608;69603;
1083;Syddanmark;2023-12-24;F;11;2;4;9531;3416619;69607;
1084;Hovedstaden;2023-12-24;M;15;2;9;9533;3416634;69616;
1082;Midtjylland;2023-12-24;M;11;0;6;9533;3416645;69622;
1081;Nordjylland;2023-12-24;M;5;1;5;9534;3416650;69627;
1085;Sjælland;2023-12-24;M;10;0;5;9534;3416660;69632;
1083;Syddanmark;2023-12-24;M;11;0;8;9534;3416671;69640;
1084;Hovedstaden;2023-12-25;F;25;1;13;9535;3416696;69653;
1082;Midtjylland;2023-12-25;F;19;0;15;9535;3416715;69668;
1081;Nordjylland;2023-12-25;F;6;1;5;9536;3416721;69673;
1085;Sjælland;2023-12-25;F;7;0;5;9536;3416728;69678;
1083;Syddanmark;2023-12-25;F;17;1;12;9537;3416745;69690;
1084;Hovedstaden;2023-12-25;M;24;4;19;9541;3416769;69709;
1082;Midtjylland;2023-12-25;M;20;2;14;9543;3416789;69723;
1081;Nordjylland;2023-12-25;M;9;0;9;9543;3416798;69732;
1085;Sjælland;2023-12-25;M;13;1;10;9544;3416811;69742;
1083;Syddanmark;2023-12-25;M;13;2;12;9546;3416824;69754;
1084;Hovedstaden;2023-12-26;F;26;2;18;9548;3416850;69772;
1082;Midtjylland;2023-12-26;F;12;0;8;9548;3416862;69780;
1081;Nordjylland;2023-12-26;F;5;0;3;9548;3416867;69783;
1085;Sjælland;2023-12-26;F;4;0;2;9548;3416871;69785;
1083;Syddanmark;2023-12-26;F;11;0;9;9548;3416882;69794;
1084;Hovedstaden;2023-12-26;M;32;5;21;9553;3416914;69815;
1082;Midtjylland;2023-12-26;M;10;0;9;9553;3416924;69824;
1081;Nordjylland;2023-12-26;M;7;1;4;9554;3416931;69828;
1085;Sjælland;2023-12-26;M;6;0;4;9554;3416937;69832;
1083;Syddanmark;2023-12-26;M;8;1;7;9555;3416945;69839;
1084;Hovedstaden;2023-12-27;F;35;2;10;9557;3416980;69849;
1082;Midtjylland;2023-12-27;F;15;2;10;9559;3416995;69859;
1081;Nordjylland;2023-12-27;F;5;0;3;9559;3417000;69862;
1085;Sjælland;2023-12-27;F;15;0;5;9559;3417015;69867;
1083;Syddanmark;2023-12-27;F;18;0;8;9559;3417033;69875;
1084;Hovedstaden;2023-12-27;M;41;3;13;9562;3417074;69888;
1082;Midtjylland;2023-12-27;M;16;0;7;9562;3417090;69895;
1081;Nordjylland;2023-12-27;M;5;0;4;9562;3417095;69899;
1085;Sjælland;2023-12-27;M;19;1;9;9563;3417114;69908;
1083;Syddanmark;2023-12-27;M;20;3;13;9566;3417134;69921;
1084;Hovedstaden;2023-12-28;F;44;1;13;9567;3417178;69934;
1082;Midtjylland;2023-12-28;F;12;1;6;9568;3417190;69940;
1081;Nordjylland;2023-12-28;F;5;0;2;9568;3417195;69942;
1085;Sjælland;2023-12-28;F;20;1;9;9569;3417215;69951;
1083;Syddanmark;2023-12-28;F;14;1;6;9570;3417229;69957;
1084;Hovedstaden;2023-12-28;M;38;0;15;9570;3417267;69972;
1082;Midtjylland;2023-12-28;M;17;2;12;9572;3417284;69984;
1081;Nordjylland;2023-12-28;M;8;0;5;9572;3417292;69989;
1085;Sjælland;2023-12-28;M;15;1;7;9573;3417307;69996;
1083;Syddanmark;2023-12-28;M;15;0;7;9573;3417322;70003;
1084;Hovedstaden;2023-12-29;F;43;0;14;9573;3417365;70017;
1082;Midtjylland;2023-12-29;F;13;0;7;9573;3417378;70024;
1081;Nordjylland;2023-12-29;F;7;0;7;9573;3417385;70031;
1085;Sjælland;2023-12-29;F;23;0;9;9573;3417408;70040;
1083;Syddanmark;2023-12-29;F;6;1;4;9574;3417414;70044;
1084;Hovedstaden;2023-12-29;M;31;3;17;9577;3417445;70061;
1082;Midtjylland;2023-12-29;M;13;1;8;9578;3417458;70069;
1081;Nordjylland;2023-12-29;M;5;2;5;9580;3417463;70074;
1085;Sjælland;2023-12-29;M;23;4;10;9584;3417486;70084;
1083;Syddanmark;2023-12-29;M;17;1;13;9585;3417503;70097;
1084;Hovedstaden;2023-12-30;F;19;3;11;9588;3417522;70108;
1082;Midtjylland;2023-12-30;F;9;2;4;9590;3417531;70112;
1081;Nordjylland;2023-12-30;F;8;0;3;9590;3417539;70115;
1085;Sjælland;2023-12-30;F;5;1;3;9591;3417544;70118;
1083;Syddanmark;2023-12-30;F;8;2;6;9593;3417552;70124;
1084;Hovedstaden;2023-12-30;M;18;3;8;9596;3417570;70132;
1082;Midtjylland;2023-12-30;M;6;0;3;9596;3417576;70135;
1081;Nordjylland;2023-12-30;M;3;0;3;9596;3417579;70138;
1085;Sjælland;2023-12-30;M;8;1;5;9597;3417587;70143;
1083;Syddanmark;2023-12-30;M;17;0;8;9597;3417604;70151;
1084;Hovedstaden;2023-12-31;F;24;2;11;9599;3417628;70162;
1082;Midtjylland;2023-12-31;F;10;1;7;9600;3417638;70169;
1081;Nordjylland;2023-12-31;F;5;0;3;9600;3417643;70172;
1085;Sjælland;2023-12-31;F;9;1;7;9601;3417652;70179;
1083;Syddanmark;2023-12-31;F;9;0;6;9601;3417661;70185;
1084;Hovedstaden;2023-12-31;M;14;3;10;9604;3417675;70195;
1082;Midtjylland;2023-12-31;M;5;1;4;9605;3417680;70199;
1081;Nordjylland;2023-12-31;M;7;4;7;9609;3417687;70206;
1085;Sjælland;2023-12-31;M;5;0;5;9609;3417692;70211;
1083;Syddanmark;2023-12-31;M;7;0;5;9609;3417699;70216;
1084;Hovedstaden;2024-01-01;F;13;1;8;9610;3417712;70224;
1082;Midtjylland;2024-01-01;F;11;1;5;9611;3417723;70229;
1081;Nordjylland;2024-01-01;F;2;0;2;9611;3417725;70231;
1085;Sjælland;2024-01-01;F;9;0;6;9611;3417734;70237;
1083;Syddanmark;2024-01-01;F;10;1;9;9612;3417744;70246;
1084;Hovedstaden;2024-01-01;M;10;1;6;9613;3417754;70252;
1082;Midtjylland;2024-01-01;M;4;0;3;9613;3417758;70255;
1081;Nordjylland;2024-01-01;M;2;0;1;9613;3417760;70256;
1085;Sjælland;2024-01-01;M;6;0;5;9613;3417766;70261;
1083;Syddanmark;2024-01-01;M;5;0;3;9613;3417771;70264;
1084;Hovedstaden;2024-01-02;F;51;2;14;9615;3417822;70278;
1082;Midtjylland;2024-01-02;F;16;1;9;9616;3417838;70287;
1081;Nordjylland;2024-01-02;F;7;0;5;9616;3417845;70292;
1085;Sjælland;2024-01-02;F;14;1;5;9617;3417859;70297;
1083;Syddanmark;2024-01-02;F;19;2;8;9619;3417878;70305;
1084;Hovedstaden;2024-01-02;M;39;3;14;9622;3417917;70319;
1082;Midtjylland;2024-01-02;M;16;2;10;9624;3417933;70329;
1081;Nordjylland;2024-01-02;M;5;0;2;9624;3417938;70331;
1085;Sjælland;2024-01-02;M;25;1;13;9625;3417963;70344;
1083;Syddanmark;2024-01-02;M;9;0;4;9625;3417972;70348;
1084;Hovedstaden;2024-01-03;F;33;0;7;9625;3418005;70355;
1082;Midtjylland;2024-01-03;F;6;0;2;9625;3418011;70357;
1081;Nordjylland;2024-01-03;F;5;1;5;9626;3418016;70362;
1085;Sjælland;2024-01-03;F;13;0;6;9626;3418029;70368;
1083;Syddanmark;2024-01-03;F;14;1;5;9627;3418043;70373;
1084;Hovedstaden;2024-01-03;M;32;0;13;9627;3418075;70386;
1082;Midtjylland;2024-01-03;M;9;1;7;9628;3418084;70393;
1081;Nordjylland;2024-01-03;M;1;0;1;9628;3418085;70394;
1085;Sjælland;2024-01-03;M;9;0;3;9628;3418094;70397;
1083;Syddanmark;2024-01-03;M;16;1;7;9629;3418110;70404;
1084;Hovedstaden;2024-01-04;F;16;1;3;9630;3418126;70407;
1082;Midtjylland;2024-01-04;F;10;0;6;9630;3418136;70413;
1085;Sjælland;2024-01-04;F;12;1;4;9631;3418148;70417;
1083;Syddanmark;2024-01-04;F;14;0;8;9631;3418162;70425;
1084;Hovedstaden;2024-01-04;M;24;1;8;9632;3418186;70433;
1082;Midtjylland;2024-01-04;M;3;0;2;9632;3418189;70435;
1081;Nordjylland;2024-01-04;M;4;1;3;9633;3418193;70438;
1085;Sjælland;2024-01-04;M;12;0;4;9633;3418205;70442;
1083;Syddanmark;2024-01-04;M;8;1;6;9634;3418213;70448;
1084;Hovedstaden;2024-01-05;F;20;1;3;9635;3418233;70451;
1082;Midtjylland;2024-01-05;F;11;0;5;9635;3418244;70456;
1081;Nordjylland;2024-01-05;F;3;0;2;9635;3418247;70458;
1085;Sjælland;2024-01-05;F;10;0;3;9635;3418257;70461;
1083;Syddanmark;2024-01-05;F;12;1;5;9636;3418269;70466;
1084;Hovedstaden;2024-01-05;M;18;0;7;9636;3418287;70473;
1082;Midtjylland;2024-01-05;M;8;0;4;9636;3418295;70477;
1081;Nordjylland;2024-01-05;M;6;0;5;9636;3418301;70482;
1085;Sjælland;2024-01-05;M;5;1;3;9637;3418306;70485;
1083;Syddanmark;2024-01-05;M;13;3;7;9640;3418319;70492;
1084;Hovedstaden;2024-01-06;F;7;1;3;9641;3418326;70495;
1082;Midtjylland;2024-01-06;F;4;0;3;9641;3418330;70498;
1085;Sjælland;2024-01-06;F;3;0;3;9641;3418333;70501;
1083;Syddanmark;2024-01-06;F;4;0;3;9641;3418337;70504;
1084;Hovedstaden;2024-01-06;M;10;0;3;9641;3418347;70507;
1082;Midtjylland;2024-01-06;M;1;0;1;9641;3418348;70508;
1081;Nordjylland;2024-01-06;M;4;0;3;9641;3418352;70511;
1085;Sjælland;2024-01-06;M;7;0;7;9641;3418359;70518;
1083;Syddanmark;2024-01-06;M;5;1;4;9642;3418364;70522;
1084;Hovedstaden;2024-01-07;F;9;0;5;9642;3418373;70527;
1082;Midtjylland;2024-01-07;F;3;0;3;9642;3418376;70530;
1081;Nordjylland;2024-01-07;F;4;0;2;9642;3418380;70532;
1085;Sjælland;2024-01-07;F;1;0;0;9642;3418381;70532;
1083;Syddanmark;2024-01-07;F;5;0;3;9642;3418386;70535;
1084;Hovedstaden;2024-01-07;M;15;1;9;9643;3418401;70544;
1082;Midtjylland;2024-01-07;M;7;2;7;9645;3418408;70551;
1081;Nordjylland;2024-01-07;M;2;0;2;9645;3418410;70553;
1085;Sjælland;2024-01-07;M;3;1;3;9646;3418413;70556;
1083;Syddanmark;2024-01-07;M;11;1;9;9647;3418424;70565;
1084;Hovedstaden;2024-01-08;F;23;2;3;9649;3418447;70568;
1082;Midtjylland;2024-01-08;F;3;0;1;9649;3418450;70569;
1085;Sjælland;2024-01-08;F;7;0;2;9649;3418457;70571;
1083;Syddanmark;2024-01-08;F;5;1;2;9650;3418462;70573;
1084;Hovedstaden;2024-01-08;M;21;0;7;9650;3418483;70580;
1082;Midtjylland;2024-01-08;M;9;2;3;9652;3418492;70583;
1081;Nordjylland;2024-01-08;M;2;0;1;9652;3418494;70584;
1085;Sjælland;2024-01-08;M;9;0;3;9652;3418503;70587;
1083;Syddanmark;2024-01-08;M;4;1;3;9653;3418507;70590;
1084;Hovedstaden;2024-01-09;F;20;1;5;9654;3418527;70595;
1082;Midtjylland;2024-01-09;F;4;0;3;9654;3418531;70598;
1081;Nordjylland;2024-01-09;F;2;0;2;9654;3418533;70600;
1085;Sjælland;2024-01-09;F;8;0;2;9654;3418541;70602;
1083;Syddanmark;2024-01-09;F;5;0;0;9654;3418546;70602;
1084;Hovedstaden;2024-01-09;M;14;1;4;9655;3418560;70606;
1082;Midtjylland;2024-01-09;M;4;0;3;9655;3418564;70609;
1081;Nordjylland;2024-01-09;M;3;0;2;9655;3418567;70611;
1085;Sjælland;2024-01-09;M;3;0;0;9655;3418570;70611;
1083;Syddanmark;2024-01-09;M;7;0;2;9655;3418577;70613;
1084;Hovedstaden;2024-01-10;F;18;0;2;9655;3418595;70615;
1082;Midtjylland;2024-01-10;F;4;0;2;9655;3418599;70617;
1081;Nordjylland;2024-01-10;F;4;0;3;9655;3418603;70620;
1083;Syddanmark;2024-01-10;F;8;1;3;9656;3418611;70623;
1084;Hovedstaden;2024-01-10;M;12;0;3;9656;3418623;70626;
1082;Midtjylland;2024-01-10;M;3;1;2;9657;3418626;70628;
1081;Nordjylland;2024-01-10;M;2;0;1;9657;3418628;70629;
1085;Sjælland;2024-01-10;M;5;0;0;9657;3418633;70629;
1083;Syddanmark;2024-01-10;M;3;1;2;9658;3418636;70631;
1084;Hovedstaden;2024-01-11;F;16;1;5;9659;3418652;70636;
1082;Midtjylland;2024-01-11;F;5;1;3;9660;3418657;70639;
1081;Nordjylland;2024-01-11;F;3;1;1;9661;3418660;70640;
1085;Sjælland;2024-01-11;F;6;0;1;9661;3418666;70641;
1083;Syddanmark;2024-01-11;F;4;0;2;9661;3418670;70643;
1084;Hovedstaden;2024-01-11;M;14;0;4;9661;3418684;70647;
1082;Midtjylland;2024-01-11;M;5;1;3;9662;3418689;70650;
1081;Nordjylland;2024-01-11;M;1;0;0;9662;3418690;70650;
1085;Sjælland;2024-01-11;M;4;0;2;9662;3418694;70652;
1083;Syddanmark;2024-01-11;M;7;0;5;9662;3418701;70657;
1084;Hovedstaden;2024-01-12;F;9;0;1;9662;3418710;70658;
1082;Midtjylland;2024-01-12;F;4;2;4;9664;3418714;70662;
1085;Sjælland;2024-01-12;F;8;2;5;9666;3418722;70667;
1083;Syddanmark;2024-01-12;F;3;0;3;9666;3418725;70670;
1084;Hovedstaden;2024-01-12;M;11;0;5;9666;3418736;70675;
1082;Midtjylland;2024-01-12;M;1;0;0;9666;3418737;70675;
1081;Nordjylland;2024-01-12;M;3;1;1;9667;3418740;70676;
1085;Sjælland;2024-01-12;M;3;0;0;9667;3418743;70676;
1083;Syddanmark;2024-01-12;M;7;0;5;9667;3418750;70681;
1084;Hovedstaden;2024-01-13;F;6;2;3;9669;3418756;70684;
1082;Midtjylland;2024-01-13;F;4;1;2;9670;3418760;70686;
1085;Sjælland;2024-01-13;F;1;0;1;9670;3418761;70687;
1083;Syddanmark;2024-01-13;F;3;0;2;9670;3418764;70689;
1084;Hovedstaden;2024-01-13;M;4;2;3;9672;3418768;70692;
1082;Midtjylland;2024-01-13;M;2;0;1;9672;3418770;70693;
1081;Nordjylland;2024-01-13;M;1;0;1;9672;3418771;70694;
1085;Sjælland;2024-01-13;M;1;0;0;9672;3418772;70694;
1083;Syddanmark;2024-01-13;M;5;0;4;9672;3418777;70698;
1084;Hovedstaden;2024-01-14;F;5;1;4;9673;3418782;70702;
1082;Midtjylland;2024-01-14;F;3;0;2;9673;3418785;70704;
1085;Sjælland;2024-01-14;F;4;1;2;9674;3418789;70706;
1083;Syddanmark;2024-01-14;F;2;1;2;9675;3418791;70708;
1084;Hovedstaden;2024-01-14;M;7;1;2;9676;3418798;70710;
1082;Midtjylland;2024-01-14;M;4;0;3;9676;3418802;70713;
1081;Nordjylland;2024-01-14;M;1;0;1;9676;3418803;70714;
1085;Sjælland;2024-01-14;M;2;1;1;9677;3418805;70715;
1083;Syddanmark;2024-01-14;M;6;0;6;9677;3418811;70721;
1084;Hovedstaden;2024-01-15;F;17;1;5;9678;3418828;70726;
1082;Midtjylland;2024-01-15;F;5;0;4;9678;3418833;70730;
1081;Nordjylland;2024-01-15;F;2;1;1;9679;3418835;70731;
1085;Sjælland;2024-01-15;F;9;1;3;9680;3418844;70734;
1083;Syddanmark;2024-01-15;F;5;0;4;9680;3418849;70738;
1084;Hovedstaden;2024-01-15;M;16;1;4;9681;3418865;70742;
1082;Midtjylland;2024-01-15;M;9;1;4;9682;3418874;70746;
1085;Sjælland;2024-01-15;M;4;0;1;9682;3418878;70747;
1083;Syddanmark;2024-01-15;M;4;0;3;9682;3418882;70750;
1084;Hovedstaden;2024-01-16;F;12;0;1;9682;3418894;70751;
1082;Midtjylland;2024-01-16;F;1;0;0;9682;3418895;70751;
1081;Nordjylland;2024-01-16;F;2;1;2;9683;3418897;70753;
1085;Sjælland;2024-01-16;F;4;0;1;9683;3418901;70754;
1083;Syddanmark;2024-01-16;F;4;1;2;9684;3418905;70756;
1084;Hovedstaden;2024-01-16;M;5;0;2;9684;3418910;70758;
1082;Midtjylland;2024-01-16;M;7;1;3;9685;3418917;70761;
1081;Nordjylland;2024-01-16;M;1;0;1;9685;3418918;70762;
1085;Sjælland;2024-01-16;M;5;0;0;9685;3418923;70762;
1083;Syddanmark;2024-01-16;M;3;0;1;9685;3418926;70763;
1084;Hovedstaden;2024-01-17;F;13;1;4;9686;3418939;70767;
1082;Midtjylland;2024-01-17;F;4;0;2;9686;3418943;70769;
1085;Sjælland;2024-01-17;F;6;0;5;9686;3418949;70774;
1083;Syddanmark;2024-01-17;F;2;0;1;9686;3418951;70775;
1084;Hovedstaden;2024-01-17;M;7;0;0;9686;3418958;70775;
1082;Midtjylland;2024-01-17;M;9;1;7;9687;3418967;70782;
1081;Nordjylland;2024-01-17;M;2;0;2;9687;3418969;70784;
1085;Sjælland;2024-01-17;M;7;0;2;9687;3418976;70786;
1083;Syddanmark;2024-01-17;M;4;0;3;9687;3418980;70789;
1084;Hovedstaden;2024-01-18;F;11;0;2;9687;3418991;70791;
1082;Midtjylland;2024-01-18;F;2;0;0;9687;3418993;70791;
1081;Nordjylland;2024-01-18;F;1;0;1;9687;3418994;70792;
1085;Sjælland;2024-01-18;F;8;0;6;9687;3419002;70798;
1083;Syddanmark;2024-01-18;F;6;1;2;9688;3419008;70800;
1084;Hovedstaden;2024-01-18;M;9;2;3;9690;3419017;70803;
1082;Midtjylland;2024-01-18;M;3;0;2;9690;3419020;70805;
1081;Nordjylland;2024-01-18;M;3;0;2;9690;3419023;70807;
1085;Sjælland;2024-01-18;M;5;2;2;9692;3419028;70809;
1083;Syddanmark;2024-01-18;M;2;0;2;9692;3419030;70811;
1084;Hovedstaden;2024-01-19;F;9;0;2;9692;3419039;70813;
1082;Midtjylland;2024-01-19;F;1;0;1;9692;3419040;70814;
1081;Nordjylland;2024-01-19;F;1;0;1;9692;3419041;70815;
1085;Sjælland;2024-01-19;F;5;0;1;9692;3419046;70816;
1083;Syddanmark;2024-01-19;F;4;0;1;9692;3419050;70817;
1084;Hovedstaden;2024-01-19;M;13;0;5;9692;3419063;70822;
1082;Midtjylland;2024-01-19;M;2;1;2;9693;3419065;70824;
1081;Nordjylland;2024-01-19;M;1;0;1;9693;3419066;70825;
1085;Sjælland;2024-01-19;M;2;0;1;9693;3419068;70826;
1083;Syddanmark;2024-01-19;M;6;1;5;9694;3419074;70831;
1084;Hovedstaden;2024-01-20;F;5;1;3;9695;3419079;70834;
1082;Midtjylland;2024-01-20;F;2;0;1;9695;3419081;70835;
1081;Nordjylland;2024-01-20;F;2;0;2;9695;3419083;70837;
1085;Sjælland;2024-01-20;F;1;1;1;9696;3419084;70838;
1083;Syddanmark;2024-01-20;F;4;0;3;9696;3419088;70841;
1084;Hovedstaden;2024-01-20;M;6;1;4;9697;3419094;70845;
1082;Midtjylland;2024-01-20;M;4;0;2;9697;3419098;70847;
1085;Sjælland;2024-01-20;M;1;0;1;9697;3419099;70848;
1083;Syddanmark;2024-01-20;M;1;0;0;9697;3419100;70848;
1084;Hovedstaden;2024-01-21;F;6;0;1;9697;3419106;70849;
1082;Midtjylland;2024-01-21;F;1;0;1;9697;3419107;70850;
1081;Nordjylland;2024-01-21;F;1;0;1;9697;3419108;70851;
1085;Sjælland;2024-01-21;F;1;0;0;9697;3419109;70851;
1083;Syddanmark;2024-01-21;F;4;1;3;9698;3419113;70854;
1084;Hovedstaden;2024-01-21;M;5;1;4;9699;3419118;70858;
1082;Midtjylland;2024-01-21;M;2;0;1;9699;3419120;70859;
1081;Nordjylland;2024-01-21;M;2;0;2;9699;3419122;70861;
1083;Syddanmark;2024-01-21;M;5;1;4;9700;3419127;70865;
1084;Hovedstaden;2024-01-22;F;11;0;1;9700;3419138;70866;
1082;Midtjylland;2024-01-22;F;3;0;1;9700;3419141;70867;
1081;Nordjylland;2024-01-22;F;1;0;1;9700;3419142;70868;
1085;Sjælland;2024-01-22;F;4;0;1;9700;3419146;70869;
1083;Syddanmark;2024-01-22;F;5;0;4;9700;3419151;70873;
1084;Hovedstaden;2024-01-22;M;12;2;4;9702;3419163;70877;
1082;Midtjylland;2024-01-22;M;2;0;1;9702;3419165;70878;
1085;Sjælland;2024-01-22;M;3;0;2;9702;3419168;70880;
1083;Syddanmark;2024-01-22;M;2;0;1;9702;3419170;70881;
1084;Hovedstaden;2024-01-23;F;11;0;4;9702;3419181;70885;
1082;Midtjylland;2024-01-23;F;2;0;1;9702;3419183;70886;
1081;Nordjylland;2024-01-23;F;1;0;1;9702;3419184;70887;
1085;Sjælland;2024-01-23;F;2;0;0;9702;3419186;70887;
1083;Syddanmark;2024-01-23;F;5;0;3;9702;3419191;70890;
1084;Hovedstaden;2024-01-23;M;6;0;1;9702;3419197;70891;
1082;Midtjylland;2024-01-23;M;2;0;1;9702;3419199;70892;
1081;Nordjylland;2024-01-23;M;3;0;2;9702;3419202;70894;
1085;Sjælland;2024-01-23;M;3;1;2;9703;3419205;70896;
1083;Syddanmark;2024-01-23;M;4;2;2;9705;3419209;70898;
1084;Hovedstaden;2024-01-24;F;5;0;1;9705;3419214;70899;
1082;Midtjylland;2024-01-24;F;1;0;0;9705;3419215;70899;
1085;Sjælland;2024-01-24;F;3;0;2;9705;3419218;70901;
1083;Syddanmark;2024-01-24;F;4;0;3;9705;3419222;70904;
1084;Hovedstaden;2024-01-24;M;6;1;6;9706;3419228;70910;
1082;Midtjylland;2024-01-24;M;5;1;3;9707;3419233;70913;
1081;Nordjylland;2024-01-24;M;3;1;3;9708;3419236;70916;
1085;Sjælland;2024-01-24;M;4;0;1;9708;3419240;70917;
1083;Syddanmark;2024-01-24;M;4;0;1;9708;3419244;70918;
1084;Hovedstaden;2024-01-25;F;10;0;2;9708;3419254;70920;
1082;Midtjylland;2024-01-25;F;2;0;0;9708;3419256;70920;
1081;Nordjylland;2024-01-25;F;1;0;1;9708;3419257;70921;
1085;Sjælland;2024-01-25;F;4;0;1;9708;3419261;70922;
1083;Syddanmark;2024-01-25;F;4;0;2;9708;3419265;70924;
1084;Hovedstaden;2024-01-25;M;6;0;2;9708;3419271;70926;
1082;Midtjylland;2024-01-25;M;3;0;2;9708;3419274;70928;
1081;Nordjylland;2024-01-25;M;1;0;1;9708;3419275;70929;
1085;Sjælland;2024-01-25;M;5;1;2;9709;3419280;70931;
1084;Hovedstaden;2024-01-26;F;11;0;3;9709;3419291;70934;
1082;Midtjylland;2024-01-26;F;4;0;1;9709;3419295;70935;
1085;Sjælland;2024-01-26;F;3;0;2;9709;3419298;70937;
1083;Syddanmark;2024-01-26;F;5;0;2;9709;3419303;70939;
1084;Hovedstaden;2024-01-26;M;7;1;2;9710;3419310;70941;
1082;Midtjylland;2024-01-26;M;3;0;2;9710;3419313;70943;
1081;Nordjylland;2024-01-26;M;1;0;1;9710;3419314;70944;
1085;Sjælland;2024-01-26;M;2;1;1;9711;3419316;70945;
1083;Syddanmark;2024-01-26;M;4;0;3;9711;3419320;70948;
1084;Hovedstaden;2024-01-27;F;1;0;1;9711;3419321;70949;
1081;Nordjylland;2024-01-27;F;1;0;0;9711;3419322;70949;
1084;Hovedstaden;2024-01-27;M;2;1;2;9712;3419324;70951;
1085;Sjælland;2024-01-27;M;3;0;2;9712;3419327;70953;
1084;Hovedstaden;2024-01-28;F;3;1;2;9713;3419330;70955;
1082;Midtjylland;2024-01-28;F;2;0;2;9713;3419332;70957;
1081;Nordjylland;2024-01-28;F;1;0;0;9713;3419333;70957;
1085;Sjælland;2024-01-28;F;3;1;3;9714;3419336;70960;
1083;Syddanmark;2024-01-28;F;1;1;1;9715;3419337;70961;
1084;Hovedstaden;2024-01-28;M;1;1;1;9716;3419338;70962;
1082;Midtjylland;2024-01-28;M;1;0;1;9716;3419339;70963;
1081;Nordjylland;2024-01-28;M;1;0;0;9716;3419340;70963;
1083;Syddanmark;2024-01-28;M;1;1;1;9717;3419341;70964;
1084;Hovedstaden;2024-01-29;F;8;0;1;9717;3419349;70965;
1082;Midtjylland;2024-01-29;F;4;1;3;9718;3419353;70968;
1085;Sjælland;2024-01-29;F;5;0;0;9718;3419358;70968;
1083;Syddanmark;2024-01-29;F;3;0;1;9718;3419361;70969;
1084;Hovedstaden;2024-01-29;M;2;1;2;9719;3419363;70971;
1082;Midtjylland;2024-01-29;M;1;0;0;9719;3419364;70971;
1081;Nordjylland;2024-01-29;M;1;0;0;9719;3419365;70971;
1085;Sjælland;2024-01-29;M;3;0;1;9719;3419368;70972;
1083;Syddanmark;2024-01-29;M;4;0;2;9719;3419372;70974;
1084;Hovedstaden;2024-01-30;F;6;0;2;9719;3419378;70976;
1082;Midtjylland;2024-01-30;F;3;0;2;9719;3419381;70978;
1081;Nordjylland;2024-01-30;F;1;0;0;9719;3419382;70978;
1085;Sjælland;2024-01-30;F;2;0;0;9719;3419384;70978;
1083;Syddanmark;2024-01-30;F;3;0;0;9719;3419387;70978;
1084;Hovedstaden;2024-01-30;M;4;0;2;9719;3419391;70980;
1082;Midtjylland;2024-01-30;M;5;0;2;9719;3419396;70982;
1081;Nordjylland;2024-01-30;M;2;0;0;9719;3419398;70982;
1085;Sjælland;2024-01-30;M;3;0;2;9719;3419401;70984;
1083;Syddanmark;2024-01-30;M;2;0;1;9719;3419403;70985;
1084;Hovedstaden;2024-01-31;F;1;0;0;9719;3419404;70985;
1082;Midtjylland;2024-01-31;F;3;0;1;9719;3419407;70986;
1081;Nordjylland;2024-01-31;F;3;0;0;9719;3419410;70986;
1085;Sjælland;2024-01-31;F;2;0;1;9719;3419412;70987;
1083;Syddanmark;2024-01-31;F;3;0;1;9719;3419415;70988;
1084;Hovedstaden;2024-01-31;M;8;0;1;9719;3419423;70989;
1082;Midtjylland;2024-01-31;M;3;0;3;9719;3419426;70992;
1081;Nordjylland;2024-01-31;M;2;1;2;9720;3419428;70994;
1083;Syddanmark;2024-01-31;M;1;0;1;9720;3419429;70995;
1084;Hovedstaden;2024-02-01;F;8;0;1;9720;3419437;70996;
1082;Midtjylland;2024-02-01;F;2;0;0;9720;3419439;70996;
1081;Nordjylland;2024-02-01;F;1;0;0;9720;3419440;70996;
1085;Sjælland;2024-02-01;F;3;0;2;9720;3419443;70998;
1083;Syddanmark;2024-02-01;F;2;0;1;9720;3419445;70999;
1084;Hovedstaden;2024-02-01;M;9;0;3;9720;3419454;71002;
1082;Midtjylland;2024-02-01;M;1;0;0;9720;3419455;71002;
1085;Sjælland;2024-02-01;M;1;0;1;9720;3419456;71003;
1083;Syddanmark;2024-02-01;M;3;0;2;9720;3419459;71005;
1084;Hovedstaden;2024-02-02;F;7;0;3;9720;3419466;71008;
1082;Midtjylland;2024-02-02;F;2;0;1;9720;3419468;71009;
1085;Sjælland;2024-02-02;F;1;0;1;9720;3419469;71010;
1083;Syddanmark;2024-02-02;F;1;0;0;9720;3419470;71010;
1084;Hovedstaden;2024-02-02;M;6;0;0;9720;3419476;71010;
1081;Nordjylland;2024-02-02;M;1;0;1;9720;3419477;71011;
1083;Syddanmark;2024-02-02;M;5;2;4;9722;3419482;71015;
1084;Hovedstaden;2024-02-03;F;5;0;3;9722;3419487;71018;
1082;Midtjylland;2024-02-03;F;2;0;0;9722;3419489;71018;
1081;Nordjylland;2024-02-03;F;1;0;0;9722;3419490;71018;
1083;Syddanmark;2024-02-03;F;2;0;1;9722;3419492;71019;
1082;Midtjylland;2024-02-03;M;1;0;0;9722;3419493;71019;
1081;Nordjylland;2024-02-03;M;2;1;0;9723;3419495;71019;
1084;Hovedstaden;2024-02-04;F;2;0;2;9723;3419497;71021;
1082;Midtjylland;2024-02-04;F;1;0;1;9723;3419498;71022;
1081;Nordjylland;2024-02-04;F;1;0;1;9723;3419499;71023;
1083;Syddanmark;2024-02-04;F;2;0;1;9723;3419501;71024;
1084;Hovedstaden;2024-02-04;M;2;0;1;9723;3419503;71025;
1082;Midtjylland;2024-02-04;M;1;0;1;9723;3419504;71026;
1085;Sjælland;2024-02-04;M;2;0;2;9723;3419506;71028;
1083;Syddanmark;2024-02-04;M;3;0;2;9723;3419509;71030;
1084;Hovedstaden;2024-02-05;F;10;0;3;9723;3419519;71033;
1082;Midtjylland;2024-02-05;F;2;0;1;9723;3419521;71034;
1081;Nordjylland;2024-02-05;F;1;0;1;9723;3419522;71035;
1085;Sjælland;2024-02-05;F;1;0;1;9723;3419523;71036;
1083;Syddanmark;2024-02-05;F;1;0;0;9723;3419524;71036;
1084;Hovedstaden;2024-02-05;M;7;0;1;9723;3419531;71037;
1082;Midtjylland;2024-02-05;M;2;0;1;9723;3419533;71038;
1081;Nordjylland;2024-02-05;M;1;0;1;9723;3419534;71039;
1083;Syddanmark;2024-02-05;M;3;1;2;9724;3419537;71041;
1084;Hovedstaden;2024-02-06;F;2;0;0;9724;3419539;71041;
1082;Midtjylland;2024-02-06;F;2;1;2;9725;3419541;71043;
1085;Sjælland;2024-02-06;F;1;0;0;9725;3419542;71043;
1083;Syddanmark;2024-02-06;F;1;0;1;9725;3419543;71044;
1084;Hovedstaden;2024-02-06;M;3;0;1;9725;3419546;71045;
1082;Midtjylland;2024-02-06;M;4;0;3;9725;3419550;71048;
1085;Sjælland;2024-02-06;M;1;0;0;9725;3419551;71048;
1083;Syddanmark;2024-02-06;M;3;1;1;9726;3419554;71049;
1084;Hovedstaden;2024-02-07;F;4;1;3;9727;3419558;71052;
1085;Sjælland;2024-02-07;F;2;0;1;9727;3419560;71053;
1083;Syddanmark;2024-02-07;F;1;0;1;9727;3419561;71054;
1084;Hovedstaden;2024-02-07;M;2;0;1;9727;3419563;71055;
1082;Midtjylland;2024-02-07;M;1;0;1;9727;3419564;71056;
1083;Syddanmark;2024-02-07;M;1;0;0;9727;3419565;71056;
1084;Hovedstaden;2024-02-08;F;5;0;1;9727;3419570;71057;
1082;Midtjylland;2024-02-08;F;2;0;1;9727;3419572;71058;
1085;Sjælland;2024-02-08;F;1;0;1;9727;3419573;71059;
1083;Syddanmark;2024-02-08;F;1;0;1;9727;3419574;71060;
1084;Hovedstaden;2024-02-08;M;4;0;1;9727;3419578;71061;
1082;Midtjylland;2024-02-08;M;1;0;0;9727;3419579;71061;
1081;Nordjylland;2024-02-08;M;3;1;2;9728;3419582;71063;
1085;Sjælland;2024-02-08;M;2;1;2;9729;3419584;71065;
1083;Syddanmark;2024-02-08;M;5;1;2;9730;3419589;71067;
1084;Hovedstaden;2024-02-09;F;4;0;1;9730;3419593;71068;
1082;Midtjylland;2024-02-09;F;3;0;0;9730;3419596;71068;
1083;Syddanmark;2024-02-09;F;1;0;1;9730;3419597;71069;
1084;Hovedstaden;2024-02-09;M;5;0;2;9730;3419602;71071;
1082;Midtjylland;2024-02-09;M;1;0;0;9730;3419603;71071;
1081;Nordjylland;2024-02-09;M;1;1;1;9731;3419604;71072;
1085;Sjælland;2024-02-09;M;1;0;1;9731;3419605;71073;
1083;Syddanmark;2024-02-09;M;3;1;1;9732;3419608;71074;
1084;Hovedstaden;2024-02-10;F;1;0;1;9732;3419609;71075;
1082;Midtjylland;2024-02-10;F;2;1;2;9733;3419611;71077;
1085;Sjælland;2024-02-10;F;3;1;2;9734;3419614;71079;
1084;Hovedstaden;2024-02-10;M;2;1;2;9735;3419616;71081;
1081;Nordjylland;2024-02-10;M;1;1;1;9736;3419617;71082;
1083;Syddanmark;2024-02-10;M;1;0;1;9736;3419618;71083;
1084;Hovedstaden;2024-02-11;F;1;0;1;9736;3419619;71084;
1082;Midtjylland;2024-02-11;F;2;0;1;9736;3419621;71085;
1083;Syddanmark;2024-02-11;F;3;1;1;9737;3419624;71086;
1084;Hovedstaden;2024-02-11;M;3;0;3;9737;3419627;71089;
1082;Midtjylland;2024-02-11;M;3;0;2;9737;3419630;71091;
1081;Nordjylland;2024-02-11;M;1;0;0;9737;3419631;71091;
1085;Sjælland;2024-02-11;M;2;0;1;9737;3419633;71092;
1083;Syddanmark;2024-02-11;M;2;1;2;9738;3419635;71094;
1084;Hovedstaden;2024-02-12;F;9;0;2;9738;3419644;71096;
1081;Nordjylland;2024-02-12;F;1;0;1;9738;3419645;71097;
1085;Sjælland;2024-02-12;F;4;0;2;9738;3419649;71099;
1083;Syddanmark;2024-02-12;F;3;1;1;9739;3419652;71100;
1084;Hovedstaden;2024-02-12;M;3;0;2;9739;3419655;71102;
1081;Nordjylland;2024-02-12;M;2;0;2;9739;3419657;71104;
1085;Sjælland;2024-02-12;M;2;0;1;9739;3419659;71105;
1083;Syddanmark;2024-02-12;M;3;0;1;9739;3419662;71106;
1084;Hovedstaden;2024-02-13;F;5;0;1;9739;3419667;71107;
1082;Midtjylland;2024-02-13;F;1;0;0;9739;3419668;71107;
1081;Nordjylland;2024-02-13;F;1;0;1;9739;3419669;71108;
1083;Syddanmark;2024-02-13;F;1;1;1;9740;3419670;71109;
1084;Hovedstaden;2024-02-13;M;2;0;0;9740;3419672;71109;
1082;Midtjylland;2024-02-13;M;2;0;1;9740;3419674;71110;
1085;Sjælland;2024-02-13;M;5;0;4;9740;3419679;71114;
1083;Syddanmark;2024-02-13;M;3;1;2;9741;3419682;71116;
1084;Hovedstaden;2024-02-14;F;3;0;0;9741;3419685;71116;
1082;Midtjylland;2024-02-14;F;1;0;0;9741;3419686;71116;
1081;Nordjylland;2024-02-14;F;3;0;3;9741;3419689;71119;
1085;Sjælland;2024-02-14;F;3;1;1;9742;3419692;71120;
1083;Syddanmark;2024-02-14;F;6;0;5;9742;3419698;71125;
1084;Hovedstaden;2024-02-14;M;4;1;2;9743;3419702;71127;
1082;Midtjylland;2024-02-14;M;3;0;3;9743;3419705;71130;
1085;Sjælland;2024-02-14;M;2;0;1;9743;3419707;71131;
1083;Syddanmark;2024-02-14;M;4;0;3;9743;3419711;71134;
1084;Hovedstaden;2024-02-15;F;3;0;1;9743;3419714;71135;
1082;Midtjylland;2024-02-15;F;1;0;1;9743;3419715;71136;
1085;Sjælland;2024-02-15;F;1;0;1;9743;3419716;71137;
1084;Hovedstaden;2024-02-15;M;2;0;1;9743;3419718;71138;
1082;Midtjylland;2024-02-15;M;3;0;3;9743;3419721;71141;
1085;Sjælland;2024-02-15;M;1;0;1;9743;3419722;71142;
1083;Syddanmark;2024-02-15;M;1;1;1;9744;3419723;71143;
1084;Hovedstaden;2024-02-16;F;5;1;3;9745;3419728;71146;
1082;Midtjylland;2024-02-16;F;1;0;0;9745;3419729;71146;
1085;Sjælland;2024-02-16;F;1;0;0;9745;3419730;71146;
1084;Hovedstaden;2024-02-16;M;3;0;1;9745;3419733;71147;
1082;Midtjylland;2024-02-16;M;2;0;2;9745;3419735;71149;
1085;Sjælland;2024-02-16;M;1;0;1;9745;3419736;71150;
1084;Hovedstaden;2024-02-17;F;3;0;0;9745;3419739;71150;
1082;Midtjylland;2024-02-17;F;1;0;0;9745;3419740;71150;
1081;Nordjylland;2024-02-17;F;1;1;1;9746;3419741;71151;
1083;Syddanmark;2024-02-17;F;1;0;1;9746;3419742;71152;
1084;Hovedstaden;2024-02-17;M;1;0;1;9746;3419743;71153;
1082;Midtjylland;2024-02-17;M;1;0;1;9746;3419744;71154;
1085;Sjælland;2024-02-17;M;1;0;1;9746;3419745;71155;
1084;Hovedstaden;2024-02-18;F;2;0;2;9746;3419747;71157;
1085;Sjælland;2024-02-18;F;1;0;1;9746;3419748;71158;
1083;Syddanmark;2024-02-18;F;1;0;1;9746;3419749;71159;
1084;Hovedstaden;2024-02-18;M;2;0;2;9746;3419751;71161;
1082;Midtjylland;2024-02-18;M;1;0;1;9746;3419752;71162;
1085;Sjælland;2024-02-18;M;1;0;1;9746;3419753;71163;
1084;Hovedstaden;2024-02-19;F;3;0;1;9746;3419756;71164;
1081;Nordjylland;2024-02-19;F;1;0;0;9746;3419757;71164;
1083;Syddanmark;2024-02-19;F;1;1;1;9747;3419758;71165;
1084;Hovedstaden;2024-02-19;M;3;1;2;9748;3419761;71167;
1082;Midtjylland;2024-02-19;M;2;0;2;9748;3419763;71169;
1081;Nordjylland;2024-02-19;M;1;0;1;9748;3419764;71170;
1085;Sjælland;2024-02-19;M;1;0;0;9748;3419765;71170;
1083;Syddanmark;2024-02-19;M;3;1;3;9749;3419768;71173;
1084;Hovedstaden;2024-02-20;F;6;0;4;9749;3419774;71177;
1082;Midtjylland;2024-02-20;F;1;0;1;9749;3419775;71178;
1085;Sjælland;2024-02-20;F;3;0;0;9749;3419778;71178;
1084;Hovedstaden;2024-02-20;M;8;0;3;9749;3419786;71181;
1082;Midtjylland;2024-02-20;M;2;0;1;9749;3419788;71182;
1083;Syddanmark;2024-02-20;M;2;0;1;9749;3419790;71183;
1084;Hovedstaden;2024-02-21;F;4;0;2;9749;3419794;71185;
1082;Midtjylland;2024-02-21;F;1;0;1;9749;3419795;71186;
1081;Nordjylland;2024-02-21;F;1;0;1;9749;3419796;71187;
1083;Syddanmark;2024-02-21;F;1;1;1;9750;3419797;71188;
1084;Hovedstaden;2024-02-21;M;2;0;0;9750;3419799;71188;
1082;Midtjylland;2024-02-21;M;1;0;1;9750;3419800;71189;
1081;Nordjylland;2024-02-21;M;1;0;0;9750;3419801;71189;
1085;Sjælland;2024-02-21;M;2;0;1;9750;3419803;71190;
1083;Syddanmark;2024-02-21;M;1;0;0;9750;3419804;71190;
1084;Hovedstaden;2024-02-22;F;2;0;0;9750;3419806;71190;
1085;Sjælland;2024-02-22;F;4;0;1;9750;3419810;71191;
1084;Hovedstaden;2024-02-22;M;1;0;1;9750;3419811;71192;
1082;Midtjylland;2024-02-22;M;2;0;1;9750;3419813;71193;
1081;Nordjylland;2024-02-22;M;1;0;0;9750;3419814;71193;
1085;Sjælland;2024-02-22;M;1;0;1;9750;3419815;71194;
1084;Hovedstaden;2024-02-23;F;6;1;4;9751;3419821;71198;
1082;Midtjylland;2024-02-23;F;2;0;1;9751;3419823;71199;
1081;Nordjylland;2024-02-23;F;1;0;0;9751;3419824;71199;
1085;Sjælland;2024-02-23;F;1;0;0;9751;3419825;71199;
1084;Hovedstaden;2024-02-23;M;1;1;1;9752;3419826;71200;
1082;Midtjylland;2024-02-24;F;1;0;1;9752;3419827;71201;
1085;Sjælland;2024-02-24;F;1;0;1;9752;3419828;71202;
1084;Hovedstaden;2024-02-24;M;5;0;2;9752;3419833;71204;
1081;Nordjylland;2024-02-24;M;1;0;1;9752;3419834;71205;
1085;Sjælland;2024-02-24;M;1;0;1;9752;3419835;71206;
1083;Syddanmark;2024-02-24;M;1;0;1;9752;3419836;71207;
1084;Hovedstaden;2024-02-25;F;4;1;3;9753;3419840;71210;
1082;Midtjylland;2024-02-25;F;1;0;1;9753;3419841;71211;
1085;Sjælland;2024-02-25;F;1;0;1;9753;3419842;71212;
1082;Midtjylland;2024-02-25;M;1;0;0;9753;3419843;71212;
1084;Hovedstaden;2024-02-26;F;5;0;2;9753;3419848;71214;
1082;Midtjylland;2024-02-26;F;1;0;1;9753;3419849;71215;
1081;Nordjylland;2024-02-26;F;2;0;2;9753;3419851;71217;
1084;Hovedstaden;2024-02-26;M;3;0;1;9753;3419854;71218;
1082;Midtjylland;2024-02-26;M;1;0;0;9753;3419855;71218;
1081;Nordjylland;2024-02-26;M;1;0;1;9753;3419856;71219;
1083;Syddanmark;2024-02-26;M;2;0;1;9753;3419858;71220;
1084;Hovedstaden;2024-02-27;F;5;0;0;9753;3419863;71220;
1085;Sjælland;2024-02-27;F;1;0;1;9753;3419864;71221;
1083;Syddanmark;2024-02-27;F;1;0;0;9753;3419865;71221;
1084;Hovedstaden;2024-02-27;M;6;0;1;9753;3419871;71222;
1085;Sjælland;2024-02-27;M;4;1;2;9754;3419875;71224;
1083;Syddanmark;2024-02-27;M;1;0;1;9754;3419876;71225;
1084;Hovedstaden;2024-02-28;F;4;0;1;9754;3419880;71226;
1082;Midtjylland;2024-02-28;F;4;0;2;9754;3419884;71228;
1084;Hovedstaden;2024-02-28;M;3;0;0;9754;3419887;71228;
1081;Nordjylland;2024-02-28;M;1;0;1;9754;3419888;71229;
1085;Sjælland;2024-02-28;M;1;0;1;9754;3419889;71230;
1083;Syddanmark;2024-02-28;M;3;0;1;9754;3419892;71231;
1081;Nordjylland;2024-02-29;F;1;0;1;9754;3419893;71232;
1085;Sjælland;2024-02-29;F;1;0;0;9754;3419894;71232;
1083;Syddanmark;2024-02-29;F;2;0;1;9754;3419896;71233;
1084;Hovedstaden;2024-02-29;M;3;0;3;9754;3419899;71236;
1082;Midtjylland;2024-02-29;M;1;0;1;9754;3419900;71237;
1081;Nordjylland;2024-02-29;M;1;0;1;9754;3419901;71238;
1085;Sjælland;2024-02-29;M;1;0;0;9754;3419902;71238;
1083;Syddanmark;2024-02-29;M;1;0;1;9754;3419903;71239;
1084;Hovedstaden;2024-03-01;F;2;0;0;9754;3419905;71239;
1082;Midtjylland;2024-03-01;F;1;0;0;9754;3419906;71239;
1081;Nordjylland;2024-03-01;F;2;0;2;9754;3419908;71241;
1085;Sjælland;2024-03-01;F;4;0;1;9754;3419912;71242;
1083;Syddanmark;2024-03-01;F;1;1;1;9755;3419913;71243;
1084;Hovedstaden;2024-03-01;M;4;0;1;9755;3419917;71244;
1085;Sjælland;2024-03-01;M;2;0;1;9755;3419919;71245;
1083;Syddanmark;2024-03-01;M;1;0;0;9755;3419920;71245;
1085;Sjælland;2024-03-02;F;1;0;1;9755;3419921;71246;
1082;Midtjylland;2024-03-02;M;1;0;1;9755;3419922;71247;
1083;Syddanmark;2024-03-02;M;1;0;1;9755;3419923;71248;
1084;Hovedstaden;2024-03-03;F;2;1;1;9756;3419925;71249;
1082;Midtjylland;2024-03-03;F;1;0;0;9756;3419926;71249;
1084;Hovedstaden;2024-03-03;M;1;1;1;9757;3419927;71250;
1082;Midtjylland;2024-03-03;M;1;0;0;9757;3419928;71250;
1083;Syddanmark;2024-03-03;M;1;0;1;9757;3419929;71251;
1084;Hovedstaden;2024-03-04;F;2;0;1;9757;3419931;71252;
1082;Midtjylland;2024-03-04;F;2;0;1;9757;3419933;71253;
1083;Syddanmark;2024-03-04;F;1;0;1;9757;3419934;71254;
1084;Hovedstaden;2024-03-04;M;3;1;3;9758;3419937;71257;
1082;Midtjylland;2024-03-04;M;3;0;3;9758;3419940;71260;
1083;Syddanmark;2024-03-04;M;1;0;1;9758;3419941;71261;
1084;Hovedstaden;2024-03-05;F;1;1;0;9759;3419942;71261;
1082;Midtjylland;2024-03-05;F;1;0;0;9759;3419943;71261;
1085;Sjælland;2024-03-05;F;3;0;0;9759;3419946;71261;
1084;Hovedstaden;2024-03-05;M;1;0;1;9759;3419947;71262;
1082;Midtjylland;2024-03-05;M;1;0;1;9759;3419948;71263;
1081;Nordjylland;2024-03-05;M;1;0;1;9759;3419949;71264;
1083;Syddanmark;2024-03-05;M;2;1;2;9760;3419951;71266;
1084;Hovedstaden;2024-03-06;F;2;0;1;9760;3419953;71267;
1083;Syddanmark;2024-03-06;F;1;0;0;9760;3419954;71267;
1084;Hovedstaden;2024-03-06;M;5;0;4;9760;3419959;71271;
1082;Midtjylland;2024-03-06;M;2;0;1;9760;3419961;71272;
1085;Sjælland;2024-03-06;M;1;0;1;9760;3419962;71273;
1084;Hovedstaden;2024-03-07;F;3;0;0;9760;3419965;71273;
1085;Sjælland;2024-03-07;F;1;0;1;9760;3419966;71274;
1084;Hovedstaden;2024-03-07;M;2;0;1;9760;3419968;71275;
1083;Syddanmark;2024-03-07;M;1;0;1;9760;3419969;71276;
1084;Hovedstaden;2024-03-08;F;4;0;2;9760;3419973;71278;
1085;Sjælland;2024-03-08;F;1;0;0;9760;3419974;71278;
1084;Hovedstaden;2024-03-08;M;2;0;1;9760;3419976;71279;
1082;Midtjylland;2024-03-08;M;1;0;1;9760;3419977;71280;
1085;Sjælland;2024-03-08;M;1;0;1;9760;3419978;71281;
1084;Hovedstaden;2024-03-09;F;1;0;1;9760;3419979;71282;
1084;Hovedstaden;2024-03-09;M;3;0;2;9760;3419982;71284;
1083;Syddanmark;2024-03-09;M;1;1;1;9761;3419983;71285;
1082;Midtjylland;2024-03-10;F;1;0;0;9761;3419984;71285;
1083;Syddanmark;2024-03-10;F;1;0;1;9761;3419985;71286;
1084;Hovedstaden;2024-03-10;M;4;1;3;9762;3419989;71289;
1085;Sjælland;2024-03-10;M;2;0;2;9762;3419991;71291;
1084;Hovedstaden;2024-03-11;F;2;0;0;9762;3419993;71291;
1081;Nordjylland;2024-03-11;F;1;0;1;9762;3419994;71292;
1085;Sjælland;2024-03-11;F;4;0;3;9762;3419998;71295;
1084;Hovedstaden;2024-03-11;M;1;0;1;9762;3419999;71296;
1082;Midtjylland;2024-03-11;M;2;2;2;9764;3420001;71298;
1085;Sjælland;2024-03-11;M;1;0;0;9764;3420002;71298;
1083;Syddanmark;2024-03-11;M;1;0;1;9764;3420003;71299;
1084;Hovedstaden;2024-03-12;F;6;0;2;9764;3420009;71301;
1082;Midtjylland;2024-03-12;F;3;1;1;9765;3420012;71302;
1084;Hovedstaden;2024-03-12;M;3;0;1;9765;3420015;71303;
1083;Syddanmark;2024-03-12;M;1;0;1;9765;3420016;71304;
1084;Hovedstaden;2024-03-13;F;1;0;0;9765;3420017;71304;
1082;Midtjylland;2024-03-13;F;1;0;1;9765;3420018;71305;
1083;Syddanmark;2024-03-13;F;1;0;0;9765;3420019;71305;
1084;Hovedstaden;2024-03-13;M;1;0;1;9765;3420020;71306;
1084;Hovedstaden;2024-03-14;F;8;0;2;9765;3420028;71308;
1083;Syddanmark;2024-03-14;F;2;0;0;9765;3420030;71308;
1084;Hovedstaden;2024-03-14;M;2;0;1;9765;3420032;71309;
1083;Syddanmark;2024-03-14;M;3;0;3;9765;3420035;71312;
1082;Midtjylland;2024-03-15;F;1;0;1;9765;3420036;71313;
1085;Sjælland;2024-03-15;F;1;0;0;9765;3420037;71313;
1083;Syddanmark;2024-03-15;F;1;0;1;9765;3420038;71314;
1084;Hovedstaden;2024-03-15;M;2;0;0;9765;3420040;71314;
1082;Midtjylland;2024-03-15;M;2;0;1;9765;3420042;71315;
1083;Syddanmark;2024-03-15;M;1;0;0;9765;3420043;71315;
1081;Nordjylland;2024-03-16;F;2;0;1;9765;3420045;71316;
1083;Syddanmark;2024-03-16;F;1;0;1;9765;3420046;71317;
1083;Syddanmark;2024-03-16;M;1;0;1;9765;3420047;71318;
1084;Hovedstaden;2024-03-17;F;1;0;0;9765;3420048;71318;
1083;Syddanmark;2024-03-17;F;2;0;2;9765;3420050;71320;
1084;Hovedstaden;2024-03-17;M;2;0;0;9765;3420052;71320;
1085;Sjælland;2024-03-17;M;1;0;1;9765;3420053;71321;
1083;Syddanmark;2024-03-17;M;1;0;1;9765;3420054;71322;
1084;Hovedstaden;2024-03-18;F;2;0;1;9765;3420056;71323;
1084;Hovedstaden;2024-03-18;M;1;0;0;9765;3420057;71323;
1082;Midtjylland;2024-03-18;M;1;0;1;9765;3420058;71324;
1083;Syddanmark;2024-03-18;M;1;0;1;9765;3420059;71325;
1084;Hovedstaden;2024-03-19;F;3;0;1;9765;3420062;71326;
1082;Midtjylland;2024-03-19;F;1;0;1;9765;3420063;71327;
1085;Sjælland;2024-03-19;F;1;0;0;9765;3420064;71327;
1083;Syddanmark;2024-03-19;F;3;0;1;9765;3420067;71328;
1084;Hovedstaden;2024-03-19;M;2;0;0;9765;3420069;71328;
1082;Midtjylland;2024-03-19;M;3;0;2;9765;3420072;71330;
1085;Sjælland;2024-03-19;M;1;0;1;9765;3420073;71331;
1084;Hovedstaden;2024-03-20;F;4;0;1;9765;3420077;71332;
1082;Midtjylland;2024-03-20;F;2;0;2;9765;3420079;71334;
1084;Hovedstaden;2024-03-20;M;8;1;5;9766;3420087;71339;
1083;Syddanmark;2024-03-20;M;1;1;1;9767;3420088;71340;
1084;Hovedstaden;2024-03-21;F;1;1;1;9768;3420089;71341;
1085;Sjælland;2024-03-21;F;1;0;1;9768;3420090;71342;
1084;Hovedstaden;2024-03-21;M;3;0;2;9768;3420093;71344;
1082;Midtjylland;2024-03-21;M;1;0;1;9768;3420094;71345;
1085;Sjælland;2024-03-21;M;1;0;1;9768;3420095;71346;
1084;Hovedstaden;2024-03-22;F;2;0;0;9768;3420097;71346;
1082;Midtjylland;2024-03-22;F;2;0;0;9768;3420099;71346;
1081;Nordjylland;2024-03-22;F;1;1;1;9769;3420100;71347;
1083;Syddanmark;2024-03-22;F;1;0;0;9769;3420101;71347;
1084;Hovedstaden;2024-03-22;M;5;0;3;9769;3420106;71350;
1082;Midtjylland;2024-03-22;M;1;0;1;9769;3420107;71351;
1085;Sjælland;2024-03-22;M;1;0;0;9769;3420108;71351;
1082;Midtjylland;2024-03-23;F;1;0;1;9769;3420109;71352;
1085;Sjælland;2024-03-23;F;2;0;1;9769;3420111;71353;
1083;Syddanmark;2024-03-23;F;1;1;1;9770;3420112;71354;
1084;Hovedstaden;2024-03-23;M;1;0;1;9770;3420113;71355;
1082;Midtjylland;2024-03-23;M;1;0;1;9770;3420114;71356;
1085;Sjælland;2024-03-23;M;1;0;1;9770;3420115;71357;
1084;Hovedstaden;2024-03-24;M;2;0;1;9770;3420117;71358;
1085;Sjælland;2024-03-24;M;1;1;1;9771;3420118;71359;
1084;Hovedstaden;2024-03-25;F;2;0;1;9771;3420120;71360;
1081;Nordjylland;2024-03-25;F;1;0;0;9771;3420121;71360;
1084;Hovedstaden;2024-03-25;M;2;0;2;9771;3420123;71362;
1081;Nordjylland;2024-03-25;M;2;0;2;9771;3420125;71364;
1085;Sjælland;2024-03-25;M;1;0;1;9771;3420126;71365;
1083;Syddanmark;2024-03-25;M;4;0;2;9771;3420130;71367;
1084;Hovedstaden;2024-03-26;F;5;0;2;9771;3420135;71369;
1085;Sjælland;2024-03-26;F;1;0;0;9771;3420136;71369;
1084;Hovedstaden;2024-03-26;M;2;0;1;9771;3420138;71370;
1081;Nordjylland;2024-03-26;M;1;0;1;9771;3420139;71371;
1085;Sjælland;2024-03-26;M;2;0;0;9771;3420141;71371;
1083;Syddanmark;2024-03-26;M;1;0;1;9771;3420142;71372;
1082;Midtjylland;2024-03-27;F;2;0;1;9771;3420144;71373;
1081;Nordjylland;2024-03-27;F;1;0;1;9771;3420145;71374;
1083;Syddanmark;2024-03-27;F;1;0;1;9771;3420146;71375;
1084;Hovedstaden;2024-03-27;M;1;0;0;9771;3420147;71375;
1085;Sjælland;2024-03-27;M;1;0;1;9771;3420148;71376;
1084;Hovedstaden;2024-03-28;F;3;0;2;9771;3420151;71378;
1084;Hovedstaden;2024-03-28;M;1;0;1;9771;3420152;71379;
1081;Nordjylland;2024-03-28;M;1;0;0;9771;3420153;71379;
1084;Hovedstaden;2024-03-29;F;1;0;1;9771;3420154;71380;
1082;Midtjylland;2024-03-29;F;1;0;1;9771;3420155;71381;
1085;Sjælland;2024-03-29;F;1;0;1;9771;3420156;71382;
1084;Hovedstaden;2024-03-29;M;1;0;0;9771;3420157;71382;
1082;Midtjylland;2024-03-29;M;1;0;1;9771;3420158;71383;
1085;Sjælland;2024-03-29;M;1;0;1;9771;3420159;71384;
1084;Hovedstaden;2024-03-30;F;2;1;0;9772;3420161;71384;
1085;Sjælland;2024-03-30;F;1;0;1;9772;3420162;71385;
1085;Sjælland;2024-03-30;M;1;0;0;9772;3420163;71385;
1084;Hovedstaden;2024-03-31;F;2;0;2;9772;3420165;71387;
1081;Nordjylland;2024-03-31;F;1;0;1;9772;3420166;71388;
1085;Sjælland;2024-03-31;F;1;0;1;9772;3420167;71389;
1083;Syddanmark;2024-03-31;F;2;0;2;9772;3420169;71391;
1084;Hovedstaden;2024-03-31;M;1;0;1;9772;3420170;71392;
1082;Midtjylland;2024-03-31;M;1;0;0;9772;3420171;71392;
1085;Sjælland;2024-03-31;M;2;1;2;9773;3420173;71394;
1083;Syddanmark;2024-03-31;M;1;0;1;9773;3420174;71395;
1084;Hovedstaden;2024-04-01;F;3;0;2;9773;3420177;71397;
1084;Hovedstaden;2024-04-01;M;1;0;0;9773;3420178;71397;
1085;Sjælland;2024-04-01;M;1;0;1;9773;3420179;71398;
1084;Hovedstaden;2024-04-02;F;1;0;0;9773;3420180;71398;
1082;Midtjylland;2024-04-02;F;2;0;1;9773;3420182;71399;
1085;Sjælland;2024-04-02;F;2;0;0;9773;3420184;71399;
1084;Hovedstaden;2024-04-02;M;3;0;0;9773;3420187;71399;
1084;Hovedstaden;2024-04-03;F;3;0;1;9773;3420190;71400;
1085;Sjælland;2024-04-03;F;3;0;0;9773;3420193;71400;
1084;Hovedstaden;2024-04-03;M;2;1;2;9774;3420195;71402;
1085;Sjælland;2024-04-03;M;2;0;2;9774;3420197;71404;
1084;Hovedstaden;2024-04-04;F;3;0;0;9774;3420200;71404;
1084;Hovedstaden;2024-04-04;M;1;0;0;9774;3420201;71404;
1084;Hovedstaden;2024-04-05;F;2;0;0;9774;3420203;71404;
1083;Syddanmark;2024-04-05;F;2;0;1;9774;3420205;71405;
1084;Hovedstaden;2024-04-05;M;1;0;1;9774;3420206;71406;
1083;Syddanmark;2024-04-05;M;1;0;1;9774;3420207;71407;
1082;Midtjylland;2024-04-06;M;2;0;2;9774;3420209;71409;
1084;Hovedstaden;2024-04-07;F;1;0;1;9774;3420210;71410;
1082;Midtjylland;2024-04-07;F;1;0;1;9774;3420211;71411;
1081;Nordjylland;2024-04-07;F;1;0;0;9774;3420212;71411;
1085;Sjælland;2024-04-07;F;1;1;1;9775;3420213;71412;
1083;Syddanmark;2024-04-07;F;1;0;1;9775;3420214;71413;
1084;Hovedstaden;2024-04-07;M;2;1;1;9776;3420216;71414;
1084;Hovedstaden;2024-04-08;F;3;0;0;9776;3420219;71414;
1085;Sjælland;2024-04-08;F;2;0;0;9776;3420221;71414;
1084;Hovedstaden;2024-04-08;M;3;0;0;9776;3420224;71414;
1082;Midtjylland;2024-04-08;M;3;1;1;9777;3420227;71415;
1081;Nordjylland;2024-04-08;M;1;1;1;9778;3420228;71416;
1085;Sjælland;2024-04-08;M;3;0;1;9778;3420231;71417;
1084;Hovedstaden;2024-04-09;F;2;0;0;9778;3420233;71417;
1082;Midtjylland;2024-04-09;F;1;0;0;9778;3420234;71417;
1084;Hovedstaden;2024-04-09;M;2;0;2;9778;3420236;71419;
1082;Midtjylland;2024-04-09;M;2;0;1;9778;3420238;71420;
1083;Syddanmark;2024-04-09;M;1;0;1;9778;3420239;71421;
1084;Hovedstaden;2024-04-10;F;2;0;0;9778;3420241;71421;
1083;Syddanmark;2024-04-10;F;1;0;1;9778;3420242;71422;
1084;Hovedstaden;2024-04-10;M;1;0;0;9778;3420243;71422;
1082;Midtjylland;2024-04-10;M;2;0;0;9778;3420245;71422;
1083;Syddanmark;2024-04-10;M;1;0;1;9778;3420246;71423;
1083;Syddanmark;2024-04-11;F;2;0;1;9778;3420248;71424;
1084;Hovedstaden;2024-04-11;M;3;0;1;9778;3420251;71425;
1081;Nordjylland;2024-04-11;M;2;0;2;9778;3420253;71427;
1084;Hovedstaden;2024-04-12;F;4;1;1;9779;3420257;71428;
1081;Nordjylland;2024-04-12;F;1;0;0;9779;3420258;71428;
1085;Sjælland;2024-04-12;F;1;0;1;9779;3420259;71429;
1084;Hovedstaden;2024-04-13;F;1;0;1;9779;3420260;71430;
1084;Hovedstaden;2024-04-13;M;1;0;1;9779;3420261;71431;
1082;Midtjylland;2024-04-13;M;1;0;0;9779;3420262;71431;
1081;Nordjylland;2024-04-14;F;2;0;2;9779;3420264;71433;
1085;Sjælland;2024-04-14;F;2;1;1;9780;3420266;71434;
1083;Syddanmark;2024-04-14;M;1;0;0;9780;3420267;71434;
1084;Hovedstaden;2024-04-15;F;1;0;1;9780;3420268;71435;
1082;Midtjylland;2024-04-15;F;1;0;0;9780;3420269;71435;
1085;Sjælland;2024-04-15;F;2;0;0;9780;3420271;71435;
1084;Hovedstaden;2024-04-15;M;1;0;0;9780;3420272;71435;
1081;Nordjylland;2024-04-15;M;2;0;2;9780;3420274;71437;
1085;Sjælland;2024-04-15;M;1;1;1;9781;3420275;71438;
1083;Syddanmark;2024-04-15;M;1;0;1;9781;3420276;71439;
1084;Hovedstaden;2024-04-16;F;3;0;1;9781;3420279;71440;
1085;Sjælland;2024-04-16;F;1;0;0;9781;3420280;71440;
1083;Syddanmark;2024-04-16;F;1;1;1;9782;3420281;71441;
1083;Syddanmark;2024-04-16;M;1;0;1;9782;3420282;71442;
1084;Hovedstaden;2024-04-17;F;1;0;0;9782;3420283;71442;
1084;Hovedstaden;2024-04-17;M;1;0;0;9782;3420284;71442;
1083;Syddanmark;2024-04-17;M;1;0;0;9782;3420285;71442;
1084;Hovedstaden;2024-04-18;F;2;0;1;9782;3420287;71443;
1082;Midtjylland;2024-04-18;F;1;0;1;9782;3420288;71444;
1085;Sjælland;2024-04-18;F;1;0;1;9782;3420289;71445;
1083;Syddanmark;2024-04-18;F;1;0;1;9782;3420290;71446;
1082;Midtjylland;2024-04-18;M;1;0;1;9782;3420291;71447;
1081;Nordjylland;2024-04-18;M;1;0;0;9782;3420292;71447;
1085;Sjælland;2024-04-18;M;1;0;1;9782;3420293;71448;
1084;Hovedstaden;2024-04-19;F;2;0;0;9782;3420295;71448;
1085;Sjælland;2024-04-19;F;1;0;1;9782;3420296;71449;
1084;Hovedstaden;2024-04-19;M;2;0;2;9782;3420298;71451;
1084;Hovedstaden;2024-04-20;F;1;0;1;9782;3420299;71452;
1085;Sjælland;2024-04-20;F;1;1;1;9783;3420300;71453;
1083;Syddanmark;2024-04-20;F;1;0;1;9783;3420301;71454;
1085;Sjælland;2024-04-20;M;2;0;2;9783;3420303;71456;
1085;Sjælland;2024-04-21;F;1;0;1;9783;3420304;71457;
1084;Hovedstaden;2024-04-22;F;2;0;1;9783;3420306;71458;
1082;Midtjylland;2024-04-22;F;1;0;1;9783;3420307;71459;
1085;Sjælland;2024-04-22;F;2;0;0;9783;3420309;71459;
1084;Hovedstaden;2024-04-22;M;1;0;0;9783;3420310;71459;
1082;Midtjylland;2024-04-22;M;2;0;1;9783;3420312;71460;
1084;Hovedstaden;2024-04-23;F;1;0;0;9783;3420313;71460;
1082;Midtjylland;2024-04-23;F;1;0;1;9783;3420314;71461;
1083;Syddanmark;2024-04-23;F;1;1;1;9784;3420315;71462;
1084;Hovedstaden;2024-04-23;M;1;0;1;9784;3420316;71463;
1085;Sjælland;2024-04-23;M;2;0;2;9784;3420318;71465;
1084;Hovedstaden;2024-04-24;F;2;0;1;9784;3420320;71466;
1082;Midtjylland;2024-04-24;F;1;0;0;9784;3420321;71466;
1085;Sjælland;2024-04-24;F;2;0;1;9784;3420323;71467;
1084;Hovedstaden;2024-04-24;M;1;0;1;9784;3420324;71468;
1083;Syddanmark;2024-04-24;M;1;0;1;9784;3420325;71469;
1084;Hovedstaden;2024-04-25;F;2;0;0;9784;3420327;71469;
1084;Hovedstaden;2024-04-25;M;2;0;2;9784;3420329;71471;
1083;Syddanmark;2024-04-25;M;1;0;1;9784;3420330;71472;
1084;Hovedstaden;2024-04-26;F;2;0;1;9784;3420332;71473;
1082;Midtjylland;2024-04-26;F;1;0;1;9784;3420333;71474;
1081;Nordjylland;2024-04-26;M;1;1;1;9785;3420334;71475;
1083;Syddanmark;2024-04-26;M;1;0;0;9785;3420335;71475;
1084;Hovedstaden;2024-04-27;F;1;0;0;9785;3420336;71475;
1082;Midtjylland;2024-04-27;F;1;0;1;9785;3420337;71476;
1083;Syddanmark;2024-04-27;F;1;0;0;9785;3420338;71476;
1085;Sjælland;2024-04-27;M;1;0;1;9785;3420339;71477;
1084;Hovedstaden;2024-04-28;F;1;0;1;9785;3420340;71478;
1083;Syddanmark;2024-04-28;F;1;0;1;9785;3420341;71479;
1084;Hovedstaden;2024-04-28;M;2;0;0;9785;3420343;71479;
1083;Syddanmark;2024-04-28;M;1;0;1;9785;3420344;71480;
1084;Hovedstaden;2024-04-29;F;4;0;1;9785;3420348;71481;
1082;Midtjylland;2024-04-29;F;1;0;1;9785;3420349;71482;
1085;Sjælland;2024-04-29;F;1;0;1;9785;3420350;71483;
1083;Syddanmark;2024-04-29;F;1;0;0;9785;3420351;71483;
1085;Sjælland;2024-04-29;M;1;0;1;9785;3420352;71484;
1083;Syddanmark;2024-04-29;M;1;0;0;9785;3420353;71484;
1084;Hovedstaden;2024-04-30;F;4;0;0;9785;3420357;71484;
1082;Midtjylland;2024-04-30;F;1;0;1;9785;3420358;71485;
1085;Sjælland;2024-04-30;F;1;0;1;9785;3420359;71486;
1084;Hovedstaden;2024-04-30;M;6;0;5;9785;3420365;71491;
1085;Sjælland;2024-04-30;M;2;0;0;9785;3420367;71491;
1083;Syddanmark;2024-04-30;M;2;0;0;9785;3420369;71491;
1084;Hovedstaden;2024-05-01;F;2;0;1;9785;3420371;71492;
1085;Sjælland;2024-05-01;F;1;1;1;9786;3420372;71493;
1083;Syddanmark;2024-05-01;F;1;0;1;9786;3420373;71494;
1084;Hovedstaden;2024-05-01;M;3;0;1;9786;3420376;71495;
1085;Sjælland;2024-05-01;M;2;1;2;9787;3420378;71497;
1084;Hovedstaden;2024-05-02;F;3;0;1;9787;3420381;71498;
1084;Hovedstaden;2024-05-02;M;4;0;2;9787;3420385;71500;
1085;Sjælland;2024-05-02;M;1;0;0;9787;3420386;71500;
1084;Hovedstaden;2024-05-03;F;3;0;0;9787;3420389;71500;
1085;Sjælland;2024-05-03;F;1;0;0;9787;3420390;71500;
1084;Hovedstaden;2024-05-03;M;8;0;5;9787;3420398;71505;
1083;Syddanmark;2024-05-03;M;1;0;1;9787;3420399;71506;
1084;Hovedstaden;2024-05-04;F;2;0;0;9787;3420401;71506;
1081;Nordjylland;2024-05-04;F;1;0;1;9787;3420402;71507;
1083;Syddanmark;2024-05-04;F;1;0;1;9787;3420403;71508;
1081;Nordjylland;2024-05-04;M;1;0;0;9787;3420404;71508;
1085;Sjælland;2024-05-04;M;1;1;1;9788;3420405;71509;
1084;Hovedstaden;2024-05-05;F;1;0;1;9788;3420406;71510;
1082;Midtjylland;2024-05-06;F;1;0;0;9788;3420407;71510;
1084;Hovedstaden;2024-05-06;M;6;0;3;9788;3420413;71513;
1082;Midtjylland;2024-05-06;M;2;0;1;9788;3420415;71514;
1085;Sjælland;2024-05-06;M;1;0;0;9788;3420416;71514;
1083;Syddanmark;2024-05-06;M;1;0;0;9788;3420417;71514;
1084;Hovedstaden;2024-05-07;F;7;0;2;9788;3420424;71516;
1082;Midtjylland;2024-05-07;F;1;0;0;9788;3420425;71516;
1085;Sjælland;2024-05-07;F;2;0;2;9788;3420427;71518;
1084;Hovedstaden;2024-05-07;M;2;0;0;9788;3420429;71518;
1082;Midtjylland;2024-05-07;M;1;0;1;9788;3420430;71519;
1085;Sjælland;2024-05-07;M;1;0;1;9788;3420431;71520;
1084;Hovedstaden;2024-05-08;M;2;0;1;9788;3420433;71521;
1085;Sjælland;2024-05-08;M;2;0;1;9788;3420435;71522;
1084;Hovedstaden;2024-05-09;M;5;1;4;9789;3420440;71526;
1084;Hovedstaden;2024-05-10;F;5;0;0;9789;3420445;71526;
1084;Hovedstaden;2024-05-10;M;2;0;1;9789;3420447;71527;
1085;Sjælland;2024-05-10;M;1;0;1;9789;3420448;71528;
1083;Syddanmark;2024-05-10;M;2;0;1;9789;3420450;71529;
1083;Syddanmark;2024-05-11;F;1;0;0;9789;3420451;71529;
1084;Hovedstaden;2024-05-12;F;2;0;2;9789;3420453;71531;
1081;Nordjylland;2024-05-12;F;1;0;0;9789;3420454;71531;
1083;Syddanmark;2024-05-12;F;1;0;0;9789;3420455;71531;
1084;Hovedstaden;2024-05-12;M;2;1;2;9790;3420457;71533;
1084;Hovedstaden;2024-05-13;F;1;0;0;9790;3420458;71533;
1083;Syddanmark;2024-05-13;F;1;0;1;9790;3420459;71534;
1084;Hovedstaden;2024-05-13;M;1;0;1;9790;3420460;71535;
1081;Nordjylland;2024-05-13;M;1;0;1;9790;3420461;71536;
1085;Sjælland;2024-05-13;M;1;0;1;9790;3420462;71537;
1084;Hovedstaden;2024-05-14;F;6;0;2;9790;3420468;71539;
1082;Midtjylland;2024-05-14;F;2;0;0;9790;3420470;71539;
1085;Sjælland;2024-05-14;F;2;0;2;9790;3420472;71541;
1083;Syddanmark;2024-05-14;F;1;0;1;9790;3420473;71542;
1084;Hovedstaden;2024-05-14;M;4;1;1;9791;3420477;71543;
1082;Midtjylland;2024-05-14;M;2;0;2;9791;3420479;71545;
1085;Sjælland;2024-05-14;M;1;0;0;9791;3420480;71545;
1084;Hovedstaden;2024-05-15;F;2;0;0;9791;3420482;71545;
1081;Nordjylland;2024-05-15;F;1;0;1;9791;3420483;71546;
1083;Syddanmark;2024-05-15;F;2;0;0;9791;3420485;71546;
1084;Hovedstaden;2024-05-15;M;2;0;2;9791;3420487;71548;
1081;Nordjylland;2024-05-15;M;1;0;0;9791;3420488;71548;
1084;Hovedstaden;2024-05-16;F;3;0;0;9791;3420491;71548;
1083;Syddanmark;2024-05-16;F;1;0;1;9791;3420492;71549;
1084;Hovedstaden;2024-05-16;M;2;0;1;9791;3420494;71550;
1083;Syddanmark;2024-05-16;M;1;0;1;9791;3420495;71551;
1084;Hovedstaden;2024-05-17;F;8;0;3;9791;3420503;71554;
1082;Midtjylland;2024-05-17;F;1;0;1;9791;3420504;71555;
1083;Syddanmark;2024-05-17;F;1;0;0;9791;3420505;71555;
1084;Hovedstaden;2024-05-17;M;4;0;1;9791;3420509;71556;
1082;Midtjylland;2024-05-17;M;1;0;1;9791;3420510;71557;
1085;Sjælland;2024-05-17;M;1;0;1;9791;3420511;71558;
1084;Hovedstaden;2024-05-18;F;2;0;0;9791;3420513;71558;
1084;Hovedstaden;2024-05-18;M;3;0;1;9791;3420516;71559;
1082;Midtjylland;2024-05-18;M;1;0;1;9791;3420517;71560;
1084;Hovedstaden;2024-05-19;F;4;0;1;9791;3420521;71561;
1084;Hovedstaden;2024-05-19;M;1;0;1;9791;3420522;71562;
1085;Sjælland;2024-05-19;M;1;0;0;9791;3420523;71562;
1084;Hovedstaden;2024-05-20;F;2;0;0;9791;3420525;71562;
1083;Syddanmark;2024-05-20;F;1;0;1;9791;3420526;71563;
1084;Hovedstaden;2024-05-20;M;2;0;2;9791;3420528;71565;
1082;Midtjylland;2024-05-20;M;1;0;1;9791;3420529;71566;
1085;Sjælland;2024-05-20;M;2;0;2;9791;3420531;71568;
1084;Hovedstaden;2024-05-21;F;2;0;1;9791;3420533;71569;
1082;Midtjylland;2024-05-21;F;3;1;2;9792;3420536;71571;
1083;Syddanmark;2024-05-21;F;1;0;0;9792;3420537;71571;
1084;Hovedstaden;2024-05-21;M;5;0;1;9792;3420542;71572;
1081;Nordjylland;2024-05-21;M;1;0;1;9792;3420543;71573;
1085;Sjælland;2024-05-21;M;4;0;3;9792;3420547;71576;
1083;Syddanmark;2024-05-21;M;2;0;1;9792;3420549;71577;
1084;Hovedstaden;2024-05-22;F;2;0;0;9792;3420551;71577;
1081;Nordjylland;2024-05-22;F;1;0;0;9792;3420552;71577;
1084;Hovedstaden;2024-05-22;M;2;0;1;9792;3420554;71578;
1081;Nordjylland;2024-05-22;M;1;0;1;9792;3420555;71579;
1083;Syddanmark;2024-05-22;M;2;0;0;9792;3420557;71579;
1084;Hovedstaden;2024-05-23;F;4;0;0;9792;3420561;71579;
1083;Syddanmark;2024-05-23;F;2;0;0;9792;3420563;71579;
1084;Hovedstaden;2024-05-23;M;4;0;0;9792;3420567;71579;
1084;Hovedstaden;2024-05-24;F;3;0;1;9792;3420570;71580;
1081;Nordjylland;2024-05-24;F;1;0;1;9792;3420571;71581;
1083;Syddanmark;2024-05-24;F;1;0;0;9792;3420572;71581;
1084;Hovedstaden;2024-05-24;M;4;0;1;9792;3420576;71582;
1084;Hovedstaden;2024-05-25;F;2;0;2;9792;3420578;71584;
1081;Nordjylland;2024-05-26;F;1;0;1;9792;3420579;71585;
1085;Sjælland;2024-05-26;F;1;0;0;9792;3420580;71585;
1084;Hovedstaden;2024-05-26;M;1;0;1;9792;3420581;71586;
1085;Sjælland;2024-05-26;M;1;0;0;9792;3420582;71586;
1084;Hovedstaden;2024-05-27;F;4;0;1;9792;3420586;71587;
1085;Sjælland;2024-05-27;F;3;0;0;9792;3420589;71587;
1083;Syddanmark;2024-05-27;F;1;0;0;9792;3420590;71587;
1084;Hovedstaden;2024-05-27;M;3;1;2;9793;3420593;71589;
1085;Sjælland;2024-05-27;M;1;0;0;9793;3420594;71589;
1083;Syddanmark;2024-05-27;M;1;0;0;9793;3420595;71589;
1084;Hovedstaden;2024-05-28;F;3;1;1;9794;3420598;71590;
1084;Hovedstaden;2024-05-28;M;5;0;3;9794;3420603;71593;
1082;Midtjylland;2024-05-28;M;1;0;1;9794;3420604;71594;
1081;Nordjylland;2024-05-28;M;1;0;1;9794;3420605;71595;
1085;Sjælland;2024-05-28;M;1;0;1;9794;3420606;71596;
1083;Syddanmark;2024-05-28;M;3;0;2;9794;3420609;71598;
1084;Hovedstaden;2024-05-29;F;4;0;1;9794;3420613;71599;
1084;Hovedstaden;2024-05-29;M;1;0;0;9794;3420614;71599;
1084;Hovedstaden;2024-05-30;F;3;0;1;9794;3420617;71600;
1083;Syddanmark;2024-05-30;F;2;0;0;9794;3420619;71600;
1084;Hovedstaden;2024-05-30;M;4;0;1;9794;3420623;71601;
1082;Midtjylland;2024-05-30;M;1;0;0;9794;3420624;71601;
1084;Hovedstaden;2024-05-31;F;2;0;0;9794;3420626;71601;
1084;Hovedstaden;2024-05-31;M;2;0;1;9794;3420628;71602;
1081;Nordjylland;2024-05-31;M;1;0;1;9794;3420629;71603;
1084;Hovedstaden;2024-06-01;M;2;0;0;9794;3420631;71603;
1085;Sjælland;2024-06-01;M;2;0;2;9794;3420633;71605;
1083;Syddanmark;2024-06-01;M;2;0;1;9794;3420635;71606;
1084;Hovedstaden;2024-06-02;F;4;0;1;9794;3420639;71607;
1085;Sjælland;2024-06-02;F;1;0;0;9794;3420640;71607;
1082;Midtjylland;2024-06-02;M;1;0;0;9794;3420641;71607;
1084;Hovedstaden;2024-06-03;F;3;0;2;9794;3420644;71609;
1082;Midtjylland;2024-06-03;F;3;0;0;9794;3420647;71609;
1085;Sjælland;2024-06-03;F;1;0;0;9794;3420648;71609;
1083;Syddanmark;2024-06-03;F;1;0;1;9794;3420649;71610;
1084;Hovedstaden;2024-06-03;M;5;0;1;9794;3420654;71611;
1085;Sjælland;2024-06-03;M;1;0;1;9794;3420655;71612;
1083;Syddanmark;2024-06-03;M;1;0;0;9794;3420656;71612;
1084;Hovedstaden;2024-06-04;F;7;0;3;9794;3420663;71615;
1084;Hovedstaden;2024-06-04;M;1;0;1;9794;3420664;71616;
1085;Sjælland;2024-06-04;M;1;0;0;9794;3420665;71616;
1084;Hovedstaden;2024-06-05;F;1;1;1;9795;3420666;71617;
1084;Hovedstaden;2024-06-05;M;2;0;0;9795;3420668;71617;
1082;Midtjylland;2024-06-05;M;1;0;0;9795;3420669;71617;
1085;Sjælland;2024-06-05;M;1;0;1;9795;3420670;71618;
1084;Hovedstaden;2024-06-06;F;4;0;2;9795;3420674;71620;
1082;Midtjylland;2024-06-06;F;3;1;1;9796;3420677;71621;
1085;Sjælland;2024-06-06;F;1;0;1;9796;3420678;71622;
1083;Syddanmark;2024-06-06;F;3;0;2;9796;3420681;71624;
1084;Hovedstaden;2024-06-06;M;2;0;0;9796;3420683;71624;
1085;Sjælland;2024-06-06;M;1;0;1;9796;3420684;71625;
1084;Hovedstaden;2024-06-07;F;3;0;1;9796;3420687;71626;
1082;Midtjylland;2024-06-07;F;1;0;1;9796;3420688;71627;
1081;Nordjylland;2024-06-07;F;1;0;1;9796;3420689;71628;
1085;Sjælland;2024-06-07;F;3;0;1;9796;3420692;71629;
1084;Hovedstaden;2024-06-07;M;3;0;2;9796;3420695;71631;
1081;Nordjylland;2024-06-07;M;1;0;1;9796;3420696;71632;
1084;Hovedstaden;2024-06-08;F;2;0;2;9796;3420698;71634;
1081;Nordjylland;2024-06-08;F;1;0;1;9796;3420699;71635;
1084;Hovedstaden;2024-06-08;M;1;0;1;9796;3420700;71636;
1085;Sjælland;2024-06-08;M;1;0;1;9796;3420701;71637;
1084;Hovedstaden;2024-06-09;F;3;0;1;9796;3420704;71638;
1082;Midtjylland;2024-06-09;M;1;0;0;9796;3420705;71638;
1084;Hovedstaden;2024-06-10;F;8;0;3;9796;3420713;71641;
1085;Sjælland;2024-06-10;F;1;0;0;9796;3420714;71641;
1084;Hovedstaden;2024-06-10;M;5;0;1;9796;3420719;71642;
1082;Midtjylland;2024-06-10;M;1;0;1;9796;3420720;71643;
1083;Syddanmark;2024-06-10;M;1;0;0;9796;3420721;71643;
1084;Hovedstaden;2024-06-11;F;7;1;1;9797;3420728;71644;
1083;Syddanmark;2024-06-11;F;2;0;1;9797;3420730;71645;
1084;Hovedstaden;2024-06-11;M;3;0;0;9797;3420733;71645;
1082;Midtjylland;2024-06-11;M;2;0;0;9797;3420735;71645;
1085;Sjælland;2024-06-11;M;1;0;1;9797;3420736;71646;
1084;Hovedstaden;2024-06-12;F;8;0;2;9797;3420744;71648;
1082;Midtjylland;2024-06-12;F;1;0;0;9797;3420745;71648;
1081;Nordjylland;2024-06-12;F;1;0;1;9797;3420746;71649;
1083;Syddanmark;2024-06-12;F;1;0;0;9797;3420747;71649;
1084;Hovedstaden;2024-06-12;M;2;0;1;9797;3420749;71650;
1082;Midtjylland;2024-06-12;M;1;0;0;9797;3420750;71650;
1081;Nordjylland;2024-06-12;M;2;1;2;9798;3420752;71652;
1085;Sjælland;2024-06-12;M;1;1;0;9799;3420753;71652;
1084;Hovedstaden;2024-06-13;F;6;0;3;9799;3420759;71655;
1082;Midtjylland;2024-06-13;F;1;0;1;9799;3420760;71656;
1081;Nordjylland;2024-06-13;F;2;0;0;9799;3420762;71656;
1084;Hovedstaden;2024-06-13;M;8;0;6;9799;3420770;71662;
1085;Sjælland;2024-06-13;M;1;0;0;9799;3420771;71662;
1084;Hovedstaden;2024-06-14;F;2;0;2;9799;3420773;71664;
1082;Midtjylland;2024-06-14;F;1;0;0;9799;3420774;71664;
1084;Hovedstaden;2024-06-14;M;4;0;0;9799;3420778;71664;
1082;Midtjylland;2024-06-14;M;1;0;0;9799;3420779;71664;
1081;Nordjylland;2024-06-14;M;1;0;0;9799;3420780;71664;
1085;Sjælland;2024-06-14;M;2;0;0;9799;3420782;71664;
1084;Hovedstaden;2024-06-15;F;5;0;3;9799;3420787;71667;
1085;Sjælland;2024-06-15;F;3;0;2;9799;3420790;71669;
1083;Syddanmark;2024-06-15;F;1;0;1;9799;3420791;71670;
1084;Hovedstaden;2024-06-15;M;2;0;2;9799;3420793;71672;
1081;Nordjylland;2024-06-15;M;1;0;1;9799;3420794;71673;
1085;Sjælland;2024-06-15;M;1;0;0;9799;3420795;71673;
1084;Hovedstaden;2024-06-16;F;6;0;2;9799;3420801;71675;
1082;Midtjylland;2024-06-16;F;1;0;1;9799;3420802;71676;
1081;Nordjylland;2024-06-16;F;1;0;1;9799;3420803;71677;
1085;Sjælland;2024-06-16;F;3;0;3;9799;3420806;71680;
1083;Syddanmark;2024-06-16;F;1;0;0;9799;3420807;71680;
1084;Hovedstaden;2024-06-16;M;6;0;2;9799;3420813;71682;
1082;Midtjylland;2024-06-16;M;1;0;0;9799;3420814;71682;
1081;Nordjylland;2024-06-16;M;1;1;1;9800;3420815;71683;
1085;Sjælland;2024-06-16;M;1;0;0;9800;3420816;71683;
1083;Syddanmark;2024-06-16;M;1;0;0;9800;3420817;71683;
1084;Hovedstaden;2024-06-17;F;10;0;1;9800;3420827;71684;
1082;Midtjylland;2024-06-17;F;1;0;0;9800;3420828;71684;
1081;Nordjylland;2024-06-17;F;1;0;0;9800;3420829;71684;
1085;Sjælland;2024-06-17;F;2;1;2;9801;3420831;71686;
1083;Syddanmark;2024-06-17;F;2;0;0;9801;3420833;71686;
1084;Hovedstaden;2024-06-17;M;10;0;4;9801;3420843;71690;
1082;Midtjylland;2024-06-17;M;3;0;2;9801;3420846;71692;
1085;Sjælland;2024-06-17;M;2;0;1;9801;3420848;71693;
1083;Syddanmark;2024-06-17;M;3;0;1;9801;3420851;71694;
1084;Hovedstaden;2024-06-18;F;5;0;3;9801;3420856;71697;
1082;Midtjylland;2024-06-18;F;1;0;0;9801;3420857;71697;
1085;Sjælland;2024-06-18;F;3;0;1;9801;3420860;71698;
1083;Syddanmark;2024-06-18;F;2;1;1;9802;3420862;71699;
1084;Hovedstaden;2024-06-18;M;7;0;1;9802;3420869;71700;
1082;Midtjylland;2024-06-18;M;1;0;0;9802;3420870;71700;
1085;Sjælland;2024-06-18;M;2;0;1;9802;3420872;71701;
1083;Syddanmark;2024-06-18;M;1;0;1;9802;3420873;71702;
1084;Hovedstaden;2024-06-19;F;8;0;1;9802;3420881;71703;
1082;Midtjylland;2024-06-19;F;1;0;1;9802;3420882;71704;
1085;Sjælland;2024-06-19;F;3;0;1;9802;3420885;71705;
1083;Syddanmark;2024-06-19;F;3;0;1;9802;3420888;71706;
1084;Hovedstaden;2024-06-19;M;7;0;3;9802;3420895;71709;
1082;Midtjylland;2024-06-19;M;4;0;1;9802;3420899;71710;
1085;Sjælland;2024-06-19;M;4;0;1;9802;3420903;71711;
1083;Syddanmark;2024-06-19;M;2;0;1;9802;3420905;71712;
1084;Hovedstaden;2024-06-20;F;13;0;7;9802;3420918;71719;
1085;Sjælland;2024-06-20;F;1;0;0;9802;3420919;71719;
1083;Syddanmark;2024-06-20;F;1;0;0;9802;3420920;71719;
1084;Hovedstaden;2024-06-20;M;7;1;4;9803;3420927;71723;
1082;Midtjylland;2024-06-20;M;1;0;1;9803;3420928;71724;
1085;Sjælland;2024-06-20;M;2;0;1;9803;3420930;71725;
1083;Syddanmark;2024-06-20;M;1;0;0;9803;3420931;71725;
1084;Hovedstaden;2024-06-21;F;9;0;1;9803;3420940;71726;
1085;Sjælland;2024-06-21;F;2;1;2;9804;3420942;71728;
1083;Syddanmark;2024-06-21;F;1;0;0;9804;3420943;71728;
1084;Hovedstaden;2024-06-21;M;12;0;4;9804;3420955;71732;
1081;Nordjylland;2024-06-21;M;1;1;1;9805;3420956;71733;
1085;Sjælland;2024-06-21;M;2;0;2;9805;3420958;71735;
1083;Syddanmark;2024-06-21;M;2;0;2;9805;3420960;71737;
1084;Hovedstaden;2024-06-22;F;3;0;2;9805;3420963;71739;
1083;Syddanmark;2024-06-22;F;2;0;1;9805;3420965;71740;
1084;Hovedstaden;2024-06-22;M;2;0;2;9805;3420967;71742;
1082;Midtjylland;2024-06-22;M;2;0;0;9805;3420969;71742;
1083;Syddanmark;2024-06-22;M;1;0;1;9805;3420970;71743;
1084;Hovedstaden;2024-06-23;F;11;1;7;9806;3420981;71750;
1082;Midtjylland;2024-06-23;F;3;0;2;9806;3420984;71752;
1085;Sjælland;2024-06-23;F;1;0;0;9806;3420985;71752;
1083;Syddanmark;2024-06-23;F;1;0;0;9806;3420986;71752;
1084;Hovedstaden;2024-06-23;M;5;1;2;9807;3420991;71754;
1082;Midtjylland;2024-06-23;M;2;0;2;9807;3420993;71756;
1081;Nordjylland;2024-06-23;M;1;0;1;9807;3420994;71757;
1085;Sjælland;2024-06-23;M;1;0;1;9807;3420995;71758;
1083;Syddanmark;2024-06-23;M;1;0;1;9807;3420996;71759;
1084;Hovedstaden;2024-06-24;F;12;0;2;9807;3421008;71761;
1082;Midtjylland;2024-06-24;F;2;0;1;9807;3421010;71762;
1085;Sjælland;2024-06-24;F;4;0;2;9807;3421014;71764;
1083;Syddanmark;2024-06-24;F;4;0;1;9807;3421018;71765;
1084;Hovedstaden;2024-06-24;M;11;0;3;9807;3421029;71768;
1082;Midtjylland;2024-06-24;M;2;0;1;9807;3421031;71769;
1083;Syddanmark;2024-06-24;M;4;1;3;9808;3421035;71772;
1084;Hovedstaden;2024-06-25;F;15;0;3;9808;3421050;71775;
1081;Nordjylland;2024-06-25;F;1;0;0;9808;3421051;71775;
1084;Hovedstaden;2024-06-25;M;11;0;1;9808;3421062;71776;
1082;Midtjylland;2024-06-25;M;1;0;1;9808;3421063;71777;
1081;Nordjylland;2024-06-25;M;1;0;0;9808;3421064;71777;
1083;Syddanmark;2024-06-25;M;3;0;0;9808;3421067;71777;
1084;Hovedstaden;2024-06-26;F;15;0;1;9808;3421082;71778;
1082;Midtjylland;2024-06-26;F;2;0;0;9808;3421084;71778;
1085;Sjælland;2024-06-26;F;1;0;1;9808;3421085;71779;
1083;Syddanmark;2024-06-26;F;4;1;2;9809;3421089;71781;
1084;Hovedstaden;2024-06-26;M;7;0;1;9809;3421096;71782;
1081;Nordjylland;2024-06-26;M;3;0;1;9809;3421099;71783;
1085;Sjælland;2024-06-26;M;3;0;2;9809;3421102;71785;
1083;Syddanmark;2024-06-26;M;2;0;0;9809;3421104;71785;
1084;Hovedstaden;2024-06-27;F;33;0;3;9809;3421137;71788;
1082;Midtjylland;2024-06-27;F;5;0;1;9809;3421142;71789;
1081;Nordjylland;2024-06-27;F;1;0;0;9809;3421143;71789;
1085;Sjælland;2024-06-27;F;1;0;1;9809;3421144;71790;
1084;Hovedstaden;2024-06-27;M;16;1;5;9810;3421160;71795;
1082;Midtjylland;2024-06-27;M;1;0;0;9810;3421161;71795;
1081;Nordjylland;2024-06-27;M;2;0;1;9810;3421163;71796;
1085;Sjælland;2024-06-27;M;1;0;1;9810;3421164;71797;
1084;Hovedstaden;2024-06-28;F;22;0;7;9810;3421186;71804;
1082;Midtjylland;2024-06-28;F;1;0;1;9810;3421187;71805;
1085;Sjælland;2024-06-28;F;2;0;1;9810;3421189;71806;
1083;Syddanmark;2024-06-28;F;2;0;0;9810;3421191;71806;
1084;Hovedstaden;2024-06-28;M;14;0;2;9810;3421205;71808;
1082;Midtjylland;2024-06-28;M;1;0;0;9810;3421206;71808;
1083;Syddanmark;2024-06-28;M;5;0;3;9810;3421211;71811;
1084;Hovedstaden;2024-06-29;F;7;0;3;9810;3421218;71814;
1082;Midtjylland;2024-06-29;F;3;0;2;9810;3421221;71816;
1085;Sjælland;2024-06-29;F;2;0;2;9810;3421223;71818;
1083;Syddanmark;2024-06-29;F;2;0;0;9810;3421225;71818;
1084;Hovedstaden;2024-06-29;M;5;1;3;9811;3421230;71821;
1082;Midtjylland;2024-06-29;M;3;1;2;9812;3421233;71823;
1085;Sjælland;2024-06-29;M;1;0;0;9812;3421234;71823;
1083;Syddanmark;2024-06-29;M;1;0;1;9812;3421235;71824;
1084;Hovedstaden;2024-06-30;F;5;0;4;9812;3421240;71828;
1081;Nordjylland;2024-06-30;F;2;0;1;9812;3421242;71829;
1085;Sjælland;2024-06-30;F;1;0;1;9812;3421243;71830;
1083;Syddanmark;2024-06-30;F;2;0;0;9812;3421245;71830;
1084;Hovedstaden;2024-06-30;M;2;0;2;9812;3421247;71832;
1082;Midtjylland;2024-06-30;M;1;0;1;9812;3421248;71833;
1081;Nordjylland;2024-06-30;M;1;0;1;9812;3421249;71834;
1085;Sjælland;2024-06-30;M;1;0;1;9812;3421250;71835;
1083;Syddanmark;2024-06-30;M;4;0;3;9812;3421254;71838;
1084;Hovedstaden;2024-07-01;F;26;0;0;9812;3421280;71838;
1082;Midtjylland;2024-07-01;F;5;0;1;9812;3421285;71839;
1081;Nordjylland;2024-07-01;F;1;0;1;9812;3421286;71840;
1085;Sjælland;2024-07-01;F;2;0;1;9812;3421288;71841;
1083;Syddanmark;2024-07-01;F;3;0;2;9812;3421291;71843;
1084;Hovedstaden;2024-07-01;M;9;0;4;9812;3421300;71847;
1082;Midtjylland;2024-07-01;M;1;0;1;9812;3421301;71848;
1085;Sjælland;2024-07-01;M;3;0;3;9812;3421304;71851;
1083;Syddanmark;2024-07-01;M;2;0;0;9812;3421306;71851;
1084;Hovedstaden;2024-07-02;F;23;0;4;9812;3421329;71855;
1082;Midtjylland;2024-07-02;F;5;0;1;9812;3421334;71856;
1081;Nordjylland;2024-07-02;F;1;0;0;9812;3421335;71856;
1085;Sjælland;2024-07-02;F;5;0;2;9812;3421340;71858;
1083;Syddanmark;2024-07-02;F;4;0;0;9812;3421344;71858;
1084;Hovedstaden;2024-07-02;M;12;0;2;9812;3421356;71860;
1082;Midtjylland;2024-07-02;M;4;0;3;9812;3421360;71863;
1081;Nordjylland;2024-07-02;M;1;0;1;9812;3421361;71864;
1085;Sjælland;2024-07-02;M;2;0;2;9812;3421363;71866;
1083;Syddanmark;2024-07-02;M;4;0;3;9812;3421367;71869;
1084;Hovedstaden;2024-07-03;F;11;0;3;9812;3421378;71872;
1082;Midtjylland;2024-07-03;F;1;0;1;9812;3421379;71873;
1081;Nordjylland;2024-07-03;F;1;0;1;9812;3421380;71874;
1085;Sjælland;2024-07-03;F;3;0;2;9812;3421383;71876;
1083;Syddanmark;2024-07-03;F;4;0;1;9812;3421387;71877;
1084;Hovedstaden;2024-07-03;M;6;0;1;9812;3421393;71878;
1082;Midtjylland;2024-07-03;M;6;1;4;9813;3421399;71882;
1081;Nordjylland;2024-07-03;M;1;0;1;9813;3421400;71883;
1085;Sjælland;2024-07-03;M;2;0;1;9813;3421402;71884;
1083;Syddanmark;2024-07-03;M;3;0;1;9813;3421405;71885;
1084;Hovedstaden;2024-07-04;F;13;0;2;9813;3421418;71887;
1082;Midtjylland;2024-07-04;F;4;0;2;9813;3421422;71889;
1085;Sjælland;2024-07-04;F;1;0;1;9813;3421423;71890;
1083;Syddanmark;2024-07-04;F;5;0;0;9813;3421428;71890;
1084;Hovedstaden;2024-07-04;M;19;0;9;9813;3421447;71899;
1082;Midtjylland;2024-07-04;M;2;0;1;9813;3421449;71900;
1085;Sjælland;2024-07-04;M;2;0;2;9813;3421451;71902;
1083;Syddanmark;2024-07-04;M;2;0;0;9813;3421453;71902;
1084;Hovedstaden;2024-07-05;F;18;0;5;9813;3421471;71907;
1081;Nordjylland;2024-07-05;F;2;0;2;9813;3421473;71909;
1085;Sjælland;2024-07-05;F;1;0;1;9813;3421474;71910;
1083;Syddanmark;2024-07-05;F;3;0;0;9813;3421477;71910;
1084;Hovedstaden;2024-07-05;M;11;1;4;9814;3421488;71914;
1082;Midtjylland;2024-07-05;M;2;0;2;9814;3421490;71916;
1081;Nordjylland;2024-07-05;M;2;0;1;9814;3421492;71917;
1085;Sjælland;2024-07-05;M;3;0;2;9814;3421495;71919;
1083;Syddanmark;2024-07-05;M;3;0;1;9814;3421498;71920;
1084;Hovedstaden;2024-07-06;F;4;0;1;9814;3421502;71921;
1081;Nordjylland;2024-07-06;F;1;0;0;9814;3421503;71921;
1085;Sjælland;2024-07-06;F;2;0;0;9814;3421505;71921;
1083;Syddanmark;2024-07-06;F;2;1;2;9815;3421507;71923;
1084;Hovedstaden;2024-07-06;M;8;1;3;9816;3421515;71926;
1082;Midtjylland;2024-07-06;M;1;0;0;9816;3421516;71926;
1081;Nordjylland;2024-07-06;M;3;0;1;9816;3421519;71927;
1085;Sjælland;2024-07-06;M;1;1;1;9817;3421520;71928;
1083;Syddanmark;2024-07-06;M;3;1;3;9818;3421523;71931;
1084;Hovedstaden;2024-07-07;F;11;0;6;9818;3421534;71937;
1082;Midtjylland;2024-07-07;F;1;0;1;9818;3421535;71938;
1081;Nordjylland;2024-07-07;F;2;0;0;9818;3421537;71938;
1085;Sjælland;2024-07-07;F;1;0;1;9818;3421538;71939;
1083;Syddanmark;2024-07-07;F;2;0;0;9818;3421540;71939;
1084;Hovedstaden;2024-07-07;M;10;0;7;9818;3421550;71946;
1082;Midtjylland;2024-07-07;M;2;0;1;9818;3421552;71947;
1081;Nordjylland;2024-07-07;M;2;0;2;9818;3421554;71949;
1083;Syddanmark;2024-07-07;M;2;0;0;9818;3421556;71949;
1084;Hovedstaden;2024-07-08;F;23;0;2;9818;3421579;71951;
1082;Midtjylland;2024-07-08;F;2;1;1;9819;3421581;71952;
1081;Nordjylland;2024-07-08;F;3;0;1;9819;3421584;71953;
1085;Sjælland;2024-07-08;F;3;0;1;9819;3421587;71954;
1083;Syddanmark;2024-07-08;F;4;0;2;9819;3421591;71956;
1084;Hovedstaden;2024-07-08;M;17;1;5;9820;3421608;71961;
1082;Midtjylland;2024-07-08;M;4;0;3;9820;3421612;71964;
1081;Nordjylland;2024-07-08;M;2;0;2;9820;3421614;71966;
1085;Sjælland;2024-07-08;M;2;1;1;9821;3421616;71967;
1083;Syddanmark;2024-07-08;M;3;1;2;9822;3421619;71969;
1084;Hovedstaden;2024-07-09;F;27;0;4;9822;3421646;71973;
1082;Midtjylland;2024-07-09;F;4;0;0;9822;3421650;71973;
1081;Nordjylland;2024-07-09;F;4;0;2;9822;3421654;71975;
1085;Sjælland;2024-07-09;F;2;0;1;9822;3421656;71976;
1083;Syddanmark;2024-07-09;F;6;0;4;9822;3421662;71980;
1084;Hovedstaden;2024-07-09;M;17;0;6;9822;3421679;71986;
1082;Midtjylland;2024-07-09;M;2;0;1;9822;3421681;71987;
1081;Nordjylland;2024-07-09;M;1;0;1;9822;3421682;71988;
1085;Sjælland;2024-07-09;M;4;0;3;9822;3421686;71991;
1083;Syddanmark;2024-07-09;M;5;1;3;9823;3421691;71994;
1084;Hovedstaden;2024-07-10;F;33;2;5;9825;3421724;71999;
1082;Midtjylland;2024-07-10;F;8;1;4;9826;3421732;72003;
1081;Nordjylland;2024-07-10;F;2;0;1;9826;3421734;72004;
1085;Sjælland;2024-07-10;F;4;0;2;9826;3421738;72006;
1083;Syddanmark;2024-07-10;F;9;0;1;9826;3421747;72007;
1084;Hovedstaden;2024-07-10;M;19;1;5;9827;3421766;72012;
1082;Midtjylland;2024-07-10;M;4;1;4;9828;3421770;72016;
1081;Nordjylland;2024-07-10;M;3;1;2;9829;3421773;72018;
1085;Sjælland;2024-07-10;M;2;0;2;9829;3421775;72020;
1083;Syddanmark;2024-07-10;M;5;0;4;9829;3421780;72024;
1084;Hovedstaden;2024-07-11;F;27;1;5;9830;3421807;72029;
1082;Midtjylland;2024-07-11;F;4;0;2;9830;3421811;72031;
1081;Nordjylland;2024-07-11;F;3;0;2;9830;3421814;72033;
1085;Sjælland;2024-07-11;F;6;0;3;9830;3421820;72036;
1083;Syddanmark;2024-07-11;F;7;0;6;9830;3421827;72042;
1084;Hovedstaden;2024-07-11;M;17;0;2;9830;3421844;72044;
1082;Midtjylland;2024-07-11;M;6;0;4;9830;3421850;72048;
1081;Nordjylland;2024-07-11;M;6;0;3;9830;3421856;72051;
1085;Sjælland;2024-07-11;M;5;0;3;9830;3421861;72054;
1083;Syddanmark;2024-07-11;M;3;0;2;9830;3421864;72056;
1084;Hovedstaden;2024-07-12;F;25;0;7;9830;3421889;72063;
1082;Midtjylland;2024-07-12;F;4;0;1;9830;3421893;72064;
1081;Nordjylland;2024-07-12;F;4;0;1;9830;3421897;72065;
1085;Sjælland;2024-07-12;F;3;0;2;9830;3421900;72067;
1083;Syddanmark;2024-07-12;F;6;0;0;9830;3421906;72067;
1084;Hovedstaden;2024-07-12;M;11;0;6;9830;3421917;72073;
1082;Midtjylland;2024-07-12;M;4;0;3;9830;3421921;72076;
1085;Sjælland;2024-07-12;M;1;0;0;9830;3421922;72076;
1083;Syddanmark;2024-07-12;M;6;0;4;9830;3421928;72080;
1084;Hovedstaden;2024-07-13;F;11;0;2;9830;3421939;72082;
1082;Midtjylland;2024-07-13;F;1;0;0;9830;3421940;72082;
1085;Sjælland;2024-07-13;F;3;0;3;9830;3421943;72085;
1083;Syddanmark;2024-07-13;F;4;0;4;9830;3421947;72089;
1084;Hovedstaden;2024-07-13;M;19;0;12;9830;3421966;72101;
1082;Midtjylland;2024-07-13;M;3;0;3;9830;3421969;72104;
1085;Sjælland;2024-07-13;M;1;0;1;9830;3421970;72105;
1083;Syddanmark;2024-07-13;M;4;0;3;9830;3421974;72108;
1084;Hovedstaden;2024-07-14;F;10;0;7;9830;3421984;72115;
1082;Midtjylland;2024-07-14;F;3;0;2;9830;3421987;72117;
1085;Sjælland;2024-07-14;F;3;0;0;9830;3421990;72117;
1084;Hovedstaden;2024-07-14;M;9;0;4;9830;3421999;72121;
1082;Midtjylland;2024-07-14;M;5;1;3;9831;3422004;72124;
1081;Nordjylland;2024-07-14;M;1;0;1;9831;3422005;72125;
1085;Sjælland;2024-07-14;M;1;0;1;9831;3422006;72126;
1083;Syddanmark;2024-07-14;M;5;1;5;9832;3422011;72131;
1084;Hovedstaden;2024-07-15;F;46;0;10;9832;3422057;72141;
1082;Midtjylland;2024-07-15;F;3;0;0;9832;3422060;72141;
1081;Nordjylland;2024-07-15;F;1;0;0;9832;3422061;72141;
1085;Sjælland;2024-07-15;F;8;0;5;9832;3422069;72146;
1083;Syddanmark;2024-07-15;F;11;0;6;9832;3422080;72152;
1084;Hovedstaden;2024-07-15;M;28;1;7;9833;3422108;72159;
1082;Midtjylland;2024-07-15;M;3;0;1;9833;3422111;72160;
1081;Nordjylland;2024-07-15;M;4;0;3;9833;3422115;72163;
1085;Sjælland;2024-07-15;M;6;0;3;9833;3422121;72166;
1083;Syddanmark;2024-07-15;M;6;1;4;9834;3422127;72170;
1084;Hovedstaden;2024-07-16;F;22;1;4;9835;3422149;72174;
1082;Midtjylland;2024-07-16;F;2;0;1;9835;3422151;72175;
1081;Nordjylland;2024-07-16;F;3;0;2;9835;3422154;72177;
1085;Sjælland;2024-07-16;F;3;0;2;9835;3422157;72179;
1083;Syddanmark;2024-07-16;F;7;0;1;9835;3422164;72180;
1084;Hovedstaden;2024-07-16;M;26;1;7;9836;3422190;72187;
1082;Midtjylland;2024-07-16;M;7;1;2;9837;3422197;72189;
1081;Nordjylland;2024-07-16;M;4;0;2;9837;3422201;72191;
1085;Sjælland;2024-07-16;M;2;0;1;9837;3422203;72192;
1083;Syddanmark;2024-07-16;M;11;1;4;9838;3422214;72196;
1084;Hovedstaden;2024-07-17;F;23;3;8;9841;3422237;72204;
1082;Midtjylland;2024-07-17;F;6;0;2;9841;3422243;72206;
1081;Nordjylland;2024-07-17;F;2;0;2;9841;3422245;72208;
1085;Sjælland;2024-07-17;F;4;0;3;9841;3422249;72211;
1083;Syddanmark;2024-07-17;F;4;0;1;9841;3422253;72212;
1084;Hovedstaden;2024-07-17;M;14;0;3;9841;3422267;72215;
1082;Midtjylland;2024-07-17;M;3;0;1;9841;3422270;72216;
1085;Sjælland;2024-07-17;M;1;0;0;9841;3422271;72216;
1083;Syddanmark;2024-07-17;M;6;1;6;9842;3422277;72222;
1084;Hovedstaden;2024-07-18;F;34;1;8;9843;3422311;72230;
1082;Midtjylland;2024-07-18;F;6;0;5;9843;3422317;72235;
1081;Nordjylland;2024-07-18;F;2;0;2;9843;3422319;72237;
1085;Sjælland;2024-07-18;F;9;0;4;9843;3422328;72241;
1083;Syddanmark;2024-07-18;F;2;0;0;9843;3422330;72241;
1084;Hovedstaden;2024-07-18;M;14;0;5;9843;3422344;72246;
1082;Midtjylland;2024-07-18;M;6;0;5;9843;3422350;72251;
1081;Nordjylland;2024-07-18;M;3;0;3;9843;3422353;72254;
1085;Sjælland;2024-07-18;M;2;0;0;9843;3422355;72254;
1083;Syddanmark;2024-07-18;M;10;0;4;9843;3422365;72258;
1084;Hovedstaden;2024-07-19;F;17;0;1;9843;3422382;72259;
1082;Midtjylland;2024-07-19;F;3;0;1;9843;3422385;72260;
1081;Nordjylland;2024-07-19;F;3;0;1;9843;3422388;72261;
1085;Sjælland;2024-07-19;F;2;1;2;9844;3422390;72263;
1083;Syddanmark;2024-07-19;F;3;0;3;9844;3422393;72266;
1084;Hovedstaden;2024-07-19;M;11;0;1;9844;3422404;72267;
1082;Midtjylland;2024-07-19;M;1;0;0;9844;3422405;72267;
1085;Sjælland;2024-07-19;M;6;0;4;9844;3422411;72271;
1083;Syddanmark;2024-07-19;M;6;1;3;9845;3422417;72274;
1084;Hovedstaden;2024-07-20;F;8;1;6;9846;3422425;72280;
1082;Midtjylland;2024-07-20;F;4;1;4;9847;3422429;72284;
1085;Sjælland;2024-07-20;F;2;0;1;9847;3422431;72285;
1083;Syddanmark;2024-07-20;F;7;1;5;9848;3422438;72290;
1084;Hovedstaden;2024-07-20;M;15;2;10;9850;3422453;72300;
1082;Midtjylland;2024-07-20;M;5;0;5;9850;3422458;72305;
1081;Nordjylland;2024-07-20;M;2;0;1;9850;3422460;72306;
1085;Sjælland;2024-07-20;M;2;0;2;9850;3422462;72308;
1083;Syddanmark;2024-07-20;M;5;0;4;9850;3422467;72312;
1084;Hovedstaden;2024-07-21;F;9;0;4;9850;3422476;72316;
1082;Midtjylland;2024-07-21;F;2;0;1;9850;3422478;72317;
1081;Nordjylland;2024-07-21;F;3;0;3;9850;3422481;72320;
1085;Sjælland;2024-07-21;F;7;0;6;9850;3422488;72326;
1083;Syddanmark;2024-07-21;F;6;0;2;9850;3422494;72328;
1084;Hovedstaden;2024-07-21;M;3;0;3;9850;3422497;72331;
1082;Midtjylland;2024-07-21;M;3;0;3;9850;3422500;72334;
1081;Nordjylland;2024-07-21;M;3;0;2;9850;3422503;72336;
1085;Sjælland;2024-07-21;M;3;1;1;9851;3422506;72337;
1083;Syddanmark;2024-07-21;M;7;1;4;9852;3422513;72341;
1084;Hovedstaden;2024-07-22;F;24;0;5;9852;3422537;72346;
1082;Midtjylland;2024-07-22;F;6;0;1;9852;3422543;72347;
1081;Nordjylland;2024-07-22;F;3;0;3;9852;3422546;72350;
1085;Sjælland;2024-07-22;F;2;0;1;9852;3422548;72351;
1083;Syddanmark;2024-07-22;F;8;0;5;9852;3422556;72356;
1084;Hovedstaden;2024-07-22;M;24;3;11;9855;3422580;72367;
1082;Midtjylland;2024-07-22;M;4;0;2;9855;3422584;72369;
1081;Nordjylland;2024-07-22;M;5;1;5;9856;3422589;72374;
1085;Sjælland;2024-07-22;M;3;1;1;9857;3422592;72375;
1083;Syddanmark;2024-07-22;M;10;0;3;9857;3422602;72378;
1084;Hovedstaden;2024-07-23;F;25;0;2;9857;3422627;72380;
1082;Midtjylland;2024-07-23;F;4;1;3;9858;3422631;72383;
1081;Nordjylland;2024-07-23;F;4;0;2;9858;3422635;72385;
1085;Sjælland;2024-07-23;F;4;0;1;9858;3422639;72386;
1083;Syddanmark;2024-07-23;F;8;0;0;9858;3422647;72386;
1084;Hovedstaden;2024-07-23;M;18;0;7;9858;3422665;72393;
1082;Midtjylland;2024-07-23;M;3;0;3;9858;3422668;72396;
1085;Sjælland;2024-07-23;M;8;0;2;9858;3422676;72398;
1083;Syddanmark;2024-07-23;M;1;0;0;9858;3422677;72398;
1084;Hovedstaden;2024-07-24;F;14;1;3;9859;3422691;72401;
1082;Midtjylland;2024-07-24;F;5;0;2;9859;3422696;72403;
1081;Nordjylland;2024-07-24;F;5;0;3;9859;3422701;72406;
1085;Sjælland;2024-07-24;F;3;0;1;9859;3422704;72407;
1083;Syddanmark;2024-07-24;F;6;0;3;9859;3422710;72410;
1084;Hovedstaden;2024-07-24;M;20;0;0;9859;3422730;72410;
1082;Midtjylland;2024-07-24;M;6;0;2;9859;3422736;72412;
1081;Nordjylland;2024-07-24;M;1;0;0;9859;3422737;72412;
1085;Sjælland;2024-07-24;M;2;0;0;9859;3422739;72412;
1083;Syddanmark;2024-07-24;M;4;0;3;9859;3422743;72415;
1084;Hovedstaden;2024-07-25;F;19;3;8;9862;3422762;72423;
1082;Midtjylland;2024-07-25;F;1;1;1;9863;3422763;72424;
1081;Nordjylland;2024-07-25;F;2;0;1;9863;3422765;72425;
1085;Sjælland;2024-07-25;F;3;0;0;9863;3422768;72425;
1083;Syddanmark;2024-07-25;F;5;0;2;9863;3422773;72427;
1084;Hovedstaden;2024-07-25;M;16;0;5;9863;3422789;72432;
1082;Midtjylland;2024-07-25;M;8;0;3;9863;3422797;72435;
1081;Nordjylland;2024-07-25;M;2;1;2;9864;3422799;72437;
1085;Sjælland;2024-07-25;M;5;1;2;9865;3422804;72439;
1083;Syddanmark;2024-07-25;M;7;0;4;9865;3422811;72443;
1084;Hovedstaden;2024-07-26;F;13;0;3;9865;3422824;72446;
1082;Midtjylland;2024-07-26;F;3;1;1;9866;3422827;72447;
1085;Sjælland;2024-07-26;F;6;1;4;9867;3422833;72451;
1083;Syddanmark;2024-07-26;F;6;0;2;9867;3422839;72453;
1084;Hovedstaden;2024-07-26;M;10;0;3;9867;3422849;72456;
1081;Nordjylland;2024-07-26;M;2;0;1;9867;3422851;72457;
1085;Sjælland;2024-07-26;M;3;0;3;9867;3422854;72460;
1083;Syddanmark;2024-07-26;M;4;0;2;9867;3422858;72462;
1084;Hovedstaden;2024-07-27;F;11;0;3;9867;3422869;72465;
1081;Nordjylland;2024-07-27;F;3;0;2;9867;3422872;72467;
1085;Sjælland;2024-07-27;F;5;0;1;9867;3422877;72468;
1083;Syddanmark;2024-07-27;F;2;0;2;9867;3422879;72470;
1084;Hovedstaden;2024-07-27;M;5;0;5;9867;3422884;72475;
1082;Midtjylland;2024-07-27;M;2;0;2;9867;3422886;72477;
1081;Nordjylland;2024-07-27;M;3;1;2;9868;3422889;72479;
1085;Sjælland;2024-07-27;M;1;0;1;9868;3422890;72480;
1083;Syddanmark;2024-07-27;M;2;0;1;9868;3422892;72481;
1084;Hovedstaden;2024-07-28;F;3;0;2;9868;3422895;72483;
1082;Midtjylland;2024-07-28;F;2;0;1;9868;3422897;72484;
1081;Nordjylland;2024-07-28;F;1;0;0;9868;3422898;72484;
1085;Sjælland;2024-07-28;F;1;0;1;9868;3422899;72485;
1083;Syddanmark;2024-07-28;F;1;0;1;9868;3422900;72486;
1084;Hovedstaden;2024-07-28;M;9;0;2;9868;3422909;72488;
1082;Midtjylland;2024-07-28;M;3;0;3;9868;3422912;72491;
1081;Nordjylland;2024-07-28;M;4;1;4;9869;3422916;72495;
1085;Sjælland;2024-07-28;M;4;0;2;9869;3422920;72497;
1083;Syddanmark;2024-07-28;M;4;0;1;9869;3422924;72498;
1084;Hovedstaden;2024-07-29;F;10;0;1;9869;3422934;72499;
1082;Midtjylland;2024-07-29;F;3;0;2;9869;3422937;72501;
1081;Nordjylland;2024-07-29;F;2;0;2;9869;3422939;72503;
1085;Sjælland;2024-07-29;F;4;0;2;9869;3422943;72505;
1083;Syddanmark;2024-07-29;F;5;0;0;9869;3422948;72505;
1084;Hovedstaden;2024-07-29;M;19;1;5;9870;3422967;72510;
1082;Midtjylland;2024-07-29;M;4;0;2;9870;3422971;72512;
1081;Nordjylland;2024-07-29;M;6;0;6;9870;3422977;72518;
1085;Sjælland;2024-07-29;M;2;0;2;9870;3422979;72520;
1083;Syddanmark;2024-07-29;M;2;0;1;9870;3422981;72521;
1084;Hovedstaden;2024-07-30;F;19;1;9;9871;3423000;72530;
1082;Midtjylland;2024-07-30;F;2;0;1;9871;3423002;72531;
1081;Nordjylland;2024-07-30;F;3;0;1;9871;3423005;72532;
1085;Sjælland;2024-07-30;F;4;0;4;9871;3423009;72536;
1083;Syddanmark;2024-07-30;F;3;0;2;9871;3423012;72538;
1084;Hovedstaden;2024-07-30;M;12;0;7;9871;3423024;72545;
1082;Midtjylland;2024-07-30;M;4;0;3;9871;3423028;72548;
1081;Nordjylland;2024-07-30;M;3;0;3;9871;3423031;72551;
1085;Sjælland;2024-07-30;M;3;0;2;9871;3423034;72553;
1083;Syddanmark;2024-07-30;M;6;0;5;9871;3423040;72558;
1084;Hovedstaden;2024-07-31;F;14;0;2;9871;3423054;72560;
1082;Midtjylland;2024-07-31;F;2;0;1;9871;3423056;72561;
1081;Nordjylland;2024-07-31;F;1;0;1;9871;3423057;72562;
1085;Sjælland;2024-07-31;F;3;1;3;9872;3423060;72565;
1083;Syddanmark;2024-07-31;F;3;0;1;9872;3423063;72566;
1084;Hovedstaden;2024-07-31;M;18;3;8;9875;3423081;72574;
1082;Midtjylland;2024-07-31;M;3;1;3;9876;3423084;72577;
1081;Nordjylland;2024-07-31;M;1;0;0;9876;3423085;72577;
1085;Sjælland;2024-07-31;M;3;0;2;9876;3423088;72579;
1083;Syddanmark;2024-07-31;M;6;0;5;9876;3423094;72584;
1084;Hovedstaden;2024-08-01;F;9;0;0;9876;3423103;72584;
1082;Midtjylland;2024-08-01;F;2;0;0;9876;3423105;72584;
1081;Nordjylland;2024-08-01;F;1;0;1;9876;3423106;72585;
1085;Sjælland;2024-08-01;F;3;0;1;9876;3423109;72586;
1083;Syddanmark;2024-08-01;F;6;0;2;9876;3423115;72588;
1084;Hovedstaden;2024-08-01;M;12;0;3;9876;3423127;72591;
1082;Midtjylland;2024-08-01;M;1;0;1;9876;3423128;72592;
1081;Nordjylland;2024-08-01;M;4;0;1;9876;3423132;72593;
1085;Sjælland;2024-08-01;M;2;0;0;9876;3423134;72593;
1083;Syddanmark;2024-08-01;M;3;0;1;9876;3423137;72594;
1084;Hovedstaden;2024-08-02;F;8;1;5;9877;3423145;72599;
1082;Midtjylland;2024-08-02;F;2;0;1;9877;3423147;72600;
1081;Nordjylland;2024-08-02;F;3;0;1;9877;3423150;72601;
1085;Sjælland;2024-08-02;F;2;0;1;9877;3423152;72602;
1083;Syddanmark;2024-08-02;F;2;0;1;9877;3423154;72603;
1084;Hovedstaden;2024-08-02;M;8;0;2;9877;3423162;72605;
1082;Midtjylland;2024-08-02;M;4;2;4;9879;3423166;72609;
1081;Nordjylland;2024-08-02;M;3;1;3;9880;3423169;72612;
1085;Sjælland;2024-08-02;M;3;1;3;9881;3423172;72615;
1083;Syddanmark;2024-08-02;M;5;0;1;9881;3423177;72616;
1084;Hovedstaden;2024-08-03;F;4;0;1;9881;3423181;72617;
1081;Nordjylland;2024-08-03;F;1;0;1;9881;3423182;72618;
1085;Sjælland;2024-08-03;F;3;0;3;9881;3423185;72621;
1083;Syddanmark;2024-08-03;F;2;0;2;9881;3423187;72623;
1084;Hovedstaden;2024-08-03;M;10;2;10;9883;3423197;72633;
1082;Midtjylland;2024-08-03;M;7;0;7;9883;3423204;72640;
1081;Nordjylland;2024-08-03;M;3;0;1;9883;3423207;72641;
1083;Syddanmark;2024-08-03;M;2;1;2;9884;3423209;72643;
1084;Hovedstaden;2024-08-04;F;7;0;3;9884;3423216;72646;
1082;Midtjylland;2024-08-04;F;3;0;2;9884;3423219;72648;
1081;Nordjylland;2024-08-04;F;2;0;1;9884;3423221;72649;
1085;Sjælland;2024-08-04;F;9;1;6;9885;3423230;72655;
1083;Syddanmark;2024-08-04;F;3;0;1;9885;3423233;72656;
1084;Hovedstaden;2024-08-04;M;8;0;3;9885;3423241;72659;
1082;Midtjylland;2024-08-04;M;3;0;2;9885;3423244;72661;
1085;Sjælland;2024-08-04;M;2;0;2;9885;3423246;72663;
1083;Syddanmark;2024-08-04;M;4;0;2;9885;3423250;72665;
1084;Hovedstaden;2024-08-05;F;14;0;3;9885;3423264;72668;
1082;Midtjylland;2024-08-05;F;4;0;0;9885;3423268;72668;
1085;Sjælland;2024-08-05;F;2;0;2;9885;3423270;72670;
1083;Syddanmark;2024-08-05;F;5;0;3;9885;3423275;72673;
1084;Hovedstaden;2024-08-05;M;13;0;3;9885;3423288;72676;
1082;Midtjylland;2024-08-05;M;3;1;3;9886;3423291;72679;
1081;Nordjylland;2024-08-05;M;6;0;5;9886;3423297;72684;
1085;Sjælland;2024-08-05;M;4;0;1;9886;3423301;72685;
1083;Syddanmark;2024-08-05;M;4;1;2;9887;3423305;72687;
1084;Hovedstaden;2024-08-06;F;19;0;5;9887;3423324;72692;
1082;Midtjylland;2024-08-06;F;5;0;1;9887;3423329;72693;
1081;Nordjylland;2024-08-06;F;1;0;0;9887;3423330;72693;
1085;Sjælland;2024-08-06;F;1;0;0;9887;3423331;72693;
1083;Syddanmark;2024-08-06;F;5;0;3;9887;3423336;72696;
1084;Hovedstaden;2024-08-06;M;6;0;0;9887;3423342;72696;
1082;Midtjylland;2024-08-06;M;6;0;4;9887;3423348;72700;
1081;Nordjylland;2024-08-06;M;6;0;4;9887;3423354;72704;
1085;Sjælland;2024-08-06;M;2;1;1;9888;3423356;72705;
1083;Syddanmark;2024-08-06;M;5;0;3;9888;3423361;72708;
1084;Hovedstaden;2024-08-07;F;10;0;3;9888;3423371;72711;
1082;Midtjylland;2024-08-07;F;2;0;0;9888;3423373;72711;
1081;Nordjylland;2024-08-07;F;1;0;1;9888;3423374;72712;
1085;Sjælland;2024-08-07;F;4;0;2;9888;3423378;72714;
1083;Syddanmark;2024-08-07;F;5;0;0;9888;3423383;72714;
1084;Hovedstaden;2024-08-07;M;16;1;6;9889;3423399;72720;
1082;Midtjylland;2024-08-07;M;1;0;0;9889;3423400;72720;
1081;Nordjylland;2024-08-07;M;2;1;1;9890;3423402;72721;
1085;Sjælland;2024-08-07;M;4;0;2;9890;3423406;72723;
1083;Syddanmark;2024-08-07;M;4;0;3;9890;3423410;72726;
1084;Hovedstaden;2024-08-08;F;21;0;3;9890;3423431;72729;
1082;Midtjylland;2024-08-08;F;4;0;1;9890;3423435;72730;
1081;Nordjylland;2024-08-08;F;3;1;2;9891;3423438;72732;
1085;Sjælland;2024-08-08;F;2;0;0;9891;3423440;72732;
1083;Syddanmark;2024-08-08;F;4;0;2;9891;3423444;72734;
1084;Hovedstaden;2024-08-08;M;11;1;4;9892;3423455;72738;
1082;Midtjylland;2024-08-08;M;4;0;3;9892;3423459;72741;
1081;Nordjylland;2024-08-08;M;2;1;2;9893;3423461;72743;
1085;Sjælland;2024-08-08;M;4;0;3;9893;3423465;72746;
1083;Syddanmark;2024-08-08;M;4;1;3;9894;3423469;72749;
1084;Hovedstaden;2024-08-09;F;15;0;4;9894;3423484;72753;
1082;Midtjylland;2024-08-09;F;3;0;1;9894;3423487;72754;
1081;Nordjylland;2024-08-09;F;2;0;1;9894;3423489;72755;
1085;Sjælland;2024-08-09;F;1;0;1;9894;3423490;72756;
1083;Syddanmark;2024-08-09;F;4;0;1;9894;3423494;72757;
1084;Hovedstaden;2024-08-09;M;12;1;5;9895;3423506;72762;
1082;Midtjylland;2024-08-09;M;2;0;2;9895;3423508;72764;
1081;Nordjylland;2024-08-09;M;1;0;1;9895;3423509;72765;
1085;Sjælland;2024-08-09;M;6;0;5;9895;3423515;72770;
1083;Syddanmark;2024-08-09;M;9;0;7;9895;3423524;72777;
1084;Hovedstaden;2024-08-10;F;7;0;2;9895;3423531;72779;
1082;Midtjylland;2024-08-10;F;3;1;2;9896;3423534;72781;
1085;Sjælland;2024-08-10;F;2;1;1;9897;3423536;72782;
1083;Syddanmark;2024-08-10;F;3;1;2;9898;3423539;72784;
1084;Hovedstaden;2024-08-10;M;4;2;3;9900;3423543;72787;
1082;Midtjylland;2024-08-10;M;4;0;4;9900;3423547;72791;
1081;Nordjylland;2024-08-10;M;1;0;0;9900;3423548;72791;
1085;Sjælland;2024-08-10;M;5;0;2;9900;3423553;72793;
1083;Syddanmark;2024-08-10;M;2;0;1;9900;3423555;72794;
1084;Hovedstaden;2024-08-11;F;3;0;3;9900;3423558;72797;
1082;Midtjylland;2024-08-11;F;2;0;0;9900;3423560;72797;
1081;Nordjylland;2024-08-11;F;2;0;1;9900;3423562;72798;
1085;Sjælland;2024-08-11;F;1;0;1;9900;3423563;72799;
1083;Syddanmark;2024-08-11;F;3;0;3;9900;3423566;72802;
1084;Hovedstaden;2024-08-11;M;5;0;0;9900;3423571;72802;
1082;Midtjylland;2024-08-11;M;1;1;0;9901;3423572;72802;
1081;Nordjylland;2024-08-11;M;2;0;2;9901;3423574;72804;
1085;Sjælland;2024-08-11;M;9;0;3;9901;3423583;72807;
1083;Syddanmark;2024-08-11;M;1;0;0;9901;3423584;72807;
1084;Hovedstaden;2024-08-12;F;19;0;1;9901;3423603;72808;
1082;Midtjylland;2024-08-12;F;5;1;2;9902;3423608;72810;
1081;Nordjylland;2024-08-12;F;4;0;2;9902;3423612;72812;
1085;Sjælland;2024-08-12;F;8;0;5;9902;3423620;72817;
1083;Syddanmark;2024-08-12;F;8;0;1;9902;3423628;72818;
1084;Hovedstaden;2024-08-12;M;16;0;5;9902;3423644;72823;
1082;Midtjylland;2024-08-12;M;3;0;1;9902;3423647;72824;
1081;Nordjylland;2024-08-12;M;1;0;1;9902;3423648;72825;
1085;Sjælland;2024-08-12;M;3;0;2;9902;3423651;72827;
1083;Syddanmark;2024-08-12;M;4;0;2;9902;3423655;72829;
1084;Hovedstaden;2024-08-13;F;23;0;5;9902;3423678;72834;
1082;Midtjylland;2024-08-13;F;2;0;2;9902;3423680;72836;
1081;Nordjylland;2024-08-13;F;1;0;1;9902;3423681;72837;
1085;Sjælland;2024-08-13;F;4;0;3;9902;3423685;72840;
1083;Syddanmark;2024-08-13;F;5;0;1;9902;3423690;72841;
1084;Hovedstaden;2024-08-13;M;11;0;4;9902;3423701;72845;
1082;Midtjylland;2024-08-13;M;4;1;3;9903;3423705;72848;
1081;Nordjylland;2024-08-13;M;3;0;1;9903;3423708;72849;
1085;Sjælland;2024-08-13;M;5;1;3;9904;3423713;72852;
1083;Syddanmark;2024-08-13;M;5;0;3;9904;3423718;72855;
1084;Hovedstaden;2024-08-14;F;22;1;5;9905;3423740;72860;
1082;Midtjylland;2024-08-14;F;2;0;1;9905;3423742;72861;
1081;Nordjylland;2024-08-14;F;1;0;0;9905;3423743;72861;
1085;Sjælland;2024-08-14;F;3;0;2;9905;3423746;72863;
1083;Syddanmark;2024-08-14;F;2;0;1;9905;3423748;72864;
1084;Hovedstaden;2024-08-14;M;20;1;6;9906;3423768;72870;
1082;Midtjylland;2024-08-14;M;6;0;2;9906;3423774;72872;
1081;Nordjylland;2024-08-14;M;3;0;1;9906;3423777;72873;
1085;Sjælland;2024-08-14;M;5;0;2;9906;3423782;72875;
1083;Syddanmark;2024-08-14;M;8;0;3;9906;3423790;72878;
1084;Hovedstaden;2024-08-15;F;23;0;4;9906;3423813;72882;
1082;Midtjylland;2024-08-15;F;4;0;2;9906;3423817;72884;
1081;Nordjylland;2024-08-15;F;2;0;1;9906;3423819;72885;
1085;Sjælland;2024-08-15;F;2;0;2;9906;3423821;72887;
1083;Syddanmark;2024-08-15;F;8;0;3;9906;3423829;72890;
1084;Hovedstaden;2024-08-15;M;15;0;7;9906;3423844;72897;
1082;Midtjylland;2024-08-15;M;5;0;3;9906;3423849;72900;
1085;Sjælland;2024-08-15;M;2;0;1;9906;3423851;72901;
1083;Syddanmark;2024-08-15;M;6;0;2;9906;3423857;72903;
1084;Hovedstaden;2024-08-16;F;15;0;3;9906;3423872;72906;
1082;Midtjylland;2024-08-16;F;2;0;1;9906;3423874;72907;
1081;Nordjylland;2024-08-16;F;2;1;1;9907;3423876;72908;
1085;Sjælland;2024-08-16;F;5;0;3;9907;3423881;72911;
1083;Syddanmark;2024-08-16;F;5;0;4;9907;3423886;72915;
1084;Hovedstaden;2024-08-16;M;15;0;3;9907;3423901;72918;
1082;Midtjylland;2024-08-16;M;5;0;5;9907;3423906;72923;
1081;Nordjylland;2024-08-16;M;3;0;2;9907;3423909;72925;
1085;Sjælland;2024-08-16;M;3;0;2;9907;3423912;72927;
1083;Syddanmark;2024-08-16;M;1;0;0;9907;3423913;72927;
1084;Hovedstaden;2024-08-17;F;7;0;2;9907;3423920;72929;
1082;Midtjylland;2024-08-17;F;4;1;2;9908;3423924;72931;
1081;Nordjylland;2024-08-17;F;1;0;1;9908;3423925;72932;
1085;Sjælland;2024-08-17;F;4;0;3;9908;3423929;72935;
1083;Syddanmark;2024-08-17;F;3;0;2;9908;3423932;72937;
1084;Hovedstaden;2024-08-17;M;4;0;3;9908;3423936;72940;
1082;Midtjylland;2024-08-17;M;2;0;1;9908;3423938;72941;
1081;Nordjylland;2024-08-17;M;2;1;2;9909;3423940;72943;
1085;Sjælland;2024-08-17;M;1;0;1;9909;3423941;72944;
1083;Syddanmark;2024-08-17;M;2;0;2;9909;3423943;72946;
1084;Hovedstaden;2024-08-18;F;4;1;0;9910;3423947;72946;
1082;Midtjylland;2024-08-18;F;1;0;0;9910;3423948;72946;
1081;Nordjylland;2024-08-18;F;3;0;3;9910;3423951;72949;
1085;Sjælland;2024-08-18;F;4;0;0;9910;3423955;72949;
1083;Syddanmark;2024-08-18;F;1;0;0;9910;3423956;72949;
1084;Hovedstaden;2024-08-18;M;10;0;5;9910;3423966;72954;
1082;Midtjylland;2024-08-18;M;2;0;1;9910;3423968;72955;
1085;Sjælland;2024-08-18;M;7;0;6;9910;3423975;72961;
1083;Syddanmark;2024-08-18;M;2;0;2;9910;3423977;72963;
1084;Hovedstaden;2024-08-19;F;23;1;5;9911;3424000;72968;
1082;Midtjylland;2024-08-19;F;5;0;2;9911;3424005;72970;
1081;Nordjylland;2024-08-19;F;3;0;2;9911;3424008;72972;
1085;Sjælland;2024-08-19;F;5;0;2;9911;3424013;72974;
1083;Syddanmark;2024-08-19;F;4;0;2;9911;3424017;72976;
1084;Hovedstaden;2024-08-19;M;21;1;6;9912;3424038;72982;
1082;Midtjylland;2024-08-19;M;8;0;3;9912;3424046;72985;
1081;Nordjylland;2024-08-19;M;1;0;1;9912;3424047;72986;
1085;Sjælland;2024-08-19;M;2;0;1;9912;3424049;72987;
1083;Syddanmark;2024-08-19;M;6;0;3;9912;3424055;72990;
1084;Hovedstaden;2024-08-20;F;18;0;3;9912;3424073;72993;
1082;Midtjylland;2024-08-20;F;7;0;1;9912;3424080;72994;
1081;Nordjylland;2024-08-20;F;6;1;3;9913;3424086;72997;
1085;Sjælland;2024-08-20;F;4;0;3;9913;3424090;73000;
1083;Syddanmark;2024-08-20;F;5;1;2;9914;3424095;73002;
1084;Hovedstaden;2024-08-20;M;18;0;3;9914;3424113;73005;
1082;Midtjylland;2024-08-20;M;4;0;1;9914;3424117;73006;
1081;Nordjylland;2024-08-20;M;3;0;2;9914;3424120;73008;
1085;Sjælland;2024-08-20;M;5;0;2;9914;3424125;73010;
1083;Syddanmark;2024-08-20;M;7;0;4;9914;3424132;73014;
1084;Hovedstaden;2024-08-21;F;23;0;3;9914;3424155;73017;
1082;Midtjylland;2024-08-21;F;3;0;1;9914;3424158;73018;
1081;Nordjylland;2024-08-21;F;1;0;0;9914;3424159;73018;
1085;Sjælland;2024-08-21;F;1;0;1;9914;3424160;73019;
1083;Syddanmark;2024-08-21;F;4;0;1;9914;3424164;73020;
1084;Hovedstaden;2024-08-21;M;14;1;2;9915;3424178;73022;
1082;Midtjylland;2024-08-21;M;8;1;2;9916;3424186;73024;
1081;Nordjylland;2024-08-21;M;4;0;2;9916;3424190;73026;
1085;Sjælland;2024-08-21;M;2;0;2;9916;3424192;73028;
1083;Syddanmark;2024-08-21;M;3;0;3;9916;3424195;73031;
1084;Hovedstaden;2024-08-22;F;26;1;3;9917;3424221;73034;
1082;Midtjylland;2024-08-22;F;5;0;1;9917;3424226;73035;
1081;Nordjylland;2024-08-22;F;4;0;3;9917;3424230;73038;
1085;Sjælland;2024-08-22;F;1;0;0;9917;3424231;73038;
1083;Syddanmark;2024-08-22;F;7;0;4;9917;3424238;73042;
1084;Hovedstaden;2024-08-22;M;15;1;3;9918;3424253;73045;
1082;Midtjylland;2024-08-22;M;9;1;5;9919;3424262;73050;
1081;Nordjylland;2024-08-22;M;2;0;2;9919;3424264;73052;
1085;Sjælland;2024-08-22;M;2;0;1;9919;3424266;73053;
1083;Syddanmark;2024-08-22;M;4;1;3;9920;3424270;73056;
1084;Hovedstaden;2024-08-23;F;23;0;2;9920;3424293;73058;
1082;Midtjylland;2024-08-23;F;7;0;3;9920;3424300;73061;
1081;Nordjylland;2024-08-23;F;1;0;0;9920;3424301;73061;
1085;Sjælland;2024-08-23;F;3;0;1;9920;3424304;73062;
1083;Syddanmark;2024-08-23;F;4;0;3;9920;3424308;73065;
1084;Hovedstaden;2024-08-23;M;19;1;2;9921;3424327;73067;
1082;Midtjylland;2024-08-23;M;5;0;2;9921;3424332;73069;
1081;Nordjylland;2024-08-23;M;1;0;1;9921;3424333;73070;
1085;Sjælland;2024-08-23;M;2;0;1;9921;3424335;73071;
1083;Syddanmark;2024-08-23;M;4;0;1;9921;3424339;73072;
1084;Hovedstaden;2024-08-24;F;5;0;3;9921;3424344;73075;
1082;Midtjylland;2024-08-24;F;2;0;0;9921;3424346;73075;
1081;Nordjylland;2024-08-24;F;6;0;6;9921;3424352;73081;
1085;Sjælland;2024-08-24;F;4;0;3;9921;3424356;73084;
1083;Syddanmark;2024-08-24;F;4;0;3;9921;3424360;73087;
1084;Hovedstaden;2024-08-24;M;5;0;3;9921;3424365;73090;
1082;Midtjylland;2024-08-24;M;4;0;2;9921;3424369;73092;
1081;Nordjylland;2024-08-24;M;1;0;1;9921;3424370;73093;
1085;Sjælland;2024-08-24;M;5;0;1;9921;3424375;73094;
1083;Syddanmark;2024-08-24;M;1;0;1;9921;3424376;73095;
1084;Hovedstaden;2024-08-25;F;13;0;4;9921;3424389;73099;
1082;Midtjylland;2024-08-25;F;1;0;0;9921;3424390;73099;
1081;Nordjylland;2024-08-25;F;2;0;0;9921;3424392;73099;
1085;Sjælland;2024-08-25;F;4;1;4;9922;3424396;73103;
1083;Syddanmark;2024-08-25;F;4;0;4;9922;3424400;73107;
1084;Hovedstaden;2024-08-25;M;6;0;3;9922;3424406;73110;
1082;Midtjylland;2024-08-25;M;2;0;1;9922;3424408;73111;
1081;Nordjylland;2024-08-25;M;3;0;3;9922;3424411;73114;
1085;Sjælland;2024-08-25;M;2;0;1;9922;3424413;73115;
1083;Syddanmark;2024-08-25;M;4;0;3;9922;3424417;73118;
1084;Hovedstaden;2024-08-26;F;29;0;6;9922;3424446;73124;
1082;Midtjylland;2024-08-26;F;1;0;1;9922;3424447;73125;
1081;Nordjylland;2024-08-26;F;6;0;2;9922;3424453;73127;
1085;Sjælland;2024-08-26;F;3;0;1;9922;3424456;73128;
1083;Syddanmark;2024-08-26;F;8;0;3;9922;3424464;73131;
1084;Hovedstaden;2024-08-26;M;28;1;9;9923;3424492;73140;
1082;Midtjylland;2024-08-26;M;6;0;4;9923;3424498;73144;
1081;Nordjylland;2024-08-26;M;4;0;2;9923;3424502;73146;
1085;Sjælland;2024-08-26;M;4;0;2;9923;3424506;73148;
1083;Syddanmark;2024-08-26;M;4;0;2;9923;3424510;73150;
1084;Hovedstaden;2024-08-27;F;26;0;1;9923;3424536;73151;
1082;Midtjylland;2024-08-27;F;3;0;1;9923;3424539;73152;
1081;Nordjylland;2024-08-27;F;3;1;3;9924;3424542;73155;
1085;Sjælland;2024-08-27;F;3;0;2;9924;3424545;73157;
1083;Syddanmark;2024-08-27;F;8;0;5;9924;3424553;73162;
1084;Hovedstaden;2024-08-27;M;18;0;6;9924;3424571;73168;
1082;Midtjylland;2024-08-27;M;5;0;2;9924;3424576;73170;
1081;Nordjylland;2024-08-27;M;2;0;2;9924;3424578;73172;
1085;Sjælland;2024-08-27;M;4;0;3;9924;3424582;73175;
1083;Syddanmark;2024-08-27;M;8;0;6;9924;3424590;73181;
1084;Hovedstaden;2024-08-28;F;32;1;0;9925;3424622;73181;
1082;Midtjylland;2024-08-28;F;9;0;4;9925;3424631;73185;
1081;Nordjylland;2024-08-28;F;4;0;2;9925;3424635;73187;
1085;Sjælland;2024-08-28;F;2;1;1;9926;3424637;73188;
1083;Syddanmark;2024-08-28;F;6;1;2;9927;3424643;73190;
1084;Hovedstaden;2024-08-28;M;15;0;2;9927;3424658;73192;
1082;Midtjylland;2024-08-28;M;7;0;5;9927;3424665;73197;
1081;Nordjylland;2024-08-28;M;2;0;0;9927;3424667;73197;
1085;Sjælland;2024-08-28;M;4;0;3;9927;3424671;73200;
1083;Syddanmark;2024-08-28;M;9;1;4;9928;3424680;73204;
1084;Hovedstaden;2024-08-29;F;20;0;3;9928;3424700;73207;
1082;Midtjylland;2024-08-29;F;11;0;1;9928;3424711;73208;
1081;Nordjylland;2024-08-29;F;7;0;2;9928;3424718;73210;
1085;Sjælland;2024-08-29;F;1;0;0;9928;3424719;73210;
1083;Syddanmark;2024-08-29;F;4;0;3;9928;3424723;73213;
1084;Hovedstaden;2024-08-29;M;16;1;10;9929;3424739;73223;
1082;Midtjylland;2024-08-29;M;7;0;4;9929;3424746;73227;
1081;Nordjylland;2024-08-29;M;8;0;3;9929;3424754;73230;
1085;Sjælland;2024-08-29;M;7;0;5;9929;3424761;73235;
1083;Syddanmark;2024-08-29;M;10;1;4;9930;3424771;73239;
1084;Hovedstaden;2024-08-30;F;24;0;6;9930;3424795;73245;
1082;Midtjylland;2024-08-30;F;3;0;1;9930;3424798;73246;
1081;Nordjylland;2024-08-30;F;3;0;1;9930;3424801;73247;
1085;Sjælland;2024-08-30;F;3;0;1;9930;3424804;73248;
1083;Syddanmark;2024-08-30;F;10;0;6;9930;3424814;73254;
1084;Hovedstaden;2024-08-30;M;11;1;7;9931;3424825;73261;
1081;Nordjylland;2024-08-30;M;3;0;3;9931;3424828;73264;
1085;Sjælland;2024-08-30;M;6;2;5;9933;3424834;73269;
1083;Syddanmark;2024-08-30;M;4;0;1;9933;3424838;73270;
1084;Hovedstaden;2024-08-31;F;5;0;1;9933;3424843;73271;
1082;Midtjylland;2024-08-31;F;5;0;4;9933;3424848;73275;
1081;Nordjylland;2024-08-31;F;3;0;3;9933;3424851;73278;
1085;Sjælland;2024-08-31;F;2;0;2;9933;3424853;73280;
1083;Syddanmark;2024-08-31;F;1;0;1;9933;3424854;73281;
1084;Hovedstaden;2024-08-31;M;5;0;0;9933;3424859;73281;
1082;Midtjylland;2024-08-31;M;2;0;2;9933;3424861;73283;
1081;Nordjylland;2024-08-31;M;3;1;1;9934;3424864;73284;
1085;Sjælland;2024-08-31;M;4;2;4;9936;3424868;73288;
1083;Syddanmark;2024-08-31;M;1;0;0;9936;3424869;73288;
1084;Hovedstaden;2024-09-01;F;6;0;5;9936;3424875;73293;
1082;Midtjylland;2024-09-01;F;1;0;1;9936;3424876;73294;
1081;Nordjylland;2024-09-01;F;5;0;2;9936;3424881;73296;
1085;Sjælland;2024-09-01;F;3;0;2;9936;3424884;73298;
1083;Syddanmark;2024-09-01;F;4;0;3;9936;3424888;73301;
1084;Hovedstaden;2024-09-01;M;8;0;2;9936;3424896;73303;
1082;Midtjylland;2024-09-01;M;7;0;6;9936;3424903;73309;
1081;Nordjylland;2024-09-01;M;5;0;4;9936;3424908;73313;
1085;Sjælland;2024-09-01;M;4;0;2;9936;3424912;73315;
1083;Syddanmark;2024-09-01;M;4;1;4;9937;3424916;73319;
1084;Hovedstaden;2024-09-02;F;29;0;2;9937;3424945;73321;
1082;Midtjylland;2024-09-02;F;8;1;3;9938;3424953;73324;
1081;Nordjylland;2024-09-02;F;1;0;1;9938;3424954;73325;
1085;Sjælland;2024-09-02;F;5;0;2;9938;3424959;73327;
1083;Syddanmark;2024-09-02;F;6;0;1;9938;3424965;73328;
1084;Hovedstaden;2024-09-02;M;29;1;8;9939;3424994;73336;
1082;Midtjylland;2024-09-02;M;8;0;6;9939;3425002;73342;
1081;Nordjylland;2024-09-02;M;1;0;1;9939;3425003;73343;
1085;Sjælland;2024-09-02;M;5;0;2;9939;3425008;73345;
1083;Syddanmark;2024-09-02;M;5;0;4;9939;3425013;73349;
1084;Hovedstaden;2024-09-03;F;29;3;9;9942;3425042;73358;
1082;Midtjylland;2024-09-03;F;9;0;4;9942;3425051;73362;
1081;Nordjylland;2024-09-03;F;4;0;4;9942;3425055;73366;
1085;Sjælland;2024-09-03;F;7;0;5;9942;3425062;73371;
1083;Syddanmark;2024-09-03;F;5;0;4;9942;3425067;73375;
1084;Hovedstaden;2024-09-03;M;18;0;5;9942;3425085;73380;
1082;Midtjylland;2024-09-03;M;1;1;1;9943;3425086;73381;
1081;Nordjylland;2024-09-03;M;6;0;4;9943;3425092;73385;
1085;Sjælland;2024-09-03;M;7;1;5;9944;3425099;73390;
1083;Syddanmark;2024-09-03;M;9;0;5;9944;3425108;73395;
1084;Hovedstaden;2024-09-04;F;14;0;1;9944;3425122;73396;
1082;Midtjylland;2024-09-04;F;3;0;0;9944;3425125;73396;
1081;Nordjylland;2024-09-04;F;2;1;2;9945;3425127;73398;
1085;Sjælland;2024-09-04;F;6;0;2;9945;3425133;73400;
1083;Syddanmark;2024-09-04;F;8;0;2;9945;3425141;73402;
1084;Hovedstaden;2024-09-04;M;12;0;2;9945;3425153;73404;
1082;Midtjylland;2024-09-04;M;3;0;3;9945;3425156;73407;
1081;Nordjylland;2024-09-04;M;7;1;6;9946;3425163;73413;
1085;Sjælland;2024-09-04;M;2;0;1;9946;3425165;73414;
1083;Syddanmark;2024-09-04;M;2;1;2;9947;3425167;73416;
1084;Hovedstaden;2024-09-05;F;16;0;3;9947;3425183;73419;
1082;Midtjylland;2024-09-05;F;6;0;3;9947;3425189;73422;
1081;Nordjylland;2024-09-05;F;3;0;2;9947;3425192;73424;
1085;Sjælland;2024-09-05;F;8;1;7;9948;3425200;73431;
1083;Syddanmark;2024-09-05;F;6;0;5;9948;3425206;73436;
1084;Hovedstaden;2024-09-05;M;22;0;3;9948;3425228;73439;
1082;Midtjylland;2024-09-05;M;12;0;5;9948;3425240;73444;
1081;Nordjylland;2024-09-05;M;4;0;2;9948;3425244;73446;
1085;Sjælland;2024-09-05;M;4;1;3;9949;3425248;73449;
1083;Syddanmark;2024-09-05;M;12;1;7;9950;3425260;73456;
1084;Hovedstaden;2024-09-06;F;23;1;6;9951;3425283;73462;
1082;Midtjylland;2024-09-06;F;4;0;0;9951;3425287;73462;
1081;Nordjylland;2024-09-06;F;4;0;2;9951;3425291;73464;
1085;Sjælland;2024-09-06;F;6;0;2;9951;3425297;73466;
1083;Syddanmark;2024-09-06;F;4;0;2;9951;3425301;73468;
1084;Hovedstaden;2024-09-06;M;13;0;6;9951;3425314;73474;
1082;Midtjylland;2024-09-06;M;6;1;3;9952;3425320;73477;
1081;Nordjylland;2024-09-06;M;3;0;1;9952;3425323;73478;
1085;Sjælland;2024-09-06;M;12;0;7;9952;3425335;73485;
1083;Syddanmark;2024-09-06;M;8;0;7;9952;3425343;73492;
1084;Hovedstaden;2024-09-07;F;6;0;3;9952;3425349;73495;
1082;Midtjylland;2024-09-07;F;2;0;0;9952;3425351;73495;
1081;Nordjylland;2024-09-07;F;4;0;2;9952;3425355;73497;
1085;Sjælland;2024-09-07;F;3;0;2;9952;3425358;73499;
1083;Syddanmark;2024-09-07;F;3;0;2;9952;3425361;73501;
1084;Hovedstaden;2024-09-07;M;9;1;3;9953;3425370;73504;
1082;Midtjylland;2024-09-07;M;2;0;2;9953;3425372;73506;
1081;Nordjylland;2024-09-07;M;5;1;5;9954;3425377;73511;
1085;Sjælland;2024-09-07;M;7;0;7;9954;3425384;73518;
1083;Syddanmark;2024-09-07;M;4;0;3;9954;3425388;73521;
1084;Hovedstaden;2024-09-08;F;12;0;6;9954;3425400;73527;
1082;Midtjylland;2024-09-08;F;2;0;1;9954;3425402;73528;
1081;Nordjylland;2024-09-08;F;2;1;2;9955;3425404;73530;
1085;Sjælland;2024-09-08;F;2;0;1;9955;3425406;73531;
1083;Syddanmark;2024-09-08;F;2;0;2;9955;3425408;73533;
1084;Hovedstaden;2024-09-08;M;10;0;4;9955;3425418;73537;
1082;Midtjylland;2024-09-08;M;1;0;1;9955;3425419;73538;
1085;Sjælland;2024-09-08;M;11;0;6;9955;3425430;73544;
1083;Syddanmark;2024-09-08;M;4;0;3;9955;3425434;73547;
1084;Hovedstaden;2024-09-09;F;26;1;5;9956;3425460;73552;
1082;Midtjylland;2024-09-09;F;7;0;3;9956;3425467;73555;
1085;Sjælland;2024-09-09;F;6;1;5;9957;3425473;73560;
1083;Syddanmark;2024-09-09;F;10;0;3;9957;3425483;73563;
1084;Hovedstaden;2024-09-09;M;16;0;2;9957;3425499;73565;
1082;Midtjylland;2024-09-09;M;1;0;0;9957;3425500;73565;
1081;Nordjylland;2024-09-09;M;2;0;2;9957;3425502;73567;
1085;Sjælland;2024-09-09;M;4;0;3;9957;3425506;73570;
1083;Syddanmark;2024-09-09;M;7;0;5;9957;3425513;73575;
1084;Hovedstaden;2024-09-10;F;14;0;4;9957;3425527;73579;
1082;Midtjylland;2024-09-10;F;2;0;1;9957;3425529;73580;
1081;Nordjylland;2024-09-10;F;3;1;1;9958;3425532;73581;
1085;Sjælland;2024-09-10;F;2;0;2;9958;3425534;73583;
1083;Syddanmark;2024-09-10;F;7;0;3;9958;3425541;73586;
1084;Hovedstaden;2024-09-10;M;10;0;2;9958;3425551;73588;
1082;Midtjylland;2024-09-10;M;2;0;2;9958;3425553;73590;
1081;Nordjylland;2024-09-10;M;3;0;3;9958;3425556;73593;
1083;Syddanmark;2024-09-10;M;8;0;6;9958;3425564;73599;
1084;Hovedstaden;2024-09-11;F;16;0;3;9958;3425580;73602;
1082;Midtjylland;2024-09-11;F;5;0;2;9958;3425585;73604;
1081;Nordjylland;2024-09-11;F;3;1;3;9959;3425588;73607;
1085;Sjælland;2024-09-11;F;5;1;3;9960;3425593;73610;
1083;Syddanmark;2024-09-11;F;3;1;2;9961;3425596;73612;
1084;Hovedstaden;2024-09-11;M;12;0;3;9961;3425608;73615;
1081;Nordjylland;2024-09-11;M;5;1;4;9962;3425613;73619;
1085;Sjælland;2024-09-11;M;5;1;4;9963;3425618;73623;
1083;Syddanmark;2024-09-11;M;5;1;3;9964;3425623;73626;
1084;Hovedstaden;2024-09-12;F;11;0;3;9964;3425634;73629;
1082;Midtjylland;2024-09-12;F;2;0;1;9964;3425636;73630;
1081;Nordjylland;2024-09-12;F;2;0;1;9964;3425638;73631;
1085;Sjælland;2024-09-12;F;1;0;0;9964;3425639;73631;
1083;Syddanmark;2024-09-12;F;4;0;2;9964;3425643;73633;
1084;Hovedstaden;2024-09-12;M;7;0;2;9964;3425650;73635;
1082;Midtjylland;2024-09-12;M;2;0;0;9964;3425652;73635;
1081;Nordjylland;2024-09-12;M;3;0;2;9964;3425655;73637;
1085;Sjælland;2024-09-12;M;9;0;8;9964;3425664;73645;
1084;Hovedstaden;2024-09-13;F;7;0;1;9964;3425671;73646;
1082;Midtjylland;2024-09-13;F;3;0;2;9964;3425674;73648;
1085;Sjælland;2024-09-13;F;1;0;0;9964;3425675;73648;
1083;Syddanmark;2024-09-13;F;2;1;1;9965;3425677;73649;
1084;Hovedstaden;2024-09-13;M;9;0;2;9965;3425686;73651;
1082;Midtjylland;2024-09-13;M;3;0;3;9965;3425689;73654;
1081;Nordjylland;2024-09-13;M;3;0;2;9965;3425692;73656;
1085;Sjælland;2024-09-13;M;4;0;3;9965;3425696;73659;
1083;Syddanmark;2024-09-13;M;3;0;2;9965;3425699;73661;
1084;Hovedstaden;2024-09-14;F;6;0;2;9965;3425705;73663;
1082;Midtjylland;2024-09-14;F;2;1;2;9966;3425707;73665;
1081;Nordjylland;2024-09-14;F;4;0;4;9966;3425711;73669;
1085;Sjælland;2024-09-14;F;4;0;2;9966;3425715;73671;
1083;Syddanmark;2024-09-14;F;1;0;1;9966;3425716;73672;
1084;Hovedstaden;2024-09-14;M;8;0;7;9966;3425724;73679;
1082;Midtjylland;2024-09-14;M;2;0;2;9966;3425726;73681;
1085;Sjælland;2024-09-14;M;2;0;1;9966;3425728;73682;
1083;Syddanmark;2024-09-14;M;5;0;3;9966;3425733;73685;
1084;Hovedstaden;2024-09-15;F;9;2;6;9968;3425742;73691;
1082;Midtjylland;2024-09-15;F;4;1;2;9969;3425746;73693;
1081;Nordjylland;2024-09-15;F;3;0;3;9969;3425749;73696;
1085;Sjælland;2024-09-15;F;7;1;5;9970;3425756;73701;
1083;Syddanmark;2024-09-15;F;1;0;0;9970;3425757;73701;
1084;Hovedstaden;2024-09-15;M;7;1;3;9971;3425764;73704;
1082;Midtjylland;2024-09-15;M;1;0;1;9971;3425765;73705;
1081;Nordjylland;2024-09-15;M;1;0;1;9971;3425766;73706;
1085;Sjælland;2024-09-15;M;3;0;2;9971;3425769;73708;
1083;Syddanmark;2024-09-15;M;1;0;1;9971;3425770;73709;
1084;Hovedstaden;2024-09-16;F;19;1;6;9972;3425789;73715;
1082;Midtjylland;2024-09-16;F;1;0;0;9972;3425790;73715;
1081;Nordjylland;2024-09-16;F;3;0;2;9972;3425793;73717;
1085;Sjælland;2024-09-16;F;5;0;3;9972;3425798;73720;
1083;Syddanmark;2024-09-16;F;8;0;3;9972;3425806;73723;
1084;Hovedstaden;2024-09-16;M;11;0;4;9972;3425817;73727;
1082;Midtjylland;2024-09-16;M;2;0;1;9972;3425819;73728;
1081;Nordjylland;2024-09-16;M;3;1;3;9973;3425822;73731;
1085;Sjælland;2024-09-16;M;5;0;4;9973;3425827;73735;
1083;Syddanmark;2024-09-16;M;3;0;3;9973;3425830;73738;
1084;Hovedstaden;2024-09-17;F;15;0;2;9973;3425845;73740;
1082;Midtjylland;2024-09-17;F;7;1;6;9974;3425852;73746;
1085;Sjælland;2024-09-17;F;8;0;5;9974;3425860;73751;
1083;Syddanmark;2024-09-17;F;2;0;1;9974;3425862;73752;
1084;Hovedstaden;2024-09-17;M;22;0;6;9974;3425884;73758;
1082;Midtjylland;2024-09-17;M;3;1;2;9975;3425887;73760;
1085;Sjælland;2024-09-17;M;5;0;3;9975;3425892;73763;
1083;Syddanmark;2024-09-17;M;8;1;3;9976;3425900;73766;
1084;Hovedstaden;2024-09-18;F;22;0;5;9976;3425922;73771;
1082;Midtjylland;2024-09-18;F;2;0;1;9976;3425924;73772;
1081;Nordjylland;2024-09-18;F;1;0;1;9976;3425925;73773;
1085;Sjælland;2024-09-18;F;3;1;2;9977;3425928;73775;
1083;Syddanmark;2024-09-18;F;3;0;2;9977;3425931;73777;
1084;Hovedstaden;2024-09-18;M;9;0;3;9977;3425940;73780;
1082;Midtjylland;2024-09-18;M;2;1;2;9978;3425942;73782;
1081;Nordjylland;2024-09-18;M;2;0;1;9978;3425944;73783;
1085;Sjælland;2024-09-18;M;3;0;0;9978;3425947;73783;
1083;Syddanmark;2024-09-18;M;5;0;4;9978;3425952;73787;
1084;Hovedstaden;2024-09-19;F;12;0;1;9978;3425964;73788;
1082;Midtjylland;2024-09-19;F;3;0;1;9978;3425967;73789;
1081;Nordjylland;2024-09-19;F;1;0;1;9978;3425968;73790;
1085;Sjælland;2024-09-19;F;2;0;1;9978;3425970;73791;
1083;Syddanmark;2024-09-19;F;5;0;2;9978;3425975;73793;
1084;Hovedstaden;2024-09-19;M;8;1;1;9979;3425983;73794;
1082;Midtjylland;2024-09-19;M;4;0;1;9979;3425987;73795;
1081;Nordjylland;2024-09-19;M;1;0;1;9979;3425988;73796;
1085;Sjælland;2024-09-19;M;5;0;3;9979;3425993;73799;
1083;Syddanmark;2024-09-19;M;8;1;4;9980;3426001;73803;
1084;Hovedstaden;2024-09-20;F;16;1;5;9981;3426017;73808;
1082;Midtjylland;2024-09-20;F;2;0;1;9981;3426019;73809;
1081;Nordjylland;2024-09-20;F;3;0;2;9981;3426022;73811;
1085;Sjælland;2024-09-20;F;1;0;0;9981;3426023;73811;
1083;Syddanmark;2024-09-20;F;4;0;1;9981;3426027;73812;
1084;Hovedstaden;2024-09-20;M;16;0;4;9981;3426043;73816;
1082;Midtjylland;2024-09-20;M;2;0;1;9981;3426045;73817;
1085;Sjælland;2024-09-20;M;5;1;4;9982;3426050;73821;
1083;Syddanmark;2024-09-20;M;3;0;2;9982;3426053;73823;
1084;Hovedstaden;2024-09-21;F;7;0;2;9982;3426060;73825;
1082;Midtjylland;2024-09-21;F;4;0;3;9982;3426064;73828;
1081;Nordjylland;2024-09-21;F;3;0;3;9982;3426067;73831;
1085;Sjælland;2024-09-21;F;2;1;2;9983;3426069;73833;
1083;Syddanmark;2024-09-21;F;1;0;1;9983;3426070;73834;
1084;Hovedstaden;2024-09-21;M;5;1;2;9984;3426075;73836;
1082;Midtjylland;2024-09-21;M;1;0;1;9984;3426076;73837;
1081;Nordjylland;2024-09-21;M;1;0;1;9984;3426077;73838;
1085;Sjælland;2024-09-21;M;5;0;4;9984;3426082;73842;
1083;Syddanmark;2024-09-21;M;4;0;3;9984;3426086;73845;
1084;Hovedstaden;2024-09-22;F;10;1;6;9985;3426096;73851;
1082;Midtjylland;2024-09-22;F;2;0;1;9985;3426098;73852;
1081;Nordjylland;2024-09-22;F;4;1;4;9986;3426102;73856;
1085;Sjælland;2024-09-22;F;5;1;3;9987;3426107;73859;
1083;Syddanmark;2024-09-22;F;4;0;3;9987;3426111;73862;
1084;Hovedstaden;2024-09-22;M;6;2;5;9989;3426117;73867;
1082;Midtjylland;2024-09-22;M;1;0;1;9989;3426118;73868;
1081;Nordjylland;2024-09-22;M;5;0;3;9989;3426123;73871;
1085;Sjælland;2024-09-22;M;4;0;4;9989;3426127;73875;
1083;Syddanmark;2024-09-22;M;4;0;3;9989;3426131;73878;
1084;Hovedstaden;2024-09-23;F;22;0;3;9989;3426153;73881;
1082;Midtjylland;2024-09-23;F;5;0;2;9989;3426158;73883;
1081;Nordjylland;2024-09-23;F;5;0;1;9989;3426163;73884;
1085;Sjælland;2024-09-23;F;8;0;4;9989;3426171;73888;
1083;Syddanmark;2024-09-23;F;7;0;4;9989;3426178;73892;
1084;Hovedstaden;2024-09-23;M;21;0;6;9989;3426199;73898;
1082;Midtjylland;2024-09-23;M;5;0;3;9989;3426204;73901;
1081;Nordjylland;2024-09-23;M;4;0;3;9989;3426208;73904;
1085;Sjælland;2024-09-23;M;4;0;2;9989;3426212;73906;
1083;Syddanmark;2024-09-23;M;2;0;1;9989;3426214;73907;
1084;Hovedstaden;2024-09-24;F;14;0;5;9989;3426228;73912;
1082;Midtjylland;2024-09-24;F;3;0;2;9989;3426231;73914;
1081;Nordjylland;2024-09-24;F;1;0;1;9989;3426232;73915;
1085;Sjælland;2024-09-24;F;2;0;2;9989;3426234;73917;
1083;Syddanmark;2024-09-24;F;7;0;2;9989;3426241;73919;
1084;Hovedstaden;2024-09-24;M;11;0;3;9989;3426252;73922;
1082;Midtjylland;2024-09-24;M;6;0;4;9989;3426258;73926;
1081;Nordjylland;2024-09-24;M;3;0;3;9989;3426261;73929;
1085;Sjælland;2024-09-24;M;2;0;2;9989;3426263;73931;
1083;Syddanmark;2024-09-24;M;4;0;3;9989;3426267;73934;
1084;Hovedstaden;2024-09-25;F;22;0;6;9989;3426289;73940;
1082;Midtjylland;2024-09-25;F;5;1;2;9990;3426294;73942;
1081;Nordjylland;2024-09-25;F;1;0;1;9990;3426295;73943;
1085;Sjælland;2024-09-25;F;1;0;1;9990;3426296;73944;
1083;Syddanmark;2024-09-25;F;2;0;1;9990;3426298;73945;
1084;Hovedstaden;2024-09-25;M;19;1;6;9991;3426317;73951;
1082;Midtjylland;2024-09-25;M;5;1;4;9992;3426322;73955;
1081;Nordjylland;2024-09-25;M;2;0;1;9992;3426324;73956;
1085;Sjælland;2024-09-25;M;4;1;3;9993;3426328;73959;
1083;Syddanmark;2024-09-25;M;5;0;2;9993;3426333;73961;
1084;Hovedstaden;2024-09-26;F;17;0;3;9993;3426350;73964;
1082;Midtjylland;2024-09-26;F;3;0;2;9993;3426353;73966;
1081;Nordjylland;2024-09-26;F;1;0;1;9993;3426354;73967;
1085;Sjælland;2024-09-26;F;3;0;2;9993;3426357;73969;
1083;Syddanmark;2024-09-26;F;6;0;3;9993;3426363;73972;
1084;Hovedstaden;2024-09-26;M;16;0;7;9993;3426379;73979;
1082;Midtjylland;2024-09-26;M;4;0;2;9993;3426383;73981;
1081;Nordjylland;2024-09-26;M;2;0;2;9993;3426385;73983;
1085;Sjælland;2024-09-26;M;4;0;4;9993;3426389;73987;
1083;Syddanmark;2024-09-26;M;3;0;1;9993;3426392;73988;
1084;Hovedstaden;2024-09-27;F;9;1;3;9994;3426401;73991;
1082;Midtjylland;2024-09-27;F;4;0;3;9994;3426405;73994;
1085;Sjælland;2024-09-27;F;2;0;1;9994;3426407;73995;
1083;Syddanmark;2024-09-27;F;6;0;2;9994;3426413;73997;
1084;Hovedstaden;2024-09-27;M;8;1;4;9995;3426421;74001;
1082;Midtjylland;2024-09-27;M;3;1;2;9996;3426424;74003;
1081;Nordjylland;2024-09-27;M;3;0;3;9996;3426427;74006;
1085;Sjælland;2024-09-27;M;2;1;2;9997;3426429;74008;
1083;Syddanmark;2024-09-27;M;1;0;1;9997;3426430;74009;
1084;Hovedstaden;2024-09-28;F;7;0;3;9997;3426437;74012;
1082;Midtjylland;2024-09-28;F;2;0;2;9997;3426439;74014;
1081;Nordjylland;2024-09-28;F;2;0;2;9997;3426441;74016;
1085;Sjælland;2024-09-28;F;2;0;1;9997;3426443;74017;
1083;Syddanmark;2024-09-28;F;4;0;3;9997;3426447;74020;
1084;Hovedstaden;2024-09-28;M;2;0;1;9997;3426449;74021;
1082;Midtjylland;2024-09-28;M;2;1;2;9998;3426451;74023;
1081;Nordjylland;2024-09-28;M;3;0;2;9998;3426454;74025;
1085;Sjælland;2024-09-28;M;2;0;2;9998;3426456;74027;
1083;Syddanmark;2024-09-28;M;2;0;2;9998;3426458;74029;
1084;Hovedstaden;2024-09-29;F;4;1;1;9999;3426462;74030;
1081;Nordjylland;2024-09-29;F;1;0;0;9999;3426463;74030;
1085;Sjælland;2024-09-29;F;2;0;1;9999;3426465;74031;
1083;Syddanmark;2024-09-29;F;2;0;1;9999;3426467;74032;
1084;Hovedstaden;2024-09-29;M;6;1;1;10000;3426473;74033;
1082;Midtjylland;2024-09-29;M;1;0;1;10000;3426474;74034;
1081;Nordjylland;2024-09-29;M;1;0;1;10000;3426475;74035;
1085;Sjælland;2024-09-29;M;3;0;2;10000;3426478;74037;
1083;Syddanmark;2024-09-29;M;5;1;5;10001;3426483;74042;
1084;Hovedstaden;2024-09-30;F;16;0;3;10001;3426499;74045;
1082;Midtjylland;2024-09-30;F;5;1;4;10002;3426504;74049;
1081;Nordjylland;2024-09-30;F;3;0;1;10002;3426507;74050;
1085;Sjælland;2024-09-30;F;1;0;1;10002;3426508;74051;
1083;Syddanmark;2024-09-30;F;5;0;3;10002;3426513;74054;
1084;Hovedstaden;2024-09-30;M;9;0;5;10002;3426522;74059;
1082;Midtjylland;2024-09-30;M;1;0;1;10002;3426523;74060;
1081;Nordjylland;2024-09-30;M;2;0;1;10002;3426525;74061;
1085;Sjælland;2024-09-30;M;1;0;0;10002;3426526;74061;
1083;Syddanmark;2024-09-30;M;8;0;6;10002;3426534;74067;
1084;Hovedstaden;2024-10-01;F;18;0;4;10002;3426552;74071;
1082;Midtjylland;2024-10-01;F;3;0;3;10002;3426555;74074;
1081;Nordjylland;2024-10-01;F;3;0;1;10002;3426558;74075;
1085;Sjælland;2024-10-01;F;6;0;4;10002;3426564;74079;
1083;Syddanmark;2024-10-01;F;6;0;3;10002;3426570;74082;
1084;Hovedstaden;2024-10-01;M;11;0;2;10002;3426581;74084;
1082;Midtjylland;2024-10-01;M;4;0;1;10002;3426585;74085;
1081;Nordjylland;2024-10-01;M;4;0;2;10002;3426589;74087;
1085;Sjælland;2024-10-01;M;3;0;3;10002;3426592;74090;
1084;Hovedstaden;2024-10-02;F;27;1;12;10003;3426619;74102;
1082;Midtjylland;2024-10-02;F;4;0;1;10003;3426623;74103;
1085;Sjælland;2024-10-02;F;6;1;4;10004;3426629;74107;
1083;Syddanmark;2024-10-02;F;7;0;5;10004;3426636;74112;
1084;Hovedstaden;2024-10-02;M;9;0;4;10004;3426645;74116;
1082;Midtjylland;2024-10-02;M;2;0;0;10004;3426647;74116;
1081;Nordjylland;2024-10-02;M;2;0;1;10004;3426649;74117;
1085;Sjælland;2024-10-02;M;6;2;5;10006;3426655;74122;
1083;Syddanmark;2024-10-02;M;3;1;1;10007;3426658;74123;
1084;Hovedstaden;2024-10-03;F;19;1;8;10008;3426677;74131;
1082;Midtjylland;2024-10-03;F;2;0;0;10008;3426679;74131;
1081;Nordjylland;2024-10-03;F;4;0;4;10008;3426683;74135;
1085;Sjælland;2024-10-03;F;3;1;2;10009;3426686;74137;
1083;Syddanmark;2024-10-03;F;3;0;1;10009;3426689;74138;
1084;Hovedstaden;2024-10-03;M;16;0;7;10009;3426705;74145;
1082;Midtjylland;2024-10-03;M;5;0;2;10009;3426710;74147;
1081;Nordjylland;2024-10-03;M;2;1;1;10010;3426712;74148;
1085;Sjælland;2024-10-03;M;6;0;4;10010;3426718;74152;
1083;Syddanmark;2024-10-03;M;6;0;4;10010;3426724;74156;
1084;Hovedstaden;2024-10-04;F;10;0;2;10010;3426734;74158;
1082;Midtjylland;2024-10-04;F;5;0;4;10010;3426739;74162;
1081;Nordjylland;2024-10-04;F;1;0;0;10010;3426740;74162;
1085;Sjælland;2024-10-04;F;5;1;3;10011;3426745;74165;
1083;Syddanmark;2024-10-04;F;3;0;2;10011;3426748;74167;
1084;Hovedstaden;2024-10-04;M;12;0;2;10011;3426760;74169;
1082;Midtjylland;2024-10-04;M;3;0;3;10011;3426763;74172;
1081;Nordjylland;2024-10-04;M;3;1;2;10012;3426766;74174;
1085;Sjælland;2024-10-04;M;8;1;5;10013;3426774;74179;
1083;Syddanmark;2024-10-04;M;7;1;5;10014;3426781;74184;
1084;Hovedstaden;2024-10-05;F;6;2;4;10016;3426787;74188;
1085;Sjælland;2024-10-05;F;3;1;1;10017;3426790;74189;
1083;Syddanmark;2024-10-05;F;5;0;4;10017;3426795;74193;
1084;Hovedstaden;2024-10-05;M;9;1;4;10018;3426804;74197;
1082;Midtjylland;2024-10-05;M;5;1;5;10019;3426809;74202;
1081;Nordjylland;2024-10-05;M;2;0;2;10019;3426811;74204;
1085;Sjælland;2024-10-05;M;2;1;1;10020;3426813;74205;
1083;Syddanmark;2024-10-05;M;4;0;3;10020;3426817;74208;
1084;Hovedstaden;2024-10-06;F;7;0;4;10020;3426824;74212;
1082;Midtjylland;2024-10-06;F;5;0;3;10020;3426829;74215;
1081;Nordjylland;2024-10-06;F;3;1;2;10021;3426832;74217;
1085;Sjælland;2024-10-06;F;4;0;3;10021;3426836;74220;
1083;Syddanmark;2024-10-06;F;5;0;3;10021;3426841;74223;
1084;Hovedstaden;2024-10-06;M;10;1;8;10022;3426851;74231;
1082;Midtjylland;2024-10-06;M;5;0;4;10022;3426856;74235;
1081;Nordjylland;2024-10-06;M;1;0;1;10022;3426857;74236;
1085;Sjælland;2024-10-06;M;3;0;0;10022;3426860;74236;
1083;Syddanmark;2024-10-06;M;4;0;4;10022;3426864;74240;
1084;Hovedstaden;2024-10-07;F;22;0;5;10022;3426886;74245;
1082;Midtjylland;2024-10-07;F;7;0;4;10022;3426893;74249;
1081;Nordjylland;2024-10-07;F;3;0;3;10022;3426896;74252;
1085;Sjælland;2024-10-07;F;4;0;3;10022;3426900;74255;
1083;Syddanmark;2024-10-07;F;17;0;11;10022;3426917;74266;
1084;Hovedstaden;2024-10-07;M;20;2;8;10024;3426937;74274;
1082;Midtjylland;2024-10-07;M;4;0;1;10024;3426941;74275;
1081;Nordjylland;2024-10-07;M;4;0;3;10024;3426945;74278;
1085;Sjælland;2024-10-07;M;6;1;4;10025;3426951;74282;
1083;Syddanmark;2024-10-07;M;7;0;6;10025;3426958;74288;
1084;Hovedstaden;2024-10-08;F;28;0;6;10025;3426986;74294;
1082;Midtjylland;2024-10-08;F;5;0;1;10025;3426991;74295;
1081;Nordjylland;2024-10-08;F;3;0;1;10025;3426994;74296;
1085;Sjælland;2024-10-08;F;6;0;3;10025;3427000;74299;
1083;Syddanmark;2024-10-08;F;5;0;2;10025;3427005;74301;
1084;Hovedstaden;2024-10-08;M;23;0;5;10025;3427028;74306;
1082;Midtjylland;2024-10-08;M;3;0;3;10025;3427031;74309;
1081;Nordjylland;2024-10-08;M;4;0;3;10025;3427035;74312;
1085;Sjælland;2024-10-08;M;5;1;5;10026;3427040;74317;
1083;Syddanmark;2024-10-08;M;10;1;4;10027;3427050;74321;
1084;Hovedstaden;2024-10-09;F;18;0;4;10027;3427068;74325;
1082;Midtjylland;2024-10-09;F;5;0;2;10027;3427073;74327;
1081;Nordjylland;2024-10-09;F;3;0;1;10027;3427076;74328;
1085;Sjælland;2024-10-09;F;9;0;5;10027;3427085;74333;
1083;Syddanmark;2024-10-09;F;6;0;2;10027;3427091;74335;
1084;Hovedstaden;2024-10-09;M;9;0;3;10027;3427100;74338;
1082;Midtjylland;2024-10-09;M;4;0;2;10027;3427104;74340;
1081;Nordjylland;2024-10-09;M;1;0;0;10027;3427105;74340;
1085;Sjælland;2024-10-09;M;8;1;4;10028;3427113;74344;
1083;Syddanmark;2024-10-09;M;5;0;3;10028;3427118;74347;
1084;Hovedstaden;2024-10-10;F;17;1;4;10029;3427135;74351;
1082;Midtjylland;2024-10-10;F;4;0;2;10029;3427139;74353;
1081;Nordjylland;2024-10-10;F;3;1;3;10030;3427142;74356;
1085;Sjælland;2024-10-10;F;5;0;1;10030;3427147;74357;
1083;Syddanmark;2024-10-10;F;5;0;3;10030;3427152;74360;
1084;Hovedstaden;2024-10-10;M;10;0;4;10030;3427162;74364;
1082;Midtjylland;2024-10-10;M;2;0;2;10030;3427164;74366;
1081;Nordjylland;2024-10-10;M;7;1;7;10031;3427171;74373;
1085;Sjælland;2024-10-10;M;9;0;5;10031;3427180;74378;
1083;Syddanmark;2024-10-10;M;4;0;4;10031;3427184;74382;
1084;Hovedstaden;2024-10-11;F;9;0;3;10031;3427193;74385;
1082;Midtjylland;2024-10-11;F;1;0;1;10031;3427194;74386;
1081;Nordjylland;2024-10-11;F;4;0;4;10031;3427198;74390;
1085;Sjælland;2024-10-11;F;4;0;3;10031;3427202;74393;
1083;Syddanmark;2024-10-11;F;4;0;3;10031;3427206;74396;
1084;Hovedstaden;2024-10-11;M;17;0;4;10031;3427223;74400;
1082;Midtjylland;2024-10-11;M;3;0;3;10031;3427226;74403;
1081;Nordjylland;2024-10-11;M;1;0;1;10031;3427227;74404;
1085;Sjælland;2024-10-11;M;6;0;3;10031;3427233;74407;
1083;Syddanmark;2024-10-11;M;11;1;8;10032;3427244;74415;
1084;Hovedstaden;2024-10-12;F;6;0;2;10032;3427250;74417;
1082;Midtjylland;2024-10-12;F;6;0;6;10032;3427256;74423;
1081;Nordjylland;2024-10-12;F;3;0;2;10032;3427259;74425;
1085;Sjælland;2024-10-12;F;5;0;3;10032;3427264;74428;
1083;Syddanmark;2024-10-12;F;6;1;6;10033;3427270;74434;
1084;Hovedstaden;2024-10-12;M;13;4;9;10037;3427283;74443;
1082;Midtjylland;2024-10-12;M;4;0;3;10037;3427287;74446;
1081;Nordjylland;2024-10-12;M;1;0;1;10037;3427288;74447;
1083;Syddanmark;2024-10-12;M;4;0;3;10037;3427292;74450;
1084;Hovedstaden;2024-10-13;F;13;2;8;10039;3427305;74458;
1082;Midtjylland;2024-10-13;F;2;0;1;10039;3427307;74459;
1081;Nordjylland;2024-10-13;F;1;0;0;10039;3427308;74459;
1085;Sjælland;2024-10-13;F;3;0;2;10039;3427311;74461;
1083;Syddanmark;2024-10-13;F;5;0;3;10039;3427316;74464;
1084;Hovedstaden;2024-10-13;M;9;0;6;10039;3427325;74470;
1082;Midtjylland;2024-10-13;M;1;0;1;10039;3427326;74471;
1081;Nordjylland;2024-10-13;M;2;0;2;10039;3427328;74473;
1085;Sjælland;2024-10-13;M;1;0;1;10039;3427329;74474;
1083;Syddanmark;2024-10-13;M;7;0;7;10039;3427336;74481;
1084;Hovedstaden;2024-10-14;F;23;0;7;10039;3427359;74488;
1082;Midtjylland;2024-10-14;F;5;0;1;10039;3427364;74489;
1085;Sjælland;2024-10-14;F;4;0;4;10039;3427368;74493;
1083;Syddanmark;2024-10-14;F;7;0;3;10039;3427375;74496;
1084;Hovedstaden;2024-10-14;M;20;2;9;10041;3427395;74505;
1082;Midtjylland;2024-10-14;M;4;0;3;10041;3427399;74508;
1081;Nordjylland;2024-10-14;M;1;0;1;10041;3427400;74509;
1085;Sjælland;2024-10-14;M;4;0;2;10041;3427404;74511;
1083;Syddanmark;2024-10-14;M;7;0;5;10041;3427411;74516;
1084;Hovedstaden;2024-10-15;F;13;1;2;10042;3427424;74518;
1082;Midtjylland;2024-10-15;F;1;0;1;10042;3427425;74519;
1081;Nordjylland;2024-10-15;F;1;0;1;10042;3427426;74520;
1085;Sjælland;2024-10-15;F;4;1;4;10043;3427430;74524;
1083;Syddanmark;2024-10-15;F;5;0;2;10043;3427435;74526;
1084;Hovedstaden;2024-10-15;M;17;0;6;10043;3427452;74532;
1082;Midtjylland;2024-10-15;M;4;0;2;10043;3427456;74534;
1081;Nordjylland;2024-10-15;M;3;0;3;10043;3427459;74537;
1085;Sjælland;2024-10-15;M;3;0;3;10043;3427462;74540;
1083;Syddanmark;2024-10-15;M;5;0;4;10043;3427467;74544;
1084;Hovedstaden;2024-10-16;F;13;1;4;10044;3427480;74548;
1082;Midtjylland;2024-10-16;F;4;0;4;10044;3427484;74552;
1085;Sjælland;2024-10-16;F;6;0;4;10044;3427490;74556;
1083;Syddanmark;2024-10-16;F;4;1;2;10045;3427494;74558;
1084;Hovedstaden;2024-10-16;M;19;1;9;10046;3427513;74567;
1081;Nordjylland;2024-10-16;M;2;0;2;10046;3427515;74569;
1085;Sjælland;2024-10-16;M;4;1;2;10047;3427519;74571;
1083;Syddanmark;2024-10-16;M;10;1;6;10048;3427529;74577;
1084;Hovedstaden;2024-10-17;F;21;0;5;10048;3427550;74582;
1082;Midtjylland;2024-10-17;F;4;0;1;10048;3427554;74583;
1085;Sjælland;2024-10-17;F;1;0;0;10048;3427555;74583;
1083;Syddanmark;2024-10-17;F;5;1;4;10049;3427560;74587;
1084;Hovedstaden;2024-10-17;M;12;2;8;10051;3427572;74595;
1082;Midtjylland;2024-10-17;M;3;0;2;10051;3427575;74597;
1081;Nordjylland;2024-10-17;M;2;0;1;10051;3427577;74598;
1083;Syddanmark;2024-10-17;M;6;1;6;10052;3427583;74604;
1084;Hovedstaden;2024-10-18;F;19;1;6;10053;3427602;74610;
1082;Midtjylland;2024-10-18;F;5;0;3;10053;3427607;74613;
1081;Nordjylland;2024-10-18;F;2;1;1;10054;3427609;74614;
1085;Sjælland;2024-10-18;F;2;0;1;10054;3427611;74615;
1083;Syddanmark;2024-10-18;F;6;0;1;10054;3427617;74616;
1084;Hovedstaden;2024-10-18;M;11;1;3;10055;3427628;74619;
1082;Midtjylland;2024-10-18;M;4;0;1;10055;3427632;74620;
1081;Nordjylland;2024-10-18;M;2;0;2;10055;3427634;74622;
1085;Sjælland;2024-10-18;M;5;1;4;10056;3427639;74626;
1083;Syddanmark;2024-10-18;M;10;3;7;10059;3427649;74633;
1084;Hovedstaden;2024-10-19;F;6;0;3;10059;3427655;74636;
1082;Midtjylland;2024-10-19;F;2;0;2;10059;3427657;74638;
1081;Nordjylland;2024-10-19;F;1;0;0;10059;3427658;74638;
1085;Sjælland;2024-10-19;F;1;0;0;10059;3427659;74638;
1083;Syddanmark;2024-10-19;F;3;0;3;10059;3427662;74641;
1084;Hovedstaden;2024-10-19;M;8;1;6;10060;3427670;74647;
1082;Midtjylland;2024-10-19;M;3;0;2;10060;3427673;74649;
1085;Sjælland;2024-10-19;M;5;0;4;10060;3427678;74653;
1083;Syddanmark;2024-10-19;M;6;1;6;10061;3427684;74659;
1084;Hovedstaden;2024-10-20;F;8;2;5;10063;3427692;74664;
1085;Sjælland;2024-10-20;F;3;0;2;10063;3427695;74666;
1083;Syddanmark;2024-10-20;F;4;0;3;10063;3427699;74669;
1084;Hovedstaden;2024-10-20;M;12;1;8;10064;3427711;74677;
1082;Midtjylland;2024-10-20;M;6;0;4;10064;3427717;74681;
1081;Nordjylland;2024-10-20;M;3;0;2;10064;3427720;74683;
1085;Sjælland;2024-10-20;M;4;0;4;10064;3427724;74687;
1083;Syddanmark;2024-10-20;M;5;1;4;10065;3427729;74691;
1084;Hovedstaden;2024-10-21;F;29;2;7;10067;3427758;74698;
1082;Midtjylland;2024-10-21;F;2;0;1;10067;3427760;74699;
1081;Nordjylland;2024-10-21;F;4;0;3;10067;3427764;74702;
1085;Sjælland;2024-10-21;F;5;1;3;10068;3427769;74705;
1083;Syddanmark;2024-10-21;F;9;1;6;10069;3427778;74711;
1084;Hovedstaden;2024-10-21;M;19;0;5;10069;3427797;74716;
1082;Midtjylland;2024-10-21;M;7;0;5;10069;3427804;74721;
1081;Nordjylland;2024-10-21;M;3;0;2;10069;3427807;74723;
1085;Sjælland;2024-10-21;M;2;0;2;10069;3427809;74725;
1083;Syddanmark;2024-10-21;M;8;0;6;10069;3427817;74731;
1084;Hovedstaden;2024-10-22;F;25;0;7;10069;3427842;74738;
1082;Midtjylland;2024-10-22;F;5;0;0;10069;3427847;74738;
1081;Nordjylland;2024-10-22;F;1;0;0;10069;3427848;74738;
1085;Sjælland;2024-10-22;F;7;0;4;10069;3427855;74742;
1083;Syddanmark;2024-10-22;F;7;0;2;10069;3427862;74744;
1084;Hovedstaden;2024-10-22;M;16;0;2;10069;3427878;74746;
1082;Midtjylland;2024-10-22;M;4;1;4;10070;3427882;74750;
1081;Nordjylland;2024-10-22;M;1;0;1;10070;3427883;74751;
1085;Sjælland;2024-10-22;M;7;1;5;10071;3427890;74756;
1083;Syddanmark;2024-10-22;M;4;0;4;10071;3427894;74760;
1084;Hovedstaden;2024-10-23;F;22;0;9;10071;3427916;74769;
1082;Midtjylland;2024-10-23;F;2;0;1;10071;3427918;74770;
1081;Nordjylland;2024-10-23;F;1;1;1;10072;3427919;74771;
1085;Sjælland;2024-10-23;F;5;1;2;10073;3427924;74773;
1083;Syddanmark;2024-10-23;F;7;0;2;10073;3427931;74775;
1084;Hovedstaden;2024-10-23;M;16;1;3;10074;3427947;74778;
1082;Midtjylland;2024-10-23;M;2;0;1;10074;3427949;74779;
1081;Nordjylland;2024-10-23;M;1;0;1;10074;3427950;74780;
1085;Sjælland;2024-10-23;M;6;2;4;10076;3427956;74784;
1083;Syddanmark;2024-10-23;M;8;2;6;10078;3427964;74790;
1084;Hovedstaden;2024-10-24;F;19;1;6;10079;3427983;74796;
1082;Midtjylland;2024-10-24;F;1;0;0;10079;3427984;74796;
1081;Nordjylland;2024-10-24;F;1;0;1;10079;3427985;74797;
1085;Sjælland;2024-10-24;F;5;0;1;10079;3427990;74798;
1083;Syddanmark;2024-10-24;F;3;1;2;10080;3427993;74800;
1084;Hovedstaden;2024-10-24;M;12;1;6;10081;3428005;74806;
1082;Midtjylland;2024-10-24;M;1;0;1;10081;3428006;74807;
1081;Nordjylland;2024-10-24;M;3;0;2;10081;3428009;74809;
1085;Sjælland;2024-10-24;M;3;1;3;10082;3428012;74812;
1083;Syddanmark;2024-10-24;M;5;0;2;10082;3428017;74814;
1084;Hovedstaden;2024-10-25;F;18;0;8;10082;3428035;74822;
1082;Midtjylland;2024-10-25;F;1;0;0;10082;3428036;74822;
1081;Nordjylland;2024-10-25;F;1;0;1;10082;3428037;74823;
1085;Sjælland;2024-10-25;F;7;1;4;10083;3428044;74827;
1083;Syddanmark;2024-10-25;F;8;0;3;10083;3428052;74830;
1084;Hovedstaden;2024-10-25;M;12;1;8;10084;3428064;74838;
1082;Midtjylland;2024-10-25;M;3;0;2;10084;3428067;74840;
1081;Nordjylland;2024-10-25;M;5;1;4;10085;3428072;74844;
1085;Sjælland;2024-10-25;M;8;1;7;10086;3428080;74851;
1083;Syddanmark;2024-10-25;M;7;0;3;10086;3428087;74854;
1084;Hovedstaden;2024-10-26;F;6;0;1;10086;3428093;74855;
1081;Nordjylland;2024-10-26;F;1;0;1;10086;3428094;74856;
1085;Sjælland;2024-10-26;F;4;1;3;10087;3428098;74859;
1083;Syddanmark;2024-10-26;F;2;0;2;10087;3428100;74861;
1084;Hovedstaden;2024-10-26;M;7;0;5;10087;3428107;74866;
1082;Midtjylland;2024-10-26;M;5;0;4;10087;3428112;74870;
1081;Nordjylland;2024-10-26;M;3;0;1;10087;3428115;74871;
1085;Sjælland;2024-10-26;M;2;0;1;10087;3428117;74872;
1083;Syddanmark;2024-10-26;M;4;0;3;10087;3428121;74875;
1084;Hovedstaden;2024-10-27;F;4;0;3;10087;3428125;74878;
1082;Midtjylland;2024-10-27;F;1;0;1;10087;3428126;74879;
1085;Sjælland;2024-10-27;F;4;0;4;10087;3428130;74883;
1083;Syddanmark;2024-10-27;F;4;0;2;10087;3428134;74885;
1084;Hovedstaden;2024-10-27;M;3;1;3;10088;3428137;74888;
1081;Nordjylland;2024-10-27;M;1;0;1;10088;3428138;74889;
1085;Sjælland;2024-10-27;M;8;2;6;10090;3428146;74895;
1083;Syddanmark;2024-10-27;M;3;0;1;10090;3428149;74896;
1084;Hovedstaden;2024-10-28;F;24;1;8;10091;3428173;74904;
1082;Midtjylland;2024-10-28;F;2;0;0;10091;3428175;74904;
1081;Nordjylland;2024-10-28;F;3;0;1;10091;3428178;74905;
1085;Sjælland;2024-10-28;F;6;1;3;10092;3428184;74908;
1083;Syddanmark;2024-10-28;F;9;0;4;10092;3428193;74912;
1084;Hovedstaden;2024-10-28;M;13;0;1;10092;3428206;74913;
1082;Midtjylland;2024-10-28;M;2;0;2;10092;3428208;74915;
1081;Nordjylland;2024-10-28;M;3;0;2;10092;3428211;74917;
1085;Sjælland;2024-10-28;M;6;0;3;10092;3428217;74920;
1083;Syddanmark;2024-10-28;M;5;1;3;10093;3428222;74923;
1084;Hovedstaden;2024-10-29;F;21;0;3;10093;3428243;74926;
1082;Midtjylland;2024-10-29;F;2;0;1;10093;3428245;74927;
1081;Nordjylland;2024-10-29;F;2;1;1;10094;3428247;74928;
1085;Sjælland;2024-10-29;F;5;1;2;10095;3428252;74930;
1083;Syddanmark;2024-10-29;F;5;0;1;10095;3428257;74931;
1084;Hovedstaden;2024-10-29;M;21;0;12;10095;3428278;74943;
1082;Midtjylland;2024-10-29;M;4;0;3;10095;3428282;74946;
1081;Nordjylland;2024-10-29;M;2;0;1;10095;3428284;74947;
1085;Sjælland;2024-10-29;M;7;1;3;10096;3428291;74950;
1083;Syddanmark;2024-10-29;M;8;1;6;10097;3428299;74956;
1084;Hovedstaden;2024-10-30;F;11;0;2;10097;3428310;74958;
1082;Midtjylland;2024-10-30;F;2;0;0;10097;3428312;74958;
1081;Nordjylland;2024-10-30;F;3;0;3;10097;3428315;74961;
1085;Sjælland;2024-10-30;F;3;0;2;10097;3428318;74963;
1083;Syddanmark;2024-10-30;F;9;1;5;10098;3428327;74968;
1084;Hovedstaden;2024-10-30;M;11;1;3;10099;3428338;74971;
1082;Midtjylland;2024-10-30;M;1;0;1;10099;3428339;74972;
1081;Nordjylland;2024-10-30;M;3;0;2;10099;3428342;74974;
1085;Sjælland;2024-10-30;M;10;0;5;10099;3428352;74979;
1083;Syddanmark;2024-10-30;M;4;1;3;10100;3428356;74982;
1084;Hovedstaden;2024-10-31;F;13;0;3;10100;3428369;74985;
1082;Midtjylland;2024-10-31;F;5;0;1;10100;3428374;74986;
1085;Sjælland;2024-10-31;F;5;3;2;10103;3428379;74988;
1083;Syddanmark;2024-10-31;F;4;0;3;10103;3428383;74991;
1084;Hovedstaden;2024-10-31;M;9;0;4;10103;3428392;74995;
1082;Midtjylland;2024-10-31;M;5;0;4;10103;3428397;74999;
1081;Nordjylland;2024-10-31;M;1;0;1;10103;3428398;75000;
1085;Sjælland;2024-10-31;M;3;0;3;10103;3428401;75003;
1083;Syddanmark;2024-10-31;M;3;1;3;10104;3428404;75006;
1084;Hovedstaden;2024-11-01;F;17;2;4;10106;3428421;75010;
1085;Sjælland;2024-11-01;F;1;0;1;10106;3428422;75011;
1083;Syddanmark;2024-11-01;F;4;0;1;10106;3428426;75012;
1084;Hovedstaden;2024-11-01;M;9;0;4;10106;3428435;75016;
1085;Sjælland;2024-11-01;M;6;0;5;10106;3428441;75021;
1083;Syddanmark;2024-11-01;M;3;0;3;10106;3428444;75024;
1084;Hovedstaden;2024-11-02;F;9;0;9;10106;3428453;75033;
1082;Midtjylland;2024-11-02;F;3;0;1;10106;3428456;75034;
1081;Nordjylland;2024-11-02;F;1;0;0;10106;3428457;75034;
1083;Syddanmark;2024-11-02;F;1;0;1;10106;3428458;75035;
1084;Hovedstaden;2024-11-02;M;6;0;4;10106;3428464;75039;
1082;Midtjylland;2024-11-02;M;1;0;1;10106;3428465;75040;
1085;Sjælland;2024-11-02;M;3;1;3;10107;3428468;75043;
1083;Syddanmark;2024-11-02;M;3;0;3;10107;3428471;75046;
1084;Hovedstaden;2024-11-03;F;7;1;4;10108;3428478;75050;
1082;Midtjylland;2024-11-03;F;1;0;0;10108;3428479;75050;
1085;Sjælland;2024-11-03;F;3;0;3;10108;3428482;75053;
1083;Syddanmark;2024-11-03;F;2;0;1;10108;3428484;75054;
1084;Hovedstaden;2024-11-03;M;4;2;3;10110;3428488;75057;
1082;Midtjylland;2024-11-03;M;1;0;1;10110;3428489;75058;
1081;Nordjylland;2024-11-03;M;6;1;5;10111;3428495;75063;
1085;Sjælland;2024-11-03;M;2;0;1;10111;3428497;75064;
1083;Syddanmark;2024-11-03;M;4;0;4;10111;3428501;75068;
1084;Hovedstaden;2024-11-04;F;18;0;7;10111;3428519;75075;
1082;Midtjylland;2024-11-04;F;1;0;0;10111;3428520;75075;
1081;Nordjylland;2024-11-04;F;1;1;1;10112;3428521;75076;
1085;Sjælland;2024-11-04;F;3;0;2;10112;3428524;75078;
1083;Syddanmark;2024-11-04;F;6;0;2;10112;3428530;75080;
1084;Hovedstaden;2024-11-04;M;11;0;2;10112;3428541;75082;
1082;Midtjylland;2024-11-04;M;2;0;1;10112;3428543;75083;
1081;Nordjylland;2024-11-04;M;1;0;1;10112;3428544;75084;
1085;Sjælland;2024-11-04;M;4;0;2;10112;3428548;75086;
1083;Syddanmark;2024-11-04;M;2;0;1;10112;3428550;75087;
1084;Hovedstaden;2024-11-05;F;11;0;3;10112;3428561;75090;
1082;Midtjylland;2024-11-05;F;1;0;0;10112;3428562;75090;
1081;Nordjylland;2024-11-05;F;1;0;1;10112;3428563;75091;
1085;Sjælland;2024-11-05;F;4;0;2;10112;3428567;75093;
1083;Syddanmark;2024-11-05;F;3;0;1;10112;3428570;75094;
1084;Hovedstaden;2024-11-05;M;10;0;1;10112;3428580;75095;
1082;Midtjylland;2024-11-05;M;3;0;1;10112;3428583;75096;
1081;Nordjylland;2024-11-05;M;2;0;1;10112;3428585;75097;
1085;Sjælland;2024-11-05;M;4;0;4;10112;3428589;75101;
1083;Syddanmark;2024-11-05;M;4;0;1;10112;3428593;75102;
1084;Hovedstaden;2024-11-06;F;9;0;1;10112;3428602;75103;
1082;Midtjylland;2024-11-06;F;1;0;0;10112;3428603;75103;
1081;Nordjylland;2024-11-06;F;2;0;1;10112;3428605;75104;
1085;Sjælland;2024-11-06;F;7;0;2;10112;3428612;75106;
1083;Syddanmark;2024-11-06;F;2;0;0;10112;3428614;75106;
1084;Hovedstaden;2024-11-06;M;14;0;6;10112;3428628;75112;
1082;Midtjylland;2024-11-06;M;2;0;0;10112;3428630;75112;
1081;Nordjylland;2024-11-06;M;1;0;1;10112;3428631;75113;
1085;Sjælland;2024-11-06;M;3;1;2;10113;3428634;75115;
1083;Syddanmark;2024-11-06;M;5;0;5;10113;3428639;75120;
1084;Hovedstaden;2024-11-07;F;16;0;3;10113;3428655;75123;
1081;Nordjylland;2024-11-07;F;4;0;2;10113;3428659;75125;
1085;Sjælland;2024-11-07;F;7;0;4;10113;3428666;75129;
1083;Syddanmark;2024-11-07;F;6;0;4;10113;3428672;75133;
1084;Hovedstaden;2024-11-07;M;8;0;1;10113;3428680;75134;
1082;Midtjylland;2024-11-07;M;1;0;0;10113;3428681;75134;
1085;Sjælland;2024-11-07;M;5;0;4;10113;3428686;75138;
1083;Syddanmark;2024-11-07;M;5;0;3;10113;3428691;75141;
1084;Hovedstaden;2024-11-08;F;11;2;4;10115;3428702;75145;
1082;Midtjylland;2024-11-08;F;1;0;0;10115;3428703;75145;
1085;Sjælland;2024-11-08;F;3;0;3;10115;3428706;75148;
1083;Syddanmark;2024-11-08;F;4;0;2;10115;3428710;75150;
1084;Hovedstaden;2024-11-08;M;8;1;3;10116;3428718;75153;
1082;Midtjylland;2024-11-08;M;2;0;1;10116;3428720;75154;
1081;Nordjylland;2024-11-08;M;1;0;1;10116;3428721;75155;
1085;Sjælland;2024-11-08;M;5;1;2;10117;3428726;75157;
1083;Syddanmark;2024-11-08;M;5;0;2;10117;3428731;75159;
1084;Hovedstaden;2024-11-09;F;5;2;2;10119;3428736;75161;
1085;Sjælland;2024-11-09;F;1;0;0;10119;3428737;75161;
1083;Syddanmark;2024-11-09;F;2;0;2;10119;3428739;75163;
1084;Hovedstaden;2024-11-09;M;6;0;3;10119;3428745;75166;
1082;Midtjylland;2024-11-09;M;1;0;1;10119;3428746;75167;
1085;Sjælland;2024-11-09;M;4;1;4;10120;3428750;75171;
1083;Syddanmark;2024-11-09;M;2;1;2;10121;3428752;75173;
1084;Hovedstaden;2024-11-10;F;3;0;1;10121;3428755;75174;
1085;Sjælland;2024-11-10;F;5;1;4;10122;3428760;75178;
1084;Hovedstaden;2024-11-10;M;10;1;4;10123;3428770;75182;
1081;Nordjylland;2024-11-10;M;1;1;1;10124;3428771;75183;
1085;Sjælland;2024-11-10;M;1;0;1;10124;3428772;75184;
1083;Syddanmark;2024-11-10;M;3;0;3;10124;3428775;75187;
1084;Hovedstaden;2024-11-11;F;11;0;4;10124;3428786;75191;
1082;Midtjylland;2024-11-11;F;2;0;0;10124;3428788;75191;
1085;Sjælland;2024-11-11;F;7;1;3;10125;3428795;75194;
1083;Syddanmark;2024-11-11;F;4;0;3;10125;3428799;75197;
1084;Hovedstaden;2024-11-11;M;15;0;4;10125;3428814;75201;
1082;Midtjylland;2024-11-11;M;3;0;1;10125;3428817;75202;
1081;Nordjylland;2024-11-11;M;1;0;0;10125;3428818;75202;
1085;Sjælland;2024-11-11;M;2;1;1;10126;3428820;75203;
1083;Syddanmark;2024-11-11;M;6;1;3;10127;3428826;75206;
1084;Hovedstaden;2024-11-12;F;14;0;4;10127;3428840;75210;
1085;Sjælland;2024-11-12;F;4;0;2;10127;3428844;75212;
1083;Syddanmark;2024-11-12;F;2;0;1;10127;3428846;75213;
1084;Hovedstaden;2024-11-12;M;4;0;0;10127;3428850;75213;
1082;Midtjylland;2024-11-12;M;2;0;1;10127;3428852;75214;
1081;Nordjylland;2024-11-12;M;2;0;1;10127;3428854;75215;
1085;Sjælland;2024-11-12;M;5;0;1;10127;3428859;75216;
1083;Syddanmark;2024-11-12;M;4;0;2;10127;3428863;75218;
1084;Hovedstaden;2024-11-13;F;19;1;1;10128;3428882;75219;
1082;Midtjylland;2024-11-13;F;3;0;2;10128;3428885;75221;
1081;Nordjylland;2024-11-13;F;3;0;1;10128;3428888;75222;
1085;Sjælland;2024-11-13;F;3;0;0;10128;3428891;75222;
1083;Syddanmark;2024-11-13;F;2;0;0;10128;3428893;75222;
1084;Hovedstaden;2024-11-13;M;11;0;0;10128;3428904;75222;
1085;Sjælland;2024-11-13;M;3;0;2;10128;3428907;75224;
1083;Syddanmark;2024-11-13;M;3;1;1;10129;3428910;75225;
1084;Hovedstaden;2024-11-14;F;5;0;0;10129;3428915;75225;
1082;Midtjylland;2024-11-14;F;2;0;1;10129;3428917;75226;
1085;Sjælland;2024-11-14;F;5;0;2;10129;3428922;75228;
1083;Syddanmark;2024-11-14;F;9;0;5;10129;3428931;75233;
1084;Hovedstaden;2024-11-14;M;14;0;8;10129;3428945;75241;
1082;Midtjylland;2024-11-14;M;2;0;2;10129;3428947;75243;
1085;Sjælland;2024-11-14;M;4;0;3;10129;3428951;75246;
1083;Syddanmark;2024-11-14;M;5;0;3;10129;3428956;75249;
1084;Hovedstaden;2024-11-15;F;11;0;1;10129;3428967;75250;
1081;Nordjylland;2024-11-15;F;1;0;1;10129;3428968;75251;
1085;Sjælland;2024-11-15;F;4;0;2;10129;3428972;75253;
1083;Syddanmark;2024-11-15;F;3;0;1;10129;3428975;75254;
1084;Hovedstaden;2024-11-15;M;7;0;3;10129;3428982;75257;
1085;Sjælland;2024-11-15;M;7;0;4;10129;3428989;75261;
1083;Syddanmark;2024-11-15;M;5;0;4;10129;3428994;75265;
1084;Hovedstaden;2024-11-16;F;2;1;1;10130;3428996;75266;
1082;Midtjylland;2024-11-16;F;2;0;1;10130;3428998;75267;
1085;Sjælland;2024-11-16;F;2;0;2;10130;3429000;75269;
1085;Sjælland;2024-11-16;M;5;1;2;10131;3429005;75271;
1083;Syddanmark;2024-11-16;M;1;0;0;10131;3429006;75271;
1084;Hovedstaden;2024-11-17;F;8;0;3;10131;3429014;75274;
1082;Midtjylland;2024-11-17;F;1;1;1;10132;3429015;75275;
1085;Sjælland;2024-11-17;F;2;0;2;10132;3429017;75277;
1084;Hovedstaden;2024-11-17;M;3;0;3;10132;3429020;75280;
1085;Sjælland;2024-11-17;M;5;1;5;10133;3429025;75285;
1083;Syddanmark;2024-11-17;M;1;0;1;10133;3429026;75286;
1084;Hovedstaden;2024-11-18;F;17;0;2;10133;3429043;75288;
1082;Midtjylland;2024-11-18;F;4;0;0;10133;3429047;75288;
1085;Sjælland;2024-11-18;F;5;1;3;10134;3429052;75291;
1083;Syddanmark;2024-11-18;F;2;0;1;10134;3429054;75292;
1084;Hovedstaden;2024-11-18;M;6;0;1;10134;3429060;75293;
1082;Midtjylland;2024-11-18;M;1;0;0;10134;3429061;75293;
1085;Sjælland;2024-11-18;M;5;0;4;10134;3429066;75297;
1083;Syddanmark;2024-11-18;M;5;0;2;10134;3429071;75299;
1084;Hovedstaden;2024-11-19;F;6;0;0;10134;3429077;75299;
1085;Sjælland;2024-11-19;F;3;1;2;10135;3429080;75301;
1083;Syddanmark;2024-11-19;F;2;0;2;10135;3429082;75303;
1084;Hovedstaden;2024-11-19;M;9;0;2;10135;3429091;75305;
1082;Midtjylland;2024-11-19;M;1;0;1;10135;3429092;75306;
1085;Sjælland;2024-11-19;M;3;0;3;10135;3429095;75309;
1083;Syddanmark;2024-11-19;M;3;1;2;10136;3429098;75311;
1084;Hovedstaden;2024-11-20;F;8;1;3;10137;3429106;75314;
1082;Midtjylland;2024-11-20;F;1;0;0;10137;3429107;75314;
1085;Sjælland;2024-11-20;F;6;0;2;10137;3429113;75316;
1083;Syddanmark;2024-11-20;F;2;0;1;10137;3429115;75317;
1084;Hovedstaden;2024-11-20;M;6;0;1;10137;3429121;75318;
1081;Nordjylland;2024-11-20;M;3;0;1;10137;3429124;75319;
1085;Sjælland;2024-11-20;M;4;0;2;10137;3429128;75321;
1083;Syddanmark;2024-11-20;M;3;0;1;10137;3429131;75322;
1084;Hovedstaden;2024-11-21;F;17;0;4;10137;3429148;75326;
1082;Midtjylland;2024-11-21;F;2;0;0;10137;3429150;75326;
1081;Nordjylland;2024-11-21;F;1;0;0;10137;3429151;75326;
1085;Sjælland;2024-11-21;F;3;0;2;10137;3429154;75328;
1083;Syddanmark;2024-11-21;F;1;0;0;10137;3429155;75328;
1084;Hovedstaden;2024-11-21;M;7;0;4;10137;3429162;75332;
1082;Midtjylland;2024-11-21;M;2;0;2;10137;3429164;75334;
1081;Nordjylland;2024-11-21;M;1;0;0;10137;3429165;75334;
1085;Sjælland;2024-11-21;M;6;1;4;10138;3429171;75338;
1083;Syddanmark;2024-11-21;M;4;0;3;10138;3429175;75341;
1084;Hovedstaden;2024-11-22;F;10;0;4;10138;3429185;75345;
1082;Midtjylland;2024-11-22;F;2;0;0;10138;3429187;75345;
1081;Nordjylland;2024-11-22;F;1;0;1;10138;3429188;75346;
1085;Sjælland;2024-11-22;F;5;0;2;10138;3429193;75348;
1083;Syddanmark;2024-11-22;F;2;0;1;10138;3429195;75349;
1084;Hovedstaden;2024-11-22;M;8;0;3;10138;3429203;75352;
1082;Midtjylland;2024-11-22;M;2;0;1;10138;3429205;75353;
1085;Sjælland;2024-11-22;M;3;0;2;10138;3429208;75355;
1083;Syddanmark;2024-11-22;M;3;0;2;10138;3429211;75357;
1084;Hovedstaden;2024-11-23;F;8;0;6;10138;3429219;75363;
1082;Midtjylland;2024-11-23;F;1;0;0;10138;3429220;75363;
1081;Nordjylland;2024-11-23;F;1;0;0;10138;3429221;75363;
1085;Sjælland;2024-11-23;F;2;1;2;10139;3429223;75365;
1084;Hovedstaden;2024-11-23;M;6;0;3;10139;3429229;75368;
1082;Midtjylland;2024-11-23;M;1;0;1;10139;3429230;75369;
1085;Sjælland;2024-11-23;M;1;0;1;10139;3429231;75370;
1083;Syddanmark;2024-11-23;M;3;0;2;10139;3429234;75372;
1084;Hovedstaden;2024-11-24;F;7;0;5;10139;3429241;75377;
1081;Nordjylland;2024-11-24;F;1;0;0;10139;3429242;75377;
1085;Sjælland;2024-11-24;F;3;0;1;10139;3429245;75378;
1083;Syddanmark;2024-11-24;F;2;0;2;10139;3429247;75380;
1084;Hovedstaden;2024-11-24;M;4;0;3;10139;3429251;75383;
1085;Sjælland;2024-11-24;M;4;0;3;10139;3429255;75386;
1083;Syddanmark;2024-11-24;M;2;0;2;10139;3429257;75388;
1084;Hovedstaden;2024-11-25;F;16;0;1;10139;3429273;75389;
1082;Midtjylland;2024-11-25;F;2;0;2;10139;3429275;75391;
1081;Nordjylland;2024-11-25;F;1;0;1;10139;3429276;75392;
1085;Sjælland;2024-11-25;F;8;2;6;10141;3429284;75398;
1083;Syddanmark;2024-11-25;F;5;0;3;10141;3429289;75401;
1084;Hovedstaden;2024-11-25;M;7;0;2;10141;3429296;75403;
1082;Midtjylland;2024-11-25;M;1;0;0;10141;3429297;75403;
1081;Nordjylland;2024-11-25;M;1;0;0;10141;3429298;75403;
1085;Sjælland;2024-11-25;M;2;0;0;10141;3429300;75403;
1083;Syddanmark;2024-11-25;M;2;0;2;10141;3429302;75405;
1084;Hovedstaden;2024-11-26;F;11;0;2;10141;3429313;75407;
1085;Sjælland;2024-11-26;F;3;0;1;10141;3429316;75408;
1083;Syddanmark;2024-11-26;F;1;0;1;10141;3429317;75409;
1084;Hovedstaden;2024-11-26;M;8;1;2;10142;3429325;75411;
1082;Midtjylland;2024-11-26;M;2;0;0;10142;3429327;75411;
1085;Sjælland;2024-11-26;M;5;2;3;10144;3429332;75414;
1083;Syddanmark;2024-11-26;M;1;0;0;10144;3429333;75414;
1084;Hovedstaden;2024-11-27;F;12;0;1;10144;3429345;75415;
1082;Midtjylland;2024-11-27;F;1;0;0;10144;3429346;75415;
1085;Sjælland;2024-11-27;F;5;0;3;10144;3429351;75418;
1083;Syddanmark;2024-11-27;F;4;0;1;10144;3429355;75419;
1084;Hovedstaden;2024-11-27;M;8;0;1;10144;3429363;75420;
1082;Midtjylland;2024-11-27;M;1;0;1;10144;3429364;75421;
1081;Nordjylland;2024-11-27;M;1;0;0;10144;3429365;75421;
1085;Sjælland;2024-11-27;M;7;1;5;10145;3429372;75426;
1083;Syddanmark;2024-11-27;M;4;0;4;10145;3429376;75430;
1084;Hovedstaden;2024-11-28;F;10;0;3;10145;3429386;75433;
1082;Midtjylland;2024-11-28;F;1;0;0;10145;3429387;75433;
1085;Sjælland;2024-11-28;F;5;0;3;10145;3429392;75436;
1083;Syddanmark;2024-11-28;F;2;0;2;10145;3429394;75438;
1084;Hovedstaden;2024-11-28;M;7;0;1;10145;3429401;75439;
1082;Midtjylland;2024-11-28;M;1;0;0;10145;3429402;75439;
1081;Nordjylland;2024-11-28;M;1;0;1;10145;3429403;75440;
1085;Sjælland;2024-11-28;M;6;0;5;10145;3429409;75445;
1083;Syddanmark;2024-11-28;M;1;0;0;10145;3429410;75445;
1084;Hovedstaden;2024-11-29;F;13;0;2;10145;3429423;75447;
1082;Midtjylland;2024-11-29;F;2;0;0;10145;3429425;75447;
1085;Sjælland;2024-11-29;F;4;0;3;10145;3429429;75450;
1083;Syddanmark;2024-11-29;F;3;0;1;10145;3429432;75451;
1084;Hovedstaden;2024-11-29;M;12;0;3;10145;3429444;75454;
1082;Midtjylland;2024-11-29;M;2;0;1;10145;3429446;75455;
1081;Nordjylland;2024-11-29;M;1;1;1;10146;3429447;75456;
1085;Sjælland;2024-11-29;M;6;0;5;10146;3429453;75461;
1083;Syddanmark;2024-11-29;M;2;0;1;10146;3429455;75462;
1084;Hovedstaden;2024-11-30;F;4;0;2;10146;3429459;75464;
1085;Sjælland;2024-11-30;F;5;0;4;10146;3429464;75468;
1084;Hovedstaden;2024-11-30;M;6;0;3;10146;3429470;75471;
1082;Midtjylland;2024-11-30;M;1;0;1;10146;3429471;75472;
1085;Sjælland;2024-11-30;M;5;0;3;10146;3429476;75475;
1083;Syddanmark;2024-11-30;M;2;0;1;10146;3429478;75476;
1084;Hovedstaden;2024-12-01;F;4;1;3;10147;3429482;75479;
1081;Nordjylland;2024-12-01;F;1;0;0;10147;3429483;75479;
1085;Sjælland;2024-12-01;F;2;0;2;10147;3429485;75481;
1083;Syddanmark;2024-12-01;F;3;0;2;10147;3429488;75483;
1084;Hovedstaden;2024-12-01;M;6;0;4;10147;3429494;75487;
1082;Midtjylland;2024-12-01;M;1;0;1;10147;3429495;75488;
1085;Sjælland;2024-12-01;M;3;0;3;10147;3429498;75491;
1083;Syddanmark;2024-12-01;M;2;0;2;10147;3429500;75493;
1084;Hovedstaden;2024-12-02;F;13;0;1;10147;3429513;75494;
1082;Midtjylland;2024-12-02;F;2;0;0;10147;3429515;75494;
1081;Nordjylland;2024-12-02;F;3;0;2;10147;3429518;75496;
1085;Sjælland;2024-12-02;F;6;0;1;10147;3429524;75497;
1083;Syddanmark;2024-12-02;F;5;0;2;10147;3429529;75499;
1084;Hovedstaden;2024-12-02;M;14;0;5;10147;3429543;75504;
1082;Midtjylland;2024-12-02;M;2;0;2;10147;3429545;75506;
1081;Nordjylland;2024-12-02;M;1;0;1;10147;3429546;75507;
1085;Sjælland;2024-12-02;M;4;0;3;10147;3429550;75510;
1083;Syddanmark;2024-12-02;M;1;1;1;10148;3429551;75511;
1084;Hovedstaden;2024-12-03;F;18;0;5;10148;3429569;75516;
1081;Nordjylland;2024-12-03;F;1;1;1;10149;3429570;75517;
1085;Sjælland;2024-12-03;F;7;1;2;10150;3429577;75519;
1083;Syddanmark;2024-12-03;F;2;0;0;10150;3429579;75519;
1084;Hovedstaden;2024-12-03;M;16;0;8;10150;3429595;75527;
1082;Midtjylland;2024-12-03;M;3;0;2;10150;3429598;75529;
1085;Sjælland;2024-12-03;M;4;0;4;10150;3429602;75533;
1083;Syddanmark;2024-12-03;M;3;1;3;10151;3429605;75536;
1084;Hovedstaden;2024-12-04;F;14;1;4;10152;3429619;75540;
1082;Midtjylland;2024-12-04;F;4;0;1;10152;3429623;75541;
1085;Sjælland;2024-12-04;F;5;1;1;10153;3429628;75542;
1083;Syddanmark;2024-12-04;F;4;0;2;10153;3429632;75544;
1084;Hovedstaden;2024-12-04;M;11;0;2;10153;3429643;75546;
1082;Midtjylland;2024-12-04;M;2;0;2;10153;3429645;75548;
1085;Sjælland;2024-12-04;M;6;0;3;10153;3429651;75551;
1083;Syddanmark;2024-12-04;M;1;0;0;10153;3429652;75551;
1084;Hovedstaden;2024-12-05;F;13;0;2;10153;3429665;75553;
1085;Sjælland;2024-12-05;F;6;0;3;10153;3429671;75556;
1083;Syddanmark;2024-12-05;F;4;0;1;10153;3429675;75557;
1084;Hovedstaden;2024-12-05;M;12;0;4;10153;3429687;75561;
1082;Midtjylland;2024-12-05;M;4;0;4;10153;3429691;75565;
1081;Nordjylland;2024-12-05;M;1;0;1;10153;3429692;75566;
1085;Sjælland;2024-12-05;M;4;0;3;10153;3429696;75569;
1084;Hovedstaden;2024-12-06;F;18;0;4;10153;3429714;75573;
1082;Midtjylland;2024-12-06;F;4;1;2;10154;3429718;75575;
1083;Syddanmark;2024-12-06;F;3;0;1;10154;3429721;75576;
1084;Hovedstaden;2024-12-06;M;5;0;2;10154;3429726;75578;
1081;Nordjylland;2024-12-06;M;3;1;3;10155;3429729;75581;
1085;Sjælland;2024-12-06;M;5;0;4;10155;3429734;75585;
1083;Syddanmark;2024-12-06;M;7;1;5;10156;3429741;75590;
1084;Hovedstaden;2024-12-07;F;12;1;7;10157;3429753;75597;
1082;Midtjylland;2024-12-07;F;1;0;0;10157;3429754;75597;
1085;Sjælland;2024-12-07;F;1;0;1;10157;3429755;75598;
1083;Syddanmark;2024-12-07;F;2;0;2;10157;3429757;75600;
1084;Hovedstaden;2024-12-07;M;4;1;3;10158;3429761;75603;
1081;Nordjylland;2024-12-07;M;1;0;1;10158;3429762;75604;
1085;Sjælland;2024-12-07;M;4;0;4;10158;3429766;75608;
1083;Syddanmark;2024-12-07;M;4;1;4;10159;3429770;75612;
1084;Hovedstaden;2024-12-08;F;3;1;2;10160;3429773;75614;
1082;Midtjylland;2024-12-08;F;1;0;1;10160;3429774;75615;
1081;Nordjylland;2024-12-08;F;1;0;1;10160;3429775;75616;
1085;Sjælland;2024-12-08;F;3;0;2;10160;3429778;75618;
1083;Syddanmark;2024-12-08;F;2;0;2;10160;3429780;75620;
1084;Hovedstaden;2024-12-08;M;9;2;6;10162;3429789;75626;
1082;Midtjylland;2024-12-08;M;3;1;3;10163;3429792;75629;
1081;Nordjylland;2024-12-08;M;1;0;1;10163;3429793;75630;
1085;Sjælland;2024-12-08;M;1;0;0;10163;3429794;75630;
1083;Syddanmark;2024-12-08;M;5;0;4;10163;3429799;75634;
1084;Hovedstaden;2024-12-09;F;17;0;3;10163;3429816;75637;
1085;Sjælland;2024-12-09;F;7;0;1;10163;3429823;75638;
1083;Syddanmark;2024-12-09;F;2;0;1;10163;3429825;75639;
1084;Hovedstaden;2024-12-09;M;12;2;7;10165;3429837;75646;
1082;Midtjylland;2024-12-09;M;1;0;1;10165;3429838;75647;
1085;Sjælland;2024-12-09;M;4;0;2;10165;3429842;75649;
1083;Syddanmark;2024-12-09;M;2;0;1;10165;3429844;75650;
1084;Hovedstaden;2024-12-10;F;12;0;1;10165;3429856;75651;
1082;Midtjylland;2024-12-10;F;3;0;2;10165;3429859;75653;
1085;Sjælland;2024-12-10;F;4;0;1;10165;3429863;75654;
1083;Syddanmark;2024-12-10;F;2;0;0;10165;3429865;75654;
1084;Hovedstaden;2024-12-10;M;6;1;2;10166;3429871;75656;
1082;Midtjylland;2024-12-10;M;3;0;1;10166;3429874;75657;
1085;Sjælland;2024-12-10;M;3;0;1;10166;3429877;75658;
1083;Syddanmark;2024-12-10;M;3;0;1;10166;3429880;75659;
1084;Hovedstaden;2024-12-11;F;24;0;5;10166;3429904;75664;
1082;Midtjylland;2024-12-11;F;1;0;1;10166;3429905;75665;
1085;Sjælland;2024-12-11;F;5;1;3;10167;3429910;75668;
1083;Syddanmark;2024-12-11;F;6;0;5;10167;3429916;75673;
1084;Hovedstaden;2024-12-11;M;14;2;5;10169;3429930;75678;
1085;Sjælland;2024-12-11;M;4;0;2;10169;3429934;75680;
1083;Syddanmark;2024-12-11;M;4;1;3;10170;3429938;75683;
1084;Hovedstaden;2024-12-12;F;11;1;3;10171;3429949;75686;
1082;Midtjylland;2024-12-12;F;3;0;0;10171;3429952;75686;
1081;Nordjylland;2024-12-12;F;1;0;1;10171;3429953;75687;
1085;Sjælland;2024-12-12;F;7;1;2;10172;3429960;75689;
1083;Syddanmark;2024-12-12;F;3;0;1;10172;3429963;75690;
1084;Hovedstaden;2024-12-12;M;13;0;3;10172;3429976;75693;
1082;Midtjylland;2024-12-12;M;1;0;0;10172;3429977;75693;
1081;Nordjylland;2024-12-12;M;1;1;1;10173;3429978;75694;
1085;Sjælland;2024-12-12;M;7;2;6;10175;3429985;75700;
1083;Syddanmark;2024-12-12;M;4;0;2;10175;3429989;75702;
1084;Hovedstaden;2024-12-13;F;15;1;6;10176;3430004;75708;
1082;Midtjylland;2024-12-13;F;2;0;2;10176;3430006;75710;
1085;Sjælland;2024-12-13;F;6;0;2;10176;3430012;75712;
1083;Syddanmark;2024-12-13;F;3;0;1;10176;3430015;75713;
1084;Hovedstaden;2024-12-13;M;11;1;4;10177;3430026;75717;
1082;Midtjylland;2024-12-13;M;4;0;1;10177;3430030;75718;
1081;Nordjylland;2024-12-13;M;1;0;0;10177;3430031;75718;
1085;Sjælland;2024-12-13;M;7;1;5;10178;3430038;75723;
1083;Syddanmark;2024-12-13;M;6;0;3;10178;3430044;75726;
1084;Hovedstaden;2024-12-14;F;6;1;4;10179;3430050;75730;
1081;Nordjylland;2024-12-14;F;2;0;2;10179;3430052;75732;
1085;Sjælland;2024-12-14;F;4;0;1;10179;3430056;75733;
1084;Hovedstaden;2024-12-14;M;6;0;4;10179;3430062;75737;
1082;Midtjylland;2024-12-14;M;2;0;2;10179;3430064;75739;
1081;Nordjylland;2024-12-14;M;1;0;0;10179;3430065;75739;
1083;Syddanmark;2024-12-14;M;2;0;2;10179;3430067;75741;
1084;Hovedstaden;2024-12-15;F;9;2;8;10181;3430076;75749;
1082;Midtjylland;2024-12-15;F;1;0;1;10181;3430077;75750;
1081;Nordjylland;2024-12-15;F;1;0;1;10181;3430078;75751;
1085;Sjælland;2024-12-15;F;4;0;2;10181;3430082;75753;
1083;Syddanmark;2024-12-15;F;4;0;4;10181;3430086;75757;
1084;Hovedstaden;2024-12-15;M;3;0;3;10181;3430089;75760;
1082;Midtjylland;2024-12-15;M;1;0;1;10181;3430090;75761;
1081;Nordjylland;2024-12-15;M;2;0;2;10181;3430092;75763;
1085;Sjælland;2024-12-15;M;4;0;4;10181;3430096;75767;
1083;Syddanmark;2024-12-15;M;1;0;1;10181;3430097;75768;
1084;Hovedstaden;2024-12-16;F;23;0;4;10181;3430120;75772;
1082;Midtjylland;2024-12-16;F;3;0;1;10181;3430123;75773;
1085;Sjælland;2024-12-16;F;3;0;2;10181;3430126;75775;
1083;Syddanmark;2024-12-16;F;2;0;2;10181;3430128;75777;
1084;Hovedstaden;2024-12-16;M;16;0;6;10181;3430144;75783;
1082;Midtjylland;2024-12-16;M;2;0;1;10181;3430146;75784;
1081;Nordjylland;2024-12-16;M;1;0;1;10181;3430147;75785;
1085;Sjælland;2024-12-16;M;6;0;3;10181;3430153;75788;
1083;Syddanmark;2024-12-16;M;6;1;6;10182;3430159;75794;
1084;Hovedstaden;2024-12-17;F;22;0;6;10182;3430181;75800;
1082;Midtjylland;2024-12-17;F;5;0;1;10182;3430186;75801;
1081;Nordjylland;2024-12-17;F;2;0;2;10182;3430188;75803;
1085;Sjælland;2024-12-17;F;3;0;3;10182;3430191;75806;
1083;Syddanmark;2024-12-17;F;2;0;2;10182;3430193;75808;
1084;Hovedstaden;2024-12-17;M;13;0;4;10182;3430206;75812;
1081;Nordjylland;2024-12-17;M;3;0;3;10182;3430209;75815;
1085;Sjælland;2024-12-17;M;7;2;4;10184;3430216;75819;
1083;Syddanmark;2024-12-17;M;2;1;2;10185;3430218;75821;
1084;Hovedstaden;2024-12-18;F;14;0;5;10185;3430232;75826;
1082;Midtjylland;2024-12-18;F;2;0;2;10185;3430234;75828;
1081;Nordjylland;2024-12-18;F;1;0;1;10185;3430235;75829;
1085;Sjælland;2024-12-18;F;5;0;3;10185;3430240;75832;
1083;Syddanmark;2024-12-18;F;3;0;0;10185;3430243;75832;
1084;Hovedstaden;2024-12-18;M;14;0;3;10185;3430257;75835;
1085;Sjælland;2024-12-18;M;3;0;1;10185;3430260;75836;
1083;Syddanmark;2024-12-18;M;6;0;4;10185;3430266;75840;
1084;Hovedstaden;2024-12-19;F;18;1;3;10186;3430284;75843;
1082;Midtjylland;2024-12-19;F;1;0;0;10186;3430285;75843;
1085;Sjælland;2024-12-19;F;4;1;1;10187;3430289;75844;
1083;Syddanmark;2024-12-19;F;3;0;2;10187;3430292;75846;
1084;Hovedstaden;2024-12-19;M;20;2;9;10189;3430312;75855;
1081;Nordjylland;2024-12-19;M;3;0;3;10189;3430315;75858;
1085;Sjælland;2024-12-19;M;6;0;2;10189;3430321;75860;
1084;Hovedstaden;2024-12-20;F;24;1;2;10190;3430345;75862;
1082;Midtjylland;2024-12-20;F;3;0;3;10190;3430348;75865;
1085;Sjælland;2024-12-20;F;7;1;5;10191;3430355;75870;
1083;Syddanmark;2024-12-20;F;3;0;1;10191;3430358;75871;
1084;Hovedstaden;2024-12-20;M;6;1;3;10192;3430364;75874;
1082;Midtjylland;2024-12-20;M;2;0;1;10192;3430366;75875;
1085;Sjælland;2024-12-20;M;7;0;5;10192;3430373;75880;
1083;Syddanmark;2024-12-20;M;1;0;0;10192;3430374;75880;
1084;Hovedstaden;2024-12-21;F;6;0;3;10192;3430380;75883;
1082;Midtjylland;2024-12-21;F;4;0;2;10192;3430384;75885;
1085;Sjælland;2024-12-21;F;3;0;2;10192;3430387;75887;
1083;Syddanmark;2024-12-21;F;4;1;3;10193;3430391;75890;
1084;Hovedstaden;2024-12-21;M;7;1;5;10194;3430398;75895;
1085;Sjælland;2024-12-21;M;2;0;1;10194;3430400;75896;
1083;Syddanmark;2024-12-21;M;4;0;4;10194;3430404;75900;
1084;Hovedstaden;2024-12-22;F;5;0;3;10194;3430409;75903;
1082;Midtjylland;2024-12-22;F;1;1;1;10195;3430410;75904;
1085;Sjælland;2024-12-22;F;2;0;2;10195;3430412;75906;
1083;Syddanmark;2024-12-22;F;1;0;1;10195;3430413;75907;
1084;Hovedstaden;2024-12-22;M;7;0;5;10195;3430420;75912;
1082;Midtjylland;2024-12-22;M;2;1;2;10196;3430422;75914;
1081;Nordjylland;2024-12-22;M;2;0;2;10196;3430424;75916;
1085;Sjælland;2024-12-22;M;3;0;3;10196;3430427;75919;
1084;Hovedstaden;2024-12-23;F;10;1;3;10197;3430437;75922;
1082;Midtjylland;2024-12-23;F;3;0;2;10197;3430440;75924;
1085;Sjælland;2024-12-23;F;7;1;1;10198;3430447;75925;
1083;Syddanmark;2024-12-23;F;4;0;1;10198;3430451;75926;
1084;Hovedstaden;2024-12-23;M;11;1;3;10199;3430462;75929;
1081;Nordjylland;2024-12-23;M;3;0;3;10199;3430465;75932;
1085;Sjælland;2024-12-23;M;2;0;1;10199;3430467;75933;
1083;Syddanmark;2024-12-23;M;2;0;1;10199;3430469;75934;
1084;Hovedstaden;2024-12-24;F;8;1;6;10200;3430477;75940;
1083;Syddanmark;2024-12-24;F;2;0;1;10200;3430479;75941;
1084;Hovedstaden;2024-12-24;M;4;1;3;10201;3430483;75944;
1082;Midtjylland;2024-12-24;M;3;0;3;10201;3430486;75947;
1081;Nordjylland;2024-12-24;M;1;0;0;10201;3430487;75947;
1085;Sjælland;2024-12-24;M;1;0;1;10201;3430488;75948;
1083;Syddanmark;2024-12-24;M;3;1;2;10202;3430491;75950;
1084;Hovedstaden;2024-12-25;F;6;0;1;10202;3430497;75951;
1082;Midtjylland;2024-12-25;F;1;0;1;10202;3430498;75952;
1085;Sjælland;2024-12-25;F;3;0;3;10202;3430501;75955;
1083;Syddanmark;2024-12-25;F;2;0;1;10202;3430503;75956;
1084;Hovedstaden;2024-12-25;M;1;1;1;10203;3430504;75957;
1082;Midtjylland;2024-12-25;M;2;0;2;10203;3430506;75959;
1081;Nordjylland;2024-12-25;M;2;1;2;10204;3430508;75961;
1085;Sjælland;2024-12-25;M;2;0;1;10204;3430510;75962;
1084;Hovedstaden;2024-12-26;F;6;0;3;10204;3430516;75965;
1081;Nordjylland;2024-12-26;F;2;0;2;10204;3430518;75967;
1085;Sjælland;2024-12-26;F;3;0;1;10204;3430521;75968;
1083;Syddanmark;2024-12-26;F;3;0;2;10204;3430524;75970;
1084;Hovedstaden;2024-12-26;M;1;0;1;10204;3430525;75971;
1082;Midtjylland;2024-12-26;M;2;0;1;10204;3430527;75972;
1081;Nordjylland;2024-12-26;M;1;0;1;10204;3430528;75973;
1085;Sjælland;2024-12-26;M;4;0;2;10204;3430532;75975;
1083;Syddanmark;2024-12-26;M;1;0;1;10204;3430533;75976;
1084;Hovedstaden;2024-12-27;F;15;0;7;10204;3430548;75983;
1082;Midtjylland;2024-12-27;F;3;0;2;10204;3430551;75985;
1081;Nordjylland;2024-12-27;F;1;0;0;10204;3430552;75985;
1085;Sjælland;2024-12-27;F;5;1;2;10205;3430557;75987;
1083;Syddanmark;2024-12-27;F;1;0;1;10205;3430558;75988;
1084;Hovedstaden;2024-12-27;M;8;0;1;10205;3430566;75989;
1081;Nordjylland;2024-12-27;M;2;0;0;10205;3430568;75989;
1085;Sjælland;2024-12-27;M;6;2;4;10207;3430574;75993;
1083;Syddanmark;2024-12-27;M;4;1;4;10208;3430578;75997;
1084;Hovedstaden;2024-12-28;F;13;1;8;10209;3430591;76005;
1082;Midtjylland;2024-12-28;F;1;0;1;10209;3430592;76006;
1081;Nordjylland;2024-12-28;F;2;0;0;10209;3430594;76006;
1085;Sjælland;2024-12-28;F;3;0;3;10209;3430597;76009;
1083;Syddanmark;2024-12-28;F;2;0;1;10209;3430599;76010;
1084;Hovedstaden;2024-12-28;M;5;0;1;10209;3430604;76011;
1082;Midtjylland;2024-12-28;M;1;0;1;10209;3430605;76012;
1081;Nordjylland;2024-12-28;M;2;0;2;10209;3430607;76014;
1085;Sjælland;2024-12-28;M;2;0;2;10209;3430609;76016;
1083;Syddanmark;2024-12-28;M;5;0;3;10209;3430614;76019;
1084;Hovedstaden;2024-12-29;F;5;0;2;10209;3430619;76021;
1082;Midtjylland;2024-12-29;F;1;0;1;10209;3430620;76022;
1085;Sjælland;2024-12-29;F;1;0;0;10209;3430621;76022;
1084;Hovedstaden;2024-12-29;M;11;3;8;10212;3430632;76030;
1082;Midtjylland;2024-12-29;M;2;1;2;10213;3430634;76032;
1085;Sjælland;2024-12-29;M;5;0;5;10213;3430639;76037;
1083;Syddanmark;2024-12-29;M;2;1;1;10214;3430641;76038;
1084;Hovedstaden;2024-12-30;F;16;1;3;10215;3430657;76041;
1082;Midtjylland;2024-12-30;F;2;0;1;10215;3430659;76042;
1081;Nordjylland;2024-12-30;F;1;0;0;10215;3430660;76042;
1085;Sjælland;2024-12-30;F;5;1;4;10216;3430665;76046;
1083;Syddanmark;2024-12-30;F;5;0;4;10216;3430670;76050;
1084;Hovedstaden;2024-12-30;M;11;0;4;10216;3430681;76054;
1085;Sjælland;2024-12-30;M;4;1;2;10217;3430685;76056;
1083;Syddanmark;2024-12-30;M;3;1;2;10218;3430688;76058;
1084;Hovedstaden;2024-12-31;F;3;0;2;10218;3430691;76060;
1082;Midtjylland;2024-12-31;F;2;0;2;10218;3430693;76062;
1083;Syddanmark;2024-12-31;F;2;0;1;10218;3430695;76063;
1084;Hovedstaden;2024-12-31;M;3;0;1;10218;3430698;76064;
1082;Midtjylland;2024-12-31;M;2;0;2;10218;3430700;76066;
1085;Sjælland;2024-12-31;M;3;0;1;10218;3430703;76067;
1083;Syddanmark;2024-12-31;M;2;1;2;10219;3430705;76069;
1084;Hovedstaden;2025-01-01;F;4;0;2;10219;3430709;76071;
1082;Midtjylland;2025-01-01;F;1;0;1;10219;3430710;76072;
1083;Syddanmark;2025-01-01;F;1;0;1;10219;3430711;76073;
1084;Hovedstaden;2025-01-01;M;7;0;4;10219;3430718;76077;
1082;Midtjylland;2025-01-01;M;1;0;1;10219;3430719;76078;
1081;Nordjylland;2025-01-01;M;3;0;3;10219;3430722;76081;
1085;Sjælland;2025-01-01;M;2;0;2;10219;3430724;76083;
1083;Syddanmark;2025-01-01;M;1;0;1;10219;3430725;76084;
1084;Hovedstaden;2025-01-02;F;13;0;4;10219;3430738;76088;
1082;Midtjylland;2025-01-02;F;1;0;1;10219;3430739;76089;
1081;Nordjylland;2025-01-02;F;1;0;1;10219;3430740;76090;
1085;Sjælland;2025-01-02;F;5;2;3;10221;3430745;76093;
1083;Syddanmark;2025-01-02;F;5;1;4;10222;3430750;76097;
1084;Hovedstaden;2025-01-02;M;8;1;2;10223;3430758;76099;
1082;Midtjylland;2025-01-02;M;1;1;1;10224;3430759;76100;
1081;Nordjylland;2025-01-02;M;2;1;2;10225;3430761;76102;
1085;Sjælland;2025-01-02;M;1;0;0;10225;3430762;76102;
1084;Hovedstaden;2025-01-03;F;10;0;4;10225;3430772;76106;
1082;Midtjylland;2025-01-03;F;1;0;0;10225;3430773;76106;
1081;Nordjylland;2025-01-03;F;1;0;1;10225;3430774;76107;
1085;Sjælland;2025-01-03;F;3;0;3;10225;3430777;76110;
1083;Syddanmark;2025-01-03;F;1;0;1;10225;3430778;76111;
1084;Hovedstaden;2025-01-03;M;10;0;4;10225;3430788;76115;
1082;Midtjylland;2025-01-03;M;1;0;1;10225;3430789;76116;
1081;Nordjylland;2025-01-03;M;1;0;1;10225;3430790;76117;
1085;Sjælland;2025-01-03;M;7;0;6;10225;3430797;76123;
1083;Syddanmark;2025-01-03;M;3;0;1;10225;3430800;76124;
1084;Hovedstaden;2025-01-04;F;5;0;3;10225;3430805;76127;
1082;Midtjylland;2025-01-04;F;1;0;1;10225;3430806;76128;
1081;Nordjylland;2025-01-04;F;1;0;1;10225;3430807;76129;
1085;Sjælland;2025-01-04;F;1;0;1;10225;3430808;76130;
1083;Syddanmark;2025-01-04;F;3;1;3;10226;3430811;76133;
1084;Hovedstaden;2025-01-04;M;3;0;1;10226;3430814;76134;
1082;Midtjylland;2025-01-04;M;3;0;3;10226;3430817;76137;
1081;Nordjylland;2025-01-04;M;1;1;1;10227;3430818;76138;
1085;Sjælland;2025-01-04;M;5;0;4;10227;3430823;76142;
1083;Syddanmark;2025-01-04;M;2;0;2;10227;3430825;76144;
1084;Hovedstaden;2025-01-05;F;7;2;4;10229;3430832;76148;
1081;Nordjylland;2025-01-05;F;3;0;2;10229;3430835;76150;
1085;Sjælland;2025-01-05;F;2;0;2;10229;3430837;76152;
1083;Syddanmark;2025-01-05;F;1;0;0;10229;3430838;76152;
1084;Hovedstaden;2025-01-05;M;3;0;2;10229;3430841;76154;
1082;Midtjylland;2025-01-05;M;1;0;1;10229;3430842;76155;
1081;Nordjylland;2025-01-05;M;2;1;2;10230;3430844;76157;
1085;Sjælland;2025-01-05;M;2;0;1;10230;3430846;76158;
1083;Syddanmark;2025-01-05;M;2;0;1;10230;3430848;76159;
1084;Hovedstaden;2025-01-06;F;8;0;1;10230;3430856;76160;
1082;Midtjylland;2025-01-06;F;1;0;1;10230;3430857;76161;
1081;Nordjylland;2025-01-06;F;5;0;4;10230;3430862;76165;
1085;Sjælland;2025-01-06;F;2;0;1;10230;3430864;76166;
1083;Syddanmark;2025-01-06;F;2;0;1;10230;3430866;76167;
1084;Hovedstaden;2025-01-06;M;6;0;5;10230;3430872;76172;
1082;Midtjylland;2025-01-06;M;2;0;2;10230;3430874;76174;
1085;Sjælland;2025-01-06;M;1;0;1;10230;3430875;76175;
1083;Syddanmark;2025-01-06;M;3;2;2;10232;3430878;76177;
1084;Hovedstaden;2025-01-07;F;7;0;2;10232;3430885;76179;
1081;Nordjylland;2025-01-07;F;1;0;1;10232;3430886;76180;
1085;Sjælland;2025-01-07;F;1;0;0;10232;3430887;76180;
1083;Syddanmark;2025-01-07;F;2;0;2;10232;3430889;76182;
1084;Hovedstaden;2025-01-07;M;6;1;2;10233;3430895;76184;
1081;Nordjylland;2025-01-07;M;1;1;1;10234;3430896;76185;
1085;Sjælland;2025-01-07;M;5;1;4;10235;3430901;76189;
1083;Syddanmark;2025-01-07;M;3;0;3;10235;3430904;76192;
1084;Hovedstaden;2025-01-08;F;9;0;0;10235;3430913;76192;
1085;Sjælland;2025-01-08;F;2;0;1;10235;3430915;76193;
1083;Syddanmark;2025-01-08;F;5;0;2;10235;3430920;76195;
1084;Hovedstaden;2025-01-08;M;9;0;3;10235;3430929;76198;
1081;Nordjylland;2025-01-08;M;2;1;2;10236;3430931;76200;
1085;Sjælland;2025-01-08;M;1;0;0;10236;3430932;76200;
1083;Syddanmark;2025-01-08;M;5;0;3;10236;3430937;76203;
1084;Hovedstaden;2025-01-09;F;8;1;2;10237;3430945;76205;
1081;Nordjylland;2025-01-09;F;1;0;1;10237;3430946;76206;
1085;Sjælland;2025-01-09;F;4;0;3;10237;3430950;76209;
1084;Hovedstaden;2025-01-09;M;9;0;2;10237;3430959;76211;
1085;Sjælland;2025-01-09;M;5;0;3;10237;3430964;76214;
1083;Syddanmark;2025-01-09;M;4;0;3;10237;3430968;76217;
1084;Hovedstaden;2025-01-10;F;3;0;1;10237;3430971;76218;
1085;Sjælland;2025-01-10;F;1;0;1;10237;3430972;76219;
1083;Syddanmark;2025-01-10;F;1;0;1;10237;3430973;76220;
1084;Hovedstaden;2025-01-10;M;6;2;4;10239;3430979;76224;
1082;Midtjylland;2025-01-10;M;4;0;4;10239;3430983;76228;
1085;Sjælland;2025-01-10;M;3;0;0;10239;3430986;76228;
1083;Syddanmark;2025-01-10;M;3;0;3;10239;3430989;76231;
1084;Hovedstaden;2025-01-11;F;6;0;4;10239;3430995;76235;
1082;Midtjylland;2025-01-11;F;2;0;1;10239;3430997;76236;
1081;Nordjylland;2025-01-11;F;2;0;2;10239;3430999;76238;
1083;Syddanmark;2025-01-11;F;1;1;1;10240;3431000;76239;
1084;Hovedstaden;2025-01-11;M;2;0;2;10240;3431002;76241;
1082;Midtjylland;2025-01-11;M;3;0;3;10240;3431005;76244;
1084;Hovedstaden;2025-01-12;F;5;1;5;10241;3431010;76249;
1081;Nordjylland;2025-01-12;F;1;0;1;10241;3431011;76250;
1083;Syddanmark;2025-01-12;F;1;1;1;10242;3431012;76251;
1084;Hovedstaden;2025-01-12;M;4;0;4;10242;3431016;76255;
1081;Nordjylland;2025-01-12;M;2;0;2;10242;3431018;76257;
1085;Sjælland;2025-01-12;M;2;1;2;10243;3431020;76259;
1083;Syddanmark;2025-01-12;M;1;0;1;10243;3431021;76260;
1084;Hovedstaden;2025-01-13;F;9;1;4;10244;3431030;76264;
1081;Nordjylland;2025-01-13;F;2;0;1;10244;3431032;76265;
1085;Sjælland;2025-01-13;F;1;0;1;10244;3431033;76266;
1083;Syddanmark;2025-01-13;F;1;0;1;10244;3431034;76267;
1084;Hovedstaden;2025-01-13;M;7;0;4;10244;3431041;76271;
1081;Nordjylland;2025-01-13;M;2;0;1;10244;3431043;76272;
1085;Sjælland;2025-01-13;M;6;0;5;10244;3431049;76277;
1083;Syddanmark;2025-01-13;M;1;0;0;10244;3431050;76277;
1084;Hovedstaden;2025-01-14;F;4;0;1;10244;3431054;76278;
1082;Midtjylland;2025-01-14;F;1;0;1;10244;3431055;76279;
1081;Nordjylland;2025-01-14;F;2;0;2;10244;3431057;76281;
1083;Syddanmark;2025-01-14;F;1;0;1;10244;3431058;76282;
1084;Hovedstaden;2025-01-14;M;3;0;0;10244;3431061;76282;
1082;Midtjylland;2025-01-14;M;1;0;1;10244;3431062;76283;
1085;Sjælland;2025-01-14;M;3;0;3;10244;3431065;76286;
1083;Syddanmark;2025-01-14;M;2;0;1;10244;3431067;76287;
1084;Hovedstaden;2025-01-15;F;9;0;1;10244;3431076;76288;
1085;Sjælland;2025-01-15;F;6;0;1;10244;3431082;76289;
1083;Syddanmark;2025-01-15;F;2;0;0;10244;3431084;76289;
1084;Hovedstaden;2025-01-15;M;1;0;0;10244;3431085;76289;
1085;Sjælland;2025-01-15;M;3;0;0;10244;3431088;76289;
1083;Syddanmark;2025-01-15;M;1;0;1;10244;3431089;76290;
1084;Hovedstaden;2025-01-16;F;8;0;3;10244;3431097;76293;
1081;Nordjylland;2025-01-16;F;1;0;1;10244;3431098;76294;
1085;Sjælland;2025-01-16;F;4;0;1;10244;3431102;76295;
1083;Syddanmark;2025-01-16;F;2;0;0;10244;3431104;76295;
1084;Hovedstaden;2025-01-16;M;6;0;1;10244;3431110;76296;
1082;Midtjylland;2025-01-16;M;2;0;1;10244;3431112;76297;
1081;Nordjylland;2025-01-16;M;1;0;0;10244;3431113;76297;
1085;Sjælland;2025-01-16;M;2;0;2;10244;3431115;76299;
1083;Syddanmark;2025-01-16;M;2;0;2;10244;3431117;76301;
1084;Hovedstaden;2025-01-17;F;6;1;2;10245;3431123;76303;
1082;Midtjylland;2025-01-17;F;1;0;1;10245;3431124;76304;
1085;Sjælland;2025-01-17;F;1;0;0;10245;3431125;76304;
1084;Hovedstaden;2025-01-17;M;4;1;1;10246;3431129;76305;
1082;Midtjylland;2025-01-17;M;1;0;1;10246;3431130;76306;
1081;Nordjylland;2025-01-17;M;1;0;0;10246;3431131;76306;
1085;Sjælland;2025-01-17;M;2;0;1;10246;3431133;76307;
1083;Syddanmark;2025-01-17;M;2;0;1;10246;3431135;76308;
1082;Midtjylland;2025-01-18;F;1;0;1;10246;3431136;76309;
1085;Sjælland;2025-01-18;F;3;0;1;10246;3431139;76310;
1083;Syddanmark;2025-01-18;F;1;0;1;10246;3431140;76311;
1084;Hovedstaden;2025-01-18;M;1;0;0;10246;3431141;76311;
1081;Nordjylland;2025-01-18;M;2;0;1;10246;3431143;76312;
1085;Sjælland;2025-01-18;M;1;0;1;10246;3431144;76313;
1083;Syddanmark;2025-01-18;M;2;0;1;10246;3431146;76314;
1082;Midtjylland;2025-01-19;F;1;0;1;10246;3431147;76315;
1081;Nordjylland;2025-01-19;F;1;0;0;10246;3431148;76315;
1085;Sjælland;2025-01-19;F;1;0;1;10246;3431149;76316;
1084;Hovedstaden;2025-01-19;M;4;1;2;10247;3431153;76318;
1082;Midtjylland;2025-01-19;M;1;0;0;10247;3431154;76318;
1081;Nordjylland;2025-01-19;M;1;0;1;10247;3431155;76319;
1085;Sjælland;2025-01-19;M;2;1;2;10248;3431157;76321;
1084;Hovedstaden;2025-01-20;F;10;0;3;10248;3431167;76324;
1081;Nordjylland;2025-01-20;F;1;0;1;10248;3431168;76325;
1085;Sjælland;2025-01-20;F;2;0;0;10248;3431170;76325;
1083;Syddanmark;2025-01-20;F;3;0;1;10248;3431173;76326;
1084;Hovedstaden;2025-01-20;M;4;0;0;10248;3431177;76326;
1081;Nordjylland;2025-01-20;M;1;0;1;10248;3431178;76327;
1085;Sjælland;2025-01-20;M;2;0;0;10248;3431180;76327;
1083;Syddanmark;2025-01-20;M;1;1;1;10249;3431181;76328;
1084;Hovedstaden;2025-01-21;F;5;0;1;10249;3431186;76329;
1082;Midtjylland;2025-01-21;F;1;0;0;10249;3431187;76329;
1085;Sjælland;2025-01-21;F;2;0;1;10249;3431189;76330;
1084;Hovedstaden;2025-01-21;M;3;0;0;10249;3431192;76330;
1082;Midtjylland;2025-01-21;M;2;0;1;10249;3431194;76331;
1085;Sjælland;2025-01-21;M;4;0;2;10249;3431198;76333;
1083;Syddanmark;2025-01-21;M;2;0;1;10249;3431200;76334;
1084;Hovedstaden;2025-01-22;F;11;0;3;10249;3431211;76337;
1082;Midtjylland;2025-01-22;F;1;0;0;10249;3431212;76337;
1081;Nordjylland;2025-01-22;F;1;0;1;10249;3431213;76338;
1085;Sjælland;2025-01-22;F;3;1;2;10250;3431216;76340;
1083;Syddanmark;2025-01-22;F;2;0;0;10250;3431218;76340;
1084;Hovedstaden;2025-01-22;M;6;0;3;10250;3431224;76343;
1082;Midtjylland;2025-01-22;M;1;0;0;10250;3431225;76343;
1085;Sjælland;2025-01-22;M;2;0;2;10250;3431227;76345;
1083;Syddanmark;2025-01-22;M;3;0;1;10250;3431230;76346;
1084;Hovedstaden;2025-01-23;F;6;0;0;10250;3431236;76346;
1082;Midtjylland;2025-01-23;F;1;0;0;10250;3431237;76346;
1081;Nordjylland;2025-01-23;F;1;0;1;10250;3431238;76347;
1085;Sjælland;2025-01-23;F;3;0;3;10250;3431241;76350;
1083;Syddanmark;2025-01-23;F;3;1;1;10251;3431244;76351;
1084;Hovedstaden;2025-01-23;M;3;1;3;10252;3431247;76354;
1081;Nordjylland;2025-01-23;M;1;0;1;10252;3431248;76355;
1085;Sjælland;2025-01-23;M;3;0;1;10252;3431251;76356;
1083;Syddanmark;2025-01-23;M;1;0;1;10252;3431252;76357;
1084;Hovedstaden;2025-01-24;F;9;1;1;10253;3431261;76358;
1085;Sjælland;2025-01-24;F;3;0;0;10253;3431264;76358;
1083;Syddanmark;2025-01-24;F;1;0;1;10253;3431265;76359;
1084;Hovedstaden;2025-01-24;M;5;1;2;10254;3431270;76361;
1082;Midtjylland;2025-01-24;M;1;0;1;10254;3431271;76362;
1085;Sjælland;2025-01-24;M;3;0;3;10254;3431274;76365;
1083;Syddanmark;2025-01-24;M;2;0;2;10254;3431276;76367;
1084;Hovedstaden;2025-01-25;F;2;0;1;10254;3431278;76368;
1081;Nordjylland;2025-01-25;F;1;0;1;10254;3431279;76369;
1085;Sjælland;2025-01-25;F;2;0;1;10254;3431281;76370;
1083;Syddanmark;2025-01-25;F;1;0;1;10254;3431282;76371;
1082;Midtjylland;2025-01-25;M;1;1;1;10255;3431283;76372;
1085;Sjælland;2025-01-25;M;1;0;1;10255;3431284;76373;
1084;Hovedstaden;2025-01-26;F;6;0;3;10255;3431290;76376;
1081;Nordjylland;2025-01-26;F;1;0;1;10255;3431291;76377;
1085;Sjælland;2025-01-26;F;1;0;1;10255;3431292;76378;
1083;Syddanmark;2025-01-26;F;2;0;1;10255;3431294;76379;
1084;Hovedstaden;2025-01-26;M;1;0;0;10255;3431295;76379;
1085;Sjælland;2025-01-26;M;1;0;1;10255;3431296;76380;
1084;Hovedstaden;2025-01-27;F;12;0;3;10255;3431308;76383;
1082;Midtjylland;2025-01-27;F;1;0;0;10255;3431309;76383;
1085;Sjælland;2025-01-27;F;3;0;3;10255;3431312;76386;
1084;Hovedstaden;2025-01-27;M;7;0;0;10255;3431319;76386;
1081;Nordjylland;2025-01-27;M;1;0;1;10255;3431320;76387;
1085;Sjælland;2025-01-27;M;3;0;3;10255;3431323;76390;
1083;Syddanmark;2025-01-27;M;2;0;1;10255;3431325;76391;
1084;Hovedstaden;2025-01-28;F;7;0;4;10255;3431332;76395;
1085;Sjælland;2025-01-28;F;1;0;0;10255;3431333;76395;
1083;Syddanmark;2025-01-28;F;4;0;2;10255;3431337;76397;
1082;Midtjylland;2025-01-28;M;1;0;1;10255;3431338;76398;
1081;Nordjylland;2025-01-28;M;2;1;2;10256;3431340;76400;
1085;Sjælland;2025-01-28;M;5;1;3;10257;3431345;76403;
1083;Syddanmark;2025-01-28;M;2;0;0;10257;3431347;76403;
1084;Hovedstaden;2025-01-29;F;3;0;0;10257;3431350;76403;
1082;Midtjylland;2025-01-29;F;1;0;0;10257;3431351;76403;
1081;Nordjylland;2025-01-29;F;1;0;1;10257;3431352;76404;
1085;Sjælland;2025-01-29;F;3;0;1;10257;3431355;76405;
1083;Syddanmark;2025-01-29;F;3;0;2;10257;3431358;76407;
1084;Hovedstaden;2025-01-29;M;9;1;3;10258;3431367;76410;
1081;Nordjylland;2025-01-29;M;1;0;1;10258;3431368;76411;
1085;Sjælland;2025-01-29;M;7;1;5;10259;3431375;76416;
1083;Syddanmark;2025-01-29;M;2;0;0;10259;3431377;76416;
1084;Hovedstaden;2025-01-30;F;10;0;2;10259;3431387;76418;
1081;Nordjylland;2025-01-30;F;1;0;1;10259;3431388;76419;
1085;Sjælland;2025-01-30;F;3;0;1;10259;3431391;76420;
1083;Syddanmark;2025-01-30;F;3;0;1;10259;3431394;76421;
1084;Hovedstaden;2025-01-30;M;3;0;0;10259;3431397;76421;
1081;Nordjylland;2025-01-30;M;3;1;2;10260;3431400;76423;
1085;Sjælland;2025-01-30;M;4;0;2;10260;3431404;76425;
1083;Syddanmark;2025-01-30;M;1;0;0;10260;3431405;76425;
1084;Hovedstaden;2025-01-31;F;6;0;1;10260;3431411;76426;
1082;Midtjylland;2025-01-31;F;1;0;0;10260;3431412;76426;
1081;Nordjylland;2025-01-31;F;2;0;1;10260;3431414;76427;
1085;Sjælland;2025-01-31;F;3;0;2;10260;3431417;76429;
1083;Syddanmark;2025-01-31;F;4;0;4;10260;3431421;76433;
1084;Hovedstaden;2025-01-31;M;8;0;2;10260;3431429;76435;
1082;Midtjylland;2025-01-31;M;1;0;1;10260;3431430;76436;
1081;Nordjylland;2025-01-31;M;1;1;1;10261;3431431;76437;
1085;Sjælland;2025-01-31;M;1;0;0;10261;3431432;76437;
1083;Syddanmark;2025-01-31;M;1;0;0;10261;3431433;76437;
1084;Hovedstaden;2025-02-01;F;2;0;2;10261;3431435;76439;
1082;Midtjylland;2025-02-01;F;2;0;2;10261;3431437;76441;
1083;Syddanmark;2025-02-01;F;3;1;3;10262;3431440;76444;
1084;Hovedstaden;2025-02-01;M;3;0;2;10262;3431443;76446;
1084;Hovedstaden;2025-02-02;F;1;0;0;10262;3431444;76446;
1081;Nordjylland;2025-02-02;F;2;0;0;10262;3431446;76446;
1085;Sjælland;2025-02-02;F;1;0;1;10262;3431447;76447;
1084;Hovedstaden;2025-02-02;M;3;1;2;10263;3431450;76449;
1082;Midtjylland;2025-02-02;M;1;0;0;10263;3431451;76449;
1085;Sjælland;2025-02-02;M;2;1;2;10264;3431453;76451;
1083;Syddanmark;2025-02-02;M;2;0;2;10264;3431455;76453;
1084;Hovedstaden;2025-02-03;F;6;1;1;10265;3431461;76454;
1082;Midtjylland;2025-02-03;F;1;0;1;10265;3431462;76455;
1085;Sjælland;2025-02-03;F;1;0;1;10265;3431463;76456;
1083;Syddanmark;2025-02-03;F;1;0;0;10265;3431464;76456;
1084;Hovedstaden;2025-02-03;M;7;0;1;10265;3431471;76457;
1082;Midtjylland;2025-02-03;M;4;0;1;10265;3431475;76458;
1081;Nordjylland;2025-02-03;M;1;0;1;10265;3431476;76459;
1083;Syddanmark;2025-02-03;M;4;0;0;10265;3431480;76459;
1084;Hovedstaden;2025-02-04;F;6;0;0;10265;3431486;76459;
1082;Midtjylland;2025-02-04;F;1;0;1;10265;3431487;76460;
1085;Sjælland;2025-02-04;F;1;0;0;10265;3431488;76460;
1083;Syddanmark;2025-02-04;F;2;0;2;10265;3431490;76462;
1084;Hovedstaden;2025-02-04;M;3;0;1;10265;3431493;76463;
1082;Midtjylland;2025-02-04;M;3;0;1;10265;3431496;76464;
1085;Sjælland;2025-02-04;M;2;1;2;10266;3431498;76466;
1084;Hovedstaden;2025-02-05;F;9;1;1;10267;3431507;76467;
1082;Midtjylland;2025-02-05;F;1;0;0;10267;3431508;76467;
1085;Sjælland;2025-02-05;F;1;0;0;10267;3431509;76467;
1083;Syddanmark;2025-02-05;F;3;0;1;10267;3431512;76468;
1084;Hovedstaden;2025-02-05;M;8;1;2;10268;3431520;76470;
1082;Midtjylland;2025-02-05;M;2;0;1;10268;3431522;76471;
1081;Nordjylland;2025-02-05;M;1;0;1;10268;3431523;76472;
1085;Sjælland;2025-02-05;M;2;0;2;10268;3431525;76474;
1084;Hovedstaden;2025-02-06;F;11;0;3;10268;3431536;76477;
1081;Nordjylland;2025-02-06;F;2;0;2;10268;3431538;76479;
1085;Sjælland;2025-02-06;F;5;0;2;10268;3431543;76481;
1083;Syddanmark;2025-02-06;F;1;0;0;10268;3431544;76481;
1084;Hovedstaden;2025-02-06;M;2;0;1;10268;3431546;76482;
1082;Midtjylland;2025-02-06;M;2;0;2;10268;3431548;76484;
1085;Sjælland;2025-02-06;M;2;0;2;10268;3431550;76486;
1083;Syddanmark;2025-02-06;M;3;0;3;10268;3431553;76489;
1084;Hovedstaden;2025-02-07;F;2;0;0;10268;3431555;76489;
1082;Midtjylland;2025-02-07;F;1;0;0;10268;3431556;76489;
1085;Sjælland;2025-02-07;F;2;0;1;10268;3431558;76490;
1083;Syddanmark;2025-02-07;F;1;0;0;10268;3431559;76490;
1084;Hovedstaden;2025-02-07;M;9;2;3;10270;3431568;76493;
1081;Nordjylland;2025-02-07;M;4;1;3;10271;3431572;76496;
1085;Sjælland;2025-02-07;M;4;0;2;10271;3431576;76498;
1083;Syddanmark;2025-02-07;M;2;1;2;10272;3431578;76500;
1084;Hovedstaden;2025-02-08;F;2;0;1;10272;3431580;76501;
1083;Syddanmark;2025-02-08;F;1;0;0;10272;3431581;76501;
1084;Hovedstaden;2025-02-08;M;3;0;2;10272;3431584;76503;
1081;Nordjylland;2025-02-08;M;1;1;1;10273;3431585;76504;
1083;Syddanmark;2025-02-08;M;1;0;1;10273;3431586;76505;
1082;Midtjylland;2025-02-09;F;1;0;1;10273;3431587;76506;
1083;Syddanmark;2025-02-09;F;1;0;1;10273;3431588;76507;
1084;Hovedstaden;2025-02-09;M;2;0;1;10273;3431590;76508;
1085;Sjælland;2025-02-09;M;1;0;1;10273;3431591;76509;
1083;Syddanmark;2025-02-09;M;2;1;2;10274;3431593;76511;
1084;Hovedstaden;2025-02-10;F;7;0;1;10274;3431600;76512;
1082;Midtjylland;2025-02-10;F;1;0;1;10274;3431601;76513;
1085;Sjælland;2025-02-10;F;2;0;1;10274;3431603;76514;
1083;Syddanmark;2025-02-10;F;1;1;1;10275;3431604;76515;
1084;Hovedstaden;2025-02-10;M;9;0;2;10275;3431613;76517;
1082;Midtjylland;2025-02-10;M;1;0;1;10275;3431614;76518;
1081;Nordjylland;2025-02-10;M;2;0;1;10275;3431616;76519;
1083;Syddanmark;2025-02-10;M;3;0;2;10275;3431619;76521;
1084;Hovedstaden;2025-02-11;F;6;0;1;10275;3431625;76522;
1085;Sjælland;2025-02-11;F;1;0;0;10275;3431626;76522;
1083;Syddanmark;2025-02-11;F;1;0;1;10275;3431627;76523;
1084;Hovedstaden;2025-02-11;M;5;0;1;10275;3431632;76524;
1082;Midtjylland;2025-02-11;M;1;0;1;10275;3431633;76525;
1085;Sjælland;2025-02-11;M;3;0;1;10275;3431636;76526;
1083;Syddanmark;2025-02-11;M;2;0;1;10275;3431638;76527;
1084;Hovedstaden;2025-02-12;F;5;0;1;10275;3431643;76528;
1082;Midtjylland;2025-02-12;F;1;0;1;10275;3431644;76529;
1083;Syddanmark;2025-02-12;F;3;1;3;10276;3431647;76532;
1084;Hovedstaden;2025-02-12;M;4;0;0;10276;3431651;76532;
1082;Midtjylland;2025-02-12;M;1;0;1;10276;3431652;76533;
1081;Nordjylland;2025-02-12;M;3;0;1;10276;3431655;76534;
1085;Sjælland;2025-02-12;M;2;0;2;10276;3431657;76536;
1083;Syddanmark;2025-02-12;M;3;0;2;10276;3431660;76538;
1084;Hovedstaden;2025-02-13;F;11;0;0;10276;3431671;76538;
1082;Midtjylland;2025-02-13;F;2;0;0;10276;3431673;76538;
1081;Nordjylland;2025-02-13;F;1;0;1;10276;3431674;76539;
1085;Sjælland;2025-02-13;F;4;0;0;10276;3431678;76539;
1083;Syddanmark;2025-02-13;F;2;0;1;10276;3431680;76540;
1084;Hovedstaden;2025-02-13;M;3;0;0;10276;3431683;76540;
1081;Nordjylland;2025-02-13;M;2;1;2;10277;3431685;76542;
1085;Sjælland;2025-02-13;M;1;0;1;10277;3431686;76543;
1083;Syddanmark;2025-02-13;M;2;0;1;10277;3431688;76544;
1084;Hovedstaden;2025-02-14;F;4;0;2;10277;3431692;76546;
1081;Nordjylland;2025-02-14;F;2;1;2;10278;3431694;76548;
1085;Sjælland;2025-02-14;F;1;0;0;10278;3431695;76548;
1083;Syddanmark;2025-02-14;F;4;1;3;10279;3431699;76551;
1084;Hovedstaden;2025-02-14;M;5;0;1;10279;3431704;76552;
1082;Midtjylland;2025-02-14;M;2;1;1;10280;3431706;76553;
1085;Sjælland;2025-02-14;M;1;0;0;10280;3431707;76553;
1083;Syddanmark;2025-02-14;M;6;0;5;10280;3431713;76558;
1084;Hovedstaden;2025-02-15;F;2;0;0;10280;3431715;76558;
1082;Midtjylland;2025-02-15;F;1;1;1;10281;3431716;76559;
1081;Nordjylland;2025-02-15;F;1;0;1;10281;3431717;76560;
1085;Sjælland;2025-02-15;F;2;2;1;10283;3431719;76561;
1083;Syddanmark;2025-02-15;F;2;1;2;10284;3431721;76563;
1084;Hovedstaden;2025-02-15;M;1;0;1;10284;3431722;76564;
1081;Nordjylland;2025-02-15;M;2;0;0;10284;3431724;76564;
1085;Sjælland;2025-02-15;M;2;0;2;10284;3431726;76566;
1084;Hovedstaden;2025-02-16;F;1;0;0;10284;3431727;76566;
1082;Midtjylland;2025-02-16;F;1;0;0;10284;3431728;76566;
1081;Nordjylland;2025-02-16;F;1;0;0;10284;3431729;76566;
1085;Sjælland;2025-02-16;F;1;0;1;10284;3431730;76567;
1083;Syddanmark;2025-02-16;F;2;0;1;10284;3431732;76568;
1084;Hovedstaden;2025-02-16;M;3;0;3;10284;3431735;76571;
1082;Midtjylland;2025-02-16;M;1;0;0;10284;3431736;76571;
1081;Nordjylland;2025-02-16;M;2;0;0;10284;3431738;76571;
1085;Sjælland;2025-02-16;M;3;0;3;10284;3431741;76574;
1083;Syddanmark;2025-02-16;M;1;0;1;10284;3431742;76575;
1084;Hovedstaden;2025-02-17;F;4;0;0;10284;3431746;76575;
1085;Sjælland;2025-02-17;F;3;0;2;10284;3431749;76577;
1083;Syddanmark;2025-02-17;F;3;1;2;10285;3431752;76579;
1084;Hovedstaden;2025-02-17;M;7;1;2;10286;3431759;76581;
1082;Midtjylland;2025-02-17;M;2;0;0;10286;3431761;76581;
1081;Nordjylland;2025-02-17;M;2;0;1;10286;3431763;76582;
1085;Sjælland;2025-02-17;M;1;0;0;10286;3431764;76582;
1083;Syddanmark;2025-02-17;M;3;1;1;10287;3431767;76583;
1084;Hovedstaden;2025-02-18;F;1;0;0;10287;3431768;76583;
1081;Nordjylland;2025-02-18;F;1;0;0;10287;3431769;76583;
1085;Sjælland;2025-02-18;F;3;0;2;10287;3431772;76585;
1083;Syddanmark;2025-02-18;F;1;0;0;10287;3431773;76585;
1084;Hovedstaden;2025-02-18;M;2;0;0;10287;3431775;76585;
1085;Sjælland;2025-02-18;M;2;0;1;10287;3431777;76586;
1083;Syddanmark;2025-02-18;M;3;1;3;10288;3431780;76589;
1084;Hovedstaden;2025-02-19;F;3;0;0;10288;3431783;76589;
1082;Midtjylland;2025-02-19;F;1;0;0;10288;3431784;76589;
1085;Sjælland;2025-02-19;F;5;1;2;10289;3431789;76591;
1083;Syddanmark;2025-02-19;F;2;0;0;10289;3431791;76591;
1084;Hovedstaden;2025-02-19;M;8;1;2;10290;3431799;76593;
1082;Midtjylland;2025-02-19;M;2;0;1;10290;3431801;76594;
1085;Sjælland;2025-02-19;M;4;0;1;10290;3431805;76595;
1083;Syddanmark;2025-02-19;M;7;0;3;10290;3431812;76598;
1084;Hovedstaden;2025-02-20;F;6;0;2;10290;3431818;76600;
1082;Midtjylland;2025-02-20;F;2;0;1;10290;3431820;76601;
1085;Sjælland;2025-02-20;F;3;0;0;10290;3431823;76601;
1084;Hovedstaden;2025-02-20;M;2;1;1;10291;3431825;76602;
1081;Nordjylland;2025-02-20;M;2;0;1;10291;3431827;76603;
1085;Sjælland;2025-02-20;M;3;0;2;10291;3431830;76605;
1083;Syddanmark;2025-02-20;M;4;0;1;10291;3431834;76606;
1084;Hovedstaden;2025-02-21;F;7;0;3;10291;3431841;76609;
1082;Midtjylland;2025-02-21;F;1;0;1;10291;3431842;76610;
1081;Nordjylland;2025-02-21;F;1;0;1;10291;3431843;76611;
1085;Sjælland;2025-02-21;F;3;0;0;10291;3431846;76611;
1083;Syddanmark;2025-02-21;F;2;0;0;10291;3431848;76611;
1084;Hovedstaden;2025-02-21;M;2;0;1;10291;3431850;76612;
1082;Midtjylland;2025-02-21;M;2;0;2;10291;3431852;76614;
1081;Nordjylland;2025-02-21;M;3;1;3;10292;3431855;76617;
1085;Sjælland;2025-02-21;M;1;0;1;10292;3431856;76618;
1083;Syddanmark;2025-02-21;M;3;0;2;10292;3431859;76620;
1084;Hovedstaden;2025-02-22;F;4;0;2;10292;3431863;76622;
1082;Midtjylland;2025-02-22;F;1;0;0;10292;3431864;76622;
1083;Syddanmark;2025-02-22;F;1;0;1;10292;3431865;76623;
1084;Hovedstaden;2025-02-22;M;4;2;3;10294;3431869;76626;
1085;Sjælland;2025-02-22;M;2;0;1;10294;3431871;76627;
1083;Syddanmark;2025-02-22;M;1;0;1;10294;3431872;76628;
1084;Hovedstaden;2025-02-23;F;3;0;1;10294;3431875;76629;
1081;Nordjylland;2025-02-23;F;1;0;1;10294;3431876;76630;
1085;Sjælland;2025-02-23;F;2;0;2;10294;3431878;76632;
1083;Syddanmark;2025-02-23;F;4;0;0;10294;3431882;76632;
1084;Hovedstaden;2025-02-23;M;1;0;1;10294;3431883;76633;
1085;Sjælland;2025-02-23;M;1;0;1;10294;3431884;76634;
1083;Syddanmark;2025-02-23;M;1;0;1;10294;3431885;76635;
1084;Hovedstaden;2025-02-24;F;5;0;0;10294;3431890;76635;
1081;Nordjylland;2025-02-24;F;2;0;0;10294;3431892;76635;
1085;Sjælland;2025-02-24;F;3;0;0;10294;3431895;76635;
1083;Syddanmark;2025-02-24;F;5;0;1;10294;3431900;76636;
1084;Hovedstaden;2025-02-24;M;8;1;4;10295;3431908;76640;
1082;Midtjylland;2025-02-24;M;1;0;1;10295;3431909;76641;
1081;Nordjylland;2025-02-24;M;2;0;2;10295;3431911;76643;
1085;Sjælland;2025-02-24;M;1;0;1;10295;3431912;76644;
1084;Hovedstaden;2025-02-25;F;6;0;4;10295;3431918;76648;
1085;Sjælland;2025-02-25;F;1;0;1;10295;3431919;76649;
1083;Syddanmark;2025-02-25;F;4;0;2;10295;3431923;76651;
1084;Hovedstaden;2025-02-25;M;4;0;2;10295;3431927;76653;
1081;Nordjylland;2025-02-25;M;2;0;1;10295;3431929;76654;
1085;Sjælland;2025-02-25;M;2;0;0;10295;3431931;76654;
1083;Syddanmark;2025-02-25;M;1;0;0;10295;3431932;76654;
1084;Hovedstaden;2025-02-26;F;9;0;1;10295;3431941;76655;
1082;Midtjylland;2025-02-26;F;1;0;1;10295;3431942;76656;
1081;Nordjylland;2025-02-26;F;1;0;0;10295;3431943;76656;
1085;Sjælland;2025-02-26;F;1;0;0;10295;3431944;76656;
1083;Syddanmark;2025-02-26;F;2;0;1;10295;3431946;76657;
1084;Hovedstaden;2025-02-26;M;3;0;2;10295;3431949;76659;
1082;Midtjylland;2025-02-26;M;4;1;1;10296;3431953;76660;
1081;Nordjylland;2025-02-26;M;1;0;1;10296;3431954;76661;
1085;Sjælland;2025-02-26;M;1;0;1;10296;3431955;76662;
1083;Syddanmark;2025-02-26;M;4;0;2;10296;3431959;76664;
1084;Hovedstaden;2025-02-27;F;10;0;2;10296;3431969;76666;
1081;Nordjylland;2025-02-27;F;3;0;3;10296;3431972;76669;
1085;Sjælland;2025-02-27;F;1;0;0;10296;3431973;76669;
1083;Syddanmark;2025-02-27;F;5;0;4;10296;3431978;76673;
1084;Hovedstaden;2025-02-27;M;9;1;5;10297;3431987;76678;
1082;Midtjylland;2025-02-27;M;1;0;1;10297;3431988;76679;
1085;Sjælland;2025-02-27;M;2;0;2;10297;3431990;76681;
1083;Syddanmark;2025-02-27;M;2;0;1;10297;3431992;76682;
1084;Hovedstaden;2025-02-28;F;3;0;2;10297;3431995;76684;
1085;Sjælland;2025-02-28;F;2;0;1;10297;3431997;76685;
1083;Syddanmark;2025-02-28;F;4;0;2;10297;3432001;76687;
1084;Hovedstaden;2025-02-28;M;1;0;0;10297;3432002;76687;
1083;Syddanmark;2025-02-28;M;1;0;0;10297;3432003;76687;
1084;Hovedstaden;2025-03-01;F;2;0;2;10297;3432005;76689;
1082;Midtjylland;2025-03-01;F;1;0;0;10297;3432006;76689;
1083;Syddanmark;2025-03-01;F;2;0;1;10297;3432008;76690;
1084;Hovedstaden;2025-03-02;F;2;0;2;10297;3432010;76692;
1083;Syddanmark;2025-03-02;F;1;0;1;10297;3432011;76693;
1081;Nordjylland;2025-03-02;M;1;0;1;10297;3432012;76694;
1085;Sjælland;2025-03-02;M;3;0;0;10297;3432015;76694;
1083;Syddanmark;2025-03-02;M;3;0;3;10297;3432018;76697;
1084;Hovedstaden;2025-03-03;F;5;0;3;10297;3432023;76700;
1081;Nordjylland;2025-03-03;F;1;0;1;10297;3432024;76701;
1085;Sjælland;2025-03-03;F;2;0;0;10297;3432026;76701;
1083;Syddanmark;2025-03-03;F;2;0;0;10297;3432028;76701;
1084;Hovedstaden;2025-03-03;M;11;1;4;10298;3432039;76705;
1082;Midtjylland;2025-03-03;M;3;0;0;10298;3432042;76705;
1081;Nordjylland;2025-03-03;M;1;1;1;10299;3432043;76706;
1085;Sjælland;2025-03-03;M;2;0;0;10299;3432045;76706;
1083;Syddanmark;2025-03-03;M;4;0;2;10299;3432049;76708;
1084;Hovedstaden;2025-03-04;F;5;0;3;10299;3432054;76711;
1081;Nordjylland;2025-03-04;F;1;0;1;10299;3432055;76712;
1085;Sjælland;2025-03-04;F;2;0;2;10299;3432057;76714;
1083;Syddanmark;2025-03-04;F;1;0;0;10299;3432058;76714;
1084;Hovedstaden;2025-03-04;M;4;1;2;10300;3432062;76716;
1085;Sjælland;2025-03-04;M;1;0;0;10300;3432063;76716;
1083;Syddanmark;2025-03-04;M;2;1;1;10301;3432065;76717;
1084;Hovedstaden;2025-03-05;F;7;0;5;10301;3432072;76722;
1082;Midtjylland;2025-03-05;F;2;0;1;10301;3432074;76723;
1081;Nordjylland;2025-03-05;F;1;0;1;10301;3432075;76724;
1085;Sjælland;2025-03-05;F;1;0;0;10301;3432076;76724;
1083;Syddanmark;2025-03-05;F;2;1;1;10302;3432078;76725;
1084;Hovedstaden;2025-03-05;M;4;0;0;10302;3432082;76725;
1085;Sjælland;2025-03-05;M;1;0;0;10302;3432083;76725;
1083;Syddanmark;2025-03-05;M;5;1;4;10303;3432088;76729;
1084;Hovedstaden;2025-03-06;F;2;1;1;10304;3432090;76730;
1082;Midtjylland;2025-03-06;F;1;0;1;10304;3432091;76731;
1085;Sjælland;2025-03-06;F;2;0;1;10304;3432093;76732;
1083;Syddanmark;2025-03-06;F;1;0;0;10304;3432094;76732;
1084;Hovedstaden;2025-03-06;M;3;0;2;10304;3432097;76734;
1082;Midtjylland;2025-03-06;M;1;1;1;10305;3432098;76735;
1085;Sjælland;2025-03-06;M;2;1;1;10306;3432100;76736;
1083;Syddanmark;2025-03-06;M;5;0;4;10306;3432105;76740;
1084;Hovedstaden;2025-03-07;F;1;0;0;10306;3432106;76740;
1082;Midtjylland;2025-03-07;F;2;0;2;10306;3432108;76742;
1081;Nordjylland;2025-03-07;F;2;0;2;10306;3432110;76744;
1083;Syddanmark;2025-03-07;F;1;0;0;10306;3432111;76744;
1084;Hovedstaden;2025-03-07;M;2;0;0;10306;3432113;76744;
1082;Midtjylland;2025-03-07;M;1;0;1;10306;3432114;76745;
1085;Sjælland;2025-03-07;M;2;1;1;10307;3432116;76746;
1083;Syddanmark;2025-03-07;M;1;0;1;10307;3432117;76747;
1081;Nordjylland;2025-03-08;F;2;1;2;10308;3432119;76749;
1083;Syddanmark;2025-03-08;F;2;0;1;10308;3432121;76750;
1084;Hovedstaden;2025-03-08;M;1;0;0;10308;3432122;76750;
1081;Nordjylland;2025-03-08;M;1;0;1;10308;3432123;76751;
1083;Syddanmark;2025-03-08;M;1;0;1;10308;3432124;76752;
1084;Hovedstaden;2025-03-09;F;1;0;0;10308;3432125;76752;
1085;Sjælland;2025-03-09;F;1;0;1;10308;3432126;76753;
1084;Hovedstaden;2025-03-09;M;2;1;2;10309;3432128;76755;
1081;Nordjylland;2025-03-09;M;3;1;3;10310;3432131;76758;
1085;Sjælland;2025-03-09;M;1;0;1;10310;3432132;76759;
1084;Hovedstaden;2025-03-10;F;8;2;2;10312;3432140;76761;
1082;Midtjylland;2025-03-10;F;1;0;0;10312;3432141;76761;
1081;Nordjylland;2025-03-10;F;2;0;0;10312;3432143;76761;
1085;Sjælland;2025-03-10;F;2;0;1;10312;3432145;76762;
1083;Syddanmark;2025-03-10;F;4;0;1;10312;3432149;76763;
1084;Hovedstaden;2025-03-10;M;2;1;0;10313;3432151;76763;
1082;Midtjylland;2025-03-10;M;2;0;1;10313;3432153;76764;
1081;Nordjylland;2025-03-10;M;1;0;1;10313;3432154;76765;
1085;Sjælland;2025-03-10;M;1;0;1;10313;3432155;76766;
1083;Syddanmark;2025-03-10;M;3;0;3;10313;3432158;76769;
1084;Hovedstaden;2025-03-11;F;2;0;1;10313;3432160;76770;
1081;Nordjylland;2025-03-11;F;1;0;1;10313;3432161;76771;
1083;Syddanmark;2025-03-11;F;3;0;2;10313;3432164;76773;
1084;Hovedstaden;2025-03-11;M;3;0;1;10313;3432167;76774;
1082;Midtjylland;2025-03-11;M;1;0;1;10313;3432168;76775;
1081;Nordjylland;2025-03-11;M;1;0;1;10313;3432169;76776;
1085;Sjælland;2025-03-11;M;2;0;1;10313;3432171;76777;
1083;Syddanmark;2025-03-11;M;3;0;2;10313;3432174;76779;
1084;Hovedstaden;2025-03-12;F;2;0;1;10313;3432176;76780;
1083;Syddanmark;2025-03-12;F;3;2;3;10315;3432179;76783;
1084;Hovedstaden;2025-03-12;M;2;0;0;10315;3432181;76783;
1082;Midtjylland;2025-03-12;M;1;0;0;10315;3432182;76783;
1085;Sjælland;2025-03-12;M;2;0;1;10315;3432184;76784;
1083;Syddanmark;2025-03-12;M;3;0;2;10315;3432187;76786;
1084;Hovedstaden;2025-03-13;F;8;0;2;10315;3432195;76788;
1081;Nordjylland;2025-03-13;F;1;0;1;10315;3432196;76789;
1085;Sjælland;2025-03-13;F;1;0;0;10315;3432197;76789;
1083;Syddanmark;2025-03-13;F;1;0;1;10315;3432198;76790;
1084;Hovedstaden;2025-03-13;M;4;0;0;10315;3432202;76790;
1081;Nordjylland;2025-03-13;M;1;0;1;10315;3432203;76791;
1085;Sjælland;2025-03-13;M;2;0;1;10315;3432205;76792;
1083;Syddanmark;2025-03-13;M;3;0;3;10315;3432208;76795;
1084;Hovedstaden;2025-03-14;F;2;0;0;10315;3432210;76795;
1082;Midtjylland;2025-03-14;F;1;0;0;10315;3432211;76795;
1081;Nordjylland;2025-03-14;F;1;0;1;10315;3432212;76796;
1085;Sjælland;2025-03-14;F;1;0;1;10315;3432213;76797;
1083;Syddanmark;2025-03-14;F;2;0;1;10315;3432215;76798;
1084;Hovedstaden;2025-03-14;M;6;0;2;10315;3432221;76800;
1082;Midtjylland;2025-03-14;M;1;0;1;10315;3432222;76801;
1083;Syddanmark;2025-03-14;M;2;0;1;10315;3432224;76802;
1081;Nordjylland;2025-03-15;F;1;0;1;10315;3432225;76803;
1084;Hovedstaden;2025-03-15;M;3;1;1;10316;3432228;76804;
1082;Midtjylland;2025-03-15;M;1;0;1;10316;3432229;76805;
1081;Nordjylland;2025-03-15;M;2;0;2;10316;3432231;76807;
1085;Sjælland;2025-03-15;M;2;0;2;10316;3432233;76809;
1083;Syddanmark;2025-03-15;M;1;0;0;10316;3432234;76809;
1084;Hovedstaden;2025-03-16;F;1;0;1;10316;3432235;76810;
1085;Sjælland;2025-03-16;F;1;0;0;10316;3432236;76810;
1084;Hovedstaden;2025-03-16;M;2;0;2;10316;3432238;76812;
1082;Midtjylland;2025-03-16;M;1;1;1;10317;3432239;76813;
1081;Nordjylland;2025-03-16;M;1;1;1;10318;3432240;76814;
1085;Sjælland;2025-03-16;M;5;0;4;10318;3432245;76818;
1083;Syddanmark;2025-03-16;M;2;0;2;10318;3432247;76820;
1084;Hovedstaden;2025-03-17;F;7;0;2;10318;3432254;76822;
1082;Midtjylland;2025-03-17;F;3;0;2;10318;3432257;76824;
1081;Nordjylland;2025-03-17;F;2;0;1;10318;3432259;76825;
1085;Sjælland;2025-03-17;F;1;0;0;10318;3432260;76825;
1083;Syddanmark;2025-03-17;F;2;0;2;10318;3432262;76827;
1084;Hovedstaden;2025-03-17;M;4;1;1;10319;3432266;76828;
1082;Midtjylland;2025-03-17;M;1;0;1;10319;3432267;76829;
1085;Sjælland;2025-03-17;M;3;0;1;10319;3432270;76830;
1083;Syddanmark;2025-03-17;M;2;0;2;10319;3432272;76832;
1084;Hovedstaden;2025-03-18;F;3;0;0;10319;3432275;76832;
1085;Sjælland;2025-03-18;F;5;0;3;10319;3432280;76835;
1083;Syddanmark;2025-03-18;F;2;0;2;10319;3432282;76837;
1082;Midtjylland;2025-03-18;M;1;0;0;10319;3432283;76837;
1081;Nordjylland;2025-03-18;M;2;0;1;10319;3432285;76838;
1085;Sjælland;2025-03-18;M;2;0;2;10319;3432287;76840;
1083;Syddanmark;2025-03-18;M;1;0;1;10319;3432288;76841;
1084;Hovedstaden;2025-03-19;F;3;0;3;10319;3432291;76844;
1082;Midtjylland;2025-03-19;F;2;0;0;10319;3432293;76844;
1085;Sjælland;2025-03-19;F;3;0;1;10319;3432296;76845;
1083;Syddanmark;2025-03-19;F;2;0;1;10319;3432298;76846;
1084;Hovedstaden;2025-03-19;M;1;0;0;10319;3432299;76846;
1082;Midtjylland;2025-03-19;M;2;0;1;10319;3432301;76847;
1081;Nordjylland;2025-03-19;M;1;0;1;10319;3432302;76848;
1085;Sjælland;2025-03-19;M;3;0;1;10319;3432305;76849;
1083;Syddanmark;2025-03-19;M;1;0;1;10319;3432306;76850;
1084;Hovedstaden;2025-03-20;F;3;0;1;10319;3432309;76851;
1082;Midtjylland;2025-03-20;F;1;1;1;10320;3432310;76852;
1084;Hovedstaden;2025-03-20;M;7;1;2;10321;3432317;76854;
1082;Midtjylland;2025-03-20;M;1;0;0;10321;3432318;76854;
1081;Nordjylland;2025-03-20;M;3;0;2;10321;3432321;76856;
1085;Sjælland;2025-03-20;M;2;0;1;10321;3432323;76857;
1084;Hovedstaden;2025-03-21;F;8;1;5;10322;3432331;76862;
1082;Midtjylland;2025-03-21;F;2;0;1;10322;3432333;76863;
1081;Nordjylland;2025-03-21;F;1;0;1;10322;3432334;76864;
1085;Sjælland;2025-03-21;F;1;0;1;10322;3432335;76865;
1084;Hovedstaden;2025-03-21;M;2;1;1;10323;3432337;76866;
1085;Sjælland;2025-03-21;M;3;0;2;10323;3432340;76868;
1083;Syddanmark;2025-03-21;M;2;0;1;10323;3432342;76869;
1081;Nordjylland;2025-03-22;F;1;0;1;10323;3432343;76870;
1083;Syddanmark;2025-03-22;F;1;0;1;10323;3432344;76871;
1081;Nordjylland;2025-03-22;M;1;1;1;10324;3432345;76872;
1083;Syddanmark;2025-03-22;M;1;1;1;10325;3432346;76873;
1084;Hovedstaden;2025-03-23;F;5;0;4;10325;3432351;76877;
1085;Sjælland;2025-03-23;F;1;0;0;10325;3432352;76877;
1083;Syddanmark;2025-03-23;F;1;0;1;10325;3432353;76878;
1085;Sjælland;2025-03-23;M;2;0;2;10325;3432355;76880;
1083;Syddanmark;2025-03-23;M;1;0;1;10325;3432356;76881;
1084;Hovedstaden;2025-03-24;F;2;0;0;10325;3432358;76881;
1085;Sjælland;2025-03-24;F;1;1;1;10326;3432359;76882;
1083;Syddanmark;2025-03-24;F;1;0;1;10326;3432360;76883;
1084;Hovedstaden;2025-03-24;M;3;0;0;10326;3432363;76883;
1081;Nordjylland;2025-03-24;M;1;0;0;10326;3432364;76883;
1085;Sjælland;2025-03-24;M;1;0;0;10326;3432365;76883;
1083;Syddanmark;2025-03-24;M;3;0;3;10326;3432368;76886;
1084;Hovedstaden;2025-03-25;F;4;0;2;10326;3432372;76888;
1081;Nordjylland;2025-03-25;F;1;0;1;10326;3432373;76889;
1085;Sjælland;2025-03-25;F;1;0;0;10326;3432374;76889;
1084;Hovedstaden;2025-03-25;M;3;0;3;10326;3432377;76892;
1082;Midtjylland;2025-03-25;M;1;0;0;10326;3432378;76892;
1081;Nordjylland;2025-03-25;M;1;0;0;10326;3432379;76892;
1085;Sjælland;2025-03-25;M;1;0;1;10326;3432380;76893;
1084;Hovedstaden;2025-03-26;F;4;1;2;10327;3432384;76895;
1081;Nordjylland;2025-03-26;F;1;0;1;10327;3432385;76896;
1085;Sjælland;2025-03-26;F;2;0;1;10327;3432387;76897;
1083;Syddanmark;2025-03-26;F;1;0;0;10327;3432388;76897;
1084;Hovedstaden;2025-03-26;M;2;0;0;10327;3432390;76897;
1085;Sjælland;2025-03-26;M;2;0;0;10327;3432392;76897;
1083;Syddanmark;2025-03-26;M;1;0;0;10327;3432393;76897;
1084;Hovedstaden;2025-03-27;F;5;0;2;10327;3432398;76899;
1085;Sjælland;2025-03-27;F;1;0;0;10327;3432399;76899;
1083;Syddanmark;2025-03-27;F;3;0;2;10327;3432402;76901;
1084;Hovedstaden;2025-03-27;M;5;0;2;10327;3432407;76903;
1085;Sjælland;2025-03-27;M;1;0;1;10327;3432408;76904;
1084;Hovedstaden;2025-03-28;F;2;0;1;10327;3432410;76905;
1085;Sjælland;2025-03-28;F;1;0;0;10327;3432411;76905;
1083;Syddanmark;2025-03-28;F;1;0;0;10327;3432412;76905;
1084;Hovedstaden;2025-03-28;M;3;0;1;10327;3432415;76906;
1085;Sjælland;2025-03-28;M;1;0;1;10327;3432416;76907;
1083;Syddanmark;2025-03-28;M;1;0;1;10327;3432417;76908;
1084;Hovedstaden;2025-03-29;F;2;0;1;10327;3432419;76909;
1082;Midtjylland;2025-03-29;F;1;0;1;10327;3432420;76910;
1081;Nordjylland;2025-03-29;F;1;0;1;10327;3432421;76911;
1085;Sjælland;2025-03-29;F;1;0;0;10327;3432422;76911;
1084;Hovedstaden;2025-03-29;M;2;0;1;10327;3432424;76912;
1084;Hovedstaden;2025-03-30;F;2;0;1;10327;3432426;76913;
1084;Hovedstaden;2025-03-30;M;1;0;0;10327;3432427;76913;
1084;Hovedstaden;2025-03-31;F;3;0;3;10327;3432430;76916;
1083;Syddanmark;2025-03-31;F;2;0;0;10327;3432432;76916;
1084;Hovedstaden;2025-03-31;M;2;1;1;10328;3432434;76917;
1081;Nordjylland;2025-03-31;M;1;0;0;10328;3432435;76917;
1083;Syddanmark;2025-03-31;M;1;0;1;10328;3432436;76918;
1084;Hovedstaden;2025-04-01;F;2;0;1;10328;3432438;76919;
1082;Midtjylland;2025-04-01;F;1;0;0;10328;3432439;76919;
1085;Sjælland;2025-04-01;F;1;0;1;10328;3432440;76920;
1084;Hovedstaden;2025-04-01;M;6;0;1;10328;3432446;76921;
1085;Sjælland;2025-04-01;M;1;0;1;10328;3432447;76922;
1084;Hovedstaden;2025-04-02;F;3;0;0;10328;3432450;76922;
1085;Sjælland;2025-04-02;F;1;0;0;10328;3432451;76922;
1084;Hovedstaden;2025-04-02;M;1;0;1;10328;3432452;76923;
1082;Midtjylland;2025-04-02;M;1;0;0;10328;3432453;76923;
1085;Sjælland;2025-04-02;M;1;0;0;10328;3432454;76923;
1083;Syddanmark;2025-04-02;M;1;1;1;10329;3432455;76924;
1084;Hovedstaden;2025-04-03;F;1;0;0;10329;3432456;76924;
1083;Syddanmark;2025-04-03;F;1;0;0;10329;3432457;76924;
1084;Hovedstaden;2025-04-03;M;5;0;0;10329;3432462;76924;
1085;Sjælland;2025-04-03;M;1;0;0;10329;3432463;76924;
1084;Hovedstaden;2025-04-04;F;1;0;0;10329;3432464;76924;
1083;Syddanmark;2025-04-04;F;1;0;0;10329;3432465;76924;
1084;Hovedstaden;2025-04-04;M;1;0;0;10329;3432466;76924;
1081;Nordjylland;2025-04-04;M;2;0;0;10329;3432468;76924;
1084;Hovedstaden;2025-04-05;F;3;0;2;10329;3432471;76926;
1085;Sjælland;2025-04-05;F;1;0;0;10329;3432472;76926;
1084;Hovedstaden;2025-04-05;M;1;0;1;10329;3432473;76927;
1085;Sjælland;2025-04-06;F;1;0;0;10329;3432474;76927;
1083;Syddanmark;2025-04-06;F;1;1;1;10330;3432475;76928;
1084;Hovedstaden;2025-04-06;M;2;1;2;10331;3432477;76930;
1083;Syddanmark;2025-04-06;M;1;0;0;10331;3432478;76930;
1084;Hovedstaden;2025-04-07;F;3;0;2;10331;3432481;76932;
1084;Hovedstaden;2025-04-07;M;2;0;2;10331;3432483;76934;
1085;Sjælland;2025-04-07;M;1;0;0;10331;3432484;76934;
1083;Syddanmark;2025-04-07;M;1;0;1;10331;3432485;76935;
1084;Hovedstaden;2025-04-08;F;1;0;0;10331;3432486;76935;
1081;Nordjylland;2025-04-08;F;1;0;1;10331;3432487;76936;
1085;Sjælland;2025-04-08;F;1;0;1;10331;3432488;76937;
1083;Syddanmark;2025-04-08;F;1;0;1;10331;3432489;76938;
1084;Hovedstaden;2025-04-09;F;3;0;1;10331;3432492;76939;
1081;Nordjylland;2025-04-09;F;1;0;0;10331;3432493;76939;
1085;Sjælland;2025-04-09;F;2;0;1;10331;3432495;76940;
1085;Sjælland;2025-04-09;M;2;0;1;10331;3432497;76941;
1084;Hovedstaden;2025-04-10;F;4;0;3;10331;3432501;76944;
1082;Midtjylland;2025-04-10;F;1;0;0;10331;3432502;76944;
1085;Sjælland;2025-04-10;F;1;0;1;10331;3432503;76945;
1084;Hovedstaden;2025-04-10;M;2;0;0;10331;3432505;76945;
1081;Nordjylland;2025-04-10;M;1;0;1;10331;3432506;76946;
1085;Sjælland;2025-04-10;M;1;0;1;10331;3432507;76947;
1083;Syddanmark;2025-04-10;M;3;0;0;10331;3432510;76947;
1084;Hovedstaden;2025-04-11;F;1;0;0;10331;3432511;76947;
1081;Nordjylland;2025-04-11;F;1;0;1;10331;3432512;76948;
1083;Syddanmark;2025-04-11;F;2;0;1;10331;3432514;76949;
1084;Hovedstaden;2025-04-11;M;3;1;1;10332;3432517;76950;
1084;Hovedstaden;2025-04-12;F;1;0;0;10332;3432518;76950;
1085;Sjælland;2025-04-12;F;2;0;2;10332;3432520;76952;
1084;Hovedstaden;2025-04-12;M;1;0;1;10332;3432521;76953;
1084;Hovedstaden;2025-04-13;F;1;0;1;10332;3432522;76954;
1083;Syddanmark;2025-04-13;F;1;0;1;10332;3432523;76955;
1084;Hovedstaden;2025-04-13;M;3;0;3;10332;3432526;76958;
1084;Hovedstaden;2025-04-14;F;4;0;2;10332;3432530;76960;
1083;Syddanmark;2025-04-14;F;1;0;1;10332;3432531;76961;
1084;Hovedstaden;2025-04-14;M;2;0;1;10332;3432533;76962;
1084;Hovedstaden;2025-04-15;F;1;0;1;10332;3432534;76963;
1082;Midtjylland;2025-04-15;F;1;0;1;10332;3432535;76964;
1084;Hovedstaden;2025-04-15;M;4;1;0;10333;3432539;76964;
1085;Sjælland;2025-04-15;M;1;1;0;10334;3432540;76964;
1083;Syddanmark;2025-04-15;M;1;0;1;10334;3432541;76965;
1084;Hovedstaden;2025-04-16;F;3;0;0;10334;3432544;76965;
1081;Nordjylland;2025-04-16;F;1;0;1;10334;3432545;76966;
1083;Syddanmark;2025-04-16;F;1;0;0;10334;3432546;76966;
1084;Hovedstaden;2025-04-16;M;1;1;1;10335;3432547;76967;
1083;Syddanmark;2025-04-16;M;1;0;1;10335;3432548;76968;
1084;Hovedstaden;2025-04-17;F;1;1;1;10336;3432549;76969;
1084;Hovedstaden;2025-04-17;M;2;0;1;10336;3432551;76970;
1085;Sjælland;2025-04-17;M;1;0;1;10336;3432552;76971;
1084;Hovedstaden;2025-04-18;F;1;0;1;10336;3432553;76972;
1084;Hovedstaden;2025-04-18;M;2;1;2;10337;3432555;76974;
1082;Midtjylland;2025-04-18;M;1;0;1;10337;3432556;76975;
1081;Nordjylland;2025-04-18;M;1;0;1;10337;3432557;76976;
1085;Sjælland;2025-04-18;M;1;0;1;10337;3432558;76977;
1084;Hovedstaden;2025-04-19;F;1;0;1;10337;3432559;76978;
1083;Syddanmark;2025-04-19;F;1;0;0;10337;3432560;76978;
1084;Hovedstaden;2025-04-19;M;1;0;1;10337;3432561;76979;
1084;Hovedstaden;2025-04-20;F;1;0;1;10337;3432562;76980;
1081;Nordjylland;2025-04-20;F;1;0;1;10337;3432563;76981;
1084;Hovedstaden;2025-04-20;M;2;0;1;10337;3432565;76982;
1085;Sjælland;2025-04-21;F;2;0;1;10337;3432567;76983;
1083;Syddanmark;2025-04-21;F;1;0;0;10337;3432568;76983;
1084;Hovedstaden;2025-04-21;M;5;0;3;10337;3432573;76986;
1082;Midtjylland;2025-04-21;M;1;0;1;10337;3432574;76987;
1081;Nordjylland;2025-04-21;M;1;0;1;10337;3432575;76988;
1084;Hovedstaden;2025-04-22;F;1;0;0;10337;3432576;76988;
1084;Hovedstaden;2025-04-22;M;4;0;2;10337;3432580;76990;
1082;Midtjylland;2025-04-22;M;1;0;1;10337;3432581;76991;
1085;Sjælland;2025-04-22;M;1;0;1;10337;3432582;76992;
1084;Hovedstaden;2025-04-23;F;1;0;1;10337;3432583;76993;
1085;Sjælland;2025-04-23;F;2;0;2;10337;3432585;76995;
1083;Syddanmark;2025-04-23;F;1;0;0;10337;3432586;76995;
1084;Hovedstaden;2025-04-23;M;3;1;1;10338;3432589;76996;
1084;Hovedstaden;2025-04-24;F;1;0;0;10338;3432590;76996;
1083;Syddanmark;2025-04-24;F;3;0;2;10338;3432593;76998;
1084;Hovedstaden;2025-04-24;M;1;0;0;10338;3432594;76998;
1081;Nordjylland;2025-04-24;M;2;1;2;10339;3432596;77000;
1083;Syddanmark;2025-04-24;M;2;1;2;10340;3432598;77002;
1084;Hovedstaden;2025-04-25;F;5;0;2;10340;3432603;77004;
1083;Syddanmark;2025-04-25;F;2;0;2;10340;3432605;77006;
1084;Hovedstaden;2025-04-25;M;1;0;0;10340;3432606;77006;
1083;Syddanmark;2025-04-25;M;1;0;0;10340;3432607;77006;
1084;Hovedstaden;2025-04-26;F;2;0;1;10340;3432609;77007;
1085;Sjælland;2025-04-26;F;1;0;1;10340;3432610;77008;
1084;Hovedstaden;2025-04-26;M;1;0;1;10340;3432611;77009;
1084;Hovedstaden;2025-04-27;F;2;0;0;10340;3432613;77009;
1084;Hovedstaden;2025-04-27;M;1;0;1;10340;3432614;77010;
1082;Midtjylland;2025-04-27;M;1;0;1;10340;3432615;77011;
1085;Sjælland;2025-04-27;M;1;0;1;10340;3432616;77012;
1084;Hovedstaden;2025-04-28;F;5;0;2;10340;3432621;77014;
1082;Midtjylland;2025-04-28;F;1;0;0;10340;3432622;77014;
1081;Nordjylland;2025-04-28;F;1;0;1;10340;3432623;77015;
1084;Hovedstaden;2025-04-28;M;6;0;1;10340;3432629;77016;
1085;Sjælland;2025-04-28;M;1;0;1;10340;3432630;77017;
1084;Hovedstaden;2025-04-29;F;2;0;1;10340;3432632;77018;
1085;Sjælland;2025-04-29;F;1;0;1;10340;3432633;77019;
1083;Syddanmark;2025-04-29;F;1;0;0;10340;3432634;77019;
1084;Hovedstaden;2025-04-29;M;5;1;3;10341;3432639;77022;
1083;Syddanmark;2025-04-29;M;2;0;2;10341;3432641;77024;
1084;Hovedstaden;2025-04-30;F;5;0;1;10341;3432646;77025;
1082;Midtjylland;2025-04-30;F;1;0;1;10341;3432647;77026;
1081;Nordjylland;2025-04-30;F;1;0;1;10341;3432648;77027;
1083;Syddanmark;2025-04-30;M;1;0;1;10341;3432649;77028;
1084;Hovedstaden;2025-05-01;F;2;0;0;10341;3432651;77028;
1081;Nordjylland;2025-05-01;M;1;0;0;10341;3432652;77028;
1085;Sjælland;2025-05-01;M;1;0;1;10341;3432653;77029;
1083;Syddanmark;2025-05-01;M;1;0;1;10341;3432654;77030;
1084;Hovedstaden;2025-05-02;F;3;0;3;10341;3432657;77033;
1082;Midtjylland;2025-05-02;F;1;0;1;10341;3432658;77034;
1085;Sjælland;2025-05-02;F;1;0;0;10341;3432659;77034;
1084;Hovedstaden;2025-05-02;M;3;0;2;10341;3432662;77036;
1083;Syddanmark;2025-05-02;M;1;0;1;10341;3432663;77037;
1084;Hovedstaden;2025-05-03;F;1;0;0;10341;3432664;77037;
1082;Midtjylland;2025-05-03;F;1;0;0;10341;3432665;77037;
1084;Hovedstaden;2025-05-04;M;1;0;1;10341;3432666;77038;
1084;Hovedstaden;2025-05-05;F;5;0;2;10341;3432671;77040;
1084;Hovedstaden;2025-05-05;M;4;0;1;10341;3432675;77041;
1082;Midtjylland;2025-05-05;M;1;0;1;10341;3432676;77042;
1084;Hovedstaden;2025-05-06;F;3;0;2;10341;3432679;77044;
1083;Syddanmark;2025-05-06;F;1;0;1;10341;3432680;77045;
1084;Hovedstaden;2025-05-06;M;2;0;1;10341;3432682;77046;
1082;Midtjylland;2025-05-06;M;1;0;1;10341;3432683;77047;
1084;Hovedstaden;2025-05-07;F;1;0;1;10341;3432684;77048;
1082;Midtjylland;2025-05-07;F;1;0;1;10341;3432685;77049;
1084;Hovedstaden;2025-05-07;M;1;0;0;10341;3432686;77049;
1085;Sjælland;2025-05-07;M;1;0;1;10341;3432687;77050;
1084;Hovedstaden;2025-05-08;F;5;0;1;10341;3432692;77051;
1081;Nordjylland;2025-05-08;F;1;0;0;10341;3432693;77051;
1083;Syddanmark;2025-05-08;F;1;0;1;10341;3432694;77052;
1081;Nordjylland;2025-05-08;M;1;0;0;10341;3432695;77052;
1084;Hovedstaden;2025-05-09;F;1;0;0;10341;3432696;77052;
1085;Sjælland;2025-05-09;F;2;0;1;10341;3432698;77053;
1083;Syddanmark;2025-05-09;F;3;0;2;10341;3432701;77055;
1084;Hovedstaden;2025-05-09;M;1;1;1;10342;3432702;77056;
1083;Syddanmark;2025-05-09;M;2;0;2;10342;3432704;77058;
1084;Hovedstaden;2025-05-10;F;1;0;1;10342;3432705;77059;
1084;Hovedstaden;2025-05-10;M;1;0;1;10342;3432706;77060;
1084;Hovedstaden;2025-05-11;F;1;0;1;10342;3432707;77061;
1081;Nordjylland;2025-05-11;F;1;0;1;10342;3432708;77062;
1085;Sjælland;2025-05-11;F;1;0;1;10342;3432709;77063;
1084;Hovedstaden;2025-05-11;M;3;0;3;10342;3432712;77066;
1084;Hovedstaden;2025-05-12;F;3;0;2;10342;3432715;77068;
1081;Nordjylland;2025-05-12;F;1;1;1;10343;3432716;77069;
1084;Hovedstaden;2025-05-12;M;4;0;3;10343;3432720;77072;
1083;Syddanmark;2025-05-12;M;1;0;1;10343;3432721;77073;
1084;Hovedstaden;2025-05-13;F;4;1;1;10344;3432725;77074;
1083;Syddanmark;2025-05-13;F;1;0;0;10344;3432726;77074;
1084;Hovedstaden;2025-05-13;M;1;0;0;10344;3432727;77074;
1083;Syddanmark;2025-05-13;M;1;0;0;10344;3432728;77074;
1084;Hovedstaden;2025-05-14;F;2;0;0;10344;3432730;77074;
1083;Syddanmark;2025-05-14;F;1;0;1;10344;3432731;77075;
1084;Hovedstaden;2025-05-14;M;2;0;1;10344;3432733;77076;
1082;Midtjylland;2025-05-14;M;1;0;1;10344;3432734;77077;
1085;Sjælland;2025-05-14;M;1;0;0;10344;3432735;77077;
1083;Syddanmark;2025-05-14;M;1;0;1;10344;3432736;77078;
1084;Hovedstaden;2025-05-15;F;2;0;1;10344;3432738;77079;
1085;Sjælland;2025-05-15;F;1;0;1;10344;3432739;77080;
1084;Hovedstaden;2025-05-15;M;4;1;2;10345;3432743;77082;
1085;Sjælland;2025-05-15;M;2;0;2;10345;3432745;77084;
1084;Hovedstaden;2025-05-16;F;4;0;1;10345;3432749;77085;
1084;Hovedstaden;2025-05-17;F;3;1;2;10346;3432752;77087;
1084;Hovedstaden;2025-05-17;M;2;0;1;10346;3432754;77088;
1085;Sjælland;2025-05-17;M;1;0;1;10346;3432755;77089;
1083;Syddanmark;2025-05-17;M;1;0;1;10346;3432756;77090;
1084;Hovedstaden;2025-05-18;M;2;0;2;10346;3432758;77092;
1085;Sjælland;2025-05-18;M;1;0;1;10346;3432759;77093;
1084;Hovedstaden;2025-05-19;F;2;0;1;10346;3432761;77094;
1082;Midtjylland;2025-05-19;F;1;0;1;10346;3432762;77095;
1081;Nordjylland;2025-05-19;F;1;0;1;10346;3432763;77096;
1083;Syddanmark;2025-05-19;F;1;0;1;10346;3432764;77097;
1084;Hovedstaden;2025-05-19;M;3;0;1;10346;3432767;77098;
1082;Midtjylland;2025-05-19;M;1;0;0;10346;3432768;77098;
1081;Nordjylland;2025-05-19;M;1;0;1;10346;3432769;77099;
1085;Sjælland;2025-05-19;M;1;0;0;10346;3432770;77099;
1083;Syddanmark;2025-05-19;M;1;0;0;10346;3432771;77099;
1084;Hovedstaden;2025-05-20;F;2;0;1;10346;3432773;77100;
1084;Hovedstaden;2025-05-20;M;6;0;4;10346;3432779;77104;
1082;Midtjylland;2025-05-20;M;1;0;1;10346;3432780;77105;
1083;Syddanmark;2025-05-20;M;1;1;1;10347;3432781;77106;
1084;Hovedstaden;2025-05-21;F;4;0;0;10347;3432785;77106;
1081;Nordjylland;2025-05-21;F;2;0;2;10347;3432787;77108;
1085;Sjælland;2025-05-21;F;2;0;2;10347;3432789;77110;
1084;Hovedstaden;2025-05-21;M;3;0;2;10347;3432792;77112;
1085;Sjælland;2025-05-21;M;2;0;2;10347;3432794;77114;
1084;Hovedstaden;2025-05-22;F;1;0;0;10347;3432795;77114;
1082;Midtjylland;2025-05-22;F;1;0;0;10347;3432796;77114;
1085;Sjælland;2025-05-22;F;1;0;0;10347;3432797;77114;
1084;Hovedstaden;2025-05-22;M;4;0;2;10347;3432801;77116;
1082;Midtjylland;2025-05-22;M;2;0;1;10347;3432803;77117;
1085;Sjælland;2025-05-22;M;1;0;0;10347;3432804;77117;
1083;Syddanmark;2025-05-22;M;1;1;1;10348;3432805;77118;
1084;Hovedstaden;2025-05-23;F;2;0;1;10348;3432807;77119;
1083;Syddanmark;2025-05-23;F;1;0;1;10348;3432808;77120;
1084;Hovedstaden;2025-05-23;M;4;0;3;10348;3432812;77123;
1085;Sjælland;2025-05-23;M;1;0;1;10348;3432813;77124;
1083;Syddanmark;2025-05-23;M;2;0;1;10348;3432815;77125;
1081;Nordjylland;2025-05-24;F;1;0;1;10348;3432816;77126;
1084;Hovedstaden;2025-05-24;M;1;0;1;10348;3432817;77127;
1085;Sjælland;2025-05-24;M;1;0;1;10348;3432818;77128;
1084;Hovedstaden;2025-05-25;F;3;0;2;10348;3432821;77130;
1085;Sjælland;2025-05-25;F;1;0;1;10348;3432822;77131;
1083;Syddanmark;2025-05-25;F;1;0;1;10348;3432823;77132;
1084;Hovedstaden;2025-05-25;M;2;0;1;10348;3432825;77133;
1085;Sjælland;2025-05-25;M;1;0;1;10348;3432826;77134;
1084;Hovedstaden;2025-05-26;F;3;0;1;10348;3432829;77135;
1082;Midtjylland;2025-05-26;F;1;0;1;10348;3432830;77136;
1081;Nordjylland;2025-05-26;F;1;0;1;10348;3432831;77137;
1085;Sjælland;2025-05-26;F;1;0;0;10348;3432832;77137;
1083;Syddanmark;2025-05-26;F;1;0;0;10348;3432833;77137;
1084;Hovedstaden;2025-05-26;M;2;0;0;10348;3432835;77137;
1083;Syddanmark;2025-05-26;M;1;0;0;10348;3432836;77137;
1084;Hovedstaden;2025-05-27;F;4;0;1;10348;3432840;77138;
1084;Hovedstaden;2025-05-27;M;1;0;0;10348;3432841;77138;
1082;Midtjylland;2025-05-27;M;2;0;1;10348;3432843;77139;
1085;Sjælland;2025-05-27;M;1;0;1;10348;3432844;77140;
1083;Syddanmark;2025-05-27;M;2;0;1;10348;3432846;77141;
1084;Hovedstaden;2025-05-28;F;4;0;0;10348;3432850;77141;
1081;Nordjylland;2025-05-28;F;1;1;0;10349;3432851;77141;
1083;Syddanmark;2025-05-28;F;1;0;1;10349;3432852;77142;
1082;Midtjylland;2025-05-28;M;2;0;1;10349;3432854;77143;
1084;Hovedstaden;2025-05-29;F;2;0;1;10349;3432856;77144;
1085;Sjælland;2025-05-29;F;1;0;0;10349;3432857;77144;
1084;Hovedstaden;2025-05-29;M;2;0;2;10349;3432859;77146;
1084;Hovedstaden;2025-05-30;F;2;0;2;10349;3432861;77148;
1083;Syddanmark;2025-05-30;F;1;0;1;10349;3432862;77149;
1084;Hovedstaden;2025-05-30;M;2;0;0;10349;3432864;77149;
1085;Sjælland;2025-05-30;M;1;0;0;10349;3432865;77149;
1083;Syddanmark;2025-05-30;M;1;1;1;10350;3432866;77150;
1084;Hovedstaden;2025-05-31;F;2;0;2;10350;3432868;77152;
1085;Sjælland;2025-05-31;F;1;0;1;10350;3432869;77153;
1083;Syddanmark;2025-05-31;F;1;0;1;10350;3432870;77154;
1084;Hovedstaden;2025-05-31;M;1;0;0;10350;3432871;77154;
1084;Hovedstaden;2025-06-01;F;1;0;1;10350;3432872;77155;
1084;Hovedstaden;2025-06-01;M;2;0;2;10350;3432874;77157;
1084;Hovedstaden;2025-06-02;F;6;0;2;10350;3432880;77159;
1081;Nordjylland;2025-06-02;F;1;0;1;10350;3432881;77160;
1085;Sjælland;2025-06-02;F;1;1;1;10351;3432882;77161;
1084;Hovedstaden;2025-06-02;M;3;0;1;10351;3432885;77162;
1082;Midtjylland;2025-06-02;M;1;0;1;10351;3432886;77163;
1085;Sjælland;2025-06-02;M;2;0;1;10351;3432888;77164;
1083;Syddanmark;2025-06-02;M;1;0;1;10351;3432889;77165;
1084;Hovedstaden;2025-06-03;F;5;0;4;10351;3432894;77169;
1081;Nordjylland;2025-06-03;F;1;0;0;10351;3432895;77169;
1083;Syddanmark;2025-06-03;F;2;0;1;10351;3432897;77170;
1084;Hovedstaden;2025-06-03;M;1;0;0;10351;3432898;77170;
1081;Nordjylland;2025-06-03;M;2;0;2;10351;3432900;77172;
1085;Sjælland;2025-06-03;M;1;0;1;10351;3432901;77173;
1083;Syddanmark;2025-06-03;M;1;0;1;10351;3432902;77174;
1084;Hovedstaden;2025-06-04;F;2;0;1;10351;3432904;77175;
1085;Sjælland;2025-06-04;F;1;0;0;10351;3432905;77175;
1083;Syddanmark;2025-06-04;F;1;0;0;10351;3432906;77175;
1084;Hovedstaden;2025-06-04;M;7;0;2;10351;3432913;77177;
1085;Sjælland;2025-06-04;M;1;0;1;10351;3432914;77178;
1083;Syddanmark;2025-06-04;M;1;0;1;10351;3432915;77179;
1084;Hovedstaden;2025-06-05;F;1;0;1;10351;3432916;77180;
1084;Hovedstaden;2025-06-05;M;1;0;1;10351;3432917;77181;
1085;Sjælland;2025-06-05;M;1;0;1;10351;3432918;77182;
1083;Syddanmark;2025-06-05;M;1;0;1;10351;3432919;77183;
1084;Hovedstaden;2025-06-06;F;1;0;1;10351;3432920;77184;
1082;Midtjylland;2025-06-06;F;1;0;1;10351;3432921;77185;
1081;Nordjylland;2025-06-06;F;1;0;1;10351;3432922;77186;
1084;Hovedstaden;2025-06-06;M;3;0;0;10351;3432925;77186;
1083;Syddanmark;2025-06-06;M;1;0;0;10351;3432926;77186;
1084;Hovedstaden;2025-06-07;F;1;0;0;10351;3432927;77186;
1081;Nordjylland;2025-06-07;F;1;0;1;10351;3432928;77187;
1083;Syddanmark;2025-06-07;F;1;0;1;10351;3432929;77188;
1081;Nordjylland;2025-06-07;M;1;0;1;10351;3432930;77189;
1085;Sjælland;2025-06-07;M;2;0;2;10351;3432932;77191;
1085;Sjælland;2025-06-08;F;1;0;0;10351;3432933;77191;
1085;Sjælland;2025-06-08;M;2;0;2;10351;3432935;77193;
1084;Hovedstaden;2025-06-09;F;3;0;1;10351;3432938;77194;
1083;Syddanmark;2025-06-09;F;1;0;0;10351;3432939;77194;
1084;Hovedstaden;2025-06-09;M;2;1;2;10352;3432941;77196;
1081;Nordjylland;2025-06-09;M;1;0;0;10352;3432942;77196;
1083;Syddanmark;2025-06-09;M;1;0;0;10352;3432943;77196;
1084;Hovedstaden;2025-06-10;F;3;0;2;10352;3432946;77198;
1085;Sjælland;2025-06-10;F;1;0;0;10352;3432947;77198;
1084;Hovedstaden;2025-06-10;M;2;0;0;10352;3432949;77198;
1085;Sjælland;2025-06-10;M;1;0;1;10352;3432950;77199;
1084;Hovedstaden;2025-06-11;F;2;0;1;10352;3432952;77200;
1084;Hovedstaden;2025-06-11;M;3;0;3;10352;3432955;77203;
1082;Midtjylland;2025-06-11;M;1;0;1;10352;3432956;77204;
1085;Sjælland;2025-06-11;M;1;0;1;10352;3432957;77205;
1083;Syddanmark;2025-06-11;M;1;0;1;10352;3432958;77206;
1084;Hovedstaden;2025-06-12;F;1;0;1;10352;3432959;77207;
1084;Hovedstaden;2025-06-12;M;2;0;0;10352;3432961;77207;
1081;Nordjylland;2025-06-12;M;1;0;1;10352;3432962;77208;
1084;Hovedstaden;2025-06-13;F;1;0;1;10352;3432963;77209;
1082;Midtjylland;2025-06-13;F;1;0;0;10352;3432964;77209;
1081;Nordjylland;2025-06-13;F;1;0;1;10352;3432965;77210;
1084;Hovedstaden;2025-06-13;M;3;0;1;10352;3432968;77211;
1085;Sjælland;2025-06-13;M;1;0;1;10352;3432969;77212;
1083;Syddanmark;2025-06-13;M;1;0;0;10352;3432970;77212;
1084;Hovedstaden;2025-06-14;F;2;0;2;10352;3432972;77214;
1084;Hovedstaden;2025-06-14;M;1;0;1;10352;3432973;77215;
1085;Sjælland;2025-06-14;M;1;0;1;10352;3432974;77216;
1083;Syddanmark;2025-06-14;M;2;0;2;10352;3432976;77218;
1085;Sjælland;2025-06-15;F;2;0;2;10352;3432978;77220;
1085;Sjælland;2025-06-15;M;1;0;1;10352;3432979;77221;
1083;Syddanmark;2025-06-15;M;1;0;1;10352;3432980;77222;
1084;Hovedstaden;2025-06-16;F;7;0;1;10352;3432987;77223;
1082;Midtjylland;2025-06-16;F;1;0;0;10352;3432988;77223;
1084;Hovedstaden;2025-06-16;M;4;0;1;10352;3432992;77224;
1081;Nordjylland;2025-06-16;M;1;0;0;10352;3432993;77224;
1085;Sjælland;2025-06-16;M;1;0;0;10352;3432994;77224;
1083;Syddanmark;2025-06-16;M;1;0;1;10352;3432995;77225;
1084;Hovedstaden;2025-06-17;F;4;0;1;10352;3432999;77226;
1082;Midtjylland;2025-06-17;F;1;0;1;10352;3433000;77227;
1083;Syddanmark;2025-06-17;F;1;0;1;10352;3433001;77228;
1084;Hovedstaden;2025-06-17;M;6;0;3;10352;3433007;77231;
1082;Midtjylland;2025-06-17;M;1;0;0;10352;3433008;77231;
1084;Hovedstaden;2025-06-18;F;2;0;0;10352;3433010;77231;
1082;Midtjylland;2025-06-18;F;1;0;0;10352;3433011;77231;
1084;Hovedstaden;2025-06-18;M;2;0;0;10352;3433013;77231;
1085;Sjælland;2025-06-18;M;1;0;1;10352;3433014;77232;
1084;Hovedstaden;2025-06-19;F;2;0;1;10352;3433016;77233;
1085;Sjælland;2025-06-19;F;2;0;1;10352;3433018;77234;
1083;Syddanmark;2025-06-19;F;1;0;0;10352;3433019;77234;
1084;Hovedstaden;2025-06-19;M;3;0;1;10352;3433022;77235;
1082;Midtjylland;2025-06-19;M;1;0;0;10352;3433023;77235;
1083;Syddanmark;2025-06-19;M;3;0;2;10352;3433026;77237;
1084;Hovedstaden;2025-06-20;F;5;0;0;10352;3433031;77237;
1082;Midtjylland;2025-06-20;F;1;0;1;10352;3433032;77238;
1083;Syddanmark;2025-06-20;F;1;0;1;10352;3433033;77239;
1084;Hovedstaden;2025-06-20;M;2;0;1;10352;3433035;77240;
1085;Sjælland;2025-06-20;M;1;0;1;10352;3433036;77241;
1083;Syddanmark;2025-06-20;M;1;0;1;10352;3433037;77242;
1084;Hovedstaden;2025-06-21;F;3;0;1;10352;3433040;77243;
1084;Hovedstaden;2025-06-21;M;3;1;3;10353;3433043;77246;
1084;Hovedstaden;2025-06-22;F;2;0;1;10353;3433045;77247;
1084;Hovedstaden;2025-06-22;M;4;0;2;10353;3433049;77249;
1084;Hovedstaden;2025-06-23;F;3;0;1;10353;3433052;77250;
1085;Sjælland;2025-06-23;F;3;0;1;10353;3433055;77251;
1084;Hovedstaden;2025-06-23;M;3;0;0;10353;3433058;77251;
1081;Nordjylland;2025-06-23;M;1;0;1;10353;3433059;77252;
1083;Syddanmark;2025-06-23;M;1;0;1;10353;3433060;77253;
1084;Hovedstaden;2025-06-24;F;1;0;0;10353;3433061;77253;
1081;Nordjylland;2025-06-24;F;1;0;1;10353;3433062;77254;
1084;Hovedstaden;2025-06-24;M;4;1;2;10354;3433066;77256;
1083;Syddanmark;2025-06-24;M;1;0;0;10354;3433067;77256;
1084;Hovedstaden;2025-06-25;F;2;0;0;10354;3433069;77256;
1085;Sjælland;2025-06-25;F;1;0;0;10354;3433070;77256;
1083;Syddanmark;2025-06-25;F;2;0;1;10354;3433072;77257;
1084;Hovedstaden;2025-06-25;M;1;0;0;10354;3433073;77257;
1082;Midtjylland;2025-06-25;M;1;0;0;10354;3433074;77257;
1083;Syddanmark;2025-06-25;M;1;0;0;10354;3433075;77257;
1084;Hovedstaden;2025-06-26;F;4;0;0;10354;3433079;77257;
1082;Midtjylland;2025-06-26;F;1;0;1;10354;3433080;77258;
1084;Hovedstaden;2025-06-26;M;1;0;0;10354;3433081;77258;
1085;Sjælland;2025-06-26;M;1;0;1;10354;3433082;77259;
1083;Syddanmark;2025-06-26;M;1;0;0;10354;3433083;77259;
1084;Hovedstaden;2025-06-27;F;4;0;2;10354;3433087;77261;
1085;Sjælland;2025-06-27;F;1;0;1;10354;3433088;77262;
1083;Syddanmark;2025-06-27;F;1;0;0;10354;3433089;77262;
1084;Hovedstaden;2025-06-27;M;2;0;1;10354;3433091;77263;
1083;Syddanmark;2025-06-27;M;2;0;0;10354;3433093;77263;
1084;Hovedstaden;2025-06-28;F;1;0;1;10354;3433094;77264;
1082;Midtjylland;2025-06-28;F;1;0;1;10354;3433095;77265;
1081;Nordjylland;2025-06-28;F;2;1;2;10355;3433097;77267;
1085;Sjælland;2025-06-28;F;1;0;1;10355;3433098;77268;
1084;Hovedstaden;2025-06-28;M;1;0;0;10355;3433099;77268;
1083;Syddanmark;2025-06-28;M;1;0;1;10355;3433100;77269;
1084;Hovedstaden;2025-06-29;F;3;0;3;10355;3433103;77272;
1085;Sjælland;2025-06-29;M;1;1;1;10356;3433104;77273;
1084;Hovedstaden;2025-06-30;F;9;0;2;10356;3433113;77275;
1085;Sjælland;2025-06-30;F;1;0;1;10356;3433114;77276;
1084;Hovedstaden;2025-06-30;M;2;0;1;10356;3433116;77277;
1081;Nordjylland;2025-06-30;M;1;0;1;10356;3433117;77278;
1084;Hovedstaden;2025-07-01;F;2;0;0;10356;3433119;77278;
1081;Nordjylland;2025-07-01;F;1;0;1;10356;3433120;77279;
1083;Syddanmark;2025-07-01;F;1;0;1;10356;3433121;77280;
1084;Hovedstaden;2025-07-01;M;2;0;0;10356;3433123;77280;
1084;Hovedstaden;2025-07-02;F;4;0;2;10356;3433127;77282;
1081;Nordjylland;2025-07-02;F;2;0;2;10356;3433129;77284;
1085;Sjælland;2025-07-02;F;1;1;1;10357;3433130;77285;
1084;Hovedstaden;2025-07-02;M;7;2;2;10359;3433137;77287;
1084;Hovedstaden;2025-07-03;F;3;0;1;10359;3433140;77288;
1084;Hovedstaden;2025-07-03;M;2;0;2;10359;3433142;77290;
1082;Midtjylland;2025-07-03;M;1;0;1;10359;3433143;77291;
1081;Nordjylland;2025-07-03;M;1;0;1;10359;3433144;77292;
1083;Syddanmark;2025-07-04;F;1;0;0;10359;3433145;77292;
1084;Hovedstaden;2025-07-04;M;2;0;1;10359;3433147;77293;
1081;Nordjylland;2025-07-04;M;1;0;1;10359;3433148;77294;
1085;Sjælland;2025-07-05;F;1;0;0;10359;3433149;77294;
1084;Hovedstaden;2025-07-05;M;1;0;0;10359;3433150;77294;
1081;Nordjylland;2025-07-05;M;1;0;1;10359;3433151;77295;
1084;Hovedstaden;2025-07-06;F;3;0;1;10359;3433154;77296;
1081;Nordjylland;2025-07-06;F;1;0;1;10359;3433155;77297;
1084;Hovedstaden;2025-07-06;M;1;1;1;10360;3433156;77298;
1081;Nordjylland;2025-07-06;M;1;0;0;10360;3433157;77298;
1085;Sjælland;2025-07-06;M;1;0;1;10360;3433158;77299;
1084;Hovedstaden;2025-07-07;F;2;0;1;10360;3433160;77300;
1081;Nordjylland;2025-07-07;F;1;0;1;10360;3433161;77301;
1085;Sjælland;2025-07-07;F;2;0;0;10360;3433163;77301;
1084;Hovedstaden;2025-07-07;M;4;0;2;10360;3433167;77303;
1085;Sjælland;2025-07-07;M;3;0;1;10360;3433170;77304;
1083;Syddanmark;2025-07-07;M;2;0;1;10360;3433172;77305;
1084;Hovedstaden;2025-07-08;F;4;0;1;10360;3433176;77306;
1084;Hovedstaden;2025-07-08;M;3;0;0;10360;3433179;77306;
1085;Sjælland;2025-07-08;M;3;0;3;10360;3433182;77309;
1083;Syddanmark;2025-07-08;M;1;0;1;10360;3433183;77310;
1084;Hovedstaden;2025-07-09;F;2;0;0;10360;3433185;77310;
1083;Syddanmark;2025-07-09;F;1;0;1;10360;3433186;77311;
1084;Hovedstaden;2025-07-10;F;4;0;2;10360;3433190;77313;
1081;Nordjylland;2025-07-10;F;1;0;1;10360;3433191;77314;
1083;Syddanmark;2025-07-10;F;1;0;0;10360;3433192;77314;
1084;Hovedstaden;2025-07-10;M;1;0;0;10360;3433193;77314;
1082;Midtjylland;2025-07-10;M;1;0;1;10360;3433194;77315;
1083;Syddanmark;2025-07-10;M;1;0;0;10360;3433195;77315;
1084;Hovedstaden;2025-07-11;F;3;0;0;10360;3433198;77315;
1085;Sjælland;2025-07-11;F;2;0;1;10360;3433200;77316;
1083;Syddanmark;2025-07-11;F;1;0;0;10360;3433201;77316;
1084;Hovedstaden;2025-07-11;M;1;0;1;10360;3433202;77317;
1081;Nordjylland;2025-07-11;M;1;0;0;10360;3433203;77317;
1084;Hovedstaden;2025-07-12;F;1;0;0;10360;3433204;77317;
1085;Sjælland;2025-07-12;F;1;0;1;10360;3433205;77318;
1084;Hovedstaden;2025-07-12;M;2;0;0;10360;3433207;77318;
1083;Syddanmark;2025-07-12;M;1;0;1;10360;3433208;77319;
1084;Hovedstaden;2025-07-13;F;1;0;0;10360;3433209;77319;
1083;Syddanmark;2025-07-13;F;1;0;0;10360;3433210;77319;
1083;Syddanmark;2025-07-13;M;1;0;1;10360;3433211;77320;
1084;Hovedstaden;2025-07-14;F;1;0;0;10360;3433212;77320;
1082;Midtjylland;2025-07-14;F;2;0;2;10360;3433214;77322;
1081;Nordjylland;2025-07-14;F;1;0;1;10360;3433215;77323;
1084;Hovedstaden;2025-07-14;M;5;1;2;10361;3433220;77325;
1082;Midtjylland;2025-07-14;M;1;0;0;10361;3433221;77325;
1081;Nordjylland;2025-07-14;M;1;0;0;10361;3433222;77325;
1085;Sjælland;2025-07-14;M;2;0;2;10361;3433224;77327;
1084;Hovedstaden;2025-07-15;F;2;0;1;10361;3433226;77328;
1082;Midtjylland;2025-07-15;F;1;0;1;10361;3433227;77329;
1085;Sjælland;2025-07-15;F;1;0;1;10361;3433228;77330;
1083;Syddanmark;2025-07-15;F;1;0;1;10361;3433229;77331;
1084;Hovedstaden;2025-07-15;M;1;0;0;10361;3433230;77331;
1081;Nordjylland;2025-07-15;M;1;0;0;10361;3433231;77331;
1084;Hovedstaden;2025-07-16;F;8;0;1;10361;3433239;77332;
1085;Sjælland;2025-07-16;F;1;0;1;10361;3433240;77333;
1084;Hovedstaden;2025-07-16;M;2;0;1;10361;3433242;77334;
1081;Nordjylland;2025-07-16;M;2;0;2;10361;3433244;77336;
1083;Syddanmark;2025-07-16;M;1;1;1;10362;3433245;77337;
1084;Hovedstaden;2025-07-17;F;3;0;1;10362;3433248;77338;
1084;Hovedstaden;2025-07-17;M;3;0;1;10362;3433251;77339;
1082;Midtjylland;2025-07-17;M;1;0;0;10362;3433252;77339;
1081;Nordjylland;2025-07-17;M;1;0;1;10362;3433253;77340;
1083;Syddanmark;2025-07-17;M;1;0;0;10362;3433254;77340;
1084;Hovedstaden;2025-07-18;F;4;0;2;10362;3433258;77342;
1085;Sjælland;2025-07-18;F;1;0;0;10362;3433259;77342;
1083;Syddanmark;2025-07-18;F;1;0;1;10362;3433260;77343;
1084;Hovedstaden;2025-07-18;M;2;0;2;10362;3433262;77345;
1082;Midtjylland;2025-07-18;M;1;0;0;10362;3433263;77345;
1081;Nordjylland;2025-07-18;M;1;0;0;10362;3433264;77345;
1085;Sjælland;2025-07-18;M;1;0;0;10362;3433265;77345;
1082;Midtjylland;2025-07-19;M;1;0;0;10362;3433266;77345;
1084;Hovedstaden;2025-07-20;F;2;0;0;10362;3433268;77345;
1083;Syddanmark;2025-07-20;F;1;0;1;10362;3433269;77346;
1084;Hovedstaden;2025-07-20;M;2;0;0;10362;3433271;77346;
1081;Nordjylland;2025-07-20;M;1;0;1;10362;3433272;77347;
1083;Syddanmark;2025-07-20;M;1;0;1;10362;3433273;77348;
1084;Hovedstaden;2025-07-21;F;3;0;0;10362;3433276;77348;
1082;Midtjylland;2025-07-21;F;1;0;0;10362;3433277;77348;
1084;Hovedstaden;2025-07-21;M;8;0;2;10362;3433285;77350;
1082;Midtjylland;2025-07-21;M;1;0;1;10362;3433286;77351;
1085;Sjælland;2025-07-21;M;1;0;1;10362;3433287;77352;
1084;Hovedstaden;2025-07-22;F;4;0;1;10362;3433291;77353;
1081;Nordjylland;2025-07-22;F;1;0;1;10362;3433292;77354;
1085;Sjælland;2025-07-22;F;1;0;1;10362;3433293;77355;
1084;Hovedstaden;2025-07-22;M;3;0;1;10362;3433296;77356;
1081;Nordjylland;2025-07-22;M;1;0;1;10362;3433297;77357;
1085;Sjælland;2025-07-22;M;1;0;0;10362;3433298;77357;
1082;Midtjylland;2025-07-23;F;2;0;0;10362;3433300;77357;
1085;Sjælland;2025-07-23;F;1;0;0;10362;3433301;77357;
1084;Hovedstaden;2025-07-23;M;3;0;1;10362;3433304;77358;
1085;Sjælland;2025-07-23;M;1;0;1;10362;3433305;77359;
1083;Syddanmark;2025-07-23;M;1;0;1;10362;3433306;77360;
1084;Hovedstaden;2025-07-24;F;3;0;0;10362;3433309;77360;
1082;Midtjylland;2025-07-24;F;1;0;1;10362;3433310;77361;
1084;Hovedstaden;2025-07-24;M;5;0;1;10362;3433315;77362;
1082;Midtjylland;2025-07-24;M;1;0;0;10362;3433316;77362;
1085;Sjælland;2025-07-24;M;2;0;1;10362;3433318;77363;
1083;Syddanmark;2025-07-24;M;1;0;1;10362;3433319;77364;
1084;Hovedstaden;2025-07-25;F;2;0;0;10362;3433321;77364;
1083;Syddanmark;2025-07-25;F;1;0;0;10362;3433322;77364;
1084;Hovedstaden;2025-07-25;M;2;0;1;10362;3433324;77365;
1082;Midtjylland;2025-07-25;M;1;0;1;10362;3433325;77366;
1081;Nordjylland;2025-07-25;M;1;0;1;10362;3433326;77367;
1085;Sjælland;2025-07-25;M;1;0;1;10362;3433327;77368;
1084;Hovedstaden;2025-07-26;F;1;0;0;10362;3433328;77368;
1083;Syddanmark;2025-07-26;F;1;0;0;10362;3433329;77368;
1084;Hovedstaden;2025-07-26;M;1;0;1;10362;3433330;77369;
1083;Syddanmark;2025-07-26;M;1;0;0;10362;3433331;77369;
1081;Nordjylland;2025-07-27;F;1;0;0;10362;3433332;77369;
1083;Syddanmark;2025-07-27;M;1;0;0;10362;3433333;77369;
1084;Hovedstaden;2025-07-28;F;2;0;0;10362;3433335;77369;
1084;Hovedstaden;2025-07-28;M;1;0;0;10362;3433336;77369;
1081;Nordjylland;2025-07-29;F;1;0;0;10362;3433337;77369;
