"Regionskode";"Region";"Dato";"Døde";"Kummuleret antal døde";"timestamp_2026-03-17T10:00:04.992"
;;2020-02-26;0;0;
;;2020-02-27;0;0;
;;2020-02-28;0;0;
;;2020-03-01;0;0;
;;2020-03-02;0;0;
;;2020-03-03;0;0;
;;2020-03-04;0;0;
;;2020-03-05;0;0;
;;2020-03-06;0;0;
;;2020-03-07;0;0;
;;2020-03-08;0;0;
;;2020-03-09;0;0;
;;2020-03-10;0;0;
;;2020-03-11;0;0;
;;2020-03-12;0;0;
;;2020-03-13;0;0;
1084;Hovedstaden;2020-03-14;1;1;
1084;Hovedstaden;2020-03-15;1;2;
1082;Midtjylland;2020-03-15;1;3;
1084;Hovedstaden;2020-03-16;1;4;
1084;Hovedstaden;2020-03-17;1;5;
1085;Sjælland;2020-03-18;1;6;
1084;Hovedstaden;2020-03-18;2;8;
1084;Hovedstaden;2020-03-19;3;11;
1082;Midtjylland;2020-03-19;2;13;
1084;Hovedstaden;2020-03-20;2;15;
1083;Syddanmark;2020-03-20;1;16;
1085;Sjælland;2020-03-20;1;17;
1084;Hovedstaden;2020-03-21;3;20;
1082;Midtjylland;2020-03-22;1;21;
1084;Hovedstaden;2020-03-22;2;23;
1082;Midtjylland;2020-03-23;1;24;
1085;Sjælland;2020-03-23;1;25;
1084;Hovedstaden;2020-03-23;4;29;
1084;Hovedstaden;2020-03-24;1;30;
1085;Sjælland;2020-03-24;4;34;
1081;Nordjylland;2020-03-24;1;35;
1085;Sjælland;2020-03-25;2;37;
1083;Syddanmark;2020-03-25;1;38;
1084;Hovedstaden;2020-03-25;2;40;
1082;Midtjylland;2020-03-25;1;41;
1084;Hovedstaden;2020-03-26;6;47;
1085;Sjælland;2020-03-26;3;50;
1083;Syddanmark;2020-03-26;1;51;
1084;Hovedstaden;2020-03-27;7;58;
1085;Sjælland;2020-03-27;2;60;
1081;Nordjylland;2020-03-27;1;61;
1083;Syddanmark;2020-03-27;2;63;
1081;Nordjylland;2020-03-28;1;64;
1085;Sjælland;2020-03-28;1;65;
1084;Hovedstaden;2020-03-28;4;69;
1083;Syddanmark;2020-03-28;1;70;
1082;Midtjylland;2020-03-28;2;72;
1083;Syddanmark;2020-03-29;3;75;
1081;Nordjylland;2020-03-29;1;76;
1084;Hovedstaden;2020-03-29;2;78;
1082;Midtjylland;2020-03-29;2;80;
1085;Sjælland;2020-03-30;4;84;
1082;Midtjylland;2020-03-30;1;85;
1084;Hovedstaden;2020-03-30;6;91;
1083;Syddanmark;2020-03-31;1;92;
1085;Sjælland;2020-03-31;3;95;
1082;Midtjylland;2020-03-31;1;96;
1084;Hovedstaden;2020-03-31;8;104;
1081;Nordjylland;2020-03-31;2;106;
1083;Syddanmark;2020-04-01;1;107;
1082;Midtjylland;2020-04-01;2;109;
1084;Hovedstaden;2020-04-01;13;122;
1081;Nordjylland;2020-04-01;1;123;
1085;Sjælland;2020-04-01;5;128;
1085;Sjælland;2020-04-02;4;132;
1082;Midtjylland;2020-04-02;4;136;
1081;Nordjylland;2020-04-02;1;137;
1084;Hovedstaden;2020-04-02;9;146;
1084;Hovedstaden;2020-04-03;14;160;
1083;Syddanmark;2020-04-03;1;161;
1085;Sjælland;2020-04-03;4;165;
1082;Midtjylland;2020-04-03;1;166;
1085;Sjælland;2020-04-04;2;168;
1084;Hovedstaden;2020-04-04;7;175;
1081;Nordjylland;2020-04-04;1;176;
1082;Midtjylland;2020-04-04;5;181;
1085;Sjælland;2020-04-05;2;183;
1081;Nordjylland;2020-04-05;1;184;
1084;Hovedstaden;2020-04-05;6;190;
1083;Syddanmark;2020-04-05;1;191;
1082;Midtjylland;2020-04-05;2;193;
1085;Sjælland;2020-04-06;2;195;
1084;Hovedstaden;2020-04-06;11;206;
1083;Syddanmark;2020-04-06;4;210;
1084;Hovedstaden;2020-04-07;11;221;
1081;Nordjylland;2020-04-07;1;222;
1084;Hovedstaden;2020-04-08;8;230;
1085;Sjælland;2020-04-08;4;234;
1082;Midtjylland;2020-04-08;2;236;
1081;Nordjylland;2020-04-08;1;237;
1085;Sjælland;2020-04-09;1;238;
1082;Midtjylland;2020-04-09;3;241;
1081;Nordjylland;2020-04-09;1;242;
1084;Hovedstaden;2020-04-09;7;249;
1082;Midtjylland;2020-04-10;2;251;
1084;Hovedstaden;2020-04-10;10;261;
1081;Nordjylland;2020-04-10;1;262;
1085;Sjælland;2020-04-10;3;265;
1081;Nordjylland;2020-04-11;1;266;
1085;Sjælland;2020-04-11;2;268;
1082;Midtjylland;2020-04-11;2;270;
1084;Hovedstaden;2020-04-11;6;276;
1083;Syddanmark;2020-04-12;1;277;
1082;Midtjylland;2020-04-12;2;279;
1084;Hovedstaden;2020-04-12;8;287;
1083;Syddanmark;2020-04-13;1;288;
1082;Midtjylland;2020-04-13;4;292;
1081;Nordjylland;2020-04-13;2;294;
1085;Sjælland;2020-04-13;1;295;
1084;Hovedstaden;2020-04-13;8;303;
1083;Syddanmark;2020-04-14;1;304;
1084;Hovedstaden;2020-04-14;8;312;
1082;Midtjylland;2020-04-14;3;315;
1084;Hovedstaden;2020-04-15;6;321;
1085;Sjælland;2020-04-15;1;322;
1082;Midtjylland;2020-04-15;3;325;
1083;Syddanmark;2020-04-16;1;326;
1085;Sjælland;2020-04-16;5;331;
1084;Hovedstaden;2020-04-16;5;336;
1082;Midtjylland;2020-04-16;1;337;
1085;Sjælland;2020-04-17;4;341;
1084;Hovedstaden;2020-04-17;4;345;
1082;Midtjylland;2020-04-17;1;346;
1085;Sjælland;2020-04-18;1;347;
1083;Syddanmark;2020-04-18;1;348;
1084;Hovedstaden;2020-04-18;8;356;
1083;Syddanmark;2020-04-19;1;357;
1084;Hovedstaden;2020-04-19;3;360;
1082;Midtjylland;2020-04-19;2;362;
1084;Hovedstaden;2020-04-20;3;365;
1083;Syddanmark;2020-04-20;0;365;
1082;Midtjylland;2020-04-20;1;366;
1081;Nordjylland;2020-04-20;1;367;
1085;Sjælland;2020-04-20;2;369;
1084;Hovedstaden;2020-04-21;8;377;
1082;Midtjylland;2020-04-21;1;378;
1083;Syddanmark;2020-04-21;1;379;
1085;Sjælland;2020-04-21;2;381;
1085;Sjælland;2020-04-22;2;383;
1083;Syddanmark;2020-04-22;1;384;
1082;Midtjylland;2020-04-22;1;385;
1084;Hovedstaden;2020-04-22;10;395;
1081;Nordjylland;2020-04-23;1;396;
1084;Hovedstaden;2020-04-23;6;402;
1083;Syddanmark;2020-04-23;1;403;
1085;Sjælland;2020-04-23;1;404;
1082;Midtjylland;2020-04-23;1;405;
1085;Sjælland;2020-04-24;1;406;
1084;Hovedstaden;2020-04-24;5;411;
1084;Hovedstaden;2020-04-25;4;415;
1085;Sjælland;2020-04-25;1;416;
1084;Hovedstaden;2020-04-26;4;420;
1085;Sjælland;2020-04-26;1;421;
1084;Hovedstaden;2020-04-27;5;426;
1085;Sjælland;2020-04-27;3;429;
1081;Nordjylland;2020-04-27;1;430;
1084;Hovedstaden;2020-04-28;7;437;
1085;Sjælland;2020-04-28;1;438;
1082;Midtjylland;2020-04-28;2;440;
1084;Hovedstaden;2020-04-29;5;445;
1085;Sjælland;2020-04-29;2;447;
1082;Midtjylland;2020-04-29;2;449;
1085;Sjælland;2020-04-30;1;450;
1083;Syddanmark;2020-04-30;1;451;
1082;Midtjylland;2020-04-30;2;453;
1084;Hovedstaden;2020-04-30;5;458;
1082;Midtjylland;2020-05-01;2;460;
1084;Hovedstaden;2020-05-01;3;463;
1083;Syddanmark;2020-05-01;2;465;
1085;Sjælland;2020-05-01;4;469;
1085;Sjælland;2020-05-02;4;473;
1084;Hovedstaden;2020-05-02;4;477;
1084;Hovedstaden;2020-05-03;5;482;
1082;Midtjylland;2020-05-03;2;484;
1085;Sjælland;2020-05-03;2;486;
1085;Sjælland;2020-05-04;3;489;
1082;Midtjylland;2020-05-04;2;491;
1084;Hovedstaden;2020-05-04;2;493;
1083;Syddanmark;2020-05-05;0;493;
1084;Hovedstaden;2020-05-05;1;494;
1085;Sjælland;2020-05-05;2;496;
1081;Nordjylland;2020-05-06;0;496;
1084;Hovedstaden;2020-05-06;4;500;
1085;Sjælland;2020-05-06;2;502;
1085;Sjælland;2020-05-07;2;504;
1084;Hovedstaden;2020-05-07;4;508;
1085;Sjælland;2020-05-08;4;512;
1084;Hovedstaden;2020-05-08;0;512;
1082;Midtjylland;2020-05-09;0;512;
1084;Hovedstaden;2020-05-09;3;515;
1085;Sjælland;2020-05-10;1;516;
1084;Hovedstaden;2020-05-10;2;518;
1082;Midtjylland;2020-05-10;2;520;
1082;Midtjylland;2020-05-11;0;520;
1083;Syddanmark;2020-05-11;0;520;
1084;Hovedstaden;2020-05-11;4;524;
1085;Sjælland;2020-05-12;2;526;
1084;Hovedstaden;2020-05-12;5;531;
1084;Hovedstaden;2020-05-13;5;536;
1085;Sjælland;2020-05-13;0;536;
1082;Midtjylland;2020-05-14;0;536;
1084;Hovedstaden;2020-05-15;2;538;
1085;Sjælland;2020-05-15;3;541;
1083;Syddanmark;2020-05-15;1;542;
1085;Sjælland;2020-05-16;2;544;
1084;Hovedstaden;2020-05-16;1;545;
1084;Hovedstaden;2020-05-17;2;547;
1083;Syddanmark;2020-05-17;1;548;
1085;Sjælland;2020-05-18;3;551;
1084;Hovedstaden;2020-05-18;0;551;
1084;Hovedstaden;2020-05-19;1;552;
1085;Sjælland;2020-05-19;1;553;
1083;Syddanmark;2020-05-20;1;554;
1085;Sjælland;2020-05-20;1;555;
1084;Hovedstaden;2020-05-20;2;557;
1081;Nordjylland;2020-05-20;1;558;
1085;Sjælland;2020-05-21;0;558;
1084;Hovedstaden;2020-05-21;0;558;
1084;Hovedstaden;2020-05-22;1;559;
1085;Sjælland;2020-05-23;0;559;
1084;Hovedstaden;2020-05-23;1;560;
1084;Hovedstaden;2020-05-24;1;561;
1085;Sjælland;2020-05-25;0;561;
1083;Syddanmark;2020-05-26;2;563;
1082;Midtjylland;2020-05-26;0;563;
1084;Hovedstaden;2020-05-26;1;564;
1085;Sjælland;2020-05-27;1;565;
1085;Sjælland;2020-05-28;0;565;
1084;Hovedstaden;2020-05-28;0;565;
1082;Midtjylland;2020-05-29;0;565;
1084;Hovedstaden;2020-05-29;0;565;
1085;Sjælland;2020-05-29;1;566;
1084;Hovedstaden;2020-05-30;4;570;
1084;Hovedstaden;2020-05-31;2;572;
1084;Hovedstaden;2020-06-01;3;575;
1084;Hovedstaden;2020-06-02;1;576;
1082;Midtjylland;2020-06-02;0;576;
1084;Hovedstaden;2020-06-03;1;577;
1084;Hovedstaden;2020-06-04;3;580;
1085;Sjælland;2020-06-04;1;581;
1084;Hovedstaden;2020-06-05;1;582;
1083;Syddanmark;2020-06-05;1;583;
1085;Sjælland;2020-06-05;0;583;
1084;Hovedstaden;2020-06-06;3;586;
1084;Hovedstaden;2020-06-07;1;587;
1085;Sjælland;2020-06-07;1;588;
1084;Hovedstaden;2020-06-08;0;588;
1084;Hovedstaden;2020-06-09;0;588;
1084;Hovedstaden;2020-06-10;0;588;
1085;Sjælland;2020-06-10;0;588;
1085;Sjælland;2020-06-11;1;589;
1085;Sjælland;2020-06-12;2;591;
1084;Hovedstaden;2020-06-12;1;592;
1084;Hovedstaden;2020-06-13;0;592;
1084;Hovedstaden;2020-06-14;1;593;
;;2020-06-15;0;593;
1084;Hovedstaden;2020-06-16;1;594;
1084;Hovedstaden;2020-06-17;1;595;
1084;Hovedstaden;2020-06-18;1;596;
1081;Nordjylland;2020-06-19;1;597;
1084;Hovedstaden;2020-06-20;1;598;
;;2020-06-21;0;598;
;;2020-06-22;0;598;
1085;Sjælland;2020-06-23;1;599;
;;2020-06-24;0;599;
1081;Nordjylland;2020-06-25;1;600;
;;2020-06-26;0;600;
;;2020-06-27;0;600;
1081;Nordjylland;2020-06-28;1;601;
1084;Hovedstaden;2020-06-28;0;601;
1085;Sjælland;2020-06-29;0;601;
;;2020-06-30;0;601;
1085;Sjælland;2020-07-01;1;602;
1085;Sjælland;2020-07-02;0;602;
;;2020-07-03;0;602;
1084;Hovedstaden;2020-07-04;1;603;
;;2020-07-05;0;603;
1084;Hovedstaden;2020-07-06;2;605;
;;2020-07-07;0;605;
;;2020-07-08;0;605;
;;2020-07-09;0;605;
1084;Hovedstaden;2020-07-10;3;608;
1085;Sjælland;2020-07-11;1;609;
;;2020-07-12;0;609;
;;2020-07-13;0;609;
;;2020-07-14;0;609;
1082;Midtjylland;2020-07-15;1;610;
;;2020-07-16;0;610;
1084;Hovedstaden;2020-07-17;1;611;
;;2020-07-18;0;611;
;;2020-07-19;0;611;
;;2020-07-20;0;611;
1081;Nordjylland;2020-07-21;0;611;
1084;Hovedstaden;2020-07-22;2;613;
;;2020-07-23;0;613;
1084;Hovedstaden;2020-07-24;0;613;
1083;Syddanmark;2020-07-25;0;613;
;;2020-07-26;0;613;
1084;Hovedstaden;2020-07-27;0;613;
1085;Sjælland;2020-07-28;1;614;
1081;Nordjylland;2020-07-29;1;615;
1084;Hovedstaden;2020-07-29;0;615;
;;2020-07-30;0;615;
1085;Sjælland;2020-07-31;1;616;
;;2020-08-01;0;616;
;;2020-08-02;0;616;
;;2020-08-03;0;616;
;;2020-08-04;0;616;
1084;Hovedstaden;2020-08-05;1;617;
;;2020-08-06;0;617;
;;2020-08-07;0;617;
1084;Hovedstaden;2020-08-08;1;618;
1084;Hovedstaden;2020-08-09;1;619;
1085;Sjælland;2020-08-09;1;620;
1082;Midtjylland;2020-08-10;1;621;
1081;Nordjylland;2020-08-11;0;621;
1085;Sjælland;2020-08-12;0;621;
;;2020-08-13;0;621;
;;2020-08-14;0;621;
;;2020-08-15;0;621;
;;2020-08-16;0;621;
;;2020-08-17;0;621;
;;2020-08-18;0;621;
;;2020-08-19;0;621;
;;2020-08-20;0;621;
1082;Midtjylland;2020-08-21;1;622;
1084;Hovedstaden;2020-08-21;0;622;
1081;Nordjylland;2020-08-22;1;623;
;;2020-08-23;0;623;
;;2020-08-24;0;623;
1081;Nordjylland;2020-08-25;1;624;
;;2020-08-26;0;624;
;;2020-08-27;0;624;
;;2020-08-28;0;624;
;;2020-08-29;0;624;
;;2020-08-30;0;624;
1081;Nordjylland;2020-08-31;1;625;
1083;Syddanmark;2020-08-31;1;626;
;;2020-09-01;0;626;
;;2020-09-02;0;626;
1081;Nordjylland;2020-09-03;1;627;
;;2020-09-04;0;627;
;;2020-09-05;0;627;
1084;Hovedstaden;2020-09-06;1;628;
1084;Hovedstaden;2020-09-07;1;629;
;;2020-09-08;0;629;
1083;Syddanmark;2020-09-09;1;630;
;;2020-09-10;0;630;
1081;Nordjylland;2020-09-11;1;631;
1084;Hovedstaden;2020-09-12;1;632;
1084;Hovedstaden;2020-09-13;2;634;
;;2020-09-14;0;634;
1084;Hovedstaden;2020-09-15;1;635;
1081;Nordjylland;2020-09-16;1;636;
1082;Midtjylland;2020-09-17;0;636;
;;2020-09-18;0;636;
1084;Hovedstaden;2020-09-19;3;639;
1085;Sjælland;2020-09-20;1;640;
1084;Hovedstaden;2020-09-20;2;642;
1084;Hovedstaden;2020-09-21;1;643;
1081;Nordjylland;2020-09-22;1;644;
1084;Hovedstaden;2020-09-22;1;645;
1084;Hovedstaden;2020-09-23;1;646;
1082;Midtjylland;2020-09-24;0;646;
1084;Hovedstaden;2020-09-24;1;647;
1085;Sjælland;2020-09-24;1;648;
1084;Hovedstaden;2020-09-25;1;649;
1084;Hovedstaden;2020-09-26;1;650;
1081;Nordjylland;2020-09-26;0;650;
;;2020-09-27;0;650;
1084;Hovedstaden;2020-09-28;1;651;
1081;Nordjylland;2020-09-29;1;652;
;;2020-09-30;0;652;
1081;Nordjylland;2020-10-01;1;653;
1082;Midtjylland;2020-10-01;1;654;
1084;Hovedstaden;2020-10-02;2;656;
1083;Syddanmark;2020-10-03;1;657;
1084;Hovedstaden;2020-10-03;2;659;
1082;Midtjylland;2020-10-04;1;660;
1084;Hovedstaden;2020-10-04;1;661;
1081;Nordjylland;2020-10-04;1;662;
1081;Nordjylland;2020-10-05;1;663;
1084;Hovedstaden;2020-10-05;1;664;
;;2020-10-06;0;664;
1083;Syddanmark;2020-10-07;1;665;
1084;Hovedstaden;2020-10-08;1;666;
1082;Midtjylland;2020-10-08;1;667;
1081;Nordjylland;2020-10-08;1;668;
1084;Hovedstaden;2020-10-09;1;669;
1084;Hovedstaden;2020-10-10;3;672;
1085;Sjælland;2020-10-11;1;673;
1084;Hovedstaden;2020-10-11;1;674;
1084;Hovedstaden;2020-10-12;3;677;
1081;Nordjylland;2020-10-13;1;678;
1084;Hovedstaden;2020-10-14;1;679;
;;2020-10-15;0;679;
1081;Nordjylland;2020-10-16;1;680;
1083;Syddanmark;2020-10-16;1;681;
1083;Syddanmark;2020-10-17;4;685;
1081;Nordjylland;2020-10-17;1;686;
1084;Hovedstaden;2020-10-18;1;687;
1083;Syddanmark;2020-10-18;2;689;
1084;Hovedstaden;2020-10-19;1;690;
1082;Midtjylland;2020-10-19;0;690;
1083;Syddanmark;2020-10-20;1;691;
1084;Hovedstaden;2020-10-20;2;693;
1081;Nordjylland;2020-10-21;2;695;
1084;Hovedstaden;2020-10-21;2;697;
1083;Syddanmark;2020-10-22;1;698;
1081;Nordjylland;2020-10-22;0;698;
1084;Hovedstaden;2020-10-22;3;701;
1081;Nordjylland;2020-10-23;1;702;
1082;Midtjylland;2020-10-23;1;703;
1083;Syddanmark;2020-10-23;1;704;
1084;Hovedstaden;2020-10-23;2;706;
1084;Hovedstaden;2020-10-24;2;708;
1083;Syddanmark;2020-10-24;1;709;
1084;Hovedstaden;2020-10-25;2;711;
1082;Midtjylland;2020-10-25;1;712;
1085;Sjælland;2020-10-26;1;713;
1081;Nordjylland;2020-10-26;1;714;
1082;Midtjylland;2020-10-26;1;715;
1084;Hovedstaden;2020-10-26;0;715;
1084;Hovedstaden;2020-10-27;2;717;
1085;Sjælland;2020-10-28;0;717;
1084;Hovedstaden;2020-10-28;2;719;
1081;Nordjylland;2020-10-28;1;720;
1081;Nordjylland;2020-10-29;1;721;
1083;Syddanmark;2020-10-29;1;722;
1084;Hovedstaden;2020-10-30;1;723;
1085;Sjælland;2020-10-31;0;723;
1084;Hovedstaden;2020-10-31;2;725;
1083;Syddanmark;2020-11-01;1;726;
1081;Nordjylland;2020-11-02;1;727;
1084;Hovedstaden;2020-11-02;3;730;
1082;Midtjylland;2020-11-03;1;731;
1081;Nordjylland;2020-11-03;1;732;
1084;Hovedstaden;2020-11-03;1;733;
1081;Nordjylland;2020-11-04;0;733;
1085;Sjælland;2020-11-04;1;734;
1082;Midtjylland;2020-11-04;1;735;
1084;Hovedstaden;2020-11-04;3;738;
1083;Syddanmark;2020-11-05;1;739;
1085;Sjælland;2020-11-05;2;741;
1084;Hovedstaden;2020-11-06;0;741;
1082;Midtjylland;2020-11-06;1;742;
1081;Nordjylland;2020-11-06;2;744;
1085;Sjælland;2020-11-06;1;745;
1081;Nordjylland;2020-11-07;1;746;
1085;Sjælland;2020-11-08;2;748;
1082;Midtjylland;2020-11-08;1;749;
1084;Hovedstaden;2020-11-08;1;750;
1083;Syddanmark;2020-11-09;0;750;
1082;Midtjylland;2020-11-09;2;752;
1084;Hovedstaden;2020-11-09;2;754;
1083;Syddanmark;2020-11-10;1;755;
1084;Hovedstaden;2020-11-10;1;756;
1084;Hovedstaden;2020-11-11;1;757;
1083;Syddanmark;2020-11-12;0;757;
1082;Midtjylland;2020-11-12;1;758;
1083;Syddanmark;2020-11-13;1;759;
1085;Sjælland;2020-11-14;1;760;
1083;Syddanmark;2020-11-14;1;761;
1082;Midtjylland;2020-11-14;1;762;
1081;Nordjylland;2020-11-14;2;764;
1084;Hovedstaden;2020-11-15;3;767;
1082;Midtjylland;2020-11-16;1;768;
1084;Hovedstaden;2020-11-16;3;771;
1081;Nordjylland;2020-11-17;1;772;
1082;Midtjylland;2020-11-17;2;774;
1085;Sjælland;2020-11-18;0;774;
1084;Hovedstaden;2020-11-18;3;777;
1082;Midtjylland;2020-11-18;2;779;
1081;Nordjylland;2020-11-19;1;780;
1084;Hovedstaden;2020-11-19;2;782;
1082;Midtjylland;2020-11-20;1;783;
1084;Hovedstaden;2020-11-20;3;786;
1085;Sjælland;2020-11-21;2;788;
1082;Midtjylland;2020-11-21;1;789;
1081;Nordjylland;2020-11-21;2;791;
1082;Midtjylland;2020-11-22;2;793;
1085;Sjælland;2020-11-22;2;795;
1084;Hovedstaden;2020-11-22;2;797;
1082;Midtjylland;2020-11-23;1;798;
1084;Hovedstaden;2020-11-23;2;800;
1085;Sjælland;2020-11-24;1;801;
1083;Syddanmark;2020-11-24;1;802;
1084;Hovedstaden;2020-11-24;1;803;
1082;Midtjylland;2020-11-24;3;806;
1084;Hovedstaden;2020-11-25;4;810;
1082;Midtjylland;2020-11-25;4;814;
1085;Sjælland;2020-11-26;1;815;
1084;Hovedstaden;2020-11-26;3;818;
1084;Hovedstaden;2020-11-27;4;822;
1081;Nordjylland;2020-11-27;1;823;
1082;Midtjylland;2020-11-27;3;826;
1085;Sjælland;2020-11-28;1;827;
1081;Nordjylland;2020-11-28;1;828;
1082;Midtjylland;2020-11-28;2;830;
1084;Hovedstaden;2020-11-28;2;832;
1081;Nordjylland;2020-11-29;2;834;
1082;Midtjylland;2020-11-29;5;839;
1084;Hovedstaden;2020-11-29;4;843;
1084;Hovedstaden;2020-11-30;4;847;
1081;Nordjylland;2020-11-30;1;848;
1082;Midtjylland;2020-11-30;2;850;
1081;Nordjylland;2020-12-01;2;852;
1082;Midtjylland;2020-12-01;2;854;
1084;Hovedstaden;2020-12-01;5;859;
1083;Syddanmark;2020-12-02;1;860;
1085;Sjælland;2020-12-02;1;861;
1082;Midtjylland;2020-12-02;2;863;
1084;Hovedstaden;2020-12-02;2;865;
1085;Sjælland;2020-12-03;3;868;
1083;Syddanmark;2020-12-03;1;869;
1084;Hovedstaden;2020-12-03;4;873;
1082;Midtjylland;2020-12-03;3;876;
1083;Syddanmark;2020-12-04;2;878;
1084;Hovedstaden;2020-12-04;3;881;
1082;Midtjylland;2020-12-04;2;883;
1083;Syddanmark;2020-12-05;2;885;
1084;Hovedstaden;2020-12-05;5;890;
1085;Sjælland;2020-12-05;2;892;
1082;Midtjylland;2020-12-05;1;893;
1084;Hovedstaden;2020-12-06;9;902;
1082;Midtjylland;2020-12-06;0;902;
1083;Syddanmark;2020-12-07;1;903;
1084;Hovedstaden;2020-12-07;4;907;
1082;Midtjylland;2020-12-07;1;908;
1083;Syddanmark;2020-12-08;1;909;
1084;Hovedstaden;2020-12-08;2;911;
1082;Midtjylland;2020-12-08;4;915;
1082;Midtjylland;2020-12-09;3;918;
1084;Hovedstaden;2020-12-09;6;924;
1083;Syddanmark;2020-12-09;1;925;
1085;Sjælland;2020-12-09;0;925;
1084;Hovedstaden;2020-12-10;4;929;
1083;Syddanmark;2020-12-10;1;930;
1082;Midtjylland;2020-12-10;2;932;
1085;Sjælland;2020-12-11;2;934;
1083;Syddanmark;2020-12-11;1;935;
1084;Hovedstaden;2020-12-11;3;938;
1082;Midtjylland;2020-12-11;1;939;
1085;Sjælland;2020-12-12;1;940;
1083;Syddanmark;2020-12-12;0;940;
1082;Midtjylland;2020-12-12;1;941;
1084;Hovedstaden;2020-12-12;5;946;
1083;Syddanmark;2020-12-13;2;948;
1082;Midtjylland;2020-12-13;2;950;
1084;Hovedstaden;2020-12-13;7;957;
1082;Midtjylland;2020-12-14;2;959;
1081;Nordjylland;2020-12-14;1;960;
1083;Syddanmark;2020-12-14;1;961;
1084;Hovedstaden;2020-12-14;7;968;
1083;Syddanmark;2020-12-15;1;969;
1081;Nordjylland;2020-12-15;1;970;
1085;Sjælland;2020-12-15;2;972;
1084;Hovedstaden;2020-12-15;12;984;
1082;Midtjylland;2020-12-15;1;985;
1085;Sjælland;2020-12-16;2;987;
1081;Nordjylland;2020-12-16;1;988;
1082;Midtjylland;2020-12-16;3;991;
1084;Hovedstaden;2020-12-16;8;999;
1084;Hovedstaden;2020-12-17;8;1007;
1082;Midtjylland;2020-12-17;3;1010;
1085;Sjælland;2020-12-17;2;1012;
1083;Syddanmark;2020-12-17;1;1013;
1081;Nordjylland;2020-12-17;1;1014;
1084;Hovedstaden;2020-12-18;7;1021;
1085;Sjælland;2020-12-18;4;1025;
1082;Midtjylland;2020-12-18;0;1025;
1084;Hovedstaden;2020-12-19;14;1039;
1085;Sjælland;2020-12-19;1;1040;
1082;Midtjylland;2020-12-19;5;1045;
1085;Sjælland;2020-12-20;3;1048;
1081;Nordjylland;2020-12-20;1;1049;
1083;Syddanmark;2020-12-20;1;1050;
1082;Midtjylland;2020-12-20;2;1052;
1084;Hovedstaden;2020-12-20;12;1064;
1082;Midtjylland;2020-12-21;3;1067;
1083;Syddanmark;2020-12-21;1;1068;
1084;Hovedstaden;2020-12-21;12;1080;
1081;Nordjylland;2020-12-21;0;1080;
1085;Sjælland;2020-12-21;3;1083;
1085;Sjælland;2020-12-22;6;1089;
1083;Syddanmark;2020-12-22;1;1090;
1081;Nordjylland;2020-12-22;1;1091;
1082;Midtjylland;2020-12-22;1;1092;
1084;Hovedstaden;2020-12-22;12;1104;
1082;Midtjylland;2020-12-23;1;1105;
1083;Syddanmark;2020-12-23;1;1106;
1084;Hovedstaden;2020-12-23;11;1117;
1085;Sjælland;2020-12-23;6;1123;
1083;Syddanmark;2020-12-24;1;1124;
1082;Midtjylland;2020-12-24;1;1125;
1081;Nordjylland;2020-12-24;2;1127;
1085;Sjælland;2020-12-24;5;1132;
1084;Hovedstaden;2020-12-24;13;1145;
1083;Syddanmark;2020-12-25;4;1149;
1085;Sjælland;2020-12-25;2;1151;
1082;Midtjylland;2020-12-25;5;1156;
1084;Hovedstaden;2020-12-25;9;1165;
1081;Nordjylland;2020-12-25;1;1166;
1081;Nordjylland;2020-12-26;1;1167;
1083;Syddanmark;2020-12-26;4;1171;
1085;Sjælland;2020-12-26;5;1176;
1084;Hovedstaden;2020-12-26;13;1189;
1082;Midtjylland;2020-12-26;3;1192;
1085;Sjælland;2020-12-27;5;1197;
1084;Hovedstaden;2020-12-27;13;1210;
1082;Midtjylland;2020-12-27;5;1215;
1081;Nordjylland;2020-12-27;3;1218;
1083;Syddanmark;2020-12-27;1;1219;
1081;Nordjylland;2020-12-28;1;1220;
1085;Sjælland;2020-12-28;2;1222;
1082;Midtjylland;2020-12-28;6;1228;
1083;Syddanmark;2020-12-28;2;1230;
1084;Hovedstaden;2020-12-28;14;1244;
1081;Nordjylland;2020-12-29;3;1247;
1082;Midtjylland;2020-12-29;4;1251;
1083;Syddanmark;2020-12-29;5;1256;
1085;Sjælland;2020-12-29;7;1263;
1084;Hovedstaden;2020-12-29;13;1276;
1085;Sjælland;2020-12-30;5;1281;
1083;Syddanmark;2020-12-30;2;1283;
1082;Midtjylland;2020-12-30;2;1285;
1084;Hovedstaden;2020-12-30;19;1304;
1084;Hovedstaden;2020-12-31;18;1322;
1083;Syddanmark;2020-12-31;5;1327;
1085;Sjælland;2020-12-31;5;1332;
1082;Midtjylland;2020-12-31;5;1337;
1083;Syddanmark;2021-01-01;2;1339;
1085;Sjælland;2021-01-01;3;1342;
1084;Hovedstaden;2021-01-01;13;1355;
1082;Midtjylland;2021-01-01;2;1357;
1081;Nordjylland;2021-01-01;1;1358;
1085;Sjælland;2021-01-02;4;1362;
1084;Hovedstaden;2021-01-02;19;1381;
1083;Syddanmark;2021-01-02;2;1383;
1081;Nordjylland;2021-01-02;2;1385;
1082;Midtjylland;2021-01-02;6;1391;
1085;Sjælland;2021-01-03;4;1395;
1081;Nordjylland;2021-01-03;1;1396;
1084;Hovedstaden;2021-01-03;16;1412;
1083;Syddanmark;2021-01-03;1;1413;
1082;Midtjylland;2021-01-03;6;1419;
1082;Midtjylland;2021-01-04;2;1421;
1083;Syddanmark;2021-01-04;1;1422;
1081;Nordjylland;2021-01-04;2;1424;
1084;Hovedstaden;2021-01-04;18;1442;
1085;Sjælland;2021-01-04;4;1446;
1082;Midtjylland;2021-01-05;3;1449;
1083;Syddanmark;2021-01-05;0;1449;
1085;Sjælland;2021-01-05;2;1451;
1081;Nordjylland;2021-01-05;5;1456;
1084;Hovedstaden;2021-01-05;11;1467;
1083;Syddanmark;2021-01-06;3;1470;
1085;Sjælland;2021-01-06;8;1478;
1082;Midtjylland;2021-01-06;5;1483;
1081;Nordjylland;2021-01-06;5;1488;
1084;Hovedstaden;2021-01-06;15;1503;
1083;Syddanmark;2021-01-07;1;1504;
1082;Midtjylland;2021-01-07;4;1508;
1084;Hovedstaden;2021-01-07;16;1524;
1081;Nordjylland;2021-01-07;3;1527;
1085;Sjælland;2021-01-07;5;1532;
1083;Syddanmark;2021-01-08;3;1535;
1082;Midtjylland;2021-01-08;4;1539;
1085;Sjælland;2021-01-08;3;1542;
1081;Nordjylland;2021-01-08;3;1545;
1084;Hovedstaden;2021-01-08;13;1558;
1083;Syddanmark;2021-01-09;2;1560;
1084;Hovedstaden;2021-01-09;10;1570;
1085;Sjælland;2021-01-09;5;1575;
1082;Midtjylland;2021-01-09;5;1580;
1081;Nordjylland;2021-01-09;2;1582;
1085;Sjælland;2021-01-10;8;1590;
1084;Hovedstaden;2021-01-10;13;1603;
1082;Midtjylland;2021-01-10;9;1612;
1083;Syddanmark;2021-01-10;3;1615;
1081;Nordjylland;2021-01-10;2;1617;
1081;Nordjylland;2021-01-11;2;1619;
1083;Syddanmark;2021-01-11;3;1622;
1082;Midtjylland;2021-01-11;4;1626;
1085;Sjælland;2021-01-11;2;1628;
1084;Hovedstaden;2021-01-11;14;1642;
1083;Syddanmark;2021-01-12;7;1649;
1085;Sjælland;2021-01-12;6;1655;
1084;Hovedstaden;2021-01-12;17;1672;
1082;Midtjylland;2021-01-12;6;1678;
1081;Nordjylland;2021-01-12;2;1680;
1084;Hovedstaden;2021-01-13;18;1698;
1083;Syddanmark;2021-01-13;2;1700;
1082;Midtjylland;2021-01-13;5;1705;
1085;Sjælland;2021-01-13;3;1708;
1081;Nordjylland;2021-01-13;2;1710;
1085;Sjælland;2021-01-14;4;1714;
1083;Syddanmark;2021-01-14;3;1717;
1084;Hovedstaden;2021-01-14;14;1731;
1081;Nordjylland;2021-01-14;2;1733;
1082;Midtjylland;2021-01-14;6;1739;
1082;Midtjylland;2021-01-15;5;1744;
1084;Hovedstaden;2021-01-15;16;1760;
1081;Nordjylland;2021-01-15;2;1762;
1085;Sjælland;2021-01-15;3;1765;
1081;Nordjylland;2021-01-16;4;1769;
1083;Syddanmark;2021-01-16;4;1773;
1084;Hovedstaden;2021-01-16;13;1786;
1085;Sjælland;2021-01-16;5;1791;
1082;Midtjylland;2021-01-16;4;1795;
1083;Syddanmark;2021-01-17;2;1797;
1081;Nordjylland;2021-01-17;3;1800;
1084;Hovedstaden;2021-01-17;15;1815;
1085;Sjælland;2021-01-17;5;1820;
1082;Midtjylland;2021-01-17;4;1824;
1083;Syddanmark;2021-01-18;4;1828;
1084;Hovedstaden;2021-01-18;15;1843;
1081;Nordjylland;2021-01-18;1;1844;
1082;Midtjylland;2021-01-18;4;1848;
1085;Sjælland;2021-01-18;5;1853;
1085;Sjælland;2021-01-19;3;1856;
1083;Syddanmark;2021-01-19;3;1859;
1082;Midtjylland;2021-01-19;8;1867;
1081;Nordjylland;2021-01-19;3;1870;
1084;Hovedstaden;2021-01-19;22;1892;
1083;Syddanmark;2021-01-20;1;1893;
1081;Nordjylland;2021-01-20;3;1896;
1082;Midtjylland;2021-01-20;5;1901;
1084;Hovedstaden;2021-01-20;12;1913;
1085;Sjælland;2021-01-20;8;1921;
1083;Syddanmark;2021-01-21;1;1922;
1081;Nordjylland;2021-01-21;3;1925;
1082;Midtjylland;2021-01-21;4;1929;
1085;Sjælland;2021-01-21;4;1933;
1084;Hovedstaden;2021-01-21;15;1948;
1083;Syddanmark;2021-01-22;2;1950;
1081;Nordjylland;2021-01-22;3;1953;
1082;Midtjylland;2021-01-22;3;1956;
1084;Hovedstaden;2021-01-22;10;1966;
1085;Sjælland;2021-01-22;6;1972;
1083;Syddanmark;2021-01-23;2;1974;
1082;Midtjylland;2021-01-23;6;1980;
1085;Sjælland;2021-01-23;6;1986;
1084;Hovedstaden;2021-01-23;12;1998;
1085;Sjælland;2021-01-24;2;2000;
1081;Nordjylland;2021-01-24;3;2003;
1082;Midtjylland;2021-01-24;4;2007;
1083;Syddanmark;2021-01-24;3;2010;
1084;Hovedstaden;2021-01-24;8;2018;
1083;Syddanmark;2021-01-25;3;2021;
1081;Nordjylland;2021-01-25;3;2024;
1084;Hovedstaden;2021-01-25;9;2033;
1085;Sjælland;2021-01-25;4;2037;
1082;Midtjylland;2021-01-25;6;2043;
1085;Sjælland;2021-01-26;1;2044;
1081;Nordjylland;2021-01-26;1;2045;
1083;Syddanmark;2021-01-26;2;2047;
1084;Hovedstaden;2021-01-26;15;2062;
1082;Midtjylland;2021-01-26;1;2063;
1083;Syddanmark;2021-01-27;1;2064;
1081;Nordjylland;2021-01-27;1;2065;
1085;Sjælland;2021-01-27;4;2069;
1084;Hovedstaden;2021-01-27;11;2080;
1082;Midtjylland;2021-01-27;0;2080;
1082;Midtjylland;2021-01-28;4;2084;
1083;Syddanmark;2021-01-28;2;2086;
1081;Nordjylland;2021-01-28;2;2088;
1085;Sjælland;2021-01-28;2;2090;
1084;Hovedstaden;2021-01-28;9;2099;
1083;Syddanmark;2021-01-29;3;2102;
1085;Sjælland;2021-01-29;3;2105;
1081;Nordjylland;2021-01-29;1;2106;
1082;Midtjylland;2021-01-29;2;2108;
1084;Hovedstaden;2021-01-29;10;2118;
1085;Sjælland;2021-01-30;3;2121;
1081;Nordjylland;2021-01-30;2;2123;
1083;Syddanmark;2021-01-30;2;2125;
1082;Midtjylland;2021-01-30;1;2126;
1084;Hovedstaden;2021-01-30;11;2137;
1083;Syddanmark;2021-01-31;3;2140;
1082;Midtjylland;2021-01-31;1;2141;
1081;Nordjylland;2021-01-31;1;2142;
1085;Sjælland;2021-01-31;1;2143;
1084;Hovedstaden;2021-01-31;11;2154;
1083;Syddanmark;2021-02-01;0;2154;
1082;Midtjylland;2021-02-01;4;2158;
1084;Hovedstaden;2021-02-01;6;2164;
1085;Sjælland;2021-02-01;2;2166;
1081;Nordjylland;2021-02-01;2;2168;
1085;Sjælland;2021-02-02;1;2169;
1083;Syddanmark;2021-02-02;3;2172;
1081;Nordjylland;2021-02-02;1;2173;
1084;Hovedstaden;2021-02-02;5;2178;
1082;Midtjylland;2021-02-02;1;2179;
1083;Syddanmark;2021-02-03;1;2180;
1085;Sjælland;2021-02-03;5;2185;
1081;Nordjylland;2021-02-03;1;2186;
1084;Hovedstaden;2021-02-03;6;2192;
1082;Midtjylland;2021-02-03;4;2196;
1081;Nordjylland;2021-02-04;1;2197;
1083;Syddanmark;2021-02-04;1;2198;
1085;Sjælland;2021-02-04;2;2200;
1084;Hovedstaden;2021-02-04;10;2210;
1082;Midtjylland;2021-02-04;1;2211;
1083;Syddanmark;2021-02-05;2;2213;
1085;Sjælland;2021-02-05;1;2214;
1081;Nordjylland;2021-02-05;1;2215;
1082;Midtjylland;2021-02-05;1;2216;
1084;Hovedstaden;2021-02-05;6;2222;
1085;Sjælland;2021-02-06;1;2223;
1083;Syddanmark;2021-02-06;0;2223;
1081;Nordjylland;2021-02-06;1;2224;
1084;Hovedstaden;2021-02-06;4;2228;
1082;Midtjylland;2021-02-06;1;2229;
1085;Sjælland;2021-02-07;1;2230;
1084;Hovedstaden;2021-02-07;3;2233;
1082;Midtjylland;2021-02-07;0;2233;
1081;Nordjylland;2021-02-07;4;2237;
1083;Syddanmark;2021-02-08;5;2242;
1085;Sjælland;2021-02-08;1;2243;
1082;Midtjylland;2021-02-08;2;2245;
1084;Hovedstaden;2021-02-08;6;2251;
1083;Syddanmark;2021-02-09;2;2253;
1085;Sjælland;2021-02-09;2;2255;
1081;Nordjylland;2021-02-09;0;2255;
1084;Hovedstaden;2021-02-09;12;2267;
1085;Sjælland;2021-02-10;3;2270;
1083;Syddanmark;2021-02-10;2;2272;
1081;Nordjylland;2021-02-10;3;2275;
1082;Midtjylland;2021-02-10;0;2275;
1084;Hovedstaden;2021-02-10;4;2279;
1083;Syddanmark;2021-02-11;2;2281;
1085;Sjælland;2021-02-11;0;2281;
1081;Nordjylland;2021-02-11;3;2284;
1082;Midtjylland;2021-02-11;0;2284;
1084;Hovedstaden;2021-02-11;4;2288;
1083;Syddanmark;2021-02-12;1;2289;
1085;Sjælland;2021-02-12;1;2290;
1084;Hovedstaden;2021-02-12;3;2293;
1082;Midtjylland;2021-02-12;0;2293;
1081;Nordjylland;2021-02-12;2;2295;
1081;Nordjylland;2021-02-13;1;2296;
1082;Midtjylland;2021-02-13;1;2297;
1084;Hovedstaden;2021-02-13;5;2302;
1085;Sjælland;2021-02-13;2;2304;
1084;Hovedstaden;2021-02-14;5;2309;
1083;Syddanmark;2021-02-15;3;2312;
1085;Sjælland;2021-02-15;0;2312;
1081;Nordjylland;2021-02-15;2;2314;
1082;Midtjylland;2021-02-15;0;2314;
1084;Hovedstaden;2021-02-15;2;2316;
1081;Nordjylland;2021-02-16;0;2316;
1085;Sjælland;2021-02-16;1;2317;
1082;Midtjylland;2021-02-16;1;2318;
1084;Hovedstaden;2021-02-16;1;2319;
1083;Syddanmark;2021-02-17;2;2321;
1081;Nordjylland;2021-02-17;1;2322;
1085;Sjælland;2021-02-17;1;2323;
1084;Hovedstaden;2021-02-17;2;2325;
1082;Midtjylland;2021-02-17;0;2325;
1083;Syddanmark;2021-02-18;1;2326;
1085;Sjælland;2021-02-18;1;2327;
1081;Nordjylland;2021-02-18;0;2327;
1084;Hovedstaden;2021-02-18;4;2331;
1082;Midtjylland;2021-02-18;3;2334;
1083;Syddanmark;2021-02-19;0;2334;
1081;Nordjylland;2021-02-19;0;2334;
1084;Hovedstaden;2021-02-19;4;2338;
1085;Sjælland;2021-02-20;0;2338;
1084;Hovedstaden;2021-02-20;3;2341;
1082;Midtjylland;2021-02-20;0;2341;
1083;Syddanmark;2021-02-20;2;2343;
1083;Syddanmark;2021-02-21;0;2343;
1085;Sjælland;2021-02-21;1;2344;
1084;Hovedstaden;2021-02-21;3;2347;
1082;Midtjylland;2021-02-21;1;2348;
1081;Nordjylland;2021-02-22;0;2348;
1085;Sjælland;2021-02-22;0;2348;
1083;Syddanmark;2021-02-22;0;2348;
1082;Midtjylland;2021-02-22;0;2348;
1084;Hovedstaden;2021-02-22;0;2348;
1083;Syddanmark;2021-02-23;2;2350;
1085;Sjælland;2021-02-23;0;2350;
1084;Hovedstaden;2021-02-23;0;2350;
1083;Syddanmark;2021-02-24;2;2352;
1081;Nordjylland;2021-02-24;1;2353;
1085;Sjælland;2021-02-24;3;2356;
1084;Hovedstaden;2021-02-24;1;2357;
1085;Sjælland;2021-02-25;0;2357;
1083;Syddanmark;2021-02-25;0;2357;
1081;Nordjylland;2021-02-25;0;2357;
1082;Midtjylland;2021-02-25;1;2358;
1084;Hovedstaden;2021-02-25;1;2359;
1083;Syddanmark;2021-02-26;1;2360;
1085;Sjælland;2021-02-26;0;2360;
1082;Midtjylland;2021-02-26;1;2361;
1084;Hovedstaden;2021-02-26;2;2363;
1085;Sjælland;2021-02-27;2;2365;
1081;Nordjylland;2021-02-27;1;2366;
1083;Syddanmark;2021-02-27;1;2367;
1082;Midtjylland;2021-02-27;0;2367;
1084;Hovedstaden;2021-02-27;1;2368;
1085;Sjælland;2021-02-28;1;2369;
1084;Hovedstaden;2021-02-28;2;2371;
1085;Sjælland;2021-03-01;1;2372;
1081;Nordjylland;2021-03-01;0;2372;
1084;Hovedstaden;2021-03-01;0;2372;
1082;Midtjylland;2021-03-02;1;2373;
1084;Hovedstaden;2021-03-02;3;2376;
1083;Syddanmark;2021-03-03;1;2377;
1082;Midtjylland;2021-03-03;0;2377;
1085;Sjælland;2021-03-03;1;2378;
1084;Hovedstaden;2021-03-03;1;2379;
1085;Sjælland;2021-03-04;0;2379;
1084;Hovedstaden;2021-03-04;2;2381;
1083;Syddanmark;2021-03-05;0;2381;
1081;Nordjylland;2021-03-05;0;2381;
1084;Hovedstaden;2021-03-05;0;2381;
1085;Sjælland;2021-03-06;1;2382;
1082;Midtjylland;2021-03-06;0;2382;
1084;Hovedstaden;2021-03-06;2;2384;
1085;Sjælland;2021-03-07;1;2385;
1081;Nordjylland;2021-03-07;0;2385;
1084;Hovedstaden;2021-03-07;1;2386;
1084;Hovedstaden;2021-03-08;0;2386;
1083;Syddanmark;2021-03-09;1;2387;
1084;Hovedstaden;2021-03-09;1;2388;
1085;Sjælland;2021-03-09;1;2389;
1083;Syddanmark;2021-03-10;1;2390;
1081;Nordjylland;2021-03-10;0;2390;
1085;Sjælland;2021-03-10;1;2391;
1084;Hovedstaden;2021-03-10;1;2392;
1081;Nordjylland;2021-03-11;1;2393;
1082;Midtjylland;2021-03-11;1;2394;
1085;Sjælland;2021-03-11;1;2395;
1085;Sjælland;2021-03-12;1;2396;
1084;Hovedstaden;2021-03-12;1;2397;
1084;Hovedstaden;2021-03-13;0;2397;
1083;Syddanmark;2021-03-13;1;2398;
1085;Sjælland;2021-03-14;1;2399;
1084;Hovedstaden;2021-03-14;1;2400;
1085;Sjælland;2021-03-15;1;2401;
1084;Hovedstaden;2021-03-15;1;2402;
1084;Hovedstaden;2021-03-16;0;2402;
1083;Syddanmark;2021-03-17;0;2402;
1084;Hovedstaden;2021-03-17;2;2404;
1085;Sjælland;2021-03-18;1;2405;
1085;Sjælland;2021-03-19;1;2406;
1084;Hovedstaden;2021-03-19;1;2407;
1083;Syddanmark;2021-03-19;2;2409;
1084;Hovedstaden;2021-03-20;0;2409;
1085;Sjælland;2021-03-21;0;2409;
1084;Hovedstaden;2021-03-21;1;2410;
1083;Syddanmark;2021-03-22;1;2411;
1085;Sjælland;2021-03-22;0;2411;
1084;Hovedstaden;2021-03-22;2;2413;
1084;Hovedstaden;2021-03-23;0;2413;
1085;Sjælland;2021-03-23;2;2415;
1083;Syddanmark;2021-03-24;1;2416;
1082;Midtjylland;2021-03-24;1;2417;
1085;Sjælland;2021-03-24;4;2421;
1084;Hovedstaden;2021-03-24;2;2423;
1082;Midtjylland;2021-03-25;1;2424;
1084;Hovedstaden;2021-03-25;0;2424;
1083;Syddanmark;2021-03-26;1;2425;
1085;Sjælland;2021-03-26;1;2426;
1084;Hovedstaden;2021-03-27;3;2429;
;;2021-03-28;0;2429;
1084;Hovedstaden;2021-03-29;1;2430;
1082;Midtjylland;2021-03-29;0;2430;
1084;Hovedstaden;2021-03-30;1;2431;
1083;Syddanmark;2021-03-30;0;2431;
1085;Sjælland;2021-03-30;2;2433;
1085;Sjælland;2021-03-31;1;2434;
1084;Hovedstaden;2021-03-31;3;2437;
1082;Midtjylland;2021-03-31;0;2437;
1084;Hovedstaden;2021-04-01;1;2438;
1083;Syddanmark;2021-04-02;1;2439;
1084;Hovedstaden;2021-04-02;3;2442;
1084;Hovedstaden;2021-04-03;1;2443;
1084;Hovedstaden;2021-04-04;1;2444;
1084;Hovedstaden;2021-04-05;1;2445;
1085;Sjælland;2021-04-05;1;2446;
1082;Midtjylland;2021-04-05;1;2447;
1083;Syddanmark;2021-04-06;0;2447;
1085;Sjælland;2021-04-06;1;2448;
1084;Hovedstaden;2021-04-06;0;2448;
1085;Sjælland;2021-04-07;0;2448;
1082;Midtjylland;2021-04-07;2;2450;
1082;Midtjylland;2021-04-08;1;2451;
1085;Sjælland;2021-04-08;0;2451;
1083;Syddanmark;2021-04-08;1;2452;
1083;Syddanmark;2021-04-09;2;2454;
1084;Hovedstaden;2021-04-09;1;2455;
1085;Sjælland;2021-04-10;1;2456;
1082;Midtjylland;2021-04-10;0;2456;
1081;Nordjylland;2021-04-11;1;2457;
1083;Syddanmark;2021-04-11;1;2458;
1084;Hovedstaden;2021-04-11;1;2459;
1082;Midtjylland;2021-04-12;1;2460;
1084;Hovedstaden;2021-04-12;1;2461;
;;2021-04-13;0;2461;
1082;Midtjylland;2021-04-14;1;2462;
1084;Hovedstaden;2021-04-14;1;2463;
1084;Hovedstaden;2021-04-15;2;2465;
1083;Syddanmark;2021-04-16;1;2466;
1081;Nordjylland;2021-04-16;2;2468;
1082;Midtjylland;2021-04-16;2;2470;
1084;Hovedstaden;2021-04-16;0;2470;
1082;Midtjylland;2021-04-17;1;2471;
1081;Nordjylland;2021-04-17;1;2472;
1084;Hovedstaden;2021-04-17;1;2473;
1085;Sjælland;2021-04-18;1;2474;
1083;Syddanmark;2021-04-18;1;2475;
1082;Midtjylland;2021-04-18;1;2476;
1084;Hovedstaden;2021-04-18;0;2476;
1084;Hovedstaden;2021-04-19;2;2478;
1084;Hovedstaden;2021-04-20;3;2481;
1084;Hovedstaden;2021-04-21;2;2483;
1082;Midtjylland;2021-04-21;1;2484;
1081;Nordjylland;2021-04-21;1;2485;
1085;Sjælland;2021-04-22;0;2485;
1084;Hovedstaden;2021-04-22;3;2488;
1084;Hovedstaden;2021-04-23;1;2489;
1084;Hovedstaden;2021-04-24;2;2491;
1084;Hovedstaden;2021-04-25;1;2492;
1085;Sjælland;2021-04-25;0;2492;
1083;Syddanmark;2021-04-26;0;2492;
1084;Hovedstaden;2021-04-26;1;2493;
1083;Syddanmark;2021-04-27;0;2493;
1084;Hovedstaden;2021-04-27;1;2494;
1081;Nordjylland;2021-04-27;2;2496;
1083;Syddanmark;2021-04-28;1;2497;
1084;Hovedstaden;2021-04-28;1;2498;
1083;Syddanmark;2021-04-29;1;2499;
1084;Hovedstaden;2021-04-29;2;2501;
1084;Hovedstaden;2021-04-30;3;2504;
1084;Hovedstaden;2021-05-01;1;2505;
1084;Hovedstaden;2021-05-02;2;2507;
1084;Hovedstaden;2021-05-03;0;2507;
1081;Nordjylland;2021-05-04;0;2507;
1084;Hovedstaden;2021-05-04;2;2509;
1084;Hovedstaden;2021-05-05;1;2510;
1085;Sjælland;2021-05-05;0;2510;
1085;Sjælland;2021-05-06;0;2510;
1084;Hovedstaden;2021-05-06;1;2511;
1085;Sjælland;2021-05-07;2;2513;
;;2021-05-08;0;2513;
1085;Sjælland;2021-05-09;0;2513;
1084;Hovedstaden;2021-05-09;0;2513;
1084;Hovedstaden;2021-05-10;1;2514;
1082;Midtjylland;2021-05-10;1;2515;
;;2021-05-11;0;2515;
;;2021-05-12;0;2515;
1083;Syddanmark;2021-05-13;1;2516;
1085;Sjælland;2021-05-14;1;2517;
1081;Nordjylland;2021-05-14;1;2518;
1083;Syddanmark;2021-05-14;0;2518;
1084;Hovedstaden;2021-05-14;1;2519;
1085;Sjælland;2021-05-15;1;2520;
1084;Hovedstaden;2021-05-16;1;2521;
1084;Hovedstaden;2021-05-17;0;2521;
1083;Syddanmark;2021-05-17;1;2522;
1083;Syddanmark;2021-05-18;0;2522;
1084;Hovedstaden;2021-05-19;1;2523;
1084;Hovedstaden;2021-05-20;0;2523;
1081;Nordjylland;2021-05-21;1;2524;
1084;Hovedstaden;2021-05-21;0;2524;
1084;Hovedstaden;2021-05-22;2;2526;
1082;Midtjylland;2021-05-23;1;2527;
1084;Hovedstaden;2021-05-24;1;2528;
1083;Syddanmark;2021-05-25;0;2528;
1081;Nordjylland;2021-05-25;1;2529;
1082;Midtjylland;2021-05-25;0;2529;
1085;Sjælland;2021-05-26;0;2529;
1082;Midtjylland;2021-05-26;1;2530;
1084;Hovedstaden;2021-05-26;1;2531;
1082;Midtjylland;2021-05-27;1;2532;
1082;Midtjylland;2021-05-28;1;2533;
1084;Hovedstaden;2021-05-28;1;2534;
;;2021-05-29;0;2534;
;;2021-05-30;0;2534;
;;2021-05-31;0;2534;
1084;Hovedstaden;2021-06-01;0;2534;
1083;Syddanmark;2021-06-01;1;2535;
1084;Hovedstaden;2021-06-02;0;2535;
;;2021-06-03;0;2535;
1083;Syddanmark;2021-06-04;1;2536;
;;2021-06-05;0;2536;
1081;Nordjylland;2021-06-06;1;2537;
1084;Hovedstaden;2021-06-06;1;2538;
;;2021-06-07;0;2538;
;;2021-06-08;0;2538;
1081;Nordjylland;2021-06-09;1;2539;
1084;Hovedstaden;2021-06-09;1;2540;
1085;Sjælland;2021-06-09;0;2540;
1084;Hovedstaden;2021-06-10;1;2541;
1084;Hovedstaden;2021-06-11;1;2542;
;;2021-06-12;0;2542;
1081;Nordjylland;2021-06-13;1;2543;
1085;Sjælland;2021-06-13;1;2544;
1083;Syddanmark;2021-06-14;1;2545;
1084;Hovedstaden;2021-06-14;1;2546;
;;2021-06-15;0;2546;
;;2021-06-16;0;2546;
1084;Hovedstaden;2021-06-17;1;2547;
1081;Nordjylland;2021-06-18;1;2548;
1084;Hovedstaden;2021-06-19;1;2549;
1081;Nordjylland;2021-06-20;0;2549;
;;2021-06-21;0;2549;
1084;Hovedstaden;2021-06-22;0;2549;
1084;Hovedstaden;2021-06-23;0;2549;
;;2021-06-24;0;2549;
1085;Sjælland;2021-06-25;1;2550;
1084;Hovedstaden;2021-06-25;1;2551;
1084;Hovedstaden;2021-06-26;1;2552;
1084;Hovedstaden;2021-06-27;1;2553;
1081;Nordjylland;2021-06-28;1;2554;
1081;Nordjylland;2021-06-29;0;2554;
;;2021-06-30;0;2554;
1081;Nordjylland;2021-07-01;1;2555;
1084;Hovedstaden;2021-07-01;1;2556;
1083;Syddanmark;2021-07-01;0;2556;
;;2021-07-02;0;2556;
;;2021-07-03;0;2556;
1082;Midtjylland;2021-07-04;1;2557;
1084;Hovedstaden;2021-07-05;0;2557;
1083;Syddanmark;2021-07-05;0;2557;
;;2021-07-06;0;2557;
;;2021-07-07;0;2557;
1085;Sjælland;2021-07-08;0;2557;
1082;Midtjylland;2021-07-09;0;2557;
1084;Hovedstaden;2021-07-09;1;2558;
;;2021-07-10;0;2558;
;;2021-07-11;0;2558;
1081;Nordjylland;2021-07-12;0;2558;
1084;Hovedstaden;2021-07-13;0;2558;
1083;Syddanmark;2021-07-13;0;2558;
1083;Syddanmark;2021-07-14;1;2559;
1082;Midtjylland;2021-07-14;1;2560;
1083;Syddanmark;2021-07-15;1;2561;
;;2021-07-16;0;2561;
;;2021-07-17;0;2561;
;;2021-07-18;0;2561;
;;2021-07-19;0;2561;
;;2021-07-20;0;2561;
;;2021-07-21;0;2561;
;;2021-07-22;0;2561;
;;2021-07-23;0;2561;
;;2021-07-24;0;2561;
1083;Syddanmark;2021-07-25;1;2562;
1084;Hovedstaden;2021-07-25;1;2563;
1082;Midtjylland;2021-07-26;1;2564;
1084;Hovedstaden;2021-07-26;1;2565;
1084;Hovedstaden;2021-07-27;0;2565;
1085;Sjælland;2021-07-28;0;2565;
1082;Midtjylland;2021-07-28;1;2566;
1082;Midtjylland;2021-07-29;1;2567;
;;2021-07-30;0;2567;
1084;Hovedstaden;2021-07-31;1;2568;
;;2021-08-01;0;2568;
;;2021-08-02;0;2568;
1084;Hovedstaden;2021-08-03;1;2569;
1083;Syddanmark;2021-08-04;1;2570;
;;2021-08-05;0;2570;
;;2021-08-06;0;2570;
;;2021-08-07;0;2570;
1082;Midtjylland;2021-08-08;1;2571;
1084;Hovedstaden;2021-08-09;1;2572;
1085;Sjælland;2021-08-10;2;2574;
1083;Syddanmark;2021-08-11;0;2574;
1084;Hovedstaden;2021-08-12;1;2575;
1081;Nordjylland;2021-08-12;1;2576;
1085;Sjælland;2021-08-12;1;2577;
1082;Midtjylland;2021-08-13;1;2578;
;;2021-08-14;0;2578;
1084;Hovedstaden;2021-08-15;1;2579;
1083;Syddanmark;2021-08-16;1;2580;
1084;Hovedstaden;2021-08-17;1;2581;
1085;Sjælland;2021-08-18;1;2582;
1084;Hovedstaden;2021-08-19;1;2583;
1084;Hovedstaden;2021-08-20;1;2584;
1082;Midtjylland;2021-08-21;1;2585;
1085;Sjælland;2021-08-21;1;2586;
1084;Hovedstaden;2021-08-22;1;2587;
1085;Sjælland;2021-08-23;1;2588;
1084;Hovedstaden;2021-08-23;1;2589;
1085;Sjælland;2021-08-24;1;2590;
1081;Nordjylland;2021-08-25;1;2591;
1084;Hovedstaden;2021-08-26;2;2593;
1083;Syddanmark;2021-08-27;1;2594;
1084;Hovedstaden;2021-08-27;2;2596;
1084;Hovedstaden;2021-08-28;2;2598;
1083;Syddanmark;2021-08-29;1;2599;
1082;Midtjylland;2021-08-29;1;2600;
1084;Hovedstaden;2021-08-30;1;2601;
;;2021-08-31;0;2601;
1082;Midtjylland;2021-09-01;1;2602;
1084;Hovedstaden;2021-09-02;3;2605;
1081;Nordjylland;2021-09-03;1;2606;
1084;Hovedstaden;2021-09-03;1;2607;
;;2021-09-04;0;2607;
1085;Sjælland;2021-09-05;1;2608;
1083;Syddanmark;2021-09-05;1;2609;
1084;Hovedstaden;2021-09-06;4;2613;
1082;Midtjylland;2021-09-07;3;2616;
1084;Hovedstaden;2021-09-07;1;2617;
1083;Syddanmark;2021-09-08;1;2618;
1082;Midtjylland;2021-09-08;1;2619;
1081;Nordjylland;2021-09-08;1;2620;
1084;Hovedstaden;2021-09-08;3;2623;
1083;Syddanmark;2021-09-09;1;2624;
1082;Midtjylland;2021-09-09;1;2625;
1084;Hovedstaden;2021-09-09;1;2626;
1081;Nordjylland;2021-09-09;1;2627;
1084;Hovedstaden;2021-09-10;2;2629;
1084;Hovedstaden;2021-09-11;0;2629;
1082;Midtjylland;2021-09-11;1;2630;
1084;Hovedstaden;2021-09-12;2;2632;
;;2021-09-13;0;2632;
1082;Midtjylland;2021-09-14;1;2633;
1084;Hovedstaden;2021-09-14;1;2634;
1085;Sjælland;2021-09-14;1;2635;
1083;Syddanmark;2021-09-15;1;2636;
1085;Sjælland;2021-09-15;1;2637;
1082;Midtjylland;2021-09-15;1;2638;
1085;Sjælland;2021-09-16;1;2639;
1082;Midtjylland;2021-09-16;1;2640;
1084;Hovedstaden;2021-09-16;1;2641;
1081;Nordjylland;2021-09-16;1;2642;
1083;Syddanmark;2021-09-16;1;2643;
1084;Hovedstaden;2021-09-17;0;2643;
1083;Syddanmark;2021-09-17;1;2644;
1085;Sjælland;2021-09-18;1;2645;
1082;Midtjylland;2021-09-18;1;2646;
1084;Hovedstaden;2021-09-18;1;2647;
1083;Syddanmark;2021-09-19;2;2649;
1085;Sjælland;2021-09-19;1;2650;
1082;Midtjylland;2021-09-20;1;2651;
1083;Syddanmark;2021-09-20;1;2652;
1084;Hovedstaden;2021-09-20;1;2653;
1082;Midtjylland;2021-09-21;1;2654;
1085;Sjælland;2021-09-22;0;2654;
1082;Midtjylland;2021-09-22;1;2655;
1084;Hovedstaden;2021-09-22;3;2658;
1085;Sjælland;2021-09-23;2;2660;
1084;Hovedstaden;2021-09-23;0;2660;
1083;Syddanmark;2021-09-24;1;2661;
1085;Sjælland;2021-09-24;1;2662;
1083;Syddanmark;2021-09-25;2;2664;
1081;Nordjylland;2021-09-25;1;2665;
1082;Midtjylland;2021-09-26;1;2666;
1084;Hovedstaden;2021-09-26;1;2667;
1082;Midtjylland;2021-09-27;1;2668;
1085;Sjælland;2021-09-27;1;2669;
1084;Hovedstaden;2021-09-27;2;2671;
1083;Syddanmark;2021-09-27;1;2672;
1082;Midtjylland;2021-09-28;1;2673;
1085;Sjælland;2021-09-29;0;2673;
1082;Midtjylland;2021-09-29;1;2674;
1083;Syddanmark;2021-09-29;1;2675;
1083;Syddanmark;2021-09-30;1;2676;
1085;Sjælland;2021-09-30;1;2677;
1084;Hovedstaden;2021-09-30;1;2678;
1084;Hovedstaden;2021-10-01;2;2680;
1085;Sjælland;2021-10-01;1;2681;
1083;Syddanmark;2021-10-02;1;2682;
1085;Sjælland;2021-10-02;0;2682;
1081;Nordjylland;2021-10-02;0;2682;
;;2021-10-03;0;2682;
;;2021-10-04;0;2682;
1085;Sjælland;2021-10-05;1;2683;
1082;Midtjylland;2021-10-05;0;2683;
1083;Syddanmark;2021-10-05;1;2684;
1081;Nordjylland;2021-10-06;1;2685;
1084;Hovedstaden;2021-10-06;1;2686;
1085;Sjælland;2021-10-07;1;2687;
1082;Midtjylland;2021-10-07;1;2688;
;;2021-10-08;0;2688;
1082;Midtjylland;2021-10-09;1;2689;
1083;Syddanmark;2021-10-09;1;2690;
1082;Midtjylland;2021-10-10;1;2691;
1081;Nordjylland;2021-10-10;1;2692;
1084;Hovedstaden;2021-10-11;2;2694;
;;2021-10-12;0;2694;
1083;Syddanmark;2021-10-13;1;2695;
1081;Nordjylland;2021-10-13;1;2696;
1084;Hovedstaden;2021-10-13;1;2697;
1085;Sjælland;2021-10-13;1;2698;
1083;Syddanmark;2021-10-14;1;2699;
1084;Hovedstaden;2021-10-14;0;2699;
1082;Midtjylland;2021-10-15;1;2700;
1081;Nordjylland;2021-10-15;1;2701;
1083;Syddanmark;2021-10-16;1;2702;
1084;Hovedstaden;2021-10-16;2;2704;
1083;Syddanmark;2021-10-17;1;2705;
1084;Hovedstaden;2021-10-17;3;2708;
1081;Nordjylland;2021-10-18;0;2708;
1084;Hovedstaden;2021-10-18;1;2709;
1082;Midtjylland;2021-10-18;0;2709;
1083;Syddanmark;2021-10-19;1;2710;
1085;Sjælland;2021-10-19;1;2711;
1081;Nordjylland;2021-10-19;1;2712;
1082;Midtjylland;2021-10-20;1;2713;
1084;Hovedstaden;2021-10-20;1;2714;
1081;Nordjylland;2021-10-21;1;2715;
1082;Midtjylland;2021-10-21;1;2716;
1084;Hovedstaden;2021-10-22;1;2717;
1082;Midtjylland;2021-10-22;0;2717;
1081;Nordjylland;2021-10-23;1;2718;
;;2021-10-24;0;2718;
1084;Hovedstaden;2021-10-25;3;2721;
1081;Nordjylland;2021-10-26;2;2723;
1082;Midtjylland;2021-10-26;0;2723;
1084;Hovedstaden;2021-10-26;1;2724;
1082;Midtjylland;2021-10-27;1;2725;
1081;Nordjylland;2021-10-27;0;2725;
1084;Hovedstaden;2021-10-27;1;2726;
1084;Hovedstaden;2021-10-28;1;2727;
1081;Nordjylland;2021-10-29;1;2728;
1084;Hovedstaden;2021-10-29;3;2731;
1085;Sjælland;2021-10-30;0;2731;
1084;Hovedstaden;2021-10-30;3;2734;
1082;Midtjylland;2021-10-31;0;2734;
1085;Sjælland;2021-10-31;0;2734;
1084;Hovedstaden;2021-10-31;2;2736;
;;2021-11-01;0;2736;
1085;Sjælland;2021-11-02;1;2737;
1082;Midtjylland;2021-11-02;1;2738;
1083;Syddanmark;2021-11-02;1;2739;
1083;Syddanmark;2021-11-03;1;2740;
1081;Nordjylland;2021-11-03;1;2741;
1084;Hovedstaden;2021-11-03;1;2742;
1082;Midtjylland;2021-11-04;1;2743;
1085;Sjælland;2021-11-04;2;2745;
1084;Hovedstaden;2021-11-04;5;2750;
1084;Hovedstaden;2021-11-05;3;2753;
1083;Syddanmark;2021-11-06;2;2755;
1084;Hovedstaden;2021-11-06;2;2757;
1083;Syddanmark;2021-11-07;2;2759;
1084;Hovedstaden;2021-11-07;1;2760;
1081;Nordjylland;2021-11-07;1;2761;
1083;Syddanmark;2021-11-08;1;2762;
1084;Hovedstaden;2021-11-09;2;2764;
1085;Sjælland;2021-11-09;1;2765;
1085;Sjælland;2021-11-10;1;2766;
1081;Nordjylland;2021-11-10;1;2767;
1084;Hovedstaden;2021-11-10;1;2768;
1082;Midtjylland;2021-11-10;1;2769;
1081;Nordjylland;2021-11-11;1;2770;
1083;Syddanmark;2021-11-11;1;2771;
1084;Hovedstaden;2021-11-11;2;2773;
1081;Nordjylland;2021-11-12;1;2774;
1084;Hovedstaden;2021-11-12;5;2779;
1085;Sjælland;2021-11-13;2;2781;
1082;Midtjylland;2021-11-13;2;2783;
1081;Nordjylland;2021-11-13;1;2784;
1084;Hovedstaden;2021-11-13;4;2788;
1082;Midtjylland;2021-11-14;1;2789;
1085;Sjælland;2021-11-14;1;2790;
1084;Hovedstaden;2021-11-14;4;2794;
1083;Syddanmark;2021-11-15;2;2796;
1081;Nordjylland;2021-11-15;1;2797;
1084;Hovedstaden;2021-11-15;3;2800;
1085;Sjælland;2021-11-15;4;2804;
1084;Hovedstaden;2021-11-16;3;2807;
1083;Syddanmark;2021-11-16;1;2808;
1081;Nordjylland;2021-11-17;1;2809;
1082;Midtjylland;2021-11-17;1;2810;
1084;Hovedstaden;2021-11-17;1;2811;
1083;Syddanmark;2021-11-18;3;2814;
1085;Sjælland;2021-11-18;1;2815;
1081;Nordjylland;2021-11-18;1;2816;
1084;Hovedstaden;2021-11-18;2;2818;
1083;Syddanmark;2021-11-19;2;2820;
1084;Hovedstaden;2021-11-19;5;2825;
1085;Sjælland;2021-11-19;1;2826;
1083;Syddanmark;2021-11-20;2;2828;
1084;Hovedstaden;2021-11-20;2;2830;
1085;Sjælland;2021-11-20;0;2830;
1083;Syddanmark;2021-11-21;1;2831;
1081;Nordjylland;2021-11-21;1;2832;
1085;Sjælland;2021-11-21;1;2833;
1084;Hovedstaden;2021-11-21;1;2834;
1083;Syddanmark;2021-11-22;2;2836;
1082;Midtjylland;2021-11-22;0;2836;
1085;Sjælland;2021-11-22;1;2837;
1084;Hovedstaden;2021-11-22;4;2841;
1082;Midtjylland;2021-11-23;2;2843;
1085;Sjælland;2021-11-23;3;2846;
1084;Hovedstaden;2021-11-23;4;2850;
1083;Syddanmark;2021-11-23;2;2852;
1083;Syddanmark;2021-11-24;3;2855;
1084;Hovedstaden;2021-11-24;4;2859;
1082;Midtjylland;2021-11-24;2;2861;
1085;Sjælland;2021-11-24;1;2862;
1085;Sjælland;2021-11-25;5;2867;
1083;Syddanmark;2021-11-25;1;2868;
1081;Nordjylland;2021-11-25;1;2869;
1084;Hovedstaden;2021-11-25;6;2875;
1081;Nordjylland;2021-11-26;2;2877;
1083;Syddanmark;2021-11-26;2;2879;
1082;Midtjylland;2021-11-26;1;2880;
1084;Hovedstaden;2021-11-26;3;2883;
1085;Sjælland;2021-11-26;3;2886;
1083;Syddanmark;2021-11-27;2;2888;
1081;Nordjylland;2021-11-27;1;2889;
1084;Hovedstaden;2021-11-27;5;2894;
1085;Sjælland;2021-11-27;1;2895;
1082;Midtjylland;2021-11-27;1;2896;
1083;Syddanmark;2021-11-28;1;2897;
1085;Sjælland;2021-11-28;7;2904;
1081;Nordjylland;2021-11-28;1;2905;
1084;Hovedstaden;2021-11-28;3;2908;
1082;Midtjylland;2021-11-28;3;2911;
1082;Midtjylland;2021-11-29;1;2912;
1081;Nordjylland;2021-11-29;1;2913;
1083;Syddanmark;2021-11-29;4;2917;
1084;Hovedstaden;2021-11-29;4;2921;
1083;Syddanmark;2021-11-30;3;2924;
1085;Sjælland;2021-11-30;2;2926;
1081;Nordjylland;2021-11-30;4;2930;
1084;Hovedstaden;2021-11-30;4;2934;
1082;Midtjylland;2021-11-30;0;2934;
1085;Sjælland;2021-12-01;0;2934;
1081;Nordjylland;2021-12-01;3;2937;
1084;Hovedstaden;2021-12-01;2;2939;
1083;Syddanmark;2021-12-02;4;2943;
1085;Sjælland;2021-12-02;3;2946;
1081;Nordjylland;2021-12-02;1;2947;
1082;Midtjylland;2021-12-02;1;2948;
1084;Hovedstaden;2021-12-02;4;2952;
1083;Syddanmark;2021-12-03;1;2953;
1085;Sjælland;2021-12-03;1;2954;
1081;Nordjylland;2021-12-03;3;2957;
1082;Midtjylland;2021-12-03;3;2960;
1084;Hovedstaden;2021-12-03;4;2964;
1083;Syddanmark;2021-12-04;3;2967;
1085;Sjælland;2021-12-04;3;2970;
1082;Midtjylland;2021-12-04;2;2972;
1084;Hovedstaden;2021-12-04;1;2973;
1083;Syddanmark;2021-12-05;1;2974;
1085;Sjælland;2021-12-05;3;2977;
1084;Hovedstaden;2021-12-05;3;2980;
1083;Syddanmark;2021-12-06;2;2982;
1085;Sjælland;2021-12-06;2;2984;
1082;Midtjylland;2021-12-06;2;2986;
1084;Hovedstaden;2021-12-06;2;2988;
1083;Syddanmark;2021-12-07;1;2989;
1085;Sjælland;2021-12-07;2;2991;
1084;Hovedstaden;2021-12-07;4;2995;
1083;Syddanmark;2021-12-08;4;2999;
1085;Sjælland;2021-12-08;2;3001;
1081;Nordjylland;2021-12-08;2;3003;
1082;Midtjylland;2021-12-08;1;3004;
1084;Hovedstaden;2021-12-08;7;3011;
1085;Sjælland;2021-12-09;2;3013;
1081;Nordjylland;2021-12-09;2;3015;
1084;Hovedstaden;2021-12-09;4;3019;
1083;Syddanmark;2021-12-10;1;3020;
1085;Sjælland;2021-12-10;2;3022;
1081;Nordjylland;2021-12-10;1;3023;
1084;Hovedstaden;2021-12-10;5;3028;
1083;Syddanmark;2021-12-11;3;3031;
1085;Sjælland;2021-12-11;1;3032;
1081;Nordjylland;2021-12-11;1;3033;
1082;Midtjylland;2021-12-11;4;3037;
1084;Hovedstaden;2021-12-11;2;3039;
1085;Sjælland;2021-12-12;3;3042;
1082;Midtjylland;2021-12-12;0;3042;
1084;Hovedstaden;2021-12-12;3;3045;
1083;Syddanmark;2021-12-13;2;3047;
1085;Sjælland;2021-12-13;1;3048;
1081;Nordjylland;2021-12-13;1;3049;
1082;Midtjylland;2021-12-13;1;3050;
1084;Hovedstaden;2021-12-13;5;3055;
1083;Syddanmark;2021-12-14;2;3057;
1085;Sjælland;2021-12-14;1;3058;
1082;Midtjylland;2021-12-14;1;3059;
1084;Hovedstaden;2021-12-14;4;3063;
1083;Syddanmark;2021-12-15;2;3065;
1085;Sjælland;2021-12-15;3;3068;
1081;Nordjylland;2021-12-15;1;3069;
1084;Hovedstaden;2021-12-15;4;3073;
1083;Syddanmark;2021-12-16;3;3076;
1085;Sjælland;2021-12-16;2;3078;
1082;Midtjylland;2021-12-16;1;3079;
1084;Hovedstaden;2021-12-16;3;3082;
1083;Syddanmark;2021-12-17;2;3084;
1085;Sjælland;2021-12-17;4;3088;
1081;Nordjylland;2021-12-17;2;3090;
1082;Midtjylland;2021-12-17;2;3092;
1084;Hovedstaden;2021-12-17;4;3096;
1083;Syddanmark;2021-12-18;4;3100;
1082;Midtjylland;2021-12-18;3;3103;
1084;Hovedstaden;2021-12-18;5;3108;
1083;Syddanmark;2021-12-19;4;3112;
1085;Sjælland;2021-12-19;2;3114;
1082;Midtjylland;2021-12-19;2;3116;
1084;Hovedstaden;2021-12-19;5;3121;
1083;Syddanmark;2021-12-20;3;3124;
1085;Sjælland;2021-12-20;2;3126;
1082;Midtjylland;2021-12-20;2;3128;
1084;Hovedstaden;2021-12-20;5;3133;
1083;Syddanmark;2021-12-21;4;3137;
1085;Sjælland;2021-12-21;2;3139;
1082;Midtjylland;2021-12-21;2;3141;
1084;Hovedstaden;2021-12-21;3;3144;
1083;Syddanmark;2021-12-22;1;3145;
1085;Sjælland;2021-12-22;1;3146;
1081;Nordjylland;2021-12-22;1;3147;
1082;Midtjylland;2021-12-22;3;3150;
1084;Hovedstaden;2021-12-22;8;3158;
1083;Syddanmark;2021-12-23;3;3161;
1085;Sjælland;2021-12-23;6;3167;
1081;Nordjylland;2021-12-23;1;3168;
1082;Midtjylland;2021-12-23;1;3169;
1084;Hovedstaden;2021-12-23;7;3176;
1083;Syddanmark;2021-12-24;1;3177;
1085;Sjælland;2021-12-24;3;3180;
1081;Nordjylland;2021-12-24;1;3181;
1084;Hovedstaden;2021-12-24;5;3186;
1083;Syddanmark;2021-12-25;1;3187;
1085;Sjælland;2021-12-25;2;3189;
1081;Nordjylland;2021-12-25;1;3190;
1082;Midtjylland;2021-12-25;1;3191;
1084;Hovedstaden;2021-12-25;6;3197;
1083;Syddanmark;2021-12-26;2;3199;
1085;Sjælland;2021-12-26;0;3199;
1082;Midtjylland;2021-12-26;3;3202;
1084;Hovedstaden;2021-12-26;6;3208;
1085;Sjælland;2021-12-27;3;3211;
1082;Midtjylland;2021-12-27;1;3212;
1084;Hovedstaden;2021-12-27;4;3216;
1083;Syddanmark;2021-12-28;1;3217;
1085;Sjælland;2021-12-28;3;3220;
1081;Nordjylland;2021-12-28;1;3221;
1082;Midtjylland;2021-12-28;2;3223;
1084;Hovedstaden;2021-12-28;5;3228;
1083;Syddanmark;2021-12-29;3;3231;
1085;Sjælland;2021-12-29;4;3235;
1082;Midtjylland;2021-12-29;0;3235;
1084;Hovedstaden;2021-12-29;2;3237;
1083;Syddanmark;2021-12-30;0;3237;
1085;Sjælland;2021-12-30;1;3238;
1081;Nordjylland;2021-12-30;2;3240;
1082;Midtjylland;2021-12-30;2;3242;
1084;Hovedstaden;2021-12-30;4;3246;
1083;Syddanmark;2021-12-31;1;3247;
1085;Sjælland;2021-12-31;1;3248;
1081;Nordjylland;2021-12-31;2;3250;
1082;Midtjylland;2021-12-31;0;3250;
1084;Hovedstaden;2021-12-31;6;3256;
1083;Syddanmark;2022-01-01;1;3257;
1085;Sjælland;2022-01-01;4;3261;
1082;Midtjylland;2022-01-01;1;3262;
1084;Hovedstaden;2022-01-01;6;3268;
1083;Syddanmark;2022-01-02;1;3269;
1085;Sjælland;2022-01-02;4;3273;
1084;Hovedstaden;2022-01-02;4;3277;
1083;Syddanmark;2022-01-03;1;3278;
1085;Sjælland;2022-01-03;2;3280;
1082;Midtjylland;2022-01-03;3;3283;
1084;Hovedstaden;2022-01-03;9;3292;
1083;Syddanmark;2022-01-04;1;3293;
1085;Sjælland;2022-01-04;3;3296;
1081;Nordjylland;2022-01-04;1;3297;
1082;Midtjylland;2022-01-04;3;3300;
1084;Hovedstaden;2022-01-04;6;3306;
1083;Syddanmark;2022-01-05;2;3308;
1085;Sjælland;2022-01-05;3;3311;
1081;Nordjylland;2022-01-05;2;3313;
1082;Midtjylland;2022-01-05;2;3315;
1084;Hovedstaden;2022-01-05;7;3322;
1083;Syddanmark;2022-01-06;2;3324;
1085;Sjælland;2022-01-06;4;3328;
1081;Nordjylland;2022-01-06;1;3329;
1082;Midtjylland;2022-01-06;2;3331;
1084;Hovedstaden;2022-01-06;7;3338;
1083;Syddanmark;2022-01-07;2;3340;
1085;Sjælland;2022-01-07;2;3342;
1082;Midtjylland;2022-01-07;5;3347;
1084;Hovedstaden;2022-01-07;7;3354;
1083;Syddanmark;2022-01-08;2;3356;
1085;Sjælland;2022-01-08;4;3360;
1082;Midtjylland;2022-01-08;2;3362;
1084;Hovedstaden;2022-01-08;7;3369;
1083;Syddanmark;2022-01-09;3;3372;
1085;Sjælland;2022-01-09;2;3374;
1081;Nordjylland;2022-01-09;4;3378;
1082;Midtjylland;2022-01-09;1;3379;
1084;Hovedstaden;2022-01-09;6;3385;
1085;Sjælland;2022-01-10;3;3388;
1081;Nordjylland;2022-01-10;3;3391;
1082;Midtjylland;2022-01-10;6;3397;
1084;Hovedstaden;2022-01-10;5;3402;
1083;Syddanmark;2022-01-11;2;3404;
1085;Sjælland;2022-01-11;3;3407;
1081;Nordjylland;2022-01-11;0;3407;
1082;Midtjylland;2022-01-11;2;3409;
1084;Hovedstaden;2022-01-11;11;3420;
1083;Syddanmark;2022-01-12;4;3424;
1085;Sjælland;2022-01-12;5;3429;
1082;Midtjylland;2022-01-12;3;3432;
1084;Hovedstaden;2022-01-12;5;3437;
1083;Syddanmark;2022-01-13;3;3440;
1085;Sjælland;2022-01-13;3;3443;
1081;Nordjylland;2022-01-13;1;3444;
1082;Midtjylland;2022-01-13;2;3446;
1084;Hovedstaden;2022-01-13;6;3452;
1083;Syddanmark;2022-01-14;1;3453;
1085;Sjælland;2022-01-14;2;3455;
1082;Midtjylland;2022-01-14;4;3459;
1084;Hovedstaden;2022-01-14;6;3465;
1083;Syddanmark;2022-01-15;2;3467;
1081;Nordjylland;2022-01-15;2;3469;
1084;Hovedstaden;2022-01-15;5;3474;
1083;Syddanmark;2022-01-16;1;3475;
1085;Sjælland;2022-01-16;2;3477;
1081;Nordjylland;2022-01-16;3;3480;
1082;Midtjylland;2022-01-16;2;3482;
1084;Hovedstaden;2022-01-16;10;3492;
1083;Syddanmark;2022-01-17;3;3495;
1085;Sjælland;2022-01-17;2;3497;
1081;Nordjylland;2022-01-17;1;3498;
1082;Midtjylland;2022-01-17;0;3498;
1084;Hovedstaden;2022-01-17;5;3503;
1083;Syddanmark;2022-01-18;1;3504;
1085;Sjælland;2022-01-18;1;3505;
1082;Midtjylland;2022-01-18;2;3507;
1084;Hovedstaden;2022-01-18;4;3511;
1083;Syddanmark;2022-01-19;3;3514;
1085;Sjælland;2022-01-19;3;3517;
1081;Nordjylland;2022-01-19;3;3520;
1082;Midtjylland;2022-01-19;2;3522;
1084;Hovedstaden;2022-01-19;14;3536;
1083;Syddanmark;2022-01-20;4;3540;
1085;Sjælland;2022-01-20;6;3546;
1081;Nordjylland;2022-01-20;1;3547;
1082;Midtjylland;2022-01-20;4;3551;
1084;Hovedstaden;2022-01-20;7;3558;
1083;Syddanmark;2022-01-21;4;3562;
1085;Sjælland;2022-01-21;2;3564;
1081;Nordjylland;2022-01-21;1;3565;
1082;Midtjylland;2022-01-21;3;3568;
1084;Hovedstaden;2022-01-21;10;3578;
1083;Syddanmark;2022-01-22;1;3579;
1085;Sjælland;2022-01-22;3;3582;
1081;Nordjylland;2022-01-22;2;3584;
1082;Midtjylland;2022-01-22;0;3584;
1084;Hovedstaden;2022-01-22;4;3588;
1083;Syddanmark;2022-01-23;1;3589;
1085;Sjælland;2022-01-23;1;3590;
1081;Nordjylland;2022-01-23;5;3595;
1082;Midtjylland;2022-01-23;3;3598;
1084;Hovedstaden;2022-01-23;5;3603;
1083;Syddanmark;2022-01-24;3;3606;
1085;Sjælland;2022-01-24;2;3608;
1081;Nordjylland;2022-01-24;3;3611;
1082;Midtjylland;2022-01-24;1;3612;
1084;Hovedstaden;2022-01-24;6;3618;
1083;Syddanmark;2022-01-25;1;3619;
1085;Sjælland;2022-01-25;3;3622;
1082;Midtjylland;2022-01-25;5;3627;
1084;Hovedstaden;2022-01-25;11;3638;
1083;Syddanmark;2022-01-26;7;3645;
1085;Sjælland;2022-01-26;3;3648;
1081;Nordjylland;2022-01-26;3;3651;
1082;Midtjylland;2022-01-26;0;3651;
1084;Hovedstaden;2022-01-26;8;3659;
1083;Syddanmark;2022-01-27;0;3659;
1085;Sjælland;2022-01-27;4;3663;
1081;Nordjylland;2022-01-27;2;3665;
1082;Midtjylland;2022-01-27;2;3667;
1084;Hovedstaden;2022-01-27;10;3677;
1083;Syddanmark;2022-01-28;4;3681;
1085;Sjælland;2022-01-28;2;3683;
1081;Nordjylland;2022-01-28;2;3685;
1082;Midtjylland;2022-01-28;3;3688;
1084;Hovedstaden;2022-01-28;10;3698;
1083;Syddanmark;2022-01-29;2;3700;
1085;Sjælland;2022-01-29;2;3702;
1081;Nordjylland;2022-01-29;1;3703;
1082;Midtjylland;2022-01-29;3;3706;
1084;Hovedstaden;2022-01-29;10;3716;
1083;Syddanmark;2022-01-30;8;3724;
1085;Sjælland;2022-01-30;5;3729;
1081;Nordjylland;2022-01-30;1;3730;
1082;Midtjylland;2022-01-30;3;3733;
1084;Hovedstaden;2022-01-30;7;3740;
1083;Syddanmark;2022-01-31;1;3741;
1085;Sjælland;2022-01-31;1;3742;
1081;Nordjylland;2022-01-31;1;3743;
1082;Midtjylland;2022-01-31;4;3747;
1084;Hovedstaden;2022-01-31;11;3758;
1083;Syddanmark;2022-02-01;4;3762;
1085;Sjælland;2022-02-01;4;3766;
1081;Nordjylland;2022-02-01;1;3767;
1082;Midtjylland;2022-02-01;4;3771;
1084;Hovedstaden;2022-02-01;4;3775;
1083;Syddanmark;2022-02-02;2;3777;
1085;Sjælland;2022-02-02;1;3778;
1081;Nordjylland;2022-02-02;1;3779;
1082;Midtjylland;2022-02-02;1;3780;
1084;Hovedstaden;2022-02-02;5;3785;
1083;Syddanmark;2022-02-03;4;3789;
1085;Sjælland;2022-02-03;9;3798;
1081;Nordjylland;2022-02-03;5;3803;
1082;Midtjylland;2022-02-03;2;3805;
1084;Hovedstaden;2022-02-03;11;3816;
1083;Syddanmark;2022-02-04;4;3820;
1085;Sjælland;2022-02-04;4;3824;
1081;Nordjylland;2022-02-04;1;3825;
1082;Midtjylland;2022-02-04;4;3829;
1084;Hovedstaden;2022-02-04;7;3836;
1083;Syddanmark;2022-02-05;4;3840;
1085;Sjælland;2022-02-05;3;3843;
1081;Nordjylland;2022-02-05;2;3845;
1082;Midtjylland;2022-02-05;6;3851;
1084;Hovedstaden;2022-02-05;6;3857;
1083;Syddanmark;2022-02-06;4;3861;
1085;Sjælland;2022-02-06;5;3866;
1081;Nordjylland;2022-02-06;5;3871;
1082;Midtjylland;2022-02-06;3;3874;
1084;Hovedstaden;2022-02-06;14;3888;
1083;Syddanmark;2022-02-07;8;3896;
1085;Sjælland;2022-02-07;4;3900;
1081;Nordjylland;2022-02-07;1;3901;
1082;Midtjylland;2022-02-07;3;3904;
1084;Hovedstaden;2022-02-07;10;3914;
1083;Syddanmark;2022-02-08;3;3917;
1085;Sjælland;2022-02-08;5;3922;
1081;Nordjylland;2022-02-08;3;3925;
1082;Midtjylland;2022-02-08;4;3929;
1084;Hovedstaden;2022-02-08;7;3936;
1083;Syddanmark;2022-02-09;3;3939;
1081;Nordjylland;2022-02-09;4;3943;
1082;Midtjylland;2022-02-09;6;3949;
1084;Hovedstaden;2022-02-09;10;3959;
1083;Syddanmark;2022-02-10;13;3972;
1085;Sjælland;2022-02-10;2;3974;
1081;Nordjylland;2022-02-10;3;3977;
1082;Midtjylland;2022-02-10;3;3980;
1084;Hovedstaden;2022-02-10;10;3990;
1083;Syddanmark;2022-02-11;9;3999;
1085;Sjælland;2022-02-11;3;4002;
1081;Nordjylland;2022-02-11;2;4004;
1082;Midtjylland;2022-02-11;5;4009;
1084;Hovedstaden;2022-02-11;10;4019;
1083;Syddanmark;2022-02-12;13;4032;
1085;Sjælland;2022-02-12;9;4041;
1081;Nordjylland;2022-02-12;5;4046;
1082;Midtjylland;2022-02-12;5;4051;
1084;Hovedstaden;2022-02-12;7;4058;
1083;Syddanmark;2022-02-13;11;4069;
1085;Sjælland;2022-02-13;5;4074;
1081;Nordjylland;2022-02-13;2;4076;
1082;Midtjylland;2022-02-13;9;4085;
1084;Hovedstaden;2022-02-13;16;4101;
1083;Syddanmark;2022-02-14;6;4107;
1085;Sjælland;2022-02-14;5;4112;
1081;Nordjylland;2022-02-14;0;4112;
1082;Midtjylland;2022-02-14;2;4114;
1084;Hovedstaden;2022-02-14;11;4125;
1083;Syddanmark;2022-02-15;10;4135;
1085;Sjælland;2022-02-15;4;4139;
1081;Nordjylland;2022-02-15;7;4146;
1082;Midtjylland;2022-02-15;4;4150;
1084;Hovedstaden;2022-02-15;13;4163;
1083;Syddanmark;2022-02-16;12;4175;
1085;Sjælland;2022-02-16;3;4178;
1081;Nordjylland;2022-02-16;5;4183;
1082;Midtjylland;2022-02-16;8;4191;
1084;Hovedstaden;2022-02-16;8;4199;
1083;Syddanmark;2022-02-17;6;4205;
1085;Sjælland;2022-02-17;7;4212;
1081;Nordjylland;2022-02-17;1;4213;
1082;Midtjylland;2022-02-17;10;4223;
1084;Hovedstaden;2022-02-17;7;4230;
1083;Syddanmark;2022-02-18;8;4238;
1085;Sjælland;2022-02-18;7;4245;
1081;Nordjylland;2022-02-18;5;4250;
1082;Midtjylland;2022-02-18;4;4254;
1084;Hovedstaden;2022-02-18;5;4259;
1083;Syddanmark;2022-02-19;8;4267;
1085;Sjælland;2022-02-19;5;4272;
1081;Nordjylland;2022-02-19;8;4280;
1082;Midtjylland;2022-02-19;8;4288;
1084;Hovedstaden;2022-02-19;8;4296;
1083;Syddanmark;2022-02-20;12;4308;
1085;Sjælland;2022-02-20;3;4311;
1081;Nordjylland;2022-02-20;5;4316;
1082;Midtjylland;2022-02-20;5;4321;
1084;Hovedstaden;2022-02-20;10;4331;
1083;Syddanmark;2022-02-21;12;4343;
1085;Sjælland;2022-02-21;4;4347;
1081;Nordjylland;2022-02-21;7;4354;
1082;Midtjylland;2022-02-21;6;4360;
1084;Hovedstaden;2022-02-21;5;4365;
1083;Syddanmark;2022-02-22;11;4376;
1085;Sjælland;2022-02-22;12;4388;
1081;Nordjylland;2022-02-22;4;4392;
1082;Midtjylland;2022-02-22;9;4401;
1084;Hovedstaden;2022-02-22;10;4411;
1083;Syddanmark;2022-02-23;11;4422;
1085;Sjælland;2022-02-23;8;4430;
1081;Nordjylland;2022-02-23;7;4437;
1082;Midtjylland;2022-02-23;5;4442;
1084;Hovedstaden;2022-02-23;7;4449;
1083;Syddanmark;2022-02-24;6;4455;
1085;Sjælland;2022-02-24;9;4464;
1081;Nordjylland;2022-02-24;4;4468;
1082;Midtjylland;2022-02-24;8;4476;
1084;Hovedstaden;2022-02-24;10;4486;
1083;Syddanmark;2022-02-25;11;4497;
1085;Sjælland;2022-02-25;10;4507;
1081;Nordjylland;2022-02-25;3;4510;
1082;Midtjylland;2022-02-25;8;4518;
1084;Hovedstaden;2022-02-25;7;4525;
1083;Syddanmark;2022-02-26;8;4533;
1085;Sjælland;2022-02-26;8;4541;
1081;Nordjylland;2022-02-26;4;4545;
1082;Midtjylland;2022-02-26;8;4553;
1084;Hovedstaden;2022-02-26;16;4569;
1083;Syddanmark;2022-02-27;11;4580;
1085;Sjælland;2022-02-27;4;4584;
1081;Nordjylland;2022-02-27;7;4591;
1082;Midtjylland;2022-02-27;10;4601;
1084;Hovedstaden;2022-02-27;10;4611;
1083;Syddanmark;2022-02-28;7;4618;
1085;Sjælland;2022-02-28;8;4626;
1081;Nordjylland;2022-02-28;6;4632;
1082;Midtjylland;2022-02-28;5;4637;
1084;Hovedstaden;2022-02-28;8;4645;
1083;Syddanmark;2022-03-01;12;4657;
1085;Sjælland;2022-03-01;11;4668;
1081;Nordjylland;2022-03-01;3;4671;
1082;Midtjylland;2022-03-01;9;4680;
1084;Hovedstaden;2022-03-01;8;4688;
1083;Syddanmark;2022-03-02;5;4693;
1085;Sjælland;2022-03-02;6;4699;
1081;Nordjylland;2022-03-02;7;4706;
1082;Midtjylland;2022-03-02;10;4716;
1084;Hovedstaden;2022-03-02;10;4726;
1083;Syddanmark;2022-03-03;10;4736;
1085;Sjælland;2022-03-03;6;4742;
1081;Nordjylland;2022-03-03;9;4751;
1082;Midtjylland;2022-03-03;11;4762;
1084;Hovedstaden;2022-03-03;11;4773;
1083;Syddanmark;2022-03-04;8;4781;
1085;Sjælland;2022-03-04;6;4787;
1081;Nordjylland;2022-03-04;12;4799;
1082;Midtjylland;2022-03-04;9;4808;
1084;Hovedstaden;2022-03-04;13;4821;
1083;Syddanmark;2022-03-05;23;4844;
1085;Sjælland;2022-03-05;4;4848;
1081;Nordjylland;2022-03-05;8;4856;
1082;Midtjylland;2022-03-05;6;4862;
1084;Hovedstaden;2022-03-05;6;4868;
1083;Syddanmark;2022-03-06;11;4879;
1085;Sjælland;2022-03-06;5;4884;
1081;Nordjylland;2022-03-06;5;4889;
1082;Midtjylland;2022-03-06;11;4900;
1084;Hovedstaden;2022-03-06;11;4911;
1083;Syddanmark;2022-03-07;17;4928;
1085;Sjælland;2022-03-07;5;4933;
1081;Nordjylland;2022-03-07;7;4940;
1082;Midtjylland;2022-03-07;10;4950;
1084;Hovedstaden;2022-03-07;7;4957;
1083;Syddanmark;2022-03-08;15;4972;
1085;Sjælland;2022-03-08;3;4975;
1081;Nordjylland;2022-03-08;4;4979;
1082;Midtjylland;2022-03-08;6;4985;
1084;Hovedstaden;2022-03-08;18;5003;
1083;Syddanmark;2022-03-09;6;5009;
1085;Sjælland;2022-03-09;4;5013;
1081;Nordjylland;2022-03-09;8;5021;
1082;Midtjylland;2022-03-09;12;5033;
1084;Hovedstaden;2022-03-09;13;5046;
1083;Syddanmark;2022-03-10;6;5052;
1085;Sjælland;2022-03-10;8;5060;
1081;Nordjylland;2022-03-10;3;5063;
1082;Midtjylland;2022-03-10;9;5072;
1084;Hovedstaden;2022-03-10;8;5080;
1083;Syddanmark;2022-03-11;8;5088;
1085;Sjælland;2022-03-11;5;5093;
1081;Nordjylland;2022-03-11;1;5094;
1082;Midtjylland;2022-03-11;10;5104;
1084;Hovedstaden;2022-03-11;8;5112;
1083;Syddanmark;2022-03-12;10;5122;
1085;Sjælland;2022-03-12;7;5129;
1081;Nordjylland;2022-03-12;5;5134;
1082;Midtjylland;2022-03-12;15;5149;
1084;Hovedstaden;2022-03-12;9;5158;
1083;Syddanmark;2022-03-13;12;5170;
1085;Sjælland;2022-03-13;4;5174;
1081;Nordjylland;2022-03-13;2;5176;
1082;Midtjylland;2022-03-13;5;5181;
1084;Hovedstaden;2022-03-13;7;5188;
1083;Syddanmark;2022-03-14;14;5202;
1085;Sjælland;2022-03-14;5;5207;
1081;Nordjylland;2022-03-14;4;5211;
1082;Midtjylland;2022-03-14;6;5217;
1084;Hovedstaden;2022-03-14;5;5222;
1083;Syddanmark;2022-03-15;10;5232;
1085;Sjælland;2022-03-15;3;5235;
1081;Nordjylland;2022-03-15;10;5245;
1082;Midtjylland;2022-03-15;7;5252;
1084;Hovedstaden;2022-03-15;12;5264;
1083;Syddanmark;2022-03-16;7;5271;
1085;Sjælland;2022-03-16;4;5275;
1081;Nordjylland;2022-03-16;6;5281;
1082;Midtjylland;2022-03-16;5;5286;
1084;Hovedstaden;2022-03-16;6;5292;
1083;Syddanmark;2022-03-17;4;5296;
1085;Sjælland;2022-03-17;8;5304;
1081;Nordjylland;2022-03-17;6;5310;
1082;Midtjylland;2022-03-17;6;5316;
1084;Hovedstaden;2022-03-17;11;5327;
1083;Syddanmark;2022-03-18;11;5338;
1085;Sjælland;2022-03-18;6;5344;
1081;Nordjylland;2022-03-18;2;5346;
1082;Midtjylland;2022-03-18;6;5352;
1084;Hovedstaden;2022-03-18;5;5357;
1083;Syddanmark;2022-03-19;6;5363;
1085;Sjælland;2022-03-19;6;5369;
1081;Nordjylland;2022-03-19;8;5377;
1082;Midtjylland;2022-03-19;2;5379;
1084;Hovedstaden;2022-03-19;3;5382;
1083;Syddanmark;2022-03-20;15;5397;
1085;Sjælland;2022-03-20;5;5402;
1081;Nordjylland;2022-03-20;9;5411;
1082;Midtjylland;2022-03-20;5;5416;
1084;Hovedstaden;2022-03-20;2;5418;
1083;Syddanmark;2022-03-21;6;5424;
1085;Sjælland;2022-03-21;5;5429;
1081;Nordjylland;2022-03-21;2;5431;
1082;Midtjylland;2022-03-21;3;5434;
1084;Hovedstaden;2022-03-21;4;5438;
1083;Syddanmark;2022-03-22;12;5450;
1085;Sjælland;2022-03-22;6;5456;
1081;Nordjylland;2022-03-22;3;5459;
1082;Midtjylland;2022-03-22;3;5462;
1084;Hovedstaden;2022-03-22;5;5467;
1083;Syddanmark;2022-03-23;5;5472;
1085;Sjælland;2022-03-23;3;5475;
1081;Nordjylland;2022-03-23;3;5478;
1082;Midtjylland;2022-03-23;10;5488;
1084;Hovedstaden;2022-03-23;9;5497;
1083;Syddanmark;2022-03-24;11;5508;
1085;Sjælland;2022-03-24;9;5517;
1081;Nordjylland;2022-03-24;2;5519;
1082;Midtjylland;2022-03-24;3;5522;
1084;Hovedstaden;2022-03-24;5;5527;
1083;Syddanmark;2022-03-25;6;5533;
1085;Sjælland;2022-03-25;4;5537;
1081;Nordjylland;2022-03-25;9;5546;
1082;Midtjylland;2022-03-25;5;5551;
1084;Hovedstaden;2022-03-25;12;5563;
1083;Syddanmark;2022-03-26;11;5574;
1085;Sjælland;2022-03-26;2;5576;
1081;Nordjylland;2022-03-26;6;5582;
1082;Midtjylland;2022-03-26;2;5584;
1084;Hovedstaden;2022-03-26;5;5589;
1083;Syddanmark;2022-03-27;6;5595;
1085;Sjælland;2022-03-27;5;5600;
1081;Nordjylland;2022-03-27;4;5604;
1082;Midtjylland;2022-03-27;4;5608;
1084;Hovedstaden;2022-03-27;8;5616;
1083;Syddanmark;2022-03-28;6;5622;
1085;Sjælland;2022-03-28;2;5624;
1081;Nordjylland;2022-03-28;3;5627;
1082;Midtjylland;2022-03-28;1;5628;
1084;Hovedstaden;2022-03-28;3;5631;
1083;Syddanmark;2022-03-29;8;5639;
1085;Sjælland;2022-03-29;3;5642;
1081;Nordjylland;2022-03-29;4;5646;
1082;Midtjylland;2022-03-29;2;5648;
1084;Hovedstaden;2022-03-29;6;5654;
1083;Syddanmark;2022-03-30;4;5658;
1085;Sjælland;2022-03-30;1;5659;
1081;Nordjylland;2022-03-30;4;5663;
1082;Midtjylland;2022-03-30;3;5666;
1084;Hovedstaden;2022-03-30;7;5673;
1083;Syddanmark;2022-03-31;3;5676;
1085;Sjælland;2022-03-31;7;5683;
1081;Nordjylland;2022-03-31;5;5688;
1082;Midtjylland;2022-03-31;6;5694;
1084;Hovedstaden;2022-03-31;5;5699;
1083;Syddanmark;2022-04-01;3;5702;
1085;Sjælland;2022-04-01;2;5704;
1081;Nordjylland;2022-04-01;2;5706;
1082;Midtjylland;2022-04-01;9;5715;
1084;Hovedstaden;2022-04-01;5;5720;
1083;Syddanmark;2022-04-02;4;5724;
1085;Sjælland;2022-04-02;0;5724;
1081;Nordjylland;2022-04-02;0;5724;
1082;Midtjylland;2022-04-02;4;5728;
1084;Hovedstaden;2022-04-02;6;5734;
1083;Syddanmark;2022-04-03;4;5738;
1085;Sjælland;2022-04-03;2;5740;
1081;Nordjylland;2022-04-03;1;5741;
1082;Midtjylland;2022-04-03;5;5746;
1084;Hovedstaden;2022-04-03;6;5752;
1083;Syddanmark;2022-04-04;9;5761;
1085;Sjælland;2022-04-04;5;5766;
1081;Nordjylland;2022-04-04;2;5768;
1082;Midtjylland;2022-04-04;5;5773;
1084;Hovedstaden;2022-04-04;2;5775;
1083;Syddanmark;2022-04-05;5;5780;
1085;Sjælland;2022-04-05;4;5784;
1081;Nordjylland;2022-04-05;3;5787;
1082;Midtjylland;2022-04-05;0;5787;
1084;Hovedstaden;2022-04-05;4;5791;
1083;Syddanmark;2022-04-06;7;5798;
1085;Sjælland;2022-04-06;2;5800;
1081;Nordjylland;2022-04-06;3;5803;
1082;Midtjylland;2022-04-06;6;5809;
1084;Hovedstaden;2022-04-06;3;5812;
1083;Syddanmark;2022-04-07;10;5822;
1085;Sjælland;2022-04-07;3;5825;
1081;Nordjylland;2022-04-07;0;5825;
1082;Midtjylland;2022-04-07;7;5832;
1084;Hovedstaden;2022-04-07;6;5838;
1083;Syddanmark;2022-04-08;3;5841;
1085;Sjælland;2022-04-08;5;5846;
1081;Nordjylland;2022-04-08;4;5850;
1082;Midtjylland;2022-04-08;1;5851;
1084;Hovedstaden;2022-04-08;6;5857;
1083;Syddanmark;2022-04-09;6;5863;
1085;Sjælland;2022-04-09;3;5866;
1081;Nordjylland;2022-04-09;4;5870;
1082;Midtjylland;2022-04-09;3;5873;
1084;Hovedstaden;2022-04-09;5;5878;
1083;Syddanmark;2022-04-10;3;5881;
1085;Sjælland;2022-04-10;4;5885;
1081;Nordjylland;2022-04-10;1;5886;
1082;Midtjylland;2022-04-10;2;5888;
1084;Hovedstaden;2022-04-10;7;5895;
1083;Syddanmark;2022-04-11;6;5901;
1085;Sjælland;2022-04-11;2;5903;
1081;Nordjylland;2022-04-11;1;5904;
1082;Midtjylland;2022-04-11;2;5906;
1084;Hovedstaden;2022-04-11;2;5908;
1083;Syddanmark;2022-04-12;5;5913;
1081;Nordjylland;2022-04-12;3;5916;
1082;Midtjylland;2022-04-12;2;5918;
1084;Hovedstaden;2022-04-12;3;5921;
1083;Syddanmark;2022-04-13;6;5927;
1085;Sjælland;2022-04-13;0;5927;
1081;Nordjylland;2022-04-13;3;5930;
1082;Midtjylland;2022-04-13;5;5935;
1084;Hovedstaden;2022-04-13;0;5935;
1083;Syddanmark;2022-04-14;3;5938;
1085;Sjælland;2022-04-14;1;5939;
1081;Nordjylland;2022-04-14;0;5939;
1082;Midtjylland;2022-04-14;2;5941;
1084;Hovedstaden;2022-04-14;4;5945;
1083;Syddanmark;2022-04-15;3;5948;
1085;Sjælland;2022-04-15;3;5951;
1081;Nordjylland;2022-04-15;2;5953;
1082;Midtjylland;2022-04-15;2;5955;
1084;Hovedstaden;2022-04-15;4;5959;
1083;Syddanmark;2022-04-16;4;5963;
1085;Sjælland;2022-04-16;0;5963;
1081;Nordjylland;2022-04-16;3;5966;
1082;Midtjylland;2022-04-16;3;5969;
1084;Hovedstaden;2022-04-16;3;5972;
1083;Syddanmark;2022-04-17;3;5975;
1085;Sjælland;2022-04-17;3;5978;
1081;Nordjylland;2022-04-17;0;5978;
1082;Midtjylland;2022-04-17;2;5980;
1084;Hovedstaden;2022-04-17;3;5983;
1083;Syddanmark;2022-04-18;7;5990;
1085;Sjælland;2022-04-18;5;5995;
1081;Nordjylland;2022-04-18;0;5995;
1082;Midtjylland;2022-04-18;1;5996;
1084;Hovedstaden;2022-04-18;2;5998;
1083;Syddanmark;2022-04-19;3;6001;
1085;Sjælland;2022-04-19;2;6003;
1081;Nordjylland;2022-04-19;2;6005;
1082;Midtjylland;2022-04-19;0;6005;
1084;Hovedstaden;2022-04-19;4;6009;
1083;Syddanmark;2022-04-20;3;6012;
1085;Sjælland;2022-04-20;0;6012;
1081;Nordjylland;2022-04-20;1;6013;
1082;Midtjylland;2022-04-20;2;6015;
1084;Hovedstaden;2022-04-20;3;6018;
1083;Syddanmark;2022-04-21;5;6023;
1085;Sjælland;2022-04-21;0;6023;
1081;Nordjylland;2022-04-21;0;6023;
1082;Midtjylland;2022-04-21;5;6028;
1084;Hovedstaden;2022-04-21;2;6030;
1083;Syddanmark;2022-04-22;4;6034;
1085;Sjælland;2022-04-22;3;6037;
1081;Nordjylland;2022-04-22;0;6037;
1082;Midtjylland;2022-04-22;2;6039;
1084;Hovedstaden;2022-04-22;1;6040;
1083;Syddanmark;2022-04-23;6;6046;
1085;Sjælland;2022-04-23;3;6049;
1081;Nordjylland;2022-04-23;3;6052;
1082;Midtjylland;2022-04-23;0;6052;
1084;Hovedstaden;2022-04-23;4;6056;
1083;Syddanmark;2022-04-24;7;6063;
1085;Sjælland;2022-04-24;2;6065;
1081;Nordjylland;2022-04-24;3;6068;
1082;Midtjylland;2022-04-24;2;6070;
1084;Hovedstaden;2022-04-24;3;6073;
1083;Syddanmark;2022-04-25;2;6075;
1085;Sjælland;2022-04-25;5;6080;
1081;Nordjylland;2022-04-25;1;6081;
1082;Midtjylland;2022-04-25;1;6082;
1084;Hovedstaden;2022-04-25;1;6083;
1083;Syddanmark;2022-04-26;3;6086;
1085;Sjælland;2022-04-26;3;6089;
1081;Nordjylland;2022-04-26;0;6089;
1082;Midtjylland;2022-04-26;1;6090;
1084;Hovedstaden;2022-04-26;3;6093;
1083;Syddanmark;2022-04-27;4;6097;
1085;Sjælland;2022-04-27;1;6098;
1081;Nordjylland;2022-04-27;3;6101;
1082;Midtjylland;2022-04-27;3;6104;
1084;Hovedstaden;2022-04-27;1;6105;
1083;Syddanmark;2022-04-28;1;6106;
1085;Sjælland;2022-04-28;2;6108;
1081;Nordjylland;2022-04-28;1;6109;
1082;Midtjylland;2022-04-28;1;6110;
1084;Hovedstaden;2022-04-28;3;6113;
1083;Syddanmark;2022-04-29;1;6114;
1085;Sjælland;2022-04-29;2;6116;
1081;Nordjylland;2022-04-29;0;6116;
1082;Midtjylland;2022-04-29;1;6117;
1084;Hovedstaden;2022-04-29;6;6123;
1083;Syddanmark;2022-04-30;5;6128;
1085;Sjælland;2022-04-30;5;6133;
1081;Nordjylland;2022-04-30;0;6133;
1082;Midtjylland;2022-04-30;1;6134;
1084;Hovedstaden;2022-04-30;4;6138;
1083;Syddanmark;2022-05-01;7;6145;
1085;Sjælland;2022-05-01;0;6145;
1081;Nordjylland;2022-05-01;2;6147;
1082;Midtjylland;2022-05-01;1;6148;
1084;Hovedstaden;2022-05-01;3;6151;
1083;Syddanmark;2022-05-02;4;6155;
1085;Sjælland;2022-05-02;3;6158;
1081;Nordjylland;2022-05-02;1;6159;
1082;Midtjylland;2022-05-02;1;6160;
1084;Hovedstaden;2022-05-02;2;6162;
1083;Syddanmark;2022-05-03;3;6165;
1085;Sjælland;2022-05-03;4;6169;
1081;Nordjylland;2022-05-03;1;6170;
1082;Midtjylland;2022-05-03;2;6172;
1084;Hovedstaden;2022-05-03;5;6177;
1081;Nordjylland;2022-05-04;2;6179;
1082;Midtjylland;2022-05-04;2;6181;
1084;Hovedstaden;2022-05-04;5;6186;
1083;Syddanmark;2022-05-04;1;6187;
1085;Sjælland;2022-05-04;1;6188;
1083;Syddanmark;2022-05-05;1;6189;
1085;Sjælland;2022-05-05;1;6190;
1081;Nordjylland;2022-05-05;0;6190;
1082;Midtjylland;2022-05-05;1;6191;
1084;Hovedstaden;2022-05-05;4;6195;
1083;Syddanmark;2022-05-06;0;6195;
1085;Sjælland;2022-05-06;1;6196;
1081;Nordjylland;2022-05-06;0;6196;
1082;Midtjylland;2022-05-06;1;6197;
1084;Hovedstaden;2022-05-06;2;6199;
1083;Syddanmark;2022-05-07;1;6200;
1085;Sjælland;2022-05-07;2;6202;
1081;Nordjylland;2022-05-07;1;6203;
1082;Midtjylland;2022-05-07;0;6203;
1084;Hovedstaden;2022-05-07;1;6204;
1083;Syddanmark;2022-05-08;0;6204;
1085;Sjælland;2022-05-08;1;6205;
1081;Nordjylland;2022-05-08;1;6206;
1082;Midtjylland;2022-05-08;0;6206;
1084;Hovedstaden;2022-05-08;4;6210;
1083;Syddanmark;2022-05-09;1;6211;
1085;Sjælland;2022-05-09;2;6213;
1081;Nordjylland;2022-05-09;3;6216;
1082;Midtjylland;2022-05-09;1;6217;
1084;Hovedstaden;2022-05-09;4;6221;
1083;Syddanmark;2022-05-10;2;6223;
1085;Sjælland;2022-05-10;0;6223;
1081;Nordjylland;2022-05-10;0;6223;
1082;Midtjylland;2022-05-10;1;6224;
1084;Hovedstaden;2022-05-10;4;6228;
1083;Syddanmark;2022-05-11;4;6232;
1082;Midtjylland;2022-05-11;1;6233;
1084;Hovedstaden;2022-05-11;4;6237;
1083;Syddanmark;2022-05-12;1;6238;
1085;Sjælland;2022-05-12;0;6238;
1081;Nordjylland;2022-05-12;2;6240;
1082;Midtjylland;2022-05-12;1;6241;
1084;Hovedstaden;2022-05-12;2;6243;
1083;Syddanmark;2022-05-13;0;6243;
1085;Sjælland;2022-05-13;1;6244;
1081;Nordjylland;2022-05-13;2;6246;
1082;Midtjylland;2022-05-13;1;6247;
1084;Hovedstaden;2022-05-13;2;6249;
1083;Syddanmark;2022-05-14;0;6249;
1085;Sjælland;2022-05-14;0;6249;
1081;Nordjylland;2022-05-14;2;6251;
1082;Midtjylland;2022-05-14;1;6252;
1084;Hovedstaden;2022-05-14;2;6254;
1083;Syddanmark;2022-05-15;1;6255;
1085;Sjælland;2022-05-15;1;6256;
1081;Nordjylland;2022-05-15;0;6256;
1084;Hovedstaden;2022-05-15;1;6257;
1083;Syddanmark;2022-05-16;2;6259;
1085;Sjælland;2022-05-16;1;6260;
1081;Nordjylland;2022-05-16;2;6262;
1084;Hovedstaden;2022-05-16;4;6266;
1083;Syddanmark;2022-05-17;1;6267;
1085;Sjælland;2022-05-17;1;6268;
1081;Nordjylland;2022-05-17;1;6269;
1082;Midtjylland;2022-05-17;0;6269;
1084;Hovedstaden;2022-05-17;1;6270;
1083;Syddanmark;2022-05-18;2;6272;
1085;Sjælland;2022-05-18;2;6274;
1081;Nordjylland;2022-05-18;2;6276;
1082;Midtjylland;2022-05-18;2;6278;
1084;Hovedstaden;2022-05-18;2;6280;
1083;Syddanmark;2022-05-19;1;6281;
1085;Sjælland;2022-05-19;1;6282;
1081;Nordjylland;2022-05-19;2;6284;
1082;Midtjylland;2022-05-19;0;6284;
1084;Hovedstaden;2022-05-19;0;6284;
1083;Syddanmark;2022-05-20;2;6286;
1085;Sjælland;2022-05-20;0;6286;
1081;Nordjylland;2022-05-20;1;6287;
1082;Midtjylland;2022-05-20;0;6287;
1084;Hovedstaden;2022-05-20;1;6288;
1083;Syddanmark;2022-05-21;0;6288;
1085;Sjælland;2022-05-21;0;6288;
1081;Nordjylland;2022-05-21;0;6288;
1082;Midtjylland;2022-05-21;2;6290;
1084;Hovedstaden;2022-05-21;0;6290;
1083;Syddanmark;2022-05-22;2;6292;
1085;Sjælland;2022-05-22;1;6293;
1081;Nordjylland;2022-05-22;1;6294;
1084;Hovedstaden;2022-05-22;1;6295;
1083;Syddanmark;2022-05-23;1;6296;
1085;Sjælland;2022-05-23;0;6296;
1081;Nordjylland;2022-05-23;1;6297;
1082;Midtjylland;2022-05-23;0;6297;
1084;Hovedstaden;2022-05-23;2;6299;
1083;Syddanmark;2022-05-24;1;6300;
1085;Sjælland;2022-05-24;0;6300;
1081;Nordjylland;2022-05-24;1;6301;
1082;Midtjylland;2022-05-24;0;6301;
1084;Hovedstaden;2022-05-24;1;6302;
1083;Syddanmark;2022-05-25;1;6303;
1085;Sjælland;2022-05-25;1;6304;
1082;Midtjylland;2022-05-25;2;6306;
1084;Hovedstaden;2022-05-25;1;6307;
1083;Syddanmark;2022-05-26;0;6307;
1085;Sjælland;2022-05-26;0;6307;
1081;Nordjylland;2022-05-26;0;6307;
1084;Hovedstaden;2022-05-26;0;6307;
1083;Syddanmark;2022-05-27;1;6308;
1085;Sjælland;2022-05-27;1;6309;
1081;Nordjylland;2022-05-27;3;6312;
1082;Midtjylland;2022-05-27;2;6314;
1084;Hovedstaden;2022-05-27;1;6315;
1083;Syddanmark;2022-05-28;1;6316;
1085;Sjælland;2022-05-28;1;6317;
1081;Nordjylland;2022-05-28;1;6318;
1084;Hovedstaden;2022-05-28;1;6319;
1083;Syddanmark;2022-05-29;0;6319;
1085;Sjælland;2022-05-29;1;6320;
1082;Midtjylland;2022-05-29;0;6320;
1084;Hovedstaden;2022-05-29;1;6321;
1083;Syddanmark;2022-05-30;2;6323;
1085;Sjælland;2022-05-30;2;6325;
1081;Nordjylland;2022-05-30;2;6327;
1084;Hovedstaden;2022-05-30;1;6328;
1083;Syddanmark;2022-05-31;1;6329;
1081;Nordjylland;2022-05-31;0;6329;
1082;Midtjylland;2022-05-31;0;6329;
1084;Hovedstaden;2022-05-31;0;6329;
1083;Syddanmark;2022-06-01;2;6331;
1082;Midtjylland;2022-06-01;0;6331;
1084;Hovedstaden;2022-06-01;4;6335;
1083;Syddanmark;2022-06-02;1;6336;
1085;Sjælland;2022-06-02;1;6337;
1082;Midtjylland;2022-06-02;1;6338;
1084;Hovedstaden;2022-06-02;0;6338;
1083;Syddanmark;2022-06-03;2;6340;
1085;Sjælland;2022-06-03;0;6340;
1081;Nordjylland;2022-06-03;0;6340;
1082;Midtjylland;2022-06-03;1;6341;
1084;Hovedstaden;2022-06-03;0;6341;
1083;Syddanmark;2022-06-04;0;6341;
1085;Sjælland;2022-06-04;0;6341;
1081;Nordjylland;2022-06-04;1;6342;
1082;Midtjylland;2022-06-04;1;6343;
1084;Hovedstaden;2022-06-04;0;6343;
1083;Syddanmark;2022-06-05;0;6343;
1085;Sjælland;2022-06-05;1;6344;
1082;Midtjylland;2022-06-05;1;6345;
1084;Hovedstaden;2022-06-05;3;6348;
1083;Syddanmark;2022-06-06;2;6350;
1084;Hovedstaden;2022-06-06;1;6351;
1083;Syddanmark;2022-06-07;0;6351;
1085;Sjælland;2022-06-07;0;6351;
1081;Nordjylland;2022-06-07;2;6353;
1082;Midtjylland;2022-06-07;0;6353;
1084;Hovedstaden;2022-06-07;1;6354;
1083;Syddanmark;2022-06-08;1;6355;
1085;Sjælland;2022-06-08;1;6356;
1081;Nordjylland;2022-06-08;1;6357;
1082;Midtjylland;2022-06-08;2;6359;
1083;Syddanmark;2022-06-09;0;6359;
1085;Sjælland;2022-06-09;2;6361;
1081;Nordjylland;2022-06-09;0;6361;
1082;Midtjylland;2022-06-09;2;6363;
1084;Hovedstaden;2022-06-09;1;6364;
1083;Syddanmark;2022-06-10;0;6364;
1081;Nordjylland;2022-06-10;0;6364;
1082;Midtjylland;2022-06-10;1;6365;
1084;Hovedstaden;2022-06-10;1;6366;
1083;Syddanmark;2022-06-11;1;6367;
1085;Sjælland;2022-06-11;1;6368;
1082;Midtjylland;2022-06-11;1;6369;
1084;Hovedstaden;2022-06-11;2;6371;
1083;Syddanmark;2022-06-12;0;6371;
1085;Sjælland;2022-06-12;1;6372;
1082;Midtjylland;2022-06-12;1;6373;
1084;Hovedstaden;2022-06-12;1;6374;
1083;Syddanmark;2022-06-13;0;6374;
1082;Midtjylland;2022-06-13;1;6375;
1084;Hovedstaden;2022-06-13;2;6377;
1083;Syddanmark;2022-06-14;2;6379;
1085;Sjælland;2022-06-14;0;6379;
1081;Nordjylland;2022-06-14;0;6379;
1084;Hovedstaden;2022-06-14;0;6379;
1083;Syddanmark;2022-06-15;0;6379;
1085;Sjælland;2022-06-15;1;6380;
1083;Syddanmark;2022-06-16;1;6381;
1085;Sjælland;2022-06-16;0;6381;
1083;Syddanmark;2022-06-17;2;6383;
1084;Hovedstaden;2022-06-17;1;6384;
1085;Sjælland;2022-06-18;1;6385;
1081;Nordjylland;2022-06-18;1;6386;
1084;Hovedstaden;2022-06-18;1;6387;
1083;Syddanmark;2022-06-19;1;6388;
1084;Hovedstaden;2022-06-19;1;6389;
1083;Syddanmark;2022-06-20;1;6390;
1084;Hovedstaden;2022-06-20;1;6391;
1083;Syddanmark;2022-06-21;1;6392;
1085;Sjælland;2022-06-21;2;6394;
1083;Syddanmark;2022-06-22;1;6395;
1085;Sjælland;2022-06-22;1;6396;
1082;Midtjylland;2022-06-22;1;6397;
1084;Hovedstaden;2022-06-22;1;6398;
1083;Syddanmark;2022-06-23;2;6400;
1085;Sjælland;2022-06-23;1;6401;
1082;Midtjylland;2022-06-23;1;6402;
1084;Hovedstaden;2022-06-23;3;6405;
1083;Syddanmark;2022-06-24;1;6406;
1084;Hovedstaden;2022-06-24;5;6411;
1083;Syddanmark;2022-06-25;2;6413;
1085;Sjælland;2022-06-25;1;6414;
1084;Hovedstaden;2022-06-25;4;6418;
1083;Syddanmark;2022-06-26;0;6418;
1085;Sjælland;2022-06-26;1;6419;
1081;Nordjylland;2022-06-26;0;6419;
1082;Midtjylland;2022-06-26;0;6419;
1084;Hovedstaden;2022-06-26;0;6419;
1083;Syddanmark;2022-06-27;0;6419;
1085;Sjælland;2022-06-27;2;6421;
1081;Nordjylland;2022-06-27;0;6421;
1082;Midtjylland;2022-06-27;1;6422;
1084;Hovedstaden;2022-06-27;2;6424;
1083;Syddanmark;2022-06-28;2;6426;
1082;Midtjylland;2022-06-28;1;6427;
1084;Hovedstaden;2022-06-28;2;6429;
1083;Syddanmark;2022-06-29;1;6430;
1085;Sjælland;2022-06-29;2;6432;
1082;Midtjylland;2022-06-29;1;6433;
1084;Hovedstaden;2022-06-29;1;6434;
1083;Syddanmark;2022-06-30;0;6434;
1085;Sjælland;2022-06-30;0;6434;
1082;Midtjylland;2022-06-30;1;6435;
1084;Hovedstaden;2022-06-30;0;6435;
1083;Syddanmark;2022-07-01;1;6436;
1081;Nordjylland;2022-07-01;1;6437;
1084;Hovedstaden;2022-07-01;2;6439;
1085;Sjælland;2022-07-02;2;6441;
1081;Nordjylland;2022-07-02;1;6442;
1084;Hovedstaden;2022-07-02;2;6444;
1083;Syddanmark;2022-07-03;3;6447;
1085;Sjælland;2022-07-03;0;6447;
1081;Nordjylland;2022-07-03;2;6449;
1084;Hovedstaden;2022-07-03;4;6453;
1083;Syddanmark;2022-07-04;0;6453;
1082;Midtjylland;2022-07-04;2;6455;
1084;Hovedstaden;2022-07-04;2;6457;
1083;Syddanmark;2022-07-05;2;6459;
1085;Sjælland;2022-07-05;1;6460;
1082;Midtjylland;2022-07-05;1;6461;
1084;Hovedstaden;2022-07-05;1;6462;
1083;Syddanmark;2022-07-06;1;6463;
1085;Sjælland;2022-07-06;3;6466;
1084;Hovedstaden;2022-07-06;2;6468;
1083;Syddanmark;2022-07-07;1;6469;
1081;Nordjylland;2022-07-07;1;6470;
1082;Midtjylland;2022-07-07;0;6470;
1084;Hovedstaden;2022-07-07;2;6472;
1083;Syddanmark;2022-07-08;3;6475;
1085;Sjælland;2022-07-08;1;6476;
1082;Midtjylland;2022-07-08;2;6478;
1084;Hovedstaden;2022-07-08;3;6481;
1083;Syddanmark;2022-07-09;2;6483;
1085;Sjælland;2022-07-09;1;6484;
1082;Midtjylland;2022-07-09;1;6485;
1084;Hovedstaden;2022-07-09;1;6486;
1083;Syddanmark;2022-07-10;1;6487;
1082;Midtjylland;2022-07-10;1;6488;
1084;Hovedstaden;2022-07-10;2;6490;
1083;Syddanmark;2022-07-11;2;6492;
1085;Sjælland;2022-07-11;1;6493;
1083;Syddanmark;2022-07-12;1;6494;
1081;Nordjylland;2022-07-12;2;6496;
1084;Hovedstaden;2022-07-12;1;6497;
1083;Syddanmark;2022-07-13;1;6498;
1085;Sjælland;2022-07-13;2;6500;
1081;Nordjylland;2022-07-13;0;6500;
1082;Midtjylland;2022-07-13;1;6501;
1084;Hovedstaden;2022-07-13;5;6506;
1083;Syddanmark;2022-07-14;3;6509;
1085;Sjælland;2022-07-14;1;6510;
1082;Midtjylland;2022-07-14;1;6511;
1084;Hovedstaden;2022-07-14;2;6513;
1083;Syddanmark;2022-07-15;2;6515;
1085;Sjælland;2022-07-15;1;6516;
1083;Syddanmark;2022-07-16;2;6518;
1084;Hovedstaden;2022-07-16;1;6519;
1083;Syddanmark;2022-07-17;0;6519;
1085;Sjælland;2022-07-17;1;6520;
1082;Midtjylland;2022-07-17;1;6521;
1084;Hovedstaden;2022-07-17;3;6524;
1083;Syddanmark;2022-07-18;1;6525;
1081;Nordjylland;2022-07-18;1;6526;
1084;Hovedstaden;2022-07-18;1;6527;
1083;Syddanmark;2022-07-19;4;6531;
1081;Nordjylland;2022-07-19;1;6532;
1082;Midtjylland;2022-07-19;1;6533;
1084;Hovedstaden;2022-07-19;4;6537;
1083;Syddanmark;2022-07-20;1;6538;
1085;Sjælland;2022-07-20;1;6539;
1082;Midtjylland;2022-07-20;1;6540;
1084;Hovedstaden;2022-07-20;4;6544;
1083;Syddanmark;2022-07-21;2;6546;
1085;Sjælland;2022-07-21;1;6547;
1082;Midtjylland;2022-07-21;1;6548;
1084;Hovedstaden;2022-07-21;3;6551;
1083;Syddanmark;2022-07-22;1;6552;
1085;Sjælland;2022-07-22;1;6553;
1081;Nordjylland;2022-07-22;1;6554;
1082;Midtjylland;2022-07-22;1;6555;
1084;Hovedstaden;2022-07-22;3;6558;
1083;Syddanmark;2022-07-23;3;6561;
1081;Nordjylland;2022-07-23;1;6562;
1082;Midtjylland;2022-07-23;2;6564;
1084;Hovedstaden;2022-07-23;3;6567;
1083;Syddanmark;2022-07-24;1;6568;
1085;Sjælland;2022-07-24;1;6569;
1081;Nordjylland;2022-07-24;1;6570;
1082;Midtjylland;2022-07-24;2;6572;
1084;Hovedstaden;2022-07-24;2;6574;
1083;Syddanmark;2022-07-25;2;6576;
1085;Sjælland;2022-07-25;3;6579;
1082;Midtjylland;2022-07-25;0;6579;
1084;Hovedstaden;2022-07-25;4;6583;
1083;Syddanmark;2022-07-26;1;6584;
1085;Sjælland;2022-07-26;1;6585;
1084;Hovedstaden;2022-07-26;1;6586;
1083;Syddanmark;2022-07-27;2;6588;
1085;Sjælland;2022-07-27;2;6590;
1081;Nordjylland;2022-07-27;2;6592;
1082;Midtjylland;2022-07-27;1;6593;
1084;Hovedstaden;2022-07-27;1;6594;
1083;Syddanmark;2022-07-28;5;6599;
1085;Sjælland;2022-07-28;1;6600;
1081;Nordjylland;2022-07-28;2;6602;
1082;Midtjylland;2022-07-28;1;6603;
1084;Hovedstaden;2022-07-28;1;6604;
1083;Syddanmark;2022-07-29;1;6605;
1081;Nordjylland;2022-07-29;1;6606;
1082;Midtjylland;2022-07-29;1;6607;
1084;Hovedstaden;2022-07-29;4;6611;
1083;Syddanmark;2022-07-30;3;6614;
1085;Sjælland;2022-07-30;0;6614;
1081;Nordjylland;2022-07-30;2;6616;
1082;Midtjylland;2022-07-30;1;6617;
1084;Hovedstaden;2022-07-30;6;6623;
1083;Syddanmark;2022-07-31;5;6628;
1085;Sjælland;2022-07-31;1;6629;
1081;Nordjylland;2022-07-31;1;6630;
1082;Midtjylland;2022-07-31;3;6633;
1084;Hovedstaden;2022-07-31;3;6636;
1083;Syddanmark;2022-08-01;1;6637;
1085;Sjælland;2022-08-01;1;6638;
1081;Nordjylland;2022-08-01;1;6639;
1084;Hovedstaden;2022-08-01;5;6644;
1083;Syddanmark;2022-08-02;3;6647;
1082;Midtjylland;2022-08-02;2;6649;
1084;Hovedstaden;2022-08-02;3;6652;
1083;Syddanmark;2022-08-03;1;6653;
1085;Sjælland;2022-08-03;0;6653;
1081;Nordjylland;2022-08-03;4;6657;
1082;Midtjylland;2022-08-03;2;6659;
1084;Hovedstaden;2022-08-03;8;6667;
1083;Syddanmark;2022-08-04;4;6671;
1085;Sjælland;2022-08-04;6;6677;
1081;Nordjylland;2022-08-04;2;6679;
1082;Midtjylland;2022-08-04;3;6682;
1084;Hovedstaden;2022-08-04;2;6684;
1083;Syddanmark;2022-08-05;4;6688;
1081;Nordjylland;2022-08-05;0;6688;
1084;Hovedstaden;2022-08-05;6;6694;
1083;Syddanmark;2022-08-06;2;6696;
1082;Midtjylland;2022-08-06;4;6700;
1084;Hovedstaden;2022-08-06;4;6704;
1083;Syddanmark;2022-08-07;3;6707;
1085;Sjælland;2022-08-07;3;6710;
1082;Midtjylland;2022-08-07;3;6713;
1084;Hovedstaden;2022-08-07;3;6716;
1083;Syddanmark;2022-08-08;3;6719;
1081;Nordjylland;2022-08-08;1;6720;
1084;Hovedstaden;2022-08-08;2;6722;
1083;Syddanmark;2022-08-09;2;6724;
1085;Sjælland;2022-08-09;3;6727;
1081;Nordjylland;2022-08-09;1;6728;
1082;Midtjylland;2022-08-09;2;6730;
1084;Hovedstaden;2022-08-09;6;6736;
1083;Syddanmark;2022-08-10;0;6736;
1085;Sjælland;2022-08-10;1;6737;
1081;Nordjylland;2022-08-10;3;6740;
1084;Hovedstaden;2022-08-10;4;6744;
1083;Syddanmark;2022-08-11;4;6748;
1081;Nordjylland;2022-08-11;1;6749;
1082;Midtjylland;2022-08-11;1;6750;
1084;Hovedstaden;2022-08-11;4;6754;
1083;Syddanmark;2022-08-12;1;6755;
1085;Sjælland;2022-08-12;1;6756;
1081;Nordjylland;2022-08-12;0;6756;
1082;Midtjylland;2022-08-12;3;6759;
1084;Hovedstaden;2022-08-12;2;6761;
1085;Sjælland;2022-08-13;3;6764;
1081;Nordjylland;2022-08-13;1;6765;
1082;Midtjylland;2022-08-13;2;6767;
1084;Hovedstaden;2022-08-13;1;6768;
1083;Syddanmark;2022-08-14;3;6771;
1085;Sjælland;2022-08-14;7;6778;
1081;Nordjylland;2022-08-14;1;6779;
1082;Midtjylland;2022-08-14;1;6780;
1084;Hovedstaden;2022-08-14;1;6781;
1083;Syddanmark;2022-08-15;2;6783;
1081;Nordjylland;2022-08-15;2;6785;
1082;Midtjylland;2022-08-15;3;6788;
1084;Hovedstaden;2022-08-15;2;6790;
1083;Syddanmark;2022-08-16;1;6791;
1085;Sjælland;2022-08-16;0;6791;
1081;Nordjylland;2022-08-16;0;6791;
1082;Midtjylland;2022-08-16;2;6793;
1084;Hovedstaden;2022-08-16;1;6794;
1083;Syddanmark;2022-08-17;0;6794;
1085;Sjælland;2022-08-17;0;6794;
1081;Nordjylland;2022-08-17;1;6795;
1084;Hovedstaden;2022-08-17;2;6797;
1083;Syddanmark;2022-08-18;3;6800;
1085;Sjælland;2022-08-18;1;6801;
1081;Nordjylland;2022-08-18;0;6801;
1082;Midtjylland;2022-08-18;1;6802;
1084;Hovedstaden;2022-08-18;4;6806;
1083;Syddanmark;2022-08-19;1;6807;
1085;Sjælland;2022-08-19;1;6808;
1082;Midtjylland;2022-08-19;1;6809;
1084;Hovedstaden;2022-08-19;4;6813;
1083;Syddanmark;2022-08-20;4;6817;
1082;Midtjylland;2022-08-20;2;6819;
1084;Hovedstaden;2022-08-20;3;6822;
1085;Sjælland;2022-08-21;2;6824;
1084;Hovedstaden;2022-08-21;3;6827;
1083;Syddanmark;2022-08-22;2;6829;
1085;Sjælland;2022-08-22;2;6831;
1081;Nordjylland;2022-08-22;2;6833;
1084;Hovedstaden;2022-08-22;1;6834;
1083;Syddanmark;2022-08-23;2;6836;
1085;Sjælland;2022-08-23;3;6839;
1081;Nordjylland;2022-08-23;1;6840;
1082;Midtjylland;2022-08-23;3;6843;
1083;Syddanmark;2022-08-24;1;6844;
1084;Hovedstaden;2022-08-24;3;6847;
1083;Syddanmark;2022-08-25;2;6849;
1085;Sjælland;2022-08-25;0;6849;
1082;Midtjylland;2022-08-25;1;6850;
1084;Hovedstaden;2022-08-25;3;6853;
1083;Syddanmark;2022-08-26;3;6856;
1085;Sjælland;2022-08-26;1;6857;
1081;Nordjylland;2022-08-26;1;6858;
1084;Hovedstaden;2022-08-26;4;6862;
1083;Syddanmark;2022-08-27;1;6863;
1081;Nordjylland;2022-08-27;0;6863;
1082;Midtjylland;2022-08-27;2;6865;
1084;Hovedstaden;2022-08-27;1;6866;
1083;Syddanmark;2022-08-28;0;6866;
1081;Nordjylland;2022-08-28;1;6867;
1082;Midtjylland;2022-08-28;3;6870;
1084;Hovedstaden;2022-08-28;2;6872;
1083;Syddanmark;2022-08-29;4;6876;
1082;Midtjylland;2022-08-29;2;6878;
1084;Hovedstaden;2022-08-29;3;6881;
1085;Sjælland;2022-08-30;1;6882;
1082;Midtjylland;2022-08-30;2;6884;
1084;Hovedstaden;2022-08-30;3;6887;
1083;Syddanmark;2022-08-31;4;6891;
1085;Sjælland;2022-08-31;1;6892;
1082;Midtjylland;2022-08-31;1;6893;
1084;Hovedstaden;2022-08-31;1;6894;
1083;Syddanmark;2022-09-01;1;6895;
1085;Sjælland;2022-09-01;1;6896;
1081;Nordjylland;2022-09-01;0;6896;
1082;Midtjylland;2022-09-01;0;6896;
1084;Hovedstaden;2022-09-01;0;6896;
1083;Syddanmark;2022-09-02;2;6898;
1085;Sjælland;2022-09-02;1;6899;
1081;Nordjylland;2022-09-02;0;6899;
1082;Midtjylland;2022-09-02;2;6901;
1084;Hovedstaden;2022-09-02;2;6903;
1083;Syddanmark;2022-09-03;1;6904;
1085;Sjælland;2022-09-03;1;6905;
1081;Nordjylland;2022-09-03;2;6907;
1082;Midtjylland;2022-09-03;1;6908;
1084;Hovedstaden;2022-09-03;1;6909;
1083;Syddanmark;2022-09-04;1;6910;
1085;Sjælland;2022-09-04;5;6915;
1081;Nordjylland;2022-09-04;0;6915;
1082;Midtjylland;2022-09-04;0;6915;
1084;Hovedstaden;2022-09-04;0;6915;
1083;Syddanmark;2022-09-05;2;6917;
1085;Sjælland;2022-09-05;0;6917;
1082;Midtjylland;2022-09-05;1;6918;
1084;Hovedstaden;2022-09-05;1;6919;
1081;Nordjylland;2022-09-06;2;6921;
1082;Midtjylland;2022-09-06;1;6922;
1084;Hovedstaden;2022-09-06;0;6922;
1085;Sjælland;2022-09-07;0;6922;
1082;Midtjylland;2022-09-07;1;6923;
1084;Hovedstaden;2022-09-07;0;6923;
1083;Syddanmark;2022-09-08;2;6925;
1085;Sjælland;2022-09-08;1;6926;
1081;Nordjylland;2022-09-08;1;6927;
1082;Midtjylland;2022-09-08;1;6928;
1084;Hovedstaden;2022-09-08;2;6930;
1083;Syddanmark;2022-09-09;0;6930;
1082;Midtjylland;2022-09-09;0;6930;
1084;Hovedstaden;2022-09-09;1;6931;
1083;Syddanmark;2022-09-10;2;6933;
1085;Sjælland;2022-09-10;1;6934;
1081;Nordjylland;2022-09-10;1;6935;
1082;Midtjylland;2022-09-10;0;6935;
1084;Hovedstaden;2022-09-10;2;6937;
1083;Syddanmark;2022-09-11;0;6937;
1085;Sjælland;2022-09-11;2;6939;
1081;Nordjylland;2022-09-11;0;6939;
1082;Midtjylland;2022-09-11;1;6940;
1084;Hovedstaden;2022-09-11;0;6940;
1084;Hovedstaden;2022-09-12;0;6940;
1083;Syddanmark;2022-09-13;2;6942;
1085;Sjælland;2022-09-13;1;6943;
1082;Midtjylland;2022-09-13;1;6944;
1084;Hovedstaden;2022-09-13;2;6946;
1083;Syddanmark;2022-09-14;1;6947;
1085;Sjælland;2022-09-14;1;6948;
1081;Nordjylland;2022-09-14;1;6949;
1082;Midtjylland;2022-09-14;0;6949;
1084;Hovedstaden;2022-09-14;1;6950;
1085;Sjælland;2022-09-15;0;6950;
1084;Hovedstaden;2022-09-15;1;6951;
1085;Sjælland;2022-09-16;0;6951;
1082;Midtjylland;2022-09-16;1;6952;
1084;Hovedstaden;2022-09-16;3;6955;
1081;Nordjylland;2022-09-17;1;6956;
1082;Midtjylland;2022-09-17;2;6958;
1084;Hovedstaden;2022-09-17;2;6960;
1083;Syddanmark;2022-09-18;1;6961;
1085;Sjælland;2022-09-18;0;6961;
1082;Midtjylland;2022-09-18;3;6964;
1084;Hovedstaden;2022-09-18;1;6965;
1083;Syddanmark;2022-09-19;1;6966;
1085;Sjælland;2022-09-19;1;6967;
1084;Hovedstaden;2022-09-19;1;6968;
1083;Syddanmark;2022-09-20;1;6969;
1085;Sjælland;2022-09-20;1;6970;
1081;Nordjylland;2022-09-20;3;6973;
1082;Midtjylland;2022-09-20;1;6974;
1084;Hovedstaden;2022-09-20;2;6976;
1083;Syddanmark;2022-09-21;3;6979;
1085;Sjælland;2022-09-21;2;6981;
1082;Midtjylland;2022-09-21;0;6981;
1084;Hovedstaden;2022-09-21;2;6983;
1083;Syddanmark;2022-09-22;0;6983;
1085;Sjælland;2022-09-22;1;6984;
1082;Midtjylland;2022-09-22;2;6986;
1084;Hovedstaden;2022-09-22;1;6987;
1081;Nordjylland;2022-09-23;0;6987;
1084;Hovedstaden;2022-09-23;3;6990;
1085;Sjælland;2022-09-24;3;6993;
1081;Nordjylland;2022-09-24;2;6995;
1082;Midtjylland;2022-09-24;1;6996;
1084;Hovedstaden;2022-09-24;1;6997;
1083;Syddanmark;2022-09-25;1;6998;
1085;Sjælland;2022-09-25;0;6998;
1082;Midtjylland;2022-09-25;3;7001;
1084;Hovedstaden;2022-09-25;1;7002;
1083;Syddanmark;2022-09-26;2;7004;
1085;Sjælland;2022-09-26;0;7004;
1081;Nordjylland;2022-09-26;1;7005;
1082;Midtjylland;2022-09-26;2;7007;
1084;Hovedstaden;2022-09-26;3;7010;
1083;Syddanmark;2022-09-27;1;7011;
1085;Sjælland;2022-09-27;2;7013;
1081;Nordjylland;2022-09-27;2;7015;
1082;Midtjylland;2022-09-27;0;7015;
1084;Hovedstaden;2022-09-27;4;7019;
1083;Syddanmark;2022-09-28;2;7021;
1085;Sjælland;2022-09-28;2;7023;
1081;Nordjylland;2022-09-28;2;7025;
1084;Hovedstaden;2022-09-28;4;7029;
1083;Syddanmark;2022-09-29;6;7035;
1085;Sjælland;2022-09-29;0;7035;
1084;Hovedstaden;2022-09-29;2;7037;
1085;Sjælland;2022-09-30;1;7038;
1081;Nordjylland;2022-09-30;0;7038;
1082;Midtjylland;2022-09-30;1;7039;
1084;Hovedstaden;2022-09-30;0;7039;
1083;Syddanmark;2022-10-01;1;7040;
1081;Nordjylland;2022-10-01;3;7043;
1082;Midtjylland;2022-10-01;1;7044;
1084;Hovedstaden;2022-10-01;2;7046;
1083;Syddanmark;2022-10-02;1;7047;
1085;Sjælland;2022-10-02;0;7047;
1081;Nordjylland;2022-10-02;1;7048;
1082;Midtjylland;2022-10-02;2;7050;
1083;Syddanmark;2022-10-03;2;7052;
1085;Sjælland;2022-10-03;1;7053;
1081;Nordjylland;2022-10-03;2;7055;
1082;Midtjylland;2022-10-03;1;7056;
1084;Hovedstaden;2022-10-03;1;7057;
1083;Syddanmark;2022-10-04;3;7060;
1082;Midtjylland;2022-10-04;1;7061;
1084;Hovedstaden;2022-10-04;2;7063;
1083;Syddanmark;2022-10-05;4;7067;
1085;Sjælland;2022-10-05;3;7070;
1081;Nordjylland;2022-10-05;3;7073;
1082;Midtjylland;2022-10-05;2;7075;
1084;Hovedstaden;2022-10-05;1;7076;
1085;Sjælland;2022-10-06;1;7077;
1081;Nordjylland;2022-10-06;1;7078;
1082;Midtjylland;2022-10-06;1;7079;
1084;Hovedstaden;2022-10-06;2;7081;
1083;Syddanmark;2022-10-07;2;7083;
1085;Sjælland;2022-10-07;1;7084;
1081;Nordjylland;2022-10-07;0;7084;
1084;Hovedstaden;2022-10-07;4;7088;
1083;Syddanmark;2022-10-08;4;7092;
1081;Nordjylland;2022-10-08;1;7093;
1082;Midtjylland;2022-10-08;1;7094;
1084;Hovedstaden;2022-10-08;2;7096;
1083;Syddanmark;2022-10-09;2;7098;
1085;Sjælland;2022-10-09;2;7100;
1081;Nordjylland;2022-10-09;3;7103;
1083;Syddanmark;2022-10-10;2;7105;
1085;Sjælland;2022-10-10;2;7107;
1081;Nordjylland;2022-10-10;2;7109;
1084;Hovedstaden;2022-10-10;0;7109;
1083;Syddanmark;2022-10-11;1;7110;
1085;Sjælland;2022-10-11;3;7113;
1081;Nordjylland;2022-10-11;1;7114;
1082;Midtjylland;2022-10-11;3;7117;
1084;Hovedstaden;2022-10-11;0;7117;
1083;Syddanmark;2022-10-12;1;7118;
1085;Sjælland;2022-10-12;2;7120;
1081;Nordjylland;2022-10-12;0;7120;
1082;Midtjylland;2022-10-12;1;7121;
1084;Hovedstaden;2022-10-12;2;7123;
1083;Syddanmark;2022-10-13;3;7126;
1085;Sjælland;2022-10-13;4;7130;
1081;Nordjylland;2022-10-13;2;7132;
1084;Hovedstaden;2022-10-13;2;7134;
1083;Syddanmark;2022-10-14;3;7137;
1085;Sjælland;2022-10-14;1;7138;
1082;Midtjylland;2022-10-14;3;7141;
1083;Syddanmark;2022-10-15;2;7143;
1085;Sjælland;2022-10-15;4;7147;
1082;Midtjylland;2022-10-15;1;7148;
1084;Hovedstaden;2022-10-15;1;7149;
1083;Syddanmark;2022-10-16;1;7150;
1085;Sjælland;2022-10-16;2;7152;
1081;Nordjylland;2022-10-16;2;7154;
1082;Midtjylland;2022-10-16;1;7155;
1084;Hovedstaden;2022-10-16;2;7157;
1083;Syddanmark;2022-10-17;5;7162;
1085;Sjælland;2022-10-17;3;7165;
1081;Nordjylland;2022-10-17;2;7167;
1082;Midtjylland;2022-10-17;2;7169;
1084;Hovedstaden;2022-10-17;4;7173;
1083;Syddanmark;2022-10-18;1;7174;
1085;Sjælland;2022-10-18;1;7175;
1081;Nordjylland;2022-10-18;3;7178;
1082;Midtjylland;2022-10-18;1;7179;
1084;Hovedstaden;2022-10-18;2;7181;
1083;Syddanmark;2022-10-19;1;7182;
1085;Sjælland;2022-10-19;3;7185;
1082;Midtjylland;2022-10-19;1;7186;
1084;Hovedstaden;2022-10-19;6;7192;
1083;Syddanmark;2022-10-20;8;7200;
1085;Sjælland;2022-10-20;1;7201;
1081;Nordjylland;2022-10-20;1;7202;
1082;Midtjylland;2022-10-20;1;7203;
1084;Hovedstaden;2022-10-20;3;7206;
1083;Syddanmark;2022-10-21;4;7210;
1085;Sjælland;2022-10-21;3;7213;
1081;Nordjylland;2022-10-21;6;7219;
1082;Midtjylland;2022-10-21;1;7220;
1084;Hovedstaden;2022-10-21;3;7223;
1083;Syddanmark;2022-10-22;4;7227;
1085;Sjælland;2022-10-22;3;7230;
1081;Nordjylland;2022-10-22;1;7231;
1082;Midtjylland;2022-10-22;1;7232;
1084;Hovedstaden;2022-10-22;3;7235;
1083;Syddanmark;2022-10-23;2;7237;
1085;Sjælland;2022-10-23;3;7240;
1081;Nordjylland;2022-10-23;1;7241;
1082;Midtjylland;2022-10-23;2;7243;
1084;Hovedstaden;2022-10-23;2;7245;
1083;Syddanmark;2022-10-24;0;7245;
1085;Sjælland;2022-10-24;2;7247;
1081;Nordjylland;2022-10-24;1;7248;
1084;Hovedstaden;2022-10-24;3;7251;
1083;Syddanmark;2022-10-25;4;7255;
1085;Sjælland;2022-10-25;1;7256;
1081;Nordjylland;2022-10-25;2;7258;
1082;Midtjylland;2022-10-25;1;7259;
1084;Hovedstaden;2022-10-25;2;7261;
1083;Syddanmark;2022-10-26;1;7262;
1085;Sjælland;2022-10-26;6;7268;
1081;Nordjylland;2022-10-26;2;7270;
1082;Midtjylland;2022-10-26;1;7271;
1084;Hovedstaden;2022-10-26;4;7275;
1083;Syddanmark;2022-10-27;2;7277;
1085;Sjælland;2022-10-27;1;7278;
1081;Nordjylland;2022-10-27;1;7279;
1082;Midtjylland;2022-10-27;1;7280;
1084;Hovedstaden;2022-10-27;4;7284;
1083;Syddanmark;2022-10-28;2;7286;
1085;Sjælland;2022-10-28;0;7286;
1081;Nordjylland;2022-10-28;1;7287;
1082;Midtjylland;2022-10-28;1;7288;
1084;Hovedstaden;2022-10-28;1;7289;
1083;Syddanmark;2022-10-29;1;7290;
1085;Sjælland;2022-10-29;1;7291;
1081;Nordjylland;2022-10-29;1;7292;
1082;Midtjylland;2022-10-29;2;7294;
1084;Hovedstaden;2022-10-29;2;7296;
1083;Syddanmark;2022-10-30;2;7298;
1085;Sjælland;2022-10-30;3;7301;
1081;Nordjylland;2022-10-30;1;7302;
1082;Midtjylland;2022-10-30;1;7303;
1084;Hovedstaden;2022-10-30;5;7308;
1083;Syddanmark;2022-10-31;2;7310;
1084;Hovedstaden;2022-10-31;1;7311;
1083;Syddanmark;2022-11-01;3;7314;
1085;Sjælland;2022-11-01;3;7317;
1081;Nordjylland;2022-11-01;1;7318;
1082;Midtjylland;2022-11-01;1;7319;
1084;Hovedstaden;2022-11-01;4;7323;
1083;Syddanmark;2022-11-02;3;7326;
1085;Sjælland;2022-11-02;1;7327;
1081;Nordjylland;2022-11-02;1;7328;
1082;Midtjylland;2022-11-02;1;7329;
1084;Hovedstaden;2022-11-02;3;7332;
1083;Syddanmark;2022-11-03;3;7335;
1085;Sjælland;2022-11-03;2;7337;
1081;Nordjylland;2022-11-03;0;7337;
1082;Midtjylland;2022-11-03;2;7339;
1084;Hovedstaden;2022-11-03;3;7342;
1083;Syddanmark;2022-11-04;4;7346;
1085;Sjælland;2022-11-04;3;7349;
1081;Nordjylland;2022-11-04;2;7351;
1082;Midtjylland;2022-11-04;1;7352;
1084;Hovedstaden;2022-11-04;3;7355;
1083;Syddanmark;2022-11-05;3;7358;
1085;Sjælland;2022-11-05;1;7359;
1081;Nordjylland;2022-11-05;1;7360;
1082;Midtjylland;2022-11-05;1;7361;
1084;Hovedstaden;2022-11-05;1;7362;
1083;Syddanmark;2022-11-06;2;7364;
1085;Sjælland;2022-11-06;2;7366;
1081;Nordjylland;2022-11-06;1;7367;
1084;Hovedstaden;2022-11-06;2;7369;
1083;Syddanmark;2022-11-07;1;7370;
1085;Sjælland;2022-11-07;3;7373;
1082;Midtjylland;2022-11-07;1;7374;
1084;Hovedstaden;2022-11-07;2;7376;
1085;Sjælland;2022-11-08;0;7376;
1081;Nordjylland;2022-11-08;2;7378;
1082;Midtjylland;2022-11-08;2;7380;
1084;Hovedstaden;2022-11-08;2;7382;
1085;Sjælland;2022-11-09;1;7383;
1081;Nordjylland;2022-11-09;0;7383;
1082;Midtjylland;2022-11-09;2;7385;
1084;Hovedstaden;2022-11-09;0;7385;
1083;Syddanmark;2022-11-10;3;7388;
1085;Sjælland;2022-11-10;1;7389;
1081;Nordjylland;2022-11-10;3;7392;
1082;Midtjylland;2022-11-10;1;7393;
1084;Hovedstaden;2022-11-10;3;7396;
1083;Syddanmark;2022-11-11;1;7397;
1081;Nordjylland;2022-11-11;1;7398;
1082;Midtjylland;2022-11-11;0;7398;
1084;Hovedstaden;2022-11-11;1;7399;
1083;Syddanmark;2022-11-12;1;7400;
1081;Nordjylland;2022-11-12;2;7402;
1082;Midtjylland;2022-11-12;1;7403;
1084;Hovedstaden;2022-11-12;3;7406;
1083;Syddanmark;2022-11-13;0;7406;
1081;Nordjylland;2022-11-13;1;7407;
1082;Midtjylland;2022-11-13;0;7407;
1084;Hovedstaden;2022-11-13;1;7408;
1085;Sjælland;2022-11-14;2;7410;
1081;Nordjylland;2022-11-14;3;7413;
1082;Midtjylland;2022-11-14;1;7414;
1084;Hovedstaden;2022-11-14;6;7420;
1083;Syddanmark;2022-11-15;0;7420;
1085;Sjælland;2022-11-15;1;7421;
1081;Nordjylland;2022-11-15;1;7422;
1083;Syddanmark;2022-11-16;1;7423;
1081;Nordjylland;2022-11-16;0;7423;
1082;Midtjylland;2022-11-16;0;7423;
1084;Hovedstaden;2022-11-16;2;7425;
1085;Sjælland;2022-11-17;1;7426;
1082;Midtjylland;2022-11-17;2;7428;
1084;Hovedstaden;2022-11-17;2;7430;
1083;Syddanmark;2022-11-18;1;7431;
1085;Sjælland;2022-11-18;2;7433;
1082;Midtjylland;2022-11-18;1;7434;
1084;Hovedstaden;2022-11-18;3;7437;
1083;Syddanmark;2022-11-19;2;7439;
1085;Sjælland;2022-11-19;2;7441;
1084;Hovedstaden;2022-11-19;2;7443;
1083;Syddanmark;2022-11-20;0;7443;
1085;Sjælland;2022-11-20;1;7444;
1081;Nordjylland;2022-11-20;1;7445;
1082;Midtjylland;2022-11-20;2;7447;
1084;Hovedstaden;2022-11-20;1;7448;
1083;Syddanmark;2022-11-21;1;7449;
1081;Nordjylland;2022-11-21;0;7449;
1082;Midtjylland;2022-11-21;1;7450;
1084;Hovedstaden;2022-11-21;1;7451;
1085;Sjælland;2022-11-22;2;7453;
1081;Nordjylland;2022-11-22;1;7454;
1082;Midtjylland;2022-11-22;0;7454;
1084;Hovedstaden;2022-11-22;1;7455;
1083;Syddanmark;2022-11-23;1;7456;
1085;Sjælland;2022-11-23;1;7457;
1081;Nordjylland;2022-11-23;0;7457;
1084;Hovedstaden;2022-11-23;3;7460;
1083;Syddanmark;2022-11-24;1;7461;
1085;Sjælland;2022-11-24;0;7461;
1082;Midtjylland;2022-11-24;2;7463;
1084;Hovedstaden;2022-11-24;1;7464;
1083;Syddanmark;2022-11-25;1;7465;
1085;Sjælland;2022-11-25;2;7467;
1081;Nordjylland;2022-11-25;0;7467;
1084;Hovedstaden;2022-11-25;2;7469;
1083;Syddanmark;2022-11-26;0;7469;
1084;Hovedstaden;2022-11-26;2;7471;
1083;Syddanmark;2022-11-27;0;7471;
1081;Nordjylland;2022-11-27;3;7474;
1082;Midtjylland;2022-11-27;2;7476;
1084;Hovedstaden;2022-11-27;2;7478;
1085;Sjælland;2022-11-28;0;7478;
1082;Midtjylland;2022-11-28;1;7479;
1084;Hovedstaden;2022-11-28;2;7481;
1083;Syddanmark;2022-11-29;0;7481;
1085;Sjælland;2022-11-29;0;7481;
1081;Nordjylland;2022-11-29;1;7482;
1084;Hovedstaden;2022-11-29;2;7484;
1083;Syddanmark;2022-11-30;0;7484;
1085;Sjælland;2022-11-30;1;7485;
1082;Midtjylland;2022-11-30;2;7487;
1084;Hovedstaden;2022-11-30;2;7489;
1083;Syddanmark;2022-12-01;0;7489;
1085;Sjælland;2022-12-01;1;7490;
1081;Nordjylland;2022-12-01;1;7491;
1082;Midtjylland;2022-12-01;0;7491;
1084;Hovedstaden;2022-12-01;2;7493;
1084;Hovedstaden;2022-12-02;1;7494;
1083;Syddanmark;2022-12-03;3;7497;
1085;Sjælland;2022-12-03;1;7498;
1081;Nordjylland;2022-12-03;1;7499;
1082;Midtjylland;2022-12-03;1;7500;
1084;Hovedstaden;2022-12-03;2;7502;
1083;Syddanmark;2022-12-04;1;7503;
1081;Nordjylland;2022-12-04;1;7504;
1084;Hovedstaden;2022-12-04;3;7507;
1083;Syddanmark;2022-12-05;4;7511;
1085;Sjælland;2022-12-05;1;7512;
1084;Hovedstaden;2022-12-05;1;7513;
1083;Syddanmark;2022-12-06;3;7516;
1085;Sjælland;2022-12-06;0;7516;
1081;Nordjylland;2022-12-06;1;7517;
1084;Hovedstaden;2022-12-06;6;7523;
1083;Syddanmark;2022-12-07;1;7524;
1085;Sjælland;2022-12-07;1;7525;
1082;Midtjylland;2022-12-07;2;7527;
1084;Hovedstaden;2022-12-07;1;7528;
1083;Syddanmark;2022-12-08;3;7531;
1085;Sjælland;2022-12-08;0;7531;
1081;Nordjylland;2022-12-08;1;7532;
1082;Midtjylland;2022-12-08;1;7533;
1084;Hovedstaden;2022-12-08;0;7533;
1083;Syddanmark;2022-12-09;6;7539;
1081;Nordjylland;2022-12-09;1;7540;
1082;Midtjylland;2022-12-09;2;7542;
1084;Hovedstaden;2022-12-09;3;7545;
1085;Sjælland;2022-12-10;0;7545;
1082;Midtjylland;2022-12-10;1;7546;
1084;Hovedstaden;2022-12-10;1;7547;
1081;Nordjylland;2022-12-11;1;7548;
1082;Midtjylland;2022-12-11;2;7550;
1084;Hovedstaden;2022-12-11;3;7553;
1083;Syddanmark;2022-12-12;4;7557;
1085;Sjælland;2022-12-12;0;7557;
1082;Midtjylland;2022-12-12;1;7558;
1084;Hovedstaden;2022-12-12;5;7563;
1083;Syddanmark;2022-12-13;1;7564;
1085;Sjælland;2022-12-13;1;7565;
1081;Nordjylland;2022-12-13;2;7567;
1082;Midtjylland;2022-12-13;2;7569;
1084;Hovedstaden;2022-12-13;2;7571;
1083;Syddanmark;2022-12-14;1;7572;
1085;Sjælland;2022-12-14;0;7572;
1082;Midtjylland;2022-12-14;2;7574;
1084;Hovedstaden;2022-12-14;5;7579;
1083;Syddanmark;2022-12-15;2;7581;
1085;Sjælland;2022-12-15;1;7582;
1081;Nordjylland;2022-12-15;1;7583;
1084;Hovedstaden;2022-12-15;5;7588;
1083;Syddanmark;2022-12-16;1;7589;
1085;Sjælland;2022-12-16;0;7589;
1081;Nordjylland;2022-12-16;0;7589;
1082;Midtjylland;2022-12-16;3;7592;
1084;Hovedstaden;2022-12-16;4;7596;
1083;Syddanmark;2022-12-17;1;7597;
1085;Sjælland;2022-12-17;1;7598;
1081;Nordjylland;2022-12-17;1;7599;
1084;Hovedstaden;2022-12-17;5;7604;
1083;Syddanmark;2022-12-18;2;7606;
1085;Sjælland;2022-12-18;1;7607;
1081;Nordjylland;2022-12-18;2;7609;
1082;Midtjylland;2022-12-18;4;7613;
1084;Hovedstaden;2022-12-18;5;7618;
1083;Syddanmark;2022-12-19;0;7618;
1085;Sjælland;2022-12-19;4;7622;
1081;Nordjylland;2022-12-19;1;7623;
1082;Midtjylland;2022-12-19;1;7624;
1084;Hovedstaden;2022-12-19;3;7627;
1083;Syddanmark;2022-12-20;1;7628;
1081;Nordjylland;2022-12-20;1;7629;
1082;Midtjylland;2022-12-20;1;7630;
1084;Hovedstaden;2022-12-20;7;7637;
1083;Syddanmark;2022-12-21;2;7639;
1085;Sjælland;2022-12-21;1;7640;
1081;Nordjylland;2022-12-21;1;7641;
1084;Hovedstaden;2022-12-21;7;7648;
1083;Syddanmark;2022-12-22;2;7650;
1085;Sjælland;2022-12-22;3;7653;
1081;Nordjylland;2022-12-22;2;7655;
1082;Midtjylland;2022-12-22;2;7657;
1084;Hovedstaden;2022-12-22;5;7662;
1083;Syddanmark;2022-12-23;3;7665;
1085;Sjælland;2022-12-23;1;7666;
1082;Midtjylland;2022-12-23;2;7668;
1084;Hovedstaden;2022-12-23;4;7672;
1083;Syddanmark;2022-12-24;1;7673;
1085;Sjælland;2022-12-24;0;7673;
1081;Nordjylland;2022-12-24;1;7674;
1082;Midtjylland;2022-12-24;4;7678;
1084;Hovedstaden;2022-12-24;3;7681;
1083;Syddanmark;2022-12-25;2;7683;
1085;Sjælland;2022-12-25;3;7686;
1082;Midtjylland;2022-12-25;5;7691;
1084;Hovedstaden;2022-12-25;3;7694;
1083;Syddanmark;2022-12-26;5;7699;
1081;Nordjylland;2022-12-26;2;7701;
1082;Midtjylland;2022-12-26;1;7702;
1084;Hovedstaden;2022-12-26;4;7706;
1083;Syddanmark;2022-12-27;2;7708;
1085;Sjælland;2022-12-27;0;7708;
1081;Nordjylland;2022-12-27;1;7709;
1082;Midtjylland;2022-12-27;1;7710;
1084;Hovedstaden;2022-12-27;1;7711;
1083;Syddanmark;2022-12-28;2;7713;
1085;Sjælland;2022-12-28;3;7716;
1081;Nordjylland;2022-12-28;5;7721;
1082;Midtjylland;2022-12-28;3;7724;
1084;Hovedstaden;2022-12-28;4;7728;
1083;Syddanmark;2022-12-29;1;7729;
1085;Sjælland;2022-12-29;1;7730;
1081;Nordjylland;2022-12-29;2;7732;
1082;Midtjylland;2022-12-29;1;7733;
1084;Hovedstaden;2022-12-29;5;7738;
1083;Syddanmark;2022-12-30;6;7744;
1085;Sjælland;2022-12-30;1;7745;
1081;Nordjylland;2022-12-30;1;7746;
1082;Midtjylland;2022-12-30;2;7748;
1084;Hovedstaden;2022-12-30;2;7750;
1083;Syddanmark;2022-12-31;5;7755;
1085;Sjælland;2022-12-31;5;7760;
1081;Nordjylland;2022-12-31;2;7762;
1082;Midtjylland;2022-12-31;3;7765;
1084;Hovedstaden;2022-12-31;9;7774;
1083;Syddanmark;2023-01-01;1;7775;
1085;Sjælland;2023-01-01;4;7779;
1081;Nordjylland;2023-01-01;2;7781;
1082;Midtjylland;2023-01-01;1;7782;
1084;Hovedstaden;2023-01-01;8;7790;
1083;Syddanmark;2023-01-02;3;7793;
1081;Nordjylland;2023-01-02;2;7795;
1082;Midtjylland;2023-01-02;4;7799;
1084;Hovedstaden;2023-01-02;6;7805;
1083;Syddanmark;2023-01-03;3;7808;
1085;Sjælland;2023-01-03;6;7814;
1081;Nordjylland;2023-01-03;1;7815;
1082;Midtjylland;2023-01-03;3;7818;
1084;Hovedstaden;2023-01-03;3;7821;
1083;Syddanmark;2023-01-04;4;7825;
1085;Sjælland;2023-01-04;1;7826;
1081;Nordjylland;2023-01-04;1;7827;
1082;Midtjylland;2023-01-04;6;7833;
1084;Hovedstaden;2023-01-04;2;7835;
1083;Syddanmark;2023-01-05;1;7836;
1085;Sjælland;2023-01-05;2;7838;
1082;Midtjylland;2023-01-05;3;7841;
1084;Hovedstaden;2023-01-05;5;7846;
1083;Syddanmark;2023-01-06;3;7849;
1085;Sjælland;2023-01-06;3;7852;
1081;Nordjylland;2023-01-06;1;7853;
1082;Midtjylland;2023-01-06;5;7858;
1084;Hovedstaden;2023-01-06;8;7866;
1083;Syddanmark;2023-01-07;4;7870;
1085;Sjælland;2023-01-07;1;7871;
1081;Nordjylland;2023-01-07;1;7872;
1082;Midtjylland;2023-01-07;3;7875;
1084;Hovedstaden;2023-01-07;4;7879;
1083;Syddanmark;2023-01-08;1;7880;
1085;Sjælland;2023-01-08;3;7883;
1081;Nordjylland;2023-01-08;1;7884;
1082;Midtjylland;2023-01-08;2;7886;
1084;Hovedstaden;2023-01-08;2;7888;
1083;Syddanmark;2023-01-09;4;7892;
1085;Sjælland;2023-01-09;5;7897;
1081;Nordjylland;2023-01-09;2;7899;
1082;Midtjylland;2023-01-09;5;7904;
1084;Hovedstaden;2023-01-09;4;7908;
1083;Syddanmark;2023-01-10;6;7914;
1085;Sjælland;2023-01-10;1;7915;
1081;Nordjylland;2023-01-10;2;7917;
1084;Hovedstaden;2023-01-10;4;7921;
1083;Syddanmark;2023-01-11;1;7922;
1081;Nordjylland;2023-01-11;1;7923;
1082;Midtjylland;2023-01-11;3;7926;
1084;Hovedstaden;2023-01-11;6;7932;
1083;Syddanmark;2023-01-12;3;7935;
1085;Sjælland;2023-01-12;3;7938;
1081;Nordjylland;2023-01-12;3;7941;
1082;Midtjylland;2023-01-12;1;7942;
1084;Hovedstaden;2023-01-12;3;7945;
1083;Syddanmark;2023-01-13;5;7950;
1085;Sjælland;2023-01-13;3;7953;
1081;Nordjylland;2023-01-13;1;7954;
1082;Midtjylland;2023-01-13;2;7956;
1084;Hovedstaden;2023-01-13;3;7959;
1085;Sjælland;2023-01-14;1;7960;
1081;Nordjylland;2023-01-14;2;7962;
1082;Midtjylland;2023-01-14;2;7964;
1084;Hovedstaden;2023-01-14;4;7968;
1083;Syddanmark;2023-01-15;2;7970;
1085;Sjælland;2023-01-15;1;7971;
1081;Nordjylland;2023-01-15;2;7973;
1082;Midtjylland;2023-01-15;1;7974;
1084;Hovedstaden;2023-01-15;5;7979;
1083;Syddanmark;2023-01-16;4;7983;
1085;Sjælland;2023-01-16;1;7984;
1081;Nordjylland;2023-01-16;1;7985;
1082;Midtjylland;2023-01-16;3;7988;
1084;Hovedstaden;2023-01-16;4;7992;
1083;Syddanmark;2023-01-17;1;7993;
1085;Sjælland;2023-01-17;0;7993;
1081;Nordjylland;2023-01-17;1;7994;
1082;Midtjylland;2023-01-17;3;7997;
1084;Hovedstaden;2023-01-17;4;8001;
1083;Syddanmark;2023-01-18;1;8002;
1085;Sjælland;2023-01-18;5;8007;
1082;Midtjylland;2023-01-18;4;8011;
1084;Hovedstaden;2023-01-18;5;8016;
1083;Syddanmark;2023-01-19;1;8017;
1085;Sjælland;2023-01-19;1;8018;
1081;Nordjylland;2023-01-19;2;8020;
1082;Midtjylland;2023-01-19;1;8021;
1084;Hovedstaden;2023-01-19;8;8029;
1083;Syddanmark;2023-01-20;2;8031;
1085;Sjælland;2023-01-20;2;8033;
1081;Nordjylland;2023-01-20;0;8033;
1082;Midtjylland;2023-01-20;0;8033;
1084;Hovedstaden;2023-01-20;4;8037;
1083;Syddanmark;2023-01-21;1;8038;
1085;Sjælland;2023-01-21;1;8039;
1082;Midtjylland;2023-01-21;3;8042;
1084;Hovedstaden;2023-01-21;2;8044;
1083;Syddanmark;2023-01-22;1;8045;
1085;Sjælland;2023-01-22;3;8048;
1081;Nordjylland;2023-01-22;2;8050;
1082;Midtjylland;2023-01-22;2;8052;
1084;Hovedstaden;2023-01-22;1;8053;
1083;Syddanmark;2023-01-23;2;8055;
1085;Sjælland;2023-01-23;0;8055;
1081;Nordjylland;2023-01-23;1;8056;
1082;Midtjylland;2023-01-23;0;8056;
1084;Hovedstaden;2023-01-23;1;8057;
1083;Syddanmark;2023-01-24;2;8059;
1085;Sjælland;2023-01-24;0;8059;
1081;Nordjylland;2023-01-24;2;8061;
1082;Midtjylland;2023-01-24;2;8063;
1084;Hovedstaden;2023-01-24;1;8064;
1083;Syddanmark;2023-01-25;0;8064;
1081;Nordjylland;2023-01-25;0;8064;
1082;Midtjylland;2023-01-25;0;8064;
1084;Hovedstaden;2023-01-25;5;8069;
1083;Syddanmark;2023-01-26;1;8070;
1085;Sjælland;2023-01-26;0;8070;
1081;Nordjylland;2023-01-26;0;8070;
1082;Midtjylland;2023-01-26;1;8071;
1084;Hovedstaden;2023-01-26;2;8073;
1083;Syddanmark;2023-01-27;0;8073;
1085;Sjælland;2023-01-27;3;8076;
1082;Midtjylland;2023-01-27;2;8078;
1084;Hovedstaden;2023-01-27;3;8081;
1083;Syddanmark;2023-01-28;4;8085;
1085;Sjælland;2023-01-28;1;8086;
1081;Nordjylland;2023-01-28;0;8086;
1082;Midtjylland;2023-01-28;1;8087;
1084;Hovedstaden;2023-01-28;2;8089;
1083;Syddanmark;2023-01-29;1;8090;
1085;Sjælland;2023-01-29;0;8090;
1081;Nordjylland;2023-01-29;1;8091;
1082;Midtjylland;2023-01-29;0;8091;
1084;Hovedstaden;2023-01-29;1;8092;
1083;Syddanmark;2023-01-30;3;8095;
1085;Sjælland;2023-01-30;3;8098;
1084;Hovedstaden;2023-01-30;1;8099;
1083;Syddanmark;2023-01-31;2;8101;
1085;Sjælland;2023-01-31;1;8102;
1081;Nordjylland;2023-01-31;2;8104;
1084;Hovedstaden;2023-01-31;1;8105;
1083;Syddanmark;2023-02-01;2;8107;
1081;Nordjylland;2023-02-01;2;8109;
1082;Midtjylland;2023-02-01;2;8111;
1084;Hovedstaden;2023-02-01;2;8113;
1083;Syddanmark;2023-02-02;1;8114;
1085;Sjælland;2023-02-02;0;8114;
1081;Nordjylland;2023-02-02;1;8115;
1084;Hovedstaden;2023-02-02;3;8118;
1083;Syddanmark;2023-02-03;2;8120;
1085;Sjælland;2023-02-03;2;8122;
1081;Nordjylland;2023-02-03;0;8122;
1082;Midtjylland;2023-02-03;1;8123;
1084;Hovedstaden;2023-02-03;2;8125;
1083;Syddanmark;2023-02-04;2;8127;
1085;Sjælland;2023-02-04;0;8127;
1081;Nordjylland;2023-02-04;1;8128;
1082;Midtjylland;2023-02-04;0;8128;
1084;Hovedstaden;2023-02-04;2;8130;
1083;Syddanmark;2023-02-05;0;8130;
1085;Sjælland;2023-02-05;1;8131;
1082;Midtjylland;2023-02-05;1;8132;
1084;Hovedstaden;2023-02-05;1;8133;
1083;Syddanmark;2023-02-06;1;8134;
1085;Sjælland;2023-02-06;0;8134;
1081;Nordjylland;2023-02-06;3;8137;
1082;Midtjylland;2023-02-06;1;8138;
1084;Hovedstaden;2023-02-06;0;8138;
1085;Sjælland;2023-02-07;0;8138;
1081;Nordjylland;2023-02-07;0;8138;
1082;Midtjylland;2023-02-07;1;8139;
1083;Syddanmark;2023-02-08;1;8140;
1081;Nordjylland;2023-02-08;1;8141;
1082;Midtjylland;2023-02-08;0;8141;
1084;Hovedstaden;2023-02-08;0;8141;
1083;Syddanmark;2023-02-09;2;8143;
1081;Nordjylland;2023-02-09;0;8143;
1082;Midtjylland;2023-02-09;0;8143;
1084;Hovedstaden;2023-02-09;1;8144;
1085;Sjælland;2023-02-10;1;8145;
1081;Nordjylland;2023-02-10;0;8145;
1082;Midtjylland;2023-02-10;1;8146;
1084;Hovedstaden;2023-02-10;0;8146;
1083;Syddanmark;2023-02-11;2;8148;
1085;Sjælland;2023-02-11;1;8149;
1081;Nordjylland;2023-02-11;1;8150;
1082;Midtjylland;2023-02-11;0;8150;
1084;Hovedstaden;2023-02-11;4;8154;
1083;Syddanmark;2023-02-12;2;8156;
1085;Sjælland;2023-02-12;1;8157;
1081;Nordjylland;2023-02-12;0;8157;
1084;Hovedstaden;2023-02-12;1;8158;
1083;Syddanmark;2023-02-13;1;8159;
1085;Sjælland;2023-02-13;1;8160;
1081;Nordjylland;2023-02-13;2;8162;
1082;Midtjylland;2023-02-13;0;8162;
1084;Hovedstaden;2023-02-13;2;8164;
1085;Sjælland;2023-02-14;1;8165;
1081;Nordjylland;2023-02-14;1;8166;
1082;Midtjylland;2023-02-14;1;8167;
1083;Syddanmark;2023-02-15;2;8169;
1085;Sjælland;2023-02-15;0;8169;
1081;Nordjylland;2023-02-15;2;8171;
1082;Midtjylland;2023-02-15;0;8171;
1084;Hovedstaden;2023-02-15;4;8175;
1083;Syddanmark;2023-02-16;2;8177;
1085;Sjælland;2023-02-16;0;8177;
1082;Midtjylland;2023-02-16;2;8179;
1084;Hovedstaden;2023-02-16;1;8180;
1083;Syddanmark;2023-02-17;0;8180;
1085;Sjælland;2023-02-17;1;8181;
1082;Midtjylland;2023-02-17;0;8181;
1084;Hovedstaden;2023-02-17;1;8182;
1083;Syddanmark;2023-02-18;2;8184;
1085;Sjælland;2023-02-18;0;8184;
1081;Nordjylland;2023-02-18;1;8185;
1082;Midtjylland;2023-02-18;0;8185;
1084;Hovedstaden;2023-02-18;0;8185;
1082;Midtjylland;2023-02-19;0;8185;
1084;Hovedstaden;2023-02-19;3;8188;
1082;Midtjylland;2023-02-20;1;8189;
1083;Syddanmark;2023-02-21;0;8189;
1084;Hovedstaden;2023-02-21;2;8191;
1083;Syddanmark;2023-02-22;1;8192;
1085;Sjælland;2023-02-22;0;8192;
1081;Nordjylland;2023-02-22;1;8193;
1084;Hovedstaden;2023-02-22;0;8193;
1083;Syddanmark;2023-02-23;2;8195;
1085;Sjælland;2023-02-23;0;8195;
1082;Midtjylland;2023-02-23;1;8196;
1084;Hovedstaden;2023-02-23;1;8197;
1083;Syddanmark;2023-02-24;0;8197;
1085;Sjælland;2023-02-24;1;8198;
1081;Nordjylland;2023-02-24;1;8199;
1082;Midtjylland;2023-02-24;2;8201;
1084;Hovedstaden;2023-02-24;1;8202;
1083;Syddanmark;2023-02-25;3;8205;
1085;Sjælland;2023-02-25;2;8207;
1081;Nordjylland;2023-02-25;1;8208;
1082;Midtjylland;2023-02-25;0;8208;
1084;Hovedstaden;2023-02-25;1;8209;
1083;Syddanmark;2023-02-26;0;8209;
1085;Sjælland;2023-02-26;0;8209;
1082;Midtjylland;2023-02-26;0;8209;
1084;Hovedstaden;2023-02-26;1;8210;
1083;Syddanmark;2023-02-27;0;8210;
1085;Sjælland;2023-02-27;4;8214;
1082;Midtjylland;2023-02-27;0;8214;
1084;Hovedstaden;2023-02-27;3;8217;
1085;Sjælland;2023-02-28;1;8218;
1081;Nordjylland;2023-02-28;1;8219;
1082;Midtjylland;2023-02-28;1;8220;
1084;Hovedstaden;2023-02-28;2;8222;
1085;Sjælland;2023-03-01;1;8223;
1082;Midtjylland;2023-03-01;1;8224;
1084;Hovedstaden;2023-03-01;0;8224;
1084;Hovedstaden;2023-03-02;1;8225;
1083;Syddanmark;2023-03-03;0;8225;
1085;Sjælland;2023-03-03;1;8226;
1084;Hovedstaden;2023-03-03;3;8229;
1083;Syddanmark;2023-03-04;1;8230;
1085;Sjælland;2023-03-04;1;8231;
1084;Hovedstaden;2023-03-04;3;8234;
1083;Syddanmark;2023-03-05;1;8235;
1084;Hovedstaden;2023-03-05;1;8236;
1083;Syddanmark;2023-03-06;1;8237;
1085;Sjælland;2023-03-06;0;8237;
1081;Nordjylland;2023-03-06;1;8238;
1082;Midtjylland;2023-03-06;1;8239;
1084;Hovedstaden;2023-03-06;1;8240;
1085;Sjælland;2023-03-07;1;8241;
1082;Midtjylland;2023-03-07;0;8241;
1084;Hovedstaden;2023-03-07;2;8243;
1083;Syddanmark;2023-03-08;1;8244;
1085;Sjælland;2023-03-08;1;8245;
1082;Midtjylland;2023-03-08;1;8246;
1084;Hovedstaden;2023-03-08;2;8248;
1085;Sjælland;2023-03-09;2;8250;
1081;Nordjylland;2023-03-09;1;8251;
1082;Midtjylland;2023-03-09;1;8252;
1084;Hovedstaden;2023-03-09;1;8253;
1083;Syddanmark;2023-03-10;1;8254;
1085;Sjælland;2023-03-10;1;8255;
1082;Midtjylland;2023-03-10;0;8255;
1084;Hovedstaden;2023-03-10;1;8256;
1083;Syddanmark;2023-03-11;2;8258;
1084;Hovedstaden;2023-03-11;3;8261;
1085;Sjælland;2023-03-12;2;8263;
1081;Nordjylland;2023-03-12;1;8264;
1084;Hovedstaden;2023-03-12;2;8266;
1083;Syddanmark;2023-03-13;1;8267;
1085;Sjælland;2023-03-14;2;8269;
1081;Nordjylland;2023-03-14;3;8272;
1082;Midtjylland;2023-03-14;0;8272;
1084;Hovedstaden;2023-03-14;1;8273;
1085;Sjælland;2023-03-15;1;8274;
1082;Midtjylland;2023-03-15;0;8274;
1084;Hovedstaden;2023-03-15;1;8275;
1083;Syddanmark;2023-03-16;2;8277;
1085;Sjælland;2023-03-16;2;8279;
1081;Nordjylland;2023-03-16;2;8281;
1084;Hovedstaden;2023-03-16;1;8282;
1085;Sjælland;2023-03-17;1;8283;
1081;Nordjylland;2023-03-17;0;8283;
1082;Midtjylland;2023-03-17;0;8283;
1084;Hovedstaden;2023-03-17;2;8285;
1085;Sjælland;2023-03-18;0;8285;
1081;Nordjylland;2023-03-18;1;8286;
1082;Midtjylland;2023-03-18;1;8287;
1084;Hovedstaden;2023-03-18;1;8288;
1084;Hovedstaden;2023-03-19;0;8288;
1083;Syddanmark;2023-03-20;1;8289;
1081;Nordjylland;2023-03-20;1;8290;
1082;Midtjylland;2023-03-20;1;8291;
1084;Hovedstaden;2023-03-20;2;8293;
1085;Sjælland;2023-03-21;0;8293;
1084;Hovedstaden;2023-03-21;1;8294;
1084;Hovedstaden;2023-03-22;2;8296;
1083;Syddanmark;2023-03-23;1;8297;
1085;Sjælland;2023-03-23;2;8299;
1081;Nordjylland;2023-03-23;0;8299;
1084;Hovedstaden;2023-03-23;1;8300;
1085;Sjælland;2023-03-24;1;8301;
1082;Midtjylland;2023-03-24;1;8302;
1084;Hovedstaden;2023-03-24;4;8306;
1083;Syddanmark;2023-03-25;1;8307;
1085;Sjælland;2023-03-25;1;8308;
1082;Midtjylland;2023-03-25;1;8309;
1084;Hovedstaden;2023-03-25;3;8312;
1083;Syddanmark;2023-03-26;0;8312;
1085;Sjælland;2023-03-26;1;8313;
1081;Nordjylland;2023-03-26;0;8313;
1084;Hovedstaden;2023-03-26;2;8315;
1083;Syddanmark;2023-03-27;2;8317;
1085;Sjælland;2023-03-27;2;8319;
1082;Midtjylland;2023-03-27;2;8321;
1084;Hovedstaden;2023-03-27;1;8322;
1083;Syddanmark;2023-03-28;0;8322;
1085;Sjælland;2023-03-28;1;8323;
1084;Hovedstaden;2023-03-28;3;8326;
1083;Syddanmark;2023-03-29;2;8328;
1082;Midtjylland;2023-03-29;3;8331;
1084;Hovedstaden;2023-03-29;1;8332;
1083;Syddanmark;2023-03-30;3;8335;
1085;Sjælland;2023-03-30;1;8336;
1082;Midtjylland;2023-03-30;1;8337;
1084;Hovedstaden;2023-03-30;1;8338;
1083;Syddanmark;2023-03-31;2;8340;
1085;Sjælland;2023-03-31;0;8340;
1084;Hovedstaden;2023-03-31;2;8342;
1083;Syddanmark;2023-04-01;1;8343;
1084;Hovedstaden;2023-04-01;1;8344;
1083;Syddanmark;2023-04-02;3;8347;
1085;Sjælland;2023-04-02;1;8348;
1081;Nordjylland;2023-04-02;1;8349;
1083;Syddanmark;2023-04-03;1;8350;
1085;Sjælland;2023-04-03;1;8351;
1081;Nordjylland;2023-04-03;1;8352;
1082;Midtjylland;2023-04-03;1;8353;
1084;Hovedstaden;2023-04-03;1;8354;
1082;Midtjylland;2023-04-04;1;8355;
1084;Hovedstaden;2023-04-04;2;8357;
1083;Syddanmark;2023-04-05;2;8359;
1085;Sjælland;2023-04-05;1;8360;
1084;Hovedstaden;2023-04-05;4;8364;
1081;Nordjylland;2023-04-06;1;8365;
1084;Hovedstaden;2023-04-06;2;8367;
1083;Syddanmark;2023-04-07;1;8368;
1085;Sjælland;2023-04-07;3;8371;
1084;Hovedstaden;2023-04-07;2;8373;
1085;Sjælland;2023-04-08;1;8374;
1082;Midtjylland;2023-04-08;1;8375;
1084;Hovedstaden;2023-04-08;3;8378;
1085;Sjælland;2023-04-09;2;8380;
1081;Nordjylland;2023-04-09;1;8381;
1082;Midtjylland;2023-04-09;1;8382;
1084;Hovedstaden;2023-04-09;2;8384;
1083;Syddanmark;2023-04-10;1;8385;
1085;Sjælland;2023-04-10;1;8386;
1082;Midtjylland;2023-04-10;1;8387;
1084;Hovedstaden;2023-04-10;2;8389;
1083;Syddanmark;2023-04-11;1;8390;
1081;Nordjylland;2023-04-11;1;8391;
1082;Midtjylland;2023-04-11;1;8392;
1084;Hovedstaden;2023-04-11;2;8394;
1083;Syddanmark;2023-04-12;3;8397;
1085;Sjælland;2023-04-12;2;8399;
1084;Hovedstaden;2023-04-12;3;8402;
1083;Syddanmark;2023-04-13;0;8402;
1085;Sjælland;2023-04-13;1;8403;
1081;Nordjylland;2023-04-13;3;8406;
1082;Midtjylland;2023-04-13;1;8407;
1084;Hovedstaden;2023-04-13;3;8410;
1085;Sjælland;2023-04-14;1;8411;
1081;Nordjylland;2023-04-14;1;8412;
1082;Midtjylland;2023-04-14;1;8413;
1084;Hovedstaden;2023-04-14;2;8415;
1083;Syddanmark;2023-04-15;3;8418;
1085;Sjælland;2023-04-15;2;8420;
1081;Nordjylland;2023-04-15;1;8421;
1084;Hovedstaden;2023-04-15;3;8424;
1083;Syddanmark;2023-04-16;4;8428;
1085;Sjælland;2023-04-16;0;8428;
1084;Hovedstaden;2023-04-16;2;8430;
1085;Sjælland;2023-04-17;2;8432;
1081;Nordjylland;2023-04-17;2;8434;
1084;Hovedstaden;2023-04-17;3;8437;
1083;Syddanmark;2023-04-18;1;8438;
1085;Sjælland;2023-04-18;1;8439;
1081;Nordjylland;2023-04-18;2;8441;
1084;Hovedstaden;2023-04-18;2;8443;
1083;Syddanmark;2023-04-19;1;8444;
1085;Sjælland;2023-04-19;2;8446;
1082;Midtjylland;2023-04-19;1;8447;
1084;Hovedstaden;2023-04-19;1;8448;
1085;Sjælland;2023-04-20;2;8450;
1084;Hovedstaden;2023-04-20;1;8451;
1083;Syddanmark;2023-04-21;3;8454;
1085;Sjælland;2023-04-21;1;8455;
1081;Nordjylland;2023-04-21;1;8456;
1082;Midtjylland;2023-04-21;1;8457;
1084;Hovedstaden;2023-04-21;3;8460;
1083;Syddanmark;2023-04-22;1;8461;
1085;Sjælland;2023-04-22;1;8462;
1082;Midtjylland;2023-04-22;1;8463;
1084;Hovedstaden;2023-04-22;2;8465;
1083;Syddanmark;2023-04-23;1;8466;
1081;Nordjylland;2023-04-23;0;8466;
1082;Midtjylland;2023-04-23;1;8467;
1084;Hovedstaden;2023-04-23;3;8470;
1083;Syddanmark;2023-04-24;1;8471;
1085;Sjælland;2023-04-24;2;8473;
1081;Nordjylland;2023-04-24;1;8474;
1082;Midtjylland;2023-04-24;1;8475;
1084;Hovedstaden;2023-04-24;1;8476;
1083;Syddanmark;2023-04-25;5;8481;
1085;Sjælland;2023-04-25;0;8481;
1081;Nordjylland;2023-04-25;1;8482;
1082;Midtjylland;2023-04-25;1;8483;
1084;Hovedstaden;2023-04-25;0;8483;
1085;Sjælland;2023-04-26;2;8485;
1081;Nordjylland;2023-04-26;1;8486;
1084;Hovedstaden;2023-04-26;0;8486;
1083;Syddanmark;2023-04-27;2;8488;
1081;Nordjylland;2023-04-27;1;8489;
1082;Midtjylland;2023-04-27;1;8490;
1084;Hovedstaden;2023-04-27;1;8491;
1083;Syddanmark;2023-04-28;1;8492;
1085;Sjælland;2023-04-28;1;8493;
1084;Hovedstaden;2023-04-28;4;8497;
1085;Sjælland;2023-04-29;1;8498;
1082;Midtjylland;2023-04-29;1;8499;
1084;Hovedstaden;2023-04-29;1;8500;
1083;Syddanmark;2023-04-30;1;8501;
1082;Midtjylland;2023-04-30;2;8503;
1084;Hovedstaden;2023-04-30;4;8507;
1083;Syddanmark;2023-05-01;2;8509;
1085;Sjælland;2023-05-01;2;8511;
1084;Hovedstaden;2023-05-01;0;8511;
1083;Syddanmark;2023-05-02;1;8512;
1085;Sjælland;2023-05-02;1;8513;
1081;Nordjylland;2023-05-02;1;8514;
1082;Midtjylland;2023-05-02;1;8515;
1083;Syddanmark;2023-05-03;1;8516;
1085;Sjælland;2023-05-03;1;8517;
1084;Hovedstaden;2023-05-03;6;8523;
1083;Syddanmark;2023-05-04;3;8526;
1085;Sjælland;2023-05-04;1;8527;
1081;Nordjylland;2023-05-04;1;8528;
1084;Hovedstaden;2023-05-04;1;8529;
1083;Syddanmark;2023-05-05;3;8532;
1085;Sjælland;2023-05-05;1;8533;
1081;Nordjylland;2023-05-05;1;8534;
1084;Hovedstaden;2023-05-05;2;8536;
1083;Syddanmark;2023-05-06;4;8540;
1085;Sjælland;2023-05-06;1;8541;
1081;Nordjylland;2023-05-06;2;8543;
1082;Midtjylland;2023-05-06;0;8543;
1084;Hovedstaden;2023-05-06;1;8544;
1083;Syddanmark;2023-05-07;1;8545;
1085;Sjælland;2023-05-07;1;8546;
1081;Nordjylland;2023-05-07;1;8547;
1082;Midtjylland;2023-05-07;1;8548;
1084;Hovedstaden;2023-05-07;1;8549;
1083;Syddanmark;2023-05-08;1;8550;
1085;Sjælland;2023-05-08;3;8553;
1081;Nordjylland;2023-05-08;1;8554;
1082;Midtjylland;2023-05-08;1;8555;
1084;Hovedstaden;2023-05-08;1;8556;
1085;Sjælland;2023-05-09;2;8558;
1082;Midtjylland;2023-05-09;2;8560;
1084;Hovedstaden;2023-05-09;2;8562;
1083;Syddanmark;2023-05-10;1;8563;
1081;Nordjylland;2023-05-10;1;8564;
1082;Midtjylland;2023-05-10;2;8566;
1084;Hovedstaden;2023-05-10;4;8570;
1085;Sjælland;2023-05-11;3;8573;
1084;Hovedstaden;2023-05-11;2;8575;
1083;Syddanmark;2023-05-12;2;8577;
1085;Sjælland;2023-05-12;1;8578;
1081;Nordjylland;2023-05-12;2;8580;
1084;Hovedstaden;2023-05-12;2;8582;
1083;Syddanmark;2023-05-13;1;8583;
1085;Sjælland;2023-05-13;3;8586;
1081;Nordjylland;2023-05-13;1;8587;
1082;Midtjylland;2023-05-13;0;8587;
1084;Hovedstaden;2023-05-13;0;8587;
1083;Syddanmark;2023-05-14;3;8590;
1085;Sjælland;2023-05-14;2;8592;
1084;Hovedstaden;2023-05-14;1;8593;
1083;Syddanmark;2023-05-15;2;8595;
1085;Sjælland;2023-05-15;1;8596;
1082;Midtjylland;2023-05-15;1;8597;
1084;Hovedstaden;2023-05-15;4;8601;
1083;Syddanmark;2023-05-16;2;8603;
1081;Nordjylland;2023-05-16;0;8603;
1083;Syddanmark;2023-05-17;1;8604;
1082;Midtjylland;2023-05-17;1;8605;
1084;Hovedstaden;2023-05-17;1;8606;
1081;Nordjylland;2023-05-18;1;8607;
1082;Midtjylland;2023-05-18;2;8609;
1084;Hovedstaden;2023-05-18;0;8609;
1085;Sjælland;2023-05-19;1;8610;
1081;Nordjylland;2023-05-19;2;8612;
1082;Midtjylland;2023-05-19;2;8614;
1084;Hovedstaden;2023-05-19;1;8615;
1083;Syddanmark;2023-05-20;2;8617;
1085;Sjælland;2023-05-20;1;8618;
1084;Hovedstaden;2023-05-20;1;8619;
1083;Syddanmark;2023-05-21;0;8619;
1085;Sjælland;2023-05-21;0;8619;
1081;Nordjylland;2023-05-21;0;8619;
1083;Syddanmark;2023-05-22;1;8620;
1085;Sjælland;2023-05-22;1;8621;
1084;Hovedstaden;2023-05-22;1;8622;
1083;Syddanmark;2023-05-23;2;8624;
1085;Sjælland;2023-05-23;0;8624;
1081;Nordjylland;2023-05-23;1;8625;
1084;Hovedstaden;2023-05-23;0;8625;
1083;Syddanmark;2023-05-24;1;8626;
1081;Nordjylland;2023-05-24;1;8627;
1082;Midtjylland;2023-05-24;1;8628;
1084;Hovedstaden;2023-05-24;3;8631;
1083;Syddanmark;2023-05-25;1;8632;
1082;Midtjylland;2023-05-25;1;8633;
1083;Syddanmark;2023-05-26;5;8638;
1084;Hovedstaden;2023-05-26;1;8639;
1083;Syddanmark;2023-05-27;1;8640;
1081;Nordjylland;2023-05-27;2;8642;
1084;Hovedstaden;2023-05-27;1;8643;
1083;Syddanmark;2023-05-28;2;8645;
1081;Nordjylland;2023-05-28;1;8646;
1084;Hovedstaden;2023-05-28;1;8647;
1083;Syddanmark;2023-05-29;1;8648;
1085;Sjælland;2023-05-29;1;8649;
1084;Hovedstaden;2023-05-29;1;8650;
1083;Syddanmark;2023-05-30;3;8653;
1081;Nordjylland;2023-05-30;2;8655;
1082;Midtjylland;2023-05-30;1;8656;
1083;Syddanmark;2023-05-31;0;8656;
1081;Nordjylland;2023-05-31;0;8656;
1084;Hovedstaden;2023-05-31;1;8657;
1083;Syddanmark;2023-06-01;1;8658;
1081;Nordjylland;2023-06-01;0;8658;
1084;Hovedstaden;2023-06-01;2;8660;
1083;Syddanmark;2023-06-02;0;8660;
1082;Midtjylland;2023-06-02;1;8661;
1084;Hovedstaden;2023-06-02;1;8662;
1083;Syddanmark;2023-06-03;0;8662;
1085;Sjælland;2023-06-03;0;8662;
1082;Midtjylland;2023-06-03;1;8663;
1084;Hovedstaden;2023-06-03;1;8664;
1083;Syddanmark;2023-06-04;1;8665;
1085;Sjælland;2023-06-04;1;8666;
1081;Nordjylland;2023-06-04;0;8666;
1084;Hovedstaden;2023-06-04;1;8667;
1083;Syddanmark;2023-06-05;1;8668;
1085;Sjælland;2023-06-05;2;8670;
1083;Syddanmark;2023-06-06;1;8671;
1085;Sjælland;2023-06-06;1;8672;
1081;Nordjylland;2023-06-06;0;8672;
1082;Midtjylland;2023-06-06;0;8672;
1084;Hovedstaden;2023-06-06;0;8672;
1085;Sjælland;2023-06-07;0;8672;
1084;Hovedstaden;2023-06-07;3;8675;
1083;Syddanmark;2023-06-08;1;8676;
1085;Sjælland;2023-06-08;0;8676;
1082;Midtjylland;2023-06-08;0;8676;
1083;Syddanmark;2023-06-09;0;8676;
1084;Hovedstaden;2023-06-10;3;8679;
1083;Syddanmark;2023-06-11;1;8680;
1081;Nordjylland;2023-06-11;1;8681;
1082;Midtjylland;2023-06-11;0;8681;
1084;Hovedstaden;2023-06-11;0;8681;
1083;Syddanmark;2023-06-12;1;8682;
1085;Sjælland;2023-06-12;0;8682;
1084;Hovedstaden;2023-06-12;1;8683;
;;2023-06-13;0;8683;
1082;Midtjylland;2023-06-14;0;8683;
1083;Syddanmark;2023-06-15;0;8683;
1085;Sjælland;2023-06-15;3;8686;
1081;Nordjylland;2023-06-15;0;8686;
1083;Syddanmark;2023-06-16;1;8687;
1085;Sjælland;2023-06-16;1;8688;
1083;Syddanmark;2023-06-17;1;8689;
1085;Sjælland;2023-06-17;0;8689;
1084;Hovedstaden;2023-06-17;0;8689;
1083;Syddanmark;2023-06-18;0;8689;
1082;Midtjylland;2023-06-18;1;8690;
1081;Nordjylland;2023-06-19;1;8691;
1084;Hovedstaden;2023-06-20;0;8691;
1085;Sjælland;2023-06-21;1;8692;
1084;Hovedstaden;2023-06-21;2;8694;
;;2023-06-22;0;8694;
1083;Syddanmark;2023-06-23;1;8695;
1085;Sjælland;2023-06-23;0;8695;
1084;Hovedstaden;2023-06-23;1;8696;
;;2023-06-24;0;8696;
1084;Hovedstaden;2023-06-25;0;8696;
1083;Syddanmark;2023-06-26;1;8697;
1084;Hovedstaden;2023-06-26;2;8699;
1084;Hovedstaden;2023-06-27;1;8700;
1083;Syddanmark;2023-06-28;1;8701;
1082;Midtjylland;2023-06-28;0;8701;
1084;Hovedstaden;2023-06-28;0;8701;
1083;Syddanmark;2023-06-29;0;8701;
1082;Midtjylland;2023-06-30;0;8701;
1081;Nordjylland;2023-07-01;0;8701;
;;2023-07-02;0;8701;
1083;Syddanmark;2023-07-03;1;8702;
1085;Sjælland;2023-07-03;0;8702;
1084;Hovedstaden;2023-07-03;0;8702;
;;2023-07-04;0;8702;
;;2023-07-05;0;8702;
1083;Syddanmark;2023-07-06;0;8702;
1085;Sjælland;2023-07-07;1;8703;
1084;Hovedstaden;2023-07-07;0;8703;
1081;Nordjylland;2023-07-08;0;8703;
1084;Hovedstaden;2023-07-08;0;8703;
1084;Hovedstaden;2023-07-09;0;8703;
1081;Nordjylland;2023-07-10;0;8703;
1084;Hovedstaden;2023-07-10;0;8703;
1085;Sjælland;2023-07-11;0;8703;
1081;Nordjylland;2023-07-11;2;8705;
1083;Syddanmark;2023-07-12;1;8706;
1081;Nordjylland;2023-07-12;0;8706;
1082;Midtjylland;2023-07-13;1;8707;
1084;Hovedstaden;2023-07-14;1;8708;
1083;Syddanmark;2023-07-15;2;8710;
1085;Sjælland;2023-07-15;0;8710;
1084;Hovedstaden;2023-07-16;1;8711;
1082;Midtjylland;2023-07-17;0;8711;
1083;Syddanmark;2023-07-18;0;8711;
1081;Nordjylland;2023-07-18;0;8711;
1082;Midtjylland;2023-07-19;0;8711;
1085;Sjælland;2023-07-20;0;8711;
1084;Hovedstaden;2023-07-20;0;8711;
1081;Nordjylland;2023-07-21;0;8711;
1084;Hovedstaden;2023-07-22;1;8712;
;;2023-07-23;0;8712;
1081;Nordjylland;2023-07-24;1;8713;
1084;Hovedstaden;2023-07-24;1;8714;
;;2023-07-25;0;8714;
1083;Syddanmark;2023-07-26;0;8714;
1085;Sjælland;2023-07-26;0;8714;
1085;Sjælland;2023-07-27;1;8715;
1081;Nordjylland;2023-07-27;1;8716;
1082;Midtjylland;2023-07-27;0;8716;
1084;Hovedstaden;2023-07-27;1;8717;
1084;Hovedstaden;2023-07-28;1;8718;
1083;Syddanmark;2023-07-29;0;8718;
1083;Syddanmark;2023-07-30;0;8718;
1082;Midtjylland;2023-07-31;1;8719;
;;2023-08-01;0;8719;
1083;Syddanmark;2023-08-02;0;8719;
1085;Sjælland;2023-08-03;0;8719;
1084;Hovedstaden;2023-08-03;0;8719;
;;2023-08-04;0;8719;
;;2023-08-05;0;8719;
1083;Syddanmark;2023-08-06;1;8720;
1084;Hovedstaden;2023-08-06;1;8721;
1085;Sjælland;2023-08-07;0;8721;
1084;Hovedstaden;2023-08-07;1;8722;
1081;Nordjylland;2023-08-08;0;8722;
1085;Sjælland;2023-08-09;0;8722;
1084;Hovedstaden;2023-08-09;0;8722;
1081;Nordjylland;2023-08-10;1;8723;
1084;Hovedstaden;2023-08-11;1;8724;
1081;Nordjylland;2023-08-12;1;8725;
1084;Hovedstaden;2023-08-12;0;8725;
1083;Syddanmark;2023-08-13;1;8726;
1084;Hovedstaden;2023-08-13;1;8727;
1084;Hovedstaden;2023-08-14;0;8727;
;;2023-08-15;0;8727;
;;2023-08-16;0;8727;
;;2023-08-17;0;8727;
1085;Sjælland;2023-08-18;0;8727;
1085;Sjælland;2023-08-19;1;8728;
1081;Nordjylland;2023-08-19;1;8729;
1084;Hovedstaden;2023-08-20;1;8730;
1082;Midtjylland;2023-08-21;1;8731;
1084;Hovedstaden;2023-08-22;1;8732;
1083;Syddanmark;2023-08-23;1;8733;
1085;Sjælland;2023-08-23;1;8734;
1084;Hovedstaden;2023-08-23;1;8735;
;;2023-08-24;0;8735;
1083;Syddanmark;2023-08-25;0;8735;
1081;Nordjylland;2023-08-25;1;8736;
1084;Hovedstaden;2023-08-25;2;8738;
;;2023-08-26;0;8738;
1082;Midtjylland;2023-08-27;1;8739;
;;2023-08-28;0;8739;
;;2023-08-29;0;8739;
1083;Syddanmark;2023-08-30;1;8740;
1081;Nordjylland;2023-08-30;1;8741;
1084;Hovedstaden;2023-08-30;1;8742;
;;2023-08-31;0;8742;
1083;Syddanmark;2023-09-01;2;8744;
1083;Syddanmark;2023-09-02;1;8745;
1084;Hovedstaden;2023-09-03;1;8746;
;;2023-09-04;0;8746;
1083;Syddanmark;2023-09-05;1;8747;
1084;Hovedstaden;2023-09-05;2;8749;
1083;Syddanmark;2023-09-06;1;8750;
1082;Midtjylland;2023-09-06;1;8751;
1084;Hovedstaden;2023-09-06;1;8752;
1082;Midtjylland;2023-09-07;1;8753;
1084;Hovedstaden;2023-09-07;2;8755;
;;2023-09-08;0;8755;
1084;Hovedstaden;2023-09-09;2;8757;
1083;Syddanmark;2023-09-10;1;8758;
1084;Hovedstaden;2023-09-10;1;8759;
1081;Nordjylland;2023-09-11;2;8761;
1084;Hovedstaden;2023-09-12;1;8762;
1085;Sjælland;2023-09-13;1;8763;
1082;Midtjylland;2023-09-13;1;8764;
;;2023-09-14;0;8764;
1083;Syddanmark;2023-09-15;1;8765;
1085;Sjælland;2023-09-15;1;8766;
1082;Midtjylland;2023-09-15;1;8767;
1081;Nordjylland;2023-09-16;2;8769;
1082;Midtjylland;2023-09-16;1;8770;
1083;Syddanmark;2023-09-17;2;8772;
1082;Midtjylland;2023-09-17;1;8773;
1085;Sjælland;2023-09-18;1;8774;
1084;Hovedstaden;2023-09-18;1;8775;
1083;Syddanmark;2023-09-19;1;8776;
1082;Midtjylland;2023-09-19;1;8777;
1084;Hovedstaden;2023-09-20;2;8779;
1083;Syddanmark;2023-09-21;2;8781;
1085;Sjælland;2023-09-21;1;8782;
;;2023-09-22;0;8782;
1084;Hovedstaden;2023-09-23;1;8783;
1083;Syddanmark;2023-09-24;1;8784;
1082;Midtjylland;2023-09-24;1;8785;
1084;Hovedstaden;2023-09-24;1;8786;
1083;Syddanmark;2023-09-25;1;8787;
1081;Nordjylland;2023-09-25;1;8788;
1081;Nordjylland;2023-09-26;1;8789;
1082;Midtjylland;2023-09-26;1;8790;
1085;Sjælland;2023-09-27;2;8792;
1083;Syddanmark;2023-09-28;1;8793;
1083;Syddanmark;2023-09-29;0;8793;
1085;Sjælland;2023-09-29;0;8793;
1083;Syddanmark;2023-09-30;1;8794;
1085;Sjælland;2023-09-30;1;8795;
1082;Midtjylland;2023-09-30;1;8796;
1084;Hovedstaden;2023-10-01;1;8797;
1082;Midtjylland;2023-10-02;1;8798;
1084;Hovedstaden;2023-10-02;1;8799;
1084;Hovedstaden;2023-10-03;1;8800;
;;2023-10-04;0;8800;
1083;Syddanmark;2023-10-05;1;8801;
1081;Nordjylland;2023-10-05;1;8802;
1083;Syddanmark;2023-10-06;1;8803;
1085;Sjælland;2023-10-06;1;8804;
1082;Midtjylland;2023-10-06;1;8805;
1084;Hovedstaden;2023-10-06;1;8806;
1083;Syddanmark;2023-10-07;0;8806;
1084;Hovedstaden;2023-10-07;1;8807;
1084;Hovedstaden;2023-10-08;1;8808;
1083;Syddanmark;2023-10-09;2;8810;
1085;Sjælland;2023-10-09;1;8811;
1081;Nordjylland;2023-10-09;1;8812;
1085;Sjælland;2023-10-10;1;8813;
1081;Nordjylland;2023-10-10;1;8814;
1082;Midtjylland;2023-10-10;1;8815;
1084;Hovedstaden;2023-10-10;0;8815;
1083;Syddanmark;2023-10-11;2;8817;
1081;Nordjylland;2023-10-11;1;8818;
1082;Midtjylland;2023-10-11;2;8820;
1084;Hovedstaden;2023-10-11;1;8821;
1083;Syddanmark;2023-10-12;1;8822;
1085;Sjælland;2023-10-12;1;8823;
1083;Syddanmark;2023-10-13;0;8823;
1081;Nordjylland;2023-10-13;1;8824;
1082;Midtjylland;2023-10-13;0;8824;
1083;Syddanmark;2023-10-14;2;8826;
1081;Nordjylland;2023-10-14;1;8827;
1082;Midtjylland;2023-10-14;1;8828;
1085;Sjælland;2023-10-15;0;8828;
1082;Midtjylland;2023-10-15;0;8828;
1083;Syddanmark;2023-10-16;0;8828;
1083;Syddanmark;2023-10-17;0;8828;
1085;Sjælland;2023-10-17;1;8829;
1081;Nordjylland;2023-10-17;1;8830;
1084;Hovedstaden;2023-10-17;2;8832;
1083;Syddanmark;2023-10-18;0;8832;
1081;Nordjylland;2023-10-18;1;8833;
1082;Midtjylland;2023-10-18;1;8834;
1084;Hovedstaden;2023-10-18;1;8835;
1083;Syddanmark;2023-10-19;1;8836;
1085;Sjælland;2023-10-19;1;8837;
1082;Midtjylland;2023-10-19;0;8837;
1084;Hovedstaden;2023-10-19;3;8840;
1084;Hovedstaden;2023-10-20;1;8841;
1083;Syddanmark;2023-10-21;3;8844;
1081;Nordjylland;2023-10-21;1;8845;
1084;Hovedstaden;2023-10-21;1;8846;
1085;Sjælland;2023-10-22;1;8847;
1081;Nordjylland;2023-10-22;2;8849;
1082;Midtjylland;2023-10-22;0;8849;
1084;Hovedstaden;2023-10-22;2;8851;
1084;Hovedstaden;2023-10-23;1;8852;
1083;Syddanmark;2023-10-24;1;8853;
1081;Nordjylland;2023-10-24;2;8855;
1083;Syddanmark;2023-10-25;2;8857;
1081;Nordjylland;2023-10-25;1;8858;
1084;Hovedstaden;2023-10-25;2;8860;
1083;Syddanmark;2023-10-26;2;8862;
1081;Nordjylland;2023-10-26;3;8865;
1082;Midtjylland;2023-10-26;2;8867;
1084;Hovedstaden;2023-10-26;1;8868;
1085;Sjælland;2023-10-27;3;8871;
1081;Nordjylland;2023-10-27;2;8873;
1085;Sjælland;2023-10-28;2;8875;
1081;Nordjylland;2023-10-28;2;8877;
1084;Hovedstaden;2023-10-28;2;8879;
1083;Syddanmark;2023-10-29;2;8881;
1083;Syddanmark;2023-10-30;1;8882;
1081;Nordjylland;2023-10-30;1;8883;
1084;Hovedstaden;2023-10-30;2;8885;
1083;Syddanmark;2023-10-31;0;8885;
1081;Nordjylland;2023-10-31;1;8886;
1082;Midtjylland;2023-10-31;1;8887;
1084;Hovedstaden;2023-10-31;2;8889;
1081;Nordjylland;2023-11-01;2;8891;
1084;Hovedstaden;2023-11-01;3;8894;
1081;Nordjylland;2023-11-02;1;8895;
1082;Midtjylland;2023-11-02;2;8897;
1084;Hovedstaden;2023-11-02;3;8900;
1085;Sjælland;2023-11-03;1;8901;
1084;Hovedstaden;2023-11-03;1;8902;
1083;Syddanmark;2023-11-04;1;8903;
1081;Nordjylland;2023-11-04;4;8907;
1082;Midtjylland;2023-11-04;2;8909;
1084;Hovedstaden;2023-11-04;2;8911;
1083;Syddanmark;2023-11-05;1;8912;
1085;Sjælland;2023-11-05;2;8914;
1082;Midtjylland;2023-11-05;1;8915;
1084;Hovedstaden;2023-11-05;2;8917;
1083;Syddanmark;2023-11-06;1;8918;
1085;Sjælland;2023-11-06;1;8919;
1081;Nordjylland;2023-11-06;1;8920;
1084;Hovedstaden;2023-11-06;1;8921;
1083;Syddanmark;2023-11-07;3;8924;
1082;Midtjylland;2023-11-07;1;8925;
1084;Hovedstaden;2023-11-07;3;8928;
1083;Syddanmark;2023-11-08;1;8929;
1085;Sjælland;2023-11-08;1;8930;
1082;Midtjylland;2023-11-08;2;8932;
1084;Hovedstaden;2023-11-08;1;8933;
1083;Syddanmark;2023-11-09;3;8936;
1085;Sjælland;2023-11-09;1;8937;
1082;Midtjylland;2023-11-09;3;8940;
1084;Hovedstaden;2023-11-09;1;8941;
1081;Nordjylland;2023-11-10;2;8943;
1082;Midtjylland;2023-11-10;1;8944;
1084;Hovedstaden;2023-11-10;2;8946;
1083;Syddanmark;2023-11-11;4;8950;
1081;Nordjylland;2023-11-11;1;8951;
1082;Midtjylland;2023-11-11;1;8952;
1083;Syddanmark;2023-11-12;1;8953;
1085;Sjælland;2023-11-12;1;8954;
1084;Hovedstaden;2023-11-12;3;8957;
1083;Syddanmark;2023-11-13;0;8957;
1085;Sjælland;2023-11-13;1;8958;
1082;Midtjylland;2023-11-13;4;8962;
1084;Hovedstaden;2023-11-13;6;8968;
1081;Nordjylland;2023-11-14;1;8969;
1082;Midtjylland;2023-11-14;2;8971;
1084;Hovedstaden;2023-11-14;1;8972;
1083;Syddanmark;2023-11-15;1;8973;
1085;Sjælland;2023-11-15;1;8974;
1082;Midtjylland;2023-11-15;1;8975;
1084;Hovedstaden;2023-11-15;1;8976;
1083;Syddanmark;2023-11-16;2;8978;
1085;Sjælland;2023-11-16;1;8979;
1081;Nordjylland;2023-11-16;2;8981;
1082;Midtjylland;2023-11-16;0;8981;
1084;Hovedstaden;2023-11-16;1;8982;
1083;Syddanmark;2023-11-17;0;8982;
1085;Sjælland;2023-11-17;1;8983;
1081;Nordjylland;2023-11-17;2;8985;
1082;Midtjylland;2023-11-17;2;8987;
1084;Hovedstaden;2023-11-17;2;8989;
1083;Syddanmark;2023-11-18;1;8990;
1085;Sjælland;2023-11-18;2;8992;
1084;Hovedstaden;2023-11-18;3;8995;
1083;Syddanmark;2023-11-19;1;8996;
1085;Sjælland;2023-11-19;1;8997;
1082;Midtjylland;2023-11-19;0;8997;
1084;Hovedstaden;2023-11-19;3;9000;
1083;Syddanmark;2023-11-20;3;9003;
1085;Sjælland;2023-11-20;1;9004;
1081;Nordjylland;2023-11-20;1;9005;
1082;Midtjylland;2023-11-20;2;9007;
1084;Hovedstaden;2023-11-20;2;9009;
1085;Sjælland;2023-11-21;1;9010;
1081;Nordjylland;2023-11-21;1;9011;
1082;Midtjylland;2023-11-21;1;9012;
1083;Syddanmark;2023-11-22;1;9013;
1085;Sjælland;2023-11-22;2;9015;
1081;Nordjylland;2023-11-22;1;9016;
1082;Midtjylland;2023-11-22;1;9017;
1084;Hovedstaden;2023-11-22;2;9019;
1083;Syddanmark;2023-11-23;1;9020;
1085;Sjælland;2023-11-23;3;9023;
1081;Nordjylland;2023-11-23;0;9023;
1084;Hovedstaden;2023-11-23;3;9026;
1083;Syddanmark;2023-11-24;1;9027;
1085;Sjælland;2023-11-24;3;9030;
1082;Midtjylland;2023-11-24;1;9031;
1084;Hovedstaden;2023-11-24;2;9033;
1083;Syddanmark;2023-11-25;3;9036;
1085;Sjælland;2023-11-25;1;9037;
1082;Midtjylland;2023-11-25;2;9039;
1084;Hovedstaden;2023-11-25;0;9039;
1085;Sjælland;2023-11-26;1;9040;
1081;Nordjylland;2023-11-26;1;9041;
1082;Midtjylland;2023-11-26;0;9041;
1084;Hovedstaden;2023-11-26;3;9044;
1083;Syddanmark;2023-11-27;5;9049;
1085;Sjælland;2023-11-27;1;9050;
1082;Midtjylland;2023-11-27;2;9052;
1084;Hovedstaden;2023-11-27;5;9057;
1083;Syddanmark;2023-11-28;2;9059;
1085;Sjælland;2023-11-28;2;9061;
1081;Nordjylland;2023-11-28;2;9063;
1084;Hovedstaden;2023-11-28;3;9066;
1083;Syddanmark;2023-11-29;1;9067;
1085;Sjælland;2023-11-29;2;9069;
1081;Nordjylland;2023-11-29;1;9070;
1082;Midtjylland;2023-11-29;3;9073;
1084;Hovedstaden;2023-11-29;5;9078;
1083;Syddanmark;2023-11-30;1;9079;
1085;Sjælland;2023-11-30;2;9081;
1081;Nordjylland;2023-11-30;1;9082;
1082;Midtjylland;2023-11-30;1;9083;
1084;Hovedstaden;2023-11-30;1;9084;
1083;Syddanmark;2023-12-01;1;9085;
1085;Sjælland;2023-12-01;2;9087;
1081;Nordjylland;2023-12-01;3;9090;
1084;Hovedstaden;2023-12-01;3;9093;
1083;Syddanmark;2023-12-02;1;9094;
1085;Sjælland;2023-12-02;3;9097;
1081;Nordjylland;2023-12-02;1;9098;
1084;Hovedstaden;2023-12-02;4;9102;
1083;Syddanmark;2023-12-03;1;9103;
1085;Sjælland;2023-12-03;4;9107;
1081;Nordjylland;2023-12-03;1;9108;
1084;Hovedstaden;2023-12-03;5;9113;
1083;Syddanmark;2023-12-04;1;9114;
1085;Sjælland;2023-12-04;1;9115;
1081;Nordjylland;2023-12-04;0;9115;
1082;Midtjylland;2023-12-04;2;9117;
1084;Hovedstaden;2023-12-04;3;9120;
1083;Syddanmark;2023-12-05;2;9122;
1085;Sjælland;2023-12-05;2;9124;
1081;Nordjylland;2023-12-05;1;9125;
1082;Midtjylland;2023-12-05;2;9127;
1084;Hovedstaden;2023-12-05;3;9130;
1083;Syddanmark;2023-12-06;4;9134;
1085;Sjælland;2023-12-06;1;9135;
1081;Nordjylland;2023-12-06;3;9138;
1082;Midtjylland;2023-12-06;1;9139;
1084;Hovedstaden;2023-12-06;4;9143;
1083;Syddanmark;2023-12-07;1;9144;
1085;Sjælland;2023-12-07;3;9147;
1082;Midtjylland;2023-12-07;4;9151;
1084;Hovedstaden;2023-12-07;6;9157;
1083;Syddanmark;2023-12-08;1;9158;
1085;Sjælland;2023-12-08;3;9161;
1082;Midtjylland;2023-12-08;2;9163;
1084;Hovedstaden;2023-12-08;1;9164;
1083;Syddanmark;2023-12-09;3;9167;
1085;Sjælland;2023-12-09;3;9170;
1081;Nordjylland;2023-12-09;0;9170;
1082;Midtjylland;2023-12-09;0;9170;
1084;Hovedstaden;2023-12-09;3;9173;
1083;Syddanmark;2023-12-10;1;9174;
1081;Nordjylland;2023-12-10;1;9175;
1082;Midtjylland;2023-12-10;0;9175;
1084;Hovedstaden;2023-12-10;4;9179;
1083;Syddanmark;2023-12-11;6;9185;
1082;Midtjylland;2023-12-11;1;9186;
1084;Hovedstaden;2023-12-11;3;9189;
1083;Syddanmark;2023-12-12;2;9191;
1085;Sjælland;2023-12-12;3;9194;
1081;Nordjylland;2023-12-12;2;9196;
1082;Midtjylland;2023-12-12;3;9199;
1084;Hovedstaden;2023-12-12;6;9205;
1083;Syddanmark;2023-12-13;2;9207;
1085;Sjælland;2023-12-13;4;9211;
1081;Nordjylland;2023-12-13;0;9211;
1082;Midtjylland;2023-12-13;5;9216;
1084;Hovedstaden;2023-12-13;5;9221;
1083;Syddanmark;2023-12-14;2;9223;
1085;Sjælland;2023-12-14;4;9227;
1081;Nordjylland;2023-12-14;1;9228;
1082;Midtjylland;2023-12-14;1;9229;
1084;Hovedstaden;2023-12-14;4;9233;
1083;Syddanmark;2023-12-15;1;9234;
1085;Sjælland;2023-12-15;2;9236;
1081;Nordjylland;2023-12-15;1;9237;
1082;Midtjylland;2023-12-15;5;9242;
1084;Hovedstaden;2023-12-15;9;9251;
1083;Syddanmark;2023-12-16;1;9252;
1085;Sjælland;2023-12-16;7;9259;
1081;Nordjylland;2023-12-16;2;9261;
1082;Midtjylland;2023-12-16;2;9263;
1084;Hovedstaden;2023-12-16;1;9264;
1083;Syddanmark;2023-12-17;2;9266;
1085;Sjælland;2023-12-17;1;9267;
1081;Nordjylland;2023-12-17;0;9267;
1082;Midtjylland;2023-12-17;3;9270;
1084;Hovedstaden;2023-12-17;8;9278;
1083;Syddanmark;2023-12-18;2;9280;
1085;Sjælland;2023-12-18;7;9287;
1081;Nordjylland;2023-12-18;1;9288;
1082;Midtjylland;2023-12-18;1;9289;
1084;Hovedstaden;2023-12-18;8;9297;
1083;Syddanmark;2023-12-19;3;9300;
1085;Sjælland;2023-12-19;3;9303;
1081;Nordjylland;2023-12-19;1;9304;
1082;Midtjylland;2023-12-19;1;9305;
1084;Hovedstaden;2023-12-19;4;9309;
1083;Syddanmark;2023-12-20;4;9313;
1085;Sjælland;2023-12-20;4;9317;
1081;Nordjylland;2023-12-20;1;9318;
1082;Midtjylland;2023-12-20;2;9320;
1084;Hovedstaden;2023-12-20;8;9328;
1083;Syddanmark;2023-12-21;4;9332;
1085;Sjælland;2023-12-21;2;9334;
1081;Nordjylland;2023-12-21;3;9337;
1082;Midtjylland;2023-12-21;1;9338;
1084;Hovedstaden;2023-12-21;4;9342;
1083;Syddanmark;2023-12-22;3;9345;
1085;Sjælland;2023-12-22;5;9350;
1081;Nordjylland;2023-12-22;2;9352;
1082;Midtjylland;2023-12-22;1;9353;
1084;Hovedstaden;2023-12-22;3;9356;
1083;Syddanmark;2023-12-23;3;9359;
1085;Sjælland;2023-12-23;6;9365;
1081;Nordjylland;2023-12-23;0;9365;
1084;Hovedstaden;2023-12-23;2;9367;
1083;Syddanmark;2023-12-24;2;9369;
1085;Sjælland;2023-12-24;3;9372;
1081;Nordjylland;2023-12-24;1;9373;
1082;Midtjylland;2023-12-24;3;9376;
1084;Hovedstaden;2023-12-24;4;9380;
1083;Syddanmark;2023-12-25;3;9383;
1085;Sjælland;2023-12-25;2;9385;
1081;Nordjylland;2023-12-25;4;9389;
1082;Midtjylland;2023-12-25;3;9392;
1084;Hovedstaden;2023-12-25;2;9394;
1083;Syddanmark;2023-12-26;2;9396;
1085;Sjælland;2023-12-26;3;9399;
1082;Midtjylland;2023-12-26;2;9401;
1084;Hovedstaden;2023-12-26;3;9404;
1083;Syddanmark;2023-12-27;4;9408;
1085;Sjælland;2023-12-27;2;9410;
1081;Nordjylland;2023-12-27;2;9412;
1082;Midtjylland;2023-12-27;1;9413;
1084;Hovedstaden;2023-12-27;4;9417;
1083;Syddanmark;2023-12-28;1;9418;
1085;Sjælland;2023-12-28;2;9420;
1081;Nordjylland;2023-12-28;2;9422;
1082;Midtjylland;2023-12-28;2;9424;
1084;Hovedstaden;2023-12-28;5;9429;
1083;Syddanmark;2023-12-29;4;9433;
1085;Sjælland;2023-12-29;1;9434;
1081;Nordjylland;2023-12-29;0;9434;
1082;Midtjylland;2023-12-29;1;9435;
1084;Hovedstaden;2023-12-29;4;9439;
1082;Midtjylland;2023-12-30;1;9440;
1084;Hovedstaden;2023-12-30;5;9445;
1083;Syddanmark;2023-12-30;4;9449;
1085;Sjælland;2023-12-30;3;9452;
1081;Nordjylland;2023-12-30;0;9452;
1083;Syddanmark;2023-12-31;2;9454;
1085;Sjælland;2023-12-31;3;9457;
1081;Nordjylland;2023-12-31;1;9458;
1082;Midtjylland;2023-12-31;2;9460;
1084;Hovedstaden;2023-12-31;7;9467;
1083;Syddanmark;2024-01-01;2;9469;
1085;Sjælland;2024-01-01;2;9471;
1082;Midtjylland;2024-01-01;2;9473;
1084;Hovedstaden;2024-01-01;3;9476;
1083;Syddanmark;2024-01-02;2;9478;
1085;Sjælland;2024-01-02;4;9482;
1081;Nordjylland;2024-01-02;1;9483;
1082;Midtjylland;2024-01-02;3;9486;
1084;Hovedstaden;2024-01-02;4;9490;
1083;Syddanmark;2024-01-03;3;9493;
1085;Sjælland;2024-01-03;3;9496;
1081;Nordjylland;2024-01-03;1;9497;
1082;Midtjylland;2024-01-03;1;9498;
1084;Hovedstaden;2024-01-03;6;9504;
1083;Syddanmark;2024-01-04;3;9507;
1085;Sjælland;2024-01-04;2;9509;
1081;Nordjylland;2024-01-04;1;9510;
1082;Midtjylland;2024-01-04;3;9513;
1084;Hovedstaden;2024-01-04;3;9516;
1083;Syddanmark;2024-01-05;3;9519;
1085;Sjælland;2024-01-05;3;9522;
1081;Nordjylland;2024-01-05;1;9523;
1082;Midtjylland;2024-01-05;3;9526;
1084;Hovedstaden;2024-01-05;4;9530;
1083;Syddanmark;2024-01-06;1;9531;
1085;Sjælland;2024-01-06;0;9531;
1081;Nordjylland;2024-01-06;1;9532;
1082;Midtjylland;2024-01-06;3;9535;
1084;Hovedstaden;2024-01-06;4;9539;
1083;Syddanmark;2024-01-07;3;9542;
1085;Sjælland;2024-01-07;2;9544;
1082;Midtjylland;2024-01-07;3;9547;
1084;Hovedstaden;2024-01-07;3;9550;
1083;Syddanmark;2024-01-08;5;9555;
1085;Sjælland;2024-01-08;1;9556;
1081;Nordjylland;2024-01-08;0;9556;
1082;Midtjylland;2024-01-08;2;9558;
1084;Hovedstaden;2024-01-08;5;9563;
1083;Syddanmark;2024-01-09;2;9565;
1085;Sjælland;2024-01-09;2;9567;
1081;Nordjylland;2024-01-09;1;9568;
1082;Midtjylland;2024-01-09;1;9569;
1084;Hovedstaden;2024-01-09;4;9573;
1083;Syddanmark;2024-01-10;4;9577;
1085;Sjælland;2024-01-10;2;9579;
1082;Midtjylland;2024-01-10;0;9579;
1084;Hovedstaden;2024-01-10;0;9579;
1083;Syddanmark;2024-01-11;1;9580;
1085;Sjælland;2024-01-11;1;9581;
1082;Midtjylland;2024-01-11;1;9582;
1084;Hovedstaden;2024-01-11;2;9584;
1083;Syddanmark;2024-01-12;1;9585;
1085;Sjælland;2024-01-12;2;9587;
1081;Nordjylland;2024-01-12;0;9587;
1082;Midtjylland;2024-01-12;3;9590;
1084;Hovedstaden;2024-01-12;3;9593;
1083;Syddanmark;2024-01-13;2;9595;
1085;Sjælland;2024-01-13;0;9595;
1082;Midtjylland;2024-01-13;4;9599;
1084;Hovedstaden;2024-01-13;2;9601;
1083;Syddanmark;2024-01-14;1;9602;
1085;Sjælland;2024-01-14;2;9604;
1081;Nordjylland;2024-01-14;2;9606;
1082;Midtjylland;2024-01-14;0;9606;
1084;Hovedstaden;2024-01-14;3;9609;
1083;Syddanmark;2024-01-15;4;9613;
1085;Sjælland;2024-01-15;3;9616;
1082;Midtjylland;2024-01-15;0;9616;
1084;Hovedstaden;2024-01-15;4;9620;
1083;Syddanmark;2024-01-16;0;9620;
1085;Sjælland;2024-01-16;0;9620;
1082;Midtjylland;2024-01-16;1;9621;
1084;Hovedstaden;2024-01-16;1;9622;
1083;Syddanmark;2024-01-17;0;9622;
1085;Sjælland;2024-01-17;1;9623;
1081;Nordjylland;2024-01-17;1;9624;
1082;Midtjylland;2024-01-17;0;9624;
1084;Hovedstaden;2024-01-17;1;9625;
1083;Syddanmark;2024-01-18;1;9626;
1085;Sjælland;2024-01-18;0;9626;
1081;Nordjylland;2024-01-18;1;9627;
1082;Midtjylland;2024-01-18;2;9629;
1084;Hovedstaden;2024-01-18;2;9631;
1083;Syddanmark;2024-01-19;2;9633;
1085;Sjælland;2024-01-19;1;9634;
1084;Hovedstaden;2024-01-19;5;9639;
1083;Syddanmark;2024-01-20;2;9641;
1085;Sjælland;2024-01-20;0;9641;
1081;Nordjylland;2024-01-20;1;9642;
1082;Midtjylland;2024-01-20;1;9643;
1084;Hovedstaden;2024-01-20;5;9648;
1083;Syddanmark;2024-01-21;0;9648;
1085;Sjælland;2024-01-21;0;9648;
1081;Nordjylland;2024-01-21;1;9649;
1082;Midtjylland;2024-01-21;0;9649;
1084;Hovedstaden;2024-01-21;3;9652;
1083;Syddanmark;2024-01-22;3;9655;
1085;Sjælland;2024-01-22;2;9657;
1082;Midtjylland;2024-01-22;1;9658;
1084;Hovedstaden;2024-01-22;1;9659;
1083;Syddanmark;2024-01-23;0;9659;
1085;Sjælland;2024-01-23;2;9661;
1082;Midtjylland;2024-01-23;0;9661;
1084;Hovedstaden;2024-01-23;1;9662;
1083;Syddanmark;2024-01-24;2;9664;
1084;Hovedstaden;2024-01-24;3;9667;
1083;Syddanmark;2024-01-25;0;9667;
1085;Sjælland;2024-01-25;2;9669;
1081;Nordjylland;2024-01-25;0;9669;
1084;Hovedstaden;2024-01-25;2;9671;
1083;Syddanmark;2024-01-26;1;9672;
1085;Sjælland;2024-01-26;1;9673;
1082;Midtjylland;2024-01-26;1;9674;
1084;Hovedstaden;2024-01-26;0;9674;
1085;Sjælland;2024-01-27;1;9675;
1082;Midtjylland;2024-01-27;1;9676;
1084;Hovedstaden;2024-01-27;1;9677;
1083;Syddanmark;2024-01-28;2;9679;
1085;Sjælland;2024-01-28;1;9680;
1081;Nordjylland;2024-01-28;2;9682;
1082;Midtjylland;2024-01-28;0;9682;
1084;Hovedstaden;2024-01-28;1;9683;
1083;Syddanmark;2024-01-29;0;9683;
1085;Sjælland;2024-01-29;2;9685;
1081;Nordjylland;2024-01-29;1;9686;
1082;Midtjylland;2024-01-29;1;9687;
1084;Hovedstaden;2024-01-29;1;9688;
1083;Syddanmark;2024-01-30;1;9689;
1085;Sjælland;2024-01-30;0;9689;
1081;Nordjylland;2024-01-30;0;9689;
1082;Midtjylland;2024-01-30;3;9692;
1084;Hovedstaden;2024-01-30;1;9693;
1083;Syddanmark;2024-01-31;1;9694;
1085;Sjælland;2024-01-31;0;9694;
1081;Nordjylland;2024-01-31;1;9695;
1082;Midtjylland;2024-01-31;0;9695;
1084;Hovedstaden;2024-01-31;0;9695;
1083;Syddanmark;2024-02-01;1;9696;
1081;Nordjylland;2024-02-01;1;9697;
1082;Midtjylland;2024-02-01;0;9697;
1084;Hovedstaden;2024-02-01;0;9697;
1083;Syddanmark;2024-02-02;0;9697;
1085;Sjælland;2024-02-02;0;9697;
1081;Nordjylland;2024-02-02;1;9698;
1082;Midtjylland;2024-02-02;0;9698;
1084;Hovedstaden;2024-02-02;3;9701;
1083;Syddanmark;2024-02-03;1;9702;
1085;Sjælland;2024-02-03;0;9702;
1084;Hovedstaden;2024-02-03;0;9702;
1083;Syddanmark;2024-02-04;1;9703;
1085;Sjælland;2024-02-04;1;9704;
1082;Midtjylland;2024-02-04;1;9705;
1084;Hovedstaden;2024-02-04;0;9705;
1083;Syddanmark;2024-02-05;0;9705;
1081;Nordjylland;2024-02-05;0;9705;
1082;Midtjylland;2024-02-05;0;9705;
1084;Hovedstaden;2024-02-05;1;9706;
1085;Sjælland;2024-02-06;0;9706;
1081;Nordjylland;2024-02-06;1;9707;
1082;Midtjylland;2024-02-06;1;9708;
1084;Hovedstaden;2024-02-06;1;9709;
1082;Midtjylland;2024-02-07;1;9710;
1083;Syddanmark;2024-02-08;1;9711;
1085;Sjælland;2024-02-08;1;9712;
1081;Nordjylland;2024-02-08;1;9713;
1082;Midtjylland;2024-02-08;0;9713;
1084;Hovedstaden;2024-02-08;0;9713;
1083;Syddanmark;2024-02-09;1;9714;
1084;Hovedstaden;2024-02-09;1;9715;
1082;Midtjylland;2024-02-10;0;9715;
1084;Hovedstaden;2024-02-10;1;9716;
1081;Nordjylland;2024-02-11;1;9717;
1082;Midtjylland;2024-02-11;0;9717;
1084;Hovedstaden;2024-02-11;0;9717;
1083;Syddanmark;2024-02-12;1;9718;
1082;Midtjylland;2024-02-12;0;9718;
1084;Hovedstaden;2024-02-12;0;9718;
1083;Syddanmark;2024-02-13;1;9719;
1085;Sjælland;2024-02-13;0;9719;
1082;Midtjylland;2024-02-13;1;9720;
1084;Hovedstaden;2024-02-13;0;9720;
1083;Syddanmark;2024-02-14;0;9720;
1085;Sjælland;2024-02-14;0;9720;
1083;Syddanmark;2024-02-15;1;9721;
1081;Nordjylland;2024-02-15;0;9721;
1084;Hovedstaden;2024-02-15;0;9721;
1083;Syddanmark;2024-02-16;1;9722;
1082;Midtjylland;2024-02-16;0;9722;
1084;Hovedstaden;2024-02-16;1;9723;
1083;Syddanmark;2024-02-17;0;9723;
1081;Nordjylland;2024-02-17;0;9723;
1083;Syddanmark;2024-02-18;1;9724;
1081;Nordjylland;2024-02-18;1;9725;
1084;Hovedstaden;2024-02-18;1;9726;
1085;Sjælland;2024-02-19;1;9727;
1081;Nordjylland;2024-02-19;1;9728;
1082;Midtjylland;2024-02-19;0;9728;
1084;Hovedstaden;2024-02-19;1;9729;
1083;Syddanmark;2024-02-20;0;9729;
1085;Sjælland;2024-02-20;0;9729;
1081;Nordjylland;2024-02-20;1;9730;
1082;Midtjylland;2024-02-20;0;9730;
1083;Syddanmark;2024-02-21;1;9731;
1085;Sjælland;2024-02-21;1;9732;
1082;Midtjylland;2024-02-21;1;9733;
1085;Sjælland;2024-02-22;0;9733;
1084;Hovedstaden;2024-02-22;0;9733;
1083;Syddanmark;2024-02-23;1;9734;
1084;Hovedstaden;2024-02-23;1;9735;
1083;Syddanmark;2024-02-24;0;9735;
1085;Sjælland;2024-02-24;0;9735;
1083;Syddanmark;2024-02-25;1;9736;
1085;Sjælland;2024-02-25;1;9737;
1084;Hovedstaden;2024-02-25;1;9738;
1084;Hovedstaden;2024-02-26;2;9740;
;;2024-02-27;0;9740;
1083;Syddanmark;2024-02-28;1;9741;
1082;Midtjylland;2024-02-28;0;9741;
1083;Syddanmark;2024-02-29;1;9742;
1084;Hovedstaden;2024-02-29;1;9743;
1083;Syddanmark;2024-03-01;1;9744;
1084;Hovedstaden;2024-03-01;1;9745;
;;2024-03-02;0;9745;
1083;Syddanmark;2024-03-03;0;9745;
1085;Sjælland;2024-03-03;0;9745;
1083;Syddanmark;2024-03-04;2;9747;
1083;Syddanmark;2024-03-05;1;9748;
1084;Hovedstaden;2024-03-05;1;9749;
1083;Syddanmark;2024-03-06;1;9750;
1085;Sjælland;2024-03-06;1;9751;
1084;Hovedstaden;2024-03-07;1;9752;
1084;Hovedstaden;2024-03-08;0;9752;
1084;Hovedstaden;2024-03-09;3;9755;
1083;Syddanmark;2024-03-10;1;9756;
1084;Hovedstaden;2024-03-11;1;9757;
1083;Syddanmark;2024-03-12;1;9758;
1082;Midtjylland;2024-03-12;2;9760;
1084;Hovedstaden;2024-03-13;1;9761;
1084;Hovedstaden;2024-03-14;1;9762;
;;2024-03-15;0;9762;
1084;Hovedstaden;2024-03-16;0;9762;
;;2024-03-17;0;9762;
;;2024-03-18;0;9762;
1083;Syddanmark;2024-03-19;0;9762;
1083;Syddanmark;2024-03-20;0;9762;
;;2024-03-21;0;9762;
;;2024-03-22;0;9762;
;;2024-03-23;0;9762;
1084;Hovedstaden;2024-03-24;0;9762;
;;2024-03-25;0;9762;
1083;Syddanmark;2024-03-26;1;9763;
1081;Nordjylland;2024-03-26;1;9764;
;;2024-03-27;0;9764;
1083;Syddanmark;2024-03-28;0;9764;
1082;Midtjylland;2024-03-28;1;9765;
;;2024-03-29;0;9765;
;;2024-03-30;0;9765;
;;2024-03-31;0;9765;
1084;Hovedstaden;2024-04-01;0;9765;
1084;Hovedstaden;2024-04-02;0;9765;
1083;Syddanmark;2024-04-03;1;9766;
1085;Sjælland;2024-04-03;0;9766;
1084;Hovedstaden;2024-04-03;1;9767;
1084;Hovedstaden;2024-04-04;2;9769;
;;2024-04-05;0;9769;
1084;Hovedstaden;2024-04-06;1;9770;
;;2024-04-07;0;9770;
1085;Sjælland;2024-04-08;1;9771;
;;2024-04-09;0;9771;
1085;Sjælland;2024-04-10;1;9772;
;;2024-04-11;0;9772;
1084;Hovedstaden;2024-04-12;1;9773;
;;2024-04-13;0;9773;
1084;Hovedstaden;2024-04-14;1;9774;
;;2024-04-15;0;9774;
1082;Midtjylland;2024-04-16;0;9774;
1085;Sjælland;2024-04-17;1;9775;
1082;Midtjylland;2024-04-17;1;9776;
1083;Syddanmark;2024-04-18;1;9777;
;;2024-04-19;0;9777;
;;2024-04-20;0;9777;
;;2024-04-21;0;9777;
1084;Hovedstaden;2024-04-22;0;9777;
;;2024-04-23;0;9777;
;;2024-04-24;0;9777;
1085;Sjælland;2024-04-25;1;9778;
1084;Hovedstaden;2024-04-25;0;9778;
;;2024-04-26;0;9778;
1085;Sjælland;2024-04-27;1;9779;
;;2024-04-28;0;9779;
1083;Syddanmark;2024-04-29;1;9780;
1081;Nordjylland;2024-04-29;1;9781;
;;2024-04-30;0;9781;
1083;Syddanmark;2024-05-01;0;9781;
1085;Sjælland;2024-05-01;1;9782;
1084;Hovedstaden;2024-05-02;0;9782;
;;2024-05-03;0;9782;
1081;Nordjylland;2024-05-04;1;9783;
;;2024-05-05;0;9783;
1085;Sjælland;2024-05-06;1;9784;
;;2024-05-07;0;9784;
1085;Sjælland;2024-05-08;1;9785;
;;2024-05-09;0;9785;
;;2024-05-10;0;9785;
1084;Hovedstaden;2024-05-11;0;9785;
;;2024-05-12;0;9785;
;;2024-05-13;0;9785;
1084;Hovedstaden;2024-05-14;1;9786;
1084;Hovedstaden;2024-05-15;1;9787;
;;2024-05-16;0;9787;
1084;Hovedstaden;2024-05-17;0;9787;
;;2024-05-18;0;9787;
;;2024-05-19;0;9787;
;;2024-05-20;0;9787;
;;2024-05-21;0;9787;
1085;Sjælland;2024-05-22;0;9787;
;;2024-05-23;0;9787;
1082;Midtjylland;2024-05-24;1;9788;
;;2024-05-25;0;9788;
1085;Sjælland;2024-05-26;1;9789;
;;2024-05-27;0;9789;
;;2024-05-28;0;9789;
1084;Hovedstaden;2024-05-29;1;9790;
1084;Hovedstaden;2024-05-30;1;9791;
;;2024-05-31;0;9791;
1084;Hovedstaden;2024-06-01;0;9791;
;;2024-06-02;0;9791;
;;2024-06-03;0;9791;
;;2024-06-04;0;9791;
;;2024-06-05;0;9791;
;;2024-06-06;0;9791;
1085;Sjælland;2024-06-07;0;9791;
;;2024-06-08;0;9791;
;;2024-06-09;0;9791;
;;2024-06-10;0;9791;
;;2024-06-11;0;9791;
1085;Sjælland;2024-06-12;1;9792;
1084;Hovedstaden;2024-06-12;1;9793;
1083;Syddanmark;2024-06-13;0;9793;
1084;Hovedstaden;2024-06-14;1;9794;
;;2024-06-15;0;9794;
;;2024-06-16;0;9794;
1081;Nordjylland;2024-06-17;1;9795;
1085;Sjælland;2024-06-18;1;9796;
1084;Hovedstaden;2024-06-18;0;9796;
1082;Midtjylland;2024-06-19;1;9797;
;;2024-06-20;0;9797;
;;2024-06-21;0;9797;
1081;Nordjylland;2024-06-22;1;9798;
1081;Nordjylland;2024-06-23;1;9799;
1085;Sjælland;2024-06-24;1;9800;
1084;Hovedstaden;2024-06-24;1;9801;
1083;Syddanmark;2024-06-25;1;9802;
1084;Hovedstaden;2024-06-25;1;9803;
1083;Syddanmark;2024-06-26;0;9803;
;;2024-06-27;0;9803;
1084;Hovedstaden;2024-06-28;1;9804;
1084;Hovedstaden;2024-06-29;1;9805;
1085;Sjælland;2024-06-30;0;9805;
;;2024-07-01;0;9805;
;;2024-07-02;0;9805;
;;2024-07-03;0;9805;
;;2024-07-04;0;9805;
;;2024-07-05;0;9805;
;;2024-07-06;0;9805;
;;2024-07-07;0;9805;
1083;Syddanmark;2024-07-08;2;9807;
1083;Syddanmark;2024-07-09;1;9808;
1084;Hovedstaden;2024-07-09;1;9809;
1083;Syddanmark;2024-07-10;1;9810;
1085;Sjælland;2024-07-10;1;9811;
1083;Syddanmark;2024-07-11;1;9812;
1084;Hovedstaden;2024-07-11;0;9812;
1084;Hovedstaden;2024-07-12;2;9814;
;;2024-07-13;0;9814;
1084;Hovedstaden;2024-07-14;1;9815;
1084;Hovedstaden;2024-07-15;1;9816;
1083;Syddanmark;2024-07-16;1;9817;
1082;Midtjylland;2024-07-16;2;9819;
1084;Hovedstaden;2024-07-16;1;9820;
;;2024-07-17;0;9820;
1083;Syddanmark;2024-07-18;1;9821;
;;2024-07-19;0;9821;
1084;Hovedstaden;2024-07-20;2;9823;
1081;Nordjylland;2024-07-21;1;9824;
1082;Midtjylland;2024-07-21;1;9825;
1084;Hovedstaden;2024-07-21;1;9826;
1083;Syddanmark;2024-07-22;1;9827;
1084;Hovedstaden;2024-07-22;1;9828;
1085;Sjælland;2024-07-23;3;9831;
1084;Hovedstaden;2024-07-23;3;9834;
1083;Syddanmark;2024-07-24;1;9835;
1085;Sjælland;2024-07-24;0;9835;
1083;Syddanmark;2024-07-25;1;9836;
1084;Hovedstaden;2024-07-25;1;9837;
1084;Hovedstaden;2024-07-26;1;9838;
;;2024-07-27;0;9838;
1082;Midtjylland;2024-07-28;2;9840;
1084;Hovedstaden;2024-07-28;1;9841;
1083;Syddanmark;2024-07-29;1;9842;
1082;Midtjylland;2024-07-29;2;9844;
1084;Hovedstaden;2024-07-29;0;9844;
;;2024-07-30;0;9844;
;;2024-07-31;0;9844;
;;2024-08-01;0;9844;
1082;Midtjylland;2024-08-02;1;9845;
1084;Hovedstaden;2024-08-02;1;9846;
1081;Nordjylland;2024-08-03;1;9847;
1082;Midtjylland;2024-08-03;1;9848;
;;2024-08-04;0;9848;
1081;Nordjylland;2024-08-05;1;9849;
1082;Midtjylland;2024-08-05;2;9851;
1084;Hovedstaden;2024-08-05;1;9852;
1081;Nordjylland;2024-08-06;1;9853;
1084;Hovedstaden;2024-08-07;2;9855;
1083;Syddanmark;2024-08-08;1;9856;
1084;Hovedstaden;2024-08-08;0;9856;
1081;Nordjylland;2024-08-09;1;9857;
1084;Hovedstaden;2024-08-09;1;9858;
1083;Syddanmark;2024-08-10;1;9859;
1081;Nordjylland;2024-08-10;1;9860;
1084;Hovedstaden;2024-08-10;2;9862;
1085;Sjælland;2024-08-11;1;9863;
1082;Midtjylland;2024-08-11;2;9865;
1084;Hovedstaden;2024-08-11;1;9866;
1083;Syddanmark;2024-08-12;1;9867;
1085;Sjælland;2024-08-12;1;9868;
1081;Nordjylland;2024-08-12;1;9869;
1084;Hovedstaden;2024-08-12;1;9870;
;;2024-08-13;0;9870;
1084;Hovedstaden;2024-08-14;1;9871;
1085;Sjælland;2024-08-15;1;9872;
1082;Midtjylland;2024-08-15;1;9873;
1084;Hovedstaden;2024-08-15;4;9877;
1085;Sjælland;2024-08-16;1;9878;
1082;Midtjylland;2024-08-16;2;9880;
1084;Hovedstaden;2024-08-16;3;9883;
1083;Syddanmark;2024-08-17;1;9884;
1085;Sjælland;2024-08-17;1;9885;
1084;Hovedstaden;2024-08-17;1;9886;
1085;Sjælland;2024-08-18;1;9887;
1084;Hovedstaden;2024-08-18;1;9888;
1084;Hovedstaden;2024-08-19;2;9890;
1083;Syddanmark;2024-08-20;0;9890;
1081;Nordjylland;2024-08-20;1;9891;
1084;Hovedstaden;2024-08-20;2;9893;
1081;Nordjylland;2024-08-21;1;9894;
1082;Midtjylland;2024-08-21;1;9895;
1084;Hovedstaden;2024-08-21;1;9896;
1083;Syddanmark;2024-08-22;1;9897;
1082;Midtjylland;2024-08-22;2;9899;
;;2024-08-23;0;9899;
1083;Syddanmark;2024-08-24;0;9899;
1085;Sjælland;2024-08-24;1;9900;
1081;Nordjylland;2024-08-24;1;9901;
1083;Syddanmark;2024-08-25;0;9901;
1082;Midtjylland;2024-08-25;0;9901;
1084;Hovedstaden;2024-08-25;1;9902;
1085;Sjælland;2024-08-26;1;9903;
1082;Midtjylland;2024-08-26;0;9903;
1081;Nordjylland;2024-08-27;1;9904;
1083;Syddanmark;2024-08-28;1;9905;
1081;Nordjylland;2024-08-28;0;9905;
1084;Hovedstaden;2024-08-28;1;9906;
1083;Syddanmark;2024-08-29;1;9907;
1085;Sjælland;2024-08-30;1;9908;
1082;Midtjylland;2024-08-30;1;9909;
1084;Hovedstaden;2024-08-30;3;9912;
1083;Syddanmark;2024-08-31;0;9912;
1085;Sjælland;2024-08-31;1;9913;
1082;Midtjylland;2024-08-31;1;9914;
1084;Hovedstaden;2024-08-31;2;9916;
1083;Syddanmark;2024-09-01;2;9918;
1085;Sjælland;2024-09-01;0;9918;
1082;Midtjylland;2024-09-01;1;9919;
1082;Midtjylland;2024-09-02;0;9919;
1083;Syddanmark;2024-09-03;1;9920;
1082;Midtjylland;2024-09-03;1;9921;
1084;Hovedstaden;2024-09-03;1;9922;
1085;Sjælland;2024-09-04;1;9923;
1081;Nordjylland;2024-09-04;1;9924;
1084;Hovedstaden;2024-09-04;1;9925;
1083;Syddanmark;2024-09-05;0;9925;
1082;Midtjylland;2024-09-05;1;9926;
1084;Hovedstaden;2024-09-05;1;9927;
1083;Syddanmark;2024-09-06;0;9927;
1082;Midtjylland;2024-09-06;0;9927;
1081;Nordjylland;2024-09-07;1;9928;
1082;Midtjylland;2024-09-07;0;9928;
1084;Hovedstaden;2024-09-07;2;9930;
1084;Hovedstaden;2024-09-08;0;9930;
1085;Sjælland;2024-09-09;2;9932;
1084;Hovedstaden;2024-09-09;2;9934;
1085;Sjælland;2024-09-10;1;9935;
;;2024-09-11;0;9935;
1083;Syddanmark;2024-09-12;1;9936;
1085;Sjælland;2024-09-13;1;9937;
1081;Nordjylland;2024-09-13;1;9938;
1083;Syddanmark;2024-09-14;1;9939;
1085;Sjælland;2024-09-14;1;9940;
1082;Midtjylland;2024-09-14;0;9940;
1084;Hovedstaden;2024-09-14;2;9942;
1083;Syddanmark;2024-09-15;1;9943;
1082;Midtjylland;2024-09-15;1;9944;
1084;Hovedstaden;2024-09-15;0;9944;
1081;Nordjylland;2024-09-16;1;9945;
1084;Hovedstaden;2024-09-16;1;9946;
1083;Syddanmark;2024-09-17;1;9947;
1085;Sjælland;2024-09-17;1;9948;
1084;Hovedstaden;2024-09-17;0;9948;
1083;Syddanmark;2024-09-18;1;9949;
1085;Sjælland;2024-09-19;1;9950;
1081;Nordjylland;2024-09-19;1;9951;
1084;Hovedstaden;2024-09-19;1;9952;
1082;Midtjylland;2024-09-20;1;9953;
1081;Nordjylland;2024-09-21;1;9954;
1082;Midtjylland;2024-09-21;2;9956;
1084;Hovedstaden;2024-09-21;1;9957;
1083;Syddanmark;2024-09-22;1;9958;
1081;Nordjylland;2024-09-22;1;9959;
;;2024-09-23;0;9959;
1082;Midtjylland;2024-09-24;0;9959;
1084;Hovedstaden;2024-09-24;1;9960;
1083;Syddanmark;2024-09-25;1;9961;
1085;Sjælland;2024-09-25;2;9963;
1081;Nordjylland;2024-09-25;1;9964;
1084;Hovedstaden;2024-09-25;1;9965;
1083;Syddanmark;2024-09-26;0;9965;
1085;Sjælland;2024-09-26;1;9966;
1081;Nordjylland;2024-09-26;2;9968;
1084;Hovedstaden;2024-09-26;1;9969;
1083;Syddanmark;2024-09-27;1;9970;
1085;Sjælland;2024-09-27;1;9971;
1084;Hovedstaden;2024-09-27;0;9971;
1083;Syddanmark;2024-09-28;1;9972;
1082;Midtjylland;2024-09-28;1;9973;
1083;Syddanmark;2024-09-29;0;9973;
1085;Sjælland;2024-09-29;1;9974;
1083;Syddanmark;2024-09-30;0;9974;
1084;Hovedstaden;2024-09-30;3;9977;
1084;Hovedstaden;2024-10-01;0;9977;
1084;Hovedstaden;2024-10-02;1;9978;
1083;Syddanmark;2024-10-03;0;9978;
1082;Midtjylland;2024-10-03;1;9979;
1085;Sjælland;2024-10-04;1;9980;
1082;Midtjylland;2024-10-04;1;9981;
1084;Hovedstaden;2024-10-04;2;9983;
1084;Hovedstaden;2024-10-05;1;9984;
1081;Nordjylland;2024-10-06;1;9985;
1082;Midtjylland;2024-10-06;1;9986;
1085;Sjælland;2024-10-07;2;9988;
1084;Hovedstaden;2024-10-07;1;9989;
1083;Syddanmark;2024-10-08;1;9990;
1085;Sjælland;2024-10-08;2;9992;
1084;Hovedstaden;2024-10-09;3;9995;
1083;Syddanmark;2024-10-10;0;9995;
1085;Sjælland;2024-10-10;1;9996;
1081;Nordjylland;2024-10-10;1;9997;
1082;Midtjylland;2024-10-10;1;9998;
1084;Hovedstaden;2024-10-10;0;9998;
1084;Hovedstaden;2024-10-11;3;10001;
1085;Sjælland;2024-10-12;0;10001;
1081;Nordjylland;2024-10-12;1;10002;
1084;Hovedstaden;2024-10-12;1;10003;
1084;Hovedstaden;2024-10-13;1;10004;
1085;Sjælland;2024-10-14;1;10005;
1081;Nordjylland;2024-10-14;1;10006;
1084;Hovedstaden;2024-10-14;1;10007;
1085;Sjælland;2024-10-15;3;10010;
1084;Hovedstaden;2024-10-15;1;10011;
1081;Nordjylland;2024-10-16;1;10012;
1085;Sjælland;2024-10-17;1;10013;
1084;Hovedstaden;2024-10-17;2;10015;
1083;Syddanmark;2024-10-18;0;10015;
1081;Nordjylland;2024-10-18;1;10016;
1082;Midtjylland;2024-10-18;2;10018;
1084;Hovedstaden;2024-10-18;0;10018;
1085;Sjælland;2024-10-19;1;10019;
1083;Syddanmark;2024-10-20;3;10022;
1081;Nordjylland;2024-10-20;0;10022;
1084;Hovedstaden;2024-10-20;0;10022;
1083;Syddanmark;2024-10-21;1;10023;
1084;Hovedstaden;2024-10-21;4;10027;
1085;Sjælland;2024-10-22;0;10027;
1082;Midtjylland;2024-10-22;1;10028;
1084;Hovedstaden;2024-10-22;0;10028;
1083;Syddanmark;2024-10-23;1;10029;
1085;Sjælland;2024-10-23;0;10029;
1084;Hovedstaden;2024-10-23;1;10030;
1083;Syddanmark;2024-10-24;1;10031;
1085;Sjælland;2024-10-24;4;10035;
1082;Midtjylland;2024-10-24;0;10035;
1083;Syddanmark;2024-10-25;0;10035;
1085;Sjælland;2024-10-25;2;10037;
1082;Midtjylland;2024-10-25;0;10037;
1084;Hovedstaden;2024-10-25;1;10038;
1083;Syddanmark;2024-10-26;3;10041;
1085;Sjælland;2024-10-26;1;10042;
1081;Nordjylland;2024-10-26;1;10043;
1084;Hovedstaden;2024-10-26;2;10045;
1083;Syddanmark;2024-10-27;1;10046;
1081;Nordjylland;2024-10-27;0;10046;
1082;Midtjylland;2024-10-27;0;10046;
1084;Hovedstaden;2024-10-27;1;10047;
1083;Syddanmark;2024-10-28;2;10049;
1081;Nordjylland;2024-10-28;1;10050;
1084;Hovedstaden;2024-10-28;1;10051;
1083;Syddanmark;2024-10-29;1;10052;
1085;Sjælland;2024-10-29;2;10054;
1084;Hovedstaden;2024-10-29;2;10056;
1084;Hovedstaden;2024-10-30;1;10057;
1085;Sjælland;2024-10-31;2;10059;
1083;Syddanmark;2024-11-01;0;10059;
1085;Sjælland;2024-11-01;2;10061;
1084;Hovedstaden;2024-11-01;3;10064;
1083;Syddanmark;2024-11-02;1;10065;
1085;Sjælland;2024-11-02;2;10067;
1081;Nordjylland;2024-11-02;0;10067;
1084;Hovedstaden;2024-11-02;3;10070;
1085;Sjælland;2024-11-03;1;10071;
1084;Hovedstaden;2024-11-03;2;10073;
1083;Syddanmark;2024-11-04;2;10075;
1085;Sjælland;2024-11-04;1;10076;
1084;Hovedstaden;2024-11-04;1;10077;
1083;Syddanmark;2024-11-05;1;10078;
1084;Hovedstaden;2024-11-05;0;10078;
1085;Sjælland;2024-11-06;1;10079;
1084;Hovedstaden;2024-11-06;2;10081;
1083;Syddanmark;2024-11-07;1;10082;
1085;Sjælland;2024-11-07;1;10083;
1084;Hovedstaden;2024-11-07;1;10084;
1083;Syddanmark;2024-11-08;1;10085;
1083;Syddanmark;2024-11-09;1;10086;
1083;Syddanmark;2024-11-10;1;10087;
1085;Sjælland;2024-11-10;2;10089;
1081;Nordjylland;2024-11-10;1;10090;
1083;Syddanmark;2024-11-11;1;10091;
1085;Sjælland;2024-11-11;0;10091;
1081;Nordjylland;2024-11-11;1;10092;
1084;Hovedstaden;2024-11-11;0;10092;
1085;Sjælland;2024-11-12;1;10093;
1084;Hovedstaden;2024-11-12;1;10094;
1083;Syddanmark;2024-11-13;1;10095;
1085;Sjælland;2024-11-13;1;10096;
1081;Nordjylland;2024-11-13;0;10096;
1084;Hovedstaden;2024-11-13;2;10098;
1084;Hovedstaden;2024-11-14;1;10099;
1085;Sjælland;2024-11-15;1;10100;
1081;Nordjylland;2024-11-15;1;10101;
1084;Hovedstaden;2024-11-15;0;10101;
1083;Syddanmark;2024-11-16;1;10102;
1084;Hovedstaden;2024-11-16;1;10103;
1085;Sjælland;2024-11-17;1;10104;
1081;Nordjylland;2024-11-17;1;10105;
1084;Hovedstaden;2024-11-17;1;10106;
1085;Sjælland;2024-11-18;1;10107;
1081;Nordjylland;2024-11-18;0;10107;
1084;Hovedstaden;2024-11-18;1;10108;
1083;Syddanmark;2024-11-19;0;10108;
1082;Midtjylland;2024-11-19;1;10109;
1084;Hovedstaden;2024-11-19;1;10110;
1085;Sjælland;2024-11-20;3;10113;
1081;Nordjylland;2024-11-20;1;10114;
1084;Hovedstaden;2024-11-20;0;10114;
1083;Syddanmark;2024-11-21;0;10114;
1084;Hovedstaden;2024-11-21;1;10115;
1083;Syddanmark;2024-11-22;1;10116;
1084;Hovedstaden;2024-11-22;1;10117;
1085;Sjælland;2024-11-23;2;10119;
1082;Midtjylland;2024-11-23;1;10120;
1083;Syddanmark;2024-11-24;1;10121;
1081;Nordjylland;2024-11-24;0;10121;
1084;Hovedstaden;2024-11-24;0;10121;
1085;Sjælland;2024-11-25;2;10123;
1081;Nordjylland;2024-11-25;1;10124;
1084;Hovedstaden;2024-11-25;0;10124;
1085;Sjælland;2024-11-26;1;10125;
1084;Hovedstaden;2024-11-26;2;10127;
1083;Syddanmark;2024-11-27;0;10127;
1085;Sjælland;2024-11-27;0;10127;
1082;Midtjylland;2024-11-27;0;10127;
1084;Hovedstaden;2024-11-27;2;10129;
1083;Syddanmark;2024-11-28;0;10129;
;;2024-11-29;0;10129;
;;2024-11-30;0;10129;
;;2024-12-01;0;10129;
1083;Syddanmark;2024-12-02;1;10130;
1085;Sjælland;2024-12-02;1;10131;
1081;Nordjylland;2024-12-02;0;10131;
1084;Hovedstaden;2024-12-02;1;10132;
1085;Sjælland;2024-12-03;1;10133;
1084;Hovedstaden;2024-12-03;2;10135;
1085;Sjælland;2024-12-04;1;10136;
1083;Syddanmark;2024-12-05;0;10136;
1085;Sjælland;2024-12-05;3;10139;
1081;Nordjylland;2024-12-05;1;10140;
;;2024-12-06;0;10140;
1083;Syddanmark;2024-12-07;0;10140;
1085;Sjælland;2024-12-07;2;10142;
1085;Sjælland;2024-12-08;0;10142;
1081;Nordjylland;2024-12-09;1;10143;
1084;Hovedstaden;2024-12-10;1;10144;
1084;Hovedstaden;2024-12-11;2;10146;
1083;Syddanmark;2024-12-12;0;10146;
1085;Sjælland;2024-12-12;1;10147;
1085;Sjælland;2024-12-13;1;10148;
1084;Hovedstaden;2024-12-13;1;10149;
1083;Syddanmark;2024-12-14;1;10150;
1084;Hovedstaden;2024-12-14;1;10151;
1083;Syddanmark;2024-12-15;1;10152;
1085;Sjælland;2024-12-15;1;10153;
1082;Midtjylland;2024-12-15;1;10154;
1084;Hovedstaden;2024-12-15;1;10155;
1083;Syddanmark;2024-12-16;0;10155;
1082;Midtjylland;2024-12-16;0;10155;
1085;Sjælland;2024-12-17;1;10156;
1084;Hovedstaden;2024-12-17;1;10157;
1084;Hovedstaden;2024-12-18;2;10159;
1085;Sjælland;2024-12-19;1;10160;
1084;Hovedstaden;2024-12-19;1;10161;
1083;Syddanmark;2024-12-20;1;10162;
1084;Hovedstaden;2024-12-20;1;10163;
1083;Syddanmark;2024-12-21;0;10163;
1082;Midtjylland;2024-12-21;1;10164;
1083;Syddanmark;2024-12-22;1;10165;
1085;Sjælland;2024-12-22;2;10167;
1084;Hovedstaden;2024-12-22;2;10169;
;;2024-12-23;0;10169;
1084;Hovedstaden;2024-12-24;1;10170;
1085;Sjælland;2024-12-25;1;10171;
1084;Hovedstaden;2024-12-25;1;10172;
1083;Syddanmark;2024-12-26;1;10173;
1085;Sjælland;2024-12-26;1;10174;
1081;Nordjylland;2024-12-26;1;10175;
1084;Hovedstaden;2024-12-26;3;10178;
1083;Syddanmark;2024-12-27;1;10179;
1085;Sjælland;2024-12-28;1;10180;
1084;Hovedstaden;2024-12-28;1;10181;
1084;Hovedstaden;2024-12-29;1;10182;
1083;Syddanmark;2024-12-30;1;10183;
1081;Nordjylland;2024-12-31;1;10184;
1084;Hovedstaden;2024-12-31;1;10185;
1085;Sjælland;2025-01-01;1;10186;
1084;Hovedstaden;2025-01-01;1;10187;
1083;Syddanmark;2025-01-02;1;10188;
1085;Sjælland;2025-01-02;0;10188;
1084;Hovedstaden;2025-01-02;3;10191;
;;2025-01-03;0;10191;
1085;Sjælland;2025-01-04;1;10192;
1084;Hovedstaden;2025-01-04;0;10192;
1083;Syddanmark;2025-01-05;1;10193;
1085;Sjælland;2025-01-05;2;10195;
1084;Hovedstaden;2025-01-05;2;10197;
1081;Nordjylland;2025-01-06;1;10198;
1084;Hovedstaden;2025-01-06;1;10199;
1083;Syddanmark;2025-01-07;1;10200;
1085;Sjælland;2025-01-07;1;10201;
1084;Hovedstaden;2025-01-07;1;10202;
1085;Sjælland;2025-01-08;1;10203;
1084;Hovedstaden;2025-01-08;1;10204;
1083;Syddanmark;2025-01-09;1;10205;
1085;Sjælland;2025-01-09;0;10205;
1084;Hovedstaden;2025-01-09;1;10206;
1085;Sjælland;2025-01-10;1;10207;
1082;Midtjylland;2025-01-10;1;10208;
1084;Hovedstaden;2025-01-10;1;10209;
1084;Hovedstaden;2025-01-11;1;10210;
1083;Syddanmark;2025-01-12;0;10210;
1085;Sjælland;2025-01-12;0;10210;
1081;Nordjylland;2025-01-12;1;10211;
1082;Midtjylland;2025-01-12;2;10213;
1085;Sjælland;2025-01-13;1;10214;
1084;Hovedstaden;2025-01-13;1;10215;
1083;Syddanmark;2025-01-14;1;10216;
1085;Sjælland;2025-01-14;0;10216;
1084;Hovedstaden;2025-01-14;2;10218;
1085;Sjælland;2025-01-15;0;10218;
1084;Hovedstaden;2025-01-15;2;10220;
1083;Syddanmark;2025-01-16;1;10221;
1085;Sjælland;2025-01-16;2;10223;
1084;Hovedstaden;2025-01-16;1;10224;
1084;Hovedstaden;2025-01-17;0;10224;
1083;Syddanmark;2025-01-18;1;10225;
1081;Nordjylland;2025-01-18;2;10227;
1084;Hovedstaden;2025-01-18;1;10228;
1085;Sjælland;2025-01-19;1;10229;
1083;Syddanmark;2025-01-20;2;10231;
1085;Sjælland;2025-01-20;0;10231;
1081;Nordjylland;2025-01-20;1;10232;
1085;Sjælland;2025-01-21;1;10233;
1082;Midtjylland;2025-01-21;1;10234;
1084;Hovedstaden;2025-01-21;0;10234;
1083;Syddanmark;2025-01-22;0;10234;
1084;Hovedstaden;2025-01-23;0;10234;
1084;Hovedstaden;2025-01-24;2;10236;
1084;Hovedstaden;2025-01-25;0;10236;
1083;Syddanmark;2025-01-26;2;10238;
1084;Hovedstaden;2025-01-26;0;10238;
1084;Hovedstaden;2025-01-27;2;10240;
1083;Syddanmark;2025-01-28;1;10241;
1084;Hovedstaden;2025-01-28;1;10242;
1084;Hovedstaden;2025-01-29;0;10242;
1083;Syddanmark;2025-01-30;1;10243;
1085;Sjælland;2025-01-30;0;10243;
1084;Hovedstaden;2025-01-30;0;10243;
1081;Nordjylland;2025-01-31;1;10244;
1084;Hovedstaden;2025-02-01;2;10246;
1083;Syddanmark;2025-02-02;0;10246;
1082;Midtjylland;2025-02-03;0;10246;
1084;Hovedstaden;2025-02-03;1;10247;
1085;Sjælland;2025-02-04;1;10248;
1084;Hovedstaden;2025-02-04;0;10248;
;;2025-02-05;0;10248;
;;2025-02-06;0;10248;
1084;Hovedstaden;2025-02-07;3;10251;
1083;Syddanmark;2025-02-08;1;10252;
1081;Nordjylland;2025-02-08;1;10253;
1084;Hovedstaden;2025-02-08;1;10254;
1085;Sjælland;2025-02-09;1;10255;
;;2025-02-10;0;10255;
1084;Hovedstaden;2025-02-11;0;10255;
1083;Syddanmark;2025-02-12;1;10256;
1085;Sjælland;2025-02-12;0;10256;
1084;Hovedstaden;2025-02-12;1;10257;
1085;Sjælland;2025-02-13;1;10258;
1081;Nordjylland;2025-02-13;1;10259;
1081;Nordjylland;2025-02-14;0;10259;
1084;Hovedstaden;2025-02-14;1;10260;
1085;Sjælland;2025-02-15;0;10260;
1081;Nordjylland;2025-02-15;1;10261;
1082;Midtjylland;2025-02-15;1;10262;
;;2025-02-16;0;10262;
1082;Midtjylland;2025-02-17;1;10263;
1084;Hovedstaden;2025-02-17;1;10264;
1083;Syddanmark;2025-02-18;1;10265;
1085;Sjælland;2025-02-18;0;10265;
1084;Hovedstaden;2025-02-18;1;10266;
1085;Sjælland;2025-02-19;2;10268;
1084;Hovedstaden;2025-02-19;1;10269;
1083;Syddanmark;2025-02-20;1;10270;
1085;Sjælland;2025-02-20;0;10270;
1082;Midtjylland;2025-02-20;1;10271;
1084;Hovedstaden;2025-02-20;1;10272;
1083;Syddanmark;2025-02-21;1;10273;
1081;Nordjylland;2025-02-21;1;10274;
1084;Hovedstaden;2025-02-21;1;10275;
1083;Syddanmark;2025-02-22;1;10276;
1085;Sjælland;2025-02-22;1;10277;
;;2025-02-23;0;10277;
1085;Sjælland;2025-02-24;1;10278;
1081;Nordjylland;2025-02-24;2;10280;
1081;Nordjylland;2025-02-25;1;10281;
1084;Hovedstaden;2025-02-25;1;10282;
1084;Hovedstaden;2025-02-26;0;10282;
1085;Sjælland;2025-02-27;0;10282;
1084;Hovedstaden;2025-02-27;0;10282;
1083;Syddanmark;2025-02-28;1;10283;
1085;Sjælland;2025-02-28;0;10283;
1083;Syddanmark;2025-03-01;1;10284;
1085;Sjælland;2025-03-01;0;10284;
1084;Hovedstaden;2025-03-01;0;10284;
1085;Sjælland;2025-03-02;1;10285;
1084;Hovedstaden;2025-03-02;0;10285;
;;2025-03-03;0;10285;
;;2025-03-04;0;10285;
1083;Syddanmark;2025-03-05;1;10286;
1081;Nordjylland;2025-03-05;1;10287;
1084;Hovedstaden;2025-03-05;1;10288;
1084;Hovedstaden;2025-03-06;1;10289;
1083;Syddanmark;2025-03-07;1;10290;
1081;Nordjylland;2025-03-07;1;10291;
1082;Midtjylland;2025-03-07;2;10293;
1084;Hovedstaden;2025-03-07;0;10293;
1084;Hovedstaden;2025-03-08;1;10294;
1085;Sjælland;2025-03-09;0;10294;
1083;Syddanmark;2025-03-10;1;10295;
1084;Hovedstaden;2025-03-10;1;10296;
1083;Syddanmark;2025-03-11;1;10297;
1084;Hovedstaden;2025-03-12;1;10298;
1083;Syddanmark;2025-03-13;2;10300;
1085;Sjælland;2025-03-13;0;10300;
1081;Nordjylland;2025-03-14;1;10301;
1084;Hovedstaden;2025-03-14;2;10303;
1083;Syddanmark;2025-03-15;1;10304;
1084;Hovedstaden;2025-03-16;4;10308;
1085;Sjælland;2025-03-17;0;10308;
1083;Syddanmark;2025-03-18;0;10308;
1084;Hovedstaden;2025-03-18;1;10309;
;;2025-03-19;0;10309;
;;2025-03-20;0;10309;
1083;Syddanmark;2025-03-21;0;10309;
1082;Midtjylland;2025-03-21;1;10310;
1085;Sjælland;2025-03-22;1;10311;
1085;Sjælland;2025-03-23;0;10311;
1083;Syddanmark;2025-03-24;1;10312;
1081;Nordjylland;2025-03-24;1;10313;
1084;Hovedstaden;2025-03-24;1;10314;
1081;Nordjylland;2025-03-25;0;10314;
1085;Sjælland;2025-03-26;1;10315;
1083;Syddanmark;2025-03-27;1;10316;
1083;Syddanmark;2025-03-28;0;10316;
1081;Nordjylland;2025-03-28;0;10316;
;;2025-03-29;0;10316;
;;2025-03-30;0;10316;
1083;Syddanmark;2025-03-31;0;10316;
1082;Midtjylland;2025-03-31;1;10317;
1085;Sjælland;2025-04-01;1;10318;
1084;Hovedstaden;2025-04-02;1;10319;
1085;Sjælland;2025-04-03;0;10319;
1081;Nordjylland;2025-04-03;1;10320;
1084;Hovedstaden;2025-04-03;0;10320;
1084;Hovedstaden;2025-04-04;1;10321;
;;2025-04-05;0;10321;
1084;Hovedstaden;2025-04-06;1;10322;
;;2025-04-07;0;10322;
1085;Sjælland;2025-04-08;0;10322;
1081;Nordjylland;2025-04-08;1;10323;
;;2025-04-09;0;10323;
;;2025-04-10;0;10323;
1084;Hovedstaden;2025-04-11;0;10323;
;;2025-04-12;0;10323;
;;2025-04-13;0;10323;
1084;Hovedstaden;2025-04-14;0;10323;
;;2025-04-15;0;10323;
1083;Syddanmark;2025-04-16;1;10324;
1084;Hovedstaden;2025-04-16;2;10326;
1083;Syddanmark;2025-04-17;1;10327;
1084;Hovedstaden;2025-04-17;1;10328;
1084;Hovedstaden;2025-04-18;1;10329;
;;2025-04-19;0;10329;
1084;Hovedstaden;2025-04-20;0;10329;
;;2025-04-21;0;10329;
;;2025-04-22;0;10329;
1084;Hovedstaden;2025-04-23;1;10330;
;;2025-04-24;0;10330;
;;2025-04-25;0;10330;
1085;Sjælland;2025-04-26;0;10330;
;;2025-04-27;0;10330;
;;2025-04-28;0;10330;
;;2025-04-29;0;10330;
1083;Syddanmark;2025-04-30;0;10330;
1084;Hovedstaden;2025-04-30;1;10331;
1084;Hovedstaden;2025-05-01;1;10332;
;;2025-05-02;0;10332;
;;2025-05-03;0;10332;
1084;Hovedstaden;2025-05-04;1;10333;
1081;Nordjylland;2025-05-05;0;10333;
1081;Nordjylland;2025-05-06;1;10334;
1084;Hovedstaden;2025-05-06;1;10335;
1083;Syddanmark;2025-05-07;1;10336;
;;2025-05-08;0;10336;
1084;Hovedstaden;2025-05-09;1;10337;
1081;Nordjylland;2025-05-10;0;10337;
1085;Sjælland;2025-05-11;1;10338;
;;2025-05-12;0;10338;
;;2025-05-13;0;10338;
;;2025-05-14;0;10338;
1084;Hovedstaden;2025-05-15;1;10339;
;;2025-05-16;0;10339;
1081;Nordjylland;2025-05-17;1;10340;
;;2025-05-18;0;10340;
1084;Hovedstaden;2025-05-19;1;10341;
;;2025-05-20;0;10341;
;;2025-05-21;0;10341;
;;2025-05-22;0;10341;
;;2025-05-23;0;10341;
;;2025-05-24;0;10341;
;;2025-05-25;0;10341;
1084;Hovedstaden;2025-05-26;1;10342;
1083;Syddanmark;2025-05-27;1;10343;
1084;Hovedstaden;2025-05-28;1;10344;
1083;Syddanmark;2025-05-29;1;10345;
1081;Nordjylland;2025-05-29;1;10346;
;;2025-05-30;0;10346;
;;2025-05-31;0;10346;
;;2025-06-01;0;10346;
;;2025-06-02;0;10346;
1083;Syddanmark;2025-06-03;1;10347;
;;2025-06-04;0;10347;
;;2025-06-05;0;10347;
;;2025-06-06;0;10347;
;;2025-06-07;0;10347;
;;2025-06-08;0;10347;
;;2025-06-09;0;10347;
1084;Hovedstaden;2025-06-10;1;10348;
;;2025-06-11;0;10348;
1084;Hovedstaden;2025-06-12;1;10349;
;;2025-06-13;0;10349;
1085;Sjælland;2025-06-14;1;10350;
;;2025-06-15;0;10350;
;;2025-06-16;0;10350;
;;2025-06-17;0;10350;
;;2025-06-18;0;10350;
1082;Midtjylland;2025-06-19;0;10350;
1084;Hovedstaden;2025-06-19;0;10350;
;;2025-06-20;0;10350;
;;2025-06-21;0;10350;
;;2025-06-22;0;10350;
;;2025-06-23;0;10350;
;;2025-06-24;0;10350;
;;2025-06-25;0;10350;
;;2025-06-26;0;10350;
;;2025-06-27;0;10350;
;;2025-06-28;0;10350;
1084;Hovedstaden;2025-06-29;0;10350;
;;2025-06-30;0;10350;
1081;Nordjylland;2025-07-01;1;10351;
1084;Hovedstaden;2025-07-01;1;10352;
1085;Sjælland;2025-07-02;1;10353;
;;2025-07-03;0;10353;
;;2025-07-04;0;10353;
1084;Hovedstaden;2025-07-05;1;10354;
1085;Sjælland;2025-07-06;0;10354;
;;2025-07-07;0;10354;
;;2025-07-08;0;10354;
1084;Hovedstaden;2025-07-09;1;10355;
;;2025-07-10;0;10355;
;;2025-07-11;0;10355;
1085;Sjælland;2025-07-12;1;10356;
;;2025-07-13;0;10356;
;;2025-07-14;0;10356;
;;2025-07-15;0;10356;
1084;Hovedstaden;2025-07-16;1;10357;
1084;Hovedstaden;2025-07-17;0;10357;
;;2025-07-18;0;10357;
;;2025-07-19;0;10357;
1085;Sjælland;2025-07-20;0;10357;
;;2025-07-21;0;10357;
;;2025-07-22;0;10357;
1084;Hovedstaden;2025-07-23;1;10358;
1083;Syddanmark;2025-07-24;1;10359;
1085;Sjælland;2025-07-25;0;10359;
1084;Hovedstaden;2025-07-26;1;10360;
;;2025-07-27;0;10360;
1085;Sjælland;2025-07-28;1;10361;
1085;Sjælland;2025-07-29;0;10361;
1084;Hovedstaden;2025-07-29;1;10362;
1084;Hovedstaden;2025-07-30;1;10363;
;;2025-07-31;0;10363;
1081;Nordjylland;2025-08-01;1;10364;
1084;Hovedstaden;2025-08-02;1;10365;
;;2025-08-04;0;10365;
;;2025-08-05;0;10365;
;;2025-08-06;0;10365;
;;2025-08-07;0;10365;
;;2025-08-08;0;10365;
;;2025-08-09;0;10365;
1084;Hovedstaden;2025-08-10;1;10366;
1083;Syddanmark;2025-08-11;1;10367;
1081;Nordjylland;2025-08-11;1;10368;
1085;Sjælland;2025-08-12;1;10369;
1084;Hovedstaden;2025-08-13;1;10370;
1081;Nordjylland;2025-08-14;1;10371;
1085;Sjælland;2025-08-15;1;10372;
;;2025-08-16;0;10372;
1083;Syddanmark;2025-08-17;1;10373;
;;2025-08-18;0;10373;
;;2025-08-19;0;10373;
;;2025-08-20;0;10373;
;;2025-08-21;0;10373;
;;2025-08-22;0;10373;
;;2025-08-23;0;10373;
1084;Hovedstaden;2025-08-24;1;10374;
;;2025-08-25;0;10374;
;;2025-08-26;0;10374;
;;2025-08-27;0;10374;
1081;Nordjylland;2025-08-28;0;10374;
1084;Hovedstaden;2025-08-29;1;10375;
;;2025-08-30;0;10375;
1085;Sjælland;2025-08-31;2;10377;
1085;Sjælland;2025-09-01;1;10378;
1084;Hovedstaden;2025-09-01;1;10379;
;;2025-09-02;0;10379;
;;2025-09-03;0;10379;
1085;Sjælland;2025-09-04;1;10380;
1081;Nordjylland;2025-09-05;1;10381;
1084;Hovedstaden;2025-09-05;1;10382;
;;2025-09-06;0;10382;
1085;Sjælland;2025-09-07;2;10384;
1084;Hovedstaden;2025-09-07;1;10385;
;;2025-09-08;0;10385;
;;2025-09-09;0;10385;
1084;Hovedstaden;2025-09-10;1;10386;
1084;Hovedstaden;2025-09-11;1;10387;
;;2025-09-12;0;10387;
1082;Midtjylland;2025-09-13;1;10388;
1084;Hovedstaden;2025-09-14;1;10389;
1083;Syddanmark;2025-09-15;1;10390;
;;2025-09-16;0;10390;
1084;Hovedstaden;2025-09-17;1;10391;
1082;Midtjylland;2025-09-18;1;10392;
1084;Hovedstaden;2025-09-19;1;10393;
1083;Syddanmark;2025-09-20;1;10394;
1081;Nordjylland;2025-09-20;1;10395;
1084;Hovedstaden;2025-09-20;0;10395;
1084;Hovedstaden;2025-09-21;1;10396;
1085;Sjælland;2025-09-22;1;10397;
1081;Nordjylland;2025-09-23;0;10397;
1081;Nordjylland;2025-09-24;1;10398;
1084;Hovedstaden;2025-09-24;1;10399;
1081;Nordjylland;2025-09-25;1;10400;
1084;Hovedstaden;2025-09-25;1;10401;
1083;Syddanmark;2025-09-26;0;10401;
;;2025-09-27;0;10401;
;;2025-09-28;0;10401;
1085;Sjælland;2025-09-29;1;10402;
;;2025-09-30;0;10402;
1084;Hovedstaden;2025-10-01;2;10404;
;;2025-10-02;0;10404;
1083;Syddanmark;2025-10-03;1;10405;
1082;Midtjylland;2025-10-03;1;10406;
1081;Nordjylland;2025-10-04;1;10407;
1082;Midtjylland;2025-10-04;1;10408;
1081;Nordjylland;2025-10-05;1;10409;
1084;Hovedstaden;2025-10-05;1;10410;
;;2025-10-06;0;10410;
1084;Hovedstaden;2025-10-07;1;10411;
1082;Midtjylland;2025-10-08;1;10412;
1081;Nordjylland;2025-10-09;1;10413;
1084;Hovedstaden;2025-10-09;1;10414;
;;2025-10-10;0;10414;
1085;Sjælland;2025-10-11;1;10415;
1084;Hovedstaden;2025-10-11;1;10416;
1081;Nordjylland;2025-10-12;1;10417;
;;2025-10-13;0;10417;
1082;Midtjylland;2025-10-14;0;10417;
1083;Syddanmark;2025-10-15;0;10417;
1084;Hovedstaden;2025-10-15;2;10419;
1085;Sjælland;2025-10-16;1;10420;
1083;Syddanmark;2025-10-17;1;10421;
;;2025-10-18;0;10421;
1081;Nordjylland;2025-10-19;2;10423;
1084;Hovedstaden;2025-10-19;1;10424;
1081;Nordjylland;2025-10-20;2;10426;
1084;Hovedstaden;2025-10-21;1;10427;
1085;Sjælland;2025-10-22;0;10427;
1081;Nordjylland;2025-10-22;1;10428;
1084;Hovedstaden;2025-10-22;1;10429;
1084;Hovedstaden;2025-10-23;2;10431;
1083;Syddanmark;2025-10-24;1;10432;
1084;Hovedstaden;2025-10-24;1;10433;
1083;Syddanmark;2025-10-25;1;10434;
1084;Hovedstaden;2025-10-25;1;10435;
1084;Hovedstaden;2025-10-26;3;10438;
1083;Syddanmark;2025-10-27;1;10439;
1083;Syddanmark;2025-10-28;1;10440;
1084;Hovedstaden;2025-10-28;2;10442;
1083;Syddanmark;2025-10-29;1;10443;
1084;Hovedstaden;2025-10-29;1;10444;
1085;Sjælland;2025-10-30;1;10445;
1083;Syddanmark;2025-10-31;2;10447;
1085;Sjælland;2025-10-31;2;10449;
1082;Midtjylland;2025-10-31;1;10450;
1084;Hovedstaden;2025-10-31;1;10451;
1081;Nordjylland;2025-11-01;1;10452;
;;2025-11-02;0;10452;
1083;Syddanmark;2025-11-03;1;10453;
1081;Nordjylland;2025-11-04;1;10454;
1085;Sjælland;2025-11-05;0;10454;
1083;Syddanmark;2025-11-06;1;10455;
1082;Midtjylland;2025-11-06;1;10456;
1084;Hovedstaden;2025-11-06;2;10458;
1081;Nordjylland;2025-11-07;1;10459;
1084;Hovedstaden;2025-11-07;1;10460;
;;2025-11-08;0;10460;
1083;Syddanmark;2025-11-09;1;10461;
1084;Hovedstaden;2025-11-09;1;10462;
1084;Hovedstaden;2025-11-10;1;10463;
1083;Syddanmark;2025-11-11;1;10464;
1081;Nordjylland;2025-11-11;0;10464;
1085;Sjælland;2025-11-12;1;10465;
1081;Nordjylland;2025-11-12;1;10466;
1085;Sjælland;2025-11-13;1;10467;
1084;Hovedstaden;2025-11-13;2;10469;
1081;Nordjylland;2025-11-14;1;10470;
;;2025-11-15;0;10470;
1084;Hovedstaden;2025-11-16;0;10470;
1085;Sjælland;2025-11-17;2;10472;
1083;Syddanmark;2025-11-18;1;10473;
1081;Nordjylland;2025-11-18;1;10474;
1081;Nordjylland;2025-11-19;1;10475;
1083;Syddanmark;2025-11-20;2;10477;
1081;Nordjylland;2025-11-20;1;10478;
1084;Hovedstaden;2025-11-21;1;10479;
;;2025-11-22;0;10479;
1083;Syddanmark;2025-11-23;1;10480;
1085;Sjælland;2025-11-23;0;10480;
1085;Sjælland;2025-11-24;1;10481;
1081;Nordjylland;2025-11-24;0;10481;
1084;Hovedstaden;2025-11-24;1;10482;
1084;Hovedstaden;2025-11-25;2;10484;
1081;Nordjylland;2025-11-26;0;10484;
1084;Hovedstaden;2025-11-26;1;10485;
1084;Hovedstaden;2025-11-27;1;10486;
1084;Hovedstaden;2025-11-28;1;10487;
1083;Syddanmark;2025-11-29;0;10487;
1085;Sjælland;2025-11-29;1;10488;
;;2025-11-30;0;10488;
1083;Syddanmark;2025-12-01;1;10489;
1085;Sjælland;2025-12-01;2;10491;
1084;Hovedstaden;2025-12-01;1;10492;
1085;Sjælland;2025-12-02;1;10493;
1084;Hovedstaden;2025-12-02;2;10495;
1081;Nordjylland;2025-12-03;1;10496;
1083;Syddanmark;2025-12-04;1;10497;
1081;Nordjylland;2025-12-05;1;10498;
1084;Hovedstaden;2025-12-05;1;10499;
1084;Hovedstaden;2025-12-06;1;10500;
1081;Nordjylland;2025-12-07;0;10500;
1084;Hovedstaden;2025-12-07;1;10501;
1083;Syddanmark;2025-12-08;1;10502;
1083;Syddanmark;2025-12-09;1;10503;
1085;Sjælland;2025-12-09;1;10504;
1084;Hovedstaden;2025-12-09;1;10505;
1084;Hovedstaden;2025-12-10;0;10505;
1083;Syddanmark;2025-12-11;1;10506;
1081;Nordjylland;2025-12-11;1;10507;
1084;Hovedstaden;2025-12-11;1;10508;
1082;Midtjylland;2025-12-12;1;10509;
1083;Syddanmark;2025-12-13;0;10509;
1084;Hovedstaden;2025-12-13;1;10510;
1085;Sjælland;2025-12-14;1;10511;
1084;Hovedstaden;2025-12-14;1;10512;
1085;Sjælland;2025-12-15;1;10513;
1084;Hovedstaden;2025-12-15;0;10513;
1084;Hovedstaden;2025-12-16;1;10514;
1084;Hovedstaden;2025-12-17;1;10515;
1083;Syddanmark;2025-12-18;1;10516;
1084;Hovedstaden;2025-12-18;0;10516;
;;2025-12-19;0;10516;
;;2025-12-20;0;10516;
1084;Hovedstaden;2025-12-21;1;10517;
;;2025-12-22;0;10517;
1083;Syddanmark;2025-12-23;1;10518;
1081;Nordjylland;2025-12-23;1;10519;
1082;Midtjylland;2025-12-23;1;10520;
1085;Sjælland;2025-12-24;1;10521;
1084;Hovedstaden;2025-12-24;0;10521;
1085;Sjælland;2025-12-25;1;10522;
1084;Hovedstaden;2025-12-25;0;10522;
1085;Sjælland;2025-12-26;2;10524;
1081;Nordjylland;2025-12-26;2;10526;
1081;Nordjylland;2025-12-27;0;10526;
1084;Hovedstaden;2025-12-28;3;10529;
1083;Syddanmark;2025-12-29;1;10530;
1085;Sjælland;2025-12-30;0;10530;
1084;Hovedstaden;2025-12-30;1;10531;
1084;Hovedstaden;2025-12-31;2;10533;
1083;Syddanmark;2026-01-01;1;10534;
1085;Sjælland;2026-01-01;1;10535;
1081;Nordjylland;2026-01-01;0;10535;
1082;Midtjylland;2026-01-01;1;10536;
1084;Hovedstaden;2026-01-01;1;10537;
1085;Sjælland;2026-01-02;1;10538;
1084;Hovedstaden;2026-01-02;2;10540;
1084;Hovedstaden;2026-01-03;2;10542;
1083;Syddanmark;2026-01-04;1;10543;
1084;Hovedstaden;2026-01-04;1;10544;
1083;Syddanmark;2026-01-05;1;10545;
1084;Hovedstaden;2026-01-05;2;10547;
1083;Syddanmark;2026-01-06;1;10548;
1085;Sjælland;2026-01-07;1;10549;
1082;Midtjylland;2026-01-07;1;10550;
1084;Hovedstaden;2026-01-07;2;10552;
1083;Syddanmark;2026-01-08;1;10553;
1084;Hovedstaden;2026-01-08;1;10554;
1085;Sjælland;2026-01-09;0;10554;
1082;Midtjylland;2026-01-09;0;10554;
1084;Hovedstaden;2026-01-09;3;10557;
1083;Syddanmark;2026-01-10;2;10559;
1085;Sjælland;2026-01-10;1;10560;
1082;Midtjylland;2026-01-10;1;10561;
1084;Hovedstaden;2026-01-10;2;10563;
1083;Syddanmark;2026-01-11;1;10564;
1084;Hovedstaden;2026-01-11;1;10565;
1083;Syddanmark;2026-01-12;1;10566;
1082;Midtjylland;2026-01-13;1;10567;
1084;Hovedstaden;2026-01-13;1;10568;
1083;Syddanmark;2026-01-14;0;10568;
1084;Hovedstaden;2026-01-14;1;10569;
1085;Sjælland;2026-01-15;1;10570;
1084;Hovedstaden;2026-01-15;0;10570;
1085;Sjælland;2026-01-16;2;10572;
;;2026-01-17;0;10572;
1084;Hovedstaden;2026-01-18;0;10572;
1083;Syddanmark;2026-01-19;1;10573;
1084;Hovedstaden;2026-01-19;1;10574;
1083;Syddanmark;2026-01-20;0;10574;
1081;Nordjylland;2026-01-20;0;10574;
1085;Sjælland;2026-01-21;1;10575;
1084;Hovedstaden;2026-01-21;1;10576;
1084;Hovedstaden;2026-01-22;1;10577;
1083;Syddanmark;2026-01-23;2;10579;
1082;Midtjylland;2026-01-23;1;10580;
1084;Hovedstaden;2026-01-23;1;10581;
1085;Sjælland;2026-01-24;1;10582;
1084;Hovedstaden;2026-01-24;3;10585;
1084;Hovedstaden;2026-01-25;2;10587;
1084;Hovedstaden;2026-01-26;3;10590;
1082;Midtjylland;2026-01-27;1;10591;
1084;Hovedstaden;2026-01-27;0;10591;
;;2026-01-28;0;10591;
1083;Syddanmark;2026-01-29;0;10591;
1081;Nordjylland;2026-01-29;0;10591;
1084;Hovedstaden;2026-01-29;0;10591;
1083;Syddanmark;2026-01-30;1;10592;
1085;Sjælland;2026-01-30;1;10593;
1084;Hovedstaden;2026-01-30;2;10595;
1083;Syddanmark;2026-01-31;1;10596;
1085;Sjælland;2026-01-31;0;10596;
;;2026-02-01;0;10596;
;;2026-02-02;0;10596;
1085;Sjælland;2026-02-03;1;10597;
1084;Hovedstaden;2026-02-03;1;10598;
1084;Hovedstaden;2026-02-04;1;10599;
1084;Hovedstaden;2026-02-05;1;10600;
1085;Sjælland;2026-02-06;1;10601;
1081;Nordjylland;2026-02-06;1;10602;
;;2026-02-07;0;10602;
1085;Sjælland;2026-02-08;1;10603;
1081;Nordjylland;2026-02-08;1;10604;
1084;Hovedstaden;2026-02-08;2;10606;
1083;Syddanmark;2026-02-09;1;10607;
1081;Nordjylland;2026-02-09;1;10608;
1085;Sjælland;2026-02-10;1;10609;
1084;Hovedstaden;2026-02-10;1;10610;
1083;Syddanmark;2026-02-11;1;10611;
1081;Nordjylland;2026-02-11;1;10612;
1084;Hovedstaden;2026-02-11;2;10614;
1084;Hovedstaden;2026-02-12;0;10614;
1085;Sjælland;2026-02-13;1;10615;
1084;Hovedstaden;2026-02-14;1;10616;
1083;Syddanmark;2026-02-15;1;10617;
1084;Hovedstaden;2026-02-15;2;10619;
;;2026-02-16;0;10619;
1083;Syddanmark;2026-02-17;0;10619;
1085;Sjælland;2026-02-17;1;10620;
;;2026-02-18;0;10620;
1084;Hovedstaden;2026-02-19;0;10620;
1083;Syddanmark;2026-02-20;0;10620;
1084;Hovedstaden;2026-02-20;0;10620;
1085;Sjælland;2026-02-21;1;10621;
1081;Nordjylland;2026-02-21;1;10622;
1081;Nordjylland;2026-02-22;1;10623;
1082;Midtjylland;2026-02-22;1;10624;
1085;Sjælland;2026-02-23;1;10625;
1082;Midtjylland;2026-02-23;1;10626;
1084;Hovedstaden;2026-02-23;0;10626;
1083;Syddanmark;2026-02-24;1;10627;
1082;Midtjylland;2026-02-24;1;10628;
;;2026-02-25;0;10628;
1085;Sjælland;2026-02-26;1;10629;
1083;Syddanmark;2026-02-27;1;10630;
1085;Sjælland;2026-02-28;1;10631;
1084;Hovedstaden;2026-02-28;2;10633;
1084;Hovedstaden;2026-03-01;0;10633;
1084;Hovedstaden;2026-03-02;1;10634;
1084;Hovedstaden;2026-03-03;1;10635;
;;2026-03-04;0;10635;
1084;Hovedstaden;2026-03-05;0;10635;
1083;Syddanmark;2026-03-06;2;10637;
1085;Sjælland;2026-03-06;3;10640;
;;2026-03-07;0;10640;
;;2026-03-08;0;10640;
1085;Sjælland;2026-03-09;1;10641;
1084;Hovedstaden;2026-03-10;0;10641;
;;2026-03-11;0;10641;
;;2026-03-12;0;10641;
;;2026-03-13;0;10641;
1083;Syddanmark;2026-03-14;0;10641;
1085;Sjælland;2026-03-14;1;10642;
1084;Hovedstaden;2026-03-15;0;10642;
1085;Sjælland;2026-03-16;1;10643;
