"Regionskode";"Region";"Dato";"Bekræftede tilfælde i alt";"Timestamp"
1085;Sjælland;2020-02-26;1;2025-02-25T10:22:56.347
1084;Hovedstaden;2020-02-27;1;2025-02-25T10:22:56.347
1082;Midtjylland;2020-02-28;1;2025-02-25T10:22:56.347
1084;Hovedstaden;2020-03-01;1;2025-02-25T10:22:56.347
1084;Hovedstaden;2020-03-02;2;2025-02-25T10:22:56.347
1085;Sjælland;2020-03-02;1;2025-02-25T10:22:56.347
1083;Syddanmark;2020-03-02;1;2025-02-25T10:22:56.347
1084;Hovedstaden;2020-03-03;4;2025-02-25T10:22:56.347
1084;Hovedstaden;2020-03-04;2;2025-02-25T10:22:56.347
1085;Sjælland;2020-03-04;1;2025-02-25T10:22:56.347
1084;Hovedstaden;2020-03-05;10;2025-02-25T10:22:56.347
1081;Nordjylland;2020-03-06;1;2025-02-25T10:22:56.347
1085;Sjælland;2020-03-06;1;2025-02-25T10:22:56.347
1084;Hovedstaden;2020-03-07;8;2025-02-25T10:22:56.347
1082;Midtjylland;2020-03-07;1;2025-02-25T10:22:56.347
1084;Hovedstaden;2020-03-08;12;2025-02-25T10:22:56.347
1082;Midtjylland;2020-03-08;22;2025-02-25T10:22:56.347
1081;Nordjylland;2020-03-08;1;2025-02-25T10:22:56.347
1085;Sjælland;2020-03-08;4;2025-02-25T10:22:56.347
1083;Syddanmark;2020-03-08;9;2025-02-25T10:22:56.347
1084;Hovedstaden;2020-03-09;71;2025-02-25T10:22:56.347
1082;Midtjylland;2020-03-09;45;2025-02-25T10:22:56.347
1081;Nordjylland;2020-03-09;8;2025-02-25T10:22:56.347
1085;Sjælland;2020-03-09;37;2025-02-25T10:22:56.347
1083;Syddanmark;2020-03-09;49;2025-02-25T10:22:56.347
1084;Hovedstaden;2020-03-10;116;2025-02-25T10:22:56.347
1082;Midtjylland;2020-03-10;72;2025-02-25T10:22:56.347
1081;Nordjylland;2020-03-10;13;2025-02-25T10:22:56.347
1085;Sjælland;2020-03-10;27;2025-02-25T10:22:56.347
1083;Syddanmark;2020-03-10;27;2025-02-25T10:22:56.347
1084;Hovedstaden;2020-03-11;88;2025-02-25T10:22:56.347
1082;Midtjylland;2020-03-11;25;2025-02-25T10:22:56.347
1081;Nordjylland;2020-03-11;23;2025-02-25T10:22:56.347
1085;Sjælland;2020-03-11;27;2025-02-25T10:22:56.347
1083;Syddanmark;2020-03-11;43;2025-02-25T10:22:56.347
1084;Hovedstaden;2020-03-12;18;2025-02-25T10:22:56.347
1082;Midtjylland;2020-03-12;8;2025-02-25T10:22:56.347
1081;Nordjylland;2020-03-12;1;2025-02-25T10:22:56.347
1085;Sjælland;2020-03-12;6;2025-02-25T10:22:56.347
1083;Syddanmark;2020-03-12;8;2025-02-25T10:22:56.347
1084;Hovedstaden;2020-03-13;21;2025-02-25T10:22:56.347
1082;Midtjylland;2020-03-13;7;2025-02-25T10:22:56.347
1081;Nordjylland;2020-03-13;1;2025-02-25T10:22:56.347
1085;Sjælland;2020-03-13;3;2025-02-25T10:22:56.347
1083;Syddanmark;2020-03-13;1;2025-02-25T10:22:56.347
1084;Hovedstaden;2020-03-14;16;2025-02-25T10:22:56.347
1082;Midtjylland;2020-03-14;6;2025-02-25T10:22:56.347
1081;Nordjylland;2020-03-14;3;2025-02-25T10:22:56.347
1085;Sjælland;2020-03-14;7;2025-02-25T10:22:56.347
1083;Syddanmark;2020-03-14;5;2025-02-25T10:22:56.347
1084;Hovedstaden;2020-03-15;25;2025-02-25T10:22:56.347
1082;Midtjylland;2020-03-15;4;2025-02-25T10:22:56.347
1081;Nordjylland;2020-03-15;3;2025-02-25T10:22:56.347
1085;Sjælland;2020-03-15;10;2025-02-25T10:22:56.347
1083;Syddanmark;2020-03-15;3;2025-02-25T10:22:56.347
1084;Hovedstaden;2020-03-16;50;2025-02-25T10:22:56.347
1082;Midtjylland;2020-03-16;2;2025-02-25T10:22:56.347
1081;Nordjylland;2020-03-16;1;2025-02-25T10:22:56.347
1085;Sjælland;2020-03-16;15;2025-02-25T10:22:56.347
1083;Syddanmark;2020-03-16;6;2025-02-25T10:22:56.347
1084;Hovedstaden;2020-03-17;49;2025-02-25T10:22:56.347
1082;Midtjylland;2020-03-17;7;2025-02-25T10:22:56.347
1081;Nordjylland;2020-03-17;4;2025-02-25T10:22:56.347
1085;Sjælland;2020-03-17;10;2025-02-25T10:22:56.347
1083;Syddanmark;2020-03-17;6;2025-02-25T10:22:56.347
1084;Hovedstaden;2020-03-18;48;2025-02-25T10:22:56.347
1082;Midtjylland;2020-03-18;11;2025-02-25T10:22:56.347
1081;Nordjylland;2020-03-18;6;2025-02-25T10:22:56.347
1085;Sjælland;2020-03-18;14;2025-02-25T10:22:56.347
1083;Syddanmark;2020-03-18;4;2025-02-25T10:22:56.347
1084;Hovedstaden;2020-03-19;55;2025-02-25T10:22:56.347
1082;Midtjylland;2020-03-19;24;2025-02-25T10:22:56.347
1081;Nordjylland;2020-03-19;5;2025-02-25T10:22:56.347
1085;Sjælland;2020-03-19;6;2025-02-25T10:22:56.347
1083;Syddanmark;2020-03-19;16;2025-02-25T10:22:56.347
1084;Hovedstaden;2020-03-20;55;2025-02-25T10:22:56.347
1082;Midtjylland;2020-03-20;9;2025-02-25T10:22:56.347
1081;Nordjylland;2020-03-20;5;2025-02-25T10:22:56.347
1085;Sjælland;2020-03-20;19;2025-02-25T10:22:56.347
1083;Syddanmark;2020-03-20;14;2025-02-25T10:22:56.347
1084;Hovedstaden;2020-03-21;28;2025-02-25T10:22:56.347
1082;Midtjylland;2020-03-21;5;2025-02-25T10:22:56.347
1081;Nordjylland;2020-03-21;1;2025-02-25T10:22:56.347
1085;Sjælland;2020-03-21;8;2025-02-25T10:22:56.347
1083;Syddanmark;2020-03-21;6;2025-02-25T10:22:56.347
1084;Hovedstaden;2020-03-22;35;2025-02-25T10:22:56.347
1082;Midtjylland;2020-03-22;9;2025-02-25T10:22:56.347
1081;Nordjylland;2020-03-22;2;2025-02-25T10:22:56.347
1085;Sjælland;2020-03-22;11;2025-02-25T10:22:56.347
1083;Syddanmark;2020-03-22;5;2025-02-25T10:22:56.347
1084;Hovedstaden;2020-03-23;72;2025-02-25T10:22:56.347
1082;Midtjylland;2020-03-23;21;2025-02-25T10:22:56.347
1081;Nordjylland;2020-03-23;10;2025-02-25T10:22:56.347
1085;Sjælland;2020-03-23;17;2025-02-25T10:22:56.347
1083;Syddanmark;2020-03-23;11;2025-02-25T10:22:56.347
1084;Hovedstaden;2020-03-24;74;2025-02-25T10:22:56.347
1082;Midtjylland;2020-03-24;16;2025-02-25T10:22:56.347
1081;Nordjylland;2020-03-24;7;2025-02-25T10:22:56.347
1085;Sjælland;2020-03-24;18;2025-02-25T10:22:56.347
1083;Syddanmark;2020-03-24;23;2025-02-25T10:22:56.347
1084;Hovedstaden;2020-03-25;73;2025-02-25T10:22:56.347
1082;Midtjylland;2020-03-25;22;2025-02-25T10:22:56.347
1081;Nordjylland;2020-03-25;8;2025-02-25T10:22:56.347
1085;Sjælland;2020-03-25;29;2025-02-25T10:22:56.347
1083;Syddanmark;2020-03-25;19;2025-02-25T10:22:56.347
1084;Hovedstaden;2020-03-26;89;2025-02-25T10:22:56.347
1082;Midtjylland;2020-03-26;27;2025-02-25T10:22:56.347
1081;Nordjylland;2020-03-26;12;2025-02-25T10:22:56.347
1085;Sjælland;2020-03-26;19;2025-02-25T10:22:56.347
1083;Syddanmark;2020-03-26;23;2025-02-25T10:22:56.347
1084;Hovedstaden;2020-03-27;121;2025-02-25T10:22:56.347
1082;Midtjylland;2020-03-27;25;2025-02-25T10:22:56.347
1081;Nordjylland;2020-03-27;10;2025-02-25T10:22:56.347
1085;Sjælland;2020-03-27;28;2025-02-25T10:22:56.347
1083;Syddanmark;2020-03-27;31;2025-02-25T10:22:56.347
1084;Hovedstaden;2020-03-28;121;2025-02-25T10:22:56.347
1082;Midtjylland;2020-03-28;21;2025-02-25T10:22:56.347
1081;Nordjylland;2020-03-28;11;2025-02-25T10:22:56.347
1085;Sjælland;2020-03-28;24;2025-02-25T10:22:56.347
1083;Syddanmark;2020-03-28;23;2025-02-25T10:22:56.347
1084;Hovedstaden;2020-03-29;83;2025-02-25T10:22:56.347
1082;Midtjylland;2020-03-29;8;2025-02-25T10:22:56.347
1081;Nordjylland;2020-03-29;9;2025-02-25T10:22:56.347
1085;Sjælland;2020-03-29;15;2025-02-25T10:22:56.347
1083;Syddanmark;2020-03-29;12;2025-02-25T10:22:56.347
1084;Hovedstaden;2020-03-30;161;2025-02-25T10:22:56.347
1082;Midtjylland;2020-03-30;41;2025-02-25T10:22:56.347
1081;Nordjylland;2020-03-30;11;2025-02-25T10:22:56.347
1085;Sjælland;2020-03-30;56;2025-02-25T10:22:56.347
1083;Syddanmark;2020-03-30;40;2025-02-25T10:22:56.347
1084;Hovedstaden;2020-03-31;124;2025-02-25T10:22:56.347
1082;Midtjylland;2020-03-31;50;2025-02-25T10:22:56.347
1081;Nordjylland;2020-03-31;18;2025-02-25T10:22:56.347
1085;Sjælland;2020-03-31;38;2025-02-25T10:22:56.347
1083;Syddanmark;2020-03-31;24;2025-02-25T10:22:56.347
1084;Hovedstaden;2020-04-01;140;2025-02-25T10:22:56.347
1082;Midtjylland;2020-04-01;54;2025-02-25T10:22:56.347
1081;Nordjylland;2020-04-01;16;2025-02-25T10:22:56.347
1085;Sjælland;2020-04-01;33;2025-02-25T10:22:56.347
1083;Syddanmark;2020-04-01;36;2025-02-25T10:22:56.347
1084;Hovedstaden;2020-04-02;186;2025-02-25T10:22:56.347
1082;Midtjylland;2020-04-02;50;2025-02-25T10:22:56.347
1081;Nordjylland;2020-04-02;26;2025-02-25T10:22:56.347
1085;Sjælland;2020-04-02;65;2025-02-25T10:22:56.347
1083;Syddanmark;2020-04-02;53;2025-02-25T10:22:56.347
1084;Hovedstaden;2020-04-03;258;2025-02-25T10:22:56.347
1082;Midtjylland;2020-04-03;71;2025-02-25T10:22:56.347
1081;Nordjylland;2020-04-03;28;2025-02-25T10:22:56.347
1085;Sjælland;2020-04-03;52;2025-02-25T10:22:56.347
1083;Syddanmark;2020-04-03;62;2025-02-25T10:22:56.347
1084;Hovedstaden;2020-04-04;213;2025-02-25T10:22:56.347
1082;Midtjylland;2020-04-04;30;2025-02-25T10:22:56.347
1081;Nordjylland;2020-04-04;8;2025-02-25T10:22:56.347
1085;Sjælland;2020-04-04;26;2025-02-25T10:22:56.347
1083;Syddanmark;2020-04-04;16;2025-02-25T10:22:56.347
1084;Hovedstaden;2020-04-05;102;2025-02-25T10:22:56.347
1082;Midtjylland;2020-04-05;20;2025-02-25T10:22:56.347
1081;Nordjylland;2020-04-05;5;2025-02-25T10:22:56.347
1085;Sjælland;2020-04-05;18;2025-02-25T10:22:56.347
1083;Syddanmark;2020-04-05;12;2025-02-25T10:22:56.347
1084;Hovedstaden;2020-04-06;221;2025-02-25T10:22:56.347
1082;Midtjylland;2020-04-06;71;2025-02-25T10:22:56.347
1081;Nordjylland;2020-04-06;21;2025-02-25T10:22:56.347
1085;Sjælland;2020-04-06;63;2025-02-25T10:22:56.347
1083;Syddanmark;2020-04-06;47;2025-02-25T10:22:56.347
1084;Hovedstaden;2020-04-07;182;2025-02-25T10:22:56.347
1082;Midtjylland;2020-04-07;66;2025-02-25T10:22:56.347
1081;Nordjylland;2020-04-07;9;2025-02-25T10:22:56.347
1085;Sjælland;2020-04-07;52;2025-02-25T10:22:56.347
1083;Syddanmark;2020-04-07;35;2025-02-25T10:22:56.347
1084;Hovedstaden;2020-04-08;166;2025-02-25T10:22:56.347
1082;Midtjylland;2020-04-08;50;2025-02-25T10:22:56.347
1081;Nordjylland;2020-04-08;7;2025-02-25T10:22:56.347
1085;Sjælland;2020-04-08;52;2025-02-25T10:22:56.347
1083;Syddanmark;2020-04-08;19;2025-02-25T10:22:56.347
1084;Hovedstaden;2020-04-09;74;2025-02-25T10:22:56.347
1082;Midtjylland;2020-04-09;23;2025-02-25T10:22:56.347
1081;Nordjylland;2020-04-09;8;2025-02-25T10:22:56.347
1085;Sjælland;2020-04-09;19;2025-02-25T10:22:56.347
1083;Syddanmark;2020-04-09;12;2025-02-25T10:22:56.347
1084;Hovedstaden;2020-04-10;88;2025-02-25T10:22:56.347
1082;Midtjylland;2020-04-10;17;2025-02-25T10:22:56.347
1081;Nordjylland;2020-04-10;7;2025-02-25T10:22:56.347
1085;Sjælland;2020-04-10;21;2025-02-25T10:22:56.347
1083;Syddanmark;2020-04-10;7;2025-02-25T10:22:56.347
1084;Hovedstaden;2020-04-11;74;2025-02-25T10:22:56.347
1082;Midtjylland;2020-04-11;34;2025-02-25T10:22:56.347
1081;Nordjylland;2020-04-11;2;2025-02-25T10:22:56.347
1085;Sjælland;2020-04-11;15;2025-02-25T10:22:56.347
1083;Syddanmark;2020-04-11;14;2025-02-25T10:22:56.347
1084;Hovedstaden;2020-04-12;95;2025-02-25T10:22:56.347
1082;Midtjylland;2020-04-12;21;2025-02-25T10:22:56.347
1081;Nordjylland;2020-04-12;8;2025-02-25T10:22:56.347
1085;Sjælland;2020-04-12;19;2025-02-25T10:22:56.347
1083;Syddanmark;2020-04-12;13;2025-02-25T10:22:56.347
1084;Hovedstaden;2020-04-13;96;2025-02-25T10:22:56.347
1082;Midtjylland;2020-04-13;31;2025-02-25T10:22:56.347
1081;Nordjylland;2020-04-13;5;2025-02-25T10:22:56.347
1085;Sjælland;2020-04-13;18;2025-02-25T10:22:56.347
1083;Syddanmark;2020-04-13;6;2025-02-25T10:22:56.347
1084;Hovedstaden;2020-04-14;134;2025-02-25T10:22:56.347
1082;Midtjylland;2020-04-14;46;2025-02-25T10:22:56.347
1081;Nordjylland;2020-04-14;2;2025-02-25T10:22:56.347
1085;Sjælland;2020-04-14;51;2025-02-25T10:22:56.347
1083;Syddanmark;2020-04-14;25;2025-02-25T10:22:56.347
1084;Hovedstaden;2020-04-15;119;2025-02-25T10:22:56.347
1082;Midtjylland;2020-04-15;27;2025-02-25T10:22:56.347
1081;Nordjylland;2020-04-15;8;2025-02-25T10:22:56.347
1085;Sjælland;2020-04-15;30;2025-02-25T10:22:56.347
1083;Syddanmark;2020-04-15;14;2025-02-25T10:22:56.347
1084;Hovedstaden;2020-04-16;90;2025-02-25T10:22:56.347
1082;Midtjylland;2020-04-16;42;2025-02-25T10:22:56.347
1081;Nordjylland;2020-04-16;5;2025-02-25T10:22:56.347
1085;Sjælland;2020-04-16;24;2025-02-25T10:22:56.347
1083;Syddanmark;2020-04-16;17;2025-02-25T10:22:56.347
1084;Hovedstaden;2020-04-17;88;2025-02-25T10:22:56.347
1082;Midtjylland;2020-04-17;23;2025-02-25T10:22:56.347
1081;Nordjylland;2020-04-17;4;2025-02-25T10:22:56.347
1085;Sjælland;2020-04-17;43;2025-02-25T10:22:56.347
1083;Syddanmark;2020-04-17;10;2025-02-25T10:22:56.347
1084;Hovedstaden;2020-04-18;60;2025-02-25T10:22:56.347
1082;Midtjylland;2020-04-18;17;2025-02-25T10:22:56.347
1081;Nordjylland;2020-04-18;2;2025-02-25T10:22:56.347
1085;Sjælland;2020-04-18;22;2025-02-25T10:22:56.347
1083;Syddanmark;2020-04-18;3;2025-02-25T10:22:56.347
1084;Hovedstaden;2020-04-19;61;2025-02-25T10:22:56.347
1082;Midtjylland;2020-04-19;15;2025-02-25T10:22:56.347
1081;Nordjylland;2020-04-19;2;2025-02-25T10:22:56.347
1085;Sjælland;2020-04-19;29;2025-02-25T10:22:56.347
1083;Syddanmark;2020-04-19;4;2025-02-25T10:22:56.347
1084;Hovedstaden;2020-04-20;139;2025-02-25T10:22:56.347
1082;Midtjylland;2020-04-20;26;2025-02-25T10:22:56.347
1081;Nordjylland;2020-04-20;6;2025-02-25T10:22:56.347
1085;Sjælland;2020-04-20;36;2025-02-25T10:22:56.347
1083;Syddanmark;2020-04-20;6;2025-02-25T10:22:56.347
1084;Hovedstaden;2020-04-21;120;2025-02-25T10:22:56.347
1082;Midtjylland;2020-04-21;18;2025-02-25T10:22:56.347
1081;Nordjylland;2020-04-21;5;2025-02-25T10:22:56.347
1085;Sjælland;2020-04-21;46;2025-02-25T10:22:56.347
1083;Syddanmark;2020-04-21;12;2025-02-25T10:22:56.347
1084;Hovedstaden;2020-04-22;153;2025-02-25T10:22:56.347
1082;Midtjylland;2020-04-22;32;2025-02-25T10:22:56.347
1081;Nordjylland;2020-04-22;5;2025-02-25T10:22:56.347
1085;Sjælland;2020-04-22;34;2025-02-25T10:22:56.347
1083;Syddanmark;2020-04-22;2;2025-02-25T10:22:56.347
1084;Hovedstaden;2020-04-23;138;2025-02-25T10:22:56.347
1082;Midtjylland;2020-04-23;32;2025-02-25T10:22:56.347
1081;Nordjylland;2020-04-23;3;2025-02-25T10:22:56.347
1085;Sjælland;2020-04-23;50;2025-02-25T10:22:56.347
1083;Syddanmark;2020-04-23;8;2025-02-25T10:22:56.347
1084;Hovedstaden;2020-04-24;95;2025-02-25T10:22:56.347
1082;Midtjylland;2020-04-24;27;2025-02-25T10:22:56.347
1081;Nordjylland;2020-04-24;2;2025-02-25T10:22:56.347
1085;Sjælland;2020-04-24;35;2025-02-25T10:22:56.347
1083;Syddanmark;2020-04-24;5;2025-02-25T10:22:56.347
1084;Hovedstaden;2020-04-25;69;2025-02-25T10:22:56.347
1082;Midtjylland;2020-04-25;29;2025-02-25T10:22:56.347
1081;Nordjylland;2020-04-25;5;2025-02-25T10:22:56.347
1085;Sjælland;2020-04-25;23;2025-02-25T10:22:56.347
1083;Syddanmark;2020-04-25;8;2025-02-25T10:22:56.347
1084;Hovedstaden;2020-04-26;75;2025-02-25T10:22:56.347
1082;Midtjylland;2020-04-26;15;2025-02-25T10:22:56.347
1081;Nordjylland;2020-04-26;4;2025-02-25T10:22:56.347
1085;Sjælland;2020-04-26;18;2025-02-25T10:22:56.347
1083;Syddanmark;2020-04-26;7;2025-02-25T10:22:56.347
1084;Hovedstaden;2020-04-27;129;2025-02-25T10:22:56.347
1082;Midtjylland;2020-04-27;18;2025-02-25T10:22:56.347
1081;Nordjylland;2020-04-27;5;2025-02-25T10:22:56.347
1085;Sjælland;2020-04-27;61;2025-02-25T10:22:56.347
1083;Syddanmark;2020-04-27;4;2025-02-25T10:22:56.347
1084;Hovedstaden;2020-04-28;83;2025-02-25T10:22:56.347
1082;Midtjylland;2020-04-28;24;2025-02-25T10:22:56.347
1085;Sjælland;2020-04-28;29;2025-02-25T10:22:56.347
1084;Hovedstaden;2020-04-29;92;2025-02-25T10:22:56.347
1082;Midtjylland;2020-04-29;17;2025-02-25T10:22:56.347
1081;Nordjylland;2020-04-29;3;2025-02-25T10:22:56.347
1085;Sjælland;2020-04-29;21;2025-02-25T10:22:56.347
1083;Syddanmark;2020-04-29;6;2025-02-25T10:22:56.347
1084;Hovedstaden;2020-04-30;95;2025-02-25T10:22:56.347
1082;Midtjylland;2020-04-30;13;2025-02-25T10:22:56.347
1081;Nordjylland;2020-04-30;5;2025-02-25T10:22:56.347
1085;Sjælland;2020-04-30;31;2025-02-25T10:22:56.347
1083;Syddanmark;2020-04-30;2;2025-02-25T10:22:56.347
1084;Hovedstaden;2020-05-01;83;2025-02-25T10:22:56.347
1082;Midtjylland;2020-05-01;16;2025-02-25T10:22:56.347
1081;Nordjylland;2020-05-01;19;2025-02-25T10:22:56.347
1085;Sjælland;2020-05-01;25;2025-02-25T10:22:56.347
1083;Syddanmark;2020-05-01;5;2025-02-25T10:22:56.347
1084;Hovedstaden;2020-05-02;58;2025-02-25T10:22:56.347
1082;Midtjylland;2020-05-02;20;2025-02-25T10:22:56.347
1081;Nordjylland;2020-05-02;2;2025-02-25T10:22:56.347
1085;Sjælland;2020-05-02;29;2025-02-25T10:22:56.347
1083;Syddanmark;2020-05-02;6;2025-02-25T10:22:56.347
1084;Hovedstaden;2020-05-03;50;2025-02-25T10:22:56.347
1082;Midtjylland;2020-05-03;10;2025-02-25T10:22:56.347
1081;Nordjylland;2020-05-03;2;2025-02-25T10:22:56.347
1085;Sjælland;2020-05-03;11;2025-02-25T10:22:56.347
1083;Syddanmark;2020-05-03;5;2025-02-25T10:22:56.347
1084;Hovedstaden;2020-05-04;79;2025-02-25T10:22:56.347
1082;Midtjylland;2020-05-04;8;2025-02-25T10:22:56.347
1085;Sjælland;2020-05-04;29;2025-02-25T10:22:56.347
1083;Syddanmark;2020-05-04;4;2025-02-25T10:22:56.347
1084;Hovedstaden;2020-05-05;72;2025-02-25T10:22:56.347
1082;Midtjylland;2020-05-05;8;2025-02-25T10:22:56.347
1081;Nordjylland;2020-05-05;2;2025-02-25T10:22:56.347
1085;Sjælland;2020-05-05;35;2025-02-25T10:22:56.347
1083;Syddanmark;2020-05-05;5;2025-02-25T10:22:56.347
1084;Hovedstaden;2020-05-06;82;2025-02-25T10:22:56.347
1082;Midtjylland;2020-05-06;6;2025-02-25T10:22:56.347
1085;Sjælland;2020-05-06;15;2025-02-25T10:22:56.347
1083;Syddanmark;2020-05-06;2;2025-02-25T10:22:56.347
1084;Hovedstaden;2020-05-07;76;2025-02-25T10:22:56.347
1082;Midtjylland;2020-05-07;10;2025-02-25T10:22:56.347
1081;Nordjylland;2020-05-07;1;2025-02-25T10:22:56.347
1085;Sjælland;2020-05-07;32;2025-02-25T10:22:56.347
1083;Syddanmark;2020-05-07;3;2025-02-25T10:22:56.347
1084;Hovedstaden;2020-05-08;52;2025-02-25T10:22:56.347
1082;Midtjylland;2020-05-08;5;2025-02-25T10:22:56.347
1085;Sjælland;2020-05-08;9;2025-02-25T10:22:56.347
1083;Syddanmark;2020-05-08;3;2025-02-25T10:22:56.347
1084;Hovedstaden;2020-05-09;48;2025-02-25T10:22:56.347
1082;Midtjylland;2020-05-09;4;2025-02-25T10:22:56.347
1081;Nordjylland;2020-05-09;1;2025-02-25T10:22:56.347
1085;Sjælland;2020-05-09;11;2025-02-25T10:22:56.347
1084;Hovedstaden;2020-05-10;38;2025-02-25T10:22:56.347
1082;Midtjylland;2020-05-10;3;2025-02-25T10:22:56.347
1081;Nordjylland;2020-05-10;4;2025-02-25T10:22:56.347
1085;Sjælland;2020-05-10;8;2025-02-25T10:22:56.347
1083;Syddanmark;2020-05-10;4;2025-02-25T10:22:56.347
1084;Hovedstaden;2020-05-11;50;2025-02-25T10:22:56.347
1082;Midtjylland;2020-05-11;3;2025-02-25T10:22:56.347
1081;Nordjylland;2020-05-11;1;2025-02-25T10:22:56.347
1085;Sjælland;2020-05-11;12;2025-02-25T10:22:56.347
1083;Syddanmark;2020-05-11;12;2025-02-25T10:22:56.347
1084;Hovedstaden;2020-05-12;35;2025-02-25T10:22:56.347
1082;Midtjylland;2020-05-12;1;2025-02-25T10:22:56.347
1081;Nordjylland;2020-05-12;1;2025-02-25T10:22:56.347
1085;Sjælland;2020-05-12;10;2025-02-25T10:22:56.347
1083;Syddanmark;2020-05-12;9;2025-02-25T10:22:56.347
1084;Hovedstaden;2020-05-13;41;2025-02-25T10:22:56.347
1082;Midtjylland;2020-05-13;4;2025-02-25T10:22:56.347
1081;Nordjylland;2020-05-13;1;2025-02-25T10:22:56.347
1085;Sjælland;2020-05-13;13;2025-02-25T10:22:56.347
1083;Syddanmark;2020-05-13;6;2025-02-25T10:22:56.347
1084;Hovedstaden;2020-05-14;35;2025-02-25T10:22:56.347
1082;Midtjylland;2020-05-14;4;2025-02-25T10:22:56.347
1085;Sjælland;2020-05-14;14;2025-02-25T10:22:56.347
1083;Syddanmark;2020-05-14;8;2025-02-25T10:22:56.347
1084;Hovedstaden;2020-05-15;58;2025-02-25T10:22:56.347
1082;Midtjylland;2020-05-15;4;2025-02-25T10:22:56.347
1081;Nordjylland;2020-05-15;1;2025-02-25T10:22:56.347
1085;Sjælland;2020-05-15;14;2025-02-25T10:22:56.347
1083;Syddanmark;2020-05-15;12;2025-02-25T10:22:56.347
1084;Hovedstaden;2020-05-16;18;2025-02-25T10:22:56.347
1082;Midtjylland;2020-05-16;4;2025-02-25T10:22:56.347
1081;Nordjylland;2020-05-16;1;2025-02-25T10:22:56.347
1085;Sjælland;2020-05-16;8;2025-02-25T10:22:56.347
1083;Syddanmark;2020-05-16;3;2025-02-25T10:22:56.347
1084;Hovedstaden;2020-05-17;31;2025-02-25T10:22:56.347
1082;Midtjylland;2020-05-17;8;2025-02-25T10:22:56.347
1085;Sjælland;2020-05-17;7;2025-02-25T10:22:56.347
1083;Syddanmark;2020-05-17;4;2025-02-25T10:22:56.347
1084;Hovedstaden;2020-05-18;54;2025-02-25T10:22:56.347
1082;Midtjylland;2020-05-18;7;2025-02-25T10:22:56.347
1081;Nordjylland;2020-05-18;1;2025-02-25T10:22:56.347
1085;Sjælland;2020-05-18;8;2025-02-25T10:22:56.347
1083;Syddanmark;2020-05-18;10;2025-02-25T10:22:56.347
1084;Hovedstaden;2020-05-19;42;2025-02-25T10:22:56.347
1082;Midtjylland;2020-05-19;5;2025-02-25T10:22:56.347
1081;Nordjylland;2020-05-19;2;2025-02-25T10:22:56.347
1085;Sjælland;2020-05-19;8;2025-02-25T10:22:56.347
1083;Syddanmark;2020-05-19;4;2025-02-25T10:22:56.347
1084;Hovedstaden;2020-05-20;52;2025-02-25T10:22:56.347
1081;Nordjylland;2020-05-20;1;2025-02-25T10:22:56.347
1085;Sjælland;2020-05-20;12;2025-02-25T10:22:56.347
1083;Syddanmark;2020-05-20;4;2025-02-25T10:22:56.347
1084;Hovedstaden;2020-05-21;24;2025-02-25T10:22:56.347
1082;Midtjylland;2020-05-21;1;2025-02-25T10:22:56.347
1081;Nordjylland;2020-05-21;1;2025-02-25T10:22:56.347
1085;Sjælland;2020-05-21;5;2025-02-25T10:22:56.347
1084;Hovedstaden;2020-05-22;48;2025-02-25T10:22:56.347
1082;Midtjylland;2020-05-22;3;2025-02-25T10:22:56.347
1081;Nordjylland;2020-05-22;2;2025-02-25T10:22:56.347
1085;Sjælland;2020-05-22;14;2025-02-25T10:22:56.347
1083;Syddanmark;2020-05-22;4;2025-02-25T10:22:56.347
1084;Hovedstaden;2020-05-23;30;2025-02-25T10:22:56.347
1082;Midtjylland;2020-05-23;3;2025-02-25T10:22:56.347
1085;Sjælland;2020-05-23;4;2025-02-25T10:22:56.347
1084;Hovedstaden;2020-05-24;28;2025-02-25T10:22:56.347
1085;Sjælland;2020-05-24;5;2025-02-25T10:22:56.347
1083;Syddanmark;2020-05-24;2;2025-02-25T10:22:56.347
1084;Hovedstaden;2020-05-25;43;2025-02-25T10:22:56.347
1082;Midtjylland;2020-05-25;1;2025-02-25T10:22:56.347
1081;Nordjylland;2020-05-25;1;2025-02-25T10:22:56.347
1085;Sjælland;2020-05-25;5;2025-02-25T10:22:56.347
1083;Syddanmark;2020-05-25;2;2025-02-25T10:22:56.347
1084;Hovedstaden;2020-05-26;46;2025-02-25T10:22:56.347
1082;Midtjylland;2020-05-26;2;2025-02-25T10:22:56.347
1081;Nordjylland;2020-05-26;2;2025-02-25T10:22:56.347
1085;Sjælland;2020-05-26;7;2025-02-25T10:22:56.347
1083;Syddanmark;2020-05-26;5;2025-02-25T10:22:56.347
1084;Hovedstaden;2020-05-27;42;2025-02-25T10:22:56.347
1082;Midtjylland;2020-05-27;2;2025-02-25T10:22:56.347
1085;Sjælland;2020-05-27;8;2025-02-25T10:22:56.347
1084;Hovedstaden;2020-05-28;28;2025-02-25T10:22:56.347
1085;Sjælland;2020-05-28;7;2025-02-25T10:22:56.347
1083;Syddanmark;2020-05-28;2;2025-02-25T10:22:56.347
1084;Hovedstaden;2020-05-29;28;2025-02-25T10:22:56.347
1085;Sjælland;2020-05-29;11;2025-02-25T10:22:56.347
1083;Syddanmark;2020-05-29;3;2025-02-25T10:22:56.347
1084;Hovedstaden;2020-05-30;23;2025-02-25T10:22:56.347
1085;Sjælland;2020-05-30;9;2025-02-25T10:22:56.347
1083;Syddanmark;2020-05-30;1;2025-02-25T10:22:56.347
1084;Hovedstaden;2020-05-31;16;2025-02-25T10:22:56.347
1085;Sjælland;2020-05-31;6;2025-02-25T10:22:56.347
1084;Hovedstaden;2020-06-01;22;2025-02-25T10:22:56.347
1082;Midtjylland;2020-06-01;2;2025-02-25T10:22:56.347
1085;Sjælland;2020-06-01;8;2025-02-25T10:22:56.347
1083;Syddanmark;2020-06-01;2;2025-02-25T10:22:56.347
1084;Hovedstaden;2020-06-02;32;2025-02-25T10:22:56.347
1082;Midtjylland;2020-06-02;3;2025-02-25T10:22:56.347
1085;Sjælland;2020-06-02;16;2025-02-25T10:22:56.347
1083;Syddanmark;2020-06-02;4;2025-02-25T10:22:56.347
1084;Hovedstaden;2020-06-03;33;2025-02-25T10:22:56.347
1085;Sjælland;2020-06-03;18;2025-02-25T10:22:56.347
1083;Syddanmark;2020-06-03;1;2025-02-25T10:22:56.347
1084;Hovedstaden;2020-06-04;26;2025-02-25T10:22:56.347
1082;Midtjylland;2020-06-04;5;2025-02-25T10:22:56.347
1085;Sjælland;2020-06-04;6;2025-02-25T10:22:56.347
1083;Syddanmark;2020-06-04;5;2025-02-25T10:22:56.347
1084;Hovedstaden;2020-06-05;29;2025-02-25T10:22:56.347
1085;Sjælland;2020-06-05;4;2025-02-25T10:22:56.347
1083;Syddanmark;2020-06-05;2;2025-02-25T10:22:56.347
1084;Hovedstaden;2020-06-06;11;2025-02-25T10:22:56.347
1082;Midtjylland;2020-06-06;1;2025-02-25T10:22:56.347
1085;Sjælland;2020-06-06;2;2025-02-25T10:22:56.347
1083;Syddanmark;2020-06-06;1;2025-02-25T10:22:56.347
1084;Hovedstaden;2020-06-07;14;2025-02-25T10:22:56.347
1084;Hovedstaden;2020-06-08;29;2025-02-25T10:22:56.347
1082;Midtjylland;2020-06-08;4;2025-02-25T10:22:56.347
1081;Nordjylland;2020-06-08;1;2025-02-25T10:22:56.347
1085;Sjælland;2020-06-08;2;2025-02-25T10:22:56.347
1083;Syddanmark;2020-06-08;8;2025-02-25T10:22:56.347
1084;Hovedstaden;2020-06-09;22;2025-02-25T10:22:56.347
1082;Midtjylland;2020-06-09;2;2025-02-25T10:22:56.347
1085;Sjælland;2020-06-09;4;2025-02-25T10:22:56.347
1083;Syddanmark;2020-06-09;3;2025-02-25T10:22:56.347
1084;Hovedstaden;2020-06-10;20;2025-02-25T10:22:56.347
1082;Midtjylland;2020-06-10;2;2025-02-25T10:22:56.347
1081;Nordjylland;2020-06-10;9;2025-02-25T10:22:56.347
1085;Sjælland;2020-06-10;7;2025-02-25T10:22:56.347
1083;Syddanmark;2020-06-10;1;2025-02-25T10:22:56.347
1084;Hovedstaden;2020-06-11;36;2025-02-25T10:22:56.347
1082;Midtjylland;2020-06-11;1;2025-02-25T10:22:56.347
1081;Nordjylland;2020-06-11;2;2025-02-25T10:22:56.347
1085;Sjælland;2020-06-11;9;2025-02-25T10:22:56.347
1084;Hovedstaden;2020-06-12;26;2025-02-25T10:22:56.347
1082;Midtjylland;2020-06-12;4;2025-02-25T10:22:56.347
1081;Nordjylland;2020-06-12;25;2025-02-25T10:22:56.347
1085;Sjælland;2020-06-12;4;2025-02-25T10:22:56.347
1083;Syddanmark;2020-06-12;1;2025-02-25T10:22:56.347
1084;Hovedstaden;2020-06-13;20;2025-02-25T10:22:56.347
1082;Midtjylland;2020-06-13;2;2025-02-25T10:22:56.347
1085;Sjælland;2020-06-13;6;2025-02-25T10:22:56.347
1084;Hovedstaden;2020-06-14;10;2025-02-25T10:22:56.347
1082;Midtjylland;2020-06-14;1;2025-02-25T10:22:56.347
1081;Nordjylland;2020-06-14;8;2025-02-25T10:22:56.347
1085;Sjælland;2020-06-14;2;2025-02-25T10:22:56.347
1084;Hovedstaden;2020-06-15;32;2025-02-25T10:22:56.347
1082;Midtjylland;2020-06-15;1;2025-02-25T10:22:56.347
1081;Nordjylland;2020-06-15;3;2025-02-25T10:22:56.347
1085;Sjælland;2020-06-15;4;2025-02-25T10:22:56.347
1084;Hovedstaden;2020-06-16;25;2025-02-25T10:22:56.347
1082;Midtjylland;2020-06-16;5;2025-02-25T10:22:56.347
1081;Nordjylland;2020-06-16;7;2025-02-25T10:22:56.347
1085;Sjælland;2020-06-16;8;2025-02-25T10:22:56.347
1083;Syddanmark;2020-06-16;1;2025-02-25T10:22:56.347
1084;Hovedstaden;2020-06-17;41;2025-02-25T10:22:56.347
1082;Midtjylland;2020-06-17;3;2025-02-25T10:22:56.347
1081;Nordjylland;2020-06-17;16;2025-02-25T10:22:56.347
1085;Sjælland;2020-06-17;12;2025-02-25T10:22:56.347
1083;Syddanmark;2020-06-17;2;2025-02-25T10:22:56.347
1084;Hovedstaden;2020-06-18;37;2025-02-25T10:22:56.347
1082;Midtjylland;2020-06-18;2;2025-02-25T10:22:56.347
1081;Nordjylland;2020-06-18;2;2025-02-25T10:22:56.347
1085;Sjælland;2020-06-18;6;2025-02-25T10:22:56.347
1083;Syddanmark;2020-06-18;1;2025-02-25T10:22:56.347
1084;Hovedstaden;2020-06-19;24;2025-02-25T10:22:56.347
1082;Midtjylland;2020-06-19;2;2025-02-25T10:22:56.347
1081;Nordjylland;2020-06-19;1;2025-02-25T10:22:56.347
1085;Sjælland;2020-06-19;15;2025-02-25T10:22:56.347
1084;Hovedstaden;2020-06-20;31;2025-02-25T10:22:56.347
1082;Midtjylland;2020-06-20;2;2025-02-25T10:22:56.347
1081;Nordjylland;2020-06-20;2;2025-02-25T10:22:56.347
1085;Sjælland;2020-06-20;4;2025-02-25T10:22:56.347
1084;Hovedstaden;2020-06-21;26;2025-02-25T10:22:56.347
1082;Midtjylland;2020-06-21;1;2025-02-25T10:22:56.347
1081;Nordjylland;2020-06-21;3;2025-02-25T10:22:56.347
1085;Sjælland;2020-06-21;1;2025-02-25T10:22:56.347
1083;Syddanmark;2020-06-21;2;2025-02-25T10:22:56.347
1084;Hovedstaden;2020-06-22;40;2025-02-25T10:22:56.347
1082;Midtjylland;2020-06-22;1;2025-02-25T10:22:56.347
1081;Nordjylland;2020-06-22;3;2025-02-25T10:22:56.347
1085;Sjælland;2020-06-22;3;2025-02-25T10:22:56.347
1084;Hovedstaden;2020-06-23;8;2025-02-25T10:22:56.347
1082;Midtjylland;2020-06-23;4;2025-02-25T10:22:56.347
1081;Nordjylland;2020-06-23;4;2025-02-25T10:22:56.347
1085;Sjælland;2020-06-23;1;2025-02-25T10:22:56.347
1083;Syddanmark;2020-06-23;2;2025-02-25T10:22:56.347
1084;Hovedstaden;2020-06-24;15;2025-02-25T10:22:56.347
1082;Midtjylland;2020-06-24;3;2025-02-25T10:22:56.347
1081;Nordjylland;2020-06-24;17;2025-02-25T10:22:56.347
1085;Sjælland;2020-06-24;5;2025-02-25T10:22:56.347
1083;Syddanmark;2020-06-24;5;2025-02-25T10:22:56.347
1084;Hovedstaden;2020-06-25;18;2025-02-25T10:22:56.347
1082;Midtjylland;2020-06-25;5;2025-02-25T10:22:56.347
1081;Nordjylland;2020-06-25;5;2025-02-25T10:22:56.347
1085;Sjælland;2020-06-25;1;2025-02-25T10:22:56.347
1083;Syddanmark;2020-06-25;1;2025-02-25T10:22:56.347
1084;Hovedstaden;2020-06-26;13;2025-02-25T10:22:56.347
1082;Midtjylland;2020-06-26;3;2025-02-25T10:22:56.347
1081;Nordjylland;2020-06-26;2;2025-02-25T10:22:56.347
1085;Sjælland;2020-06-26;2;2025-02-25T10:22:56.347
1083;Syddanmark;2020-06-26;1;2025-02-25T10:22:56.347
1084;Hovedstaden;2020-06-27;7;2025-02-25T10:22:56.347
1082;Midtjylland;2020-06-27;3;2025-02-25T10:22:56.347
1081;Nordjylland;2020-06-27;9;2025-02-25T10:22:56.347
1084;Hovedstaden;2020-06-28;5;2025-02-25T10:22:56.347
1082;Midtjylland;2020-06-28;4;2025-02-25T10:22:56.347
1081;Nordjylland;2020-06-28;1;2025-02-25T10:22:56.347
1083;Syddanmark;2020-06-28;1;2025-02-25T10:22:56.347
1084;Hovedstaden;2020-06-29;20;2025-02-25T10:22:56.347
1082;Midtjylland;2020-06-29;1;2025-02-25T10:22:56.347
1081;Nordjylland;2020-06-29;2;2025-02-25T10:22:56.347
1085;Sjælland;2020-06-29;2;2025-02-25T10:22:56.347
1083;Syddanmark;2020-06-29;2;2025-02-25T10:22:56.347
1084;Hovedstaden;2020-06-30;11;2025-02-25T10:22:56.347
1082;Midtjylland;2020-06-30;2;2025-02-25T10:22:56.347
1081;Nordjylland;2020-06-30;6;2025-02-25T10:22:56.347
1085;Sjælland;2020-06-30;5;2025-02-25T10:22:56.347
1083;Syddanmark;2020-06-30;1;2025-02-25T10:22:56.347
1084;Hovedstaden;2020-07-01;6;2025-02-25T10:22:56.347
1082;Midtjylland;2020-07-01;2;2025-02-25T10:22:56.347
1081;Nordjylland;2020-07-01;2;2025-02-25T10:22:56.347
1084;Hovedstaden;2020-07-02;14;2025-02-25T10:22:56.347
1082;Midtjylland;2020-07-02;1;2025-02-25T10:22:56.347
1084;Hovedstaden;2020-07-03;12;2025-02-25T10:22:56.347
1082;Midtjylland;2020-07-03;1;2025-02-25T10:22:56.347
1081;Nordjylland;2020-07-03;5;2025-02-25T10:22:56.347
1085;Sjælland;2020-07-03;1;2025-02-25T10:22:56.347
1084;Hovedstaden;2020-07-04;10;2025-02-25T10:22:56.347
1082;Midtjylland;2020-07-04;1;2025-02-25T10:22:56.347
1081;Nordjylland;2020-07-04;1;2025-02-25T10:22:56.347
1083;Syddanmark;2020-07-04;2;2025-02-25T10:22:56.347
1084;Hovedstaden;2020-07-05;10;2025-02-25T10:22:56.347
1082;Midtjylland;2020-07-05;1;2025-02-25T10:22:56.347
1081;Nordjylland;2020-07-05;1;2025-02-25T10:22:56.347
1083;Syddanmark;2020-07-05;1;2025-02-25T10:22:56.347
1084;Hovedstaden;2020-07-06;6;2025-02-25T10:22:56.347
1081;Nordjylland;2020-07-06;2;2025-02-25T10:22:56.347
1085;Sjælland;2020-07-06;2;2025-02-25T10:22:56.347
1083;Syddanmark;2020-07-06;1;2025-02-25T10:22:56.347
1084;Hovedstaden;2020-07-07;9;2025-02-25T10:22:56.347
1082;Midtjylland;2020-07-07;1;2025-02-25T10:22:56.347
1081;Nordjylland;2020-07-07;2;2025-02-25T10:22:56.347
1083;Syddanmark;2020-07-07;1;2025-02-25T10:22:56.347
1084;Hovedstaden;2020-07-08;19;2025-02-25T10:22:56.347
1082;Midtjylland;2020-07-08;1;2025-02-25T10:22:56.347
1081;Nordjylland;2020-07-08;3;2025-02-25T10:22:56.347
1085;Sjælland;2020-07-08;3;2025-02-25T10:22:56.347
1083;Syddanmark;2020-07-08;1;2025-02-25T10:22:56.347
1084;Hovedstaden;2020-07-09;22;2025-02-25T10:22:56.347
1082;Midtjylland;2020-07-09;4;2025-02-25T10:22:56.347
1081;Nordjylland;2020-07-09;6;2025-02-25T10:22:56.347
1085;Sjælland;2020-07-09;9;2025-02-25T10:22:56.347
1084;Hovedstaden;2020-07-10;23;2025-02-25T10:22:56.347
1081;Nordjylland;2020-07-10;3;2025-02-25T10:22:56.347
1085;Sjælland;2020-07-10;4;2025-02-25T10:22:56.347
1083;Syddanmark;2020-07-10;3;2025-02-25T10:22:56.347
1084;Hovedstaden;2020-07-11;20;2025-02-25T10:22:56.347
1085;Sjælland;2020-07-11;2;2025-02-25T10:22:56.347
1083;Syddanmark;2020-07-11;2;2025-02-25T10:22:56.347
1084;Hovedstaden;2020-07-12;15;2025-02-25T10:22:56.347
1082;Midtjylland;2020-07-12;1;2025-02-25T10:22:56.347
1081;Nordjylland;2020-07-12;2;2025-02-25T10:22:56.347
1085;Sjælland;2020-07-12;5;2025-02-25T10:22:56.347
1084;Hovedstaden;2020-07-13;16;2025-02-25T10:22:56.347
1082;Midtjylland;2020-07-13;6;2025-02-25T10:22:56.347
1085;Sjælland;2020-07-13;10;2025-02-25T10:22:56.347
1083;Syddanmark;2020-07-13;2;2025-02-25T10:22:56.347
1084;Hovedstaden;2020-07-14;20;2025-02-25T10:22:56.347
1082;Midtjylland;2020-07-14;4;2025-02-25T10:22:56.347
1081;Nordjylland;2020-07-14;1;2025-02-25T10:22:56.347
1085;Sjælland;2020-07-14;5;2025-02-25T10:22:56.347
1083;Syddanmark;2020-07-14;4;2025-02-25T10:22:56.347
1084;Hovedstaden;2020-07-15;33;2025-02-25T10:22:56.347
1082;Midtjylland;2020-07-15;3;2025-02-25T10:22:56.347
1081;Nordjylland;2020-07-15;2;2025-02-25T10:22:56.347
1085;Sjælland;2020-07-15;4;2025-02-25T10:22:56.347
1083;Syddanmark;2020-07-15;2;2025-02-25T10:22:56.347
1084;Hovedstaden;2020-07-16;33;2025-02-25T10:22:56.347
1082;Midtjylland;2020-07-16;5;2025-02-25T10:22:56.347
1085;Sjælland;2020-07-16;9;2025-02-25T10:22:56.347
1083;Syddanmark;2020-07-16;5;2025-02-25T10:22:56.347
1084;Hovedstaden;2020-07-17;19;2025-02-25T10:22:56.347
1082;Midtjylland;2020-07-17;1;2025-02-25T10:22:56.347
1081;Nordjylland;2020-07-17;3;2025-02-25T10:22:56.347
1085;Sjælland;2020-07-17;10;2025-02-25T10:22:56.347
1084;Hovedstaden;2020-07-18;30;2025-02-25T10:22:56.347
1085;Sjælland;2020-07-18;13;2025-02-25T10:22:56.347
1084;Hovedstaden;2020-07-19;18;2025-02-25T10:22:56.347
1082;Midtjylland;2020-07-19;1;2025-02-25T10:22:56.347
1081;Nordjylland;2020-07-19;2;2025-02-25T10:22:56.347
1085;Sjælland;2020-07-19;7;2025-02-25T10:22:56.347
1084;Hovedstaden;2020-07-20;22;2025-02-25T10:22:56.347
1082;Midtjylland;2020-07-20;3;2025-02-25T10:22:56.347
1085;Sjælland;2020-07-20;7;2025-02-25T10:22:56.347
1083;Syddanmark;2020-07-20;1;2025-02-25T10:22:56.347
1084;Hovedstaden;2020-07-21;27;2025-02-25T10:22:56.347
1082;Midtjylland;2020-07-21;2;2025-02-25T10:22:56.347
1081;Nordjylland;2020-07-21;3;2025-02-25T10:22:56.347
1085;Sjælland;2020-07-21;4;2025-02-25T10:22:56.347
1084;Hovedstaden;2020-07-22;22;2025-02-25T10:22:56.347
1081;Nordjylland;2020-07-22;4;2025-02-25T10:22:56.347
1085;Sjælland;2020-07-22;7;2025-02-25T10:22:56.347
1083;Syddanmark;2020-07-22;2;2025-02-25T10:22:56.347
1084;Hovedstaden;2020-07-23;37;2025-02-25T10:22:56.347
1082;Midtjylland;2020-07-23;2;2025-02-25T10:22:56.347
1081;Nordjylland;2020-07-23;3;2025-02-25T10:22:56.347
1085;Sjælland;2020-07-23;5;2025-02-25T10:22:56.347
1083;Syddanmark;2020-07-23;5;2025-02-25T10:22:56.347
1084;Hovedstaden;2020-07-24;21;2025-02-25T10:22:56.347
1082;Midtjylland;2020-07-24;8;2025-02-25T10:22:56.347
1081;Nordjylland;2020-07-24;1;2025-02-25T10:22:56.347
1085;Sjælland;2020-07-24;2;2025-02-25T10:22:56.347
1083;Syddanmark;2020-07-24;4;2025-02-25T10:22:56.347
1084;Hovedstaden;2020-07-25;9;2025-02-25T10:22:56.347
1082;Midtjylland;2020-07-25;5;2025-02-25T10:22:56.347
1081;Nordjylland;2020-07-25;1;2025-02-25T10:22:56.347
1085;Sjælland;2020-07-25;9;2025-02-25T10:22:56.347
1083;Syddanmark;2020-07-25;3;2025-02-25T10:22:56.347
1084;Hovedstaden;2020-07-26;13;2025-02-25T10:22:56.347
1082;Midtjylland;2020-07-26;4;2025-02-25T10:22:56.347
1081;Nordjylland;2020-07-26;1;2025-02-25T10:22:56.347
1085;Sjælland;2020-07-26;2;2025-02-25T10:22:56.347
1083;Syddanmark;2020-07-26;4;2025-02-25T10:22:56.347
1084;Hovedstaden;2020-07-27;23;2025-02-25T10:22:56.347
1082;Midtjylland;2020-07-27;6;2025-02-25T10:22:56.347
1081;Nordjylland;2020-07-27;2;2025-02-25T10:22:56.347
1085;Sjælland;2020-07-27;22;2025-02-25T10:22:56.347
1083;Syddanmark;2020-07-27;10;2025-02-25T10:22:56.347
1084;Hovedstaden;2020-07-28;30;2025-02-25T10:22:56.347
1082;Midtjylland;2020-07-28;12;2025-02-25T10:22:56.347
1081;Nordjylland;2020-07-28;4;2025-02-25T10:22:56.347
1085;Sjælland;2020-07-28;26;2025-02-25T10:22:56.347
1083;Syddanmark;2020-07-28;5;2025-02-25T10:22:56.347
1084;Hovedstaden;2020-07-29;23;2025-02-25T10:22:56.347
1082;Midtjylland;2020-07-29;10;2025-02-25T10:22:56.347
1081;Nordjylland;2020-07-29;5;2025-02-25T10:22:56.347
1085;Sjælland;2020-07-29;13;2025-02-25T10:22:56.347
1083;Syddanmark;2020-07-29;9;2025-02-25T10:22:56.347
1084;Hovedstaden;2020-07-30;26;2025-02-25T10:22:56.347
1082;Midtjylland;2020-07-30;21;2025-02-25T10:22:56.347
1081;Nordjylland;2020-07-30;4;2025-02-25T10:22:56.347
1085;Sjælland;2020-07-30;26;2025-02-25T10:22:56.347
1083;Syddanmark;2020-07-30;7;2025-02-25T10:22:56.347
1084;Hovedstaden;2020-07-31;13;2025-02-25T10:22:56.347
1082;Midtjylland;2020-07-31;18;2025-02-25T10:22:56.347
1081;Nordjylland;2020-07-31;3;2025-02-25T10:22:56.347
1085;Sjælland;2020-07-31;13;2025-02-25T10:22:56.347
1083;Syddanmark;2020-07-31;11;2025-02-25T10:22:56.347
1084;Hovedstaden;2020-08-01;11;2025-02-25T10:22:56.347
1082;Midtjylland;2020-08-01;30;2025-02-25T10:22:56.347
1081;Nordjylland;2020-08-01;4;2025-02-25T10:22:56.347
1085;Sjælland;2020-08-01;14;2025-02-25T10:22:56.347
1083;Syddanmark;2020-08-01;6;2025-02-25T10:22:56.347
1084;Hovedstaden;2020-08-02;21;2025-02-25T10:22:56.347
1082;Midtjylland;2020-08-02;39;2025-02-25T10:22:56.347
1081;Nordjylland;2020-08-02;6;2025-02-25T10:22:56.347
1085;Sjælland;2020-08-02;9;2025-02-25T10:22:56.347
1083;Syddanmark;2020-08-02;3;2025-02-25T10:22:56.347
1084;Hovedstaden;2020-08-03;21;2025-02-25T10:22:56.347
1082;Midtjylland;2020-08-03;53;2025-02-25T10:22:56.347
1081;Nordjylland;2020-08-03;5;2025-02-25T10:22:56.347
1085;Sjælland;2020-08-03;29;2025-02-25T10:22:56.347
1083;Syddanmark;2020-08-03;9;2025-02-25T10:22:56.347
1084;Hovedstaden;2020-08-04;25;2025-02-25T10:22:56.347
1082;Midtjylland;2020-08-04;59;2025-02-25T10:22:56.347
1081;Nordjylland;2020-08-04;4;2025-02-25T10:22:56.347
1085;Sjælland;2020-08-04;21;2025-02-25T10:22:56.347
1083;Syddanmark;2020-08-04;12;2025-02-25T10:22:56.347
1084;Hovedstaden;2020-08-05;29;2025-02-25T10:22:56.347
1082;Midtjylland;2020-08-05;66;2025-02-25T10:22:56.347
1081;Nordjylland;2020-08-05;4;2025-02-25T10:22:56.347
1085;Sjælland;2020-08-05;8;2025-02-25T10:22:56.347
1083;Syddanmark;2020-08-05;9;2025-02-25T10:22:56.347
1084;Hovedstaden;2020-08-06;35;2025-02-25T10:22:56.347
1082;Midtjylland;2020-08-06;87;2025-02-25T10:22:56.347
1081;Nordjylland;2020-08-06;4;2025-02-25T10:22:56.347
1085;Sjælland;2020-08-06;32;2025-02-25T10:22:56.347
1083;Syddanmark;2020-08-06;14;2025-02-25T10:22:56.347
1084;Hovedstaden;2020-08-07;20;2025-02-25T10:22:56.347
1082;Midtjylland;2020-08-07;106;2025-02-25T10:22:56.347
1081;Nordjylland;2020-08-07;4;2025-02-25T10:22:56.347
1085;Sjælland;2020-08-07;7;2025-02-25T10:22:56.347
1083;Syddanmark;2020-08-07;4;2025-02-25T10:22:56.347
1084;Hovedstaden;2020-08-08;19;2025-02-25T10:22:56.347
1082;Midtjylland;2020-08-08;57;2025-02-25T10:22:56.347
1081;Nordjylland;2020-08-08;2;2025-02-25T10:22:56.347
1085;Sjælland;2020-08-08;8;2025-02-25T10:22:56.347
1083;Syddanmark;2020-08-08;3;2025-02-25T10:22:56.347
1084;Hovedstaden;2020-08-09;42;2025-02-25T10:22:56.347
1082;Midtjylland;2020-08-09;65;2025-02-25T10:22:56.347
1081;Nordjylland;2020-08-09;9;2025-02-25T10:22:56.347
1085;Sjælland;2020-08-09;4;2025-02-25T10:22:56.347
1083;Syddanmark;2020-08-09;10;2025-02-25T10:22:56.347
1084;Hovedstaden;2020-08-10;45;2025-02-25T10:22:56.347
1082;Midtjylland;2020-08-10;80;2025-02-25T10:22:56.347
1081;Nordjylland;2020-08-10;7;2025-02-25T10:22:56.347
1085;Sjælland;2020-08-10;10;2025-02-25T10:22:56.347
1083;Syddanmark;2020-08-10;12;2025-02-25T10:22:56.347
1084;Hovedstaden;2020-08-11;41;2025-02-25T10:22:56.347
1082;Midtjylland;2020-08-11;67;2025-02-25T10:22:56.347
1081;Nordjylland;2020-08-11;2;2025-02-25T10:22:56.347
1085;Sjælland;2020-08-11;18;2025-02-25T10:22:56.347
1083;Syddanmark;2020-08-11;9;2025-02-25T10:22:56.347
1084;Hovedstaden;2020-08-12;49;2025-02-25T10:22:56.347
1082;Midtjylland;2020-08-12;81;2025-02-25T10:22:56.347
1081;Nordjylland;2020-08-12;19;2025-02-25T10:22:56.347
1085;Sjælland;2020-08-12;5;2025-02-25T10:22:56.347
1083;Syddanmark;2020-08-12;8;2025-02-25T10:22:56.347
1084;Hovedstaden;2020-08-13;35;2025-02-25T10:22:56.347
1082;Midtjylland;2020-08-13;60;2025-02-25T10:22:56.347
1081;Nordjylland;2020-08-13;8;2025-02-25T10:22:56.347
1085;Sjælland;2020-08-13;2;2025-02-25T10:22:56.347
1083;Syddanmark;2020-08-13;12;2025-02-25T10:22:56.347
1084;Hovedstaden;2020-08-14;49;2025-02-25T10:22:56.347
1082;Midtjylland;2020-08-14;30;2025-02-25T10:22:56.347
1081;Nordjylland;2020-08-14;8;2025-02-25T10:22:56.347
1085;Sjælland;2020-08-14;14;2025-02-25T10:22:56.347
1083;Syddanmark;2020-08-14;10;2025-02-25T10:22:56.347
1084;Hovedstaden;2020-08-15;25;2025-02-25T10:22:56.347
1082;Midtjylland;2020-08-15;79;2025-02-25T10:22:56.347
1081;Nordjylland;2020-08-15;6;2025-02-25T10:22:56.347
1085;Sjælland;2020-08-15;6;2025-02-25T10:22:56.347
1083;Syddanmark;2020-08-15;11;2025-02-25T10:22:56.347
1084;Hovedstaden;2020-08-16;30;2025-02-25T10:22:56.347
1082;Midtjylland;2020-08-16;32;2025-02-25T10:22:56.347
1081;Nordjylland;2020-08-16;10;2025-02-25T10:22:56.347
1085;Sjælland;2020-08-16;7;2025-02-25T10:22:56.347
1083;Syddanmark;2020-08-16;11;2025-02-25T10:22:56.347
1084;Hovedstaden;2020-08-17;30;2025-02-25T10:22:56.347
1082;Midtjylland;2020-08-17;43;2025-02-25T10:22:56.347
1081;Nordjylland;2020-08-17;8;2025-02-25T10:22:56.347
1085;Sjælland;2020-08-17;6;2025-02-25T10:22:56.347
1083;Syddanmark;2020-08-17;10;2025-02-25T10:22:56.347
1084;Hovedstaden;2020-08-18;40;2025-02-25T10:22:56.347
1082;Midtjylland;2020-08-18;41;2025-02-25T10:22:56.347
1081;Nordjylland;2020-08-18;7;2025-02-25T10:22:56.347
1085;Sjælland;2020-08-18;14;2025-02-25T10:22:56.347
1083;Syddanmark;2020-08-18;10;2025-02-25T10:22:56.347
1084;Hovedstaden;2020-08-19;34;2025-02-25T10:22:56.347
1082;Midtjylland;2020-08-19;27;2025-02-25T10:22:56.347
1081;Nordjylland;2020-08-19;8;2025-02-25T10:22:56.347
1085;Sjælland;2020-08-19;4;2025-02-25T10:22:56.347
1083;Syddanmark;2020-08-19;13;2025-02-25T10:22:56.347
1084;Hovedstaden;2020-08-20;25;2025-02-25T10:22:56.347
1082;Midtjylland;2020-08-20;31;2025-02-25T10:22:56.347
1081;Nordjylland;2020-08-20;4;2025-02-25T10:22:56.347
1085;Sjælland;2020-08-20;11;2025-02-25T10:22:56.347
1083;Syddanmark;2020-08-20;11;2025-02-25T10:22:56.347
1084;Hovedstaden;2020-08-21;29;2025-02-25T10:22:56.347
1082;Midtjylland;2020-08-21;27;2025-02-25T10:22:56.347
1081;Nordjylland;2020-08-21;7;2025-02-25T10:22:56.347
1085;Sjælland;2020-08-21;5;2025-02-25T10:22:56.347
1083;Syddanmark;2020-08-21;15;2025-02-25T10:22:56.347
1084;Hovedstaden;2020-08-22;29;2025-02-25T10:22:56.347
1082;Midtjylland;2020-08-22;29;2025-02-25T10:22:56.347
1081;Nordjylland;2020-08-22;6;2025-02-25T10:22:56.347
1085;Sjælland;2020-08-22;5;2025-02-25T10:22:56.347
1083;Syddanmark;2020-08-22;19;2025-02-25T10:22:56.347
1084;Hovedstaden;2020-08-23;23;2025-02-25T10:22:56.347
1082;Midtjylland;2020-08-23;23;2025-02-25T10:22:56.347
1081;Nordjylland;2020-08-23;8;2025-02-25T10:22:56.347
1085;Sjælland;2020-08-23;4;2025-02-25T10:22:56.347
1083;Syddanmark;2020-08-23;15;2025-02-25T10:22:56.347
1084;Hovedstaden;2020-08-24;25;2025-02-25T10:22:56.347
1082;Midtjylland;2020-08-24;29;2025-02-25T10:22:56.347
1081;Nordjylland;2020-08-24;6;2025-02-25T10:22:56.347
1085;Sjælland;2020-08-24;6;2025-02-25T10:22:56.347
1083;Syddanmark;2020-08-24;6;2025-02-25T10:22:56.347
1084;Hovedstaden;2020-08-25;38;2025-02-25T10:22:56.347
1082;Midtjylland;2020-08-25;22;2025-02-25T10:22:56.347
1081;Nordjylland;2020-08-25;9;2025-02-25T10:22:56.347
1085;Sjælland;2020-08-25;4;2025-02-25T10:22:56.347
1083;Syddanmark;2020-08-25;10;2025-02-25T10:22:56.347
1084;Hovedstaden;2020-08-26;36;2025-02-25T10:22:56.347
1082;Midtjylland;2020-08-26;20;2025-02-25T10:22:56.347
1081;Nordjylland;2020-08-26;4;2025-02-25T10:22:56.347
1085;Sjælland;2020-08-26;10;2025-02-25T10:22:56.347
1083;Syddanmark;2020-08-26;10;2025-02-25T10:22:56.347
1084;Hovedstaden;2020-08-27;23;2025-02-25T10:22:56.347
1082;Midtjylland;2020-08-27;20;2025-02-25T10:22:56.347
1081;Nordjylland;2020-08-27;4;2025-02-25T10:22:56.347
1085;Sjælland;2020-08-27;7;2025-02-25T10:22:56.347
1083;Syddanmark;2020-08-27;15;2025-02-25T10:22:56.347
1084;Hovedstaden;2020-08-28;42;2025-02-25T10:22:56.347
1082;Midtjylland;2020-08-28;25;2025-02-25T10:22:56.347
1081;Nordjylland;2020-08-28;9;2025-02-25T10:22:56.347
1085;Sjælland;2020-08-28;9;2025-02-25T10:22:56.347
1083;Syddanmark;2020-08-28;22;2025-02-25T10:22:56.347
1084;Hovedstaden;2020-08-29;38;2025-02-25T10:22:56.347
1082;Midtjylland;2020-08-29;18;2025-02-25T10:22:56.347
1081;Nordjylland;2020-08-29;11;2025-02-25T10:22:56.347
1085;Sjælland;2020-08-29;2;2025-02-25T10:22:56.347
1083;Syddanmark;2020-08-29;14;2025-02-25T10:22:56.347
1084;Hovedstaden;2020-08-30;51;2025-02-25T10:22:56.347
1082;Midtjylland;2020-08-30;23;2025-02-25T10:22:56.347
1081;Nordjylland;2020-08-30;6;2025-02-25T10:22:56.347
1085;Sjælland;2020-08-30;5;2025-02-25T10:22:56.347
1083;Syddanmark;2020-08-30;19;2025-02-25T10:22:56.347
1084;Hovedstaden;2020-08-31;67;2025-02-25T10:22:56.347
1082;Midtjylland;2020-08-31;19;2025-02-25T10:22:56.347
1081;Nordjylland;2020-08-31;3;2025-02-25T10:22:56.347
1085;Sjælland;2020-08-31;9;2025-02-25T10:22:56.347
1083;Syddanmark;2020-08-31;22;2025-02-25T10:22:56.347
1084;Hovedstaden;2020-09-01;91;2025-02-25T10:22:56.347
1082;Midtjylland;2020-09-01;32;2025-02-25T10:22:56.347
1081;Nordjylland;2020-09-01;7;2025-02-25T10:22:56.347
1085;Sjælland;2020-09-01;16;2025-02-25T10:22:56.347
1083;Syddanmark;2020-09-01;51;2025-02-25T10:22:56.347
1084;Hovedstaden;2020-09-02;85;2025-02-25T10:22:56.347
1082;Midtjylland;2020-09-02;17;2025-02-25T10:22:56.347
1081;Nordjylland;2020-09-02;4;2025-02-25T10:22:56.347
1085;Sjælland;2020-09-02;14;2025-02-25T10:22:56.347
1083;Syddanmark;2020-09-02;36;2025-02-25T10:22:56.347
1084;Hovedstaden;2020-09-03;115;2025-02-25T10:22:56.347
1082;Midtjylland;2020-09-03;16;2025-02-25T10:22:56.347
1081;Nordjylland;2020-09-03;11;2025-02-25T10:22:56.347
1085;Sjælland;2020-09-03;15;2025-02-25T10:22:56.347
1083;Syddanmark;2020-09-03;35;2025-02-25T10:22:56.347
1084;Hovedstaden;2020-09-04;114;2025-02-25T10:22:56.347
1082;Midtjylland;2020-09-04;21;2025-02-25T10:22:56.347
1081;Nordjylland;2020-09-04;15;2025-02-25T10:22:56.347
1085;Sjælland;2020-09-04;23;2025-02-25T10:22:56.347
1083;Syddanmark;2020-09-04;26;2025-02-25T10:22:56.347
1084;Hovedstaden;2020-09-05;104;2025-02-25T10:22:56.347
1082;Midtjylland;2020-09-05;14;2025-02-25T10:22:56.347
1081;Nordjylland;2020-09-05;12;2025-02-25T10:22:56.347
1085;Sjælland;2020-09-05;17;2025-02-25T10:22:56.347
1083;Syddanmark;2020-09-05;52;2025-02-25T10:22:56.347
1084;Hovedstaden;2020-09-06;151;2025-02-25T10:22:56.347
1082;Midtjylland;2020-09-06;18;2025-02-25T10:22:56.347
1081;Nordjylland;2020-09-06;16;2025-02-25T10:22:56.347
1085;Sjælland;2020-09-06;18;2025-02-25T10:22:56.347
1083;Syddanmark;2020-09-06;19;2025-02-25T10:22:56.347
1084;Hovedstaden;2020-09-07;158;2025-02-25T10:22:56.347
1082;Midtjylland;2020-09-07;20;2025-02-25T10:22:56.347
1081;Nordjylland;2020-09-07;27;2025-02-25T10:22:56.347
1085;Sjælland;2020-09-07;66;2025-02-25T10:22:56.347
1083;Syddanmark;2020-09-07;24;2025-02-25T10:22:56.347
1084;Hovedstaden;2020-09-08;157;2025-02-25T10:22:56.347
1082;Midtjylland;2020-09-08;41;2025-02-25T10:22:56.347
1081;Nordjylland;2020-09-08;24;2025-02-25T10:22:56.347
1085;Sjælland;2020-09-08;50;2025-02-25T10:22:56.347
1083;Syddanmark;2020-09-08;55;2025-02-25T10:22:56.347
1084;Hovedstaden;2020-09-09;157;2025-02-25T10:22:56.347
1082;Midtjylland;2020-09-09;28;2025-02-25T10:22:56.347
1081;Nordjylland;2020-09-09;29;2025-02-25T10:22:56.347
1085;Sjælland;2020-09-09;24;2025-02-25T10:22:56.347
1083;Syddanmark;2020-09-09;55;2025-02-25T10:22:56.347
1084;Hovedstaden;2020-09-10;197;2025-02-25T10:22:56.347
1082;Midtjylland;2020-09-10;28;2025-02-25T10:22:56.347
1081;Nordjylland;2020-09-10;37;2025-02-25T10:22:56.347
1085;Sjælland;2020-09-10;50;2025-02-25T10:22:56.347
1083;Syddanmark;2020-09-10;55;2025-02-25T10:22:56.347
1084;Hovedstaden;2020-09-11;169;2025-02-25T10:22:56.347
1082;Midtjylland;2020-09-11;71;2025-02-25T10:22:56.347
1081;Nordjylland;2020-09-11;43;2025-02-25T10:22:56.347
1085;Sjælland;2020-09-11;21;2025-02-25T10:22:56.347
1083;Syddanmark;2020-09-11;42;2025-02-25T10:22:56.347
1084;Hovedstaden;2020-09-12;174;2025-02-25T10:22:56.347
1082;Midtjylland;2020-09-12;29;2025-02-25T10:22:56.347
1081;Nordjylland;2020-09-12;31;2025-02-25T10:22:56.347
1085;Sjælland;2020-09-12;23;2025-02-25T10:22:56.347
1083;Syddanmark;2020-09-12;44;2025-02-25T10:22:56.347
1084;Hovedstaden;2020-09-13;171;2025-02-25T10:22:56.347
1082;Midtjylland;2020-09-13;16;2025-02-25T10:22:56.347
1081;Nordjylland;2020-09-13;42;2025-02-25T10:22:56.347
1085;Sjælland;2020-09-13;17;2025-02-25T10:22:56.347
1083;Syddanmark;2020-09-13;52;2025-02-25T10:22:56.347
1084;Hovedstaden;2020-09-14;223;2025-02-25T10:22:56.347
1082;Midtjylland;2020-09-14;36;2025-02-25T10:22:56.347
1081;Nordjylland;2020-09-14;48;2025-02-25T10:22:56.347
1085;Sjælland;2020-09-14;31;2025-02-25T10:22:56.347
1083;Syddanmark;2020-09-14;43;2025-02-25T10:22:56.347
1084;Hovedstaden;2020-09-15;240;2025-02-25T10:22:56.347
1082;Midtjylland;2020-09-15;47;2025-02-25T10:22:56.347
1081;Nordjylland;2020-09-15;61;2025-02-25T10:22:56.347
1085;Sjælland;2020-09-15;37;2025-02-25T10:22:56.347
1083;Syddanmark;2020-09-15;50;2025-02-25T10:22:56.347
1084;Hovedstaden;2020-09-16;308;2025-02-25T10:22:56.347
1082;Midtjylland;2020-09-16;63;2025-02-25T10:22:56.347
1081;Nordjylland;2020-09-16;66;2025-02-25T10:22:56.347
1085;Sjælland;2020-09-16;47;2025-02-25T10:22:56.347
1083;Syddanmark;2020-09-16;68;2025-02-25T10:22:56.347
1084;Hovedstaden;2020-09-17;314;2025-02-25T10:22:56.347
1082;Midtjylland;2020-09-17;61;2025-02-25T10:22:56.347
1081;Nordjylland;2020-09-17;37;2025-02-25T10:22:56.347
1085;Sjælland;2020-09-17;44;2025-02-25T10:22:56.347
1083;Syddanmark;2020-09-17;62;2025-02-25T10:22:56.347
1084;Hovedstaden;2020-09-18;260;2025-02-25T10:22:56.347
1082;Midtjylland;2020-09-18;69;2025-02-25T10:22:56.347
1081;Nordjylland;2020-09-18;46;2025-02-25T10:22:56.347
1085;Sjælland;2020-09-18;48;2025-02-25T10:22:56.347
1083;Syddanmark;2020-09-18;52;2025-02-25T10:22:56.347
1084;Hovedstaden;2020-09-19;228;2025-02-25T10:22:56.347
1082;Midtjylland;2020-09-19;49;2025-02-25T10:22:56.347
1081;Nordjylland;2020-09-19;31;2025-02-25T10:22:56.347
1085;Sjælland;2020-09-19;48;2025-02-25T10:22:56.347
1083;Syddanmark;2020-09-19;60;2025-02-25T10:22:56.347
1084;Hovedstaden;2020-09-20;226;2025-02-25T10:22:56.347
1082;Midtjylland;2020-09-20;51;2025-02-25T10:22:56.347
1081;Nordjylland;2020-09-20;42;2025-02-25T10:22:56.347
1085;Sjælland;2020-09-20;46;2025-02-25T10:22:56.347
1083;Syddanmark;2020-09-20;42;2025-02-25T10:22:56.347
1084;Hovedstaden;2020-09-21;298;2025-02-25T10:22:56.347
1082;Midtjylland;2020-09-21;65;2025-02-25T10:22:56.347
1081;Nordjylland;2020-09-21;58;2025-02-25T10:22:56.347
1085;Sjælland;2020-09-21;56;2025-02-25T10:22:56.347
1083;Syddanmark;2020-09-21;58;2025-02-25T10:22:56.347
1084;Hovedstaden;2020-09-22;301;2025-02-25T10:22:56.347
1082;Midtjylland;2020-09-22;93;2025-02-25T10:22:56.347
1081;Nordjylland;2020-09-22;53;2025-02-25T10:22:56.347
1085;Sjælland;2020-09-22;68;2025-02-25T10:22:56.347
1083;Syddanmark;2020-09-22;72;2025-02-25T10:22:56.347
1084;Hovedstaden;2020-09-23;299;2025-02-25T10:22:56.347
1082;Midtjylland;2020-09-23;124;2025-02-25T10:22:56.347
1081;Nordjylland;2020-09-23;49;2025-02-25T10:22:56.347
1085;Sjælland;2020-09-23;96;2025-02-25T10:22:56.347
1083;Syddanmark;2020-09-23;84;2025-02-25T10:22:56.347
1084;Hovedstaden;2020-09-24;288;2025-02-25T10:22:56.347
1082;Midtjylland;2020-09-24;113;2025-02-25T10:22:56.347
1081;Nordjylland;2020-09-24;38;2025-02-25T10:22:56.347
1085;Sjælland;2020-09-24;80;2025-02-25T10:22:56.347
1083;Syddanmark;2020-09-24;80;2025-02-25T10:22:56.347
1084;Hovedstaden;2020-09-25;207;2025-02-25T10:22:56.347
1082;Midtjylland;2020-09-25;104;2025-02-25T10:22:56.347
1081;Nordjylland;2020-09-25;40;2025-02-25T10:22:56.347
1085;Sjælland;2020-09-25;65;2025-02-25T10:22:56.347
1083;Syddanmark;2020-09-25;72;2025-02-25T10:22:56.347
1084;Hovedstaden;2020-09-26;179;2025-02-25T10:22:56.347
1082;Midtjylland;2020-09-26;92;2025-02-25T10:22:56.347
1081;Nordjylland;2020-09-26;32;2025-02-25T10:22:56.347
1085;Sjælland;2020-09-26;54;2025-02-25T10:22:56.347
1083;Syddanmark;2020-09-26;38;2025-02-25T10:22:56.347
1084;Hovedstaden;2020-09-27;184;2025-02-25T10:22:56.347
1082;Midtjylland;2020-09-27;79;2025-02-25T10:22:56.347
1081;Nordjylland;2020-09-27;22;2025-02-25T10:22:56.347
1085;Sjælland;2020-09-27;39;2025-02-25T10:22:56.347
1083;Syddanmark;2020-09-27;35;2025-02-25T10:22:56.347
1084;Hovedstaden;2020-09-28;212;2025-02-25T10:22:56.347
1082;Midtjylland;2020-09-28;109;2025-02-25T10:22:56.347
1081;Nordjylland;2020-09-28;40;2025-02-25T10:22:56.347
1085;Sjælland;2020-09-28;63;2025-02-25T10:22:56.347
1083;Syddanmark;2020-09-28;59;2025-02-25T10:22:56.347
1084;Hovedstaden;2020-09-29;191;2025-02-25T10:22:56.347
1082;Midtjylland;2020-09-29;107;2025-02-25T10:22:56.347
1081;Nordjylland;2020-09-29;44;2025-02-25T10:22:56.347
1085;Sjælland;2020-09-29;52;2025-02-25T10:22:56.347
1083;Syddanmark;2020-09-29;56;2025-02-25T10:22:56.347
1084;Hovedstaden;2020-09-30;175;2025-02-25T10:22:56.347
1082;Midtjylland;2020-09-30;94;2025-02-25T10:22:56.347
1081;Nordjylland;2020-09-30;39;2025-02-25T10:22:56.347
1085;Sjælland;2020-09-30;59;2025-02-25T10:22:56.347
1083;Syddanmark;2020-09-30;66;2025-02-25T10:22:56.347
1084;Hovedstaden;2020-10-01;164;2025-02-25T10:22:56.347
1082;Midtjylland;2020-10-01;108;2025-02-25T10:22:56.347
1081;Nordjylland;2020-10-01;41;2025-02-25T10:22:56.347
1085;Sjælland;2020-10-01;56;2025-02-25T10:22:56.347
1083;Syddanmark;2020-10-01;58;2025-02-25T10:22:56.347
1084;Hovedstaden;2020-10-02;141;2025-02-25T10:22:56.347
1082;Midtjylland;2020-10-02;101;2025-02-25T10:22:56.347
1081;Nordjylland;2020-10-02;36;2025-02-25T10:22:56.347
1085;Sjælland;2020-10-02;41;2025-02-25T10:22:56.347
1083;Syddanmark;2020-10-02;47;2025-02-25T10:22:56.347
1084;Hovedstaden;2020-10-03;146;2025-02-25T10:22:56.347
1082;Midtjylland;2020-10-03;70;2025-02-25T10:22:56.347
1081;Nordjylland;2020-10-03;31;2025-02-25T10:22:56.347
1085;Sjælland;2020-10-03;32;2025-02-25T10:22:56.347
1083;Syddanmark;2020-10-03;59;2025-02-25T10:22:56.347
1084;Hovedstaden;2020-10-04;146;2025-02-25T10:22:56.347
1082;Midtjylland;2020-10-04;58;2025-02-25T10:22:56.347
1081;Nordjylland;2020-10-04;30;2025-02-25T10:22:56.347
1085;Sjælland;2020-10-04;30;2025-02-25T10:22:56.347
1083;Syddanmark;2020-10-04;42;2025-02-25T10:22:56.347
1084;Hovedstaden;2020-10-05;162;2025-02-25T10:22:56.347
1082;Midtjylland;2020-10-05;105;2025-02-25T10:22:56.347
1081;Nordjylland;2020-10-05;60;2025-02-25T10:22:56.347
1085;Sjælland;2020-10-05;41;2025-02-25T10:22:56.347
1083;Syddanmark;2020-10-05;61;2025-02-25T10:22:56.347
1084;Hovedstaden;2020-10-06;194;2025-02-25T10:22:56.347
1082;Midtjylland;2020-10-06;108;2025-02-25T10:22:56.347
1081;Nordjylland;2020-10-06;31;2025-02-25T10:22:56.347
1085;Sjælland;2020-10-06;40;2025-02-25T10:22:56.347
1083;Syddanmark;2020-10-06;53;2025-02-25T10:22:56.347
1084;Hovedstaden;2020-10-07;158;2025-02-25T10:22:56.347
1082;Midtjylland;2020-10-07;152;2025-02-25T10:22:56.347
1081;Nordjylland;2020-10-07;49;2025-02-25T10:22:56.347
1085;Sjælland;2020-10-07;37;2025-02-25T10:22:56.347
1083;Syddanmark;2020-10-07;56;2025-02-25T10:22:56.347
1084;Hovedstaden;2020-10-08;153;2025-02-25T10:22:56.347
1082;Midtjylland;2020-10-08;137;2025-02-25T10:22:56.347
1081;Nordjylland;2020-10-08;50;2025-02-25T10:22:56.347
1085;Sjælland;2020-10-08;28;2025-02-25T10:22:56.347
1083;Syddanmark;2020-10-08;55;2025-02-25T10:22:56.347
1084;Hovedstaden;2020-10-09;152;2025-02-25T10:22:56.347
1082;Midtjylland;2020-10-09;116;2025-02-25T10:22:56.347
1081;Nordjylland;2020-10-09;43;2025-02-25T10:22:56.347
1085;Sjælland;2020-10-09;30;2025-02-25T10:22:56.347
1083;Syddanmark;2020-10-09;71;2025-02-25T10:22:56.347
1084;Hovedstaden;2020-10-10;108;2025-02-25T10:22:56.347
1082;Midtjylland;2020-10-10;87;2025-02-25T10:22:56.347
1081;Nordjylland;2020-10-10;32;2025-02-25T10:22:56.347
1085;Sjælland;2020-10-10;25;2025-02-25T10:22:56.347
1083;Syddanmark;2020-10-10;29;2025-02-25T10:22:56.347
1084;Hovedstaden;2020-10-11;97;2025-02-25T10:22:56.347
1082;Midtjylland;2020-10-11;66;2025-02-25T10:22:56.347
1081;Nordjylland;2020-10-11;30;2025-02-25T10:22:56.347
1085;Sjælland;2020-10-11;29;2025-02-25T10:22:56.347
1083;Syddanmark;2020-10-11;33;2025-02-25T10:22:56.347
1084;Hovedstaden;2020-10-12;141;2025-02-25T10:22:56.347
1082;Midtjylland;2020-10-12;128;2025-02-25T10:22:56.347
1081;Nordjylland;2020-10-12;45;2025-02-25T10:22:56.347
1085;Sjælland;2020-10-12;70;2025-02-25T10:22:56.347
1083;Syddanmark;2020-10-12;72;2025-02-25T10:22:56.347
1084;Hovedstaden;2020-10-13;157;2025-02-25T10:22:56.347
1082;Midtjylland;2020-10-13;95;2025-02-25T10:22:56.347
1081;Nordjylland;2020-10-13;55;2025-02-25T10:22:56.347
1085;Sjælland;2020-10-13;24;2025-02-25T10:22:56.347
1083;Syddanmark;2020-10-13;94;2025-02-25T10:22:56.347
1084;Hovedstaden;2020-10-14;201;2025-02-25T10:22:56.347
1082;Midtjylland;2020-10-14;96;2025-02-25T10:22:56.347
1081;Nordjylland;2020-10-14;62;2025-02-25T10:22:56.347
1085;Sjælland;2020-10-14;36;2025-02-25T10:22:56.347
1083;Syddanmark;2020-10-14;74;2025-02-25T10:22:56.347
1084;Hovedstaden;2020-10-15;182;2025-02-25T10:22:56.347
1082;Midtjylland;2020-10-15;112;2025-02-25T10:22:56.347
1081;Nordjylland;2020-10-15;33;2025-02-25T10:22:56.347
1085;Sjælland;2020-10-15;39;2025-02-25T10:22:56.347
1083;Syddanmark;2020-10-15;85;2025-02-25T10:22:56.347
1084;Hovedstaden;2020-10-16;188;2025-02-25T10:22:56.347
1082;Midtjylland;2020-10-16;105;2025-02-25T10:22:56.347
1081;Nordjylland;2020-10-16;49;2025-02-25T10:22:56.347
1085;Sjælland;2020-10-16;47;2025-02-25T10:22:56.347
1083;Syddanmark;2020-10-16;77;2025-02-25T10:22:56.347
1084;Hovedstaden;2020-10-17;217;2025-02-25T10:22:56.347
1082;Midtjylland;2020-10-17;75;2025-02-25T10:22:56.347
1081;Nordjylland;2020-10-17;42;2025-02-25T10:22:56.347
1085;Sjælland;2020-10-17;28;2025-02-25T10:22:56.347
1083;Syddanmark;2020-10-17;69;2025-02-25T10:22:56.347
1084;Hovedstaden;2020-10-18;226;2025-02-25T10:22:56.347
1082;Midtjylland;2020-10-18;71;2025-02-25T10:22:56.347
1081;Nordjylland;2020-10-18;43;2025-02-25T10:22:56.347
1085;Sjælland;2020-10-18;35;2025-02-25T10:22:56.347
1083;Syddanmark;2020-10-18;77;2025-02-25T10:22:56.347
1084;Hovedstaden;2020-10-19;293;2025-02-25T10:22:56.347
1082;Midtjylland;2020-10-19;140;2025-02-25T10:22:56.347
1081;Nordjylland;2020-10-19;72;2025-02-25T10:22:56.347
1085;Sjælland;2020-10-19;68;2025-02-25T10:22:56.347
1083;Syddanmark;2020-10-19;115;2025-02-25T10:22:56.347
1084;Hovedstaden;2020-10-20;317;2025-02-25T10:22:56.347
1082;Midtjylland;2020-10-20;191;2025-02-25T10:22:56.347
1081;Nordjylland;2020-10-20;84;2025-02-25T10:22:56.347
1085;Sjælland;2020-10-20;70;2025-02-25T10:22:56.347
1083;Syddanmark;2020-10-20;117;2025-02-25T10:22:56.347
1084;Hovedstaden;2020-10-21;330;2025-02-25T10:22:56.347
1082;Midtjylland;2020-10-21;234;2025-02-25T10:22:56.347
1081;Nordjylland;2020-10-21;92;2025-02-25T10:22:56.347
1085;Sjælland;2020-10-21;76;2025-02-25T10:22:56.347
1083;Syddanmark;2020-10-21;116;2025-02-25T10:22:56.347
1084;Hovedstaden;2020-10-22;407;2025-02-25T10:22:56.347
1082;Midtjylland;2020-10-22;150;2025-02-25T10:22:56.347
1081;Nordjylland;2020-10-22;102;2025-02-25T10:22:56.347
1085;Sjælland;2020-10-22;75;2025-02-25T10:22:56.347
1083;Syddanmark;2020-10-22;131;2025-02-25T10:22:56.347
1084;Hovedstaden;2020-10-23;370;2025-02-25T10:22:56.347
1082;Midtjylland;2020-10-23;174;2025-02-25T10:22:56.347
1081;Nordjylland;2020-10-23;117;2025-02-25T10:22:56.347
1085;Sjælland;2020-10-23;79;2025-02-25T10:22:56.347
1083;Syddanmark;2020-10-23;120;2025-02-25T10:22:56.347
1084;Hovedstaden;2020-10-24;385;2025-02-25T10:22:56.347
1082;Midtjylland;2020-10-24;144;2025-02-25T10:22:56.347
1081;Nordjylland;2020-10-24;104;2025-02-25T10:22:56.347
1085;Sjælland;2020-10-24;89;2025-02-25T10:22:56.347
1083;Syddanmark;2020-10-24;97;2025-02-25T10:22:56.347
1084;Hovedstaden;2020-10-25;440;2025-02-25T10:22:56.347
1082;Midtjylland;2020-10-25;156;2025-02-25T10:22:56.347
1081;Nordjylland;2020-10-25;109;2025-02-25T10:22:56.347
1085;Sjælland;2020-10-25;79;2025-02-25T10:22:56.347
1083;Syddanmark;2020-10-25;134;2025-02-25T10:22:56.347
1084;Hovedstaden;2020-10-26;446;2025-02-25T10:22:56.347
1082;Midtjylland;2020-10-26;163;2025-02-25T10:22:56.347
1081;Nordjylland;2020-10-26;132;2025-02-25T10:22:56.347
1085;Sjælland;2020-10-26;99;2025-02-25T10:22:56.347
1083;Syddanmark;2020-10-26;167;2025-02-25T10:22:56.347
1084;Hovedstaden;2020-10-27;575;2025-02-25T10:22:56.347
1082;Midtjylland;2020-10-27;241;2025-02-25T10:22:56.347
1081;Nordjylland;2020-10-27;148;2025-02-25T10:22:56.347
1085;Sjælland;2020-10-27;135;2025-02-25T10:22:56.347
1083;Syddanmark;2020-10-27;145;2025-02-25T10:22:56.347
1084;Hovedstaden;2020-10-28;529;2025-02-25T10:22:56.347
1082;Midtjylland;2020-10-28;230;2025-02-25T10:22:56.347
1081;Nordjylland;2020-10-28;114;2025-02-25T10:22:56.347
1085;Sjælland;2020-10-28;141;2025-02-25T10:22:56.347
1083;Syddanmark;2020-10-28;187;2025-02-25T10:22:56.347
1084;Hovedstaden;2020-10-29;459;2025-02-25T10:22:56.347
1082;Midtjylland;2020-10-29;141;2025-02-25T10:22:56.347
1081;Nordjylland;2020-10-29;121;2025-02-25T10:22:56.347
1085;Sjælland;2020-10-29;120;2025-02-25T10:22:56.347
1083;Syddanmark;2020-10-29;172;2025-02-25T10:22:56.347
1084;Hovedstaden;2020-10-30;494;2025-02-25T10:22:56.347
1082;Midtjylland;2020-10-30;195;2025-02-25T10:22:56.347
1081;Nordjylland;2020-10-30;113;2025-02-25T10:22:56.347
1085;Sjælland;2020-10-30;152;2025-02-25T10:22:56.347
1083;Syddanmark;2020-10-30;127;2025-02-25T10:22:56.347
1084;Hovedstaden;2020-10-31;504;2025-02-25T10:22:56.347
1082;Midtjylland;2020-10-31;169;2025-02-25T10:22:56.347
1081;Nordjylland;2020-10-31;96;2025-02-25T10:22:56.347
1085;Sjælland;2020-10-31;108;2025-02-25T10:22:56.347
1083;Syddanmark;2020-10-31;99;2025-02-25T10:22:56.347
1084;Hovedstaden;2020-11-01;465;2025-02-25T10:22:56.347
1082;Midtjylland;2020-11-01;173;2025-02-25T10:22:56.347
1081;Nordjylland;2020-11-01;96;2025-02-25T10:22:56.347
1085;Sjælland;2020-11-01;84;2025-02-25T10:22:56.347
1083;Syddanmark;2020-11-01;139;2025-02-25T10:22:56.347
1084;Hovedstaden;2020-11-02;605;2025-02-25T10:22:56.347
1082;Midtjylland;2020-11-02;206;2025-02-25T10:22:56.347
1081;Nordjylland;2020-11-02;116;2025-02-25T10:22:56.347
1085;Sjælland;2020-11-02;183;2025-02-25T10:22:56.347
1083;Syddanmark;2020-11-02;162;2025-02-25T10:22:56.347
1084;Hovedstaden;2020-11-03;579;2025-02-25T10:22:56.347
1082;Midtjylland;2020-11-03;213;2025-02-25T10:22:56.347
1081;Nordjylland;2020-11-03;137;2025-02-25T10:22:56.347
1085;Sjælland;2020-11-03;146;2025-02-25T10:22:56.347
1083;Syddanmark;2020-11-03;182;2025-02-25T10:22:56.347
1084;Hovedstaden;2020-11-04;584;2025-02-25T10:22:56.347
1082;Midtjylland;2020-11-04;234;2025-02-25T10:22:56.347
1081;Nordjylland;2020-11-04;83;2025-02-25T10:22:56.347
1085;Sjælland;2020-11-04;172;2025-02-25T10:22:56.347
1083;Syddanmark;2020-11-04;172;2025-02-25T10:22:56.347
1084;Hovedstaden;2020-11-05;472;2025-02-25T10:22:56.347
1082;Midtjylland;2020-11-05;182;2025-02-25T10:22:56.347
1081;Nordjylland;2020-11-05;83;2025-02-25T10:22:56.347
1085;Sjælland;2020-11-05;140;2025-02-25T10:22:56.347
1083;Syddanmark;2020-11-05;150;2025-02-25T10:22:56.347
1084;Hovedstaden;2020-11-06;463;2025-02-25T10:22:56.347
1082;Midtjylland;2020-11-06;162;2025-02-25T10:22:56.347
1081;Nordjylland;2020-11-06;60;2025-02-25T10:22:56.347
1085;Sjælland;2020-11-06;144;2025-02-25T10:22:56.347
1083;Syddanmark;2020-11-06;130;2025-02-25T10:22:56.347
1084;Hovedstaden;2020-11-07;385;2025-02-25T10:22:56.347
1082;Midtjylland;2020-11-07;174;2025-02-25T10:22:56.347
1081;Nordjylland;2020-11-07;68;2025-02-25T10:22:56.347
1085;Sjælland;2020-11-07;115;2025-02-25T10:22:56.347
1083;Syddanmark;2020-11-07;102;2025-02-25T10:22:56.347
1084;Hovedstaden;2020-11-08;352;2025-02-25T10:22:56.347
1082;Midtjylland;2020-11-08;154;2025-02-25T10:22:56.347
1081;Nordjylland;2020-11-08;41;2025-02-25T10:22:56.347
1085;Sjælland;2020-11-08;90;2025-02-25T10:22:56.347
1083;Syddanmark;2020-11-08;100;2025-02-25T10:22:56.347
1084;Hovedstaden;2020-11-09;484;2025-02-25T10:22:56.347
1082;Midtjylland;2020-11-09;204;2025-02-25T10:22:56.347
1081;Nordjylland;2020-11-09;72;2025-02-25T10:22:56.347
1085;Sjælland;2020-11-09;118;2025-02-25T10:22:56.347
1083;Syddanmark;2020-11-09;166;2025-02-25T10:22:56.347
1084;Hovedstaden;2020-11-10;496;2025-02-25T10:22:56.347
1082;Midtjylland;2020-11-10;226;2025-02-25T10:22:56.347
1081;Nordjylland;2020-11-10;61;2025-02-25T10:22:56.347
1085;Sjælland;2020-11-10;147;2025-02-25T10:22:56.347
1083;Syddanmark;2020-11-10;126;2025-02-25T10:22:56.347
1084;Hovedstaden;2020-11-11;441;2025-02-25T10:22:56.347
1082;Midtjylland;2020-11-11;264;2025-02-25T10:22:56.347
1081;Nordjylland;2020-11-11;70;2025-02-25T10:22:56.347
1085;Sjælland;2020-11-11;152;2025-02-25T10:22:56.347
1083;Syddanmark;2020-11-11;162;2025-02-25T10:22:56.347
1084;Hovedstaden;2020-11-12;475;2025-02-25T10:22:56.347
1082;Midtjylland;2020-11-12;248;2025-02-25T10:22:56.347
1081;Nordjylland;2020-11-12;67;2025-02-25T10:22:56.347
1085;Sjælland;2020-11-12;118;2025-02-25T10:22:56.347
1083;Syddanmark;2020-11-12;144;2025-02-25T10:22:56.347
1084;Hovedstaden;2020-11-13;519;2025-02-25T10:22:56.347
1082;Midtjylland;2020-11-13;233;2025-02-25T10:22:56.347
1081;Nordjylland;2020-11-13;77;2025-02-25T10:22:56.347
1085;Sjælland;2020-11-13;151;2025-02-25T10:22:56.347
1083;Syddanmark;2020-11-13;168;2025-02-25T10:22:56.347
1084;Hovedstaden;2020-11-14;468;2025-02-25T10:22:56.347
1082;Midtjylland;2020-11-14;224;2025-02-25T10:22:56.347
1081;Nordjylland;2020-11-14;65;2025-02-25T10:22:56.347
1085;Sjælland;2020-11-14;103;2025-02-25T10:22:56.347
1083;Syddanmark;2020-11-14;182;2025-02-25T10:22:56.347
1084;Hovedstaden;2020-11-15;452;2025-02-25T10:22:56.347
1082;Midtjylland;2020-11-15;204;2025-02-25T10:22:56.347
1081;Nordjylland;2020-11-15;73;2025-02-25T10:22:56.347
1085;Sjælland;2020-11-15;110;2025-02-25T10:22:56.347
1083;Syddanmark;2020-11-15;150;2025-02-25T10:22:56.347
1084;Hovedstaden;2020-11-16;550;2025-02-25T10:22:56.347
1082;Midtjylland;2020-11-16;301;2025-02-25T10:22:56.347
1081;Nordjylland;2020-11-16;58;2025-02-25T10:22:56.347
1085;Sjælland;2020-11-16;143;2025-02-25T10:22:56.347
1083;Syddanmark;2020-11-16;200;2025-02-25T10:22:56.347
1084;Hovedstaden;2020-11-17;591;2025-02-25T10:22:56.347
1082;Midtjylland;2020-11-17;300;2025-02-25T10:22:56.347
1081;Nordjylland;2020-11-17;65;2025-02-25T10:22:56.347
1085;Sjælland;2020-11-17;137;2025-02-25T10:22:56.347
1083;Syddanmark;2020-11-17;238;2025-02-25T10:22:56.347
1084;Hovedstaden;2020-11-18;592;2025-02-25T10:22:56.347
1082;Midtjylland;2020-11-18;298;2025-02-25T10:22:56.347
1081;Nordjylland;2020-11-18;53;2025-02-25T10:22:56.347
1085;Sjælland;2020-11-18;147;2025-02-25T10:22:56.347
1083;Syddanmark;2020-11-18;241;2025-02-25T10:22:56.347
1084;Hovedstaden;2020-11-19;573;2025-02-25T10:22:56.347
1082;Midtjylland;2020-11-19;241;2025-02-25T10:22:56.347
1081;Nordjylland;2020-11-19;44;2025-02-25T10:22:56.347
1085;Sjælland;2020-11-19;140;2025-02-25T10:22:56.347
1083;Syddanmark;2020-11-19;223;2025-02-25T10:22:56.347
1084;Hovedstaden;2020-11-20;551;2025-02-25T10:22:56.347
1082;Midtjylland;2020-11-20;216;2025-02-25T10:22:56.347
1081;Nordjylland;2020-11-20;64;2025-02-25T10:22:56.347
1085;Sjælland;2020-11-20;158;2025-02-25T10:22:56.347
1083;Syddanmark;2020-11-20;235;2025-02-25T10:22:56.347
1084;Hovedstaden;2020-11-21;515;2025-02-25T10:22:56.347
1082;Midtjylland;2020-11-21;178;2025-02-25T10:22:56.347
1081;Nordjylland;2020-11-21;36;2025-02-25T10:22:56.347
1085;Sjælland;2020-11-21;111;2025-02-25T10:22:56.347
1083;Syddanmark;2020-11-21;161;2025-02-25T10:22:56.347
1084;Hovedstaden;2020-11-22;515;2025-02-25T10:22:56.347
1082;Midtjylland;2020-11-22;192;2025-02-25T10:22:56.347
1081;Nordjylland;2020-11-22;38;2025-02-25T10:22:56.347
1085;Sjælland;2020-11-22;95;2025-02-25T10:22:56.347
1083;Syddanmark;2020-11-22;169;2025-02-25T10:22:56.347
1084;Hovedstaden;2020-11-23;592;2025-02-25T10:22:56.347
1082;Midtjylland;2020-11-23;191;2025-02-25T10:22:56.347
1081;Nordjylland;2020-11-23;35;2025-02-25T10:22:56.347
1085;Sjælland;2020-11-23;144;2025-02-25T10:22:56.347
1083;Syddanmark;2020-11-23;227;2025-02-25T10:22:56.347
1084;Hovedstaden;2020-11-24;674;2025-02-25T10:22:56.347
1082;Midtjylland;2020-11-24;238;2025-02-25T10:22:56.347
1081;Nordjylland;2020-11-24;42;2025-02-25T10:22:56.347
1085;Sjælland;2020-11-24;151;2025-02-25T10:22:56.347
1083;Syddanmark;2020-11-24;224;2025-02-25T10:22:56.347
1084;Hovedstaden;2020-11-25;669;2025-02-25T10:22:56.347
1082;Midtjylland;2020-11-25;235;2025-02-25T10:22:56.347
1081;Nordjylland;2020-11-25;46;2025-02-25T10:22:56.347
1085;Sjælland;2020-11-25;170;2025-02-25T10:22:56.347
1083;Syddanmark;2020-11-25;196;2025-02-25T10:22:56.347
1084;Hovedstaden;2020-11-26;619;2025-02-25T10:22:56.347
1082;Midtjylland;2020-11-26;247;2025-02-25T10:22:56.347
1081;Nordjylland;2020-11-26;45;2025-02-25T10:22:56.347
1085;Sjælland;2020-11-26;165;2025-02-25T10:22:56.347
1083;Syddanmark;2020-11-26;181;2025-02-25T10:22:56.347
1084;Hovedstaden;2020-11-27;694;2025-02-25T10:22:56.347
1082;Midtjylland;2020-11-27;231;2025-02-25T10:22:56.347
1081;Nordjylland;2020-11-27;38;2025-02-25T10:22:56.347
1085;Sjælland;2020-11-27;134;2025-02-25T10:22:56.347
1083;Syddanmark;2020-11-27;213;2025-02-25T10:22:56.347
1084;Hovedstaden;2020-11-28;628;2025-02-25T10:22:56.347
1082;Midtjylland;2020-11-28;212;2025-02-25T10:22:56.347
1081;Nordjylland;2020-11-28;26;2025-02-25T10:22:56.347
1085;Sjælland;2020-11-28;146;2025-02-25T10:22:56.347
1083;Syddanmark;2020-11-28;139;2025-02-25T10:22:56.347
1084;Hovedstaden;2020-11-29;674;2025-02-25T10:22:56.347
1082;Midtjylland;2020-11-29;185;2025-02-25T10:22:56.347
1081;Nordjylland;2020-11-29;37;2025-02-25T10:22:56.347
1085;Sjælland;2020-11-29;143;2025-02-25T10:22:56.347
1083;Syddanmark;2020-11-29;134;2025-02-25T10:22:56.347
1084;Hovedstaden;2020-11-30;761;2025-02-25T10:22:56.347
1082;Midtjylland;2020-11-30;326;2025-02-25T10:22:56.347
1081;Nordjylland;2020-11-30;39;2025-02-25T10:22:56.347
1085;Sjælland;2020-11-30;206;2025-02-25T10:22:56.347
1083;Syddanmark;2020-11-30;199;2025-02-25T10:22:56.347
1084;Hovedstaden;2020-12-01;960;2025-02-25T10:22:56.347
1082;Midtjylland;2020-12-01;292;2025-02-25T10:22:56.347
1081;Nordjylland;2020-12-01;47;2025-02-25T10:22:56.347
1085;Sjælland;2020-12-01;207;2025-02-25T10:22:56.347
1083;Syddanmark;2020-12-01;208;2025-02-25T10:22:56.347
1084;Hovedstaden;2020-12-02;1030;2025-02-25T10:22:56.347
1082;Midtjylland;2020-12-02;326;2025-02-25T10:22:56.347
1081;Nordjylland;2020-12-02;60;2025-02-25T10:22:56.347
1085;Sjælland;2020-12-02;268;2025-02-25T10:22:56.347
1083;Syddanmark;2020-12-02;196;2025-02-25T10:22:56.347
1084;Hovedstaden;2020-12-03;1026;2025-02-25T10:22:56.347
1082;Midtjylland;2020-12-03;332;2025-02-25T10:22:56.347
1081;Nordjylland;2020-12-03;53;2025-02-25T10:22:56.347
1085;Sjælland;2020-12-03;249;2025-02-25T10:22:56.347
1083;Syddanmark;2020-12-03;248;2025-02-25T10:22:56.347
1084;Hovedstaden;2020-12-04;1058;2025-02-25T10:22:56.347
1082;Midtjylland;2020-12-04;403;2025-02-25T10:22:56.347
1081;Nordjylland;2020-12-04;65;2025-02-25T10:22:56.347
1085;Sjælland;2020-12-04;264;2025-02-25T10:22:56.347
1083;Syddanmark;2020-12-04;228;2025-02-25T10:22:56.347
1084;Hovedstaden;2020-12-05;974;2025-02-25T10:22:56.347
1082;Midtjylland;2020-12-05;266;2025-02-25T10:22:56.347
1081;Nordjylland;2020-12-05;53;2025-02-25T10:22:56.347
1085;Sjælland;2020-12-05;267;2025-02-25T10:22:56.347
1083;Syddanmark;2020-12-05;155;2025-02-25T10:22:56.347
1084;Hovedstaden;2020-12-06;1113;2025-02-25T10:22:56.347
1082;Midtjylland;2020-12-06;305;2025-02-25T10:22:56.347
1081;Nordjylland;2020-12-06;70;2025-02-25T10:22:56.347
1085;Sjælland;2020-12-06;274;2025-02-25T10:22:56.347
1083;Syddanmark;2020-12-06;214;2025-02-25T10:22:56.347
1084;Hovedstaden;2020-12-07;1513;2025-02-25T10:22:56.347
1082;Midtjylland;2020-12-07;443;2025-02-25T10:22:56.347
1081;Nordjylland;2020-12-07;105;2025-02-25T10:22:56.347
1085;Sjælland;2020-12-07;382;2025-02-25T10:22:56.347
1083;Syddanmark;2020-12-07;309;2025-02-25T10:22:56.347
1084;Hovedstaden;2020-12-08;1671;2025-02-25T10:22:56.347
1082;Midtjylland;2020-12-08;519;2025-02-25T10:22:56.347
1081;Nordjylland;2020-12-08;139;2025-02-25T10:22:56.347
1085;Sjælland;2020-12-08;466;2025-02-25T10:22:56.347
1083;Syddanmark;2020-12-08;330;2025-02-25T10:22:56.347
1084;Hovedstaden;2020-12-09;1695;2025-02-25T10:22:56.347
1082;Midtjylland;2020-12-09;578;2025-02-25T10:22:56.347
1081;Nordjylland;2020-12-09;145;2025-02-25T10:22:56.347
1085;Sjælland;2020-12-09;441;2025-02-25T10:22:56.347
1083;Syddanmark;2020-12-09;333;2025-02-25T10:22:56.347
1084;Hovedstaden;2020-12-10;1809;2025-02-25T10:22:56.347
1082;Midtjylland;2020-12-10;600;2025-02-25T10:22:56.347
1081;Nordjylland;2020-12-10;166;2025-02-25T10:22:56.347
1085;Sjælland;2020-12-10;427;2025-02-25T10:22:56.347
1083;Syddanmark;2020-12-10;282;2025-02-25T10:22:56.347
1084;Hovedstaden;2020-12-11;1741;2025-02-25T10:22:56.347
1082;Midtjylland;2020-12-11;583;2025-02-25T10:22:56.347
1081;Nordjylland;2020-12-11;125;2025-02-25T10:22:56.347
1085;Sjælland;2020-12-11;506;2025-02-25T10:22:56.347
1083;Syddanmark;2020-12-11;341;2025-02-25T10:22:56.347
1084;Hovedstaden;2020-12-12;1685;2025-02-25T10:22:56.347
1082;Midtjylland;2020-12-12;544;2025-02-25T10:22:56.347
1081;Nordjylland;2020-12-12;160;2025-02-25T10:22:56.347
1085;Sjælland;2020-12-12;411;2025-02-25T10:22:56.347
1083;Syddanmark;2020-12-12;288;2025-02-25T10:22:56.347
1084;Hovedstaden;2020-12-13;1892;2025-02-25T10:22:56.347
1082;Midtjylland;2020-12-13;476;2025-02-25T10:22:56.347
1081;Nordjylland;2020-12-13;123;2025-02-25T10:22:56.347
1085;Sjælland;2020-12-13;376;2025-02-25T10:22:56.347
1083;Syddanmark;2020-12-13;299;2025-02-25T10:22:56.347
1084;Hovedstaden;2020-12-14;2016;2025-02-25T10:22:56.347
1082;Midtjylland;2020-12-14;765;2025-02-25T10:22:56.347
1081;Nordjylland;2020-12-14;193;2025-02-25T10:22:56.347
1085;Sjælland;2020-12-14;592;2025-02-25T10:22:56.347
1083;Syddanmark;2020-12-14;422;2025-02-25T10:22:56.347
1084;Hovedstaden;2020-12-15;2127;2025-02-25T10:22:56.347
1082;Midtjylland;2020-12-15;805;2025-02-25T10:22:56.347
1081;Nordjylland;2020-12-15;211;2025-02-25T10:22:56.347
1085;Sjælland;2020-12-15;610;2025-02-25T10:22:56.347
1083;Syddanmark;2020-12-15;543;2025-02-25T10:22:56.347
1084;Hovedstaden;2020-12-16;2212;2025-02-25T10:22:56.347
1082;Midtjylland;2020-12-16;748;2025-02-25T10:22:56.347
1081;Nordjylland;2020-12-16;226;2025-02-25T10:22:56.347
1085;Sjælland;2020-12-16;685;2025-02-25T10:22:56.347
1083;Syddanmark;2020-12-16;522;2025-02-25T10:22:56.347
1084;Hovedstaden;2020-12-17;1739;2025-02-25T10:22:56.347
1082;Midtjylland;2020-12-17;609;2025-02-25T10:22:56.347
1081;Nordjylland;2020-12-17;202;2025-02-25T10:22:56.347
1085;Sjælland;2020-12-17;571;2025-02-25T10:22:56.347
1083;Syddanmark;2020-12-17;494;2025-02-25T10:22:56.347
1084;Hovedstaden;2020-12-18;1521;2025-02-25T10:22:56.347
1082;Midtjylland;2020-12-18;548;2025-02-25T10:22:56.347
1081;Nordjylland;2020-12-18;213;2025-02-25T10:22:56.347
1085;Sjælland;2020-12-18;475;2025-02-25T10:22:56.347
1083;Syddanmark;2020-12-18;376;2025-02-25T10:22:56.347
1084;Hovedstaden;2020-12-19;1278;2025-02-25T10:22:56.347
1082;Midtjylland;2020-12-19;514;2025-02-25T10:22:56.347
1081;Nordjylland;2020-12-19;211;2025-02-25T10:22:56.347
1085;Sjælland;2020-12-19;388;2025-02-25T10:22:56.347
1083;Syddanmark;2020-12-19;365;2025-02-25T10:22:56.347
1084;Hovedstaden;2020-12-20;1173;2025-02-25T10:22:56.347
1082;Midtjylland;2020-12-20;390;2025-02-25T10:22:56.347
1081;Nordjylland;2020-12-20;169;2025-02-25T10:22:56.347
1085;Sjælland;2020-12-20;398;2025-02-25T10:22:56.347
1083;Syddanmark;2020-12-20;322;2025-02-25T10:22:56.347
1084;Hovedstaden;2020-12-21;1451;2025-02-25T10:22:56.347
1082;Midtjylland;2020-12-21;513;2025-02-25T10:22:56.347
1081;Nordjylland;2020-12-21;197;2025-02-25T10:22:56.347
1085;Sjælland;2020-12-21;489;2025-02-25T10:22:56.347
1083;Syddanmark;2020-12-21;451;2025-02-25T10:22:56.347
1084;Hovedstaden;2020-12-22;1345;2025-02-25T10:22:56.347
1082;Midtjylland;2020-12-22;470;2025-02-25T10:22:56.347
1081;Nordjylland;2020-12-22;242;2025-02-25T10:22:56.347
1085;Sjælland;2020-12-22;459;2025-02-25T10:22:56.347
1083;Syddanmark;2020-12-22;355;2025-02-25T10:22:56.347
1084;Hovedstaden;2020-12-23;1428;2025-02-25T10:22:56.347
1082;Midtjylland;2020-12-23;515;2025-02-25T10:22:56.347
1081;Nordjylland;2020-12-23;255;2025-02-25T10:22:56.347
1085;Sjælland;2020-12-23;443;2025-02-25T10:22:56.347
1083;Syddanmark;2020-12-23;438;2025-02-25T10:22:56.347
1084;Hovedstaden;2020-12-24;730;2025-02-25T10:22:56.347
1082;Midtjylland;2020-12-24;248;2025-02-25T10:22:56.347
1081;Nordjylland;2020-12-24;134;2025-02-25T10:22:56.347
1085;Sjælland;2020-12-24;156;2025-02-25T10:22:56.347
1083;Syddanmark;2020-12-24;208;2025-02-25T10:22:56.347
1084;Hovedstaden;2020-12-25;805;2025-02-25T10:22:56.347
1082;Midtjylland;2020-12-25;214;2025-02-25T10:22:56.347
1081;Nordjylland;2020-12-25;130;2025-02-25T10:22:56.347
1085;Sjælland;2020-12-25;205;2025-02-25T10:22:56.347
1083;Syddanmark;2020-12-25;233;2025-02-25T10:22:56.347
1084;Hovedstaden;2020-12-26;1279;2025-02-25T10:22:56.347
1082;Midtjylland;2020-12-26;462;2025-02-25T10:22:56.347
1081;Nordjylland;2020-12-26;178;2025-02-25T10:22:56.347
1085;Sjælland;2020-12-26;446;2025-02-25T10:22:56.347
1083;Syddanmark;2020-12-26;324;2025-02-25T10:22:56.347
1084;Hovedstaden;2020-12-27;1014;2025-02-25T10:22:56.347
1082;Midtjylland;2020-12-27;416;2025-02-25T10:22:56.347
1081;Nordjylland;2020-12-27;171;2025-02-25T10:22:56.347
1085;Sjælland;2020-12-27;327;2025-02-25T10:22:56.347
1083;Syddanmark;2020-12-27;260;2025-02-25T10:22:56.347
1084;Hovedstaden;2020-12-28;1291;2025-02-25T10:22:56.347
1082;Midtjylland;2020-12-28;570;2025-02-25T10:22:56.347
1081;Nordjylland;2020-12-28;261;2025-02-25T10:22:56.347
1085;Sjælland;2020-12-28;544;2025-02-25T10:22:56.347
1083;Syddanmark;2020-12-28;400;2025-02-25T10:22:56.347
1084;Hovedstaden;2020-12-29;991;2025-02-25T10:22:56.347
1082;Midtjylland;2020-12-29;519;2025-02-25T10:22:56.347
1081;Nordjylland;2020-12-29;187;2025-02-25T10:22:56.347
1085;Sjælland;2020-12-29;442;2025-02-25T10:22:56.347
1083;Syddanmark;2020-12-29;341;2025-02-25T10:22:56.347
1084;Hovedstaden;2020-12-30;1184;2025-02-25T10:22:56.347
1082;Midtjylland;2020-12-30;480;2025-02-25T10:22:56.347
1081;Nordjylland;2020-12-30;213;2025-02-25T10:22:56.347
1085;Sjælland;2020-12-30;520;2025-02-25T10:22:56.347
1083;Syddanmark;2020-12-30;376;2025-02-25T10:22:56.347
1084;Hovedstaden;2020-12-31;565;2025-02-25T10:22:56.347
1082;Midtjylland;2020-12-31;242;2025-02-25T10:22:56.347
1081;Nordjylland;2020-12-31;104;2025-02-25T10:22:56.347
1085;Sjælland;2020-12-31;153;2025-02-25T10:22:56.347
1083;Syddanmark;2020-12-31;168;2025-02-25T10:22:56.347
1084;Hovedstaden;2021-01-01;573;2025-02-25T10:22:56.347
1082;Midtjylland;2021-01-01;230;2025-02-25T10:22:56.347
1081;Nordjylland;2021-01-01;94;2025-02-25T10:22:56.347
1085;Sjælland;2021-01-01;139;2025-02-25T10:22:56.347
1083;Syddanmark;2021-01-01;167;2025-02-25T10:22:56.347
1084;Hovedstaden;2021-01-02;838;2025-02-25T10:22:56.347
1082;Midtjylland;2021-01-02;439;2025-02-25T10:22:56.347
1081;Nordjylland;2021-01-02;186;2025-02-25T10:22:56.347
1085;Sjælland;2021-01-02;322;2025-02-25T10:22:56.347
1083;Syddanmark;2021-01-02;261;2025-02-25T10:22:56.347
1084;Hovedstaden;2021-01-03;714;2025-02-25T10:22:56.347
1082;Midtjylland;2021-01-03;330;2025-02-25T10:22:56.347
1081;Nordjylland;2021-01-03;178;2025-02-25T10:22:56.347
1085;Sjælland;2021-01-03;221;2025-02-25T10:22:56.347
1083;Syddanmark;2021-01-03;227;2025-02-25T10:22:56.347
1084;Hovedstaden;2021-01-04;1063;2025-02-25T10:22:56.347
1082;Midtjylland;2021-01-04;458;2025-02-25T10:22:56.347
1081;Nordjylland;2021-01-04;210;2025-02-25T10:22:56.347
1085;Sjælland;2021-01-04;399;2025-02-25T10:22:56.347
1083;Syddanmark;2021-01-04;349;2025-02-25T10:22:56.347
1084;Hovedstaden;2021-01-05;828;2025-02-25T10:22:56.347
1082;Midtjylland;2021-01-05;316;2025-02-25T10:22:56.347
1081;Nordjylland;2021-01-05;154;2025-02-25T10:22:56.347
1085;Sjælland;2021-01-05;351;2025-02-25T10:22:56.347
1083;Syddanmark;2021-01-05;280;2025-02-25T10:22:56.347
1084;Hovedstaden;2021-01-06;716;2025-02-25T10:22:56.347
1082;Midtjylland;2021-01-06;280;2025-02-25T10:22:56.347
1081;Nordjylland;2021-01-06;177;2025-02-25T10:22:56.347
1085;Sjælland;2021-01-06;272;2025-02-25T10:22:56.347
1083;Syddanmark;2021-01-06;212;2025-02-25T10:22:56.347
1084;Hovedstaden;2021-01-07;586;2025-02-25T10:22:56.347
1082;Midtjylland;2021-01-07;337;2025-02-25T10:22:56.347
1081;Nordjylland;2021-01-07;145;2025-02-25T10:22:56.347
1085;Sjælland;2021-01-07;247;2025-02-25T10:22:56.347
1083;Syddanmark;2021-01-07;272;2025-02-25T10:22:56.347
1084;Hovedstaden;2021-01-08;608;2025-02-25T10:22:56.347
1082;Midtjylland;2021-01-08;254;2025-02-25T10:22:56.347
1081;Nordjylland;2021-01-08;118;2025-02-25T10:22:56.347
1085;Sjælland;2021-01-08;223;2025-02-25T10:22:56.347
1083;Syddanmark;2021-01-08;229;2025-02-25T10:22:56.347
1084;Hovedstaden;2021-01-09;484;2025-02-25T10:22:56.347
1082;Midtjylland;2021-01-09;222;2025-02-25T10:22:56.347
1081;Nordjylland;2021-01-09;101;2025-02-25T10:22:56.347
1085;Sjælland;2021-01-09;212;2025-02-25T10:22:56.347
1083;Syddanmark;2021-01-09;174;2025-02-25T10:22:56.347
1084;Hovedstaden;2021-01-10;408;2025-02-25T10:22:56.347
1082;Midtjylland;2021-01-10;185;2025-02-25T10:22:56.347
1081;Nordjylland;2021-01-10;81;2025-02-25T10:22:56.347
1085;Sjælland;2021-01-10;167;2025-02-25T10:22:56.347
1083;Syddanmark;2021-01-10;149;2025-02-25T10:22:56.347
1084;Hovedstaden;2021-01-11;616;2025-02-25T10:22:56.347
1082;Midtjylland;2021-01-11;197;2025-02-25T10:22:56.347
1081;Nordjylland;2021-01-11;107;2025-02-25T10:22:56.347
1085;Sjælland;2021-01-11;225;2025-02-25T10:22:56.347
1083;Syddanmark;2021-01-11;208;2025-02-25T10:22:56.347
1084;Hovedstaden;2021-01-12;590;2025-02-25T10:22:56.347
1082;Midtjylland;2021-01-12;180;2025-02-25T10:22:56.347
1081;Nordjylland;2021-01-12;105;2025-02-25T10:22:56.347
1085;Sjælland;2021-01-12;234;2025-02-25T10:22:56.347
1083;Syddanmark;2021-01-12;152;2025-02-25T10:22:56.347
1084;Hovedstaden;2021-01-13;515;2025-02-25T10:22:56.347
1082;Midtjylland;2021-01-13;171;2025-02-25T10:22:56.347
1081;Nordjylland;2021-01-13;120;2025-02-25T10:22:56.347
1085;Sjælland;2021-01-13;158;2025-02-25T10:22:56.347
1083;Syddanmark;2021-01-13;151;2025-02-25T10:22:56.347
1084;Hovedstaden;2021-01-14;424;2025-02-25T10:22:56.347
1082;Midtjylland;2021-01-14;187;2025-02-25T10:22:56.347
1081;Nordjylland;2021-01-14;98;2025-02-25T10:22:56.347
1085;Sjælland;2021-01-14;148;2025-02-25T10:22:56.347
1083;Syddanmark;2021-01-14;150;2025-02-25T10:22:56.347
1084;Hovedstaden;2021-01-15;392;2025-02-25T10:22:56.347
1082;Midtjylland;2021-01-15;117;2025-02-25T10:22:56.347
1081;Nordjylland;2021-01-15;86;2025-02-25T10:22:56.347
1085;Sjælland;2021-01-15;133;2025-02-25T10:22:56.347
1083;Syddanmark;2021-01-15;128;2025-02-25T10:22:56.347
1084;Hovedstaden;2021-01-16;340;2025-02-25T10:22:56.347
1082;Midtjylland;2021-01-16;72;2025-02-25T10:22:56.347
1081;Nordjylland;2021-01-16;74;2025-02-25T10:22:56.347
1085;Sjælland;2021-01-16;106;2025-02-25T10:22:56.347
1083;Syddanmark;2021-01-16;127;2025-02-25T10:22:56.347
1084;Hovedstaden;2021-01-17;321;2025-02-25T10:22:56.347
1082;Midtjylland;2021-01-17;78;2025-02-25T10:22:56.347
1081;Nordjylland;2021-01-17;65;2025-02-25T10:22:56.347
1085;Sjælland;2021-01-17;115;2025-02-25T10:22:56.347
1083;Syddanmark;2021-01-17;98;2025-02-25T10:22:56.347
1084;Hovedstaden;2021-01-18;445;2025-02-25T10:22:56.347
1082;Midtjylland;2021-01-18;120;2025-02-25T10:22:56.347
1081;Nordjylland;2021-01-18;74;2025-02-25T10:22:56.347
1085;Sjælland;2021-01-18;140;2025-02-25T10:22:56.347
1083;Syddanmark;2021-01-18;152;2025-02-25T10:22:56.347
1084;Hovedstaden;2021-01-19;362;2025-02-25T10:22:56.347
1082;Midtjylland;2021-01-19;112;2025-02-25T10:22:56.347
1081;Nordjylland;2021-01-19;94;2025-02-25T10:22:56.347
1085;Sjælland;2021-01-19;164;2025-02-25T10:22:56.347
1083;Syddanmark;2021-01-19;182;2025-02-25T10:22:56.347
1084;Hovedstaden;2021-01-20;317;2025-02-25T10:22:56.347
1082;Midtjylland;2021-01-20;111;2025-02-25T10:22:56.347
1081;Nordjylland;2021-01-20;80;2025-02-25T10:22:56.347
1085;Sjælland;2021-01-20;149;2025-02-25T10:22:56.347
1083;Syddanmark;2021-01-20;119;2025-02-25T10:22:56.347
1084;Hovedstaden;2021-01-21;379;2025-02-25T10:22:56.347
1082;Midtjylland;2021-01-21;120;2025-02-25T10:22:56.347
1081;Nordjylland;2021-01-21;74;2025-02-25T10:22:56.347
1085;Sjælland;2021-01-21;146;2025-02-25T10:22:56.347
1083;Syddanmark;2021-01-21;139;2025-02-25T10:22:56.347
1084;Hovedstaden;2021-01-22;289;2025-02-25T10:22:56.347
1082;Midtjylland;2021-01-22;95;2025-02-25T10:22:56.347
1081;Nordjylland;2021-01-22;84;2025-02-25T10:22:56.347
1085;Sjælland;2021-01-22;130;2025-02-25T10:22:56.347
1083;Syddanmark;2021-01-22;117;2025-02-25T10:22:56.347
1084;Hovedstaden;2021-01-23;257;2025-02-25T10:22:56.347
1082;Midtjylland;2021-01-23;84;2025-02-25T10:22:56.347
1081;Nordjylland;2021-01-23;45;2025-02-25T10:22:56.347
1085;Sjælland;2021-01-23;100;2025-02-25T10:22:56.347
1083;Syddanmark;2021-01-23;105;2025-02-25T10:22:56.347
1084;Hovedstaden;2021-01-24;246;2025-02-25T10:22:56.347
1082;Midtjylland;2021-01-24;55;2025-02-25T10:22:56.347
1081;Nordjylland;2021-01-24;57;2025-02-25T10:22:56.347
1085;Sjælland;2021-01-24;84;2025-02-25T10:22:56.347
1083;Syddanmark;2021-01-24;72;2025-02-25T10:22:56.347
1084;Hovedstaden;2021-01-25;332;2025-02-25T10:22:56.347
1082;Midtjylland;2021-01-25;84;2025-02-25T10:22:56.347
1081;Nordjylland;2021-01-25;52;2025-02-25T10:22:56.347
1085;Sjælland;2021-01-25;131;2025-02-25T10:22:56.347
1083;Syddanmark;2021-01-25;123;2025-02-25T10:22:56.347
1084;Hovedstaden;2021-01-26;280;2025-02-25T10:22:56.347
1082;Midtjylland;2021-01-26;95;2025-02-25T10:22:56.347
1081;Nordjylland;2021-01-26;67;2025-02-25T10:22:56.347
1085;Sjælland;2021-01-26;135;2025-02-25T10:22:56.347
1083;Syddanmark;2021-01-26;106;2025-02-25T10:22:56.347
1084;Hovedstaden;2021-01-27;250;2025-02-25T10:22:56.347
1082;Midtjylland;2021-01-27;65;2025-02-25T10:22:56.347
1081;Nordjylland;2021-01-27;36;2025-02-25T10:22:56.347
1085;Sjælland;2021-01-27;102;2025-02-25T10:22:56.347
1083;Syddanmark;2021-01-27;79;2025-02-25T10:22:56.347
1084;Hovedstaden;2021-01-28;237;2025-02-25T10:22:56.347
1082;Midtjylland;2021-01-28;72;2025-02-25T10:22:56.347
1081;Nordjylland;2021-01-28;40;2025-02-25T10:22:56.347
1085;Sjælland;2021-01-28;83;2025-02-25T10:22:56.347
1083;Syddanmark;2021-01-28;70;2025-02-25T10:22:56.347
1084;Hovedstaden;2021-01-29;183;2025-02-25T10:22:56.347
1082;Midtjylland;2021-01-29;46;2025-02-25T10:22:56.347
1081;Nordjylland;2021-01-29;31;2025-02-25T10:22:56.347
1085;Sjælland;2021-01-29;64;2025-02-25T10:22:56.347
1083;Syddanmark;2021-01-29;82;2025-02-25T10:22:56.347
1084;Hovedstaden;2021-01-30;168;2025-02-25T10:22:56.347
1082;Midtjylland;2021-01-30;39;2025-02-25T10:22:56.347
1081;Nordjylland;2021-01-30;28;2025-02-25T10:22:56.347
1085;Sjælland;2021-01-30;56;2025-02-25T10:22:56.347
1083;Syddanmark;2021-01-30;70;2025-02-25T10:22:56.347
1084;Hovedstaden;2021-01-31;183;2025-02-25T10:22:56.347
1082;Midtjylland;2021-01-31;45;2025-02-25T10:22:56.347
1081;Nordjylland;2021-01-31;32;2025-02-25T10:22:56.347
1085;Sjælland;2021-01-31;62;2025-02-25T10:22:56.347
1083;Syddanmark;2021-01-31;67;2025-02-25T10:22:56.347
1084;Hovedstaden;2021-02-01;213;2025-02-25T10:22:56.347
1082;Midtjylland;2021-02-01;65;2025-02-25T10:22:56.347
1081;Nordjylland;2021-02-01;46;2025-02-25T10:22:56.347
1085;Sjælland;2021-02-01;88;2025-02-25T10:22:56.347
1083;Syddanmark;2021-02-01;93;2025-02-25T10:22:56.347
1084;Hovedstaden;2021-02-02;210;2025-02-25T10:22:56.347
1082;Midtjylland;2021-02-02;63;2025-02-25T10:22:56.347
1081;Nordjylland;2021-02-02;45;2025-02-25T10:22:56.347
1085;Sjælland;2021-02-02;77;2025-02-25T10:22:56.347
1083;Syddanmark;2021-02-02;93;2025-02-25T10:22:56.347
1084;Hovedstaden;2021-02-03;159;2025-02-25T10:22:56.347
1082;Midtjylland;2021-02-03;55;2025-02-25T10:22:56.347
1081;Nordjylland;2021-02-03;42;2025-02-25T10:22:56.347
1085;Sjælland;2021-02-03;72;2025-02-25T10:22:56.347
1083;Syddanmark;2021-02-03;100;2025-02-25T10:22:56.347
1084;Hovedstaden;2021-02-04;197;2025-02-25T10:22:56.347
1082;Midtjylland;2021-02-04;68;2025-02-25T10:22:56.347
1081;Nordjylland;2021-02-04;30;2025-02-25T10:22:56.347
1085;Sjælland;2021-02-04;75;2025-02-25T10:22:56.347
1083;Syddanmark;2021-02-04;69;2025-02-25T10:22:56.347
1084;Hovedstaden;2021-02-05;172;2025-02-25T10:22:56.347
1082;Midtjylland;2021-02-05;66;2025-02-25T10:22:56.347
1081;Nordjylland;2021-02-05;33;2025-02-25T10:22:56.347
1085;Sjælland;2021-02-05;61;2025-02-25T10:22:56.347
1083;Syddanmark;2021-02-05;75;2025-02-25T10:22:56.347
1084;Hovedstaden;2021-02-06;170;2025-02-25T10:22:56.347
1082;Midtjylland;2021-02-06;71;2025-02-25T10:22:56.347
1081;Nordjylland;2021-02-06;30;2025-02-25T10:22:56.347
1085;Sjælland;2021-02-06;67;2025-02-25T10:22:56.347
1083;Syddanmark;2021-02-06;96;2025-02-25T10:22:56.347
1084;Hovedstaden;2021-02-07;171;2025-02-25T10:22:56.347
1082;Midtjylland;2021-02-07;77;2025-02-25T10:22:56.347
1081;Nordjylland;2021-02-07;33;2025-02-25T10:22:56.347
1085;Sjælland;2021-02-07;46;2025-02-25T10:22:56.347
1083;Syddanmark;2021-02-07;62;2025-02-25T10:22:56.347
1084;Hovedstaden;2021-02-08;165;2025-02-25T10:22:56.347
1082;Midtjylland;2021-02-08;66;2025-02-25T10:22:56.347
1081;Nordjylland;2021-02-08;38;2025-02-25T10:22:56.347
1085;Sjælland;2021-02-08;102;2025-02-25T10:22:56.347
1083;Syddanmark;2021-02-08;70;2025-02-25T10:22:56.347
1084;Hovedstaden;2021-02-09;178;2025-02-25T10:22:56.347
1082;Midtjylland;2021-02-09;72;2025-02-25T10:22:56.347
1081;Nordjylland;2021-02-09;37;2025-02-25T10:22:56.347
1085;Sjælland;2021-02-09;73;2025-02-25T10:22:56.347
1083;Syddanmark;2021-02-09;98;2025-02-25T10:22:56.347
1084;Hovedstaden;2021-02-10;178;2025-02-25T10:22:56.347
1082;Midtjylland;2021-02-10;87;2025-02-25T10:22:56.347
1081;Nordjylland;2021-02-10;44;2025-02-25T10:22:56.347
1085;Sjælland;2021-02-10;62;2025-02-25T10:22:56.347
1083;Syddanmark;2021-02-10;76;2025-02-25T10:22:56.347
1084;Hovedstaden;2021-02-11;150;2025-02-25T10:22:56.347
1082;Midtjylland;2021-02-11;60;2025-02-25T10:22:56.347
1081;Nordjylland;2021-02-11;21;2025-02-25T10:22:56.347
1085;Sjælland;2021-02-11;82;2025-02-25T10:22:56.347
1083;Syddanmark;2021-02-11;63;2025-02-25T10:22:56.347
1084;Hovedstaden;2021-02-12;145;2025-02-25T10:22:56.347
1082;Midtjylland;2021-02-12;40;2025-02-25T10:22:56.347
1081;Nordjylland;2021-02-12;34;2025-02-25T10:22:56.347
1085;Sjælland;2021-02-12;53;2025-02-25T10:22:56.347
1083;Syddanmark;2021-02-12;45;2025-02-25T10:22:56.347
1084;Hovedstaden;2021-02-13;126;2025-02-25T10:22:56.347
1082;Midtjylland;2021-02-13;56;2025-02-25T10:22:56.347
1081;Nordjylland;2021-02-13;31;2025-02-25T10:22:56.347
1085;Sjælland;2021-02-13;31;2025-02-25T10:22:56.347
1083;Syddanmark;2021-02-13;88;2025-02-25T10:22:56.347
1084;Hovedstaden;2021-02-14;126;2025-02-25T10:22:56.347
1082;Midtjylland;2021-02-14;44;2025-02-25T10:22:56.347
1081;Nordjylland;2021-02-14;34;2025-02-25T10:22:56.347
1085;Sjælland;2021-02-14;46;2025-02-25T10:22:56.347
1083;Syddanmark;2021-02-14;91;2025-02-25T10:22:56.347
1084;Hovedstaden;2021-02-15;163;2025-02-25T10:22:56.347
1082;Midtjylland;2021-02-15;63;2025-02-25T10:22:56.347
1081;Nordjylland;2021-02-15;33;2025-02-25T10:22:56.347
1085;Sjælland;2021-02-15;50;2025-02-25T10:22:56.347
1083;Syddanmark;2021-02-15;96;2025-02-25T10:22:56.347
1084;Hovedstaden;2021-02-16;170;2025-02-25T10:22:56.347
1082;Midtjylland;2021-02-16;86;2025-02-25T10:22:56.347
1081;Nordjylland;2021-02-16;21;2025-02-25T10:22:56.347
1085;Sjælland;2021-02-16;64;2025-02-25T10:22:56.347
1083;Syddanmark;2021-02-16;186;2025-02-25T10:22:56.347
1084;Hovedstaden;2021-02-17;186;2025-02-25T10:22:56.347
1082;Midtjylland;2021-02-17;77;2025-02-25T10:22:56.347
1081;Nordjylland;2021-02-17;30;2025-02-25T10:22:56.347
1085;Sjælland;2021-02-17;48;2025-02-25T10:22:56.347
1083;Syddanmark;2021-02-17;167;2025-02-25T10:22:56.347
1084;Hovedstaden;2021-02-18;146;2025-02-25T10:22:56.347
1082;Midtjylland;2021-02-18;90;2025-02-25T10:22:56.347
1081;Nordjylland;2021-02-18;74;2025-02-25T10:22:56.347
1085;Sjælland;2021-02-18;70;2025-02-25T10:22:56.347
1083;Syddanmark;2021-02-18;169;2025-02-25T10:22:56.347
1084;Hovedstaden;2021-02-19;187;2025-02-25T10:22:56.347
1082;Midtjylland;2021-02-19;51;2025-02-25T10:22:56.347
1081;Nordjylland;2021-02-19;26;2025-02-25T10:22:56.347
1085;Sjælland;2021-02-19;77;2025-02-25T10:22:56.347
1083;Syddanmark;2021-02-19;125;2025-02-25T10:22:56.347
1084;Hovedstaden;2021-02-20;157;2025-02-25T10:22:56.347
1082;Midtjylland;2021-02-20;65;2025-02-25T10:22:56.347
1081;Nordjylland;2021-02-20;26;2025-02-25T10:22:56.347
1085;Sjælland;2021-02-20;61;2025-02-25T10:22:56.347
1083;Syddanmark;2021-02-20;124;2025-02-25T10:22:56.347
1084;Hovedstaden;2021-02-21;163;2025-02-25T10:22:56.347
1082;Midtjylland;2021-02-21;80;2025-02-25T10:22:56.347
1081;Nordjylland;2021-02-21;21;2025-02-25T10:22:56.347
1085;Sjælland;2021-02-21;59;2025-02-25T10:22:56.347
1083;Syddanmark;2021-02-21;151;2025-02-25T10:22:56.347
1084;Hovedstaden;2021-02-22;203;2025-02-25T10:22:56.347
1082;Midtjylland;2021-02-22;82;2025-02-25T10:22:56.347
1081;Nordjylland;2021-02-22;40;2025-02-25T10:22:56.347
1085;Sjælland;2021-02-22;94;2025-02-25T10:22:56.347
1083;Syddanmark;2021-02-22;175;2025-02-25T10:22:56.347
1084;Hovedstaden;2021-02-23;258;2025-02-25T10:22:56.347
1082;Midtjylland;2021-02-23;66;2025-02-25T10:22:56.347
1081;Nordjylland;2021-02-23;42;2025-02-25T10:22:56.347
1085;Sjælland;2021-02-23;100;2025-02-25T10:22:56.347
1083;Syddanmark;2021-02-23;148;2025-02-25T10:22:56.347
1084;Hovedstaden;2021-02-24;233;2025-02-25T10:22:56.347
1082;Midtjylland;2021-02-24;62;2025-02-25T10:22:56.347
1081;Nordjylland;2021-02-24;25;2025-02-25T10:22:56.347
1085;Sjælland;2021-02-24;89;2025-02-25T10:22:56.347
1083;Syddanmark;2021-02-24;131;2025-02-25T10:22:56.347
1084;Hovedstaden;2021-02-25;233;2025-02-25T10:22:56.347
1082;Midtjylland;2021-02-25;64;2025-02-25T10:22:56.347
1081;Nordjylland;2021-02-25;29;2025-02-25T10:22:56.347
1085;Sjælland;2021-02-25;104;2025-02-25T10:22:56.347
1083;Syddanmark;2021-02-25;117;2025-02-25T10:22:56.347
1084;Hovedstaden;2021-02-26;231;2025-02-25T10:22:56.347
1082;Midtjylland;2021-02-26;45;2025-02-25T10:22:56.347
1081;Nordjylland;2021-02-26;20;2025-02-25T10:22:56.347
1085;Sjælland;2021-02-26;66;2025-02-25T10:22:56.347
1083;Syddanmark;2021-02-26;131;2025-02-25T10:22:56.347
1084;Hovedstaden;2021-02-27;204;2025-02-25T10:22:56.347
1082;Midtjylland;2021-02-27;50;2025-02-25T10:22:56.347
1081;Nordjylland;2021-02-27;20;2025-02-25T10:22:56.347
1085;Sjælland;2021-02-27;62;2025-02-25T10:22:56.347
1083;Syddanmark;2021-02-27;89;2025-02-25T10:22:56.347
1084;Hovedstaden;2021-02-28;242;2025-02-25T10:22:56.347
1082;Midtjylland;2021-02-28;47;2025-02-25T10:22:56.347
1081;Nordjylland;2021-02-28;26;2025-02-25T10:22:56.347
1085;Sjælland;2021-02-28;49;2025-02-25T10:22:56.347
1083;Syddanmark;2021-02-28;115;2025-02-25T10:22:56.347
1084;Hovedstaden;2021-03-01;265;2025-02-25T10:22:56.347
1082;Midtjylland;2021-03-01;64;2025-02-25T10:22:56.347
1081;Nordjylland;2021-03-01;34;2025-02-25T10:22:56.347
1085;Sjælland;2021-03-01;106;2025-02-25T10:22:56.347
1083;Syddanmark;2021-03-01;126;2025-02-25T10:22:56.347
1084;Hovedstaden;2021-03-02;257;2025-02-25T10:22:56.347
1082;Midtjylland;2021-03-02;83;2025-02-25T10:22:56.347
1081;Nordjylland;2021-03-02;19;2025-02-25T10:22:56.347
1085;Sjælland;2021-03-02;97;2025-02-25T10:22:56.347
1083;Syddanmark;2021-03-02;147;2025-02-25T10:22:56.347
1084;Hovedstaden;2021-03-03;220;2025-02-25T10:22:56.347
1082;Midtjylland;2021-03-03;75;2025-02-25T10:22:56.347
1081;Nordjylland;2021-03-03;22;2025-02-25T10:22:56.347
1085;Sjælland;2021-03-03;84;2025-02-25T10:22:56.347
1083;Syddanmark;2021-03-03;147;2025-02-25T10:22:56.347
1084;Hovedstaden;2021-03-04;228;2025-02-25T10:22:56.347
1082;Midtjylland;2021-03-04;49;2025-02-25T10:22:56.347
1081;Nordjylland;2021-03-04;18;2025-02-25T10:22:56.347
1085;Sjælland;2021-03-04;82;2025-02-25T10:22:56.347
1083;Syddanmark;2021-03-04;112;2025-02-25T10:22:56.347
1084;Hovedstaden;2021-03-05;214;2025-02-25T10:22:56.347
1082;Midtjylland;2021-03-05;58;2025-02-25T10:22:56.347
1081;Nordjylland;2021-03-05;21;2025-02-25T10:22:56.347
1085;Sjælland;2021-03-05;66;2025-02-25T10:22:56.347
1083;Syddanmark;2021-03-05;114;2025-02-25T10:22:56.347
1084;Hovedstaden;2021-03-06;207;2025-02-25T10:22:56.347
1082;Midtjylland;2021-03-06;47;2025-02-25T10:22:56.347
1081;Nordjylland;2021-03-06;19;2025-02-25T10:22:56.347
1085;Sjælland;2021-03-06;72;2025-02-25T10:22:56.347
1083;Syddanmark;2021-03-06;110;2025-02-25T10:22:56.347
1084;Hovedstaden;2021-03-07;193;2025-02-25T10:22:56.347
1082;Midtjylland;2021-03-07;73;2025-02-25T10:22:56.347
1081;Nordjylland;2021-03-07;24;2025-02-25T10:22:56.347
1085;Sjælland;2021-03-07;61;2025-02-25T10:22:56.347
1083;Syddanmark;2021-03-07;108;2025-02-25T10:22:56.347
1084;Hovedstaden;2021-03-08;257;2025-02-25T10:22:56.347
1082;Midtjylland;2021-03-08;94;2025-02-25T10:22:56.347
1081;Nordjylland;2021-03-08;21;2025-02-25T10:22:56.347
1085;Sjælland;2021-03-08;80;2025-02-25T10:22:56.347
1083;Syddanmark;2021-03-08;150;2025-02-25T10:22:56.347
1084;Hovedstaden;2021-03-09;268;2025-02-25T10:22:56.347
1082;Midtjylland;2021-03-09;89;2025-02-25T10:22:56.347
1081;Nordjylland;2021-03-09;18;2025-02-25T10:22:56.347
1085;Sjælland;2021-03-09;81;2025-02-25T10:22:56.347
1083;Syddanmark;2021-03-09;186;2025-02-25T10:22:56.347
1084;Hovedstaden;2021-03-10;214;2025-02-25T10:22:56.347
1082;Midtjylland;2021-03-10;81;2025-02-25T10:22:56.347
1081;Nordjylland;2021-03-10;24;2025-02-25T10:22:56.347
1085;Sjælland;2021-03-10;61;2025-02-25T10:22:56.347
1083;Syddanmark;2021-03-10;166;2025-02-25T10:22:56.347
1084;Hovedstaden;2021-03-11;252;2025-02-25T10:22:56.347
1082;Midtjylland;2021-03-11;71;2025-02-25T10:22:56.347
1081;Nordjylland;2021-03-11;34;2025-02-25T10:22:56.347
1085;Sjælland;2021-03-11;84;2025-02-25T10:22:56.347
1083;Syddanmark;2021-03-11;147;2025-02-25T10:22:56.347
1084;Hovedstaden;2021-03-12;222;2025-02-25T10:22:56.347
1082;Midtjylland;2021-03-12;62;2025-02-25T10:22:56.347
1081;Nordjylland;2021-03-12;20;2025-02-25T10:22:56.347
1085;Sjælland;2021-03-12;63;2025-02-25T10:22:56.347
1083;Syddanmark;2021-03-12;124;2025-02-25T10:22:56.347
1084;Hovedstaden;2021-03-13;193;2025-02-25T10:22:56.347
1082;Midtjylland;2021-03-13;60;2025-02-25T10:22:56.347
1081;Nordjylland;2021-03-13;24;2025-02-25T10:22:56.347
1085;Sjælland;2021-03-13;47;2025-02-25T10:22:56.347
1083;Syddanmark;2021-03-13;140;2025-02-25T10:22:56.347
1084;Hovedstaden;2021-03-14;217;2025-02-25T10:22:56.347
1082;Midtjylland;2021-03-14;69;2025-02-25T10:22:56.347
1081;Nordjylland;2021-03-14;23;2025-02-25T10:22:56.347
1085;Sjælland;2021-03-14;47;2025-02-25T10:22:56.347
1083;Syddanmark;2021-03-14;132;2025-02-25T10:22:56.347
1084;Hovedstaden;2021-03-15;258;2025-02-25T10:22:56.347
1082;Midtjylland;2021-03-15;84;2025-02-25T10:22:56.347
1081;Nordjylland;2021-03-15;28;2025-02-25T10:22:56.347
1085;Sjælland;2021-03-15;83;2025-02-25T10:22:56.347
1083;Syddanmark;2021-03-15;191;2025-02-25T10:22:56.347
1084;Hovedstaden;2021-03-16;283;2025-02-25T10:22:56.347
1082;Midtjylland;2021-03-16;125;2025-02-25T10:22:56.347
1081;Nordjylland;2021-03-16;48;2025-02-25T10:22:56.347
1085;Sjælland;2021-03-16;94;2025-02-25T10:22:56.347
1083;Syddanmark;2021-03-16;201;2025-02-25T10:22:56.347
1084;Hovedstaden;2021-03-17;256;2025-02-25T10:22:56.347
1082;Midtjylland;2021-03-17;88;2025-02-25T10:22:56.347
1081;Nordjylland;2021-03-17;42;2025-02-25T10:22:56.347
1085;Sjælland;2021-03-17;90;2025-02-25T10:22:56.347
1083;Syddanmark;2021-03-17;196;2025-02-25T10:22:56.347
1084;Hovedstaden;2021-03-18;291;2025-02-25T10:22:56.347
1082;Midtjylland;2021-03-18;75;2025-02-25T10:22:56.347
1081;Nordjylland;2021-03-18;30;2025-02-25T10:22:56.347
1085;Sjælland;2021-03-18;84;2025-02-25T10:22:56.347
1083;Syddanmark;2021-03-18;174;2025-02-25T10:22:56.347
1084;Hovedstaden;2021-03-19;331;2025-02-25T10:22:56.347
1082;Midtjylland;2021-03-19;75;2025-02-25T10:22:56.347
1081;Nordjylland;2021-03-19;21;2025-02-25T10:22:56.347
1085;Sjælland;2021-03-19;83;2025-02-25T10:22:56.347
1083;Syddanmark;2021-03-19;137;2025-02-25T10:22:56.347
1084;Hovedstaden;2021-03-20;291;2025-02-25T10:22:56.347
1082;Midtjylland;2021-03-20;68;2025-02-25T10:22:56.347
1081;Nordjylland;2021-03-20;40;2025-02-25T10:22:56.347
1085;Sjælland;2021-03-20;56;2025-02-25T10:22:56.347
1083;Syddanmark;2021-03-20;132;2025-02-25T10:22:56.347
1084;Hovedstaden;2021-03-21;279;2025-02-25T10:22:56.347
1082;Midtjylland;2021-03-21;85;2025-02-25T10:22:56.347
1081;Nordjylland;2021-03-21;31;2025-02-25T10:22:56.347
1085;Sjælland;2021-03-21;51;2025-02-25T10:22:56.347
1083;Syddanmark;2021-03-21;121;2025-02-25T10:22:56.347
1084;Hovedstaden;2021-03-22;370;2025-02-25T10:22:56.347
1082;Midtjylland;2021-03-22;101;2025-02-25T10:22:56.347
1081;Nordjylland;2021-03-22;47;2025-02-25T10:22:56.347
1085;Sjælland;2021-03-22;83;2025-02-25T10:22:56.347
1083;Syddanmark;2021-03-22;189;2025-02-25T10:22:56.347
1084;Hovedstaden;2021-03-23;393;2025-02-25T10:22:56.347
1082;Midtjylland;2021-03-23;127;2025-02-25T10:22:56.347
1081;Nordjylland;2021-03-23;35;2025-02-25T10:22:56.347
1085;Sjælland;2021-03-23;89;2025-02-25T10:22:56.347
1083;Syddanmark;2021-03-23;160;2025-02-25T10:22:56.347
1084;Hovedstaden;2021-03-24;394;2025-02-25T10:22:56.347
1082;Midtjylland;2021-03-24;112;2025-02-25T10:22:56.347
1081;Nordjylland;2021-03-24;42;2025-02-25T10:22:56.347
1085;Sjælland;2021-03-24;83;2025-02-25T10:22:56.347
1083;Syddanmark;2021-03-24;162;2025-02-25T10:22:56.347
1084;Hovedstaden;2021-03-25;357;2025-02-25T10:22:56.347
1082;Midtjylland;2021-03-25;80;2025-02-25T10:22:56.347
1081;Nordjylland;2021-03-25;29;2025-02-25T10:22:56.347
1085;Sjælland;2021-03-25;67;2025-02-25T10:22:56.347
1083;Syddanmark;2021-03-25;118;2025-02-25T10:22:56.347
1084;Hovedstaden;2021-03-26;379;2025-02-25T10:22:56.347
1082;Midtjylland;2021-03-26;80;2025-02-25T10:22:56.347
1081;Nordjylland;2021-03-26;25;2025-02-25T10:22:56.347
1085;Sjælland;2021-03-26;78;2025-02-25T10:22:56.347
1083;Syddanmark;2021-03-26;139;2025-02-25T10:22:56.347
1084;Hovedstaden;2021-03-27;338;2025-02-25T10:22:56.347
1082;Midtjylland;2021-03-27;101;2025-02-25T10:22:56.347
1081;Nordjylland;2021-03-27;36;2025-02-25T10:22:56.347
1085;Sjælland;2021-03-27;79;2025-02-25T10:22:56.347
1083;Syddanmark;2021-03-27;120;2025-02-25T10:22:56.347
1084;Hovedstaden;2021-03-28;322;2025-02-25T10:22:56.347
1082;Midtjylland;2021-03-28;77;2025-02-25T10:22:56.347
1081;Nordjylland;2021-03-28;25;2025-02-25T10:22:56.347
1085;Sjælland;2021-03-28;65;2025-02-25T10:22:56.347
1083;Syddanmark;2021-03-28;125;2025-02-25T10:22:56.347
1084;Hovedstaden;2021-03-29;406;2025-02-25T10:22:56.347
1082;Midtjylland;2021-03-29;97;2025-02-25T10:22:56.347
1081;Nordjylland;2021-03-29;40;2025-02-25T10:22:56.347
1085;Sjælland;2021-03-29;89;2025-02-25T10:22:56.347
1083;Syddanmark;2021-03-29;133;2025-02-25T10:22:56.347
1084;Hovedstaden;2021-03-30;370;2025-02-25T10:22:56.347
1082;Midtjylland;2021-03-30;93;2025-02-25T10:22:56.347
1081;Nordjylland;2021-03-30;42;2025-02-25T10:22:56.347
1085;Sjælland;2021-03-30;63;2025-02-25T10:22:56.347
1083;Syddanmark;2021-03-30;109;2025-02-25T10:22:56.347
1084;Hovedstaden;2021-03-31;376;2025-02-25T10:22:56.347
1082;Midtjylland;2021-03-31;99;2025-02-25T10:22:56.347
1081;Nordjylland;2021-03-31;50;2025-02-25T10:22:56.347
1085;Sjælland;2021-03-31;59;2025-02-25T10:22:56.347
1083;Syddanmark;2021-03-31;108;2025-02-25T10:22:56.347
1084;Hovedstaden;2021-04-01;360;2025-02-25T10:22:56.347
1082;Midtjylland;2021-04-01;111;2025-02-25T10:22:56.347
1081;Nordjylland;2021-04-01;46;2025-02-25T10:22:56.347
1085;Sjælland;2021-04-01;90;2025-02-25T10:22:56.347
1083;Syddanmark;2021-04-01;106;2025-02-25T10:22:56.347
1084;Hovedstaden;2021-04-02;277;2025-02-25T10:22:56.347
1082;Midtjylland;2021-04-02;91;2025-02-25T10:22:56.347
1081;Nordjylland;2021-04-02;36;2025-02-25T10:22:56.347
1085;Sjælland;2021-04-02;64;2025-02-25T10:22:56.347
1083;Syddanmark;2021-04-02;86;2025-02-25T10:22:56.347
1084;Hovedstaden;2021-04-03;242;2025-02-25T10:22:56.347
1082;Midtjylland;2021-04-03;109;2025-02-25T10:22:56.347
1081;Nordjylland;2021-04-03;39;2025-02-25T10:22:56.347
1085;Sjælland;2021-04-03;56;2025-02-25T10:22:56.347
1083;Syddanmark;2021-04-03;73;2025-02-25T10:22:56.347
1084;Hovedstaden;2021-04-04;243;2025-02-25T10:22:56.347
1082;Midtjylland;2021-04-04;77;2025-02-25T10:22:56.347
1081;Nordjylland;2021-04-04;43;2025-02-25T10:22:56.347
1085;Sjælland;2021-04-04;41;2025-02-25T10:22:56.347
1083;Syddanmark;2021-04-04;63;2025-02-25T10:22:56.347
1084;Hovedstaden;2021-04-05;271;2025-02-25T10:22:56.347
1082;Midtjylland;2021-04-05;88;2025-02-25T10:22:56.347
1081;Nordjylland;2021-04-05;53;2025-02-25T10:22:56.347
1085;Sjælland;2021-04-05;66;2025-02-25T10:22:56.347
1083;Syddanmark;2021-04-05;80;2025-02-25T10:22:56.347
1084;Hovedstaden;2021-04-06;381;2025-02-25T10:22:56.347
1082;Midtjylland;2021-04-06;99;2025-02-25T10:22:56.347
1081;Nordjylland;2021-04-06;53;2025-02-25T10:22:56.347
1085;Sjælland;2021-04-06;64;2025-02-25T10:22:56.347
1083;Syddanmark;2021-04-06;109;2025-02-25T10:22:56.347
1084;Hovedstaden;2021-04-07;328;2025-02-25T10:22:56.347
1082;Midtjylland;2021-04-07;108;2025-02-25T10:22:56.347
1081;Nordjylland;2021-04-07;68;2025-02-25T10:22:56.347
1085;Sjælland;2021-04-07;86;2025-02-25T10:22:56.347
1083;Syddanmark;2021-04-07;119;2025-02-25T10:22:56.347
1084;Hovedstaden;2021-04-08;359;2025-02-25T10:22:56.347
1082;Midtjylland;2021-04-08;128;2025-02-25T10:22:56.347
1081;Nordjylland;2021-04-08;40;2025-02-25T10:22:56.347
1085;Sjælland;2021-04-08;98;2025-02-25T10:22:56.347
1083;Syddanmark;2021-04-08;90;2025-02-25T10:22:56.347
1084;Hovedstaden;2021-04-09;374;2025-02-25T10:22:56.347
1082;Midtjylland;2021-04-09;94;2025-02-25T10:22:56.347
1081;Nordjylland;2021-04-09;54;2025-02-25T10:22:56.347
1085;Sjælland;2021-04-09;93;2025-02-25T10:22:56.347
1083;Syddanmark;2021-04-09;110;2025-02-25T10:22:56.347
1084;Hovedstaden;2021-04-10;263;2025-02-25T10:22:56.347
1082;Midtjylland;2021-04-10;76;2025-02-25T10:22:56.347
1081;Nordjylland;2021-04-10;58;2025-02-25T10:22:56.347
1085;Sjælland;2021-04-10;57;2025-02-25T10:22:56.347
1083;Syddanmark;2021-04-10;93;2025-02-25T10:22:56.347
1084;Hovedstaden;2021-04-11;239;2025-02-25T10:22:56.347
1082;Midtjylland;2021-04-11;98;2025-02-25T10:22:56.347
1081;Nordjylland;2021-04-11;41;2025-02-25T10:22:56.347
1085;Sjælland;2021-04-11;75;2025-02-25T10:22:56.347
1083;Syddanmark;2021-04-11;79;2025-02-25T10:22:56.347
1084;Hovedstaden;2021-04-12;369;2025-02-25T10:22:56.347
1082;Midtjylland;2021-04-12;109;2025-02-25T10:22:56.347
1081;Nordjylland;2021-04-12;68;2025-02-25T10:22:56.347
1085;Sjælland;2021-04-12;107;2025-02-25T10:22:56.347
1083;Syddanmark;2021-04-12;107;2025-02-25T10:22:56.347
1084;Hovedstaden;2021-04-13;335;2025-02-25T10:22:56.347
1082;Midtjylland;2021-04-13;152;2025-02-25T10:22:56.347
1081;Nordjylland;2021-04-13;54;2025-02-25T10:22:56.347
1085;Sjælland;2021-04-13;101;2025-02-25T10:22:56.347
1083;Syddanmark;2021-04-13;97;2025-02-25T10:22:56.347
1084;Hovedstaden;2021-04-14;335;2025-02-25T10:22:56.347
1082;Midtjylland;2021-04-14;135;2025-02-25T10:22:56.347
1081;Nordjylland;2021-04-14;54;2025-02-25T10:22:56.347
1085;Sjælland;2021-04-14;76;2025-02-25T10:22:56.347
1083;Syddanmark;2021-04-14;94;2025-02-25T10:22:56.347
1084;Hovedstaden;2021-04-15;327;2025-02-25T10:22:56.347
1082;Midtjylland;2021-04-15;157;2025-02-25T10:22:56.347
1081;Nordjylland;2021-04-15;49;2025-02-25T10:22:56.347
1085;Sjælland;2021-04-15;90;2025-02-25T10:22:56.347
1083;Syddanmark;2021-04-15;109;2025-02-25T10:22:56.347
1084;Hovedstaden;2021-04-16;335;2025-02-25T10:22:56.347
1082;Midtjylland;2021-04-16;145;2025-02-25T10:22:56.347
1081;Nordjylland;2021-04-16;43;2025-02-25T10:22:56.347
1085;Sjælland;2021-04-16;86;2025-02-25T10:22:56.347
1083;Syddanmark;2021-04-16;96;2025-02-25T10:22:56.347
1084;Hovedstaden;2021-04-17;308;2025-02-25T10:22:56.347
1082;Midtjylland;2021-04-17;139;2025-02-25T10:22:56.347
1081;Nordjylland;2021-04-17;56;2025-02-25T10:22:56.347
1085;Sjælland;2021-04-17;70;2025-02-25T10:22:56.347
1083;Syddanmark;2021-04-17;79;2025-02-25T10:22:56.347
1084;Hovedstaden;2021-04-18;357;2025-02-25T10:22:56.347
1082;Midtjylland;2021-04-18;151;2025-02-25T10:22:56.347
1081;Nordjylland;2021-04-18;50;2025-02-25T10:22:56.347
1085;Sjælland;2021-04-18;78;2025-02-25T10:22:56.347
1083;Syddanmark;2021-04-18;79;2025-02-25T10:22:56.347
1084;Hovedstaden;2021-04-19;379;2025-02-25T10:22:56.347
1082;Midtjylland;2021-04-19;182;2025-02-25T10:22:56.347
1081;Nordjylland;2021-04-19;90;2025-02-25T10:22:56.347
1085;Sjælland;2021-04-19;104;2025-02-25T10:22:56.347
1083;Syddanmark;2021-04-19;107;2025-02-25T10:22:56.347
1084;Hovedstaden;2021-04-20;363;2025-02-25T10:22:56.347
1082;Midtjylland;2021-04-20;198;2025-02-25T10:22:56.347
1081;Nordjylland;2021-04-20;84;2025-02-25T10:22:56.347
1085;Sjælland;2021-04-20;99;2025-02-25T10:22:56.347
1083;Syddanmark;2021-04-20;104;2025-02-25T10:22:56.347
1084;Hovedstaden;2021-04-21;317;2025-02-25T10:22:56.347
1082;Midtjylland;2021-04-21;144;2025-02-25T10:22:56.347
1081;Nordjylland;2021-04-21;39;2025-02-25T10:22:56.347
1085;Sjælland;2021-04-21;86;2025-02-25T10:22:56.347
1083;Syddanmark;2021-04-21;73;2025-02-25T10:22:56.347
1084;Hovedstaden;2021-04-22;292;2025-02-25T10:22:56.347
1082;Midtjylland;2021-04-22;104;2025-02-25T10:22:56.347
1081;Nordjylland;2021-04-22;51;2025-02-25T10:22:56.347
1085;Sjælland;2021-04-22;84;2025-02-25T10:22:56.347
1083;Syddanmark;2021-04-22;89;2025-02-25T10:22:56.347
1084;Hovedstaden;2021-04-23;267;2025-02-25T10:22:56.347
1082;Midtjylland;2021-04-23;119;2025-02-25T10:22:56.347
1081;Nordjylland;2021-04-23;81;2025-02-25T10:22:56.347
1085;Sjælland;2021-04-23;64;2025-02-25T10:22:56.347
1083;Syddanmark;2021-04-23;94;2025-02-25T10:22:56.347
1084;Hovedstaden;2021-04-24;230;2025-02-25T10:22:56.347
1082;Midtjylland;2021-04-24;131;2025-02-25T10:22:56.347
1081;Nordjylland;2021-04-24;61;2025-02-25T10:22:56.347
1085;Sjælland;2021-04-24;69;2025-02-25T10:22:56.347
1083;Syddanmark;2021-04-24;77;2025-02-25T10:22:56.347
1084;Hovedstaden;2021-04-25;274;2025-02-25T10:22:56.347
1082;Midtjylland;2021-04-25;118;2025-02-25T10:22:56.347
1081;Nordjylland;2021-04-25;64;2025-02-25T10:22:56.347
1085;Sjælland;2021-04-25;66;2025-02-25T10:22:56.347
1083;Syddanmark;2021-04-25;75;2025-02-25T10:22:56.347
1084;Hovedstaden;2021-04-26;349;2025-02-25T10:22:56.347
1082;Midtjylland;2021-04-26;132;2025-02-25T10:22:56.347
1081;Nordjylland;2021-04-26;75;2025-02-25T10:22:56.347
1085;Sjælland;2021-04-26;103;2025-02-25T10:22:56.347
1083;Syddanmark;2021-04-26;114;2025-02-25T10:22:56.347
1084;Hovedstaden;2021-04-27;436;2025-02-25T10:22:56.347
1082;Midtjylland;2021-04-27;147;2025-02-25T10:22:56.347
1081;Nordjylland;2021-04-27;76;2025-02-25T10:22:56.347
1085;Sjælland;2021-04-27;96;2025-02-25T10:22:56.347
1083;Syddanmark;2021-04-27;138;2025-02-25T10:22:56.347
1084;Hovedstaden;2021-04-28;396;2025-02-25T10:22:56.347
1082;Midtjylland;2021-04-28;146;2025-02-25T10:22:56.347
1081;Nordjylland;2021-04-28;65;2025-02-25T10:22:56.347
1085;Sjælland;2021-04-28;92;2025-02-25T10:22:56.347
1083;Syddanmark;2021-04-28;108;2025-02-25T10:22:56.347
1084;Hovedstaden;2021-04-29;382;2025-02-25T10:22:56.347
1082;Midtjylland;2021-04-29;146;2025-02-25T10:22:56.347
1081;Nordjylland;2021-04-29;59;2025-02-25T10:22:56.347
1085;Sjælland;2021-04-29;100;2025-02-25T10:22:56.347
1083;Syddanmark;2021-04-29;113;2025-02-25T10:22:56.347
1084;Hovedstaden;2021-04-30;367;2025-02-25T10:22:56.347
1082;Midtjylland;2021-04-30;130;2025-02-25T10:22:56.347
1081;Nordjylland;2021-04-30;64;2025-02-25T10:22:56.347
1085;Sjælland;2021-04-30;69;2025-02-25T10:22:56.347
1083;Syddanmark;2021-04-30;126;2025-02-25T10:22:56.347
1084;Hovedstaden;2021-05-01;302;2025-02-25T10:22:56.347
1082;Midtjylland;2021-05-01;160;2025-02-25T10:22:56.347
1081;Nordjylland;2021-05-01;64;2025-02-25T10:22:56.347
1085;Sjælland;2021-05-01;68;2025-02-25T10:22:56.347
1083;Syddanmark;2021-05-01;95;2025-02-25T10:22:56.347
1084;Hovedstaden;2021-05-02;358;2025-02-25T10:22:56.347
1082;Midtjylland;2021-05-02;135;2025-02-25T10:22:56.347
1081;Nordjylland;2021-05-02;59;2025-02-25T10:22:56.347
1085;Sjælland;2021-05-02;56;2025-02-25T10:22:56.347
1083;Syddanmark;2021-05-02;104;2025-02-25T10:22:56.347
1084;Hovedstaden;2021-05-03;495;2025-02-25T10:22:56.347
1082;Midtjylland;2021-05-03;190;2025-02-25T10:22:56.347
1081;Nordjylland;2021-05-03;73;2025-02-25T10:22:56.347
1085;Sjælland;2021-05-03;135;2025-02-25T10:22:56.347
1083;Syddanmark;2021-05-03;128;2025-02-25T10:22:56.347
1084;Hovedstaden;2021-05-04;467;2025-02-25T10:22:56.347
1082;Midtjylland;2021-05-04;197;2025-02-25T10:22:56.347
1081;Nordjylland;2021-05-04;58;2025-02-25T10:22:56.347
1085;Sjælland;2021-05-04;117;2025-02-25T10:22:56.347
1083;Syddanmark;2021-05-04;134;2025-02-25T10:22:56.347
1084;Hovedstaden;2021-05-05;512;2025-02-25T10:22:56.347
1082;Midtjylland;2021-05-05;198;2025-02-25T10:22:56.347
1081;Nordjylland;2021-05-05;86;2025-02-25T10:22:56.347
1085;Sjælland;2021-05-05;123;2025-02-25T10:22:56.347
1083;Syddanmark;2021-05-05;135;2025-02-25T10:22:56.347
1084;Hovedstaden;2021-05-06;443;2025-02-25T10:22:56.347
1082;Midtjylland;2021-05-06;154;2025-02-25T10:22:56.347
1081;Nordjylland;2021-05-06;56;2025-02-25T10:22:56.347
1085;Sjælland;2021-05-06;147;2025-02-25T10:22:56.347
1083;Syddanmark;2021-05-06;87;2025-02-25T10:22:56.347
1084;Hovedstaden;2021-05-07;420;2025-02-25T10:22:56.347
1082;Midtjylland;2021-05-07;176;2025-02-25T10:22:56.347
1081;Nordjylland;2021-05-07;62;2025-02-25T10:22:56.347
1085;Sjælland;2021-05-07;114;2025-02-25T10:22:56.347
1083;Syddanmark;2021-05-07;129;2025-02-25T10:22:56.347
1084;Hovedstaden;2021-05-08;440;2025-02-25T10:22:56.347
1082;Midtjylland;2021-05-08;177;2025-02-25T10:22:56.347
1081;Nordjylland;2021-05-08;64;2025-02-25T10:22:56.347
1085;Sjælland;2021-05-08;84;2025-02-25T10:22:56.347
1083;Syddanmark;2021-05-08;83;2025-02-25T10:22:56.347
1084;Hovedstaden;2021-05-09;393;2025-02-25T10:22:56.347
1082;Midtjylland;2021-05-09;152;2025-02-25T10:22:56.347
1081;Nordjylland;2021-05-09;73;2025-02-25T10:22:56.347
1085;Sjælland;2021-05-09;100;2025-02-25T10:22:56.347
1083;Syddanmark;2021-05-09;83;2025-02-25T10:22:56.347
1084;Hovedstaden;2021-05-10;469;2025-02-25T10:22:56.347
1082;Midtjylland;2021-05-10;285;2025-02-25T10:22:56.347
1081;Nordjylland;2021-05-10;75;2025-02-25T10:22:56.347
1085;Sjælland;2021-05-10;184;2025-02-25T10:22:56.347
1083;Syddanmark;2021-05-10;116;2025-02-25T10:22:56.347
1084;Hovedstaden;2021-05-11;624;2025-02-25T10:22:56.347
1082;Midtjylland;2021-05-11;265;2025-02-25T10:22:56.347
1081;Nordjylland;2021-05-11;116;2025-02-25T10:22:56.347
1085;Sjælland;2021-05-11;166;2025-02-25T10:22:56.347
1083;Syddanmark;2021-05-11;129;2025-02-25T10:22:56.347
1084;Hovedstaden;2021-05-12;561;2025-02-25T10:22:56.347
1082;Midtjylland;2021-05-12;206;2025-02-25T10:22:56.347
1081;Nordjylland;2021-05-12;103;2025-02-25T10:22:56.347
1085;Sjælland;2021-05-12;187;2025-02-25T10:22:56.347
1083;Syddanmark;2021-05-12;100;2025-02-25T10:22:56.347
1084;Hovedstaden;2021-05-13;441;2025-02-25T10:22:56.347
1082;Midtjylland;2021-05-13;152;2025-02-25T10:22:56.347
1081;Nordjylland;2021-05-13;102;2025-02-25T10:22:56.347
1085;Sjælland;2021-05-13;120;2025-02-25T10:22:56.347
1083;Syddanmark;2021-05-13;89;2025-02-25T10:22:56.347
1084;Hovedstaden;2021-05-14;398;2025-02-25T10:22:56.347
1082;Midtjylland;2021-05-14;163;2025-02-25T10:22:56.347
1081;Nordjylland;2021-05-14;77;2025-02-25T10:22:56.347
1085;Sjælland;2021-05-14;135;2025-02-25T10:22:56.347
1083;Syddanmark;2021-05-14;99;2025-02-25T10:22:56.347
1084;Hovedstaden;2021-05-15;418;2025-02-25T10:22:56.347
1082;Midtjylland;2021-05-15;191;2025-02-25T10:22:56.347
1081;Nordjylland;2021-05-15;97;2025-02-25T10:22:56.347
1085;Sjælland;2021-05-15;133;2025-02-25T10:22:56.347
1083;Syddanmark;2021-05-15;102;2025-02-25T10:22:56.347
1084;Hovedstaden;2021-05-16;444;2025-02-25T10:22:56.347
1082;Midtjylland;2021-05-16;148;2025-02-25T10:22:56.347
1081;Nordjylland;2021-05-16;105;2025-02-25T10:22:56.347
1085;Sjælland;2021-05-16;124;2025-02-25T10:22:56.347
1083;Syddanmark;2021-05-16;99;2025-02-25T10:22:56.347
1084;Hovedstaden;2021-05-17;502;2025-02-25T10:22:56.347
1082;Midtjylland;2021-05-17;210;2025-02-25T10:22:56.347
1081;Nordjylland;2021-05-17;110;2025-02-25T10:22:56.347
1085;Sjælland;2021-05-17;158;2025-02-25T10:22:56.347
1083;Syddanmark;2021-05-17;170;2025-02-25T10:22:56.347
1084;Hovedstaden;2021-05-18;548;2025-02-25T10:22:56.347
1082;Midtjylland;2021-05-18;182;2025-02-25T10:22:56.347
1081;Nordjylland;2021-05-18;121;2025-02-25T10:22:56.347
1085;Sjælland;2021-05-18;158;2025-02-25T10:22:56.347
1083;Syddanmark;2021-05-18;144;2025-02-25T10:22:56.347
1084;Hovedstaden;2021-05-19;501;2025-02-25T10:22:56.347
1082;Midtjylland;2021-05-19;178;2025-02-25T10:22:56.347
1081;Nordjylland;2021-05-19;127;2025-02-25T10:22:56.347
1085;Sjælland;2021-05-19;200;2025-02-25T10:22:56.347
1083;Syddanmark;2021-05-19;131;2025-02-25T10:22:56.347
1084;Hovedstaden;2021-05-20;454;2025-02-25T10:22:56.347
1082;Midtjylland;2021-05-20;144;2025-02-25T10:22:56.347
1081;Nordjylland;2021-05-20;144;2025-02-25T10:22:56.347
1085;Sjælland;2021-05-20;156;2025-02-25T10:22:56.347
1083;Syddanmark;2021-05-20;118;2025-02-25T10:22:56.347
1084;Hovedstaden;2021-05-21;376;2025-02-25T10:22:56.347
1082;Midtjylland;2021-05-21;133;2025-02-25T10:22:56.347
1081;Nordjylland;2021-05-21;87;2025-02-25T10:22:56.347
1085;Sjælland;2021-05-21;136;2025-02-25T10:22:56.347
1083;Syddanmark;2021-05-21;98;2025-02-25T10:22:56.347
1084;Hovedstaden;2021-05-22;328;2025-02-25T10:22:56.347
1082;Midtjylland;2021-05-22;168;2025-02-25T10:22:56.347
1081;Nordjylland;2021-05-22;100;2025-02-25T10:22:56.347
1085;Sjælland;2021-05-22;83;2025-02-25T10:22:56.347
1083;Syddanmark;2021-05-22;106;2025-02-25T10:22:56.347
1084;Hovedstaden;2021-05-23;305;2025-02-25T10:22:56.347
1082;Midtjylland;2021-05-23;180;2025-02-25T10:22:56.347
1081;Nordjylland;2021-05-23;114;2025-02-25T10:22:56.347
1085;Sjælland;2021-05-23;98;2025-02-25T10:22:56.347
1083;Syddanmark;2021-05-23;103;2025-02-25T10:22:56.347
1084;Hovedstaden;2021-05-24;357;2025-02-25T10:22:56.347
1082;Midtjylland;2021-05-24;181;2025-02-25T10:22:56.347
1081;Nordjylland;2021-05-24;99;2025-02-25T10:22:56.347
1085;Sjælland;2021-05-24;121;2025-02-25T10:22:56.347
1083;Syddanmark;2021-05-24;102;2025-02-25T10:22:56.347
1084;Hovedstaden;2021-05-25;425;2025-02-25T10:22:56.347
1082;Midtjylland;2021-05-25;222;2025-02-25T10:22:56.347
1081;Nordjylland;2021-05-25;152;2025-02-25T10:22:56.347
1085;Sjælland;2021-05-25;130;2025-02-25T10:22:56.347
1083;Syddanmark;2021-05-25;171;2025-02-25T10:22:56.347
1084;Hovedstaden;2021-05-26;549;2025-02-25T10:22:56.347
1082;Midtjylland;2021-05-26;177;2025-02-25T10:22:56.347
1081;Nordjylland;2021-05-26;189;2025-02-25T10:22:56.347
1085;Sjælland;2021-05-26;128;2025-02-25T10:22:56.347
1083;Syddanmark;2021-05-26;156;2025-02-25T10:22:56.347
1084;Hovedstaden;2021-05-27;436;2025-02-25T10:22:56.347
1082;Midtjylland;2021-05-27;192;2025-02-25T10:22:56.347
1081;Nordjylland;2021-05-27;108;2025-02-25T10:22:56.347
1085;Sjælland;2021-05-27;129;2025-02-25T10:22:56.347
1083;Syddanmark;2021-05-27;132;2025-02-25T10:22:56.347
1084;Hovedstaden;2021-05-28;373;2025-02-25T10:22:56.347
1082;Midtjylland;2021-05-28;183;2025-02-25T10:22:56.347
1081;Nordjylland;2021-05-28;114;2025-02-25T10:22:56.347
1085;Sjælland;2021-05-28;112;2025-02-25T10:22:56.347
1083;Syddanmark;2021-05-28;141;2025-02-25T10:22:56.347
1084;Hovedstaden;2021-05-29;355;2025-02-25T10:22:56.347
1082;Midtjylland;2021-05-29;148;2025-02-25T10:22:56.347
1081;Nordjylland;2021-05-29;111;2025-02-25T10:22:56.347
1085;Sjælland;2021-05-29;81;2025-02-25T10:22:56.347
1083;Syddanmark;2021-05-29;119;2025-02-25T10:22:56.347
1084;Hovedstaden;2021-05-30;337;2025-02-25T10:22:56.347
1082;Midtjylland;2021-05-30;169;2025-02-25T10:22:56.347
1081;Nordjylland;2021-05-30;124;2025-02-25T10:22:56.347
1085;Sjælland;2021-05-30;82;2025-02-25T10:22:56.347
1083;Syddanmark;2021-05-30;111;2025-02-25T10:22:56.347
1084;Hovedstaden;2021-05-31;433;2025-02-25T10:22:56.347
1082;Midtjylland;2021-05-31;191;2025-02-25T10:22:56.347
1081;Nordjylland;2021-05-31;154;2025-02-25T10:22:56.347
1085;Sjælland;2021-05-31;100;2025-02-25T10:22:56.347
1083;Syddanmark;2021-05-31;137;2025-02-25T10:22:56.347
1084;Hovedstaden;2021-06-01;499;2025-02-25T10:22:56.347
1082;Midtjylland;2021-06-01;199;2025-02-25T10:22:56.347
1081;Nordjylland;2021-06-01;176;2025-02-25T10:22:56.347
1085;Sjælland;2021-06-01;100;2025-02-25T10:22:56.347
1083;Syddanmark;2021-06-01;128;2025-02-25T10:22:56.347
1084;Hovedstaden;2021-06-02;418;2025-02-25T10:22:56.347
1082;Midtjylland;2021-06-02;192;2025-02-25T10:22:56.347
1081;Nordjylland;2021-06-02;140;2025-02-25T10:22:56.347
1085;Sjælland;2021-06-02;101;2025-02-25T10:22:56.347
1083;Syddanmark;2021-06-02;78;2025-02-25T10:22:56.347
1084;Hovedstaden;2021-06-03;349;2025-02-25T10:22:56.347
1082;Midtjylland;2021-06-03;133;2025-02-25T10:22:56.347
1081;Nordjylland;2021-06-03;101;2025-02-25T10:22:56.347
1085;Sjælland;2021-06-03;102;2025-02-25T10:22:56.347
1083;Syddanmark;2021-06-03;66;2025-02-25T10:22:56.347
1084;Hovedstaden;2021-06-04;306;2025-02-25T10:22:56.347
1082;Midtjylland;2021-06-04;163;2025-02-25T10:22:56.347
1081;Nordjylland;2021-06-04;83;2025-02-25T10:22:56.347
1085;Sjælland;2021-06-04;87;2025-02-25T10:22:56.347
1083;Syddanmark;2021-06-04;67;2025-02-25T10:22:56.347
1084;Hovedstaden;2021-06-05;238;2025-02-25T10:22:56.347
1082;Midtjylland;2021-06-05;144;2025-02-25T10:22:56.347
1081;Nordjylland;2021-06-05;83;2025-02-25T10:22:56.347
1085;Sjælland;2021-06-05;104;2025-02-25T10:22:56.347
1083;Syddanmark;2021-06-05;55;2025-02-25T10:22:56.347
1084;Hovedstaden;2021-06-06;239;2025-02-25T10:22:56.347
1082;Midtjylland;2021-06-06;123;2025-02-25T10:22:56.347
1081;Nordjylland;2021-06-06;77;2025-02-25T10:22:56.347
1085;Sjælland;2021-06-06;64;2025-02-25T10:22:56.347
1083;Syddanmark;2021-06-06;43;2025-02-25T10:22:56.347
1084;Hovedstaden;2021-06-07;272;2025-02-25T10:22:56.347
1082;Midtjylland;2021-06-07;123;2025-02-25T10:22:56.347
1081;Nordjylland;2021-06-07;92;2025-02-25T10:22:56.347
1085;Sjælland;2021-06-07;60;2025-02-25T10:22:56.347
1083;Syddanmark;2021-06-07;75;2025-02-25T10:22:56.347
1084;Hovedstaden;2021-06-08;223;2025-02-25T10:22:56.347
1082;Midtjylland;2021-06-08;98;2025-02-25T10:22:56.347
1081;Nordjylland;2021-06-08;60;2025-02-25T10:22:56.347
1085;Sjælland;2021-06-08;68;2025-02-25T10:22:56.347
1083;Syddanmark;2021-06-08;64;2025-02-25T10:22:56.347
1084;Hovedstaden;2021-06-09;195;2025-02-25T10:22:56.347
1082;Midtjylland;2021-06-09;104;2025-02-25T10:22:56.347
1081;Nordjylland;2021-06-09;61;2025-02-25T10:22:56.347
1085;Sjælland;2021-06-09;72;2025-02-25T10:22:56.347
1083;Syddanmark;2021-06-09;50;2025-02-25T10:22:56.347
1084;Hovedstaden;2021-06-10;174;2025-02-25T10:22:56.347
1082;Midtjylland;2021-06-10;79;2025-02-25T10:22:56.347
1081;Nordjylland;2021-06-10;67;2025-02-25T10:22:56.347
1085;Sjælland;2021-06-10;52;2025-02-25T10:22:56.347
1083;Syddanmark;2021-06-10;46;2025-02-25T10:22:56.347
1084;Hovedstaden;2021-06-11;125;2025-02-25T10:22:56.347
1082;Midtjylland;2021-06-11;76;2025-02-25T10:22:56.347
1081;Nordjylland;2021-06-11;50;2025-02-25T10:22:56.347
1085;Sjælland;2021-06-11;34;2025-02-25T10:22:56.347
1083;Syddanmark;2021-06-11;31;2025-02-25T10:22:56.347
1084;Hovedstaden;2021-06-12;110;2025-02-25T10:22:56.347
1082;Midtjylland;2021-06-12;44;2025-02-25T10:22:56.347
1081;Nordjylland;2021-06-12;36;2025-02-25T10:22:56.347
1085;Sjælland;2021-06-12;34;2025-02-25T10:22:56.347
1083;Syddanmark;2021-06-12;24;2025-02-25T10:22:56.347
1084;Hovedstaden;2021-06-13;87;2025-02-25T10:22:56.347
1082;Midtjylland;2021-06-13;50;2025-02-25T10:22:56.347
1081;Nordjylland;2021-06-13;37;2025-02-25T10:22:56.347
1085;Sjælland;2021-06-13;24;2025-02-25T10:22:56.347
1083;Syddanmark;2021-06-13;31;2025-02-25T10:22:56.347
1084;Hovedstaden;2021-06-14;119;2025-02-25T10:22:56.347
1082;Midtjylland;2021-06-14;60;2025-02-25T10:22:56.347
1081;Nordjylland;2021-06-14;49;2025-02-25T10:22:56.347
1085;Sjælland;2021-06-14;50;2025-02-25T10:22:56.347
1083;Syddanmark;2021-06-14;33;2025-02-25T10:22:56.347
1084;Hovedstaden;2021-06-15;127;2025-02-25T10:22:56.347
1082;Midtjylland;2021-06-15;62;2025-02-25T10:22:56.347
1081;Nordjylland;2021-06-15;56;2025-02-25T10:22:56.347
1085;Sjælland;2021-06-15;29;2025-02-25T10:22:56.347
1083;Syddanmark;2021-06-15;34;2025-02-25T10:22:56.347
1084;Hovedstaden;2021-06-16;143;2025-02-25T10:22:56.347
1082;Midtjylland;2021-06-16;60;2025-02-25T10:22:56.347
1081;Nordjylland;2021-06-16;23;2025-02-25T10:22:56.347
1085;Sjælland;2021-06-16;36;2025-02-25T10:22:56.347
1083;Syddanmark;2021-06-16;25;2025-02-25T10:22:56.347
1084;Hovedstaden;2021-06-17;102;2025-02-25T10:22:56.347
1082;Midtjylland;2021-06-17;37;2025-02-25T10:22:56.347
1081;Nordjylland;2021-06-17;29;2025-02-25T10:22:56.347
1085;Sjælland;2021-06-17;30;2025-02-25T10:22:56.347
1083;Syddanmark;2021-06-17;15;2025-02-25T10:22:56.347
1084;Hovedstaden;2021-06-18;98;2025-02-25T10:22:56.347
1082;Midtjylland;2021-06-18;43;2025-02-25T10:22:56.347
1081;Nordjylland;2021-06-18;29;2025-02-25T10:22:56.347
1085;Sjælland;2021-06-18;23;2025-02-25T10:22:56.347
1083;Syddanmark;2021-06-18;10;2025-02-25T10:22:56.347
1084;Hovedstaden;2021-06-19;94;2025-02-25T10:22:56.347
1082;Midtjylland;2021-06-19;21;2025-02-25T10:22:56.347
1081;Nordjylland;2021-06-19;22;2025-02-25T10:22:56.347
1085;Sjælland;2021-06-19;22;2025-02-25T10:22:56.347
1083;Syddanmark;2021-06-19;14;2025-02-25T10:22:56.347
1084;Hovedstaden;2021-06-20;79;2025-02-25T10:22:56.347
1082;Midtjylland;2021-06-20;39;2025-02-25T10:22:56.347
1081;Nordjylland;2021-06-20;17;2025-02-25T10:22:56.347
1085;Sjælland;2021-06-20;16;2025-02-25T10:22:56.347
1083;Syddanmark;2021-06-20;10;2025-02-25T10:22:56.347
1084;Hovedstaden;2021-06-21;108;2025-02-25T10:22:56.347
1082;Midtjylland;2021-06-21;29;2025-02-25T10:22:56.347
1081;Nordjylland;2021-06-21;17;2025-02-25T10:22:56.347
1085;Sjælland;2021-06-21;10;2025-02-25T10:22:56.347
1083;Syddanmark;2021-06-21;25;2025-02-25T10:22:56.347
1084;Hovedstaden;2021-06-22;101;2025-02-25T10:22:56.347
1082;Midtjylland;2021-06-22;21;2025-02-25T10:22:56.347
1081;Nordjylland;2021-06-22;14;2025-02-25T10:22:56.347
1085;Sjælland;2021-06-22;18;2025-02-25T10:22:56.347
1083;Syddanmark;2021-06-22;21;2025-02-25T10:22:56.347
1084;Hovedstaden;2021-06-23;98;2025-02-25T10:22:56.347
1082;Midtjylland;2021-06-23;37;2025-02-25T10:22:56.347
1081;Nordjylland;2021-06-23;34;2025-02-25T10:22:56.347
1085;Sjælland;2021-06-23;17;2025-02-25T10:22:56.347
1083;Syddanmark;2021-06-23;20;2025-02-25T10:22:56.347
1084;Hovedstaden;2021-06-24;110;2025-02-25T10:22:56.347
1082;Midtjylland;2021-06-24;42;2025-02-25T10:22:56.347
1081;Nordjylland;2021-06-24;21;2025-02-25T10:22:56.347
1085;Sjælland;2021-06-24;12;2025-02-25T10:22:56.347
1083;Syddanmark;2021-06-24;28;2025-02-25T10:22:56.347
1084;Hovedstaden;2021-06-25;98;2025-02-25T10:22:56.347
1082;Midtjylland;2021-06-25;36;2025-02-25T10:22:56.347
1081;Nordjylland;2021-06-25;20;2025-02-25T10:22:56.347
1085;Sjælland;2021-06-25;19;2025-02-25T10:22:56.347
1083;Syddanmark;2021-06-25;18;2025-02-25T10:22:56.347
1084;Hovedstaden;2021-06-26;93;2025-02-25T10:22:56.347
1082;Midtjylland;2021-06-26;16;2025-02-25T10:22:56.347
1081;Nordjylland;2021-06-26;13;2025-02-25T10:22:56.347
1085;Sjælland;2021-06-26;7;2025-02-25T10:22:56.347
1083;Syddanmark;2021-06-26;15;2025-02-25T10:22:56.347
1084;Hovedstaden;2021-06-27;117;2025-02-25T10:22:56.347
1082;Midtjylland;2021-06-27;19;2025-02-25T10:22:56.347
1081;Nordjylland;2021-06-27;21;2025-02-25T10:22:56.347
1085;Sjælland;2021-06-27;11;2025-02-25T10:22:56.347
1083;Syddanmark;2021-06-27;18;2025-02-25T10:22:56.347
1084;Hovedstaden;2021-06-28;171;2025-02-25T10:22:56.347
1082;Midtjylland;2021-06-28;41;2025-02-25T10:22:56.347
1081;Nordjylland;2021-06-28;38;2025-02-25T10:22:56.347
1085;Sjælland;2021-06-28;21;2025-02-25T10:22:56.347
1083;Syddanmark;2021-06-28;18;2025-02-25T10:22:56.347
1084;Hovedstaden;2021-06-29;251;2025-02-25T10:22:56.347
1082;Midtjylland;2021-06-29;37;2025-02-25T10:22:56.347
1081;Nordjylland;2021-06-29;44;2025-02-25T10:22:56.347
1085;Sjælland;2021-06-29;46;2025-02-25T10:22:56.347
1083;Syddanmark;2021-06-29;20;2025-02-25T10:22:56.347
1084;Hovedstaden;2021-06-30;312;2025-02-25T10:22:56.347
1082;Midtjylland;2021-06-30;58;2025-02-25T10:22:56.347
1081;Nordjylland;2021-06-30;31;2025-02-25T10:22:56.347
1085;Sjælland;2021-06-30;47;2025-02-25T10:22:56.347
1083;Syddanmark;2021-06-30;32;2025-02-25T10:22:56.347
1084;Hovedstaden;2021-07-01;210;2025-02-25T10:22:56.347
1082;Midtjylland;2021-07-01;45;2025-02-25T10:22:56.347
1081;Nordjylland;2021-07-01;27;2025-02-25T10:22:56.347
1085;Sjælland;2021-07-01;64;2025-02-25T10:22:56.347
1083;Syddanmark;2021-07-01;41;2025-02-25T10:22:56.347
1084;Hovedstaden;2021-07-02;224;2025-02-25T10:22:56.347
1082;Midtjylland;2021-07-02;53;2025-02-25T10:22:56.347
1081;Nordjylland;2021-07-02;26;2025-02-25T10:22:56.347
1085;Sjælland;2021-07-02;38;2025-02-25T10:22:56.347
1083;Syddanmark;2021-07-02;32;2025-02-25T10:22:56.347
1084;Hovedstaden;2021-07-03;186;2025-02-25T10:22:56.347
1082;Midtjylland;2021-07-03;54;2025-02-25T10:22:56.347
1081;Nordjylland;2021-07-03;37;2025-02-25T10:22:56.347
1085;Sjælland;2021-07-03;46;2025-02-25T10:22:56.347
1083;Syddanmark;2021-07-03;32;2025-02-25T10:22:56.347
1084;Hovedstaden;2021-07-04;228;2025-02-25T10:22:56.347
1082;Midtjylland;2021-07-04;64;2025-02-25T10:22:56.347
1081;Nordjylland;2021-07-04;28;2025-02-25T10:22:56.347
1085;Sjælland;2021-07-04;40;2025-02-25T10:22:56.347
1083;Syddanmark;2021-07-04;45;2025-02-25T10:22:56.347
1084;Hovedstaden;2021-07-05;312;2025-02-25T10:22:56.347
1082;Midtjylland;2021-07-05;151;2025-02-25T10:22:56.347
1081;Nordjylland;2021-07-05;46;2025-02-25T10:22:56.347
1085;Sjælland;2021-07-05;58;2025-02-25T10:22:56.347
1083;Syddanmark;2021-07-05;110;2025-02-25T10:22:56.347
1084;Hovedstaden;2021-07-06;352;2025-02-25T10:22:56.347
1082;Midtjylland;2021-07-06;116;2025-02-25T10:22:56.347
1081;Nordjylland;2021-07-06;34;2025-02-25T10:22:56.347
1085;Sjælland;2021-07-06;51;2025-02-25T10:22:56.347
1083;Syddanmark;2021-07-06;107;2025-02-25T10:22:56.347
1084;Hovedstaden;2021-07-07;299;2025-02-25T10:22:56.347
1082;Midtjylland;2021-07-07;143;2025-02-25T10:22:56.347
1081;Nordjylland;2021-07-07;36;2025-02-25T10:22:56.347
1085;Sjælland;2021-07-07;57;2025-02-25T10:22:56.347
1083;Syddanmark;2021-07-07;83;2025-02-25T10:22:56.347
1084;Hovedstaden;2021-07-08;275;2025-02-25T10:22:56.347
1082;Midtjylland;2021-07-08;120;2025-02-25T10:22:56.347
1081;Nordjylland;2021-07-08;35;2025-02-25T10:22:56.347
1085;Sjælland;2021-07-08;53;2025-02-25T10:22:56.347
1083;Syddanmark;2021-07-08;60;2025-02-25T10:22:56.347
1084;Hovedstaden;2021-07-09;304;2025-02-25T10:22:56.347
1082;Midtjylland;2021-07-09;128;2025-02-25T10:22:56.347
1081;Nordjylland;2021-07-09;27;2025-02-25T10:22:56.347
1085;Sjælland;2021-07-09;48;2025-02-25T10:22:56.347
1083;Syddanmark;2021-07-09;60;2025-02-25T10:22:56.347
1084;Hovedstaden;2021-07-10;353;2025-02-25T10:22:56.347
1082;Midtjylland;2021-07-10;129;2025-02-25T10:22:56.347
1081;Nordjylland;2021-07-10;33;2025-02-25T10:22:56.347
1085;Sjælland;2021-07-10;62;2025-02-25T10:22:56.347
1083;Syddanmark;2021-07-10;78;2025-02-25T10:22:56.347
1084;Hovedstaden;2021-07-11;484;2025-02-25T10:22:56.347
1082;Midtjylland;2021-07-11;210;2025-02-25T10:22:56.347
1081;Nordjylland;2021-07-11;41;2025-02-25T10:22:56.347
1085;Sjælland;2021-07-11;63;2025-02-25T10:22:56.347
1083;Syddanmark;2021-07-11;125;2025-02-25T10:22:56.347
1084;Hovedstaden;2021-07-12;577;2025-02-25T10:22:56.347
1082;Midtjylland;2021-07-12;264;2025-02-25T10:22:56.347
1081;Nordjylland;2021-07-12;45;2025-02-25T10:22:56.347
1085;Sjælland;2021-07-12;84;2025-02-25T10:22:56.347
1083;Syddanmark;2021-07-12;142;2025-02-25T10:22:56.347
1084;Hovedstaden;2021-07-13;640;2025-02-25T10:22:56.347
1082;Midtjylland;2021-07-13;270;2025-02-25T10:22:56.347
1081;Nordjylland;2021-07-13;52;2025-02-25T10:22:56.347
1085;Sjælland;2021-07-13;96;2025-02-25T10:22:56.347
1083;Syddanmark;2021-07-13;159;2025-02-25T10:22:56.347
1084;Hovedstaden;2021-07-14;612;2025-02-25T10:22:56.347
1082;Midtjylland;2021-07-14;298;2025-02-25T10:22:56.347
1081;Nordjylland;2021-07-14;45;2025-02-25T10:22:56.347
1085;Sjælland;2021-07-14;103;2025-02-25T10:22:56.347
1083;Syddanmark;2021-07-14;130;2025-02-25T10:22:56.347
1084;Hovedstaden;2021-07-15;556;2025-02-25T10:22:56.347
1082;Midtjylland;2021-07-15;238;2025-02-25T10:22:56.347
1081;Nordjylland;2021-07-15;46;2025-02-25T10:22:56.347
1085;Sjælland;2021-07-15;77;2025-02-25T10:22:56.347
1083;Syddanmark;2021-07-15;120;2025-02-25T10:22:56.347
1084;Hovedstaden;2021-07-16;405;2025-02-25T10:22:56.347
1082;Midtjylland;2021-07-16;198;2025-02-25T10:22:56.347
1081;Nordjylland;2021-07-16;33;2025-02-25T10:22:56.347
1085;Sjælland;2021-07-16;81;2025-02-25T10:22:56.347
1083;Syddanmark;2021-07-16;91;2025-02-25T10:22:56.347
1084;Hovedstaden;2021-07-17;387;2025-02-25T10:22:56.347
1082;Midtjylland;2021-07-17;172;2025-02-25T10:22:56.347
1081;Nordjylland;2021-07-17;43;2025-02-25T10:22:56.347
1085;Sjælland;2021-07-17;74;2025-02-25T10:22:56.347
1083;Syddanmark;2021-07-17;102;2025-02-25T10:22:56.347
1084;Hovedstaden;2021-07-18;326;2025-02-25T10:22:56.347
1082;Midtjylland;2021-07-18;162;2025-02-25T10:22:56.347
1081;Nordjylland;2021-07-18;39;2025-02-25T10:22:56.347
1085;Sjælland;2021-07-18;91;2025-02-25T10:22:56.347
1083;Syddanmark;2021-07-18;103;2025-02-25T10:22:56.347
1084;Hovedstaden;2021-07-19;389;2025-02-25T10:22:56.347
1082;Midtjylland;2021-07-19;237;2025-02-25T10:22:56.347
1081;Nordjylland;2021-07-19;60;2025-02-25T10:22:56.347
1085;Sjælland;2021-07-19;73;2025-02-25T10:22:56.347
1083;Syddanmark;2021-07-19;94;2025-02-25T10:22:56.347
1084;Hovedstaden;2021-07-20;394;2025-02-25T10:22:56.347
1082;Midtjylland;2021-07-20;197;2025-02-25T10:22:56.347
1081;Nordjylland;2021-07-20;35;2025-02-25T10:22:56.347
1085;Sjælland;2021-07-20;61;2025-02-25T10:22:56.347
1083;Syddanmark;2021-07-20;122;2025-02-25T10:22:56.347
1084;Hovedstaden;2021-07-21;372;2025-02-25T10:22:56.347
1082;Midtjylland;2021-07-21;200;2025-02-25T10:22:56.347
1081;Nordjylland;2021-07-21;60;2025-02-25T10:22:56.347
1085;Sjælland;2021-07-21;67;2025-02-25T10:22:56.347
1083;Syddanmark;2021-07-21;101;2025-02-25T10:22:56.347
1084;Hovedstaden;2021-07-22;297;2025-02-25T10:22:56.347
1082;Midtjylland;2021-07-22;182;2025-02-25T10:22:56.347
1081;Nordjylland;2021-07-22;50;2025-02-25T10:22:56.347
1085;Sjælland;2021-07-22;69;2025-02-25T10:22:56.347
1083;Syddanmark;2021-07-22;101;2025-02-25T10:22:56.347
1084;Hovedstaden;2021-07-23;301;2025-02-25T10:22:56.347
1082;Midtjylland;2021-07-23;196;2025-02-25T10:22:56.347
1081;Nordjylland;2021-07-23;46;2025-02-25T10:22:56.347
1085;Sjælland;2021-07-23;64;2025-02-25T10:22:56.347
1083;Syddanmark;2021-07-23;125;2025-02-25T10:22:56.347
1084;Hovedstaden;2021-07-24;268;2025-02-25T10:22:56.347
1082;Midtjylland;2021-07-24;184;2025-02-25T10:22:56.347
1081;Nordjylland;2021-07-24;58;2025-02-25T10:22:56.347
1085;Sjælland;2021-07-24;49;2025-02-25T10:22:56.347
1083;Syddanmark;2021-07-24;76;2025-02-25T10:22:56.347
1084;Hovedstaden;2021-07-25;348;2025-02-25T10:22:56.347
1082;Midtjylland;2021-07-25;200;2025-02-25T10:22:56.347
1081;Nordjylland;2021-07-25;55;2025-02-25T10:22:56.347
1085;Sjælland;2021-07-25;53;2025-02-25T10:22:56.347
1083;Syddanmark;2021-07-25;115;2025-02-25T10:22:56.347
1084;Hovedstaden;2021-07-26;406;2025-02-25T10:22:56.347
1082;Midtjylland;2021-07-26;276;2025-02-25T10:22:56.347
1081;Nordjylland;2021-07-26;108;2025-02-25T10:22:56.347
1085;Sjælland;2021-07-26;90;2025-02-25T10:22:56.347
1083;Syddanmark;2021-07-26;149;2025-02-25T10:22:56.347
1084;Hovedstaden;2021-07-27;398;2025-02-25T10:22:56.347
1082;Midtjylland;2021-07-27;253;2025-02-25T10:22:56.347
1081;Nordjylland;2021-07-27;125;2025-02-25T10:22:56.347
1085;Sjælland;2021-07-27;71;2025-02-25T10:22:56.347
1083;Syddanmark;2021-07-27;117;2025-02-25T10:22:56.347
1084;Hovedstaden;2021-07-28;382;2025-02-25T10:22:56.347
1082;Midtjylland;2021-07-28;216;2025-02-25T10:22:56.347
1081;Nordjylland;2021-07-28;161;2025-02-25T10:22:56.347
1085;Sjælland;2021-07-28;69;2025-02-25T10:22:56.347
1083;Syddanmark;2021-07-28;156;2025-02-25T10:22:56.347
1084;Hovedstaden;2021-07-29;315;2025-02-25T10:22:56.347
1082;Midtjylland;2021-07-29;225;2025-02-25T10:22:56.347
1081;Nordjylland;2021-07-29;127;2025-02-25T10:22:56.347
1085;Sjælland;2021-07-29;61;2025-02-25T10:22:56.347
1083;Syddanmark;2021-07-29;159;2025-02-25T10:22:56.347
1084;Hovedstaden;2021-07-30;346;2025-02-25T10:22:56.347
1082;Midtjylland;2021-07-30;212;2025-02-25T10:22:56.347
1081;Nordjylland;2021-07-30;89;2025-02-25T10:22:56.347
1085;Sjælland;2021-07-30;78;2025-02-25T10:22:56.347
1083;Syddanmark;2021-07-30;122;2025-02-25T10:22:56.347
1084;Hovedstaden;2021-07-31;290;2025-02-25T10:22:56.347
1082;Midtjylland;2021-07-31;180;2025-02-25T10:22:56.347
1081;Nordjylland;2021-07-31;115;2025-02-25T10:22:56.347
1085;Sjælland;2021-07-31;55;2025-02-25T10:22:56.347
1083;Syddanmark;2021-07-31;109;2025-02-25T10:22:56.347
1084;Hovedstaden;2021-08-01;335;2025-02-25T10:22:56.347
1082;Midtjylland;2021-08-01;181;2025-02-25T10:22:56.347
1081;Nordjylland;2021-08-01;115;2025-02-25T10:22:56.347
1085;Sjælland;2021-08-01;77;2025-02-25T10:22:56.347
1083;Syddanmark;2021-08-01;128;2025-02-25T10:22:56.347
1084;Hovedstaden;2021-08-02;339;2025-02-25T10:22:56.347
1082;Midtjylland;2021-08-02;229;2025-02-25T10:22:56.347
1081;Nordjylland;2021-08-02;114;2025-02-25T10:22:56.347
1085;Sjælland;2021-08-02;78;2025-02-25T10:22:56.347
1083;Syddanmark;2021-08-02;148;2025-02-25T10:22:56.347
1084;Hovedstaden;2021-08-03;306;2025-02-25T10:22:56.347
1082;Midtjylland;2021-08-03;245;2025-02-25T10:22:56.347
1081;Nordjylland;2021-08-03;89;2025-02-25T10:22:56.347
1085;Sjælland;2021-08-03;93;2025-02-25T10:22:56.347
1083;Syddanmark;2021-08-03;152;2025-02-25T10:22:56.347
1084;Hovedstaden;2021-08-04;350;2025-02-25T10:22:56.347
1082;Midtjylland;2021-08-04;215;2025-02-25T10:22:56.347
1081;Nordjylland;2021-08-04;113;2025-02-25T10:22:56.347
1085;Sjælland;2021-08-04;69;2025-02-25T10:22:56.347
1083;Syddanmark;2021-08-04;172;2025-02-25T10:22:56.347
1084;Hovedstaden;2021-08-05;357;2025-02-25T10:22:56.347
1082;Midtjylland;2021-08-05;200;2025-02-25T10:22:56.347
1081;Nordjylland;2021-08-05;122;2025-02-25T10:22:56.347
1085;Sjælland;2021-08-05;73;2025-02-25T10:22:56.347
1083;Syddanmark;2021-08-05;177;2025-02-25T10:22:56.347
1084;Hovedstaden;2021-08-06;371;2025-02-25T10:22:56.347
1082;Midtjylland;2021-08-06;205;2025-02-25T10:22:56.347
1081;Nordjylland;2021-08-06;112;2025-02-25T10:22:56.347
1085;Sjælland;2021-08-06;87;2025-02-25T10:22:56.347
1083;Syddanmark;2021-08-06;139;2025-02-25T10:22:56.347
1084;Hovedstaden;2021-08-07;384;2025-02-25T10:22:56.347
1082;Midtjylland;2021-08-07;190;2025-02-25T10:22:56.347
1081;Nordjylland;2021-08-07;90;2025-02-25T10:22:56.347
1085;Sjælland;2021-08-07;60;2025-02-25T10:22:56.347
1083;Syddanmark;2021-08-07;125;2025-02-25T10:22:56.347
1084;Hovedstaden;2021-08-08;395;2025-02-25T10:22:56.347
1082;Midtjylland;2021-08-08;231;2025-02-25T10:22:56.347
1081;Nordjylland;2021-08-08;115;2025-02-25T10:22:56.347
1085;Sjælland;2021-08-08;87;2025-02-25T10:22:56.347
1083;Syddanmark;2021-08-08;155;2025-02-25T10:22:56.347
1084;Hovedstaden;2021-08-09;473;2025-02-25T10:22:56.347
1082;Midtjylland;2021-08-09;200;2025-02-25T10:22:56.347
1081;Nordjylland;2021-08-09;121;2025-02-25T10:22:56.347
1085;Sjælland;2021-08-09;126;2025-02-25T10:22:56.347
1083;Syddanmark;2021-08-09;177;2025-02-25T10:22:56.347
1084;Hovedstaden;2021-08-10;421;2025-02-25T10:22:56.347
1082;Midtjylland;2021-08-10;258;2025-02-25T10:22:56.347
1081;Nordjylland;2021-08-10;115;2025-02-25T10:22:56.347
1085;Sjælland;2021-08-10;109;2025-02-25T10:22:56.347
1083;Syddanmark;2021-08-10;179;2025-02-25T10:22:56.347
1084;Hovedstaden;2021-08-11;396;2025-02-25T10:22:56.347
1082;Midtjylland;2021-08-11;235;2025-02-25T10:22:56.347
1081;Nordjylland;2021-08-11;103;2025-02-25T10:22:56.347
1085;Sjælland;2021-08-11;123;2025-02-25T10:22:56.347
1083;Syddanmark;2021-08-11;133;2025-02-25T10:22:56.347
1084;Hovedstaden;2021-08-12;381;2025-02-25T10:22:56.347
1082;Midtjylland;2021-08-12;257;2025-02-25T10:22:56.347
1081;Nordjylland;2021-08-12;110;2025-02-25T10:22:56.347
1085;Sjælland;2021-08-12;112;2025-02-25T10:22:56.347
1083;Syddanmark;2021-08-12;142;2025-02-25T10:22:56.347
1084;Hovedstaden;2021-08-13;398;2025-02-25T10:22:56.347
1082;Midtjylland;2021-08-13;207;2025-02-25T10:22:56.347
1081;Nordjylland;2021-08-13;104;2025-02-25T10:22:56.347
1085;Sjælland;2021-08-13;124;2025-02-25T10:22:56.347
1083;Syddanmark;2021-08-13;133;2025-02-25T10:22:56.347
1084;Hovedstaden;2021-08-14;330;2025-02-25T10:22:56.347
1082;Midtjylland;2021-08-14;200;2025-02-25T10:22:56.347
1081;Nordjylland;2021-08-14;78;2025-02-25T10:22:56.347
1085;Sjælland;2021-08-14;76;2025-02-25T10:22:56.347
1083;Syddanmark;2021-08-14;150;2025-02-25T10:22:56.347
1084;Hovedstaden;2021-08-15;395;2025-02-25T10:22:56.347
1082;Midtjylland;2021-08-15;243;2025-02-25T10:22:56.347
1081;Nordjylland;2021-08-15;67;2025-02-25T10:22:56.347
1085;Sjælland;2021-08-15;74;2025-02-25T10:22:56.347
1083;Syddanmark;2021-08-15;164;2025-02-25T10:22:56.347
1084;Hovedstaden;2021-08-16;426;2025-02-25T10:22:56.347
1082;Midtjylland;2021-08-16;252;2025-02-25T10:22:56.347
1081;Nordjylland;2021-08-16;103;2025-02-25T10:22:56.347
1085;Sjælland;2021-08-16;100;2025-02-25T10:22:56.347
1083;Syddanmark;2021-08-16;222;2025-02-25T10:22:56.347
1084;Hovedstaden;2021-08-17;374;2025-02-25T10:22:56.347
1082;Midtjylland;2021-08-17;247;2025-02-25T10:22:56.347
1081;Nordjylland;2021-08-17;106;2025-02-25T10:22:56.347
1085;Sjælland;2021-08-17;86;2025-02-25T10:22:56.347
1083;Syddanmark;2021-08-17;214;2025-02-25T10:22:56.347
1084;Hovedstaden;2021-08-18;425;2025-02-25T10:22:56.347
1082;Midtjylland;2021-08-18;211;2025-02-25T10:22:56.347
1081;Nordjylland;2021-08-18;84;2025-02-25T10:22:56.347
1085;Sjælland;2021-08-18;88;2025-02-25T10:22:56.347
1083;Syddanmark;2021-08-18;172;2025-02-25T10:22:56.347
1084;Hovedstaden;2021-08-19;435;2025-02-25T10:22:56.347
1082;Midtjylland;2021-08-19;222;2025-02-25T10:22:56.347
1081;Nordjylland;2021-08-19;95;2025-02-25T10:22:56.347
1085;Sjælland;2021-08-19;92;2025-02-25T10:22:56.347
1083;Syddanmark;2021-08-19;182;2025-02-25T10:22:56.347
1084;Hovedstaden;2021-08-20;475;2025-02-25T10:22:56.347
1082;Midtjylland;2021-08-20;197;2025-02-25T10:22:56.347
1081;Nordjylland;2021-08-20;82;2025-02-25T10:22:56.347
1085;Sjælland;2021-08-20;100;2025-02-25T10:22:56.347
1083;Syddanmark;2021-08-20;139;2025-02-25T10:22:56.347
1084;Hovedstaden;2021-08-21;446;2025-02-25T10:22:56.347
1082;Midtjylland;2021-08-21;113;2025-02-25T10:22:56.347
1081;Nordjylland;2021-08-21;55;2025-02-25T10:22:56.347
1085;Sjælland;2021-08-21;59;2025-02-25T10:22:56.347
1083;Syddanmark;2021-08-21;100;2025-02-25T10:22:56.347
1084;Hovedstaden;2021-08-22;545;2025-02-25T10:22:56.347
1082;Midtjylland;2021-08-22;170;2025-02-25T10:22:56.347
1081;Nordjylland;2021-08-22;62;2025-02-25T10:22:56.347
1085;Sjælland;2021-08-22;73;2025-02-25T10:22:56.347
1083;Syddanmark;2021-08-22;146;2025-02-25T10:22:56.347
1084;Hovedstaden;2021-08-23;512;2025-02-25T10:22:56.347
1082;Midtjylland;2021-08-23;206;2025-02-25T10:22:56.347
1081;Nordjylland;2021-08-23;70;2025-02-25T10:22:56.347
1085;Sjælland;2021-08-23;96;2025-02-25T10:22:56.347
1083;Syddanmark;2021-08-23;171;2025-02-25T10:22:56.347
1084;Hovedstaden;2021-08-24;559;2025-02-25T10:22:56.347
1082;Midtjylland;2021-08-24;152;2025-02-25T10:22:56.347
1081;Nordjylland;2021-08-24;62;2025-02-25T10:22:56.347
1085;Sjælland;2021-08-24;80;2025-02-25T10:22:56.347
1083;Syddanmark;2021-08-24;162;2025-02-25T10:22:56.347
1084;Hovedstaden;2021-08-25;511;2025-02-25T10:22:56.347
1082;Midtjylland;2021-08-25;149;2025-02-25T10:22:56.347
1081;Nordjylland;2021-08-25;50;2025-02-25T10:22:56.347
1085;Sjælland;2021-08-25;99;2025-02-25T10:22:56.347
1083;Syddanmark;2021-08-25;151;2025-02-25T10:22:56.347
1084;Hovedstaden;2021-08-26;500;2025-02-25T10:22:56.347
1082;Midtjylland;2021-08-26;201;2025-02-25T10:22:56.347
1081;Nordjylland;2021-08-26;75;2025-02-25T10:22:56.347
1085;Sjælland;2021-08-26;80;2025-02-25T10:22:56.347
1083;Syddanmark;2021-08-26;179;2025-02-25T10:22:56.347
1084;Hovedstaden;2021-08-27;361;2025-02-25T10:22:56.347
1082;Midtjylland;2021-08-27;143;2025-02-25T10:22:56.347
1081;Nordjylland;2021-08-27;43;2025-02-25T10:22:56.347
1085;Sjælland;2021-08-27;76;2025-02-25T10:22:56.347
1083;Syddanmark;2021-08-27;121;2025-02-25T10:22:56.347
1084;Hovedstaden;2021-08-28;377;2025-02-25T10:22:56.347
1082;Midtjylland;2021-08-28;118;2025-02-25T10:22:56.347
1081;Nordjylland;2021-08-28;32;2025-02-25T10:22:56.347
1085;Sjælland;2021-08-28;62;2025-02-25T10:22:56.347
1083;Syddanmark;2021-08-28;86;2025-02-25T10:22:56.347
1084;Hovedstaden;2021-08-29;432;2025-02-25T10:22:56.347
1082;Midtjylland;2021-08-29;124;2025-02-25T10:22:56.347
1081;Nordjylland;2021-08-29;38;2025-02-25T10:22:56.347
1085;Sjælland;2021-08-29;74;2025-02-25T10:22:56.347
1083;Syddanmark;2021-08-29;112;2025-02-25T10:22:56.347
1084;Hovedstaden;2021-08-30;446;2025-02-25T10:22:56.347
1082;Midtjylland;2021-08-30;148;2025-02-25T10:22:56.347
1081;Nordjylland;2021-08-30;61;2025-02-25T10:22:56.347
1085;Sjælland;2021-08-30;98;2025-02-25T10:22:56.347
1083;Syddanmark;2021-08-30;157;2025-02-25T10:22:56.347
1084;Hovedstaden;2021-08-31;412;2025-02-25T10:22:56.347
1082;Midtjylland;2021-08-31;155;2025-02-25T10:22:56.347
1081;Nordjylland;2021-08-31;51;2025-02-25T10:22:56.347
1085;Sjælland;2021-08-31;69;2025-02-25T10:22:56.347
1083;Syddanmark;2021-08-31;133;2025-02-25T10:22:56.347
1084;Hovedstaden;2021-09-01;400;2025-02-25T10:22:56.347
1082;Midtjylland;2021-09-01;115;2025-02-25T10:22:56.347
1081;Nordjylland;2021-09-01;38;2025-02-25T10:22:56.347
1085;Sjælland;2021-09-01;82;2025-02-25T10:22:56.347
1083;Syddanmark;2021-09-01;81;2025-02-25T10:22:56.347
1084;Hovedstaden;2021-09-02;316;2025-02-25T10:22:56.347
1082;Midtjylland;2021-09-02;83;2025-02-25T10:22:56.347
1081;Nordjylland;2021-09-02;36;2025-02-25T10:22:56.347
1085;Sjælland;2021-09-02;79;2025-02-25T10:22:56.347
1083;Syddanmark;2021-09-02;75;2025-02-25T10:22:56.347
1084;Hovedstaden;2021-09-03;280;2025-02-25T10:22:56.347
1082;Midtjylland;2021-09-03;107;2025-02-25T10:22:56.347
1081;Nordjylland;2021-09-03;25;2025-02-25T10:22:56.347
1085;Sjælland;2021-09-03;56;2025-02-25T10:22:56.347
1083;Syddanmark;2021-09-03;72;2025-02-25T10:22:56.347
1084;Hovedstaden;2021-09-04;239;2025-02-25T10:22:56.347
1082;Midtjylland;2021-09-04;74;2025-02-25T10:22:56.347
1081;Nordjylland;2021-09-04;16;2025-02-25T10:22:56.347
1085;Sjælland;2021-09-04;31;2025-02-25T10:22:56.347
1083;Syddanmark;2021-09-04;62;2025-02-25T10:22:56.347
1084;Hovedstaden;2021-09-05;284;2025-02-25T10:22:56.347
1082;Midtjylland;2021-09-05;72;2025-02-25T10:22:56.347
1081;Nordjylland;2021-09-05;20;2025-02-25T10:22:56.347
1085;Sjælland;2021-09-05;49;2025-02-25T10:22:56.347
1083;Syddanmark;2021-09-05;54;2025-02-25T10:22:56.347
1084;Hovedstaden;2021-09-06;321;2025-02-25T10:22:56.347
1082;Midtjylland;2021-09-06;67;2025-02-25T10:22:56.347
1081;Nordjylland;2021-09-06;25;2025-02-25T10:22:56.347
1085;Sjælland;2021-09-06;103;2025-02-25T10:22:56.347
1083;Syddanmark;2021-09-06;76;2025-02-25T10:22:56.347
1084;Hovedstaden;2021-09-07;321;2025-02-25T10:22:56.347
1082;Midtjylland;2021-09-07;99;2025-02-25T10:22:56.347
1081;Nordjylland;2021-09-07;16;2025-02-25T10:22:56.347
1085;Sjælland;2021-09-07;93;2025-02-25T10:22:56.347
1083;Syddanmark;2021-09-07;83;2025-02-25T10:22:56.347
1084;Hovedstaden;2021-09-08;274;2025-02-25T10:22:56.347
1082;Midtjylland;2021-09-08;75;2025-02-25T10:22:56.347
1081;Nordjylland;2021-09-08;28;2025-02-25T10:22:56.347
1085;Sjælland;2021-09-08;65;2025-02-25T10:22:56.347
1083;Syddanmark;2021-09-08;60;2025-02-25T10:22:56.347
1084;Hovedstaden;2021-09-09;219;2025-02-25T10:22:56.347
1082;Midtjylland;2021-09-09;91;2025-02-25T10:22:56.347
1081;Nordjylland;2021-09-09;28;2025-02-25T10:22:56.347
1085;Sjælland;2021-09-09;89;2025-02-25T10:22:56.347
1083;Syddanmark;2021-09-09;69;2025-02-25T10:22:56.347
1084;Hovedstaden;2021-09-10;176;2025-02-25T10:22:56.347
1082;Midtjylland;2021-09-10;68;2025-02-25T10:22:56.347
1081;Nordjylland;2021-09-10;17;2025-02-25T10:22:56.347
1085;Sjælland;2021-09-10;63;2025-02-25T10:22:56.347
1083;Syddanmark;2021-09-10;58;2025-02-25T10:22:56.347
1084;Hovedstaden;2021-09-11;174;2025-02-25T10:22:56.347
1082;Midtjylland;2021-09-11;55;2025-02-25T10:22:56.347
1081;Nordjylland;2021-09-11;10;2025-02-25T10:22:56.347
1085;Sjælland;2021-09-11;42;2025-02-25T10:22:56.347
1083;Syddanmark;2021-09-11;33;2025-02-25T10:22:56.347
1084;Hovedstaden;2021-09-12;194;2025-02-25T10:22:56.347
1082;Midtjylland;2021-09-12;43;2025-02-25T10:22:56.347
1081;Nordjylland;2021-09-12;19;2025-02-25T10:22:56.347
1085;Sjælland;2021-09-12;50;2025-02-25T10:22:56.347
1083;Syddanmark;2021-09-12;27;2025-02-25T10:22:56.347
1084;Hovedstaden;2021-09-13;198;2025-02-25T10:22:56.347
1082;Midtjylland;2021-09-13;62;2025-02-25T10:22:56.347
1081;Nordjylland;2021-09-13;38;2025-02-25T10:22:56.347
1085;Sjælland;2021-09-13;66;2025-02-25T10:22:56.347
1083;Syddanmark;2021-09-13;49;2025-02-25T10:22:56.347
1084;Hovedstaden;2021-09-14;184;2025-02-25T10:22:56.347
1082;Midtjylland;2021-09-14;47;2025-02-25T10:22:56.347
1081;Nordjylland;2021-09-14;23;2025-02-25T10:22:56.347
1085;Sjælland;2021-09-14;43;2025-02-25T10:22:56.347
1083;Syddanmark;2021-09-14;50;2025-02-25T10:22:56.347
1084;Hovedstaden;2021-09-15;154;2025-02-25T10:22:56.347
1082;Midtjylland;2021-09-15;55;2025-02-25T10:22:56.347
1081;Nordjylland;2021-09-15;27;2025-02-25T10:22:56.347
1085;Sjælland;2021-09-15;41;2025-02-25T10:22:56.347
1083;Syddanmark;2021-09-15;40;2025-02-25T10:22:56.347
1084;Hovedstaden;2021-09-16;144;2025-02-25T10:22:56.347
1082;Midtjylland;2021-09-16;45;2025-02-25T10:22:56.347
1081;Nordjylland;2021-09-16;23;2025-02-25T10:22:56.347
1085;Sjælland;2021-09-16;36;2025-02-25T10:22:56.347
1083;Syddanmark;2021-09-16;60;2025-02-25T10:22:56.347
1084;Hovedstaden;2021-09-17;147;2025-02-25T10:22:56.347
1082;Midtjylland;2021-09-17;46;2025-02-25T10:22:56.347
1081;Nordjylland;2021-09-17;16;2025-02-25T10:22:56.347
1085;Sjælland;2021-09-17;36;2025-02-25T10:22:56.347
1083;Syddanmark;2021-09-17;67;2025-02-25T10:22:56.347
1084;Hovedstaden;2021-09-18;91;2025-02-25T10:22:56.347
1082;Midtjylland;2021-09-18;44;2025-02-25T10:22:56.347
1081;Nordjylland;2021-09-18;10;2025-02-25T10:22:56.347
1085;Sjælland;2021-09-18;33;2025-02-25T10:22:56.347
1083;Syddanmark;2021-09-18;31;2025-02-25T10:22:56.347
1084;Hovedstaden;2021-09-19;124;2025-02-25T10:22:56.347
1082;Midtjylland;2021-09-19;53;2025-02-25T10:22:56.347
1081;Nordjylland;2021-09-19;17;2025-02-25T10:22:56.347
1085;Sjælland;2021-09-19;23;2025-02-25T10:22:56.347
1083;Syddanmark;2021-09-19;54;2025-02-25T10:22:56.347
1084;Hovedstaden;2021-09-20;144;2025-02-25T10:22:56.347
1082;Midtjylland;2021-09-20;61;2025-02-25T10:22:56.347
1081;Nordjylland;2021-09-20;30;2025-02-25T10:22:56.347
1085;Sjælland;2021-09-20;73;2025-02-25T10:22:56.347
1083;Syddanmark;2021-09-20;72;2025-02-25T10:22:56.347
1084;Hovedstaden;2021-09-21;124;2025-02-25T10:22:56.347
1082;Midtjylland;2021-09-21;62;2025-02-25T10:22:56.347
1081;Nordjylland;2021-09-21;29;2025-02-25T10:22:56.347
1085;Sjælland;2021-09-21;58;2025-02-25T10:22:56.347
1083;Syddanmark;2021-09-21;68;2025-02-25T10:22:56.347
1084;Hovedstaden;2021-09-22;139;2025-02-25T10:22:56.347
1082;Midtjylland;2021-09-22;64;2025-02-25T10:22:56.347
1081;Nordjylland;2021-09-22;54;2025-02-25T10:22:56.347
1085;Sjælland;2021-09-22;50;2025-02-25T10:22:56.347
1083;Syddanmark;2021-09-22;50;2025-02-25T10:22:56.347
1084;Hovedstaden;2021-09-23;144;2025-02-25T10:22:56.347
1082;Midtjylland;2021-09-23;58;2025-02-25T10:22:56.347
1081;Nordjylland;2021-09-23;59;2025-02-25T10:22:56.347
1085;Sjælland;2021-09-23;54;2025-02-25T10:22:56.347
1083;Syddanmark;2021-09-23;55;2025-02-25T10:22:56.347
1084;Hovedstaden;2021-09-24;143;2025-02-25T10:22:56.347
1082;Midtjylland;2021-09-24;44;2025-02-25T10:22:56.347
1081;Nordjylland;2021-09-24;42;2025-02-25T10:22:56.347
1085;Sjælland;2021-09-24;58;2025-02-25T10:22:56.347
1083;Syddanmark;2021-09-24;64;2025-02-25T10:22:56.347
1084;Hovedstaden;2021-09-25;175;2025-02-25T10:22:56.347
1082;Midtjylland;2021-09-25;30;2025-02-25T10:22:56.347
1081;Nordjylland;2021-09-25;28;2025-02-25T10:22:56.347
1085;Sjælland;2021-09-25;58;2025-02-25T10:22:56.347
1083;Syddanmark;2021-09-25;46;2025-02-25T10:22:56.347
1084;Hovedstaden;2021-09-26;173;2025-02-25T10:22:56.347
1082;Midtjylland;2021-09-26;29;2025-02-25T10:22:56.347
1081;Nordjylland;2021-09-26;47;2025-02-25T10:22:56.347
1085;Sjælland;2021-09-26;50;2025-02-25T10:22:56.347
1083;Syddanmark;2021-09-26;60;2025-02-25T10:22:56.347
1084;Hovedstaden;2021-09-27;240;2025-02-25T10:22:56.347
1082;Midtjylland;2021-09-27;49;2025-02-25T10:22:56.347
1081;Nordjylland;2021-09-27;45;2025-02-25T10:22:56.347
1085;Sjælland;2021-09-27;90;2025-02-25T10:22:56.347
1083;Syddanmark;2021-09-27;68;2025-02-25T10:22:56.347
1084;Hovedstaden;2021-09-28;275;2025-02-25T10:22:56.347
1082;Midtjylland;2021-09-28;74;2025-02-25T10:22:56.347
1081;Nordjylland;2021-09-28;40;2025-02-25T10:22:56.347
1085;Sjælland;2021-09-28;55;2025-02-25T10:22:56.347
1083;Syddanmark;2021-09-28;86;2025-02-25T10:22:56.347
1084;Hovedstaden;2021-09-29;233;2025-02-25T10:22:56.347
1082;Midtjylland;2021-09-29;51;2025-02-25T10:22:56.347
1081;Nordjylland;2021-09-29;26;2025-02-25T10:22:56.347
1085;Sjælland;2021-09-29;44;2025-02-25T10:22:56.347
1083;Syddanmark;2021-09-29;57;2025-02-25T10:22:56.347
1084;Hovedstaden;2021-09-30;221;2025-02-25T10:22:56.347
1082;Midtjylland;2021-09-30;44;2025-02-25T10:22:56.347
1081;Nordjylland;2021-09-30;31;2025-02-25T10:22:56.347
1085;Sjælland;2021-09-30;63;2025-02-25T10:22:56.347
1083;Syddanmark;2021-09-30;87;2025-02-25T10:22:56.347
1084;Hovedstaden;2021-10-01;225;2025-02-25T10:22:56.347
1082;Midtjylland;2021-10-01;37;2025-02-25T10:22:56.347
1081;Nordjylland;2021-10-01;15;2025-02-25T10:22:56.347
1085;Sjælland;2021-10-01;66;2025-02-25T10:22:56.347
1083;Syddanmark;2021-10-01;58;2025-02-25T10:22:56.347
1084;Hovedstaden;2021-10-02;166;2025-02-25T10:22:56.347
1082;Midtjylland;2021-10-02;46;2025-02-25T10:22:56.347
1081;Nordjylland;2021-10-02;21;2025-02-25T10:22:56.347
1085;Sjælland;2021-10-02;51;2025-02-25T10:22:56.347
1083;Syddanmark;2021-10-02;41;2025-02-25T10:22:56.347
1084;Hovedstaden;2021-10-03;241;2025-02-25T10:22:56.347
1082;Midtjylland;2021-10-03;60;2025-02-25T10:22:56.347
1081;Nordjylland;2021-10-03;19;2025-02-25T10:22:56.347
1085;Sjælland;2021-10-03;45;2025-02-25T10:22:56.347
1083;Syddanmark;2021-10-03;44;2025-02-25T10:22:56.347
1084;Hovedstaden;2021-10-04;258;2025-02-25T10:22:56.347
1082;Midtjylland;2021-10-04;69;2025-02-25T10:22:56.347
1081;Nordjylland;2021-10-04;34;2025-02-25T10:22:56.347
1085;Sjælland;2021-10-04;89;2025-02-25T10:22:56.347
1083;Syddanmark;2021-10-04;102;2025-02-25T10:22:56.347
1084;Hovedstaden;2021-10-05;286;2025-02-25T10:22:56.347
1082;Midtjylland;2021-10-05;73;2025-02-25T10:22:56.347
1081;Nordjylland;2021-10-05;26;2025-02-25T10:22:56.347
1085;Sjælland;2021-10-05;80;2025-02-25T10:22:56.347
1083;Syddanmark;2021-10-05;99;2025-02-25T10:22:56.347
1084;Hovedstaden;2021-10-06;353;2025-02-25T10:22:56.347
1082;Midtjylland;2021-10-06;93;2025-02-25T10:22:56.347
1081;Nordjylland;2021-10-06;35;2025-02-25T10:22:56.347
1085;Sjælland;2021-10-06;57;2025-02-25T10:22:56.347
1083;Syddanmark;2021-10-06;99;2025-02-25T10:22:56.347
1084;Hovedstaden;2021-10-07;321;2025-02-25T10:22:56.347
1082;Midtjylland;2021-10-07;85;2025-02-25T10:22:56.347
1081;Nordjylland;2021-10-07;50;2025-02-25T10:22:56.347
1085;Sjælland;2021-10-07;92;2025-02-25T10:22:56.347
1083;Syddanmark;2021-10-07;108;2025-02-25T10:22:56.347
1084;Hovedstaden;2021-10-08;300;2025-02-25T10:22:56.347
1082;Midtjylland;2021-10-08;98;2025-02-25T10:22:56.347
1081;Nordjylland;2021-10-08;35;2025-02-25T10:22:56.347
1085;Sjælland;2021-10-08;98;2025-02-25T10:22:56.347
1083;Syddanmark;2021-10-08;76;2025-02-25T10:22:56.347
1084;Hovedstaden;2021-10-09;241;2025-02-25T10:22:56.347
1082;Midtjylland;2021-10-09;79;2025-02-25T10:22:56.347
1081;Nordjylland;2021-10-09;23;2025-02-25T10:22:56.347
1085;Sjælland;2021-10-09;63;2025-02-25T10:22:56.347
1083;Syddanmark;2021-10-09;65;2025-02-25T10:22:56.347
1084;Hovedstaden;2021-10-10;320;2025-02-25T10:22:56.347
1082;Midtjylland;2021-10-10;75;2025-02-25T10:22:56.347
1081;Nordjylland;2021-10-10;21;2025-02-25T10:22:56.347
1085;Sjælland;2021-10-10;57;2025-02-25T10:22:56.347
1083;Syddanmark;2021-10-10;85;2025-02-25T10:22:56.347
1084;Hovedstaden;2021-10-11;364;2025-02-25T10:22:56.347
1082;Midtjylland;2021-10-11;108;2025-02-25T10:22:56.347
1081;Nordjylland;2021-10-11;37;2025-02-25T10:22:56.347
1085;Sjælland;2021-10-11;125;2025-02-25T10:22:56.347
1083;Syddanmark;2021-10-11;126;2025-02-25T10:22:56.347
1084;Hovedstaden;2021-10-12;414;2025-02-25T10:22:56.347
1082;Midtjylland;2021-10-12;78;2025-02-25T10:22:56.347
1081;Nordjylland;2021-10-12;38;2025-02-25T10:22:56.347
1085;Sjælland;2021-10-12;125;2025-02-25T10:22:56.347
1083;Syddanmark;2021-10-12;110;2025-02-25T10:22:56.347
1084;Hovedstaden;2021-10-13;429;2025-02-25T10:22:56.347
1082;Midtjylland;2021-10-13;90;2025-02-25T10:22:56.347
1081;Nordjylland;2021-10-13;48;2025-02-25T10:22:56.347
1085;Sjælland;2021-10-13;100;2025-02-25T10:22:56.347
1083;Syddanmark;2021-10-13;89;2025-02-25T10:22:56.347
1084;Hovedstaden;2021-10-14;388;2025-02-25T10:22:56.347
1082;Midtjylland;2021-10-14;83;2025-02-25T10:22:56.347
1081;Nordjylland;2021-10-14;55;2025-02-25T10:22:56.347
1085;Sjælland;2021-10-14;129;2025-02-25T10:22:56.347
1083;Syddanmark;2021-10-14;120;2025-02-25T10:22:56.347
1084;Hovedstaden;2021-10-15;358;2025-02-25T10:22:56.347
1082;Midtjylland;2021-10-15;90;2025-02-25T10:22:56.347
1081;Nordjylland;2021-10-15;28;2025-02-25T10:22:56.347
1085;Sjælland;2021-10-15;101;2025-02-25T10:22:56.347
1083;Syddanmark;2021-10-15;81;2025-02-25T10:22:56.347
1084;Hovedstaden;2021-10-16;331;2025-02-25T10:22:56.347
1082;Midtjylland;2021-10-16;67;2025-02-25T10:22:56.347
1081;Nordjylland;2021-10-16;53;2025-02-25T10:22:56.347
1085;Sjælland;2021-10-16;80;2025-02-25T10:22:56.347
1083;Syddanmark;2021-10-16;69;2025-02-25T10:22:56.347
1084;Hovedstaden;2021-10-17;414;2025-02-25T10:22:56.347
1082;Midtjylland;2021-10-17;57;2025-02-25T10:22:56.347
1081;Nordjylland;2021-10-17;74;2025-02-25T10:22:56.347
1085;Sjælland;2021-10-17;98;2025-02-25T10:22:56.347
1083;Syddanmark;2021-10-17;76;2025-02-25T10:22:56.347
1084;Hovedstaden;2021-10-18;505;2025-02-25T10:22:56.347
1082;Midtjylland;2021-10-18;91;2025-02-25T10:22:56.347
1081;Nordjylland;2021-10-18;71;2025-02-25T10:22:56.347
1085;Sjælland;2021-10-18;177;2025-02-25T10:22:56.347
1083;Syddanmark;2021-10-18;129;2025-02-25T10:22:56.347
1084;Hovedstaden;2021-10-19;636;2025-02-25T10:22:56.347
1082;Midtjylland;2021-10-19;118;2025-02-25T10:22:56.347
1081;Nordjylland;2021-10-19;80;2025-02-25T10:22:56.347
1085;Sjælland;2021-10-19;166;2025-02-25T10:22:56.347
1083;Syddanmark;2021-10-19;128;2025-02-25T10:22:56.347
1084;Hovedstaden;2021-10-20;734;2025-02-25T10:22:56.347
1082;Midtjylland;2021-10-20;143;2025-02-25T10:22:56.347
1081;Nordjylland;2021-10-20;90;2025-02-25T10:22:56.347
1085;Sjælland;2021-10-20;153;2025-02-25T10:22:56.347
1083;Syddanmark;2021-10-20;173;2025-02-25T10:22:56.347
1084;Hovedstaden;2021-10-21;774;2025-02-25T10:22:56.347
1082;Midtjylland;2021-10-21;159;2025-02-25T10:22:56.347
1081;Nordjylland;2021-10-21;105;2025-02-25T10:22:56.347
1085;Sjælland;2021-10-21;249;2025-02-25T10:22:56.347
1083;Syddanmark;2021-10-21;129;2025-02-25T10:22:56.347
1084;Hovedstaden;2021-10-22;705;2025-02-25T10:22:56.347
1082;Midtjylland;2021-10-22;168;2025-02-25T10:22:56.347
1081;Nordjylland;2021-10-22;86;2025-02-25T10:22:56.347
1085;Sjælland;2021-10-22;137;2025-02-25T10:22:56.347
1083;Syddanmark;2021-10-22;147;2025-02-25T10:22:56.347
1084;Hovedstaden;2021-10-23;694;2025-02-25T10:22:56.347
1082;Midtjylland;2021-10-23;162;2025-02-25T10:22:56.347
1081;Nordjylland;2021-10-23;84;2025-02-25T10:22:56.347
1085;Sjælland;2021-10-23;126;2025-02-25T10:22:56.347
1083;Syddanmark;2021-10-23;144;2025-02-25T10:22:56.347
1084;Hovedstaden;2021-10-24;797;2025-02-25T10:22:56.347
1082;Midtjylland;2021-10-24;181;2025-02-25T10:22:56.347
1081;Nordjylland;2021-10-24;104;2025-02-25T10:22:56.347
1085;Sjælland;2021-10-24;186;2025-02-25T10:22:56.347
1083;Syddanmark;2021-10-24;188;2025-02-25T10:22:56.347
1084;Hovedstaden;2021-10-25;836;2025-02-25T10:22:56.347
1082;Midtjylland;2021-10-25;187;2025-02-25T10:22:56.347
1081;Nordjylland;2021-10-25;85;2025-02-25T10:22:56.347
1085;Sjælland;2021-10-25;292;2025-02-25T10:22:56.347
1083;Syddanmark;2021-10-25;227;2025-02-25T10:22:56.347
1084;Hovedstaden;2021-10-26;1063;2025-02-25T10:22:56.347
1082;Midtjylland;2021-10-26;175;2025-02-25T10:22:56.347
1081;Nordjylland;2021-10-26;102;2025-02-25T10:22:56.347
1085;Sjælland;2021-10-26;331;2025-02-25T10:22:56.347
1083;Syddanmark;2021-10-26;247;2025-02-25T10:22:56.347
1084;Hovedstaden;2021-10-27;1033;2025-02-25T10:22:56.347
1082;Midtjylland;2021-10-27;231;2025-02-25T10:22:56.347
1081;Nordjylland;2021-10-27;91;2025-02-25T10:22:56.347
1085;Sjælland;2021-10-27;235;2025-02-25T10:22:56.347
1083;Syddanmark;2021-10-27;253;2025-02-25T10:22:56.347
1084;Hovedstaden;2021-10-28;950;2025-02-25T10:22:56.347
1082;Midtjylland;2021-10-28;222;2025-02-25T10:22:56.347
1081;Nordjylland;2021-10-28;82;2025-02-25T10:22:56.347
1085;Sjælland;2021-10-28;286;2025-02-25T10:22:56.347
1083;Syddanmark;2021-10-28;250;2025-02-25T10:22:56.347
1084;Hovedstaden;2021-10-29;826;2025-02-25T10:22:56.347
1082;Midtjylland;2021-10-29;213;2025-02-25T10:22:56.347
1081;Nordjylland;2021-10-29;91;2025-02-25T10:22:56.347
1085;Sjælland;2021-10-29;294;2025-02-25T10:22:56.347
1083;Syddanmark;2021-10-29;205;2025-02-25T10:22:56.347
1084;Hovedstaden;2021-10-30;786;2025-02-25T10:22:56.347
1082;Midtjylland;2021-10-30;187;2025-02-25T10:22:56.347
1081;Nordjylland;2021-10-30;87;2025-02-25T10:22:56.347
1085;Sjælland;2021-10-30;176;2025-02-25T10:22:56.347
1083;Syddanmark;2021-10-30;177;2025-02-25T10:22:56.347
1084;Hovedstaden;2021-10-31;882;2025-02-25T10:22:56.347
1082;Midtjylland;2021-10-31;233;2025-02-25T10:22:56.347
1081;Nordjylland;2021-10-31;122;2025-02-25T10:22:56.347
1085;Sjælland;2021-10-31;229;2025-02-25T10:22:56.347
1083;Syddanmark;2021-10-31;263;2025-02-25T10:22:56.347
1084;Hovedstaden;2021-11-01;1083;2025-02-25T10:22:56.347
1082;Midtjylland;2021-11-01;283;2025-02-25T10:22:56.347
1081;Nordjylland;2021-11-01;145;2025-02-25T10:22:56.347
1085;Sjælland;2021-11-01;396;2025-02-25T10:22:56.347
1083;Syddanmark;2021-11-01;314;2025-02-25T10:22:56.347
1084;Hovedstaden;2021-11-02;1203;2025-02-25T10:22:56.347
1082;Midtjylland;2021-11-02;285;2025-02-25T10:22:56.347
1081;Nordjylland;2021-11-02;148;2025-02-25T10:22:56.347
1085;Sjælland;2021-11-02;366;2025-02-25T10:22:56.347
1083;Syddanmark;2021-11-02;340;2025-02-25T10:22:56.347
1084;Hovedstaden;2021-11-03;1139;2025-02-25T10:22:56.347
1082;Midtjylland;2021-11-03;343;2025-02-25T10:22:56.347
1081;Nordjylland;2021-11-03;170;2025-02-25T10:22:56.347
1085;Sjælland;2021-11-03;344;2025-02-25T10:22:56.347
1083;Syddanmark;2021-11-03;330;2025-02-25T10:22:56.347
1084;Hovedstaden;2021-11-04;1097;2025-02-25T10:22:56.347
1082;Midtjylland;2021-11-04;325;2025-02-25T10:22:56.347
1081;Nordjylland;2021-11-04;148;2025-02-25T10:22:56.347
1085;Sjælland;2021-11-04;462;2025-02-25T10:22:56.347
1083;Syddanmark;2021-11-04;329;2025-02-25T10:22:56.347
1084;Hovedstaden;2021-11-05;1020;2025-02-25T10:22:56.347
1082;Midtjylland;2021-11-05;368;2025-02-25T10:22:56.347
1081;Nordjylland;2021-11-05;147;2025-02-25T10:22:56.347
1085;Sjælland;2021-11-05;355;2025-02-25T10:22:56.347
1083;Syddanmark;2021-11-05;338;2025-02-25T10:22:56.347
1084;Hovedstaden;2021-11-06;1033;2025-02-25T10:22:56.347
1082;Midtjylland;2021-11-06;282;2025-02-25T10:22:56.347
1081;Nordjylland;2021-11-06;137;2025-02-25T10:22:56.347
1085;Sjælland;2021-11-06;252;2025-02-25T10:22:56.347
1083;Syddanmark;2021-11-06;261;2025-02-25T10:22:56.347
1084;Hovedstaden;2021-11-07;1268;2025-02-25T10:22:56.347
1082;Midtjylland;2021-11-07;437;2025-02-25T10:22:56.347
1081;Nordjylland;2021-11-07;211;2025-02-25T10:22:56.347
1085;Sjælland;2021-11-07;308;2025-02-25T10:22:56.347
1083;Syddanmark;2021-11-07;375;2025-02-25T10:22:56.347
1084;Hovedstaden;2021-11-08;1443;2025-02-25T10:22:56.347
1082;Midtjylland;2021-11-08;542;2025-02-25T10:22:56.347
1081;Nordjylland;2021-11-08;252;2025-02-25T10:22:56.347
1085;Sjælland;2021-11-08;601;2025-02-25T10:22:56.347
1083;Syddanmark;2021-11-08;505;2025-02-25T10:22:56.347
1084;Hovedstaden;2021-11-09;1640;2025-02-25T10:22:56.347
1082;Midtjylland;2021-11-09;573;2025-02-25T10:22:56.347
1081;Nordjylland;2021-11-09;263;2025-02-25T10:22:56.347
1085;Sjælland;2021-11-09;541;2025-02-25T10:22:56.347
1083;Syddanmark;2021-11-09;546;2025-02-25T10:22:56.347
1084;Hovedstaden;2021-11-10;1708;2025-02-25T10:22:56.347
1082;Midtjylland;2021-11-10;584;2025-02-25T10:22:56.347
1081;Nordjylland;2021-11-10;277;2025-02-25T10:22:56.347
1085;Sjælland;2021-11-10;447;2025-02-25T10:22:56.347
1083;Syddanmark;2021-11-10;503;2025-02-25T10:22:56.347
1084;Hovedstaden;2021-11-11;1585;2025-02-25T10:22:56.347
1082;Midtjylland;2021-11-11;476;2025-02-25T10:22:56.347
1081;Nordjylland;2021-11-11;221;2025-02-25T10:22:56.347
1085;Sjælland;2021-11-11;608;2025-02-25T10:22:56.347
1083;Syddanmark;2021-11-11;555;2025-02-25T10:22:56.347
1084;Hovedstaden;2021-11-12;1343;2025-02-25T10:22:56.347
1082;Midtjylland;2021-11-12;446;2025-02-25T10:22:56.347
1081;Nordjylland;2021-11-12;248;2025-02-25T10:22:56.347
1085;Sjælland;2021-11-12;483;2025-02-25T10:22:56.347
1083;Syddanmark;2021-11-12;461;2025-02-25T10:22:56.347
1084;Hovedstaden;2021-11-13;1466;2025-02-25T10:22:56.347
1082;Midtjylland;2021-11-13;482;2025-02-25T10:22:56.347
1081;Nordjylland;2021-11-13;232;2025-02-25T10:22:56.347
1085;Sjælland;2021-11-13;321;2025-02-25T10:22:56.347
1083;Syddanmark;2021-11-13;414;2025-02-25T10:22:56.347
1084;Hovedstaden;2021-11-14;1565;2025-02-25T10:22:56.347
1082;Midtjylland;2021-11-14;473;2025-02-25T10:22:56.347
1081;Nordjylland;2021-11-14;247;2025-02-25T10:22:56.347
1085;Sjælland;2021-11-14;340;2025-02-25T10:22:56.347
1083;Syddanmark;2021-11-14;454;2025-02-25T10:22:56.347
1084;Hovedstaden;2021-11-15;1932;2025-02-25T10:22:56.347
1082;Midtjylland;2021-11-15;643;2025-02-25T10:22:56.347
1081;Nordjylland;2021-11-15;364;2025-02-25T10:22:56.347
1085;Sjælland;2021-11-15;796;2025-02-25T10:22:56.347
1083;Syddanmark;2021-11-15;773;2025-02-25T10:22:56.347
1084;Hovedstaden;2021-11-16;1847;2025-02-25T10:22:56.347
1082;Midtjylland;2021-11-16;590;2025-02-25T10:22:56.347
1081;Nordjylland;2021-11-16;314;2025-02-25T10:22:56.347
1085;Sjælland;2021-11-16;670;2025-02-25T10:22:56.347
1083;Syddanmark;2021-11-16;706;2025-02-25T10:22:56.347
1084;Hovedstaden;2021-11-17;1850;2025-02-25T10:22:56.347
1082;Midtjylland;2021-11-17;590;2025-02-25T10:22:56.347
1081;Nordjylland;2021-11-17;356;2025-02-25T10:22:56.347
1085;Sjælland;2021-11-17;474;2025-02-25T10:22:56.347
1083;Syddanmark;2021-11-17;676;2025-02-25T10:22:56.347
1084;Hovedstaden;2021-11-18;1929;2025-02-25T10:22:56.347
1082;Midtjylland;2021-11-18;591;2025-02-25T10:22:56.347
1081;Nordjylland;2021-11-18;295;2025-02-25T10:22:56.347
1085;Sjælland;2021-11-18;694;2025-02-25T10:22:56.347
1083;Syddanmark;2021-11-18;664;2025-02-25T10:22:56.347
1084;Hovedstaden;2021-11-19;1933;2025-02-25T10:22:56.347
1082;Midtjylland;2021-11-19;499;2025-02-25T10:22:56.347
1081;Nordjylland;2021-11-19;282;2025-02-25T10:22:56.347
1085;Sjælland;2021-11-19;646;2025-02-25T10:22:56.347
1083;Syddanmark;2021-11-19;739;2025-02-25T10:22:56.347
1084;Hovedstaden;2021-11-20;1835;2025-02-25T10:22:56.347
1082;Midtjylland;2021-11-20;610;2025-02-25T10:22:56.347
1081;Nordjylland;2021-11-20;293;2025-02-25T10:22:56.347
1085;Sjælland;2021-11-20;392;2025-02-25T10:22:56.347
1083;Syddanmark;2021-11-20;581;2025-02-25T10:22:56.347
1084;Hovedstaden;2021-11-21;1770;2025-02-25T10:22:56.347
1082;Midtjylland;2021-11-21;580;2025-02-25T10:22:56.347
1081;Nordjylland;2021-11-21;252;2025-02-25T10:22:56.347
1085;Sjælland;2021-11-21;468;2025-02-25T10:22:56.347
1083;Syddanmark;2021-11-21;604;2025-02-25T10:22:56.347
1084;Hovedstaden;2021-11-22;2039;2025-02-25T10:22:56.347
1082;Midtjylland;2021-11-22;609;2025-02-25T10:22:56.347
1081;Nordjylland;2021-11-22;311;2025-02-25T10:22:56.347
1085;Sjælland;2021-11-22;814;2025-02-25T10:22:56.347
1083;Syddanmark;2021-11-22;716;2025-02-25T10:22:56.347
1084;Hovedstaden;2021-11-23;2060;2025-02-25T10:22:56.347
1082;Midtjylland;2021-11-23;662;2025-02-25T10:22:56.347
1081;Nordjylland;2021-11-23;316;2025-02-25T10:22:56.347
1085;Sjælland;2021-11-23;802;2025-02-25T10:22:56.347
1083;Syddanmark;2021-11-23;860;2025-02-25T10:22:56.347
1084;Hovedstaden;2021-11-24;1916;2025-02-25T10:22:56.347
1082;Midtjylland;2021-11-24;603;2025-02-25T10:22:56.347
1081;Nordjylland;2021-11-24;292;2025-02-25T10:22:56.347
1085;Sjælland;2021-11-24;504;2025-02-25T10:22:56.347
1083;Syddanmark;2021-11-24;696;2025-02-25T10:22:56.347
1084;Hovedstaden;2021-11-25;1823;2025-02-25T10:22:56.347
1082;Midtjylland;2021-11-25;587;2025-02-25T10:22:56.347
1081;Nordjylland;2021-11-25;265;2025-02-25T10:22:56.347
1085;Sjælland;2021-11-25;704;2025-02-25T10:22:56.347
1083;Syddanmark;2021-11-25;700;2025-02-25T10:22:56.347
1084;Hovedstaden;2021-11-26;1947;2025-02-25T10:22:56.347
1082;Midtjylland;2021-11-26;625;2025-02-25T10:22:56.347
1081;Nordjylland;2021-11-26;277;2025-02-25T10:22:56.347
1085;Sjælland;2021-11-26;666;2025-02-25T10:22:56.347
1083;Syddanmark;2021-11-26;632;2025-02-25T10:22:56.347
1084;Hovedstaden;2021-11-27;1858;2025-02-25T10:22:56.347
1082;Midtjylland;2021-11-27;702;2025-02-25T10:22:56.347
1081;Nordjylland;2021-11-27;287;2025-02-25T10:22:56.347
1085;Sjælland;2021-11-27;403;2025-02-25T10:22:56.347
1083;Syddanmark;2021-11-27;586;2025-02-25T10:22:56.347
1084;Hovedstaden;2021-11-28;1913;2025-02-25T10:22:56.347
1082;Midtjylland;2021-11-28;712;2025-02-25T10:22:56.347
1081;Nordjylland;2021-11-28;286;2025-02-25T10:22:56.347
1085;Sjælland;2021-11-28;419;2025-02-25T10:22:56.347
1083;Syddanmark;2021-11-28;549;2025-02-25T10:22:56.347
1084;Hovedstaden;2021-11-29;2181;2025-02-25T10:22:56.347
1082;Midtjylland;2021-11-29;745;2025-02-25T10:22:56.347
1081;Nordjylland;2021-11-29;356;2025-02-25T10:22:56.347
1085;Sjælland;2021-11-29;949;2025-02-25T10:22:56.347
1083;Syddanmark;2021-11-29;835;2025-02-25T10:22:56.347
1084;Hovedstaden;2021-11-30;2355;2025-02-25T10:22:56.347
1082;Midtjylland;2021-11-30;840;2025-02-25T10:22:56.347
1081;Nordjylland;2021-11-30;341;2025-02-25T10:22:56.347
1085;Sjælland;2021-11-30;942;2025-02-25T10:22:56.347
1083;Syddanmark;2021-11-30;922;2025-02-25T10:22:56.347
1084;Hovedstaden;2021-12-01;2092;2025-02-25T10:22:56.347
1082;Midtjylland;2021-12-01;795;2025-02-25T10:22:56.347
1081;Nordjylland;2021-12-01;304;2025-02-25T10:22:56.347
1085;Sjælland;2021-12-01;532;2025-02-25T10:22:56.347
1083;Syddanmark;2021-12-01;802;2025-02-25T10:22:56.347
1084;Hovedstaden;2021-12-02;1998;2025-02-25T10:22:56.347
1082;Midtjylland;2021-12-02;761;2025-02-25T10:22:56.347
1081;Nordjylland;2021-12-02;177;2025-02-25T10:22:56.347
1085;Sjælland;2021-12-02;788;2025-02-25T10:22:56.347
1083;Syddanmark;2021-12-02;847;2025-02-25T10:22:56.347
1084;Hovedstaden;2021-12-03;2320;2025-02-25T10:22:56.347
1082;Midtjylland;2021-12-03;852;2025-02-25T10:22:56.347
1081;Nordjylland;2021-12-03;379;2025-02-25T10:22:56.347
1085;Sjælland;2021-12-03;819;2025-02-25T10:22:56.347
1083;Syddanmark;2021-12-03;787;2025-02-25T10:22:56.347
1084;Hovedstaden;2021-12-04;2405;2025-02-25T10:22:56.347
1082;Midtjylland;2021-12-04;904;2025-02-25T10:22:56.347
1081;Nordjylland;2021-12-04;439;2025-02-25T10:22:56.347
1085;Sjælland;2021-12-04;515;2025-02-25T10:22:56.347
1083;Syddanmark;2021-12-04;825;2025-02-25T10:22:56.347
1084;Hovedstaden;2021-12-05;2236;2025-02-25T10:22:56.347
1082;Midtjylland;2021-12-05;883;2025-02-25T10:22:56.347
1081;Nordjylland;2021-12-05;387;2025-02-25T10:22:56.347
1085;Sjælland;2021-12-05;616;2025-02-25T10:22:56.347
1083;Syddanmark;2021-12-05;672;2025-02-25T10:22:56.347
1084;Hovedstaden;2021-12-06;3027;2025-02-25T10:22:56.347
1082;Midtjylland;2021-12-06;1199;2025-02-25T10:22:56.347
1081;Nordjylland;2021-12-06;463;2025-02-25T10:22:56.347
1085;Sjælland;2021-12-06;1286;2025-02-25T10:22:56.347
1083;Syddanmark;2021-12-06;1104;2025-02-25T10:22:56.347
1084;Hovedstaden;2021-12-07;3203;2025-02-25T10:22:56.347
1082;Midtjylland;2021-12-07;1253;2025-02-25T10:22:56.347
1081;Nordjylland;2021-12-07;477;2025-02-25T10:22:56.347
1085;Sjælland;2021-12-07;1262;2025-02-25T10:22:56.347
1083;Syddanmark;2021-12-07;1127;2025-02-25T10:22:56.347
1084;Hovedstaden;2021-12-08;3010;2025-02-25T10:22:56.347
1082;Midtjylland;2021-12-08;1238;2025-02-25T10:22:56.347
1081;Nordjylland;2021-12-08;517;2025-02-25T10:22:56.347
1085;Sjælland;2021-12-08;845;2025-02-25T10:22:56.347
1083;Syddanmark;2021-12-08;1048;2025-02-25T10:22:56.347
1084;Hovedstaden;2021-12-09;3023;2025-02-25T10:22:56.347
1082;Midtjylland;2021-12-09;1214;2025-02-25T10:22:56.347
1081;Nordjylland;2021-12-09;418;2025-02-25T10:22:56.347
1085;Sjælland;2021-12-09;962;2025-02-25T10:22:56.347
1083;Syddanmark;2021-12-09;1018;2025-02-25T10:22:56.347
1084;Hovedstaden;2021-12-10;3100;2025-02-25T10:22:56.347
1082;Midtjylland;2021-12-10;1207;2025-02-25T10:22:56.347
1081;Nordjylland;2021-12-10;441;2025-02-25T10:22:56.347
1085;Sjælland;2021-12-10;1098;2025-02-25T10:22:56.347
1083;Syddanmark;2021-12-10;1083;2025-02-25T10:22:56.347
1084;Hovedstaden;2021-12-11;3265;2025-02-25T10:22:56.347
1082;Midtjylland;2021-12-11;1251;2025-02-25T10:22:56.347
1081;Nordjylland;2021-12-11;515;2025-02-25T10:22:56.347
1085;Sjælland;2021-12-11;762;2025-02-25T10:22:56.347
1083;Syddanmark;2021-12-11;896;2025-02-25T10:22:56.347
1084;Hovedstaden;2021-12-12;3469;2025-02-25T10:22:56.347
1082;Midtjylland;2021-12-12;1440;2025-02-25T10:22:56.347
1081;Nordjylland;2021-12-12;517;2025-02-25T10:22:56.347
1085;Sjælland;2021-12-12;748;2025-02-25T10:22:56.347
1083;Syddanmark;2021-12-12;960;2025-02-25T10:22:56.347
1084;Hovedstaden;2021-12-13;4931;2025-02-25T10:22:56.347
1082;Midtjylland;2021-12-13;1783;2025-02-25T10:22:56.347
1081;Nordjylland;2021-12-13;654;2025-02-25T10:22:56.347
1085;Sjælland;2021-12-13;1736;2025-02-25T10:22:56.347
1083;Syddanmark;2021-12-13;1466;2025-02-25T10:22:56.347
1084;Hovedstaden;2021-12-14;5708;2025-02-25T10:22:56.347
1082;Midtjylland;2021-12-14;1792;2025-02-25T10:22:56.347
1081;Nordjylland;2021-12-14;677;2025-02-25T10:22:56.347
1085;Sjælland;2021-12-14;1731;2025-02-25T10:22:56.347
1083;Syddanmark;2021-12-14;1569;2025-02-25T10:22:56.347
1084;Hovedstaden;2021-12-15;5949;2025-02-25T10:22:56.347
1082;Midtjylland;2021-12-15;1809;2025-02-25T10:22:56.347
1081;Nordjylland;2021-12-15;682;2025-02-25T10:22:56.347
1085;Sjælland;2021-12-15;1346;2025-02-25T10:22:56.347
1083;Syddanmark;2021-12-15;1401;2025-02-25T10:22:56.347
1084;Hovedstaden;2021-12-16;5221;2025-02-25T10:22:56.347
1082;Midtjylland;2021-12-16;1733;2025-02-25T10:22:56.347
1081;Nordjylland;2021-12-16;622;2025-02-25T10:22:56.347
1085;Sjælland;2021-12-16;1562;2025-02-25T10:22:56.347
1083;Syddanmark;2021-12-16;1409;2025-02-25T10:22:56.347
1084;Hovedstaden;2021-12-17;5620;2025-02-25T10:22:56.347
1082;Midtjylland;2021-12-17;1819;2025-02-25T10:22:56.347
1081;Nordjylland;2021-12-17;613;2025-02-25T10:22:56.347
1085;Sjælland;2021-12-17;1481;2025-02-25T10:22:56.347
1083;Syddanmark;2021-12-17;1487;2025-02-25T10:22:56.347
1084;Hovedstaden;2021-12-18;5241;2025-02-25T10:22:56.347
1082;Midtjylland;2021-12-18;1917;2025-02-25T10:22:56.347
1081;Nordjylland;2021-12-18;718;2025-02-25T10:22:56.347
1085;Sjælland;2021-12-18;1125;2025-02-25T10:22:56.347
1083;Syddanmark;2021-12-18;1409;2025-02-25T10:22:56.347
1084;Hovedstaden;2021-12-19;5418;2025-02-25T10:22:56.347
1082;Midtjylland;2021-12-19;2020;2025-02-25T10:22:56.347
1081;Nordjylland;2021-12-19;663;2025-02-25T10:22:56.347
1085;Sjælland;2021-12-19;1139;2025-02-25T10:22:56.347
1083;Syddanmark;2021-12-19;1350;2025-02-25T10:22:56.347
1084;Hovedstaden;2021-12-20;6912;2025-02-25T10:22:56.347
1082;Midtjylland;2021-12-20;2205;2025-02-25T10:22:56.347
1081;Nordjylland;2021-12-20;845;2025-02-25T10:22:56.347
1085;Sjælland;2021-12-20;2177;2025-02-25T10:22:56.347
1083;Syddanmark;2021-12-20;1717;2025-02-25T10:22:56.347
1084;Hovedstaden;2021-12-21;7030;2025-02-25T10:22:56.347
1082;Midtjylland;2021-12-21;2117;2025-02-25T10:22:56.347
1081;Nordjylland;2021-12-21;871;2025-02-25T10:22:56.347
1085;Sjælland;2021-12-21;1902;2025-02-25T10:22:56.347
1083;Syddanmark;2021-12-21;1705;2025-02-25T10:22:56.347
1084;Hovedstaden;2021-12-22;6486;2025-02-25T10:22:56.347
1082;Midtjylland;2021-12-22;2065;2025-02-25T10:22:56.347
1081;Nordjylland;2021-12-22;754;2025-02-25T10:22:56.347
1085;Sjælland;2021-12-22;1452;2025-02-25T10:22:56.347
1083;Syddanmark;2021-12-22;1448;2025-02-25T10:22:56.347
1084;Hovedstaden;2021-12-23;6743;2025-02-25T10:22:56.347
1082;Midtjylland;2021-12-23;2132;2025-02-25T10:22:56.347
1081;Nordjylland;2021-12-23;909;2025-02-25T10:22:56.347
1085;Sjælland;2021-12-23;1753;2025-02-25T10:22:56.347
1083;Syddanmark;2021-12-23;1649;2025-02-25T10:22:56.347
1084;Hovedstaden;2021-12-24;3015;2025-02-25T10:22:56.347
1082;Midtjylland;2021-12-24;1638;2025-02-25T10:22:56.347
1081;Nordjylland;2021-12-24;538;2025-02-25T10:22:56.347
1085;Sjælland;2021-12-24;895;2025-02-25T10:22:56.347
1083;Syddanmark;2021-12-24;1279;2025-02-25T10:22:56.347
1084;Hovedstaden;2021-12-25;3509;2025-02-25T10:22:56.347
1082;Midtjylland;2021-12-25;1757;2025-02-25T10:22:56.347
1081;Nordjylland;2021-12-25;576;2025-02-25T10:22:56.347
1085;Sjælland;2021-12-25;1015;2025-02-25T10:22:56.347
1083;Syddanmark;2021-12-25;1337;2025-02-25T10:22:56.347
1084;Hovedstaden;2021-12-26;4653;2025-02-25T10:22:56.347
1082;Midtjylland;2021-12-26;2627;2025-02-25T10:22:56.347
1081;Nordjylland;2021-12-26;770;2025-02-25T10:22:56.347
1085;Sjælland;2021-12-26;1412;2025-02-25T10:22:56.347
1083;Syddanmark;2021-12-26;2004;2025-02-25T10:22:56.347
1084;Hovedstaden;2021-12-27;10729;2025-02-25T10:22:56.347
1082;Midtjylland;2021-12-27;4067;2025-02-25T10:22:56.347
1081;Nordjylland;2021-12-27;2015;2025-02-25T10:22:56.347
1085;Sjælland;2021-12-27;3598;2025-02-25T10:22:56.347
1083;Syddanmark;2021-12-27;3450;2025-02-25T10:22:56.347
1084;Hovedstaden;2021-12-28;10263;2025-02-25T10:22:56.347
1082;Midtjylland;2021-12-28;4217;2025-02-25T10:22:56.347
1081;Nordjylland;2021-12-28;1870;2025-02-25T10:22:56.347
1085;Sjælland;2021-12-28;3316;2025-02-25T10:22:56.347
1083;Syddanmark;2021-12-28;3505;2025-02-25T10:22:56.347
1084;Hovedstaden;2021-12-29;8024;2025-02-25T10:22:56.347
1082;Midtjylland;2021-12-29;3333;2025-02-25T10:22:56.347
1081;Nordjylland;2021-12-29;1651;2025-02-25T10:22:56.347
1085;Sjælland;2021-12-29;2480;2025-02-25T10:22:56.347
1083;Syddanmark;2021-12-29;2748;2025-02-25T10:22:56.347
1084;Hovedstaden;2021-12-30;8444;2025-02-25T10:22:56.347
1082;Midtjylland;2021-12-30;3760;2025-02-25T10:22:56.347
1081;Nordjylland;2021-12-30;1854;2025-02-25T10:22:56.347
1085;Sjælland;2021-12-30;2937;2025-02-25T10:22:56.347
1083;Syddanmark;2021-12-30;3338;2025-02-25T10:22:56.347
1084;Hovedstaden;2021-12-31;3480;2025-02-25T10:22:56.347
1082;Midtjylland;2021-12-31;2316;2025-02-25T10:22:56.347
1081;Nordjylland;2021-12-31;933;2025-02-25T10:22:56.347
1085;Sjælland;2021-12-31;1285;2025-02-25T10:22:56.347
1083;Syddanmark;2021-12-31;2202;2025-02-25T10:22:56.347
1084;Hovedstaden;2022-01-01;3376;2025-02-25T10:22:56.347
1082;Midtjylland;2022-01-01;2117;2025-02-25T10:22:56.347
1081;Nordjylland;2022-01-01;665;2025-02-25T10:22:56.347
1085;Sjælland;2022-01-01;1250;2025-02-25T10:22:56.347
1083;Syddanmark;2022-01-01;1750;2025-02-25T10:22:56.347
1084;Hovedstaden;2022-01-02;9597;2025-02-25T10:22:56.347
1082;Midtjylland;2022-01-02;4238;2025-02-25T10:22:56.347
1081;Nordjylland;2022-01-02;2418;2025-02-25T10:22:56.347
1085;Sjælland;2022-01-02;2128;2025-02-25T10:22:56.347
1083;Syddanmark;2022-01-02;2997;2025-02-25T10:22:56.347
1084;Hovedstaden;2022-01-03;11168;2025-02-25T10:22:56.347
1082;Midtjylland;2022-01-03;5279;2025-02-25T10:22:56.347
1081;Nordjylland;2022-01-03;2267;2025-02-25T10:22:56.347
1085;Sjælland;2022-01-03;4097;2025-02-25T10:22:56.347
1083;Syddanmark;2022-01-03;4714;2025-02-25T10:22:56.347
1084;Hovedstaden;2022-01-04;10086;2025-02-25T10:22:56.347
1082;Midtjylland;2022-01-04;5112;2025-02-25T10:22:56.347
1081;Nordjylland;2022-01-04;2206;2025-02-25T10:22:56.347
1085;Sjælland;2022-01-04;3518;2025-02-25T10:22:56.347
1083;Syddanmark;2022-01-04;4759;2025-02-25T10:22:56.347
1084;Hovedstaden;2022-01-05;7664;2025-02-25T10:22:56.347
1082;Midtjylland;2022-01-05;4034;2025-02-25T10:22:56.347
1081;Nordjylland;2022-01-05;1808;2025-02-25T10:22:56.347
1085;Sjælland;2022-01-05;2168;2025-02-25T10:22:56.347
1083;Syddanmark;2022-01-05;3406;2025-02-25T10:22:56.347
1084;Hovedstaden;2022-01-06;6687;2025-02-25T10:22:56.347
1082;Midtjylland;2022-01-06;3360;2025-02-25T10:22:56.347
1081;Nordjylland;2022-01-06;1426;2025-02-25T10:22:56.347
1085;Sjælland;2022-01-06;2403;2025-02-25T10:22:56.347
1083;Syddanmark;2022-01-06;2897;2025-02-25T10:22:56.347
1084;Hovedstaden;2022-01-07;5900;2025-02-25T10:22:56.347
1082;Midtjylland;2022-01-07;3341;2025-02-25T10:22:56.347
1081;Nordjylland;2022-01-07;1326;2025-02-25T10:22:56.347
1085;Sjælland;2022-01-07;2123;2025-02-25T10:22:56.347
1083;Syddanmark;2022-01-07;2855;2025-02-25T10:22:56.347
1084;Hovedstaden;2022-01-08;6170;2025-02-25T10:22:56.347
1082;Midtjylland;2022-01-08;3179;2025-02-25T10:22:56.347
1081;Nordjylland;2022-01-08;1293;2025-02-25T10:22:56.347
1085;Sjælland;2022-01-08;1663;2025-02-25T10:22:56.347
1083;Syddanmark;2022-01-08;2273;2025-02-25T10:22:56.347
1084;Hovedstaden;2022-01-09;7216;2025-02-25T10:22:56.347
1082;Midtjylland;2022-01-09;3917;2025-02-25T10:22:56.347
1081;Nordjylland;2022-01-09;1568;2025-02-25T10:22:56.347
1085;Sjælland;2022-01-09;1883;2025-02-25T10:22:56.347
1083;Syddanmark;2022-01-09;2879;2025-02-25T10:22:56.347
1084;Hovedstaden;2022-01-10;9728;2025-02-25T10:22:56.347
1082;Midtjylland;2022-01-10;4839;2025-02-25T10:22:56.347
1081;Nordjylland;2022-01-10;1990;2025-02-25T10:22:56.347
1085;Sjælland;2022-01-10;3644;2025-02-25T10:22:56.347
1083;Syddanmark;2022-01-10;4651;2025-02-25T10:22:56.347
1084;Hovedstaden;2022-01-11;9761;2025-02-25T10:22:56.347
1082;Midtjylland;2022-01-11;4775;2025-02-25T10:22:56.347
1081;Nordjylland;2022-01-11;2066;2025-02-25T10:22:56.347
1085;Sjælland;2022-01-11;3170;2025-02-25T10:22:56.347
1083;Syddanmark;2022-01-11;4585;2025-02-25T10:22:56.347
1084;Hovedstaden;2022-01-12;9533;2025-02-25T10:22:56.347
1082;Midtjylland;2022-01-12;5241;2025-02-25T10:22:56.347
1081;Nordjylland;2022-01-12;2176;2025-02-25T10:22:56.347
1085;Sjælland;2022-01-12;2840;2025-02-25T10:22:56.347
1083;Syddanmark;2022-01-12;4402;2025-02-25T10:22:56.347
1084;Hovedstaden;2022-01-13;9581;2025-02-25T10:22:56.347
1082;Midtjylland;2022-01-13;5373;2025-02-25T10:22:56.347
1081;Nordjylland;2022-01-13;1964;2025-02-25T10:22:56.347
1085;Sjælland;2022-01-13;3649;2025-02-25T10:22:56.347
1083;Syddanmark;2022-01-13;4892;2025-02-25T10:22:56.347
1084;Hovedstaden;2022-01-14;10613;2025-02-25T10:22:56.347
1082;Midtjylland;2022-01-14;5867;2025-02-25T10:22:56.347
1081;Nordjylland;2022-01-14;2104;2025-02-25T10:22:56.347
1085;Sjælland;2022-01-14;3726;2025-02-25T10:22:56.347
1083;Syddanmark;2022-01-14;5303;2025-02-25T10:22:56.347
1084;Hovedstaden;2022-01-15;11049;2025-02-25T10:22:56.347
1082;Midtjylland;2022-01-15;6338;2025-02-25T10:22:56.347
1081;Nordjylland;2022-01-15;2157;2025-02-25T10:22:56.347
1085;Sjælland;2022-01-15;2892;2025-02-25T10:22:56.347
1083;Syddanmark;2022-01-15;4492;2025-02-25T10:22:56.347
1084;Hovedstaden;2022-01-16;11631;2025-02-25T10:22:56.347
1082;Midtjylland;2022-01-16;7077;2025-02-25T10:22:56.347
1081;Nordjylland;2022-01-16;2581;2025-02-25T10:22:56.347
1085;Sjælland;2022-01-16;3303;2025-02-25T10:22:56.347
1083;Syddanmark;2022-01-16;5358;2025-02-25T10:22:56.347
1084;Hovedstaden;2022-01-17;15726;2025-02-25T10:22:56.347
1082;Midtjylland;2022-01-17;8826;2025-02-25T10:22:56.347
1081;Nordjylland;2022-01-17;3606;2025-02-25T10:22:56.347
1085;Sjælland;2022-01-17;6789;2025-02-25T10:22:56.347
1083;Syddanmark;2022-01-17;9209;2025-02-25T10:22:56.347
1084;Hovedstaden;2022-01-18;15804;2025-02-25T10:22:56.347
1082;Midtjylland;2022-01-18;8618;2025-02-25T10:22:56.347
1081;Nordjylland;2022-01-18;3332;2025-02-25T10:22:56.347
1085;Sjælland;2022-01-18;6247;2025-02-25T10:22:56.347
1083;Syddanmark;2022-01-18;9010;2025-02-25T10:22:56.347
1084;Hovedstaden;2022-01-19;14905;2025-02-25T10:22:56.347
1082;Midtjylland;2022-01-19;8881;2025-02-25T10:22:56.347
1081;Nordjylland;2022-01-19;3309;2025-02-25T10:22:56.347
1085;Sjælland;2022-01-19;5127;2025-02-25T10:22:56.347
1083;Syddanmark;2022-01-19;8124;2025-02-25T10:22:56.347
1084;Hovedstaden;2022-01-20;13904;2025-02-25T10:22:56.347
1082;Midtjylland;2022-01-20;8110;2025-02-25T10:22:56.347
1081;Nordjylland;2022-01-20;3302;2025-02-25T10:22:56.347
1085;Sjælland;2022-01-20;6347;2025-02-25T10:22:56.347
1083;Syddanmark;2022-01-20;8290;2025-02-25T10:22:56.347
1084;Hovedstaden;2022-01-21;13758;2025-02-25T10:22:56.347
1082;Midtjylland;2022-01-21;8741;2025-02-25T10:22:56.347
1081;Nordjylland;2022-01-21;3066;2025-02-25T10:22:56.347
1085;Sjælland;2022-01-21;5972;2025-02-25T10:22:56.347
1083;Syddanmark;2022-01-21;8404;2025-02-25T10:22:56.347
1084;Hovedstaden;2022-01-22;13983;2025-02-25T10:22:56.347
1082;Midtjylland;2022-01-22;8653;2025-02-25T10:22:56.347
1081;Nordjylland;2022-01-22;3389;2025-02-25T10:22:56.347
1085;Sjælland;2022-01-22;4385;2025-02-25T10:22:56.347
1083;Syddanmark;2022-01-22;6660;2025-02-25T10:22:56.347
1084;Hovedstaden;2022-01-23;15069;2025-02-25T10:22:56.347
1082;Midtjylland;2022-01-23;9468;2025-02-25T10:22:56.347
1081;Nordjylland;2022-01-23;3606;2025-02-25T10:22:56.347
1085;Sjælland;2022-01-23;4833;2025-02-25T10:22:56.347
1083;Syddanmark;2022-01-23;7618;2025-02-25T10:22:56.347
1084;Hovedstaden;2022-01-24;18211;2025-02-25T10:22:56.347
1082;Midtjylland;2022-01-24;12256;2025-02-25T10:22:56.347
1081;Nordjylland;2022-01-24;5221;2025-02-25T10:22:56.347
1085;Sjælland;2022-01-24;9271;2025-02-25T10:22:56.347
1083;Syddanmark;2022-01-24;12342;2025-02-25T10:22:56.347
1084;Hovedstaden;2022-01-25;16183;2025-02-25T10:22:56.347
1082;Midtjylland;2022-01-25;11311;2025-02-25T10:22:56.347
1081;Nordjylland;2022-01-25;5014;2025-02-25T10:22:56.347
1085;Sjælland;2022-01-25;7701;2025-02-25T10:22:56.347
1083;Syddanmark;2022-01-25;11699;2025-02-25T10:22:56.347
1084;Hovedstaden;2022-01-26;13696;2025-02-25T10:22:56.347
1082;Midtjylland;2022-01-26;10923;2025-02-25T10:22:56.347
1081;Nordjylland;2022-01-26;4517;2025-02-25T10:22:56.347
1085;Sjælland;2022-01-26;5573;2025-02-25T10:22:56.347
1083;Syddanmark;2022-01-26;9741;2025-02-25T10:22:56.347
1084;Hovedstaden;2022-01-27;12171;2025-02-25T10:22:56.347
1082;Midtjylland;2022-01-27;9699;2025-02-25T10:22:56.347
1081;Nordjylland;2022-01-27;3888;2025-02-25T10:22:56.347
1085;Sjælland;2022-01-27;6584;2025-02-25T10:22:56.347
1083;Syddanmark;2022-01-27;9238;2025-02-25T10:22:56.347
1084;Hovedstaden;2022-01-28;10771;2025-02-25T10:22:56.347
1082;Midtjylland;2022-01-28;9577;2025-02-25T10:22:56.347
1081;Nordjylland;2022-01-28;3772;2025-02-25T10:22:56.347
1085;Sjælland;2022-01-28;5561;2025-02-25T10:22:56.347
1083;Syddanmark;2022-01-28;8459;2025-02-25T10:22:56.347
1084;Hovedstaden;2022-01-29;9678;2025-02-25T10:22:56.347
1082;Midtjylland;2022-01-29;5570;2025-02-25T10:22:56.347
1081;Nordjylland;2022-01-29;3634;2025-02-25T10:22:56.347
1085;Sjælland;2022-01-29;3882;2025-02-25T10:22:56.347
1083;Syddanmark;2022-01-29;7153;2025-02-25T10:22:56.347
1084;Hovedstaden;2022-01-30;9208;2025-02-25T10:22:56.347
1082;Midtjylland;2022-01-30;8691;2025-02-25T10:22:56.347
1081;Nordjylland;2022-01-30;4906;2025-02-25T10:22:56.347
1085;Sjælland;2022-01-30;4103;2025-02-25T10:22:56.347
1083;Syddanmark;2022-01-30;7984;2025-02-25T10:22:56.347
1084;Hovedstaden;2022-01-31;15749;2025-02-25T10:22:56.347
1082;Midtjylland;2022-01-31;14721;2025-02-25T10:22:56.347
1081;Nordjylland;2022-01-31;5218;2025-02-25T10:22:56.347
1085;Sjælland;2022-01-31;8397;2025-02-25T10:22:56.347
1083;Syddanmark;2022-01-31;12303;2025-02-25T10:22:56.347
1084;Hovedstaden;2022-02-01;11818;2025-02-25T10:22:56.347
1082;Midtjylland;2022-02-01;12148;2025-02-25T10:22:56.347
1081;Nordjylland;2022-02-01;4756;2025-02-25T10:22:56.347
1085;Sjælland;2022-02-01;6231;2025-02-25T10:22:56.347
1083;Syddanmark;2022-02-01;11159;2025-02-25T10:22:56.347
1084;Hovedstaden;2022-02-02;10448;2025-02-25T10:22:56.347
1082;Midtjylland;2022-02-02;11419;2025-02-25T10:22:56.347
1081;Nordjylland;2022-02-02;4791;2025-02-25T10:22:56.347
1085;Sjælland;2022-02-02;4626;2025-02-25T10:22:56.347
1083;Syddanmark;2022-02-02;9189;2025-02-25T10:22:56.347
1084;Hovedstaden;2022-02-03;9739;2025-02-25T10:22:56.347
1082;Midtjylland;2022-02-03;10720;2025-02-25T10:22:56.347
1081;Nordjylland;2022-02-03;4273;2025-02-25T10:22:56.347
1085;Sjælland;2022-02-03;5715;2025-02-25T10:22:56.347
1083;Syddanmark;2022-02-03;9297;2025-02-25T10:22:56.347
1084;Hovedstaden;2022-02-04;8709;2025-02-25T10:22:56.347
1082;Midtjylland;2022-02-04;10116;2025-02-25T10:22:56.347
1081;Nordjylland;2022-02-04;4286;2025-02-25T10:22:56.347
1085;Sjælland;2022-02-04;5069;2025-02-25T10:22:56.347
1083;Syddanmark;2022-02-04;9009;2025-02-25T10:22:56.347
1084;Hovedstaden;2022-02-05;8301;2025-02-25T10:22:56.347
1082;Midtjylland;2022-02-05;9883;2025-02-25T10:22:56.347
1081;Nordjylland;2022-02-05;4658;2025-02-25T10:22:56.347
1085;Sjælland;2022-02-05;3479;2025-02-25T10:22:56.347
1083;Syddanmark;2022-02-05;7279;2025-02-25T10:22:56.347
1084;Hovedstaden;2022-02-06;11017;2025-02-25T10:22:56.347
1082;Midtjylland;2022-02-06;12095;2025-02-25T10:22:56.347
1081;Nordjylland;2022-02-06;5682;2025-02-25T10:22:56.347
1085;Sjælland;2022-02-06;4279;2025-02-25T10:22:56.347
1083;Syddanmark;2022-02-06;9158;2025-02-25T10:22:56.347
1084;Hovedstaden;2022-02-07;13633;2025-02-25T10:22:56.347
1082;Midtjylland;2022-02-07;15144;2025-02-25T10:22:56.347
1081;Nordjylland;2022-02-07;6591;2025-02-25T10:22:56.347
1085;Sjælland;2022-02-07;8393;2025-02-25T10:22:56.347
1083;Syddanmark;2022-02-07;13587;2025-02-25T10:22:56.347
1084;Hovedstaden;2022-02-08;13059;2025-02-25T10:22:56.347
1082;Midtjylland;2022-02-08;15121;2025-02-25T10:22:56.347
1081;Nordjylland;2022-02-08;6835;2025-02-25T10:22:56.347
1085;Sjælland;2022-02-08;7166;2025-02-25T10:22:56.347
1083;Syddanmark;2022-02-08;13389;2025-02-25T10:22:56.347
1084;Hovedstaden;2022-02-09;11555;2025-02-25T10:22:56.347
1082;Midtjylland;2022-02-09;14675;2025-02-25T10:22:56.347
1081;Nordjylland;2022-02-09;6859;2025-02-25T10:22:56.347
1085;Sjælland;2022-02-09;5677;2025-02-25T10:22:56.347
1083;Syddanmark;2022-02-09;11479;2025-02-25T10:22:56.347
1084;Hovedstaden;2022-02-10;9826;2025-02-25T10:22:56.347
1082;Midtjylland;2022-02-10;12063;2025-02-25T10:22:56.347
1081;Nordjylland;2022-02-10;6142;2025-02-25T10:22:56.347
1085;Sjælland;2022-02-10;6123;2025-02-25T10:22:56.347
1083;Syddanmark;2022-02-10;10953;2025-02-25T10:22:56.347
1084;Hovedstaden;2022-02-11;7924;2025-02-25T10:22:56.347
1082;Midtjylland;2022-02-11;11108;2025-02-25T10:22:56.347
1081;Nordjylland;2022-02-11;5667;2025-02-25T10:22:56.347
1085;Sjælland;2022-02-11;5130;2025-02-25T10:22:56.347
1083;Syddanmark;2022-02-11;9053;2025-02-25T10:22:56.347
1084;Hovedstaden;2022-02-12;6979;2025-02-25T10:22:56.347
1082;Midtjylland;2022-02-12;9400;2025-02-25T10:22:56.347
1081;Nordjylland;2022-02-12;5197;2025-02-25T10:22:56.347
1085;Sjælland;2022-02-12;3213;2025-02-25T10:22:56.347
1083;Syddanmark;2022-02-12;7833;2025-02-25T10:22:56.347
1084;Hovedstaden;2022-02-13;7690;2025-02-25T10:22:56.347
1082;Midtjylland;2022-02-13;10439;2025-02-25T10:22:56.347
1081;Nordjylland;2022-02-13;5620;2025-02-25T10:22:56.347
1085;Sjælland;2022-02-13;3606;2025-02-25T10:22:56.347
1083;Syddanmark;2022-02-13;8234;2025-02-25T10:22:56.347
1084;Hovedstaden;2022-02-14;9972;2025-02-25T10:22:56.347
1082;Midtjylland;2022-02-14;11533;2025-02-25T10:22:56.347
1081;Nordjylland;2022-02-14;6555;2025-02-25T10:22:56.347
1085;Sjælland;2022-02-14;6474;2025-02-25T10:22:56.347
1083;Syddanmark;2022-02-14;10681;2025-02-25T10:22:56.347
1084;Hovedstaden;2022-02-15;9570;2025-02-25T10:22:56.347
1082;Midtjylland;2022-02-15;11161;2025-02-25T10:22:56.347
1081;Nordjylland;2022-02-15;5855;2025-02-25T10:22:56.347
1085;Sjælland;2022-02-15;5701;2025-02-25T10:22:56.347
1083;Syddanmark;2022-02-15;9715;2025-02-25T10:22:56.347
1084;Hovedstaden;2022-02-16;8298;2025-02-25T10:22:56.347
1082;Midtjylland;2022-02-16;10056;2025-02-25T10:22:56.347
1081;Nordjylland;2022-02-16;5419;2025-02-25T10:22:56.347
1085;Sjælland;2022-02-16;4002;2025-02-25T10:22:56.347
1083;Syddanmark;2022-02-16;8278;2025-02-25T10:22:56.347
1084;Hovedstaden;2022-02-17;7550;2025-02-25T10:22:56.347
1082;Midtjylland;2022-02-17;9083;2025-02-25T10:22:56.347
1081;Nordjylland;2022-02-17;4722;2025-02-25T10:22:56.347
1085;Sjælland;2022-02-17;4666;2025-02-25T10:22:56.347
1083;Syddanmark;2022-02-17;8044;2025-02-25T10:22:56.347
1084;Hovedstaden;2022-02-18;5650;2025-02-25T10:22:56.347
1082;Midtjylland;2022-02-18;7207;2025-02-25T10:22:56.347
1081;Nordjylland;2022-02-18;3913;2025-02-25T10:22:56.347
1085;Sjælland;2022-02-18;3430;2025-02-25T10:22:56.347
1083;Syddanmark;2022-02-18;6541;2025-02-25T10:22:56.347
1084;Hovedstaden;2022-02-19;5751;2025-02-25T10:22:56.347
1082;Midtjylland;2022-02-19;7296;2025-02-25T10:22:56.347
1081;Nordjylland;2022-02-19;3516;2025-02-25T10:22:56.347
1085;Sjælland;2022-02-19;2371;2025-02-25T10:22:56.347
1083;Syddanmark;2022-02-19;5990;2025-02-25T10:22:56.347
1084;Hovedstaden;2022-02-20;7030;2025-02-25T10:22:56.347
1082;Midtjylland;2022-02-20;9048;2025-02-25T10:22:56.347
1081;Nordjylland;2022-02-20;3804;2025-02-25T10:22:56.347
1085;Sjælland;2022-02-20;2838;2025-02-25T10:22:56.347
1083;Syddanmark;2022-02-20;6954;2025-02-25T10:22:56.347
1084;Hovedstaden;2022-02-21;7640;2025-02-25T10:22:56.347
1082;Midtjylland;2022-02-21;8814;2025-02-25T10:22:56.347
1081;Nordjylland;2022-02-21;4157;2025-02-25T10:22:56.347
1085;Sjælland;2022-02-21;4728;2025-02-25T10:22:56.347
1083;Syddanmark;2022-02-21;7821;2025-02-25T10:22:56.347
1084;Hovedstaden;2022-02-22;6558;2025-02-25T10:22:56.347
1082;Midtjylland;2022-02-22;7146;2025-02-25T10:22:56.347
1081;Nordjylland;2022-02-22;3876;2025-02-25T10:22:56.347
1085;Sjælland;2022-02-22;3354;2025-02-25T10:22:56.347
1083;Syddanmark;2022-02-22;6421;2025-02-25T10:22:56.347
1084;Hovedstaden;2022-02-23;5671;2025-02-25T10:22:56.347
1082;Midtjylland;2022-02-23;6345;2025-02-25T10:22:56.347
1081;Nordjylland;2022-02-23;3422;2025-02-25T10:22:56.347
1085;Sjælland;2022-02-23;2727;2025-02-25T10:22:56.347
1083;Syddanmark;2022-02-23;5224;2025-02-25T10:22:56.347
1084;Hovedstaden;2022-02-24;4791;2025-02-25T10:22:56.347
1082;Midtjylland;2022-02-24;5203;2025-02-25T10:22:56.347
1081;Nordjylland;2022-02-24;2943;2025-02-25T10:22:56.347
1085;Sjælland;2022-02-24;2802;2025-02-25T10:22:56.347
1083;Syddanmark;2022-02-24;4856;2025-02-25T10:22:56.347
1084;Hovedstaden;2022-02-25;3730;2025-02-25T10:22:56.347
1082;Midtjylland;2022-02-25;4442;2025-02-25T10:22:56.347
1081;Nordjylland;2022-02-25;2420;2025-02-25T10:22:56.347
1085;Sjælland;2022-02-25;2167;2025-02-25T10:22:56.347
1083;Syddanmark;2022-02-25;3830;2025-02-25T10:22:56.347
1084;Hovedstaden;2022-02-26;3313;2025-02-25T10:22:56.347
1082;Midtjylland;2022-02-26;3853;2025-02-25T10:22:56.347
1081;Nordjylland;2022-02-26;2156;2025-02-25T10:22:56.347
1085;Sjælland;2022-02-26;1503;2025-02-25T10:22:56.347
1083;Syddanmark;2022-02-26;3022;2025-02-25T10:22:56.347
1084;Hovedstaden;2022-02-27;3887;2025-02-25T10:22:56.347
1082;Midtjylland;2022-02-27;4587;2025-02-25T10:22:56.347
1081;Nordjylland;2022-02-27;2703;2025-02-25T10:22:56.347
1085;Sjælland;2022-02-27;1980;2025-02-25T10:22:56.347
1083;Syddanmark;2022-02-27;3699;2025-02-25T10:22:56.347
1084;Hovedstaden;2022-02-28;5018;2025-02-25T10:22:56.347
1082;Midtjylland;2022-02-28;5620;2025-02-25T10:22:56.347
1081;Nordjylland;2022-02-28;2719;2025-02-25T10:22:56.347
1085;Sjælland;2022-02-28;3087;2025-02-25T10:22:56.347
1083;Syddanmark;2022-02-28;5030;2025-02-25T10:22:56.347
1084;Hovedstaden;2022-03-01;4337;2025-02-25T10:22:56.347
1082;Midtjylland;2022-03-01;5006;2025-02-25T10:22:56.347
1081;Nordjylland;2022-03-01;2427;2025-02-25T10:22:56.347
1085;Sjælland;2022-03-01;2118;2025-02-25T10:22:56.347
1083;Syddanmark;2022-03-01;4399;2025-02-25T10:22:56.347
1084;Hovedstaden;2022-03-02;4135;2025-02-25T10:22:56.347
1082;Midtjylland;2022-03-02;4912;2025-02-25T10:22:56.347
1081;Nordjylland;2022-03-02;2291;2025-02-25T10:22:56.347
1085;Sjælland;2022-03-02;2035;2025-02-25T10:22:56.347
1083;Syddanmark;2022-03-02;3966;2025-02-25T10:22:56.347
1084;Hovedstaden;2022-03-03;3620;2025-02-25T10:22:56.347
1082;Midtjylland;2022-03-03;4198;2025-02-25T10:22:56.347
1081;Nordjylland;2022-03-03;1815;2025-02-25T10:22:56.347
1085;Sjælland;2022-03-03;2112;2025-02-25T10:22:56.347
1083;Syddanmark;2022-03-03;4014;2025-02-25T10:22:56.347
1084;Hovedstaden;2022-03-04;3107;2025-02-25T10:22:56.347
1082;Midtjylland;2022-03-04;3597;2025-02-25T10:22:56.347
1081;Nordjylland;2022-03-04;1608;2025-02-25T10:22:56.347
1085;Sjælland;2022-03-04;1768;2025-02-25T10:22:56.347
1083;Syddanmark;2022-03-04;3303;2025-02-25T10:22:56.347
1084;Hovedstaden;2022-03-05;2615;2025-02-25T10:22:56.347
1082;Midtjylland;2022-03-05;3073;2025-02-25T10:22:56.347
1081;Nordjylland;2022-03-05;1462;2025-02-25T10:22:56.347
1085;Sjælland;2022-03-05;1072;2025-02-25T10:22:56.347
1083;Syddanmark;2022-03-05;2710;2025-02-25T10:22:56.347
1084;Hovedstaden;2022-03-06;3168;2025-02-25T10:22:56.347
1082;Midtjylland;2022-03-06;3733;2025-02-25T10:22:56.347
1081;Nordjylland;2022-03-06;1777;2025-02-25T10:22:56.347
1085;Sjælland;2022-03-06;1413;2025-02-25T10:22:56.347
1083;Syddanmark;2022-03-06;3194;2025-02-25T10:22:56.347
1084;Hovedstaden;2022-03-07;3911;2025-02-25T10:22:56.347
1082;Midtjylland;2022-03-07;4431;2025-02-25T10:22:56.347
1081;Nordjylland;2022-03-07;1882;2025-02-25T10:22:56.347
1085;Sjælland;2022-03-07;2320;2025-02-25T10:22:56.347
1083;Syddanmark;2022-03-07;4016;2025-02-25T10:22:56.347
1084;Hovedstaden;2022-03-08;3821;2025-02-25T10:22:56.347
1082;Midtjylland;2022-03-08;4066;2025-02-25T10:22:56.347
1081;Nordjylland;2022-03-08;1805;2025-02-25T10:22:56.347
1085;Sjælland;2022-03-08;2042;2025-02-25T10:22:56.347
1083;Syddanmark;2022-03-08;4003;2025-02-25T10:22:56.347
1084;Hovedstaden;2022-03-09;3405;2025-02-25T10:22:56.347
1082;Midtjylland;2022-03-09;3659;2025-02-25T10:22:56.347
1081;Nordjylland;2022-03-09;1777;2025-02-25T10:22:56.347
1085;Sjælland;2022-03-09;1896;2025-02-25T10:22:56.347
1083;Syddanmark;2022-03-09;3378;2025-02-25T10:22:56.347
1084;Hovedstaden;2022-03-10;2886;2025-02-25T10:22:56.347
1082;Midtjylland;2022-03-10;3003;2025-02-25T10:22:56.347
1081;Nordjylland;2022-03-10;1298;2025-02-25T10:22:56.347
1085;Sjælland;2022-03-10;1663;2025-02-25T10:22:56.347
1083;Syddanmark;2022-03-10;3119;2025-02-25T10:22:56.347
1084;Hovedstaden;2022-03-11;1844;2025-02-25T10:22:56.347
1082;Midtjylland;2022-03-11;1989;2025-02-25T10:22:56.347
1081;Nordjylland;2022-03-11;921;2025-02-25T10:22:56.347
1085;Sjælland;2022-03-11;1033;2025-02-25T10:22:56.347
1083;Syddanmark;2022-03-11;1978;2025-02-25T10:22:56.347
1084;Hovedstaden;2022-03-12;1549;2025-02-25T10:22:56.347
1082;Midtjylland;2022-03-12;1597;2025-02-25T10:22:56.347
1081;Nordjylland;2022-03-12;804;2025-02-25T10:22:56.347
1085;Sjælland;2022-03-12;753;2025-02-25T10:22:56.347
1083;Syddanmark;2022-03-12;1596;2025-02-25T10:22:56.347
1084;Hovedstaden;2022-03-13;2028;2025-02-25T10:22:56.347
1082;Midtjylland;2022-03-13;2025;2025-02-25T10:22:56.347
1081;Nordjylland;2022-03-13;983;2025-02-25T10:22:56.347
1085;Sjælland;2022-03-13;892;2025-02-25T10:22:56.347
1083;Syddanmark;2022-03-13;1990;2025-02-25T10:22:56.347
1084;Hovedstaden;2022-03-14;2361;2025-02-25T10:22:56.347
1082;Midtjylland;2022-03-14;2538;2025-02-25T10:22:56.347
1081;Nordjylland;2022-03-14;1157;2025-02-25T10:22:56.347
1085;Sjælland;2022-03-14;1593;2025-02-25T10:22:56.347
1083;Syddanmark;2022-03-14;2421;2025-02-25T10:22:56.347
1084;Hovedstaden;2022-03-15;2106;2025-02-25T10:22:56.347
1082;Midtjylland;2022-03-15;2284;2025-02-25T10:22:56.347
1081;Nordjylland;2022-03-15;1024;2025-02-25T10:22:56.347
1085;Sjælland;2022-03-15;1268;2025-02-25T10:22:56.347
1083;Syddanmark;2022-03-15;2257;2025-02-25T10:22:56.347
1084;Hovedstaden;2022-03-16;1979;2025-02-25T10:22:56.347
1082;Midtjylland;2022-03-16;1963;2025-02-25T10:22:56.347
1081;Nordjylland;2022-03-16;976;2025-02-25T10:22:56.347
1085;Sjælland;2022-03-16;1205;2025-02-25T10:22:56.347
1083;Syddanmark;2022-03-16;2008;2025-02-25T10:22:56.347
1084;Hovedstaden;2022-03-17;1786;2025-02-25T10:22:56.347
1082;Midtjylland;2022-03-17;1798;2025-02-25T10:22:56.347
1081;Nordjylland;2022-03-17;886;2025-02-25T10:22:56.347
1085;Sjælland;2022-03-17;1101;2025-02-25T10:22:56.347
1083;Syddanmark;2022-03-17;1837;2025-02-25T10:22:56.347
1084;Hovedstaden;2022-03-18;1412;2025-02-25T10:22:56.347
1082;Midtjylland;2022-03-18;1500;2025-02-25T10:22:56.347
1081;Nordjylland;2022-03-18;741;2025-02-25T10:22:56.347
1085;Sjælland;2022-03-18;888;2025-02-25T10:22:56.347
1083;Syddanmark;2022-03-18;1508;2025-02-25T10:22:56.347
1084;Hovedstaden;2022-03-19;1186;2025-02-25T10:22:56.347
1082;Midtjylland;2022-03-19;1124;2025-02-25T10:22:56.347
1081;Nordjylland;2022-03-19;545;2025-02-25T10:22:56.347
1085;Sjælland;2022-03-19;651;2025-02-25T10:22:56.347
1083;Syddanmark;2022-03-19;1155;2025-02-25T10:22:56.347
1084;Hovedstaden;2022-03-20;1542;2025-02-25T10:22:56.347
1082;Midtjylland;2022-03-20;1347;2025-02-25T10:22:56.347
1081;Nordjylland;2022-03-20;604;2025-02-25T10:22:56.347
1085;Sjælland;2022-03-20;726;2025-02-25T10:22:56.347
1083;Syddanmark;2022-03-20;1319;2025-02-25T10:22:56.347
1084;Hovedstaden;2022-03-21;1787;2025-02-25T10:22:56.347
1082;Midtjylland;2022-03-21;1661;2025-02-25T10:22:56.347
1081;Nordjylland;2022-03-21;826;2025-02-25T10:22:56.347
1085;Sjælland;2022-03-21;1281;2025-02-25T10:22:56.347
1083;Syddanmark;2022-03-21;1940;2025-02-25T10:22:56.347
1084;Hovedstaden;2022-03-22;1639;2025-02-25T10:22:56.347
1082;Midtjylland;2022-03-22;1466;2025-02-25T10:22:56.347
1081;Nordjylland;2022-03-22;615;2025-02-25T10:22:56.347
1085;Sjælland;2022-03-22;940;2025-02-25T10:22:56.347
1083;Syddanmark;2022-03-22;1594;2025-02-25T10:22:56.347
1084;Hovedstaden;2022-03-23;1460;2025-02-25T10:22:56.347
1082;Midtjylland;2022-03-23;1344;2025-02-25T10:22:56.347
1081;Nordjylland;2022-03-23;624;2025-02-25T10:22:56.347
1085;Sjælland;2022-03-23;932;2025-02-25T10:22:56.347
1083;Syddanmark;2022-03-23;1419;2025-02-25T10:22:56.347
1084;Hovedstaden;2022-03-24;1319;2025-02-25T10:22:56.347
1082;Midtjylland;2022-03-24;1115;2025-02-25T10:22:56.347
1081;Nordjylland;2022-03-24;534;2025-02-25T10:22:56.347
1085;Sjælland;2022-03-24;775;2025-02-25T10:22:56.347
1083;Syddanmark;2022-03-24;1258;2025-02-25T10:22:56.347
1084;Hovedstaden;2022-03-25;1074;2025-02-25T10:22:56.347
1082;Midtjylland;2022-03-25;991;2025-02-25T10:22:56.347
1081;Nordjylland;2022-03-25;478;2025-02-25T10:22:56.347
1085;Sjælland;2022-03-25;617;2025-02-25T10:22:56.347
1083;Syddanmark;2022-03-25;1083;2025-02-25T10:22:56.347
1084;Hovedstaden;2022-03-26;844;2025-02-25T10:22:56.347
1082;Midtjylland;2022-03-26;740;2025-02-25T10:22:56.347
1081;Nordjylland;2022-03-26;365;2025-02-25T10:22:56.347
1085;Sjælland;2022-03-26;377;2025-02-25T10:22:56.347
1083;Syddanmark;2022-03-26;691;2025-02-25T10:22:56.347
1084;Hovedstaden;2022-03-27;980;2025-02-25T10:22:56.347
1082;Midtjylland;2022-03-27;871;2025-02-25T10:22:56.347
1081;Nordjylland;2022-03-27;346;2025-02-25T10:22:56.347
1085;Sjælland;2022-03-27;405;2025-02-25T10:22:56.347
1083;Syddanmark;2022-03-27;820;2025-02-25T10:22:56.347
1084;Hovedstaden;2022-03-28;1315;2025-02-25T10:22:56.347
1082;Midtjylland;2022-03-28;999;2025-02-25T10:22:56.347
1081;Nordjylland;2022-03-28;529;2025-02-25T10:22:56.347
1085;Sjælland;2022-03-28;857;2025-02-25T10:22:56.347
1083;Syddanmark;2022-03-28;1262;2025-02-25T10:22:56.347
1084;Hovedstaden;2022-03-29;1125;2025-02-25T10:22:56.347
1082;Midtjylland;2022-03-29;912;2025-02-25T10:22:56.347
1081;Nordjylland;2022-03-29;414;2025-02-25T10:22:56.347
1085;Sjælland;2022-03-29;628;2025-02-25T10:22:56.347
1083;Syddanmark;2022-03-29;997;2025-02-25T10:22:56.347
1084;Hovedstaden;2022-03-30;1023;2025-02-25T10:22:56.347
1082;Midtjylland;2022-03-30;810;2025-02-25T10:22:56.347
1081;Nordjylland;2022-03-30;383;2025-02-25T10:22:56.347
1085;Sjælland;2022-03-30;653;2025-02-25T10:22:56.347
1083;Syddanmark;2022-03-30;875;2025-02-25T10:22:56.347
1084;Hovedstaden;2022-03-31;808;2025-02-25T10:22:56.347
1082;Midtjylland;2022-03-31;688;2025-02-25T10:22:56.347
1081;Nordjylland;2022-03-31;303;2025-02-25T10:22:56.347
1085;Sjælland;2022-03-31;477;2025-02-25T10:22:56.347
1083;Syddanmark;2022-03-31;757;2025-02-25T10:22:56.347
1084;Hovedstaden;2022-04-01;716;2025-02-25T10:22:56.347
1082;Midtjylland;2022-04-01;518;2025-02-25T10:22:56.347
1081;Nordjylland;2022-04-01;281;2025-02-25T10:22:56.347
1085;Sjælland;2022-04-01;401;2025-02-25T10:22:56.347
1083;Syddanmark;2022-04-01;685;2025-02-25T10:22:56.347
1084;Hovedstaden;2022-04-02;588;2025-02-25T10:22:56.347
1082;Midtjylland;2022-04-02;435;2025-02-25T10:22:56.347
1081;Nordjylland;2022-04-02;205;2025-02-25T10:22:56.347
1085;Sjælland;2022-04-02;302;2025-02-25T10:22:56.347
1083;Syddanmark;2022-04-02;502;2025-02-25T10:22:56.347
1084;Hovedstaden;2022-04-03;672;2025-02-25T10:22:56.347
1082;Midtjylland;2022-04-03;498;2025-02-25T10:22:56.347
1081;Nordjylland;2022-04-03;237;2025-02-25T10:22:56.347
1085;Sjælland;2022-04-03;332;2025-02-25T10:22:56.347
1083;Syddanmark;2022-04-03;562;2025-02-25T10:22:56.347
1084;Hovedstaden;2022-04-04;917;2025-02-25T10:22:56.347
1082;Midtjylland;2022-04-04;732;2025-02-25T10:22:56.347
1081;Nordjylland;2022-04-04;320;2025-02-25T10:22:56.347
1085;Sjælland;2022-04-04;663;2025-02-25T10:22:56.347
1083;Syddanmark;2022-04-04;796;2025-02-25T10:22:56.347
1084;Hovedstaden;2022-04-05;878;2025-02-25T10:22:56.347
1082;Midtjylland;2022-04-05;633;2025-02-25T10:22:56.347
1081;Nordjylland;2022-04-05;351;2025-02-25T10:22:56.347
1085;Sjælland;2022-04-05;522;2025-02-25T10:22:56.347
1083;Syddanmark;2022-04-05;689;2025-02-25T10:22:56.347
1084;Hovedstaden;2022-04-06;758;2025-02-25T10:22:56.347
1082;Midtjylland;2022-04-06;568;2025-02-25T10:22:56.347
1081;Nordjylland;2022-04-06;264;2025-02-25T10:22:56.347
1085;Sjælland;2022-04-06;470;2025-02-25T10:22:56.347
1083;Syddanmark;2022-04-06;692;2025-02-25T10:22:56.347
1084;Hovedstaden;2022-04-07;803;2025-02-25T10:22:56.347
1082;Midtjylland;2022-04-07;557;2025-02-25T10:22:56.347
1081;Nordjylland;2022-04-07;264;2025-02-25T10:22:56.347
1085;Sjælland;2022-04-07;444;2025-02-25T10:22:56.347
1083;Syddanmark;2022-04-07;638;2025-02-25T10:22:56.347
1084;Hovedstaden;2022-04-08;608;2025-02-25T10:22:56.347
1082;Midtjylland;2022-04-08;457;2025-02-25T10:22:56.347
1081;Nordjylland;2022-04-08;229;2025-02-25T10:22:56.347
1085;Sjælland;2022-04-08;406;2025-02-25T10:22:56.347
1083;Syddanmark;2022-04-08;529;2025-02-25T10:22:56.347
1084;Hovedstaden;2022-04-09;512;2025-02-25T10:22:56.347
1082;Midtjylland;2022-04-09;379;2025-02-25T10:22:56.347
1081;Nordjylland;2022-04-09;192;2025-02-25T10:22:56.347
1085;Sjælland;2022-04-09;246;2025-02-25T10:22:56.347
1083;Syddanmark;2022-04-09;399;2025-02-25T10:22:56.347
1084;Hovedstaden;2022-04-10;606;2025-02-25T10:22:56.347
1082;Midtjylland;2022-04-10;395;2025-02-25T10:22:56.347
1081;Nordjylland;2022-04-10;159;2025-02-25T10:22:56.347
1085;Sjælland;2022-04-10;267;2025-02-25T10:22:56.347
1083;Syddanmark;2022-04-10;406;2025-02-25T10:22:56.347
1084;Hovedstaden;2022-04-11;676;2025-02-25T10:22:56.347
1082;Midtjylland;2022-04-11;594;2025-02-25T10:22:56.347
1081;Nordjylland;2022-04-11;281;2025-02-25T10:22:56.347
1085;Sjælland;2022-04-11;477;2025-02-25T10:22:56.347
1083;Syddanmark;2022-04-11;559;2025-02-25T10:22:56.347
1084;Hovedstaden;2022-04-12;662;2025-02-25T10:22:56.347
1082;Midtjylland;2022-04-12;472;2025-02-25T10:22:56.347
1081;Nordjylland;2022-04-12;218;2025-02-25T10:22:56.347
1085;Sjælland;2022-04-12;398;2025-02-25T10:22:56.347
1083;Syddanmark;2022-04-12;515;2025-02-25T10:22:56.347
1084;Hovedstaden;2022-04-13;659;2025-02-25T10:22:56.347
1082;Midtjylland;2022-04-13;427;2025-02-25T10:22:56.347
1081;Nordjylland;2022-04-13;192;2025-02-25T10:22:56.347
1085;Sjælland;2022-04-13;410;2025-02-25T10:22:56.347
1083;Syddanmark;2022-04-13;488;2025-02-25T10:22:56.347
1084;Hovedstaden;2022-04-14;396;2025-02-25T10:22:56.347
1082;Midtjylland;2022-04-14;279;2025-02-25T10:22:56.347
1081;Nordjylland;2022-04-14;200;2025-02-25T10:22:56.347
1085;Sjælland;2022-04-14;155;2025-02-25T10:22:56.347
1083;Syddanmark;2022-04-14;373;2025-02-25T10:22:56.347
1084;Hovedstaden;2022-04-15;396;2025-02-25T10:22:56.347
1082;Midtjylland;2022-04-15;313;2025-02-25T10:22:56.347
1081;Nordjylland;2022-04-15;114;2025-02-25T10:22:56.347
1085;Sjælland;2022-04-15;261;2025-02-25T10:22:56.347
1083;Syddanmark;2022-04-15;357;2025-02-25T10:22:56.347
1084;Hovedstaden;2022-04-16;521;2025-02-25T10:22:56.347
1082;Midtjylland;2022-04-16;297;2025-02-25T10:22:56.347
1081;Nordjylland;2022-04-16;172;2025-02-25T10:22:56.347
1085;Sjælland;2022-04-16;295;2025-02-25T10:22:56.347
1083;Syddanmark;2022-04-16;277;2025-02-25T10:22:56.347
1084;Hovedstaden;2022-04-17;345;2025-02-25T10:22:56.347
1082;Midtjylland;2022-04-17;308;2025-02-25T10:22:56.347
1081;Nordjylland;2022-04-17;117;2025-02-25T10:22:56.347
1085;Sjælland;2022-04-17;146;2025-02-25T10:22:56.347
1083;Syddanmark;2022-04-17;336;2025-02-25T10:22:56.347
1084;Hovedstaden;2022-04-18;506;2025-02-25T10:22:56.347
1082;Midtjylland;2022-04-18;390;2025-02-25T10:22:56.347
1081;Nordjylland;2022-04-18;257;2025-02-25T10:22:56.347
1085;Sjælland;2022-04-18;218;2025-02-25T10:22:56.347
1083;Syddanmark;2022-04-18;367;2025-02-25T10:22:56.347
1084;Hovedstaden;2022-04-19;724;2025-02-25T10:22:56.347
1082;Midtjylland;2022-04-19;442;2025-02-25T10:22:56.347
1081;Nordjylland;2022-04-19;283;2025-02-25T10:22:56.347
1085;Sjælland;2022-04-19;539;2025-02-25T10:22:56.347
1083;Syddanmark;2022-04-19;455;2025-02-25T10:22:56.347
1084;Hovedstaden;2022-04-20;565;2025-02-25T10:22:56.347
1082;Midtjylland;2022-04-20;429;2025-02-25T10:22:56.347
1081;Nordjylland;2022-04-20;257;2025-02-25T10:22:56.347
1085;Sjælland;2022-04-20;321;2025-02-25T10:22:56.347
1083;Syddanmark;2022-04-20;368;2025-02-25T10:22:56.347
1084;Hovedstaden;2022-04-21;514;2025-02-25T10:22:56.347
1082;Midtjylland;2022-04-21;368;2025-02-25T10:22:56.347
1081;Nordjylland;2022-04-21;203;2025-02-25T10:22:56.347
1085;Sjælland;2022-04-21;256;2025-02-25T10:22:56.347
1083;Syddanmark;2022-04-21;337;2025-02-25T10:22:56.347
1084;Hovedstaden;2022-04-22;377;2025-02-25T10:22:56.347
1082;Midtjylland;2022-04-22;262;2025-02-25T10:22:56.347
1081;Nordjylland;2022-04-22;151;2025-02-25T10:22:56.347
1085;Sjælland;2022-04-22;198;2025-02-25T10:22:56.347
1083;Syddanmark;2022-04-22;272;2025-02-25T10:22:56.347
1084;Hovedstaden;2022-04-23;283;2025-02-25T10:22:56.347
1082;Midtjylland;2022-04-23;207;2025-02-25T10:22:56.347
1081;Nordjylland;2022-04-23;112;2025-02-25T10:22:56.347
1085;Sjælland;2022-04-23;123;2025-02-25T10:22:56.347
1083;Syddanmark;2022-04-23;250;2025-02-25T10:22:56.347
1084;Hovedstaden;2022-04-24;329;2025-02-25T10:22:56.347
1082;Midtjylland;2022-04-24;206;2025-02-25T10:22:56.347
1081;Nordjylland;2022-04-24;105;2025-02-25T10:22:56.347
1085;Sjælland;2022-04-24;160;2025-02-25T10:22:56.347
1083;Syddanmark;2022-04-24;197;2025-02-25T10:22:56.347
1084;Hovedstaden;2022-04-25;450;2025-02-25T10:22:56.347
1082;Midtjylland;2022-04-25;310;2025-02-25T10:22:56.347
1081;Nordjylland;2022-04-25;165;2025-02-25T10:22:56.347
1085;Sjælland;2022-04-25;264;2025-02-25T10:22:56.347
1083;Syddanmark;2022-04-25;309;2025-02-25T10:22:56.347
1084;Hovedstaden;2022-04-26;374;2025-02-25T10:22:56.347
1082;Midtjylland;2022-04-26;261;2025-02-25T10:22:56.347
1081;Nordjylland;2022-04-26;116;2025-02-25T10:22:56.347
1085;Sjælland;2022-04-26;176;2025-02-25T10:22:56.347
1083;Syddanmark;2022-04-26;248;2025-02-25T10:22:56.347
1084;Hovedstaden;2022-04-27;375;2025-02-25T10:22:56.347
1082;Midtjylland;2022-04-27;211;2025-02-25T10:22:56.347
1081;Nordjylland;2022-04-27;101;2025-02-25T10:22:56.347
1085;Sjælland;2022-04-27;186;2025-02-25T10:22:56.347
1083;Syddanmark;2022-04-27;207;2025-02-25T10:22:56.347
1084;Hovedstaden;2022-04-28;367;2025-02-25T10:22:56.347
1082;Midtjylland;2022-04-28;175;2025-02-25T10:22:56.347
1081;Nordjylland;2022-04-28;94;2025-02-25T10:22:56.347
1085;Sjælland;2022-04-28;159;2025-02-25T10:22:56.347
1083;Syddanmark;2022-04-28;187;2025-02-25T10:22:56.347
1084;Hovedstaden;2022-04-29;296;2025-02-25T10:22:56.347
1082;Midtjylland;2022-04-29;177;2025-02-25T10:22:56.347
1081;Nordjylland;2022-04-29;81;2025-02-25T10:22:56.347
1085;Sjælland;2022-04-29;126;2025-02-25T10:22:56.347
1083;Syddanmark;2022-04-29;168;2025-02-25T10:22:56.347
1084;Hovedstaden;2022-04-30;264;2025-02-25T10:22:56.347
1082;Midtjylland;2022-04-30;118;2025-02-25T10:22:56.347
1081;Nordjylland;2022-04-30;52;2025-02-25T10:22:56.347
1085;Sjælland;2022-04-30;77;2025-02-25T10:22:56.347
1083;Syddanmark;2022-04-30;152;2025-02-25T10:22:56.347
1084;Hovedstaden;2022-05-01;255;2025-02-25T10:22:56.347
1082;Midtjylland;2022-05-01;146;2025-02-25T10:22:56.347
1081;Nordjylland;2022-05-01;79;2025-02-25T10:22:56.347
1085;Sjælland;2022-05-01;149;2025-02-25T10:22:56.347
1083;Syddanmark;2022-05-01;144;2025-02-25T10:22:56.347
1084;Hovedstaden;2022-05-02;360;2025-02-25T10:22:56.347
1082;Midtjylland;2022-05-02;217;2025-02-25T10:22:56.347
1081;Nordjylland;2022-05-02;91;2025-02-25T10:22:56.347
1085;Sjælland;2022-05-02;155;2025-02-25T10:22:56.347
1083;Syddanmark;2022-05-02;218;2025-02-25T10:22:56.347
1084;Hovedstaden;2022-05-03;305;2025-02-25T10:22:56.347
1082;Midtjylland;2022-05-03;185;2025-02-25T10:22:56.347
1081;Nordjylland;2022-05-03;69;2025-02-25T10:22:56.347
1085;Sjælland;2022-05-03;177;2025-02-25T10:22:56.347
1083;Syddanmark;2022-05-03;195;2025-02-25T10:22:56.347
1084;Hovedstaden;2022-05-04;295;2025-02-25T10:22:56.347
1082;Midtjylland;2022-05-04;205;2025-02-25T10:22:56.347
1081;Nordjylland;2022-05-04;88;2025-02-25T10:22:56.347
1085;Sjælland;2022-05-04;117;2025-02-25T10:22:56.347
1083;Syddanmark;2022-05-04;201;2025-02-25T10:22:56.347
1084;Hovedstaden;2022-05-05;360;2025-02-25T10:22:56.347
1082;Midtjylland;2022-05-05;181;2025-02-25T10:22:56.347
1081;Nordjylland;2022-05-05;84;2025-02-25T10:22:56.347
1085;Sjælland;2022-05-05;166;2025-02-25T10:22:56.347
1083;Syddanmark;2022-05-05;179;2025-02-25T10:22:56.347
1084;Hovedstaden;2022-05-06;255;2025-02-25T10:22:56.347
1082;Midtjylland;2022-05-06;169;2025-02-25T10:22:56.347
1081;Nordjylland;2022-05-06;64;2025-02-25T10:22:56.347
1085;Sjælland;2022-05-06;115;2025-02-25T10:22:56.347
1083;Syddanmark;2022-05-06;146;2025-02-25T10:22:56.347
1084;Hovedstaden;2022-05-07;213;2025-02-25T10:22:56.347
1082;Midtjylland;2022-05-07;99;2025-02-25T10:22:56.347
1081;Nordjylland;2022-05-07;47;2025-02-25T10:22:56.347
1085;Sjælland;2022-05-07;83;2025-02-25T10:22:56.347
1083;Syddanmark;2022-05-07;131;2025-02-25T10:22:56.347
1084;Hovedstaden;2022-05-08;215;2025-02-25T10:22:56.347
1082;Midtjylland;2022-05-08;117;2025-02-25T10:22:56.347
1081;Nordjylland;2022-05-08;76;2025-02-25T10:22:56.347
1085;Sjælland;2022-05-08;91;2025-02-25T10:22:56.347
1083;Syddanmark;2022-05-08;120;2025-02-25T10:22:56.347
1084;Hovedstaden;2022-05-09;312;2025-02-25T10:22:56.347
1082;Midtjylland;2022-05-09;193;2025-02-25T10:22:56.347
1081;Nordjylland;2022-05-09;92;2025-02-25T10:22:56.347
1085;Sjælland;2022-05-09;121;2025-02-25T10:22:56.347
1083;Syddanmark;2022-05-09;210;2025-02-25T10:22:56.347
1084;Hovedstaden;2022-05-10;283;2025-02-25T10:22:56.347
1082;Midtjylland;2022-05-10;160;2025-02-25T10:22:56.347
1081;Nordjylland;2022-05-10;80;2025-02-25T10:22:56.347
1085;Sjælland;2022-05-10;137;2025-02-25T10:22:56.347
1083;Syddanmark;2022-05-10;177;2025-02-25T10:22:56.347
1084;Hovedstaden;2022-05-11;240;2025-02-25T10:22:56.347
1082;Midtjylland;2022-05-11;157;2025-02-25T10:22:56.347
1081;Nordjylland;2022-05-11;64;2025-02-25T10:22:56.347
1085;Sjælland;2022-05-11;123;2025-02-25T10:22:56.347
1083;Syddanmark;2022-05-11;171;2025-02-25T10:22:56.347
1084;Hovedstaden;2022-05-12;294;2025-02-25T10:22:56.347
1082;Midtjylland;2022-05-12;149;2025-02-25T10:22:56.347
1081;Nordjylland;2022-05-12;56;2025-02-25T10:22:56.347
1085;Sjælland;2022-05-12;105;2025-02-25T10:22:56.347
1083;Syddanmark;2022-05-12;127;2025-02-25T10:22:56.347
1084;Hovedstaden;2022-05-13;133;2025-02-25T10:22:56.347
1082;Midtjylland;2022-05-13;92;2025-02-25T10:22:56.347
1081;Nordjylland;2022-05-13;40;2025-02-25T10:22:56.347
1085;Sjælland;2022-05-13;42;2025-02-25T10:22:56.347
1083;Syddanmark;2022-05-13;111;2025-02-25T10:22:56.347
1084;Hovedstaden;2022-05-14;201;2025-02-25T10:22:56.347
1082;Midtjylland;2022-05-14;100;2025-02-25T10:22:56.347
1081;Nordjylland;2022-05-14;40;2025-02-25T10:22:56.347
1085;Sjælland;2022-05-14;39;2025-02-25T10:22:56.347
1083;Syddanmark;2022-05-14;105;2025-02-25T10:22:56.347
1084;Hovedstaden;2022-05-15;231;2025-02-25T10:22:56.347
1082;Midtjylland;2022-05-15;101;2025-02-25T10:22:56.347
1081;Nordjylland;2022-05-15;60;2025-02-25T10:22:56.347
1085;Sjælland;2022-05-15;89;2025-02-25T10:22:56.347
1083;Syddanmark;2022-05-15;99;2025-02-25T10:22:56.347
1084;Hovedstaden;2022-05-16;247;2025-02-25T10:22:56.347
1082;Midtjylland;2022-05-16;170;2025-02-25T10:22:56.347
1081;Nordjylland;2022-05-16;57;2025-02-25T10:22:56.347
1085;Sjælland;2022-05-16;125;2025-02-25T10:22:56.347
1083;Syddanmark;2022-05-16;177;2025-02-25T10:22:56.347
1084;Hovedstaden;2022-05-17;231;2025-02-25T10:22:56.347
1082;Midtjylland;2022-05-17;155;2025-02-25T10:22:56.347
1081;Nordjylland;2022-05-17;53;2025-02-25T10:22:56.347
1085;Sjælland;2022-05-17;122;2025-02-25T10:22:56.347
1083;Syddanmark;2022-05-17;179;2025-02-25T10:22:56.347
1084;Hovedstaden;2022-05-18;214;2025-02-25T10:22:56.347
1082;Midtjylland;2022-05-18;132;2025-02-25T10:22:56.347
1081;Nordjylland;2022-05-18;54;2025-02-25T10:22:56.347
1085;Sjælland;2022-05-18;121;2025-02-25T10:22:56.347
1083;Syddanmark;2022-05-18;126;2025-02-25T10:22:56.347
1084;Hovedstaden;2022-05-19;217;2025-02-25T10:22:56.347
1082;Midtjylland;2022-05-19;138;2025-02-25T10:22:56.347
1081;Nordjylland;2022-05-19;41;2025-02-25T10:22:56.347
1085;Sjælland;2022-05-19;91;2025-02-25T10:22:56.347
1083;Syddanmark;2022-05-19;135;2025-02-25T10:22:56.347
1084;Hovedstaden;2022-05-20;176;2025-02-25T10:22:56.347
1082;Midtjylland;2022-05-20;116;2025-02-25T10:22:56.347
1081;Nordjylland;2022-05-20;44;2025-02-25T10:22:56.347
1085;Sjælland;2022-05-20;69;2025-02-25T10:22:56.347
1083;Syddanmark;2022-05-20;77;2025-02-25T10:22:56.347
1084;Hovedstaden;2022-05-21;125;2025-02-25T10:22:56.347
1082;Midtjylland;2022-05-21;81;2025-02-25T10:22:56.347
1081;Nordjylland;2022-05-21;27;2025-02-25T10:22:56.347
1085;Sjælland;2022-05-21;46;2025-02-25T10:22:56.347
1083;Syddanmark;2022-05-21;78;2025-02-25T10:22:56.347
1084;Hovedstaden;2022-05-22;155;2025-02-25T10:22:56.347
1082;Midtjylland;2022-05-22;86;2025-02-25T10:22:56.347
1081;Nordjylland;2022-05-22;30;2025-02-25T10:22:56.347
1085;Sjælland;2022-05-22;85;2025-02-25T10:22:56.347
1083;Syddanmark;2022-05-22;71;2025-02-25T10:22:56.347
1084;Hovedstaden;2022-05-23;222;2025-02-25T10:22:56.347
1082;Midtjylland;2022-05-23;121;2025-02-25T10:22:56.347
1081;Nordjylland;2022-05-23;49;2025-02-25T10:22:56.347
1085;Sjælland;2022-05-23;95;2025-02-25T10:22:56.347
1083;Syddanmark;2022-05-23;112;2025-02-25T10:22:56.347
1084;Hovedstaden;2022-05-24;203;2025-02-25T10:22:56.347
1082;Midtjylland;2022-05-24;133;2025-02-25T10:22:56.347
1081;Nordjylland;2022-05-24;37;2025-02-25T10:22:56.347
1085;Sjælland;2022-05-24;89;2025-02-25T10:22:56.347
1083;Syddanmark;2022-05-24;105;2025-02-25T10:22:56.347
1084;Hovedstaden;2022-05-25;186;2025-02-25T10:22:56.347
1082;Midtjylland;2022-05-25;102;2025-02-25T10:22:56.347
1081;Nordjylland;2022-05-25;49;2025-02-25T10:22:56.347
1085;Sjælland;2022-05-25;89;2025-02-25T10:22:56.347
1083;Syddanmark;2022-05-25;87;2025-02-25T10:22:56.347
1084;Hovedstaden;2022-05-26;134;2025-02-25T10:22:56.347
1082;Midtjylland;2022-05-26;63;2025-02-25T10:22:56.347
1081;Nordjylland;2022-05-26;23;2025-02-25T10:22:56.347
1085;Sjælland;2022-05-26;31;2025-02-25T10:22:56.347
1083;Syddanmark;2022-05-26;57;2025-02-25T10:22:56.347
1084;Hovedstaden;2022-05-27;166;2025-02-25T10:22:56.347
1082;Midtjylland;2022-05-27;90;2025-02-25T10:22:56.347
1081;Nordjylland;2022-05-27;52;2025-02-25T10:22:56.347
1085;Sjælland;2022-05-27;97;2025-02-25T10:22:56.347
1083;Syddanmark;2022-05-27;62;2025-02-25T10:22:56.347
1084;Hovedstaden;2022-05-28;132;2025-02-25T10:22:56.347
1082;Midtjylland;2022-05-28;71;2025-02-25T10:22:56.347
1081;Nordjylland;2022-05-28;29;2025-02-25T10:22:56.347
1085;Sjælland;2022-05-28;13;2025-02-25T10:22:56.347
1083;Syddanmark;2022-05-28;81;2025-02-25T10:22:56.347
1084;Hovedstaden;2022-05-29;156;2025-02-25T10:22:56.347
1082;Midtjylland;2022-05-29;96;2025-02-25T10:22:56.347
1081;Nordjylland;2022-05-29;26;2025-02-25T10:22:56.347
1085;Sjælland;2022-05-29;110;2025-02-25T10:22:56.347
1083;Syddanmark;2022-05-29;56;2025-02-25T10:22:56.347
1084;Hovedstaden;2022-05-30;268;2025-02-25T10:22:56.347
1082;Midtjylland;2022-05-30;153;2025-02-25T10:22:56.347
1081;Nordjylland;2022-05-30;58;2025-02-25T10:22:56.347
1085;Sjælland;2022-05-30;85;2025-02-25T10:22:56.347
1083;Syddanmark;2022-05-30;147;2025-02-25T10:22:56.347
1084;Hovedstaden;2022-05-31;237;2025-02-25T10:22:56.347
1082;Midtjylland;2022-05-31;116;2025-02-25T10:22:56.347
1081;Nordjylland;2022-05-31;47;2025-02-25T10:22:56.347
1085;Sjælland;2022-05-31;89;2025-02-25T10:22:56.347
1083;Syddanmark;2022-05-31;141;2025-02-25T10:22:56.347
1084;Hovedstaden;2022-06-01;180;2025-02-25T10:22:56.347
1082;Midtjylland;2022-06-01;129;2025-02-25T10:22:56.347
1081;Nordjylland;2022-06-01;44;2025-02-25T10:22:56.347
1085;Sjælland;2022-06-01;119;2025-02-25T10:22:56.347
1083;Syddanmark;2022-06-01;113;2025-02-25T10:22:56.347
1084;Hovedstaden;2022-06-02;170;2025-02-25T10:22:56.347
1082;Midtjylland;2022-06-02;122;2025-02-25T10:22:56.347
1081;Nordjylland;2022-06-02;25;2025-02-25T10:22:56.347
1085;Sjælland;2022-06-02;101;2025-02-25T10:22:56.347
1083;Syddanmark;2022-06-02;107;2025-02-25T10:22:56.347
1084;Hovedstaden;2022-06-03;182;2025-02-25T10:22:56.347
1082;Midtjylland;2022-06-03;123;2025-02-25T10:22:56.347
1081;Nordjylland;2022-06-03;52;2025-02-25T10:22:56.347
1085;Sjælland;2022-06-03;100;2025-02-25T10:22:56.347
1083;Syddanmark;2022-06-03;106;2025-02-25T10:22:56.347
1084;Hovedstaden;2022-06-04;137;2025-02-25T10:22:56.347
1082;Midtjylland;2022-06-04;95;2025-02-25T10:22:56.347
1081;Nordjylland;2022-06-04;22;2025-02-25T10:22:56.347
1085;Sjælland;2022-06-04;8;2025-02-25T10:22:56.347
1083;Syddanmark;2022-06-04;37;2025-02-25T10:22:56.347
1084;Hovedstaden;2022-06-05;155;2025-02-25T10:22:56.347
1082;Midtjylland;2022-06-05;83;2025-02-25T10:22:56.347
1081;Nordjylland;2022-06-05;27;2025-02-25T10:22:56.347
1085;Sjælland;2022-06-05;60;2025-02-25T10:22:56.347
1083;Syddanmark;2022-06-05;93;2025-02-25T10:22:56.347
1084;Hovedstaden;2022-06-06;260;2025-02-25T10:22:56.347
1082;Midtjylland;2022-06-06;135;2025-02-25T10:22:56.347
1081;Nordjylland;2022-06-06;50;2025-02-25T10:22:56.347
1085;Sjælland;2022-06-06;83;2025-02-25T10:22:56.347
1083;Syddanmark;2022-06-06;133;2025-02-25T10:22:56.347
1084;Hovedstaden;2022-06-07;313;2025-02-25T10:22:56.347
1082;Midtjylland;2022-06-07;160;2025-02-25T10:22:56.347
1081;Nordjylland;2022-06-07;56;2025-02-25T10:22:56.347
1085;Sjælland;2022-06-07;154;2025-02-25T10:22:56.347
1083;Syddanmark;2022-06-07;217;2025-02-25T10:22:56.347
1084;Hovedstaden;2022-06-08;357;2025-02-25T10:22:56.347
1082;Midtjylland;2022-06-08;153;2025-02-25T10:22:56.347
1081;Nordjylland;2022-06-08;77;2025-02-25T10:22:56.347
1085;Sjælland;2022-06-08;133;2025-02-25T10:22:56.347
1083;Syddanmark;2022-06-08;172;2025-02-25T10:22:56.347
1084;Hovedstaden;2022-06-09;352;2025-02-25T10:22:56.347
1082;Midtjylland;2022-06-09;190;2025-02-25T10:22:56.347
1081;Nordjylland;2022-06-09;54;2025-02-25T10:22:56.347
1085;Sjælland;2022-06-09;155;2025-02-25T10:22:56.347
1083;Syddanmark;2022-06-09;136;2025-02-25T10:22:56.347
1084;Hovedstaden;2022-06-10;333;2025-02-25T10:22:56.347
1082;Midtjylland;2022-06-10;149;2025-02-25T10:22:56.347
1081;Nordjylland;2022-06-10;83;2025-02-25T10:22:56.347
1085;Sjælland;2022-06-10;122;2025-02-25T10:22:56.347
1083;Syddanmark;2022-06-10;155;2025-02-25T10:22:56.347
1084;Hovedstaden;2022-06-11;313;2025-02-25T10:22:56.347
1082;Midtjylland;2022-06-11;145;2025-02-25T10:22:56.347
1081;Nordjylland;2022-06-11;52;2025-02-25T10:22:56.347
1085;Sjælland;2022-06-11;23;2025-02-25T10:22:56.347
1083;Syddanmark;2022-06-11;93;2025-02-25T10:22:56.347
1084;Hovedstaden;2022-06-12;333;2025-02-25T10:22:56.347
1082;Midtjylland;2022-06-12;169;2025-02-25T10:22:56.347
1081;Nordjylland;2022-06-12;45;2025-02-25T10:22:56.347
1085;Sjælland;2022-06-12;182;2025-02-25T10:22:56.347
1083;Syddanmark;2022-06-12;172;2025-02-25T10:22:56.347
1084;Hovedstaden;2022-06-13;452;2025-02-25T10:22:56.347
1082;Midtjylland;2022-06-13;213;2025-02-25T10:22:56.347
1081;Nordjylland;2022-06-13;103;2025-02-25T10:22:56.347
1085;Sjælland;2022-06-13;176;2025-02-25T10:22:56.347
1083;Syddanmark;2022-06-13;216;2025-02-25T10:22:56.347
1084;Hovedstaden;2022-06-14;442;2025-02-25T10:22:56.347
1082;Midtjylland;2022-06-14;243;2025-02-25T10:22:56.347
1081;Nordjylland;2022-06-14;65;2025-02-25T10:22:56.347
1085;Sjælland;2022-06-14;188;2025-02-25T10:22:56.347
1083;Syddanmark;2022-06-14;244;2025-02-25T10:22:56.347
1084;Hovedstaden;2022-06-15;487;2025-02-25T10:22:56.347
1082;Midtjylland;2022-06-15;256;2025-02-25T10:22:56.347
1081;Nordjylland;2022-06-15;93;2025-02-25T10:22:56.347
1085;Sjælland;2022-06-15;166;2025-02-25T10:22:56.347
1083;Syddanmark;2022-06-15;194;2025-02-25T10:22:56.347
1084;Hovedstaden;2022-06-16;449;2025-02-25T10:22:56.347
1082;Midtjylland;2022-06-16;247;2025-02-25T10:22:56.347
1081;Nordjylland;2022-06-16;88;2025-02-25T10:22:56.347
1085;Sjælland;2022-06-16;200;2025-02-25T10:22:56.347
1083;Syddanmark;2022-06-16;215;2025-02-25T10:22:56.347
1084;Hovedstaden;2022-06-17;448;2025-02-25T10:22:56.347
1082;Midtjylland;2022-06-17;269;2025-02-25T10:22:56.347
1081;Nordjylland;2022-06-17;104;2025-02-25T10:22:56.347
1085;Sjælland;2022-06-17;221;2025-02-25T10:22:56.347
1083;Syddanmark;2022-06-17;222;2025-02-25T10:22:56.347
1084;Hovedstaden;2022-06-18;431;2025-02-25T10:22:56.347
1082;Midtjylland;2022-06-18;248;2025-02-25T10:22:56.347
1081;Nordjylland;2022-06-18;68;2025-02-25T10:22:56.347
1085;Sjælland;2022-06-18;99;2025-02-25T10:22:56.347
1083;Syddanmark;2022-06-18;109;2025-02-25T10:22:56.347
1084;Hovedstaden;2022-06-19;481;2025-02-25T10:22:56.347
1082;Midtjylland;2022-06-19;271;2025-02-25T10:22:56.347
1081;Nordjylland;2022-06-19;88;2025-02-25T10:22:56.347
1085;Sjælland;2022-06-19;82;2025-02-25T10:22:56.347
1083;Syddanmark;2022-06-19;261;2025-02-25T10:22:56.347
1084;Hovedstaden;2022-06-20;655;2025-02-25T10:22:56.347
1082;Midtjylland;2022-06-20;352;2025-02-25T10:22:56.347
1081;Nordjylland;2022-06-20;160;2025-02-25T10:22:56.347
1085;Sjælland;2022-06-20;390;2025-02-25T10:22:56.347
1083;Syddanmark;2022-06-20;326;2025-02-25T10:22:56.347
1084;Hovedstaden;2022-06-21;727;2025-02-25T10:22:56.347
1082;Midtjylland;2022-06-21;372;2025-02-25T10:22:56.347
1081;Nordjylland;2022-06-21;137;2025-02-25T10:22:56.347
1085;Sjælland;2022-06-21;328;2025-02-25T10:22:56.347
1083;Syddanmark;2022-06-21;372;2025-02-25T10:22:56.347
1084;Hovedstaden;2022-06-22;701;2025-02-25T10:22:56.347
1082;Midtjylland;2022-06-22;340;2025-02-25T10:22:56.347
1081;Nordjylland;2022-06-22;192;2025-02-25T10:22:56.347
1085;Sjælland;2022-06-22;263;2025-02-25T10:22:56.347
1083;Syddanmark;2022-06-22;309;2025-02-25T10:22:56.347
1084;Hovedstaden;2022-06-23;583;2025-02-25T10:22:56.347
1082;Midtjylland;2022-06-23;280;2025-02-25T10:22:56.347
1081;Nordjylland;2022-06-23;93;2025-02-25T10:22:56.347
1085;Sjælland;2022-06-23;218;2025-02-25T10:22:56.347
1083;Syddanmark;2022-06-23;261;2025-02-25T10:22:56.347
1084;Hovedstaden;2022-06-24;509;2025-02-25T10:22:56.347
1082;Midtjylland;2022-06-24;229;2025-02-25T10:22:56.347
1081;Nordjylland;2022-06-24;134;2025-02-25T10:22:56.347
1085;Sjælland;2022-06-24;197;2025-02-25T10:22:56.347
1083;Syddanmark;2022-06-24;214;2025-02-25T10:22:56.347
1084;Hovedstaden;2022-06-25;325;2025-02-25T10:22:56.347
1082;Midtjylland;2022-06-25;161;2025-02-25T10:22:56.347
1081;Nordjylland;2022-06-25;47;2025-02-25T10:22:56.347
1085;Sjælland;2022-06-25;67;2025-02-25T10:22:56.347
1083;Syddanmark;2022-06-25;105;2025-02-25T10:22:56.347
1084;Hovedstaden;2022-06-26;675;2025-02-25T10:22:56.347
1082;Midtjylland;2022-06-26;346;2025-02-25T10:22:56.347
1081;Nordjylland;2022-06-26;111;2025-02-25T10:22:56.347
1085;Sjælland;2022-06-26;118;2025-02-25T10:22:56.347
1083;Syddanmark;2022-06-26;22;2025-02-25T10:22:56.347
1084;Hovedstaden;2022-06-27;865;2025-02-25T10:22:56.347
1082;Midtjylland;2022-06-27;449;2025-02-25T10:22:56.347
1081;Nordjylland;2022-06-27;237;2025-02-25T10:22:56.347
1085;Sjælland;2022-06-27;501;2025-02-25T10:22:56.347
1083;Syddanmark;2022-06-27;724;2025-02-25T10:22:56.347
1084;Hovedstaden;2022-06-28;750;2025-02-25T10:22:56.347
1082;Midtjylland;2022-06-28;469;2025-02-25T10:22:56.347
1081;Nordjylland;2022-06-28;155;2025-02-25T10:22:56.347
1085;Sjælland;2022-06-28;319;2025-02-25T10:22:56.347
1083;Syddanmark;2022-06-28;587;2025-02-25T10:22:56.347
1084;Hovedstaden;2022-06-29;672;2025-02-25T10:22:56.347
1082;Midtjylland;2022-06-29;436;2025-02-25T10:22:56.347
1081;Nordjylland;2022-06-29;201;2025-02-25T10:22:56.347
1085;Sjælland;2022-06-29;282;2025-02-25T10:22:56.347
1083;Syddanmark;2022-06-29;540;2025-02-25T10:22:56.347
1084;Hovedstaden;2022-06-30;600;2025-02-25T10:22:56.347
1082;Midtjylland;2022-06-30;365;2025-02-25T10:22:56.347
1081;Nordjylland;2022-06-30;136;2025-02-25T10:22:56.347
1085;Sjælland;2022-06-30;251;2025-02-25T10:22:56.347
1083;Syddanmark;2022-06-30;404;2025-02-25T10:22:56.347
1084;Hovedstaden;2022-07-01;506;2025-02-25T10:22:56.347
1082;Midtjylland;2022-07-01;337;2025-02-25T10:22:56.347
1081;Nordjylland;2022-07-01;177;2025-02-25T10:22:56.347
1085;Sjælland;2022-07-01;219;2025-02-25T10:22:56.347
1083;Syddanmark;2022-07-01;376;2025-02-25T10:22:56.347
1084;Hovedstaden;2022-07-02;413;2025-02-25T10:22:56.347
1082;Midtjylland;2022-07-02;255;2025-02-25T10:22:56.347
1081;Nordjylland;2022-07-02;101;2025-02-25T10:22:56.347
1085;Sjælland;2022-07-02;96;2025-02-25T10:22:56.347
1083;Syddanmark;2022-07-02;197;2025-02-25T10:22:56.347
1084;Hovedstaden;2022-07-03;562;2025-02-25T10:22:56.347
1082;Midtjylland;2022-07-03;279;2025-02-25T10:22:56.347
1081;Nordjylland;2022-07-03;96;2025-02-25T10:22:56.347
1085;Sjælland;2022-07-03;215;2025-02-25T10:22:56.347
1083;Syddanmark;2022-07-03;309;2025-02-25T10:22:56.347
1084;Hovedstaden;2022-07-04;934;2025-02-25T10:22:56.347
1082;Midtjylland;2022-07-04;449;2025-02-25T10:22:56.347
1081;Nordjylland;2022-07-04;238;2025-02-25T10:22:56.347
1085;Sjælland;2022-07-04;450;2025-02-25T10:22:56.347
1083;Syddanmark;2022-07-04;609;2025-02-25T10:22:56.347
1084;Hovedstaden;2022-07-05;1024;2025-02-25T10:22:56.347
1082;Midtjylland;2022-07-05;424;2025-02-25T10:22:56.347
1081;Nordjylland;2022-07-05;235;2025-02-25T10:22:56.347
1085;Sjælland;2022-07-05;509;2025-02-25T10:22:56.347
1083;Syddanmark;2022-07-05;523;2025-02-25T10:22:56.347
1084;Hovedstaden;2022-07-06;1006;2025-02-25T10:22:56.347
1082;Midtjylland;2022-07-06;424;2025-02-25T10:22:56.347
1081;Nordjylland;2022-07-06;329;2025-02-25T10:22:56.347
1085;Sjælland;2022-07-06;460;2025-02-25T10:22:56.347
1083;Syddanmark;2022-07-06;504;2025-02-25T10:22:56.347
1084;Hovedstaden;2022-07-07;864;2025-02-25T10:22:56.347
1082;Midtjylland;2022-07-07;418;2025-02-25T10:22:56.347
1081;Nordjylland;2022-07-07;240;2025-02-25T10:22:56.347
1085;Sjælland;2022-07-07;350;2025-02-25T10:22:56.347
1083;Syddanmark;2022-07-07;399;2025-02-25T10:22:56.347
1084;Hovedstaden;2022-07-08;775;2025-02-25T10:22:56.347
1082;Midtjylland;2022-07-08;384;2025-02-25T10:22:56.347
1081;Nordjylland;2022-07-08;291;2025-02-25T10:22:56.347
1085;Sjælland;2022-07-08;375;2025-02-25T10:22:56.347
1083;Syddanmark;2022-07-08;396;2025-02-25T10:22:56.347
1084;Hovedstaden;2022-07-09;607;2025-02-25T10:22:56.347
1082;Midtjylland;2022-07-09;282;2025-02-25T10:22:56.347
1081;Nordjylland;2022-07-09;132;2025-02-25T10:22:56.347
1085;Sjælland;2022-07-09;196;2025-02-25T10:22:56.347
1083;Syddanmark;2022-07-09;198;2025-02-25T10:22:56.347
1084;Hovedstaden;2022-07-10;683;2025-02-25T10:22:56.347
1082;Midtjylland;2022-07-10;361;2025-02-25T10:22:56.347
1081;Nordjylland;2022-07-10;158;2025-02-25T10:22:56.347
1085;Sjælland;2022-07-10;283;2025-02-25T10:22:56.347
1083;Syddanmark;2022-07-10;412;2025-02-25T10:22:56.347
1084;Hovedstaden;2022-07-11;927;2025-02-25T10:22:56.347
1082;Midtjylland;2022-07-11;498;2025-02-25T10:22:56.347
1081;Nordjylland;2022-07-11;314;2025-02-25T10:22:56.347
1085;Sjælland;2022-07-11;611;2025-02-25T10:22:56.347
1083;Syddanmark;2022-07-11;580;2025-02-25T10:22:56.347
1084;Hovedstaden;2022-07-12;842;2025-02-25T10:22:56.347
1082;Midtjylland;2022-07-12;442;2025-02-25T10:22:56.347
1081;Nordjylland;2022-07-12;226;2025-02-25T10:22:56.347
1085;Sjælland;2022-07-12;436;2025-02-25T10:22:56.347
1083;Syddanmark;2022-07-12;545;2025-02-25T10:22:56.347
1084;Hovedstaden;2022-07-13;778;2025-02-25T10:22:56.347
1082;Midtjylland;2022-07-13;427;2025-02-25T10:22:56.347
1081;Nordjylland;2022-07-13;282;2025-02-25T10:22:56.347
1085;Sjælland;2022-07-13;475;2025-02-25T10:22:56.347
1083;Syddanmark;2022-07-13;487;2025-02-25T10:22:56.347
1084;Hovedstaden;2022-07-14;733;2025-02-25T10:22:56.347
1082;Midtjylland;2022-07-14;401;2025-02-25T10:22:56.347
1081;Nordjylland;2022-07-14;203;2025-02-25T10:22:56.347
1085;Sjælland;2022-07-14;411;2025-02-25T10:22:56.347
1083;Syddanmark;2022-07-14;390;2025-02-25T10:22:56.347
1084;Hovedstaden;2022-07-15;694;2025-02-25T10:22:56.347
1082;Midtjylland;2022-07-15;429;2025-02-25T10:22:56.347
1081;Nordjylland;2022-07-15;228;2025-02-25T10:22:56.347
1085;Sjælland;2022-07-15;370;2025-02-25T10:22:56.347
1083;Syddanmark;2022-07-15;447;2025-02-25T10:22:56.347
1084;Hovedstaden;2022-07-16;573;2025-02-25T10:22:56.347
1082;Midtjylland;2022-07-16;336;2025-02-25T10:22:56.347
1081;Nordjylland;2022-07-16;126;2025-02-25T10:22:56.347
1085;Sjælland;2022-07-16;191;2025-02-25T10:22:56.347
1083;Syddanmark;2022-07-16;156;2025-02-25T10:22:56.347
1084;Hovedstaden;2022-07-17;597;2025-02-25T10:22:56.347
1082;Midtjylland;2022-07-17;407;2025-02-25T10:22:56.347
1081;Nordjylland;2022-07-17;141;2025-02-25T10:22:56.347
1085;Sjælland;2022-07-17;319;2025-02-25T10:22:56.347
1083;Syddanmark;2022-07-17;419;2025-02-25T10:22:56.347
1084;Hovedstaden;2022-07-18;778;2025-02-25T10:22:56.347
1082;Midtjylland;2022-07-18;586;2025-02-25T10:22:56.347
1081;Nordjylland;2022-07-18;309;2025-02-25T10:22:56.347
1085;Sjælland;2022-07-18;473;2025-02-25T10:22:56.347
1083;Syddanmark;2022-07-18;629;2025-02-25T10:22:56.347
1084;Hovedstaden;2022-07-19;637;2025-02-25T10:22:56.347
1082;Midtjylland;2022-07-19;439;2025-02-25T10:22:56.347
1081;Nordjylland;2022-07-19;202;2025-02-25T10:22:56.347
1085;Sjælland;2022-07-19;413;2025-02-25T10:22:56.347
1083;Syddanmark;2022-07-19;519;2025-02-25T10:22:56.347
1084;Hovedstaden;2022-07-20;684;2025-02-25T10:22:56.347
1082;Midtjylland;2022-07-20;375;2025-02-25T10:22:56.347
1081;Nordjylland;2022-07-20;214;2025-02-25T10:22:56.347
1085;Sjælland;2022-07-20;373;2025-02-25T10:22:56.347
1083;Syddanmark;2022-07-20;385;2025-02-25T10:22:56.347
1084;Hovedstaden;2022-07-21;604;2025-02-25T10:22:56.347
1082;Midtjylland;2022-07-21;367;2025-02-25T10:22:56.347
1081;Nordjylland;2022-07-21;182;2025-02-25T10:22:56.347
1085;Sjælland;2022-07-21;364;2025-02-25T10:22:56.347
1083;Syddanmark;2022-07-21;349;2025-02-25T10:22:56.347
1084;Hovedstaden;2022-07-22;544;2025-02-25T10:22:56.347
1082;Midtjylland;2022-07-22;396;2025-02-25T10:22:56.347
1081;Nordjylland;2022-07-22;200;2025-02-25T10:22:56.347
1085;Sjælland;2022-07-22;318;2025-02-25T10:22:56.347
1083;Syddanmark;2022-07-22;347;2025-02-25T10:22:56.347
1084;Hovedstaden;2022-07-23;499;2025-02-25T10:22:56.347
1082;Midtjylland;2022-07-23;268;2025-02-25T10:22:56.347
1081;Nordjylland;2022-07-23;100;2025-02-25T10:22:56.347
1085;Sjælland;2022-07-23;136;2025-02-25T10:22:56.347
1083;Syddanmark;2022-07-23;139;2025-02-25T10:22:56.347
1084;Hovedstaden;2022-07-24;445;2025-02-25T10:22:56.347
1082;Midtjylland;2022-07-24;318;2025-02-25T10:22:56.347
1081;Nordjylland;2022-07-24;103;2025-02-25T10:22:56.347
1085;Sjælland;2022-07-24;224;2025-02-25T10:22:56.347
1083;Syddanmark;2022-07-24;311;2025-02-25T10:22:56.347
1084;Hovedstaden;2022-07-25;575;2025-02-25T10:22:56.347
1082;Midtjylland;2022-07-25;430;2025-02-25T10:22:56.347
1081;Nordjylland;2022-07-25;203;2025-02-25T10:22:56.347
1085;Sjælland;2022-07-25;333;2025-02-25T10:22:56.347
1083;Syddanmark;2022-07-25;528;2025-02-25T10:22:56.347
1084;Hovedstaden;2022-07-26;513;2025-02-25T10:22:56.347
1082;Midtjylland;2022-07-26;399;2025-02-25T10:22:56.347
1081;Nordjylland;2022-07-26;146;2025-02-25T10:22:56.347
1085;Sjælland;2022-07-26;311;2025-02-25T10:22:56.347
1083;Syddanmark;2022-07-26;426;2025-02-25T10:22:56.347
1084;Hovedstaden;2022-07-27;454;2025-02-25T10:22:56.347
1082;Midtjylland;2022-07-27;355;2025-02-25T10:22:56.347
1081;Nordjylland;2022-07-27;151;2025-02-25T10:22:56.347
1085;Sjælland;2022-07-27;248;2025-02-25T10:22:56.347
1083;Syddanmark;2022-07-27;324;2025-02-25T10:22:56.347
1084;Hovedstaden;2022-07-28;418;2025-02-25T10:22:56.347
1082;Midtjylland;2022-07-28;335;2025-02-25T10:22:56.347
1081;Nordjylland;2022-07-28;108;2025-02-25T10:22:56.347
1085;Sjælland;2022-07-28;246;2025-02-25T10:22:56.347
1083;Syddanmark;2022-07-28;275;2025-02-25T10:22:56.347
1084;Hovedstaden;2022-07-29;381;2025-02-25T10:22:56.347
1082;Midtjylland;2022-07-29;299;2025-02-25T10:22:56.347
1081;Nordjylland;2022-07-29;139;2025-02-25T10:22:56.347
1085;Sjælland;2022-07-29;212;2025-02-25T10:22:56.347
1083;Syddanmark;2022-07-29;306;2025-02-25T10:22:56.347
1084;Hovedstaden;2022-07-30;397;2025-02-25T10:22:56.347
1082;Midtjylland;2022-07-30;278;2025-02-25T10:22:56.347
1081;Nordjylland;2022-07-30;84;2025-02-25T10:22:56.347
1085;Sjælland;2022-07-30;160;2025-02-25T10:22:56.347
1083;Syddanmark;2022-07-30;179;2025-02-25T10:22:56.347
1084;Hovedstaden;2022-07-31;439;2025-02-25T10:22:56.347
1082;Midtjylland;2022-07-31;352;2025-02-25T10:22:56.347
1081;Nordjylland;2022-07-31;131;2025-02-25T10:22:56.347
1085;Sjælland;2022-07-31;230;2025-02-25T10:22:56.347
1083;Syddanmark;2022-07-31;297;2025-02-25T10:22:56.347
1084;Hovedstaden;2022-08-01;542;2025-02-25T10:22:56.347
1082;Midtjylland;2022-08-01;402;2025-02-25T10:22:56.347
1081;Nordjylland;2022-08-01;201;2025-02-25T10:22:56.347
1085;Sjælland;2022-08-01;383;2025-02-25T10:22:56.347
1083;Syddanmark;2022-08-01;454;2025-02-25T10:22:56.347
1084;Hovedstaden;2022-08-02;525;2025-02-25T10:22:56.347
1082;Midtjylland;2022-08-02;361;2025-02-25T10:22:56.347
1081;Nordjylland;2022-08-02;133;2025-02-25T10:22:56.347
1085;Sjælland;2022-08-02;316;2025-02-25T10:22:56.347
1083;Syddanmark;2022-08-02;457;2025-02-25T10:22:56.347
1084;Hovedstaden;2022-08-03;465;2025-02-25T10:22:56.347
1082;Midtjylland;2022-08-03;361;2025-02-25T10:22:56.347
1081;Nordjylland;2022-08-03;167;2025-02-25T10:22:56.347
1085;Sjælland;2022-08-03;316;2025-02-25T10:22:56.347
1083;Syddanmark;2022-08-03;369;2025-02-25T10:22:56.347
1084;Hovedstaden;2022-08-04;381;2025-02-25T10:22:56.347
1082;Midtjylland;2022-08-04;327;2025-02-25T10:22:56.347
1081;Nordjylland;2022-08-04;137;2025-02-25T10:22:56.347
1085;Sjælland;2022-08-04;261;2025-02-25T10:22:56.347
1083;Syddanmark;2022-08-04;253;2025-02-25T10:22:56.347
1084;Hovedstaden;2022-08-05;350;2025-02-25T10:22:56.347
1082;Midtjylland;2022-08-05;280;2025-02-25T10:22:56.347
1081;Nordjylland;2022-08-05;150;2025-02-25T10:22:56.347
1085;Sjælland;2022-08-05;223;2025-02-25T10:22:56.347
1083;Syddanmark;2022-08-05;304;2025-02-25T10:22:56.347
1084;Hovedstaden;2022-08-06;337;2025-02-25T10:22:56.347
1082;Midtjylland;2022-08-06;204;2025-02-25T10:22:56.347
1081;Nordjylland;2022-08-06;87;2025-02-25T10:22:56.347
1085;Sjælland;2022-08-06;144;2025-02-25T10:22:56.347
1083;Syddanmark;2022-08-06;156;2025-02-25T10:22:56.347
1084;Hovedstaden;2022-08-07;358;2025-02-25T10:22:56.347
1082;Midtjylland;2022-08-07;297;2025-02-25T10:22:56.347
1081;Nordjylland;2022-08-07;105;2025-02-25T10:22:56.347
1085;Sjælland;2022-08-07;179;2025-02-25T10:22:56.347
1083;Syddanmark;2022-08-07;295;2025-02-25T10:22:56.347
1084;Hovedstaden;2022-08-08;455;2025-02-25T10:22:56.347
1082;Midtjylland;2022-08-08;491;2025-02-25T10:22:56.347
1081;Nordjylland;2022-08-08;216;2025-02-25T10:22:56.347
1085;Sjælland;2022-08-08;309;2025-02-25T10:22:56.347
1083;Syddanmark;2022-08-08;490;2025-02-25T10:22:56.347
1084;Hovedstaden;2022-08-09;549;2025-02-25T10:22:56.347
1082;Midtjylland;2022-08-09;595;2025-02-25T10:22:56.347
1081;Nordjylland;2022-08-09;200;2025-02-25T10:22:56.347
1085;Sjælland;2022-08-09;308;2025-02-25T10:22:56.347
1083;Syddanmark;2022-08-09;485;2025-02-25T10:22:56.347
1084;Hovedstaden;2022-08-10;538;2025-02-25T10:22:56.347
1082;Midtjylland;2022-08-10;640;2025-02-25T10:22:56.347
1081;Nordjylland;2022-08-10;218;2025-02-25T10:22:56.347
1085;Sjælland;2022-08-10;345;2025-02-25T10:22:56.347
1083;Syddanmark;2022-08-10;403;2025-02-25T10:22:56.347
1084;Hovedstaden;2022-08-11;506;2025-02-25T10:22:56.347
1082;Midtjylland;2022-08-11;594;2025-02-25T10:22:56.347
1081;Nordjylland;2022-08-11;164;2025-02-25T10:22:56.347
1085;Sjælland;2022-08-11;260;2025-02-25T10:22:56.347
1083;Syddanmark;2022-08-11;304;2025-02-25T10:22:56.347
1084;Hovedstaden;2022-08-12;394;2025-02-25T10:22:56.347
1082;Midtjylland;2022-08-12;483;2025-02-25T10:22:56.347
1081;Nordjylland;2022-08-12;177;2025-02-25T10:22:56.347
1085;Sjælland;2022-08-12;258;2025-02-25T10:22:56.347
1083;Syddanmark;2022-08-12;350;2025-02-25T10:22:56.347
1084;Hovedstaden;2022-08-13;304;2025-02-25T10:22:56.347
1082;Midtjylland;2022-08-13;354;2025-02-25T10:22:56.347
1081;Nordjylland;2022-08-13;107;2025-02-25T10:22:56.347
1085;Sjælland;2022-08-13;142;2025-02-25T10:22:56.347
1083;Syddanmark;2022-08-13;179;2025-02-25T10:22:56.347
1084;Hovedstaden;2022-08-14;314;2025-02-25T10:22:56.347
1082;Midtjylland;2022-08-14;385;2025-02-25T10:22:56.347
1081;Nordjylland;2022-08-14;112;2025-02-25T10:22:56.347
1085;Sjælland;2022-08-14;205;2025-02-25T10:22:56.347
1083;Syddanmark;2022-08-14;253;2025-02-25T10:22:56.347
1084;Hovedstaden;2022-08-15;466;2025-02-25T10:22:56.347
1082;Midtjylland;2022-08-15;542;2025-02-25T10:22:56.347
1081;Nordjylland;2022-08-15;191;2025-02-25T10:22:56.347
1085;Sjælland;2022-08-15;286;2025-02-25T10:22:56.347
1083;Syddanmark;2022-08-15;430;2025-02-25T10:22:56.347
1084;Hovedstaden;2022-08-16;415;2025-02-25T10:22:56.347
1082;Midtjylland;2022-08-16;428;2025-02-25T10:22:56.347
1081;Nordjylland;2022-08-16;140;2025-02-25T10:22:56.347
1085;Sjælland;2022-08-16;251;2025-02-25T10:22:56.347
1083;Syddanmark;2022-08-16;376;2025-02-25T10:22:56.347
1084;Hovedstaden;2022-08-17;327;2025-02-25T10:22:56.347
1082;Midtjylland;2022-08-17;391;2025-02-25T10:22:56.347
1081;Nordjylland;2022-08-17;139;2025-02-25T10:22:56.347
1085;Sjælland;2022-08-17;265;2025-02-25T10:22:56.347
1083;Syddanmark;2022-08-17;322;2025-02-25T10:22:56.347
1084;Hovedstaden;2022-08-18;302;2025-02-25T10:22:56.347
1082;Midtjylland;2022-08-18;306;2025-02-25T10:22:56.347
1081;Nordjylland;2022-08-18;107;2025-02-25T10:22:56.347
1085;Sjælland;2022-08-18;215;2025-02-25T10:22:56.347
1083;Syddanmark;2022-08-18;240;2025-02-25T10:22:56.347
1084;Hovedstaden;2022-08-19;236;2025-02-25T10:22:56.347
1082;Midtjylland;2022-08-19;266;2025-02-25T10:22:56.347
1081;Nordjylland;2022-08-19;116;2025-02-25T10:22:56.347
1085;Sjælland;2022-08-19;221;2025-02-25T10:22:56.347
1083;Syddanmark;2022-08-19;225;2025-02-25T10:22:56.347
1084;Hovedstaden;2022-08-20;231;2025-02-25T10:22:56.347
1082;Midtjylland;2022-08-20;224;2025-02-25T10:22:56.347
1081;Nordjylland;2022-08-20;79;2025-02-25T10:22:56.347
1085;Sjælland;2022-08-20;69;2025-02-25T10:22:56.347
1083;Syddanmark;2022-08-20;101;2025-02-25T10:22:56.347
1084;Hovedstaden;2022-08-21;213;2025-02-25T10:22:56.347
1082;Midtjylland;2022-08-21;253;2025-02-25T10:22:56.347
1081;Nordjylland;2022-08-21;91;2025-02-25T10:22:56.347
1085;Sjælland;2022-08-21;125;2025-02-25T10:22:56.347
1083;Syddanmark;2022-08-21;198;2025-02-25T10:22:56.347
1084;Hovedstaden;2022-08-22;298;2025-02-25T10:22:56.347
1082;Midtjylland;2022-08-22;309;2025-02-25T10:22:56.347
1081;Nordjylland;2022-08-22;173;2025-02-25T10:22:56.347
1085;Sjælland;2022-08-22;124;2025-02-25T10:22:56.347
1083;Syddanmark;2022-08-22;265;2025-02-25T10:22:56.347
1084;Hovedstaden;2022-08-23;238;2025-02-25T10:22:56.347
1082;Midtjylland;2022-08-23;312;2025-02-25T10:22:56.347
1081;Nordjylland;2022-08-23;112;2025-02-25T10:22:56.347
1085;Sjælland;2022-08-23;174;2025-02-25T10:22:56.347
1083;Syddanmark;2022-08-23;231;2025-02-25T10:22:56.347
1084;Hovedstaden;2022-08-24;274;2025-02-25T10:22:56.347
1082;Midtjylland;2022-08-24;317;2025-02-25T10:22:56.347
1081;Nordjylland;2022-08-24;137;2025-02-25T10:22:56.347
1085;Sjælland;2022-08-24;184;2025-02-25T10:22:56.347
1083;Syddanmark;2022-08-24;221;2025-02-25T10:22:56.347
1084;Hovedstaden;2022-08-25;211;2025-02-25T10:22:56.347
1082;Midtjylland;2022-08-25;255;2025-02-25T10:22:56.347
1081;Nordjylland;2022-08-25;111;2025-02-25T10:22:56.347
1085;Sjælland;2022-08-25;162;2025-02-25T10:22:56.347
1083;Syddanmark;2022-08-25;143;2025-02-25T10:22:56.347
1084;Hovedstaden;2022-08-26;209;2025-02-25T10:22:56.347
1082;Midtjylland;2022-08-26;239;2025-02-25T10:22:56.347
1081;Nordjylland;2022-08-26;137;2025-02-25T10:22:56.347
1085;Sjælland;2022-08-26;134;2025-02-25T10:22:56.347
1083;Syddanmark;2022-08-26;173;2025-02-25T10:22:56.347
1084;Hovedstaden;2022-08-27;170;2025-02-25T10:22:56.347
1082;Midtjylland;2022-08-27;173;2025-02-25T10:22:56.347
1081;Nordjylland;2022-08-27;77;2025-02-25T10:22:56.347
1085;Sjælland;2022-08-27;63;2025-02-25T10:22:56.347
1083;Syddanmark;2022-08-27;92;2025-02-25T10:22:56.347
1084;Hovedstaden;2022-08-28;151;2025-02-25T10:22:56.347
1082;Midtjylland;2022-08-28;174;2025-02-25T10:22:56.347
1081;Nordjylland;2022-08-28;74;2025-02-25T10:22:56.347
1085;Sjælland;2022-08-28;100;2025-02-25T10:22:56.347
1083;Syddanmark;2022-08-28;139;2025-02-25T10:22:56.347
1084;Hovedstaden;2022-08-29;270;2025-02-25T10:22:56.347
1082;Midtjylland;2022-08-29;221;2025-02-25T10:22:56.347
1081;Nordjylland;2022-08-29;126;2025-02-25T10:22:56.347
1085;Sjælland;2022-08-29;152;2025-02-25T10:22:56.347
1083;Syddanmark;2022-08-29;228;2025-02-25T10:22:56.347
1084;Hovedstaden;2022-08-30;167;2025-02-25T10:22:56.347
1082;Midtjylland;2022-08-30;211;2025-02-25T10:22:56.347
1081;Nordjylland;2022-08-30;77;2025-02-25T10:22:56.347
1085;Sjælland;2022-08-30;111;2025-02-25T10:22:56.347
1083;Syddanmark;2022-08-30;181;2025-02-25T10:22:56.347
1084;Hovedstaden;2022-08-31;203;2025-02-25T10:22:56.347
1082;Midtjylland;2022-08-31;234;2025-02-25T10:22:56.347
1081;Nordjylland;2022-08-31;89;2025-02-25T10:22:56.347
1085;Sjælland;2022-08-31;131;2025-02-25T10:22:56.347
1083;Syddanmark;2022-08-31;118;2025-02-25T10:22:56.347
1084;Hovedstaden;2022-09-01;165;2025-02-25T10:22:56.347
1082;Midtjylland;2022-09-01;196;2025-02-25T10:22:56.347
1081;Nordjylland;2022-09-01;56;2025-02-25T10:22:56.347
1085;Sjælland;2022-09-01;124;2025-02-25T10:22:56.347
1083;Syddanmark;2022-09-01;128;2025-02-25T10:22:56.347
1084;Hovedstaden;2022-09-02;209;2025-02-25T10:22:56.347
1082;Midtjylland;2022-09-02;179;2025-02-25T10:22:56.347
1081;Nordjylland;2022-09-02;63;2025-02-25T10:22:56.347
1085;Sjælland;2022-09-02;94;2025-02-25T10:22:56.347
1083;Syddanmark;2022-09-02;148;2025-02-25T10:22:56.347
1084;Hovedstaden;2022-09-03;170;2025-02-25T10:22:56.347
1082;Midtjylland;2022-09-03;134;2025-02-25T10:22:56.347
1081;Nordjylland;2022-09-03;40;2025-02-25T10:22:56.347
1085;Sjælland;2022-09-03;47;2025-02-25T10:22:56.347
1083;Syddanmark;2022-09-03;73;2025-02-25T10:22:56.347
1084;Hovedstaden;2022-09-04;168;2025-02-25T10:22:56.347
1082;Midtjylland;2022-09-04;154;2025-02-25T10:22:56.347
1081;Nordjylland;2022-09-04;53;2025-02-25T10:22:56.347
1085;Sjælland;2022-09-04;96;2025-02-25T10:22:56.347
1083;Syddanmark;2022-09-04;82;2025-02-25T10:22:56.347
1084;Hovedstaden;2022-09-05;255;2025-02-25T10:22:56.347
1082;Midtjylland;2022-09-05;251;2025-02-25T10:22:56.347
1081;Nordjylland;2022-09-05;101;2025-02-25T10:22:56.347
1085;Sjælland;2022-09-05;183;2025-02-25T10:22:56.347
1083;Syddanmark;2022-09-05;263;2025-02-25T10:22:56.347
1084;Hovedstaden;2022-09-06;248;2025-02-25T10:22:56.347
1082;Midtjylland;2022-09-06;199;2025-02-25T10:22:56.347
1081;Nordjylland;2022-09-06;88;2025-02-25T10:22:56.347
1085;Sjælland;2022-09-06;130;2025-02-25T10:22:56.347
1083;Syddanmark;2022-09-06;200;2025-02-25T10:22:56.347
1084;Hovedstaden;2022-09-07;254;2025-02-25T10:22:56.347
1082;Midtjylland;2022-09-07;221;2025-02-25T10:22:56.347
1081;Nordjylland;2022-09-07;84;2025-02-25T10:22:56.347
1085;Sjælland;2022-09-07;142;2025-02-25T10:22:56.347
1083;Syddanmark;2022-09-07;177;2025-02-25T10:22:56.347
1084;Hovedstaden;2022-09-08;251;2025-02-25T10:22:56.347
1082;Midtjylland;2022-09-08;191;2025-02-25T10:22:56.347
1081;Nordjylland;2022-09-08;90;2025-02-25T10:22:56.347
1085;Sjælland;2022-09-08;158;2025-02-25T10:22:56.347
1083;Syddanmark;2022-09-08;137;2025-02-25T10:22:56.347
1084;Hovedstaden;2022-09-09;206;2025-02-25T10:22:56.347
1082;Midtjylland;2022-09-09;144;2025-02-25T10:22:56.347
1081;Nordjylland;2022-09-09;82;2025-02-25T10:22:56.347
1085;Sjælland;2022-09-09;117;2025-02-25T10:22:56.347
1083;Syddanmark;2022-09-09;117;2025-02-25T10:22:56.347
1084;Hovedstaden;2022-09-10;152;2025-02-25T10:22:56.347
1082;Midtjylland;2022-09-10;141;2025-02-25T10:22:56.347
1081;Nordjylland;2022-09-10;52;2025-02-25T10:22:56.347
1085;Sjælland;2022-09-10;66;2025-02-25T10:22:56.347
1083;Syddanmark;2022-09-10;81;2025-02-25T10:22:56.347
1084;Hovedstaden;2022-09-11;186;2025-02-25T10:22:56.347
1082;Midtjylland;2022-09-11;141;2025-02-25T10:22:56.347
1081;Nordjylland;2022-09-11;61;2025-02-25T10:22:56.347
1085;Sjælland;2022-09-11;79;2025-02-25T10:22:56.347
1083;Syddanmark;2022-09-11;145;2025-02-25T10:22:56.347
1084;Hovedstaden;2022-09-12;283;2025-02-25T10:22:56.347
1082;Midtjylland;2022-09-12;201;2025-02-25T10:22:56.347
1081;Nordjylland;2022-09-12;119;2025-02-25T10:22:56.347
1085;Sjælland;2022-09-12;187;2025-02-25T10:22:56.347
1083;Syddanmark;2022-09-12;212;2025-02-25T10:22:56.347
1084;Hovedstaden;2022-09-13;237;2025-02-25T10:22:56.347
1082;Midtjylland;2022-09-13;176;2025-02-25T10:22:56.347
1081;Nordjylland;2022-09-13;100;2025-02-25T10:22:56.347
1085;Sjælland;2022-09-13;158;2025-02-25T10:22:56.347
1083;Syddanmark;2022-09-13;221;2025-02-25T10:22:56.347
1084;Hovedstaden;2022-09-14;223;2025-02-25T10:22:56.347
1082;Midtjylland;2022-09-14;151;2025-02-25T10:22:56.347
1081;Nordjylland;2022-09-14;111;2025-02-25T10:22:56.347
1085;Sjælland;2022-09-14;163;2025-02-25T10:22:56.347
1083;Syddanmark;2022-09-14;162;2025-02-25T10:22:56.347
1084;Hovedstaden;2022-09-15;237;2025-02-25T10:22:56.347
1082;Midtjylland;2022-09-15;126;2025-02-25T10:22:56.347
1081;Nordjylland;2022-09-15;94;2025-02-25T10:22:56.347
1085;Sjælland;2022-09-15;164;2025-02-25T10:22:56.347
1083;Syddanmark;2022-09-15;182;2025-02-25T10:22:56.347
1084;Hovedstaden;2022-09-16;198;2025-02-25T10:22:56.347
1082;Midtjylland;2022-09-16;153;2025-02-25T10:22:56.347
1081;Nordjylland;2022-09-16;105;2025-02-25T10:22:56.347
1085;Sjælland;2022-09-16;108;2025-02-25T10:22:56.347
1083;Syddanmark;2022-09-16;131;2025-02-25T10:22:56.347
1084;Hovedstaden;2022-09-17;153;2025-02-25T10:22:56.347
1082;Midtjylland;2022-09-17;104;2025-02-25T10:22:56.347
1081;Nordjylland;2022-09-17;57;2025-02-25T10:22:56.347
1085;Sjælland;2022-09-17;54;2025-02-25T10:22:56.347
1083;Syddanmark;2022-09-17;56;2025-02-25T10:22:56.347
1084;Hovedstaden;2022-09-18;157;2025-02-25T10:22:56.347
1082;Midtjylland;2022-09-18;156;2025-02-25T10:22:56.347
1081;Nordjylland;2022-09-18;36;2025-02-25T10:22:56.347
1085;Sjælland;2022-09-18;99;2025-02-25T10:22:56.347
1083;Syddanmark;2022-09-18;144;2025-02-25T10:22:56.347
1084;Hovedstaden;2022-09-19;262;2025-02-25T10:22:56.347
1082;Midtjylland;2022-09-19;235;2025-02-25T10:22:56.347
1081;Nordjylland;2022-09-19;124;2025-02-25T10:22:56.347
1085;Sjælland;2022-09-19;188;2025-02-25T10:22:56.347
1083;Syddanmark;2022-09-19;244;2025-02-25T10:22:56.347
1084;Hovedstaden;2022-09-20;245;2025-02-25T10:22:56.347
1082;Midtjylland;2022-09-20;219;2025-02-25T10:22:56.347
1081;Nordjylland;2022-09-20;83;2025-02-25T10:22:56.347
1085;Sjælland;2022-09-20;203;2025-02-25T10:22:56.347
1083;Syddanmark;2022-09-20;245;2025-02-25T10:22:56.347
1084;Hovedstaden;2022-09-21;278;2025-02-25T10:22:56.347
1082;Midtjylland;2022-09-21;255;2025-02-25T10:22:56.347
1081;Nordjylland;2022-09-21;112;2025-02-25T10:22:56.347
1085;Sjælland;2022-09-21;226;2025-02-25T10:22:56.347
1083;Syddanmark;2022-09-21;237;2025-02-25T10:22:56.347
1084;Hovedstaden;2022-09-22;305;2025-02-25T10:22:56.347
1082;Midtjylland;2022-09-22;234;2025-02-25T10:22:56.347
1081;Nordjylland;2022-09-22;112;2025-02-25T10:22:56.347
1085;Sjælland;2022-09-22;223;2025-02-25T10:22:56.347
1083;Syddanmark;2022-09-22;225;2025-02-25T10:22:56.347
1084;Hovedstaden;2022-09-23;289;2025-02-25T10:22:56.347
1082;Midtjylland;2022-09-23;228;2025-02-25T10:22:56.347
1081;Nordjylland;2022-09-23;101;2025-02-25T10:22:56.347
1085;Sjælland;2022-09-23;187;2025-02-25T10:22:56.347
1083;Syddanmark;2022-09-23;186;2025-02-25T10:22:56.347
1084;Hovedstaden;2022-09-24;226;2025-02-25T10:22:56.347
1082;Midtjylland;2022-09-24;185;2025-02-25T10:22:56.347
1081;Nordjylland;2022-09-24;72;2025-02-25T10:22:56.347
1085;Sjælland;2022-09-24;86;2025-02-25T10:22:56.347
1083;Syddanmark;2022-09-24;136;2025-02-25T10:22:56.347
1084;Hovedstaden;2022-09-25;312;2025-02-25T10:22:56.347
1082;Midtjylland;2022-09-25;216;2025-02-25T10:22:56.347
1081;Nordjylland;2022-09-25;72;2025-02-25T10:22:56.347
1085;Sjælland;2022-09-25;135;2025-02-25T10:22:56.347
1083;Syddanmark;2022-09-25;243;2025-02-25T10:22:56.347
1084;Hovedstaden;2022-09-26;426;2025-02-25T10:22:56.347
1082;Midtjylland;2022-09-26;346;2025-02-25T10:22:56.347
1081;Nordjylland;2022-09-26;150;2025-02-25T10:22:56.347
1085;Sjælland;2022-09-26;282;2025-02-25T10:22:56.347
1083;Syddanmark;2022-09-26;370;2025-02-25T10:22:56.347
1084;Hovedstaden;2022-09-27;362;2025-02-25T10:22:56.347
1082;Midtjylland;2022-09-27;302;2025-02-25T10:22:56.347
1081;Nordjylland;2022-09-27;98;2025-02-25T10:22:56.347
1085;Sjælland;2022-09-27;298;2025-02-25T10:22:56.347
1083;Syddanmark;2022-09-27;371;2025-02-25T10:22:56.347
1084;Hovedstaden;2022-09-28;315;2025-02-25T10:22:56.347
1082;Midtjylland;2022-09-28;292;2025-02-25T10:22:56.347
1081;Nordjylland;2022-09-28;139;2025-02-25T10:22:56.347
1085;Sjælland;2022-09-28;195;2025-02-25T10:22:56.347
1083;Syddanmark;2022-09-28;321;2025-02-25T10:22:56.347
1084;Hovedstaden;2022-09-29;346;2025-02-25T10:22:56.347
1082;Midtjylland;2022-09-29;272;2025-02-25T10:22:56.347
1081;Nordjylland;2022-09-29;115;2025-02-25T10:22:56.347
1085;Sjælland;2022-09-29;248;2025-02-25T10:22:56.347
1083;Syddanmark;2022-09-29;286;2025-02-25T10:22:56.347
1084;Hovedstaden;2022-09-30;295;2025-02-25T10:22:56.347
1082;Midtjylland;2022-09-30;227;2025-02-25T10:22:56.347
1081;Nordjylland;2022-09-30;136;2025-02-25T10:22:56.347
1085;Sjælland;2022-09-30;199;2025-02-25T10:22:56.347
1083;Syddanmark;2022-09-30;243;2025-02-25T10:22:56.347
1084;Hovedstaden;2022-10-01;235;2025-02-25T10:22:56.347
1082;Midtjylland;2022-10-01;234;2025-02-25T10:22:56.347
1081;Nordjylland;2022-10-01;72;2025-02-25T10:22:56.347
1085;Sjælland;2022-10-01;106;2025-02-25T10:22:56.347
1083;Syddanmark;2022-10-01;189;2025-02-25T10:22:56.347
1084;Hovedstaden;2022-10-02;260;2025-02-25T10:22:56.347
1082;Midtjylland;2022-10-02;238;2025-02-25T10:22:56.347
1081;Nordjylland;2022-10-02;73;2025-02-25T10:22:56.347
1085;Sjælland;2022-10-02;131;2025-02-25T10:22:56.347
1083;Syddanmark;2022-10-02;303;2025-02-25T10:22:56.347
1084;Hovedstaden;2022-10-03;410;2025-02-25T10:22:56.347
1082;Midtjylland;2022-10-03;333;2025-02-25T10:22:56.347
1081;Nordjylland;2022-10-03;182;2025-02-25T10:22:56.347
1085;Sjælland;2022-10-03;332;2025-02-25T10:22:56.347
1083;Syddanmark;2022-10-03;491;2025-02-25T10:22:56.347
1084;Hovedstaden;2022-10-04;381;2025-02-25T10:22:56.347
1082;Midtjylland;2022-10-04;357;2025-02-25T10:22:56.347
1081;Nordjylland;2022-10-04;127;2025-02-25T10:22:56.347
1085;Sjælland;2022-10-04;274;2025-02-25T10:22:56.347
1083;Syddanmark;2022-10-04;426;2025-02-25T10:22:56.347
1084;Hovedstaden;2022-10-05;388;2025-02-25T10:22:56.347
1082;Midtjylland;2022-10-05;336;2025-02-25T10:22:56.347
1081;Nordjylland;2022-10-05;135;2025-02-25T10:22:56.347
1085;Sjælland;2022-10-05;253;2025-02-25T10:22:56.347
1083;Syddanmark;2022-10-05;417;2025-02-25T10:22:56.347
1084;Hovedstaden;2022-10-06;312;2025-02-25T10:22:56.347
1082;Midtjylland;2022-10-06;339;2025-02-25T10:22:56.347
1081;Nordjylland;2022-10-06;111;2025-02-25T10:22:56.347
1085;Sjælland;2022-10-06;226;2025-02-25T10:22:56.347
1083;Syddanmark;2022-10-06;313;2025-02-25T10:22:56.347
1084;Hovedstaden;2022-10-07;305;2025-02-25T10:22:56.347
1082;Midtjylland;2022-10-07;293;2025-02-25T10:22:56.347
1081;Nordjylland;2022-10-07;134;2025-02-25T10:22:56.347
1085;Sjælland;2022-10-07;214;2025-02-25T10:22:56.347
1083;Syddanmark;2022-10-07;313;2025-02-25T10:22:56.347
1084;Hovedstaden;2022-10-08;234;2025-02-25T10:22:56.347
1082;Midtjylland;2022-10-08;256;2025-02-25T10:22:56.347
1081;Nordjylland;2022-10-08;86;2025-02-25T10:22:56.347
1085;Sjælland;2022-10-08;154;2025-02-25T10:22:56.347
1083;Syddanmark;2022-10-08;179;2025-02-25T10:22:56.347
1084;Hovedstaden;2022-10-09;258;2025-02-25T10:22:56.347
1082;Midtjylland;2022-10-09;285;2025-02-25T10:22:56.347
1081;Nordjylland;2022-10-09;89;2025-02-25T10:22:56.347
1085;Sjælland;2022-10-09;206;2025-02-25T10:22:56.347
1083;Syddanmark;2022-10-09;330;2025-02-25T10:22:56.347
1084;Hovedstaden;2022-10-10;367;2025-02-25T10:22:56.347
1082;Midtjylland;2022-10-10;387;2025-02-25T10:22:56.347
1081;Nordjylland;2022-10-10;192;2025-02-25T10:22:56.347
1085;Sjælland;2022-10-10;284;2025-02-25T10:22:56.347
1083;Syddanmark;2022-10-10;399;2025-02-25T10:22:56.347
1084;Hovedstaden;2022-10-11;358;2025-02-25T10:22:56.347
1082;Midtjylland;2022-10-11;336;2025-02-25T10:22:56.347
1081;Nordjylland;2022-10-11;128;2025-02-25T10:22:56.347
1085;Sjælland;2022-10-11;266;2025-02-25T10:22:56.347
1083;Syddanmark;2022-10-11;381;2025-02-25T10:22:56.347
1084;Hovedstaden;2022-10-12;325;2025-02-25T10:22:56.347
1082;Midtjylland;2022-10-12;323;2025-02-25T10:22:56.347
1081;Nordjylland;2022-10-12;160;2025-02-25T10:22:56.347
1085;Sjælland;2022-10-12;244;2025-02-25T10:22:56.347
1083;Syddanmark;2022-10-12;346;2025-02-25T10:22:56.347
1084;Hovedstaden;2022-10-13;324;2025-02-25T10:22:56.347
1082;Midtjylland;2022-10-13;284;2025-02-25T10:22:56.347
1081;Nordjylland;2022-10-13;146;2025-02-25T10:22:56.347
1085;Sjælland;2022-10-13;240;2025-02-25T10:22:56.347
1083;Syddanmark;2022-10-13;293;2025-02-25T10:22:56.347
1084;Hovedstaden;2022-10-14;290;2025-02-25T10:22:56.347
1082;Midtjylland;2022-10-14;275;2025-02-25T10:22:56.347
1081;Nordjylland;2022-10-14;143;2025-02-25T10:22:56.347
1085;Sjælland;2022-10-14;244;2025-02-25T10:22:56.347
1083;Syddanmark;2022-10-14;287;2025-02-25T10:22:56.347
1084;Hovedstaden;2022-10-15;235;2025-02-25T10:22:56.347
1082;Midtjylland;2022-10-15;245;2025-02-25T10:22:56.347
1081;Nordjylland;2022-10-15;101;2025-02-25T10:22:56.347
1085;Sjælland;2022-10-15;172;2025-02-25T10:22:56.347
1083;Syddanmark;2022-10-15;149;2025-02-25T10:22:56.347
1084;Hovedstaden;2022-10-16;269;2025-02-25T10:22:56.347
1082;Midtjylland;2022-10-16;263;2025-02-25T10:22:56.347
1081;Nordjylland;2022-10-16;93;2025-02-25T10:22:56.347
1085;Sjælland;2022-10-16;168;2025-02-25T10:22:56.347
1083;Syddanmark;2022-10-16;264;2025-02-25T10:22:56.347
1084;Hovedstaden;2022-10-17;369;2025-02-25T10:22:56.347
1082;Midtjylland;2022-10-17;307;2025-02-25T10:22:56.347
1081;Nordjylland;2022-10-17;168;2025-02-25T10:22:56.347
1085;Sjælland;2022-10-17;267;2025-02-25T10:22:56.347
1083;Syddanmark;2022-10-17;350;2025-02-25T10:22:56.347
1084;Hovedstaden;2022-10-18;336;2025-02-25T10:22:56.347
1082;Midtjylland;2022-10-18;318;2025-02-25T10:22:56.347
1081;Nordjylland;2022-10-18;112;2025-02-25T10:22:56.347
1085;Sjælland;2022-10-18;255;2025-02-25T10:22:56.347
1083;Syddanmark;2022-10-18;367;2025-02-25T10:22:56.347
1084;Hovedstaden;2022-10-19;287;2025-02-25T10:22:56.347
1082;Midtjylland;2022-10-19;262;2025-02-25T10:22:56.347
1081;Nordjylland;2022-10-19;109;2025-02-25T10:22:56.347
1085;Sjælland;2022-10-19;260;2025-02-25T10:22:56.347
1083;Syddanmark;2022-10-19;275;2025-02-25T10:22:56.347
1084;Hovedstaden;2022-10-20;271;2025-02-25T10:22:56.347
1082;Midtjylland;2022-10-20;219;2025-02-25T10:22:56.347
1081;Nordjylland;2022-10-20;74;2025-02-25T10:22:56.347
1085;Sjælland;2022-10-20;174;2025-02-25T10:22:56.347
1083;Syddanmark;2022-10-20;232;2025-02-25T10:22:56.347
1084;Hovedstaden;2022-10-21;261;2025-02-25T10:22:56.347
1082;Midtjylland;2022-10-21;208;2025-02-25T10:22:56.347
1081;Nordjylland;2022-10-21;88;2025-02-25T10:22:56.347
1085;Sjælland;2022-10-21;159;2025-02-25T10:22:56.347
1083;Syddanmark;2022-10-21;233;2025-02-25T10:22:56.347
1084;Hovedstaden;2022-10-22;201;2025-02-25T10:22:56.347
1082;Midtjylland;2022-10-22;195;2025-02-25T10:22:56.347
1081;Nordjylland;2022-10-22;61;2025-02-25T10:22:56.347
1085;Sjælland;2022-10-22;126;2025-02-25T10:22:56.347
1083;Syddanmark;2022-10-22;130;2025-02-25T10:22:56.347
1084;Hovedstaden;2022-10-23;208;2025-02-25T10:22:56.347
1082;Midtjylland;2022-10-23;229;2025-02-25T10:22:56.347
1081;Nordjylland;2022-10-23;58;2025-02-25T10:22:56.347
1085;Sjælland;2022-10-23;157;2025-02-25T10:22:56.347
1083;Syddanmark;2022-10-23;264;2025-02-25T10:22:56.347
1084;Hovedstaden;2022-10-24;309;2025-02-25T10:22:56.347
1082;Midtjylland;2022-10-24;286;2025-02-25T10:22:56.347
1081;Nordjylland;2022-10-24;134;2025-02-25T10:22:56.347
1085;Sjælland;2022-10-24;207;2025-02-25T10:22:56.347
1083;Syddanmark;2022-10-24;304;2025-02-25T10:22:56.347
1084;Hovedstaden;2022-10-25;259;2025-02-25T10:22:56.347
1082;Midtjylland;2022-10-25;245;2025-02-25T10:22:56.347
1081;Nordjylland;2022-10-25;93;2025-02-25T10:22:56.347
1085;Sjælland;2022-10-25;207;2025-02-25T10:22:56.347
1083;Syddanmark;2022-10-25;290;2025-02-25T10:22:56.347
1084;Hovedstaden;2022-10-26;253;2025-02-25T10:22:56.347
1082;Midtjylland;2022-10-26;221;2025-02-25T10:22:56.347
1081;Nordjylland;2022-10-26;103;2025-02-25T10:22:56.347
1085;Sjælland;2022-10-26;230;2025-02-25T10:22:56.347
1083;Syddanmark;2022-10-26;229;2025-02-25T10:22:56.347
1084;Hovedstaden;2022-10-27;218;2025-02-25T10:22:56.347
1082;Midtjylland;2022-10-27;176;2025-02-25T10:22:56.347
1081;Nordjylland;2022-10-27;57;2025-02-25T10:22:56.347
1085;Sjælland;2022-10-27;162;2025-02-25T10:22:56.347
1083;Syddanmark;2022-10-27;187;2025-02-25T10:22:56.347
1084;Hovedstaden;2022-10-28;210;2025-02-25T10:22:56.347
1082;Midtjylland;2022-10-28;162;2025-02-25T10:22:56.347
1081;Nordjylland;2022-10-28;88;2025-02-25T10:22:56.347
1085;Sjælland;2022-10-28;122;2025-02-25T10:22:56.347
1083;Syddanmark;2022-10-28;148;2025-02-25T10:22:56.347
1084;Hovedstaden;2022-10-29;170;2025-02-25T10:22:56.347
1082;Midtjylland;2022-10-29;112;2025-02-25T10:22:56.347
1081;Nordjylland;2022-10-29;37;2025-02-25T10:22:56.347
1085;Sjælland;2022-10-29;103;2025-02-25T10:22:56.347
1083;Syddanmark;2022-10-29;82;2025-02-25T10:22:56.347
1084;Hovedstaden;2022-10-30;157;2025-02-25T10:22:56.347
1082;Midtjylland;2022-10-30;142;2025-02-25T10:22:56.347
1081;Nordjylland;2022-10-30;50;2025-02-25T10:22:56.347
1085;Sjælland;2022-10-30;112;2025-02-25T10:22:56.347
1083;Syddanmark;2022-10-30;122;2025-02-25T10:22:56.347
1084;Hovedstaden;2022-10-31;218;2025-02-25T10:22:56.347
1082;Midtjylland;2022-10-31;181;2025-02-25T10:22:56.347
1081;Nordjylland;2022-10-31;93;2025-02-25T10:22:56.347
1085;Sjælland;2022-10-31;153;2025-02-25T10:22:56.347
1083;Syddanmark;2022-10-31;192;2025-02-25T10:22:56.347
1084;Hovedstaden;2022-11-01;192;2025-02-25T10:22:56.347
1082;Midtjylland;2022-11-01;170;2025-02-25T10:22:56.347
1081;Nordjylland;2022-11-01;52;2025-02-25T10:22:56.347
1085;Sjælland;2022-11-01;116;2025-02-25T10:22:56.347
1083;Syddanmark;2022-11-01;156;2025-02-25T10:22:56.347
1084;Hovedstaden;2022-11-02;162;2025-02-25T10:22:56.347
1082;Midtjylland;2022-11-02;151;2025-02-25T10:22:56.347
1081;Nordjylland;2022-11-02;71;2025-02-25T10:22:56.347
1085;Sjælland;2022-11-02;123;2025-02-25T10:22:56.347
1083;Syddanmark;2022-11-02;160;2025-02-25T10:22:56.347
1084;Hovedstaden;2022-11-03;192;2025-02-25T10:22:56.347
1082;Midtjylland;2022-11-03;139;2025-02-25T10:22:56.347
1081;Nordjylland;2022-11-03;52;2025-02-25T10:22:56.347
1085;Sjælland;2022-11-03;111;2025-02-25T10:22:56.347
1083;Syddanmark;2022-11-03;111;2025-02-25T10:22:56.347
1084;Hovedstaden;2022-11-04;148;2025-02-25T10:22:56.347
1082;Midtjylland;2022-11-04;136;2025-02-25T10:22:56.347
1081;Nordjylland;2022-11-04;48;2025-02-25T10:22:56.347
1085;Sjælland;2022-11-04;106;2025-02-25T10:22:56.347
1083;Syddanmark;2022-11-04;110;2025-02-25T10:22:56.347
1084;Hovedstaden;2022-11-05;103;2025-02-25T10:22:56.347
1082;Midtjylland;2022-11-05;86;2025-02-25T10:22:56.347
1081;Nordjylland;2022-11-05;18;2025-02-25T10:22:56.347
1085;Sjælland;2022-11-05;74;2025-02-25T10:22:56.347
1083;Syddanmark;2022-11-05;71;2025-02-25T10:22:56.347
1084;Hovedstaden;2022-11-06;130;2025-02-25T10:22:56.347
1082;Midtjylland;2022-11-06;113;2025-02-25T10:22:56.347
1081;Nordjylland;2022-11-06;37;2025-02-25T10:22:56.347
1085;Sjælland;2022-11-06;93;2025-02-25T10:22:56.347
1083;Syddanmark;2022-11-06;110;2025-02-25T10:22:56.347
1084;Hovedstaden;2022-11-07;216;2025-02-25T10:22:56.347
1082;Midtjylland;2022-11-07;161;2025-02-25T10:22:56.347
1081;Nordjylland;2022-11-07;73;2025-02-25T10:22:56.347
1085;Sjælland;2022-11-07;130;2025-02-25T10:22:56.347
1083;Syddanmark;2022-11-07;145;2025-02-25T10:22:56.347
1084;Hovedstaden;2022-11-08;226;2025-02-25T10:22:56.347
1082;Midtjylland;2022-11-08;131;2025-02-25T10:22:56.347
1081;Nordjylland;2022-11-08;47;2025-02-25T10:22:56.347
1085;Sjælland;2022-11-08;139;2025-02-25T10:22:56.347
1083;Syddanmark;2022-11-08;180;2025-02-25T10:22:56.347
1084;Hovedstaden;2022-11-09;207;2025-02-25T10:22:56.347
1082;Midtjylland;2022-11-09;166;2025-02-25T10:22:56.347
1081;Nordjylland;2022-11-09;75;2025-02-25T10:22:56.347
1085;Sjælland;2022-11-09;169;2025-02-25T10:22:56.347
1083;Syddanmark;2022-11-09;153;2025-02-25T10:22:56.347
1084;Hovedstaden;2022-11-10;188;2025-02-25T10:22:56.347
1082;Midtjylland;2022-11-10;139;2025-02-25T10:22:56.347
1081;Nordjylland;2022-11-10;59;2025-02-25T10:22:56.347
1085;Sjælland;2022-11-10;104;2025-02-25T10:22:56.347
1083;Syddanmark;2022-11-10;120;2025-02-25T10:22:56.347
1084;Hovedstaden;2022-11-11;166;2025-02-25T10:22:56.347
1082;Midtjylland;2022-11-11;90;2025-02-25T10:22:56.347
1081;Nordjylland;2022-11-11;60;2025-02-25T10:22:56.347
1085;Sjælland;2022-11-11;100;2025-02-25T10:22:56.347
1083;Syddanmark;2022-11-11;95;2025-02-25T10:22:56.347
1084;Hovedstaden;2022-11-12;134;2025-02-25T10:22:56.347
1082;Midtjylland;2022-11-12;79;2025-02-25T10:22:56.347
1081;Nordjylland;2022-11-12;31;2025-02-25T10:22:56.347
1085;Sjælland;2022-11-12;91;2025-02-25T10:22:56.347
1083;Syddanmark;2022-11-12;71;2025-02-25T10:22:56.347
1084;Hovedstaden;2022-11-13;141;2025-02-25T10:22:56.347
1082;Midtjylland;2022-11-13;102;2025-02-25T10:22:56.347
1081;Nordjylland;2022-11-13;44;2025-02-25T10:22:56.347
1085;Sjælland;2022-11-13;95;2025-02-25T10:22:56.347
1083;Syddanmark;2022-11-13;109;2025-02-25T10:22:56.347
1084;Hovedstaden;2022-11-14;180;2025-02-25T10:22:56.347
1082;Midtjylland;2022-11-14;161;2025-02-25T10:22:56.347
1081;Nordjylland;2022-11-14;73;2025-02-25T10:22:56.347
1085;Sjælland;2022-11-14;114;2025-02-25T10:22:56.347
1083;Syddanmark;2022-11-14;153;2025-02-25T10:22:56.347
1084;Hovedstaden;2022-11-15;214;2025-02-25T10:22:56.347
1082;Midtjylland;2022-11-15;134;2025-02-25T10:22:56.347
1081;Nordjylland;2022-11-15;41;2025-02-25T10:22:56.347
1085;Sjælland;2022-11-15;116;2025-02-25T10:22:56.347
1083;Syddanmark;2022-11-15;152;2025-02-25T10:22:56.347
1084;Hovedstaden;2022-11-16;175;2025-02-25T10:22:56.347
1082;Midtjylland;2022-11-16;124;2025-02-25T10:22:56.347
1081;Nordjylland;2022-11-16;52;2025-02-25T10:22:56.347
1085;Sjælland;2022-11-16;106;2025-02-25T10:22:56.347
1083;Syddanmark;2022-11-16;125;2025-02-25T10:22:56.347
1084;Hovedstaden;2022-11-17;182;2025-02-25T10:22:56.347
1082;Midtjylland;2022-11-17;112;2025-02-25T10:22:56.347
1081;Nordjylland;2022-11-17;35;2025-02-25T10:22:56.347
1085;Sjælland;2022-11-17;119;2025-02-25T10:22:56.347
1083;Syddanmark;2022-11-17;103;2025-02-25T10:22:56.347
1084;Hovedstaden;2022-11-18;156;2025-02-25T10:22:56.347
1082;Midtjylland;2022-11-18;105;2025-02-25T10:22:56.347
1081;Nordjylland;2022-11-18;51;2025-02-25T10:22:56.347
1085;Sjælland;2022-11-18;88;2025-02-25T10:22:56.347
1083;Syddanmark;2022-11-18;84;2025-02-25T10:22:56.347
1084;Hovedstaden;2022-11-19;124;2025-02-25T10:22:56.347
1082;Midtjylland;2022-11-19;81;2025-02-25T10:22:56.347
1081;Nordjylland;2022-11-19;17;2025-02-25T10:22:56.347
1085;Sjælland;2022-11-19;72;2025-02-25T10:22:56.347
1083;Syddanmark;2022-11-19;54;2025-02-25T10:22:56.347
1084;Hovedstaden;2022-11-20;160;2025-02-25T10:22:56.347
1082;Midtjylland;2022-11-20;79;2025-02-25T10:22:56.347
1081;Nordjylland;2022-11-20;33;2025-02-25T10:22:56.347
1085;Sjælland;2022-11-20;89;2025-02-25T10:22:56.347
1083;Syddanmark;2022-11-20;106;2025-02-25T10:22:56.347
1084;Hovedstaden;2022-11-21;176;2025-02-25T10:22:56.347
1082;Midtjylland;2022-11-21;141;2025-02-25T10:22:56.347
1081;Nordjylland;2022-11-21;57;2025-02-25T10:22:56.347
1085;Sjælland;2022-11-21;105;2025-02-25T10:22:56.347
1083;Syddanmark;2022-11-21;147;2025-02-25T10:22:56.347
1084;Hovedstaden;2022-11-22;205;2025-02-25T10:22:56.347
1082;Midtjylland;2022-11-22;137;2025-02-25T10:22:56.347
1081;Nordjylland;2022-11-22;51;2025-02-25T10:22:56.347
1085;Sjælland;2022-11-22;119;2025-02-25T10:22:56.347
1083;Syddanmark;2022-11-22;154;2025-02-25T10:22:56.347
1084;Hovedstaden;2022-11-23;230;2025-02-25T10:22:56.347
1082;Midtjylland;2022-11-23;140;2025-02-25T10:22:56.347
1081;Nordjylland;2022-11-23;79;2025-02-25T10:22:56.347
1085;Sjælland;2022-11-23;128;2025-02-25T10:22:56.347
1083;Syddanmark;2022-11-23;141;2025-02-25T10:22:56.347
1084;Hovedstaden;2022-11-24;252;2025-02-25T10:22:56.347
1082;Midtjylland;2022-11-24;160;2025-02-25T10:22:56.347
1081;Nordjylland;2022-11-24;58;2025-02-25T10:22:56.347
1085;Sjælland;2022-11-24;127;2025-02-25T10:22:56.347
1083;Syddanmark;2022-11-24;165;2025-02-25T10:22:56.347
1084;Hovedstaden;2022-11-25;205;2025-02-25T10:22:56.347
1082;Midtjylland;2022-11-25;136;2025-02-25T10:22:56.347
1081;Nordjylland;2022-11-25;57;2025-02-25T10:22:56.347
1085;Sjælland;2022-11-25;104;2025-02-25T10:22:56.347
1083;Syddanmark;2022-11-25;125;2025-02-25T10:22:56.347
1084;Hovedstaden;2022-11-26;141;2025-02-25T10:22:56.347
1082;Midtjylland;2022-11-26;130;2025-02-25T10:22:56.347
1081;Nordjylland;2022-11-26;36;2025-02-25T10:22:56.347
1085;Sjælland;2022-11-26;88;2025-02-25T10:22:56.347
1083;Syddanmark;2022-11-26;81;2025-02-25T10:22:56.347
1084;Hovedstaden;2022-11-27;202;2025-02-25T10:22:56.347
1082;Midtjylland;2022-11-27;138;2025-02-25T10:22:56.347
1081;Nordjylland;2022-11-27;52;2025-02-25T10:22:56.347
1085;Sjælland;2022-11-27;113;2025-02-25T10:22:56.347
1083;Syddanmark;2022-11-27;143;2025-02-25T10:22:56.347
1084;Hovedstaden;2022-11-28;356;2025-02-25T10:22:56.347
1082;Midtjylland;2022-11-28;229;2025-02-25T10:22:56.347
1081;Nordjylland;2022-11-28;117;2025-02-25T10:22:56.347
1085;Sjælland;2022-11-28;188;2025-02-25T10:22:56.347
1083;Syddanmark;2022-11-28;246;2025-02-25T10:22:56.347
1084;Hovedstaden;2022-11-29;343;2025-02-25T10:22:56.347
1082;Midtjylland;2022-11-29;229;2025-02-25T10:22:56.347
1081;Nordjylland;2022-11-29;89;2025-02-25T10:22:56.347
1085;Sjælland;2022-11-29;191;2025-02-25T10:22:56.347
1083;Syddanmark;2022-11-29;273;2025-02-25T10:22:56.347
1084;Hovedstaden;2022-11-30;359;2025-02-25T10:22:56.347
1082;Midtjylland;2022-11-30;285;2025-02-25T10:22:56.347
1081;Nordjylland;2022-11-30;148;2025-02-25T10:22:56.347
1085;Sjælland;2022-11-30;182;2025-02-25T10:22:56.347
1083;Syddanmark;2022-11-30;252;2025-02-25T10:22:56.347
1084;Hovedstaden;2022-12-01;350;2025-02-25T10:22:56.347
1082;Midtjylland;2022-12-01;226;2025-02-25T10:22:56.347
1081;Nordjylland;2022-12-01;109;2025-02-25T10:22:56.347
1085;Sjælland;2022-12-01;165;2025-02-25T10:22:56.347
1083;Syddanmark;2022-12-01;245;2025-02-25T10:22:56.347
1084;Hovedstaden;2022-12-02;293;2025-02-25T10:22:56.347
1082;Midtjylland;2022-12-02;232;2025-02-25T10:22:56.347
1081;Nordjylland;2022-12-02;103;2025-02-25T10:22:56.347
1085;Sjælland;2022-12-02;149;2025-02-25T10:22:56.347
1083;Syddanmark;2022-12-02;210;2025-02-25T10:22:56.347
1084;Hovedstaden;2022-12-03;253;2025-02-25T10:22:56.347
1082;Midtjylland;2022-12-03;153;2025-02-25T10:22:56.347
1081;Nordjylland;2022-12-03;60;2025-02-25T10:22:56.347
1085;Sjælland;2022-12-03;114;2025-02-25T10:22:56.347
1083;Syddanmark;2022-12-03;159;2025-02-25T10:22:56.347
1084;Hovedstaden;2022-12-04;296;2025-02-25T10:22:56.347
1082;Midtjylland;2022-12-04;168;2025-02-25T10:22:56.347
1081;Nordjylland;2022-12-04;71;2025-02-25T10:22:56.347
1085;Sjælland;2022-12-04;155;2025-02-25T10:22:56.347
1083;Syddanmark;2022-12-04;258;2025-02-25T10:22:56.347
1084;Hovedstaden;2022-12-05;477;2025-02-25T10:22:56.347
1082;Midtjylland;2022-12-05;336;2025-02-25T10:22:56.347
1081;Nordjylland;2022-12-05;187;2025-02-25T10:22:56.347
1085;Sjælland;2022-12-05;250;2025-02-25T10:22:56.347
1083;Syddanmark;2022-12-05;372;2025-02-25T10:22:56.347
1084;Hovedstaden;2022-12-06;550;2025-02-25T10:22:56.347
1082;Midtjylland;2022-12-06;376;2025-02-25T10:22:56.347
1081;Nordjylland;2022-12-06;128;2025-02-25T10:22:56.347
1085;Sjælland;2022-12-06;247;2025-02-25T10:22:56.347
1083;Syddanmark;2022-12-06;406;2025-02-25T10:22:56.347
1084;Hovedstaden;2022-12-07;544;2025-02-25T10:22:56.347
1082;Midtjylland;2022-12-07;350;2025-02-25T10:22:56.347
1081;Nordjylland;2022-12-07;171;2025-02-25T10:22:56.347
1085;Sjælland;2022-12-07;357;2025-02-25T10:22:56.347
1083;Syddanmark;2022-12-07;336;2025-02-25T10:22:56.347
1084;Hovedstaden;2022-12-08;460;2025-02-25T10:22:56.347
1082;Midtjylland;2022-12-08;328;2025-02-25T10:22:56.347
1081;Nordjylland;2022-12-08;132;2025-02-25T10:22:56.347
1085;Sjælland;2022-12-08;259;2025-02-25T10:22:56.347
1083;Syddanmark;2022-12-08;302;2025-02-25T10:22:56.347
1084;Hovedstaden;2022-12-09;257;2025-02-25T10:22:56.347
1082;Midtjylland;2022-12-09;157;2025-02-25T10:22:56.347
1081;Nordjylland;2022-12-09;85;2025-02-25T10:22:56.347
1085;Sjælland;2022-12-09;114;2025-02-25T10:22:56.347
1083;Syddanmark;2022-12-09;142;2025-02-25T10:22:56.347
1084;Hovedstaden;2022-12-10;208;2025-02-25T10:22:56.347
1082;Midtjylland;2022-12-10;133;2025-02-25T10:22:56.347
1081;Nordjylland;2022-12-10;46;2025-02-25T10:22:56.347
1085;Sjælland;2022-12-10;110;2025-02-25T10:22:56.347
1083;Syddanmark;2022-12-10;78;2025-02-25T10:22:56.347
1084;Hovedstaden;2022-12-11;211;2025-02-25T10:22:56.347
1082;Midtjylland;2022-12-11;142;2025-02-25T10:22:56.347
1081;Nordjylland;2022-12-11;49;2025-02-25T10:22:56.347
1085;Sjælland;2022-12-11;133;2025-02-25T10:22:56.347
1083;Syddanmark;2022-12-11;125;2025-02-25T10:22:56.347
1084;Hovedstaden;2022-12-12;325;2025-02-25T10:22:56.347
1082;Midtjylland;2022-12-12;233;2025-02-25T10:22:56.347
1081;Nordjylland;2022-12-12;113;2025-02-25T10:22:56.347
1085;Sjælland;2022-12-12;161;2025-02-25T10:22:56.347
1083;Syddanmark;2022-12-12;221;2025-02-25T10:22:56.347
1084;Hovedstaden;2022-12-13;339;2025-02-25T10:22:56.347
1082;Midtjylland;2022-12-13;207;2025-02-25T10:22:56.347
1081;Nordjylland;2022-12-13;93;2025-02-25T10:22:56.347
1085;Sjælland;2022-12-13;203;2025-02-25T10:22:56.347
1083;Syddanmark;2022-12-13;269;2025-02-25T10:22:56.347
1084;Hovedstaden;2022-12-14;380;2025-02-25T10:22:56.347
1082;Midtjylland;2022-12-14;213;2025-02-25T10:22:56.347
1081;Nordjylland;2022-12-14;114;2025-02-25T10:22:56.347
1085;Sjælland;2022-12-14;256;2025-02-25T10:22:56.347
1083;Syddanmark;2022-12-14;233;2025-02-25T10:22:56.347
1084;Hovedstaden;2022-12-15;358;2025-02-25T10:22:56.347
1082;Midtjylland;2022-12-15;234;2025-02-25T10:22:56.347
1081;Nordjylland;2022-12-15;83;2025-02-25T10:22:56.347
1085;Sjælland;2022-12-15;205;2025-02-25T10:22:56.347
1083;Syddanmark;2022-12-15;189;2025-02-25T10:22:56.347
1084;Hovedstaden;2022-12-16;293;2025-02-25T10:22:56.347
1082;Midtjylland;2022-12-16;200;2025-02-25T10:22:56.347
1081;Nordjylland;2022-12-16;104;2025-02-25T10:22:56.347
1085;Sjælland;2022-12-16;147;2025-02-25T10:22:56.347
1083;Syddanmark;2022-12-16;194;2025-02-25T10:22:56.347
1084;Hovedstaden;2022-12-17;265;2025-02-25T10:22:56.347
1082;Midtjylland;2022-12-17;161;2025-02-25T10:22:56.347
1081;Nordjylland;2022-12-17;61;2025-02-25T10:22:56.347
1085;Sjælland;2022-12-17;140;2025-02-25T10:22:56.347
1083;Syddanmark;2022-12-17;117;2025-02-25T10:22:56.347
1084;Hovedstaden;2022-12-18;295;2025-02-25T10:22:56.347
1082;Midtjylland;2022-12-18;148;2025-02-25T10:22:56.347
1081;Nordjylland;2022-12-18;85;2025-02-25T10:22:56.347
1085;Sjælland;2022-12-18;178;2025-02-25T10:22:56.347
1083;Syddanmark;2022-12-18;200;2025-02-25T10:22:56.347
1084;Hovedstaden;2022-12-19;416;2025-02-25T10:22:56.347
1082;Midtjylland;2022-12-19;359;2025-02-25T10:22:56.347
1081;Nordjylland;2022-12-19;162;2025-02-25T10:22:56.347
1085;Sjælland;2022-12-19;231;2025-02-25T10:22:56.347
1083;Syddanmark;2022-12-19;329;2025-02-25T10:22:56.347
1084;Hovedstaden;2022-12-20;431;2025-02-25T10:22:56.347
1082;Midtjylland;2022-12-20;341;2025-02-25T10:22:56.347
1081;Nordjylland;2022-12-20;185;2025-02-25T10:22:56.347
1085;Sjælland;2022-12-20;251;2025-02-25T10:22:56.347
1083;Syddanmark;2022-12-20;385;2025-02-25T10:22:56.347
1084;Hovedstaden;2022-12-21;527;2025-02-25T10:22:56.347
1082;Midtjylland;2022-12-21;316;2025-02-25T10:22:56.347
1081;Nordjylland;2022-12-21;172;2025-02-25T10:22:56.347
1085;Sjælland;2022-12-21;327;2025-02-25T10:22:56.347
1083;Syddanmark;2022-12-21;377;2025-02-25T10:22:56.347
1084;Hovedstaden;2022-12-22;576;2025-02-25T10:22:56.347
1082;Midtjylland;2022-12-22;394;2025-02-25T10:22:56.347
1081;Nordjylland;2022-12-22;172;2025-02-25T10:22:56.347
1085;Sjælland;2022-12-22;343;2025-02-25T10:22:56.347
1083;Syddanmark;2022-12-22;385;2025-02-25T10:22:56.347
1084;Hovedstaden;2022-12-23;457;2025-02-25T10:22:56.347
1082;Midtjylland;2022-12-23;311;2025-02-25T10:22:56.347
1081;Nordjylland;2022-12-23;152;2025-02-25T10:22:56.347
1085;Sjælland;2022-12-23;258;2025-02-25T10:22:56.347
1083;Syddanmark;2022-12-23;324;2025-02-25T10:22:56.347
1084;Hovedstaden;2022-12-24;233;2025-02-25T10:22:56.347
1082;Midtjylland;2022-12-24;58;2025-02-25T10:22:56.347
1081;Nordjylland;2022-12-24;43;2025-02-25T10:22:56.347
1085;Sjælland;2022-12-24;69;2025-02-25T10:22:56.347
1083;Syddanmark;2022-12-24;122;2025-02-25T10:22:56.347
1084;Hovedstaden;2022-12-25;188;2025-02-25T10:22:56.347
1082;Midtjylland;2022-12-25;113;2025-02-25T10:22:56.347
1081;Nordjylland;2022-12-25;52;2025-02-25T10:22:56.347
1085;Sjælland;2022-12-25;119;2025-02-25T10:22:56.347
1083;Syddanmark;2022-12-25;92;2025-02-25T10:22:56.347
1084;Hovedstaden;2022-12-26;287;2025-02-25T10:22:56.347
1082;Midtjylland;2022-12-26;109;2025-02-25T10:22:56.347
1081;Nordjylland;2022-12-26;64;2025-02-25T10:22:56.347
1085;Sjælland;2022-12-26;100;2025-02-25T10:22:56.347
1083;Syddanmark;2022-12-26;161;2025-02-25T10:22:56.347
1084;Hovedstaden;2022-12-27;315;2025-02-25T10:22:56.347
1082;Midtjylland;2022-12-27;326;2025-02-25T10:22:56.347
1081;Nordjylland;2022-12-27;130;2025-02-25T10:22:56.347
1085;Sjælland;2022-12-27;305;2025-02-25T10:22:56.347
1083;Syddanmark;2022-12-27;364;2025-02-25T10:22:56.347
1084;Hovedstaden;2022-12-28;342;2025-02-25T10:22:56.347
1082;Midtjylland;2022-12-28;291;2025-02-25T10:22:56.347
1081;Nordjylland;2022-12-28;117;2025-02-25T10:22:56.347
1085;Sjælland;2022-12-28;264;2025-02-25T10:22:56.347
1083;Syddanmark;2022-12-28;296;2025-02-25T10:22:56.347
1084;Hovedstaden;2022-12-29;330;2025-02-25T10:22:56.347
1082;Midtjylland;2022-12-29;317;2025-02-25T10:22:56.347
1081;Nordjylland;2022-12-29;109;2025-02-25T10:22:56.347
1085;Sjælland;2022-12-29;247;2025-02-25T10:22:56.347
1083;Syddanmark;2022-12-29;262;2025-02-25T10:22:56.347
1084;Hovedstaden;2022-12-30;273;2025-02-25T10:22:56.347
1082;Midtjylland;2022-12-30;256;2025-02-25T10:22:56.347
1081;Nordjylland;2022-12-30;110;2025-02-25T10:22:56.347
1085;Sjælland;2022-12-30;199;2025-02-25T10:22:56.347
1083;Syddanmark;2022-12-30;281;2025-02-25T10:22:56.347
1084;Hovedstaden;2022-12-31;175;2025-02-25T10:22:56.347
1082;Midtjylland;2022-12-31;84;2025-02-25T10:22:56.347
1081;Nordjylland;2022-12-31;41;2025-02-25T10:22:56.347
1085;Sjælland;2022-12-31;82;2025-02-25T10:22:56.347
1083;Syddanmark;2022-12-31;86;2025-02-25T10:22:56.347
1084;Hovedstaden;2023-01-01;146;2025-02-25T10:22:56.347
1082;Midtjylland;2023-01-01;73;2025-02-25T10:22:56.347
1081;Nordjylland;2023-01-01;42;2025-02-25T10:22:56.347
1085;Sjælland;2023-01-01;91;2025-02-25T10:22:56.347
1083;Syddanmark;2023-01-01;84;2025-02-25T10:22:56.347
1084;Hovedstaden;2023-01-02;218;2025-02-25T10:22:56.347
1082;Midtjylland;2023-01-02;267;2025-02-25T10:22:56.347
1081;Nordjylland;2023-01-02;131;2025-02-25T10:22:56.347
1085;Sjælland;2023-01-02;250;2025-02-25T10:22:56.347
1083;Syddanmark;2023-01-02;216;2025-02-25T10:22:56.347
1084;Hovedstaden;2023-01-03;236;2025-02-25T10:22:56.347
1082;Midtjylland;2023-01-03;214;2025-02-25T10:22:56.347
1081;Nordjylland;2023-01-03;93;2025-02-25T10:22:56.347
1085;Sjælland;2023-01-03;159;2025-02-25T10:22:56.347
1083;Syddanmark;2023-01-03;173;2025-02-25T10:22:56.347
1084;Hovedstaden;2023-01-04;226;2025-02-25T10:22:56.347
1082;Midtjylland;2023-01-04;173;2025-02-25T10:22:56.347
1081;Nordjylland;2023-01-04;79;2025-02-25T10:22:56.347
1085;Sjælland;2023-01-04;115;2025-02-25T10:22:56.347
1083;Syddanmark;2023-01-04;248;2025-02-25T10:22:56.347
1084;Hovedstaden;2023-01-05;149;2025-02-25T10:22:56.347
1082;Midtjylland;2023-01-05;146;2025-02-25T10:22:56.347
1081;Nordjylland;2023-01-05;55;2025-02-25T10:22:56.347
1085;Sjælland;2023-01-05;133;2025-02-25T10:22:56.347
1083;Syddanmark;2023-01-05;127;2025-02-25T10:22:56.347
1084;Hovedstaden;2023-01-06;143;2025-02-25T10:22:56.347
1082;Midtjylland;2023-01-06;110;2025-02-25T10:22:56.347
1081;Nordjylland;2023-01-06;60;2025-02-25T10:22:56.347
1085;Sjælland;2023-01-06;84;2025-02-25T10:22:56.347
1083;Syddanmark;2023-01-06;119;2025-02-25T10:22:56.347
1084;Hovedstaden;2023-01-07;85;2025-02-25T10:22:56.347
1082;Midtjylland;2023-01-07;68;2025-02-25T10:22:56.347
1081;Nordjylland;2023-01-07;29;2025-02-25T10:22:56.347
1085;Sjælland;2023-01-07;67;2025-02-25T10:22:56.347
1083;Syddanmark;2023-01-07;50;2025-02-25T10:22:56.347
1084;Hovedstaden;2023-01-08;88;2025-02-25T10:22:56.347
1082;Midtjylland;2023-01-08;62;2025-02-25T10:22:56.347
1081;Nordjylland;2023-01-08;26;2025-02-25T10:22:56.347
1085;Sjælland;2023-01-08;70;2025-02-25T10:22:56.347
1083;Syddanmark;2023-01-08;80;2025-02-25T10:22:56.347
1084;Hovedstaden;2023-01-09;124;2025-02-25T10:22:56.347
1082;Midtjylland;2023-01-09;111;2025-02-25T10:22:56.347
1081;Nordjylland;2023-01-09;59;2025-02-25T10:22:56.347
1085;Sjælland;2023-01-09;113;2025-02-25T10:22:56.347
1083;Syddanmark;2023-01-09;101;2025-02-25T10:22:56.347
1084;Hovedstaden;2023-01-10;90;2025-02-25T10:22:56.347
1082;Midtjylland;2023-01-10;80;2025-02-25T10:22:56.347
1081;Nordjylland;2023-01-10;29;2025-02-25T10:22:56.347
1085;Sjælland;2023-01-10;70;2025-02-25T10:22:56.347
1083;Syddanmark;2023-01-10;86;2025-02-25T10:22:56.347
1084;Hovedstaden;2023-01-11;77;2025-02-25T10:22:56.347
1082;Midtjylland;2023-01-11;65;2025-02-25T10:22:56.347
1081;Nordjylland;2023-01-11;35;2025-02-25T10:22:56.347
1085;Sjælland;2023-01-11;88;2025-02-25T10:22:56.347
1083;Syddanmark;2023-01-11;95;2025-02-25T10:22:56.347
1084;Hovedstaden;2023-01-12;58;2025-02-25T10:22:56.347
1082;Midtjylland;2023-01-12;83;2025-02-25T10:22:56.347
1081;Nordjylland;2023-01-12;26;2025-02-25T10:22:56.347
1085;Sjælland;2023-01-12;64;2025-02-25T10:22:56.347
1083;Syddanmark;2023-01-12;85;2025-02-25T10:22:56.347
1084;Hovedstaden;2023-01-13;62;2025-02-25T10:22:56.347
1082;Midtjylland;2023-01-13;56;2025-02-25T10:22:56.347
1081;Nordjylland;2023-01-13;27;2025-02-25T10:22:56.347
1085;Sjælland;2023-01-13;49;2025-02-25T10:22:56.347
1083;Syddanmark;2023-01-13;54;2025-02-25T10:22:56.347
1084;Hovedstaden;2023-01-14;36;2025-02-25T10:22:56.347
1082;Midtjylland;2023-01-14;36;2025-02-25T10:22:56.347
1081;Nordjylland;2023-01-14;13;2025-02-25T10:22:56.347
1085;Sjælland;2023-01-14;36;2025-02-25T10:22:56.347
1083;Syddanmark;2023-01-14;20;2025-02-25T10:22:56.347
1084;Hovedstaden;2023-01-15;38;2025-02-25T10:22:56.347
1082;Midtjylland;2023-01-15;33;2025-02-25T10:22:56.347
1081;Nordjylland;2023-01-15;13;2025-02-25T10:22:56.347
1085;Sjælland;2023-01-15;37;2025-02-25T10:22:56.347
1083;Syddanmark;2023-01-15;39;2025-02-25T10:22:56.347
1084;Hovedstaden;2023-01-16;88;2025-02-25T10:22:56.347
1082;Midtjylland;2023-01-16;48;2025-02-25T10:22:56.347
1081;Nordjylland;2023-01-16;29;2025-02-25T10:22:56.347
1085;Sjælland;2023-01-16;49;2025-02-25T10:22:56.347
1083;Syddanmark;2023-01-16;72;2025-02-25T10:22:56.347
1084;Hovedstaden;2023-01-17;46;2025-02-25T10:22:56.347
1082;Midtjylland;2023-01-17;43;2025-02-25T10:22:56.347
1081;Nordjylland;2023-01-17;17;2025-02-25T10:22:56.347
1085;Sjælland;2023-01-17;50;2025-02-25T10:22:56.347
1083;Syddanmark;2023-01-17;56;2025-02-25T10:22:56.347
1084;Hovedstaden;2023-01-18;51;2025-02-25T10:22:56.347
1082;Midtjylland;2023-01-18;34;2025-02-25T10:22:56.347
1081;Nordjylland;2023-01-18;21;2025-02-25T10:22:56.347
1085;Sjælland;2023-01-18;42;2025-02-25T10:22:56.347
1083;Syddanmark;2023-01-18;51;2025-02-25T10:22:56.347
1084;Hovedstaden;2023-01-19;49;2025-02-25T10:22:56.347
1082;Midtjylland;2023-01-19;41;2025-02-25T10:22:56.347
1081;Nordjylland;2023-01-19;8;2025-02-25T10:22:56.347
1085;Sjælland;2023-01-19;43;2025-02-25T10:22:56.347
1083;Syddanmark;2023-01-19;51;2025-02-25T10:22:56.347
1084;Hovedstaden;2023-01-20;43;2025-02-25T10:22:56.347
1082;Midtjylland;2023-01-20;30;2025-02-25T10:22:56.347
1081;Nordjylland;2023-01-20;15;2025-02-25T10:22:56.347
1085;Sjælland;2023-01-20;21;2025-02-25T10:22:56.347
1083;Syddanmark;2023-01-20;46;2025-02-25T10:22:56.347
1084;Hovedstaden;2023-01-21;29;2025-02-25T10:22:56.347
1082;Midtjylland;2023-01-21;24;2025-02-25T10:22:56.347
1081;Nordjylland;2023-01-21;13;2025-02-25T10:22:56.347
1085;Sjælland;2023-01-21;19;2025-02-25T10:22:56.347
1083;Syddanmark;2023-01-21;15;2025-02-25T10:22:56.347
1084;Hovedstaden;2023-01-22;41;2025-02-25T10:22:56.347
1082;Midtjylland;2023-01-22;30;2025-02-25T10:22:56.347
1081;Nordjylland;2023-01-22;6;2025-02-25T10:22:56.347
1085;Sjælland;2023-01-22;18;2025-02-25T10:22:56.347
1083;Syddanmark;2023-01-22;40;2025-02-25T10:22:56.347
1084;Hovedstaden;2023-01-23;40;2025-02-25T10:22:56.347
1082;Midtjylland;2023-01-23;33;2025-02-25T10:22:56.347
1081;Nordjylland;2023-01-23;15;2025-02-25T10:22:56.347
1085;Sjælland;2023-01-23;28;2025-02-25T10:22:56.347
1083;Syddanmark;2023-01-23;58;2025-02-25T10:22:56.347
1084;Hovedstaden;2023-01-24;36;2025-02-25T10:22:56.347
1082;Midtjylland;2023-01-24;38;2025-02-25T10:22:56.347
1081;Nordjylland;2023-01-24;14;2025-02-25T10:22:56.347
1085;Sjælland;2023-01-24;24;2025-02-25T10:22:56.347
1083;Syddanmark;2023-01-24;47;2025-02-25T10:22:56.347
1084;Hovedstaden;2023-01-25;52;2025-02-25T10:22:56.347
1082;Midtjylland;2023-01-25;33;2025-02-25T10:22:56.347
1081;Nordjylland;2023-01-25;12;2025-02-25T10:22:56.347
1085;Sjælland;2023-01-25;44;2025-02-25T10:22:56.347
1083;Syddanmark;2023-01-25;60;2025-02-25T10:22:56.347
1084;Hovedstaden;2023-01-26;42;2025-02-25T10:22:56.347
1082;Midtjylland;2023-01-26;42;2025-02-25T10:22:56.347
1081;Nordjylland;2023-01-26;7;2025-02-25T10:22:56.347
1085;Sjælland;2023-01-26;31;2025-02-25T10:22:56.347
1083;Syddanmark;2023-01-26;39;2025-02-25T10:22:56.347
1084;Hovedstaden;2023-01-27;21;2025-02-25T10:22:56.347
1082;Midtjylland;2023-01-27;42;2025-02-25T10:22:56.347
1081;Nordjylland;2023-01-27;14;2025-02-25T10:22:56.347
1085;Sjælland;2023-01-27;29;2025-02-25T10:22:56.347
1083;Syddanmark;2023-01-27;39;2025-02-25T10:22:56.347
1084;Hovedstaden;2023-01-28;20;2025-02-25T10:22:56.347
1082;Midtjylland;2023-01-28;28;2025-02-25T10:22:56.347
1081;Nordjylland;2023-01-28;8;2025-02-25T10:22:56.347
1085;Sjælland;2023-01-28;27;2025-02-25T10:22:56.347
1083;Syddanmark;2023-01-28;27;2025-02-25T10:22:56.347
1084;Hovedstaden;2023-01-29;30;2025-02-25T10:22:56.347
1082;Midtjylland;2023-01-29;31;2025-02-25T10:22:56.347
1081;Nordjylland;2023-01-29;4;2025-02-25T10:22:56.347
1085;Sjælland;2023-01-29;31;2025-02-25T10:22:56.347
1083;Syddanmark;2023-01-29;35;2025-02-25T10:22:56.347
1084;Hovedstaden;2023-01-30;48;2025-02-25T10:22:56.347
1082;Midtjylland;2023-01-30;53;2025-02-25T10:22:56.347
1081;Nordjylland;2023-01-30;10;2025-02-25T10:22:56.347
1085;Sjælland;2023-01-30;37;2025-02-25T10:22:56.347
1083;Syddanmark;2023-01-30;47;2025-02-25T10:22:56.347
1084;Hovedstaden;2023-01-31;35;2025-02-25T10:22:56.347
1082;Midtjylland;2023-01-31;45;2025-02-25T10:22:56.347
1081;Nordjylland;2023-01-31;15;2025-02-25T10:22:56.347
1085;Sjælland;2023-01-31;32;2025-02-25T10:22:56.347
1083;Syddanmark;2023-01-31;26;2025-02-25T10:22:56.347
1084;Hovedstaden;2023-02-01;42;2025-02-25T10:22:56.347
1082;Midtjylland;2023-02-01;34;2025-02-25T10:22:56.347
1081;Nordjylland;2023-02-01;11;2025-02-25T10:22:56.347
1085;Sjælland;2023-02-01;36;2025-02-25T10:22:56.347
1083;Syddanmark;2023-02-01;58;2025-02-25T10:22:56.347
1084;Hovedstaden;2023-02-02;34;2025-02-25T10:22:56.347
1082;Midtjylland;2023-02-02;34;2025-02-25T10:22:56.347
1081;Nordjylland;2023-02-02;24;2025-02-25T10:22:56.347
1085;Sjælland;2023-02-02;27;2025-02-25T10:22:56.347
1083;Syddanmark;2023-02-02;31;2025-02-25T10:22:56.347
1084;Hovedstaden;2023-02-03;35;2025-02-25T10:22:56.347
1082;Midtjylland;2023-02-03;38;2025-02-25T10:22:56.347
1081;Nordjylland;2023-02-03;11;2025-02-25T10:22:56.347
1085;Sjælland;2023-02-03;16;2025-02-25T10:22:56.347
1083;Syddanmark;2023-02-03;25;2025-02-25T10:22:56.347
1084;Hovedstaden;2023-02-04;35;2025-02-25T10:22:56.347
1082;Midtjylland;2023-02-04;15;2025-02-25T10:22:56.347
1081;Nordjylland;2023-02-04;10;2025-02-25T10:22:56.347
1085;Sjælland;2023-02-04;24;2025-02-25T10:22:56.347
1083;Syddanmark;2023-02-04;15;2025-02-25T10:22:56.347
1084;Hovedstaden;2023-02-05;16;2025-02-25T10:22:56.347
1082;Midtjylland;2023-02-05;21;2025-02-25T10:22:56.347
1081;Nordjylland;2023-02-05;4;2025-02-25T10:22:56.347
1085;Sjælland;2023-02-05;15;2025-02-25T10:22:56.347
1083;Syddanmark;2023-02-05;36;2025-02-25T10:22:56.347
1084;Hovedstaden;2023-02-06;32;2025-02-25T10:22:56.347
1082;Midtjylland;2023-02-06;41;2025-02-25T10:22:56.347
1081;Nordjylland;2023-02-06;14;2025-02-25T10:22:56.347
1085;Sjælland;2023-02-06;41;2025-02-25T10:22:56.347
1083;Syddanmark;2023-02-06;52;2025-02-25T10:22:56.347
1084;Hovedstaden;2023-02-07;45;2025-02-25T10:22:56.347
1082;Midtjylland;2023-02-07;35;2025-02-25T10:22:56.347
1081;Nordjylland;2023-02-07;17;2025-02-25T10:22:56.347
1085;Sjælland;2023-02-07;20;2025-02-25T10:22:56.347
1083;Syddanmark;2023-02-07;40;2025-02-25T10:22:56.347
1084;Hovedstaden;2023-02-08;40;2025-02-25T10:22:56.347
1082;Midtjylland;2023-02-08;44;2025-02-25T10:22:56.347
1081;Nordjylland;2023-02-08;5;2025-02-25T10:22:56.347
1085;Sjælland;2023-02-08;30;2025-02-25T10:22:56.347
1083;Syddanmark;2023-02-08;41;2025-02-25T10:22:56.347
1084;Hovedstaden;2023-02-09;27;2025-02-25T10:22:56.347
1082;Midtjylland;2023-02-09;25;2025-02-25T10:22:56.347
1081;Nordjylland;2023-02-09;18;2025-02-25T10:22:56.347
1085;Sjælland;2023-02-09;33;2025-02-25T10:22:56.347
1083;Syddanmark;2023-02-09;38;2025-02-25T10:22:56.347
1084;Hovedstaden;2023-02-10;33;2025-02-25T10:22:56.347
1082;Midtjylland;2023-02-10;39;2025-02-25T10:22:56.347
1081;Nordjylland;2023-02-10;9;2025-02-25T10:22:56.347
1085;Sjælland;2023-02-10;33;2025-02-25T10:22:56.347
1083;Syddanmark;2023-02-10;32;2025-02-25T10:22:56.347
1084;Hovedstaden;2023-02-11;35;2025-02-25T10:22:56.347
1082;Midtjylland;2023-02-11;18;2025-02-25T10:22:56.347
1081;Nordjylland;2023-02-11;7;2025-02-25T10:22:56.347
1085;Sjælland;2023-02-11;13;2025-02-25T10:22:56.347
1083;Syddanmark;2023-02-11;12;2025-02-25T10:22:56.347
1084;Hovedstaden;2023-02-12;30;2025-02-25T10:22:56.347
1082;Midtjylland;2023-02-12;18;2025-02-25T10:22:56.347
1081;Nordjylland;2023-02-12;3;2025-02-25T10:22:56.347
1085;Sjælland;2023-02-12;16;2025-02-25T10:22:56.347
1083;Syddanmark;2023-02-12;40;2025-02-25T10:22:56.347
1084;Hovedstaden;2023-02-13;48;2025-02-25T10:22:56.347
1082;Midtjylland;2023-02-13;26;2025-02-25T10:22:56.347
1081;Nordjylland;2023-02-13;11;2025-02-25T10:22:56.347
1085;Sjælland;2023-02-13;32;2025-02-25T10:22:56.347
1083;Syddanmark;2023-02-13;42;2025-02-25T10:22:56.347
1084;Hovedstaden;2023-02-14;42;2025-02-25T10:22:56.347
1082;Midtjylland;2023-02-14;30;2025-02-25T10:22:56.347
1081;Nordjylland;2023-02-14;9;2025-02-25T10:22:56.347
1085;Sjælland;2023-02-14;46;2025-02-25T10:22:56.347
1083;Syddanmark;2023-02-14;22;2025-02-25T10:22:56.347
1084;Hovedstaden;2023-02-15;28;2025-02-25T10:22:56.347
1082;Midtjylland;2023-02-15;17;2025-02-25T10:22:56.347
1081;Nordjylland;2023-02-15;16;2025-02-25T10:22:56.347
1085;Sjælland;2023-02-15;21;2025-02-25T10:22:56.347
1083;Syddanmark;2023-02-15;38;2025-02-25T10:22:56.347
1084;Hovedstaden;2023-02-16;43;2025-02-25T10:22:56.347
1082;Midtjylland;2023-02-16;17;2025-02-25T10:22:56.347
1081;Nordjylland;2023-02-16;9;2025-02-25T10:22:56.347
1085;Sjælland;2023-02-16;25;2025-02-25T10:22:56.347
1083;Syddanmark;2023-02-16;31;2025-02-25T10:22:56.347
1084;Hovedstaden;2023-02-17;36;2025-02-25T10:22:56.347
1082;Midtjylland;2023-02-17;22;2025-02-25T10:22:56.347
1081;Nordjylland;2023-02-17;14;2025-02-25T10:22:56.347
1085;Sjælland;2023-02-17;21;2025-02-25T10:22:56.347
1083;Syddanmark;2023-02-17;25;2025-02-25T10:22:56.347
1084;Hovedstaden;2023-02-18;33;2025-02-25T10:22:56.347
1082;Midtjylland;2023-02-18;14;2025-02-25T10:22:56.347
1081;Nordjylland;2023-02-18;8;2025-02-25T10:22:56.347
1085;Sjælland;2023-02-18;17;2025-02-25T10:22:56.347
1083;Syddanmark;2023-02-18;10;2025-02-25T10:22:56.347
1084;Hovedstaden;2023-02-19;43;2025-02-25T10:22:56.347
1082;Midtjylland;2023-02-19;16;2025-02-25T10:22:56.347
1081;Nordjylland;2023-02-19;7;2025-02-25T10:22:56.347
1085;Sjælland;2023-02-19;15;2025-02-25T10:22:56.347
1083;Syddanmark;2023-02-19;22;2025-02-25T10:22:56.347
1084;Hovedstaden;2023-02-20;63;2025-02-25T10:22:56.347
1082;Midtjylland;2023-02-20;25;2025-02-25T10:22:56.347
1081;Nordjylland;2023-02-20;15;2025-02-25T10:22:56.347
1085;Sjælland;2023-02-20;25;2025-02-25T10:22:56.347
1083;Syddanmark;2023-02-20;44;2025-02-25T10:22:56.347
1084;Hovedstaden;2023-02-21;50;2025-02-25T10:22:56.347
1082;Midtjylland;2023-02-21;19;2025-02-25T10:22:56.347
1081;Nordjylland;2023-02-21;9;2025-02-25T10:22:56.347
1085;Sjælland;2023-02-21;19;2025-02-25T10:22:56.347
1083;Syddanmark;2023-02-21;15;2025-02-25T10:22:56.347
1084;Hovedstaden;2023-02-22;45;2025-02-25T10:22:56.347
1082;Midtjylland;2023-02-22;18;2025-02-25T10:22:56.347
1081;Nordjylland;2023-02-22;10;2025-02-25T10:22:56.347
1085;Sjælland;2023-02-22;37;2025-02-25T10:22:56.347
1083;Syddanmark;2023-02-22;40;2025-02-25T10:22:56.347
1084;Hovedstaden;2023-02-23;45;2025-02-25T10:22:56.347
1082;Midtjylland;2023-02-23;17;2025-02-25T10:22:56.347
1081;Nordjylland;2023-02-23;7;2025-02-25T10:22:56.347
1085;Sjælland;2023-02-23;11;2025-02-25T10:22:56.347
1083;Syddanmark;2023-02-23;29;2025-02-25T10:22:56.347
1084;Hovedstaden;2023-02-24;28;2025-02-25T10:22:56.347
1082;Midtjylland;2023-02-24;29;2025-02-25T10:22:56.347
1081;Nordjylland;2023-02-24;10;2025-02-25T10:22:56.347
1085;Sjælland;2023-02-24;21;2025-02-25T10:22:56.347
1083;Syddanmark;2023-02-24;23;2025-02-25T10:22:56.347
1084;Hovedstaden;2023-02-25;31;2025-02-25T10:22:56.347
1082;Midtjylland;2023-02-25;10;2025-02-25T10:22:56.347
1081;Nordjylland;2023-02-25;2;2025-02-25T10:22:56.347
1085;Sjælland;2023-02-25;18;2025-02-25T10:22:56.347
1083;Syddanmark;2023-02-25;8;2025-02-25T10:22:56.347
1084;Hovedstaden;2023-02-26;32;2025-02-25T10:22:56.347
1082;Midtjylland;2023-02-26;10;2025-02-25T10:22:56.347
1081;Nordjylland;2023-02-26;6;2025-02-25T10:22:56.347
1085;Sjælland;2023-02-26;14;2025-02-25T10:22:56.347
1083;Syddanmark;2023-02-26;14;2025-02-25T10:22:56.347
1084;Hovedstaden;2023-02-27;49;2025-02-25T10:22:56.347
1082;Midtjylland;2023-02-27;21;2025-02-25T10:22:56.347
1081;Nordjylland;2023-02-27;16;2025-02-25T10:22:56.347
1085;Sjælland;2023-02-27;24;2025-02-25T10:22:56.347
1083;Syddanmark;2023-02-27;31;2025-02-25T10:22:56.347
1084;Hovedstaden;2023-02-28;42;2025-02-25T10:22:56.347
1082;Midtjylland;2023-02-28;23;2025-02-25T10:22:56.347
1081;Nordjylland;2023-02-28;10;2025-02-25T10:22:56.347
1085;Sjælland;2023-02-28;23;2025-02-25T10:22:56.347
1083;Syddanmark;2023-02-28;30;2025-02-25T10:22:56.347
1084;Hovedstaden;2023-03-01;26;2025-02-25T10:22:56.347
1082;Midtjylland;2023-03-01;21;2025-02-25T10:22:56.347
1081;Nordjylland;2023-03-01;16;2025-02-25T10:22:56.347
1085;Sjælland;2023-03-01;24;2025-02-25T10:22:56.347
1083;Syddanmark;2023-03-01;17;2025-02-25T10:22:56.347
1084;Hovedstaden;2023-03-02;30;2025-02-25T10:22:56.347
1082;Midtjylland;2023-03-02;35;2025-02-25T10:22:56.347
1081;Nordjylland;2023-03-02;3;2025-02-25T10:22:56.347
1085;Sjælland;2023-03-02;17;2025-02-25T10:22:56.347
1083;Syddanmark;2023-03-02;24;2025-02-25T10:22:56.347
1084;Hovedstaden;2023-03-03;33;2025-02-25T10:22:56.347
1082;Midtjylland;2023-03-03;26;2025-02-25T10:22:56.347
1081;Nordjylland;2023-03-03;14;2025-02-25T10:22:56.347
1085;Sjælland;2023-03-03;26;2025-02-25T10:22:56.347
1083;Syddanmark;2023-03-03;20;2025-02-25T10:22:56.347
1084;Hovedstaden;2023-03-04;19;2025-02-25T10:22:56.347
1082;Midtjylland;2023-03-04;6;2025-02-25T10:22:56.347
1081;Nordjylland;2023-03-04;6;2025-02-25T10:22:56.347
1085;Sjælland;2023-03-04;19;2025-02-25T10:22:56.347
1083;Syddanmark;2023-03-04;12;2025-02-25T10:22:56.347
1084;Hovedstaden;2023-03-05;37;2025-02-25T10:22:56.347
1082;Midtjylland;2023-03-05;13;2025-02-25T10:22:56.347
1081;Nordjylland;2023-03-05;5;2025-02-25T10:22:56.347
1085;Sjælland;2023-03-05;24;2025-02-25T10:22:56.347
1083;Syddanmark;2023-03-05;19;2025-02-25T10:22:56.347
1084;Hovedstaden;2023-03-06;44;2025-02-25T10:22:56.347
1082;Midtjylland;2023-03-06;27;2025-02-25T10:22:56.347
1081;Nordjylland;2023-03-06;18;2025-02-25T10:22:56.347
1085;Sjælland;2023-03-06;29;2025-02-25T10:22:56.347
1083;Syddanmark;2023-03-06;29;2025-02-25T10:22:56.347
1084;Hovedstaden;2023-03-07;47;2025-02-25T10:22:56.347
1082;Midtjylland;2023-03-07;30;2025-02-25T10:22:56.347
1081;Nordjylland;2023-03-07;3;2025-02-25T10:22:56.347
1085;Sjælland;2023-03-07;25;2025-02-25T10:22:56.347
1083;Syddanmark;2023-03-07;29;2025-02-25T10:22:56.347
1084;Hovedstaden;2023-03-08;44;2025-02-25T10:22:56.347
1082;Midtjylland;2023-03-08;29;2025-02-25T10:22:56.347
1081;Nordjylland;2023-03-08;13;2025-02-25T10:22:56.347
1085;Sjælland;2023-03-08;29;2025-02-25T10:22:56.347
1083;Syddanmark;2023-03-08;28;2025-02-25T10:22:56.347
1084;Hovedstaden;2023-03-09;47;2025-02-25T10:22:56.347
1082;Midtjylland;2023-03-09;28;2025-02-25T10:22:56.347
1081;Nordjylland;2023-03-09;13;2025-02-25T10:22:56.347
1085;Sjælland;2023-03-09;17;2025-02-25T10:22:56.347
1083;Syddanmark;2023-03-09;25;2025-02-25T10:22:56.347
1084;Hovedstaden;2023-03-10;47;2025-02-25T10:22:56.347
1082;Midtjylland;2023-03-10;34;2025-02-25T10:22:56.347
1081;Nordjylland;2023-03-10;7;2025-02-25T10:22:56.347
1085;Sjælland;2023-03-10;17;2025-02-25T10:22:56.347
1083;Syddanmark;2023-03-10;26;2025-02-25T10:22:56.347
1084;Hovedstaden;2023-03-11;36;2025-02-25T10:22:56.347
1082;Midtjylland;2023-03-11;18;2025-02-25T10:22:56.347
1081;Nordjylland;2023-03-11;8;2025-02-25T10:22:56.347
1085;Sjælland;2023-03-11;28;2025-02-25T10:22:56.347
1083;Syddanmark;2023-03-11;16;2025-02-25T10:22:56.347
1084;Hovedstaden;2023-03-12;34;2025-02-25T10:22:56.347
1082;Midtjylland;2023-03-12;10;2025-02-25T10:22:56.347
1081;Nordjylland;2023-03-12;5;2025-02-25T10:22:56.347
1085;Sjælland;2023-03-12;22;2025-02-25T10:22:56.347
1083;Syddanmark;2023-03-12;22;2025-02-25T10:22:56.347
1084;Hovedstaden;2023-03-13;57;2025-02-25T10:22:56.347
1082;Midtjylland;2023-03-13;42;2025-02-25T10:22:56.347
1081;Nordjylland;2023-03-13;23;2025-02-25T10:22:56.347
1085;Sjælland;2023-03-13;43;2025-02-25T10:22:56.347
1083;Syddanmark;2023-03-13;35;2025-02-25T10:22:56.347
1084;Hovedstaden;2023-03-14;75;2025-02-25T10:22:56.347
1082;Midtjylland;2023-03-14;44;2025-02-25T10:22:56.347
1081;Nordjylland;2023-03-14;12;2025-02-25T10:22:56.347
1085;Sjælland;2023-03-14;36;2025-02-25T10:22:56.347
1083;Syddanmark;2023-03-14;38;2025-02-25T10:22:56.347
1084;Hovedstaden;2023-03-15;88;2025-02-25T10:22:56.347
1082;Midtjylland;2023-03-15;37;2025-02-25T10:22:56.347
1081;Nordjylland;2023-03-15;15;2025-02-25T10:22:56.347
1085;Sjælland;2023-03-15;60;2025-02-25T10:22:56.347
1083;Syddanmark;2023-03-15;47;2025-02-25T10:22:56.347
1084;Hovedstaden;2023-03-16;65;2025-02-25T10:22:56.347
1082;Midtjylland;2023-03-16;48;2025-02-25T10:22:56.347
1081;Nordjylland;2023-03-16;11;2025-02-25T10:22:56.347
1085;Sjælland;2023-03-16;34;2025-02-25T10:22:56.347
1083;Syddanmark;2023-03-16;41;2025-02-25T10:22:56.347
1084;Hovedstaden;2023-03-17;68;2025-02-25T10:22:56.347
1082;Midtjylland;2023-03-17;31;2025-02-25T10:22:56.347
1081;Nordjylland;2023-03-17;18;2025-02-25T10:22:56.347
1085;Sjælland;2023-03-17;37;2025-02-25T10:22:56.347
1083;Syddanmark;2023-03-17;47;2025-02-25T10:22:56.347
1084;Hovedstaden;2023-03-18;56;2025-02-25T10:22:56.347
1082;Midtjylland;2023-03-18;31;2025-02-25T10:22:56.347
1081;Nordjylland;2023-03-18;14;2025-02-25T10:22:56.347
1085;Sjælland;2023-03-18;26;2025-02-25T10:22:56.347
1083;Syddanmark;2023-03-18;13;2025-02-25T10:22:56.347
1084;Hovedstaden;2023-03-19;49;2025-02-25T10:22:56.347
1082;Midtjylland;2023-03-19;22;2025-02-25T10:22:56.347
1081;Nordjylland;2023-03-19;10;2025-02-25T10:22:56.347
1085;Sjælland;2023-03-19;32;2025-02-25T10:22:56.347
1083;Syddanmark;2023-03-19;34;2025-02-25T10:22:56.347
1084;Hovedstaden;2023-03-20;84;2025-02-25T10:22:56.347
1082;Midtjylland;2023-03-20;55;2025-02-25T10:22:56.347
1081;Nordjylland;2023-03-20;20;2025-02-25T10:22:56.347
1085;Sjælland;2023-03-20;60;2025-02-25T10:22:56.347
1083;Syddanmark;2023-03-20;51;2025-02-25T10:22:56.347
1084;Hovedstaden;2023-03-21;94;2025-02-25T10:22:56.347
1082;Midtjylland;2023-03-21;50;2025-02-25T10:22:56.347
1081;Nordjylland;2023-03-21;30;2025-02-25T10:22:56.347
1085;Sjælland;2023-03-21;55;2025-02-25T10:22:56.347
1083;Syddanmark;2023-03-21;48;2025-02-25T10:22:56.347
1084;Hovedstaden;2023-03-22;84;2025-02-25T10:22:56.347
1082;Midtjylland;2023-03-22;58;2025-02-25T10:22:56.347
1081;Nordjylland;2023-03-22;14;2025-02-25T10:22:56.347
1085;Sjælland;2023-03-22;55;2025-02-25T10:22:56.347
1083;Syddanmark;2023-03-22;76;2025-02-25T10:22:56.347
1084;Hovedstaden;2023-03-23;84;2025-02-25T10:22:56.347
1082;Midtjylland;2023-03-23;55;2025-02-25T10:22:56.347
1081;Nordjylland;2023-03-23;13;2025-02-25T10:22:56.347
1085;Sjælland;2023-03-23;39;2025-02-25T10:22:56.347
1083;Syddanmark;2023-03-23;38;2025-02-25T10:22:56.347
1084;Hovedstaden;2023-03-24;80;2025-02-25T10:22:56.347
1082;Midtjylland;2023-03-24;51;2025-02-25T10:22:56.347
1081;Nordjylland;2023-03-24;27;2025-02-25T10:22:56.347
1085;Sjælland;2023-03-24;29;2025-02-25T10:22:56.347
1083;Syddanmark;2023-03-24;46;2025-02-25T10:22:56.347
1084;Hovedstaden;2023-03-25;47;2025-02-25T10:22:56.347
1082;Midtjylland;2023-03-25;35;2025-02-25T10:22:56.347
1081;Nordjylland;2023-03-25;8;2025-02-25T10:22:56.347
1085;Sjælland;2023-03-25;40;2025-02-25T10:22:56.347
1083;Syddanmark;2023-03-25;26;2025-02-25T10:22:56.347
1084;Hovedstaden;2023-03-26;54;2025-02-25T10:22:56.347
1082;Midtjylland;2023-03-26;25;2025-02-25T10:22:56.347
1081;Nordjylland;2023-03-26;7;2025-02-25T10:22:56.347
1085;Sjælland;2023-03-26;26;2025-02-25T10:22:56.347
1083;Syddanmark;2023-03-26;25;2025-02-25T10:22:56.347
1084;Hovedstaden;2023-03-27;79;2025-02-25T10:22:56.347
1082;Midtjylland;2023-03-27;53;2025-02-25T10:22:56.347
1081;Nordjylland;2023-03-27;31;2025-02-25T10:22:56.347
1085;Sjælland;2023-03-27;55;2025-02-25T10:22:56.347
1083;Syddanmark;2023-03-27;58;2025-02-25T10:22:56.347
1084;Hovedstaden;2023-03-28;73;2025-02-25T10:22:56.347
1082;Midtjylland;2023-03-28;26;2025-02-25T10:22:56.347
1081;Nordjylland;2023-03-28;17;2025-02-25T10:22:56.347
1085;Sjælland;2023-03-28;55;2025-02-25T10:22:56.347
1083;Syddanmark;2023-03-28;46;2025-02-25T10:22:56.347
1084;Hovedstaden;2023-03-29;65;2025-02-25T10:22:56.347
1082;Midtjylland;2023-03-29;32;2025-02-25T10:22:56.347
1081;Nordjylland;2023-03-29;18;2025-02-25T10:22:56.347
1085;Sjælland;2023-03-29;48;2025-02-25T10:22:56.347
1083;Syddanmark;2023-03-29;41;2025-02-25T10:22:56.347
1084;Hovedstaden;2023-03-30;60;2025-02-25T10:22:56.347
1082;Midtjylland;2023-03-30;32;2025-02-25T10:22:56.347
1081;Nordjylland;2023-03-30;12;2025-02-25T10:22:56.347
1085;Sjælland;2023-03-30;36;2025-02-25T10:22:56.347
1083;Syddanmark;2023-03-30;41;2025-02-25T10:22:56.347
1084;Hovedstaden;2023-03-31;69;2025-02-25T10:22:56.347
1082;Midtjylland;2023-03-31;30;2025-02-25T10:22:56.347
1081;Nordjylland;2023-03-31;24;2025-02-25T10:22:56.347
1085;Sjælland;2023-03-31;34;2025-02-25T10:22:56.347
1083;Syddanmark;2023-03-31;34;2025-02-25T10:22:56.347
1084;Hovedstaden;2023-04-01;36;2025-02-25T10:22:56.347
1082;Midtjylland;2023-04-01;7;2025-02-25T10:22:56.347
1081;Nordjylland;2023-04-01;9;2025-02-25T10:22:56.347
1085;Sjælland;2023-04-01;15;2025-02-25T10:22:56.347
1083;Syddanmark;2023-04-01;20;2025-02-25T10:22:56.347
1084;Hovedstaden;2023-04-02;32;2025-02-25T10:22:56.347
1082;Midtjylland;2023-04-02;10;2025-02-25T10:22:56.347
1081;Nordjylland;2023-04-02;9;2025-02-25T10:22:56.347
1085;Sjælland;2023-04-02;8;2025-02-25T10:22:56.347
1083;Syddanmark;2023-04-02;20;2025-02-25T10:22:56.347
1084;Hovedstaden;2023-04-03;58;2025-02-25T10:22:56.347
1082;Midtjylland;2023-04-03;20;2025-02-25T10:22:56.347
1081;Nordjylland;2023-04-03;17;2025-02-25T10:22:56.347
1085;Sjælland;2023-04-03;27;2025-02-25T10:22:56.347
1083;Syddanmark;2023-04-03;32;2025-02-25T10:22:56.347
1084;Hovedstaden;2023-04-04;45;2025-02-25T10:22:56.347
1082;Midtjylland;2023-04-04;18;2025-02-25T10:22:56.347
1081;Nordjylland;2023-04-04;15;2025-02-25T10:22:56.347
1085;Sjælland;2023-04-04;21;2025-02-25T10:22:56.347
1083;Syddanmark;2023-04-04;26;2025-02-25T10:22:56.347
1084;Hovedstaden;2023-04-05;44;2025-02-25T10:22:56.347
1082;Midtjylland;2023-04-05;11;2025-02-25T10:22:56.347
1081;Nordjylland;2023-04-05;13;2025-02-25T10:22:56.347
1085;Sjælland;2023-04-05;15;2025-02-25T10:22:56.347
1083;Syddanmark;2023-04-05;35;2025-02-25T10:22:56.347
1084;Hovedstaden;2023-04-06;39;2025-02-25T10:22:56.347
1082;Midtjylland;2023-04-06;7;2025-02-25T10:22:56.347
1081;Nordjylland;2023-04-06;10;2025-02-25T10:22:56.347
1085;Sjælland;2023-04-06;15;2025-02-25T10:22:56.347
1083;Syddanmark;2023-04-06;12;2025-02-25T10:22:56.347
1084;Hovedstaden;2023-04-07;42;2025-02-25T10:22:56.347
1082;Midtjylland;2023-04-07;17;2025-02-25T10:22:56.347
1081;Nordjylland;2023-04-07;3;2025-02-25T10:22:56.347
1085;Sjælland;2023-04-07;12;2025-02-25T10:22:56.347
1083;Syddanmark;2023-04-07;14;2025-02-25T10:22:56.347
1084;Hovedstaden;2023-04-08;29;2025-02-25T10:22:56.347
1082;Midtjylland;2023-04-08;21;2025-02-25T10:22:56.347
1081;Nordjylland;2023-04-08;6;2025-02-25T10:22:56.347
1085;Sjælland;2023-04-08;10;2025-02-25T10:22:56.347
1083;Syddanmark;2023-04-08;17;2025-02-25T10:22:56.347
1084;Hovedstaden;2023-04-09;34;2025-02-25T10:22:56.347
1082;Midtjylland;2023-04-09;20;2025-02-25T10:22:56.347
1081;Nordjylland;2023-04-09;10;2025-02-25T10:22:56.347
1085;Sjælland;2023-04-09;12;2025-02-25T10:22:56.347
1083;Syddanmark;2023-04-09;17;2025-02-25T10:22:56.347
1084;Hovedstaden;2023-04-10;34;2025-02-25T10:22:56.347
1082;Midtjylland;2023-04-10;19;2025-02-25T10:22:56.347
1081;Nordjylland;2023-04-10;6;2025-02-25T10:22:56.347
1085;Sjælland;2023-04-10;14;2025-02-25T10:22:56.347
1083;Syddanmark;2023-04-10;23;2025-02-25T10:22:56.347
1084;Hovedstaden;2023-04-11;62;2025-02-25T10:22:56.347
1082;Midtjylland;2023-04-11;21;2025-02-25T10:22:56.347
1081;Nordjylland;2023-04-11;12;2025-02-25T10:22:56.347
1085;Sjælland;2023-04-11;30;2025-02-25T10:22:56.347
1083;Syddanmark;2023-04-11;32;2025-02-25T10:22:56.347
1084;Hovedstaden;2023-04-12;67;2025-02-25T10:22:56.347
1082;Midtjylland;2023-04-12;19;2025-02-25T10:22:56.347
1081;Nordjylland;2023-04-12;10;2025-02-25T10:22:56.347
1085;Sjælland;2023-04-12;31;2025-02-25T10:22:56.347
1083;Syddanmark;2023-04-12;31;2025-02-25T10:22:56.347
1084;Hovedstaden;2023-04-13;53;2025-02-25T10:22:56.347
1082;Midtjylland;2023-04-13;16;2025-02-25T10:22:56.347
1081;Nordjylland;2023-04-13;9;2025-02-25T10:22:56.347
1085;Sjælland;2023-04-13;23;2025-02-25T10:22:56.347
1083;Syddanmark;2023-04-13;50;2025-02-25T10:22:56.347
1084;Hovedstaden;2023-04-14;45;2025-02-25T10:22:56.347
1082;Midtjylland;2023-04-14;15;2025-02-25T10:22:56.347
1081;Nordjylland;2023-04-14;12;2025-02-25T10:22:56.347
1085;Sjælland;2023-04-14;19;2025-02-25T10:22:56.347
1083;Syddanmark;2023-04-14;30;2025-02-25T10:22:56.347
1084;Hovedstaden;2023-04-15;27;2025-02-25T10:22:56.347
1082;Midtjylland;2023-04-15;15;2025-02-25T10:22:56.347
1081;Nordjylland;2023-04-15;6;2025-02-25T10:22:56.347
1085;Sjælland;2023-04-15;3;2025-02-25T10:22:56.347
1083;Syddanmark;2023-04-15;17;2025-02-25T10:22:56.347
1084;Hovedstaden;2023-04-16;17;2025-02-25T10:22:56.347
1082;Midtjylland;2023-04-16;14;2025-02-25T10:22:56.347
1081;Nordjylland;2023-04-16;9;2025-02-25T10:22:56.347
1085;Sjælland;2023-04-16;8;2025-02-25T10:22:56.347
1083;Syddanmark;2023-04-16;14;2025-02-25T10:22:56.347
1084;Hovedstaden;2023-04-17;49;2025-02-25T10:22:56.347
1082;Midtjylland;2023-04-17;19;2025-02-25T10:22:56.347
1081;Nordjylland;2023-04-17;8;2025-02-25T10:22:56.347
1085;Sjælland;2023-04-17;14;2025-02-25T10:22:56.347
1083;Syddanmark;2023-04-17;30;2025-02-25T10:22:56.347
1084;Hovedstaden;2023-04-18;41;2025-02-25T10:22:56.347
1082;Midtjylland;2023-04-18;15;2025-02-25T10:22:56.347
1081;Nordjylland;2023-04-18;11;2025-02-25T10:22:56.347
1085;Sjælland;2023-04-18;21;2025-02-25T10:22:56.347
1083;Syddanmark;2023-04-18;12;2025-02-25T10:22:56.347
1084;Hovedstaden;2023-04-19;49;2025-02-25T10:22:56.347
1082;Midtjylland;2023-04-19;11;2025-02-25T10:22:56.347
1081;Nordjylland;2023-04-19;12;2025-02-25T10:22:56.347
1085;Sjælland;2023-04-19;18;2025-02-25T10:22:56.347
1083;Syddanmark;2023-04-19;28;2025-02-25T10:22:56.347
1084;Hovedstaden;2023-04-20;50;2025-02-25T10:22:56.347
1082;Midtjylland;2023-04-20;10;2025-02-25T10:22:56.347
1081;Nordjylland;2023-04-20;14;2025-02-25T10:22:56.347
1085;Sjælland;2023-04-20;23;2025-02-25T10:22:56.347
1083;Syddanmark;2023-04-20;15;2025-02-25T10:22:56.347
1084;Hovedstaden;2023-04-21;33;2025-02-25T10:22:56.347
1082;Midtjylland;2023-04-21;19;2025-02-25T10:22:56.347
1081;Nordjylland;2023-04-21;8;2025-02-25T10:22:56.347
1085;Sjælland;2023-04-21;18;2025-02-25T10:22:56.347
1083;Syddanmark;2023-04-21;14;2025-02-25T10:22:56.347
1084;Hovedstaden;2023-04-22;21;2025-02-25T10:22:56.347
1082;Midtjylland;2023-04-22;15;2025-02-25T10:22:56.347
1081;Nordjylland;2023-04-22;6;2025-02-25T10:22:56.347
1085;Sjælland;2023-04-22;15;2025-02-25T10:22:56.347
1083;Syddanmark;2023-04-22;5;2025-02-25T10:22:56.347
1084;Hovedstaden;2023-04-23;26;2025-02-25T10:22:56.347
1082;Midtjylland;2023-04-23;8;2025-02-25T10:22:56.347
1081;Nordjylland;2023-04-23;9;2025-02-25T10:22:56.347
1085;Sjælland;2023-04-23;12;2025-02-25T10:22:56.347
1083;Syddanmark;2023-04-23;17;2025-02-25T10:22:56.347
1084;Hovedstaden;2023-04-24;37;2025-02-25T10:22:56.347
1082;Midtjylland;2023-04-24;16;2025-02-25T10:22:56.347
1081;Nordjylland;2023-04-24;10;2025-02-25T10:22:56.347
1085;Sjælland;2023-04-24;23;2025-02-25T10:22:56.347
1083;Syddanmark;2023-04-24;17;2025-02-25T10:22:56.347
1084;Hovedstaden;2023-04-25;41;2025-02-25T10:22:56.347
1082;Midtjylland;2023-04-25;12;2025-02-25T10:22:56.347
1081;Nordjylland;2023-04-25;13;2025-02-25T10:22:56.347
1085;Sjælland;2023-04-25;18;2025-02-25T10:22:56.347
1083;Syddanmark;2023-04-25;17;2025-02-25T10:22:56.347
1084;Hovedstaden;2023-04-26;30;2025-02-25T10:22:56.347
1082;Midtjylland;2023-04-26;12;2025-02-25T10:22:56.347
1081;Nordjylland;2023-04-26;7;2025-02-25T10:22:56.347
1085;Sjælland;2023-04-26;18;2025-02-25T10:22:56.347
1083;Syddanmark;2023-04-26;16;2025-02-25T10:22:56.347
1084;Hovedstaden;2023-04-27;46;2025-02-25T10:22:56.347
1082;Midtjylland;2023-04-27;8;2025-02-25T10:22:56.347
1081;Nordjylland;2023-04-27;9;2025-02-25T10:22:56.347
1085;Sjælland;2023-04-27;13;2025-02-25T10:22:56.347
1083;Syddanmark;2023-04-27;14;2025-02-25T10:22:56.347
1084;Hovedstaden;2023-04-28;25;2025-02-25T10:22:56.347
1082;Midtjylland;2023-04-28;14;2025-02-25T10:22:56.347
1081;Nordjylland;2023-04-28;12;2025-02-25T10:22:56.347
1085;Sjælland;2023-04-28;9;2025-02-25T10:22:56.347
1083;Syddanmark;2023-04-28;10;2025-02-25T10:22:56.347
1084;Hovedstaden;2023-04-29;15;2025-02-25T10:22:56.347
1082;Midtjylland;2023-04-29;6;2025-02-25T10:22:56.347
1081;Nordjylland;2023-04-29;7;2025-02-25T10:22:56.347
1085;Sjælland;2023-04-29;9;2025-02-25T10:22:56.347
1083;Syddanmark;2023-04-29;10;2025-02-25T10:22:56.347
1084;Hovedstaden;2023-04-30;20;2025-02-25T10:22:56.347
1082;Midtjylland;2023-04-30;6;2025-02-25T10:22:56.347
1081;Nordjylland;2023-04-30;5;2025-02-25T10:22:56.347
1085;Sjælland;2023-04-30;8;2025-02-25T10:22:56.347
1083;Syddanmark;2023-04-30;11;2025-02-25T10:22:56.347
1084;Hovedstaden;2023-05-01;33;2025-02-25T10:22:56.347
1082;Midtjylland;2023-05-01;15;2025-02-25T10:22:56.347
1081;Nordjylland;2023-05-01;12;2025-02-25T10:22:56.347
1085;Sjælland;2023-05-01;18;2025-02-25T10:22:56.347
1083;Syddanmark;2023-05-01;33;2025-02-25T10:22:56.347
1084;Hovedstaden;2023-05-02;44;2025-02-25T10:22:56.347
1082;Midtjylland;2023-05-02;10;2025-02-25T10:22:56.347
1081;Nordjylland;2023-05-02;9;2025-02-25T10:22:56.347
1085;Sjælland;2023-05-02;13;2025-02-25T10:22:56.347
1083;Syddanmark;2023-05-02;23;2025-02-25T10:22:56.347
1084;Hovedstaden;2023-05-03;38;2025-02-25T10:22:56.347
1082;Midtjylland;2023-05-03;12;2025-02-25T10:22:56.347
1081;Nordjylland;2023-05-03;6;2025-02-25T10:22:56.347
1085;Sjælland;2023-05-03;15;2025-02-25T10:22:56.347
1083;Syddanmark;2023-05-03;18;2025-02-25T10:22:56.347
1084;Hovedstaden;2023-05-04;21;2025-02-25T10:22:56.347
1082;Midtjylland;2023-05-04;12;2025-02-25T10:22:56.347
1081;Nordjylland;2023-05-04;4;2025-02-25T10:22:56.347
1085;Sjælland;2023-05-04;16;2025-02-25T10:22:56.347
1083;Syddanmark;2023-05-04;19;2025-02-25T10:22:56.347
1084;Hovedstaden;2023-05-05;20;2025-02-25T10:22:56.347
1082;Midtjylland;2023-05-05;7;2025-02-25T10:22:56.347
1081;Nordjylland;2023-05-05;6;2025-02-25T10:22:56.347
1085;Sjælland;2023-05-05;8;2025-02-25T10:22:56.347
1083;Syddanmark;2023-05-05;5;2025-02-25T10:22:56.347
1084;Hovedstaden;2023-05-06;26;2025-02-25T10:22:56.347
1082;Midtjylland;2023-05-06;9;2025-02-25T10:22:56.347
1081;Nordjylland;2023-05-06;5;2025-02-25T10:22:56.347
1085;Sjælland;2023-05-06;7;2025-02-25T10:22:56.347
1083;Syddanmark;2023-05-06;10;2025-02-25T10:22:56.347
1084;Hovedstaden;2023-05-07;24;2025-02-25T10:22:56.347
1082;Midtjylland;2023-05-07;13;2025-02-25T10:22:56.347
1081;Nordjylland;2023-05-07;4;2025-02-25T10:22:56.347
1085;Sjælland;2023-05-07;6;2025-02-25T10:22:56.347
1083;Syddanmark;2023-05-07;12;2025-02-25T10:22:56.347
1084;Hovedstaden;2023-05-08;47;2025-02-25T10:22:56.347
1082;Midtjylland;2023-05-08;13;2025-02-25T10:22:56.347
1081;Nordjylland;2023-05-08;11;2025-02-25T10:22:56.347
1085;Sjælland;2023-05-08;18;2025-02-25T10:22:56.347
1083;Syddanmark;2023-05-08;23;2025-02-25T10:22:56.347
1084;Hovedstaden;2023-05-09;53;2025-02-25T10:22:56.347
1082;Midtjylland;2023-05-09;11;2025-02-25T10:22:56.347
1081;Nordjylland;2023-05-09;6;2025-02-25T10:22:56.347
1085;Sjælland;2023-05-09;23;2025-02-25T10:22:56.347
1083;Syddanmark;2023-05-09;19;2025-02-25T10:22:56.347
1084;Hovedstaden;2023-05-10;29;2025-02-25T10:22:56.347
1082;Midtjylland;2023-05-10;16;2025-02-25T10:22:56.347
1081;Nordjylland;2023-05-10;9;2025-02-25T10:22:56.347
1085;Sjælland;2023-05-10;19;2025-02-25T10:22:56.347
1083;Syddanmark;2023-05-10;28;2025-02-25T10:22:56.347
1084;Hovedstaden;2023-05-11;40;2025-02-25T10:22:56.347
1082;Midtjylland;2023-05-11;11;2025-02-25T10:22:56.347
1081;Nordjylland;2023-05-11;6;2025-02-25T10:22:56.347
1085;Sjælland;2023-05-11;14;2025-02-25T10:22:56.347
1083;Syddanmark;2023-05-11;15;2025-02-25T10:22:56.347
1084;Hovedstaden;2023-05-12;27;2025-02-25T10:22:56.347
1082;Midtjylland;2023-05-12;9;2025-02-25T10:22:56.347
1081;Nordjylland;2023-05-12;3;2025-02-25T10:22:56.347
1085;Sjælland;2023-05-12;12;2025-02-25T10:22:56.347
1083;Syddanmark;2023-05-12;15;2025-02-25T10:22:56.347
1084;Hovedstaden;2023-05-13;17;2025-02-25T10:22:56.347
1082;Midtjylland;2023-05-13;6;2025-02-25T10:22:56.347
1081;Nordjylland;2023-05-13;2;2025-02-25T10:22:56.347
1085;Sjælland;2023-05-13;5;2025-02-25T10:22:56.347
1083;Syddanmark;2023-05-13;9;2025-02-25T10:22:56.347
1084;Hovedstaden;2023-05-14;15;2025-02-25T10:22:56.347
1082;Midtjylland;2023-05-14;5;2025-02-25T10:22:56.347
1081;Nordjylland;2023-05-14;8;2025-02-25T10:22:56.347
1085;Sjælland;2023-05-14;3;2025-02-25T10:22:56.347
1083;Syddanmark;2023-05-14;16;2025-02-25T10:22:56.347
1084;Hovedstaden;2023-05-15;31;2025-02-25T10:22:56.347
1082;Midtjylland;2023-05-15;16;2025-02-25T10:22:56.347
1081;Nordjylland;2023-05-15;6;2025-02-25T10:22:56.347
1085;Sjælland;2023-05-15;14;2025-02-25T10:22:56.347
1083;Syddanmark;2023-05-15;23;2025-02-25T10:22:56.347
1084;Hovedstaden;2023-05-16;29;2025-02-25T10:22:56.347
1082;Midtjylland;2023-05-16;6;2025-02-25T10:22:56.347
1081;Nordjylland;2023-05-16;7;2025-02-25T10:22:56.347
1085;Sjælland;2023-05-16;15;2025-02-25T10:22:56.347
1083;Syddanmark;2023-05-16;14;2025-02-25T10:22:56.347
1084;Hovedstaden;2023-05-17;17;2025-02-25T10:22:56.347
1082;Midtjylland;2023-05-17;9;2025-02-25T10:22:56.347
1081;Nordjylland;2023-05-17;1;2025-02-25T10:22:56.347
1085;Sjælland;2023-05-17;9;2025-02-25T10:22:56.347
1083;Syddanmark;2023-05-17;9;2025-02-25T10:22:56.347
1084;Hovedstaden;2023-05-18;10;2025-02-25T10:22:56.347
1082;Midtjylland;2023-05-18;5;2025-02-25T10:22:56.347
1081;Nordjylland;2023-05-18;3;2025-02-25T10:22:56.347
1085;Sjælland;2023-05-18;8;2025-02-25T10:22:56.347
1083;Syddanmark;2023-05-18;9;2025-02-25T10:22:56.347
1084;Hovedstaden;2023-05-19;27;2025-02-25T10:22:56.347
1082;Midtjylland;2023-05-19;4;2025-02-25T10:22:56.347
1081;Nordjylland;2023-05-19;6;2025-02-25T10:22:56.347
1085;Sjælland;2023-05-19;3;2025-02-25T10:22:56.347
1083;Syddanmark;2023-05-19;7;2025-02-25T10:22:56.347
1084;Hovedstaden;2023-05-20;14;2025-02-25T10:22:56.347
1082;Midtjylland;2023-05-20;6;2025-02-25T10:22:56.347
1081;Nordjylland;2023-05-20;1;2025-02-25T10:22:56.347
1085;Sjælland;2023-05-20;7;2025-02-25T10:22:56.347
1083;Syddanmark;2023-05-20;9;2025-02-25T10:22:56.347
1084;Hovedstaden;2023-05-21;12;2025-02-25T10:22:56.347
1082;Midtjylland;2023-05-21;8;2025-02-25T10:22:56.347
1081;Nordjylland;2023-05-21;4;2025-02-25T10:22:56.347
1085;Sjælland;2023-05-21;7;2025-02-25T10:22:56.347
1083;Syddanmark;2023-05-21;10;2025-02-25T10:22:56.347
1084;Hovedstaden;2023-05-22;31;2025-02-25T10:22:56.347
1082;Midtjylland;2023-05-22;9;2025-02-25T10:22:56.347
1081;Nordjylland;2023-05-22;4;2025-02-25T10:22:56.347
1085;Sjælland;2023-05-22;5;2025-02-25T10:22:56.347
1083;Syddanmark;2023-05-22;8;2025-02-25T10:22:56.347
1084;Hovedstaden;2023-05-23;20;2025-02-25T10:22:56.347
1082;Midtjylland;2023-05-23;8;2025-02-25T10:22:56.347
1081;Nordjylland;2023-05-23;3;2025-02-25T10:22:56.347
1085;Sjælland;2023-05-23;16;2025-02-25T10:22:56.347
1083;Syddanmark;2023-05-23;15;2025-02-25T10:22:56.347
1084;Hovedstaden;2023-05-24;12;2025-02-25T10:22:56.347
1082;Midtjylland;2023-05-24;8;2025-02-25T10:22:56.347
1081;Nordjylland;2023-05-24;7;2025-02-25T10:22:56.347
1085;Sjælland;2023-05-24;7;2025-02-25T10:22:56.347
1083;Syddanmark;2023-05-24;13;2025-02-25T10:22:56.347
1084;Hovedstaden;2023-05-25;24;2025-02-25T10:22:56.347
1082;Midtjylland;2023-05-25;8;2025-02-25T10:22:56.347
1081;Nordjylland;2023-05-25;2;2025-02-25T10:22:56.347
1085;Sjælland;2023-05-25;10;2025-02-25T10:22:56.347
1083;Syddanmark;2023-05-25;10;2025-02-25T10:22:56.347
1084;Hovedstaden;2023-05-26;17;2025-02-25T10:22:56.347
1082;Midtjylland;2023-05-26;6;2025-02-25T10:22:56.347
1081;Nordjylland;2023-05-26;4;2025-02-25T10:22:56.347
1085;Sjælland;2023-05-26;7;2025-02-25T10:22:56.347
1083;Syddanmark;2023-05-26;5;2025-02-25T10:22:56.347
1084;Hovedstaden;2023-05-27;8;2025-02-25T10:22:56.347
1082;Midtjylland;2023-05-27;1;2025-02-25T10:22:56.347
1081;Nordjylland;2023-05-27;3;2025-02-25T10:22:56.347
1085;Sjælland;2023-05-27;4;2025-02-25T10:22:56.347
1083;Syddanmark;2023-05-27;4;2025-02-25T10:22:56.347
1084;Hovedstaden;2023-05-28;3;2025-02-25T10:22:56.347
1082;Midtjylland;2023-05-28;4;2025-02-25T10:22:56.347
1081;Nordjylland;2023-05-28;7;2025-02-25T10:22:56.347
1085;Sjælland;2023-05-28;5;2025-02-25T10:22:56.347
1083;Syddanmark;2023-05-28;3;2025-02-25T10:22:56.347
1084;Hovedstaden;2023-05-29;4;2025-02-25T10:22:56.347
1082;Midtjylland;2023-05-29;6;2025-02-25T10:22:56.347
1081;Nordjylland;2023-05-29;3;2025-02-25T10:22:56.347
1085;Sjælland;2023-05-29;4;2025-02-25T10:22:56.347
1083;Syddanmark;2023-05-29;6;2025-02-25T10:22:56.347
1084;Hovedstaden;2023-05-30;12;2025-02-25T10:22:56.347
1082;Midtjylland;2023-05-30;5;2025-02-25T10:22:56.347
1081;Nordjylland;2023-05-30;3;2025-02-25T10:22:56.347
1085;Sjælland;2023-05-30;8;2025-02-25T10:22:56.347
1083;Syddanmark;2023-05-30;9;2025-02-25T10:22:56.347
1084;Hovedstaden;2023-05-31;13;2025-02-25T10:22:56.347
1082;Midtjylland;2023-05-31;3;2025-02-25T10:22:56.347
1081;Nordjylland;2023-05-31;3;2025-02-25T10:22:56.347
1085;Sjælland;2023-05-31;5;2025-02-25T10:22:56.347
1083;Syddanmark;2023-05-31;9;2025-02-25T10:22:56.347
1084;Hovedstaden;2023-06-01;13;2025-02-25T10:22:56.347
1082;Midtjylland;2023-06-01;5;2025-02-25T10:22:56.347
1081;Nordjylland;2023-06-01;2;2025-02-25T10:22:56.347
1085;Sjælland;2023-06-01;3;2025-02-25T10:22:56.347
1083;Syddanmark;2023-06-01;2;2025-02-25T10:22:56.347
1084;Hovedstaden;2023-06-02;7;2025-02-25T10:22:56.347
1082;Midtjylland;2023-06-02;3;2025-02-25T10:22:56.347
1081;Nordjylland;2023-06-02;4;2025-02-25T10:22:56.347
1085;Sjælland;2023-06-02;5;2025-02-25T10:22:56.347
1083;Syddanmark;2023-06-02;8;2025-02-25T10:22:56.347
1084;Hovedstaden;2023-06-03;7;2025-02-25T10:22:56.347
1082;Midtjylland;2023-06-03;5;2025-02-25T10:22:56.347
1081;Nordjylland;2023-06-03;2;2025-02-25T10:22:56.347
1085;Sjælland;2023-06-03;4;2025-02-25T10:22:56.347
1083;Syddanmark;2023-06-03;2;2025-02-25T10:22:56.347
1084;Hovedstaden;2023-06-04;4;2025-02-25T10:22:56.347
1082;Midtjylland;2023-06-04;1;2025-02-25T10:22:56.347
1081;Nordjylland;2023-06-04;2;2025-02-25T10:22:56.347
1085;Sjælland;2023-06-04;2;2025-02-25T10:22:56.347
1083;Syddanmark;2023-06-04;5;2025-02-25T10:22:56.347
1084;Hovedstaden;2023-06-05;6;2025-02-25T10:22:56.347
1082;Midtjylland;2023-06-05;3;2025-02-25T10:22:56.347
1085;Sjælland;2023-06-05;5;2025-02-25T10:22:56.347
1083;Syddanmark;2023-06-05;4;2025-02-25T10:22:56.347
1084;Hovedstaden;2023-06-06;15;2025-02-25T10:22:56.347
1082;Midtjylland;2023-06-06;1;2025-02-25T10:22:56.347
1081;Nordjylland;2023-06-06;5;2025-02-25T10:22:56.347
1085;Sjælland;2023-06-06;7;2025-02-25T10:22:56.347
1083;Syddanmark;2023-06-06;10;2025-02-25T10:22:56.347
1084;Hovedstaden;2023-06-07;6;2025-02-25T10:22:56.347
1082;Midtjylland;2023-06-07;3;2025-02-25T10:22:56.347
1081;Nordjylland;2023-06-07;1;2025-02-25T10:22:56.347
1085;Sjælland;2023-06-07;3;2025-02-25T10:22:56.347
1083;Syddanmark;2023-06-07;11;2025-02-25T10:22:56.347
1084;Hovedstaden;2023-06-08;12;2025-02-25T10:22:56.347
1082;Midtjylland;2023-06-08;3;2025-02-25T10:22:56.347
1081;Nordjylland;2023-06-08;3;2025-02-25T10:22:56.347
1085;Sjælland;2023-06-08;5;2025-02-25T10:22:56.347
1083;Syddanmark;2023-06-08;7;2025-02-25T10:22:56.347
1084;Hovedstaden;2023-06-09;10;2025-02-25T10:22:56.347
1082;Midtjylland;2023-06-09;3;2025-02-25T10:22:56.347
1081;Nordjylland;2023-06-09;2;2025-02-25T10:22:56.347
1085;Sjælland;2023-06-09;2;2025-02-25T10:22:56.347
1084;Hovedstaden;2023-06-10;7;2025-02-25T10:22:56.347
1082;Midtjylland;2023-06-10;2;2025-02-25T10:22:56.347
1085;Sjælland;2023-06-10;3;2025-02-25T10:22:56.347
1083;Syddanmark;2023-06-10;5;2025-02-25T10:22:56.347
1084;Hovedstaden;2023-06-11;8;2025-02-25T10:22:56.347
1082;Midtjylland;2023-06-11;3;2025-02-25T10:22:56.347
1081;Nordjylland;2023-06-11;2;2025-02-25T10:22:56.347
1085;Sjælland;2023-06-11;3;2025-02-25T10:22:56.347
1083;Syddanmark;2023-06-11;2;2025-02-25T10:22:56.347
1084;Hovedstaden;2023-06-12;13;2025-02-25T10:22:56.347
1082;Midtjylland;2023-06-12;6;2025-02-25T10:22:56.347
1081;Nordjylland;2023-06-12;2;2025-02-25T10:22:56.347
1085;Sjælland;2023-06-12;6;2025-02-25T10:22:56.347
1083;Syddanmark;2023-06-12;12;2025-02-25T10:22:56.347
1084;Hovedstaden;2023-06-13;5;2025-02-25T10:22:56.347
1082;Midtjylland;2023-06-13;1;2025-02-25T10:22:56.347
1085;Sjælland;2023-06-13;3;2025-02-25T10:22:56.347
1083;Syddanmark;2023-06-13;3;2025-02-25T10:22:56.347
1084;Hovedstaden;2023-06-14;10;2025-02-25T10:22:56.347
1082;Midtjylland;2023-06-14;1;2025-02-25T10:22:56.347
1081;Nordjylland;2023-06-14;1;2025-02-25T10:22:56.347
1085;Sjælland;2023-06-14;4;2025-02-25T10:22:56.347
1083;Syddanmark;2023-06-14;3;2025-02-25T10:22:56.347
1084;Hovedstaden;2023-06-15;12;2025-02-25T10:22:56.347
1081;Nordjylland;2023-06-15;2;2025-02-25T10:22:56.347
1085;Sjælland;2023-06-15;2;2025-02-25T10:22:56.347
1083;Syddanmark;2023-06-15;7;2025-02-25T10:22:56.347
1084;Hovedstaden;2023-06-16;10;2025-02-25T10:22:56.347
1082;Midtjylland;2023-06-16;1;2025-02-25T10:22:56.347
1081;Nordjylland;2023-06-16;1;2025-02-25T10:22:56.347
1085;Sjælland;2023-06-16;4;2025-02-25T10:22:56.347
1083;Syddanmark;2023-06-16;2;2025-02-25T10:22:56.347
1084;Hovedstaden;2023-06-17;4;2025-02-25T10:22:56.347
1082;Midtjylland;2023-06-17;1;2025-02-25T10:22:56.347
1083;Syddanmark;2023-06-17;4;2025-02-25T10:22:56.347
1084;Hovedstaden;2023-06-18;3;2025-02-25T10:22:56.347
1085;Sjælland;2023-06-18;1;2025-02-25T10:22:56.347
1084;Hovedstaden;2023-06-19;10;2025-02-25T10:22:56.347
1082;Midtjylland;2023-06-19;3;2025-02-25T10:22:56.347
1081;Nordjylland;2023-06-19;2;2025-02-25T10:22:56.347
1085;Sjælland;2023-06-19;8;2025-02-25T10:22:56.347
1083;Syddanmark;2023-06-19;3;2025-02-25T10:22:56.347
1084;Hovedstaden;2023-06-20;5;2025-02-25T10:22:56.347
1082;Midtjylland;2023-06-20;3;2025-02-25T10:22:56.347
1081;Nordjylland;2023-06-20;1;2025-02-25T10:22:56.347
1085;Sjælland;2023-06-20;6;2025-02-25T10:22:56.347
1083;Syddanmark;2023-06-20;3;2025-02-25T10:22:56.347
1084;Hovedstaden;2023-06-21;5;2025-02-25T10:22:56.347
1082;Midtjylland;2023-06-21;2;2025-02-25T10:22:56.347
1081;Nordjylland;2023-06-21;2;2025-02-25T10:22:56.347
1083;Syddanmark;2023-06-21;2;2025-02-25T10:22:56.347
1084;Hovedstaden;2023-06-22;5;2025-02-25T10:22:56.347
1082;Midtjylland;2023-06-22;2;2025-02-25T10:22:56.347
1085;Sjælland;2023-06-22;2;2025-02-25T10:22:56.347
1083;Syddanmark;2023-06-22;3;2025-02-25T10:22:56.347
1084;Hovedstaden;2023-06-23;3;2025-02-25T10:22:56.347
1082;Midtjylland;2023-06-23;2;2025-02-25T10:22:56.347
1081;Nordjylland;2023-06-23;2;2025-02-25T10:22:56.347
1085;Sjælland;2023-06-23;2;2025-02-25T10:22:56.347
1083;Syddanmark;2023-06-23;6;2025-02-25T10:22:56.347
1084;Hovedstaden;2023-06-24;1;2025-02-25T10:22:56.347
1082;Midtjylland;2023-06-24;3;2025-02-25T10:22:56.347
1081;Nordjylland;2023-06-24;2;2025-02-25T10:22:56.347
1085;Sjælland;2023-06-24;1;2025-02-25T10:22:56.347
1084;Hovedstaden;2023-06-25;4;2025-02-25T10:22:56.347
1082;Midtjylland;2023-06-25;1;2025-02-25T10:22:56.347
1085;Sjælland;2023-06-25;2;2025-02-25T10:22:56.347
1083;Syddanmark;2023-06-25;1;2025-02-25T10:22:56.347
1084;Hovedstaden;2023-06-26;6;2025-02-25T10:22:56.347
1082;Midtjylland;2023-06-26;1;2025-02-25T10:22:56.347
1081;Nordjylland;2023-06-26;1;2025-02-25T10:22:56.347
1083;Syddanmark;2023-06-26;4;2025-02-25T10:22:56.347
1084;Hovedstaden;2023-06-27;7;2025-02-25T10:22:56.347
1082;Midtjylland;2023-06-27;1;2025-02-25T10:22:56.347
1081;Nordjylland;2023-06-27;2;2025-02-25T10:22:56.347
1085;Sjælland;2023-06-27;2;2025-02-25T10:22:56.347
1083;Syddanmark;2023-06-27;2;2025-02-25T10:22:56.347
1084;Hovedstaden;2023-06-28;2;2025-02-25T10:22:56.347
1085;Sjælland;2023-06-28;2;2025-02-25T10:22:56.347
1083;Syddanmark;2023-06-28;1;2025-02-25T10:22:56.347
1084;Hovedstaden;2023-06-29;5;2025-02-25T10:22:56.347
1081;Nordjylland;2023-06-29;2;2025-02-25T10:22:56.347
1082;Midtjylland;2023-06-30;2;2025-02-25T10:22:56.347
1081;Nordjylland;2023-06-30;1;2025-02-25T10:22:56.347
1085;Sjælland;2023-06-30;6;2025-02-25T10:22:56.347
1083;Syddanmark;2023-06-30;1;2025-02-25T10:22:56.347
1084;Hovedstaden;2023-07-01;4;2025-02-25T10:22:56.347
1082;Midtjylland;2023-07-01;2;2025-02-25T10:22:56.347
1085;Sjælland;2023-07-01;1;2025-02-25T10:22:56.347
1083;Syddanmark;2023-07-01;1;2025-02-25T10:22:56.347
1082;Midtjylland;2023-07-02;1;2025-02-25T10:22:56.347
1085;Sjælland;2023-07-02;1;2025-02-25T10:22:56.347
1084;Hovedstaden;2023-07-03;6;2025-02-25T10:22:56.347
1082;Midtjylland;2023-07-03;3;2025-02-25T10:22:56.347
1081;Nordjylland;2023-07-03;1;2025-02-25T10:22:56.347
1085;Sjælland;2023-07-03;5;2025-02-25T10:22:56.347
1083;Syddanmark;2023-07-03;1;2025-02-25T10:22:56.347
1084;Hovedstaden;2023-07-04;7;2025-02-25T10:22:56.347
1082;Midtjylland;2023-07-04;1;2025-02-25T10:22:56.347
1081;Nordjylland;2023-07-04;2;2025-02-25T10:22:56.347
1085;Sjælland;2023-07-04;5;2025-02-25T10:22:56.347
1083;Syddanmark;2023-07-04;4;2025-02-25T10:22:56.347
1084;Hovedstaden;2023-07-05;5;2025-02-25T10:22:56.347
1081;Nordjylland;2023-07-05;2;2025-02-25T10:22:56.347
1085;Sjælland;2023-07-05;4;2025-02-25T10:22:56.347
1083;Syddanmark;2023-07-05;2;2025-02-25T10:22:56.347
1084;Hovedstaden;2023-07-06;5;2025-02-25T10:22:56.347
1082;Midtjylland;2023-07-06;1;2025-02-25T10:22:56.347
1081;Nordjylland;2023-07-06;1;2025-02-25T10:22:56.347
1083;Syddanmark;2023-07-06;3;2025-02-25T10:22:56.347
1084;Hovedstaden;2023-07-07;3;2025-02-25T10:22:56.347
1082;Midtjylland;2023-07-07;2;2025-02-25T10:22:56.347
1081;Nordjylland;2023-07-07;1;2025-02-25T10:22:56.347
1085;Sjælland;2023-07-07;2;2025-02-25T10:22:56.347
1083;Syddanmark;2023-07-07;6;2025-02-25T10:22:56.347
1084;Hovedstaden;2023-07-08;4;2025-02-25T10:22:56.347
1082;Midtjylland;2023-07-08;2;2025-02-25T10:22:56.347
1083;Syddanmark;2023-07-08;1;2025-02-25T10:22:56.347
1084;Hovedstaden;2023-07-09;4;2025-02-25T10:22:56.347
1085;Sjælland;2023-07-09;2;2025-02-25T10:22:56.347
1084;Hovedstaden;2023-07-10;5;2025-02-25T10:22:56.347
1082;Midtjylland;2023-07-10;3;2025-02-25T10:22:56.347
1085;Sjælland;2023-07-10;1;2025-02-25T10:22:56.347
1083;Syddanmark;2023-07-10;5;2025-02-25T10:22:56.347
1084;Hovedstaden;2023-07-11;11;2025-02-25T10:22:56.347
1082;Midtjylland;2023-07-11;2;2025-02-25T10:22:56.347
1081;Nordjylland;2023-07-11;1;2025-02-25T10:22:56.347
1085;Sjælland;2023-07-11;3;2025-02-25T10:22:56.347
1083;Syddanmark;2023-07-11;3;2025-02-25T10:22:56.347
1084;Hovedstaden;2023-07-12;4;2025-02-25T10:22:56.347
1082;Midtjylland;2023-07-12;1;2025-02-25T10:22:56.347
1081;Nordjylland;2023-07-12;2;2025-02-25T10:22:56.347
1085;Sjælland;2023-07-12;2;2025-02-25T10:22:56.347
1083;Syddanmark;2023-07-12;4;2025-02-25T10:22:56.347
1084;Hovedstaden;2023-07-13;10;2025-02-25T10:22:56.347
1082;Midtjylland;2023-07-13;2;2025-02-25T10:22:56.347
1081;Nordjylland;2023-07-13;4;2025-02-25T10:22:56.347
1085;Sjælland;2023-07-13;2;2025-02-25T10:22:56.347
1083;Syddanmark;2023-07-13;3;2025-02-25T10:22:56.347
1084;Hovedstaden;2023-07-14;4;2025-02-25T10:22:56.347
1081;Nordjylland;2023-07-14;3;2025-02-25T10:22:56.347
1085;Sjælland;2023-07-14;2;2025-02-25T10:22:56.347
1084;Hovedstaden;2023-07-15;3;2025-02-25T10:22:56.347
1082;Midtjylland;2023-07-15;1;2025-02-25T10:22:56.347
1081;Nordjylland;2023-07-15;1;2025-02-25T10:22:56.347
1083;Syddanmark;2023-07-15;2;2025-02-25T10:22:56.347
1084;Hovedstaden;2023-07-16;4;2025-02-25T10:22:56.347
1081;Nordjylland;2023-07-16;1;2025-02-25T10:22:56.347
1085;Sjælland;2023-07-16;1;2025-02-25T10:22:56.347
1083;Syddanmark;2023-07-16;1;2025-02-25T10:22:56.347
1084;Hovedstaden;2023-07-17;6;2025-02-25T10:22:56.347
1082;Midtjylland;2023-07-17;1;2025-02-25T10:22:56.347
1081;Nordjylland;2023-07-17;4;2025-02-25T10:22:56.347
1083;Syddanmark;2023-07-17;1;2025-02-25T10:22:56.347
1084;Hovedstaden;2023-07-18;4;2025-02-25T10:22:56.347
1082;Midtjylland;2023-07-18;2;2025-02-25T10:22:56.347
1081;Nordjylland;2023-07-18;1;2025-02-25T10:22:56.347
1085;Sjælland;2023-07-18;2;2025-02-25T10:22:56.347
1083;Syddanmark;2023-07-18;3;2025-02-25T10:22:56.347
1084;Hovedstaden;2023-07-19;5;2025-02-25T10:22:56.347
1085;Sjælland;2023-07-19;1;2025-02-25T10:22:56.347
1083;Syddanmark;2023-07-19;1;2025-02-25T10:22:56.347
1084;Hovedstaden;2023-07-20;3;2025-02-25T10:22:56.347
1082;Midtjylland;2023-07-20;1;2025-02-25T10:22:56.347
1081;Nordjylland;2023-07-20;3;2025-02-25T10:22:56.347
1084;Hovedstaden;2023-07-21;4;2025-02-25T10:22:56.347
1081;Nordjylland;2023-07-21;3;2025-02-25T10:22:56.347
1085;Sjælland;2023-07-21;3;2025-02-25T10:22:56.347
1083;Syddanmark;2023-07-21;2;2025-02-25T10:22:56.347
1084;Hovedstaden;2023-07-22;4;2025-02-25T10:22:56.347
1084;Hovedstaden;2023-07-23;4;2025-02-25T10:22:56.347
1083;Syddanmark;2023-07-23;1;2025-02-25T10:22:56.347
1084;Hovedstaden;2023-07-24;6;2025-02-25T10:22:56.347
1082;Midtjylland;2023-07-24;2;2025-02-25T10:22:56.347
1081;Nordjylland;2023-07-24;2;2025-02-25T10:22:56.347
1085;Sjælland;2023-07-24;3;2025-02-25T10:22:56.347
1083;Syddanmark;2023-07-24;1;2025-02-25T10:22:56.347
1084;Hovedstaden;2023-07-25;5;2025-02-25T10:22:56.347
1082;Midtjylland;2023-07-25;1;2025-02-25T10:22:56.347
1081;Nordjylland;2023-07-25;2;2025-02-25T10:22:56.347
1085;Sjælland;2023-07-25;2;2025-02-25T10:22:56.347
1084;Hovedstaden;2023-07-26;11;2025-02-25T10:22:56.347
1081;Nordjylland;2023-07-26;4;2025-02-25T10:22:56.347
1085;Sjælland;2023-07-26;2;2025-02-25T10:22:56.347
1083;Syddanmark;2023-07-26;3;2025-02-25T10:22:56.347
1084;Hovedstaden;2023-07-27;7;2025-02-25T10:22:56.347
1082;Midtjylland;2023-07-27;1;2025-02-25T10:22:56.347
1081;Nordjylland;2023-07-27;4;2025-02-25T10:22:56.347
1085;Sjælland;2023-07-27;4;2025-02-25T10:22:56.347
1083;Syddanmark;2023-07-27;2;2025-02-25T10:22:56.347
1084;Hovedstaden;2023-07-28;8;2025-02-25T10:22:56.347
1081;Nordjylland;2023-07-28;1;2025-02-25T10:22:56.347
1085;Sjælland;2023-07-28;2;2025-02-25T10:22:56.347
1083;Syddanmark;2023-07-28;7;2025-02-25T10:22:56.347
1084;Hovedstaden;2023-07-29;6;2025-02-25T10:22:56.347
1082;Midtjylland;2023-07-29;2;2025-02-25T10:22:56.347
1081;Nordjylland;2023-07-29;1;2025-02-25T10:22:56.347
1085;Sjælland;2023-07-29;1;2025-02-25T10:22:56.347
1084;Hovedstaden;2023-07-30;5;2025-02-25T10:22:56.347
1082;Midtjylland;2023-07-30;3;2025-02-25T10:22:56.347
1081;Nordjylland;2023-07-30;4;2025-02-25T10:22:56.347
1085;Sjælland;2023-07-30;2;2025-02-25T10:22:56.347
1083;Syddanmark;2023-07-30;1;2025-02-25T10:22:56.347
1084;Hovedstaden;2023-07-31;14;2025-02-25T10:22:56.347
1082;Midtjylland;2023-07-31;4;2025-02-25T10:22:56.347
1081;Nordjylland;2023-07-31;1;2025-02-25T10:22:56.347
1085;Sjælland;2023-07-31;1;2025-02-25T10:22:56.347
1083;Syddanmark;2023-07-31;2;2025-02-25T10:22:56.347
1084;Hovedstaden;2023-08-01;5;2025-02-25T10:22:56.347
1082;Midtjylland;2023-08-01;2;2025-02-25T10:22:56.347
1085;Sjælland;2023-08-01;3;2025-02-25T10:22:56.347
1083;Syddanmark;2023-08-01;2;2025-02-25T10:22:56.347
1084;Hovedstaden;2023-08-02;9;2025-02-25T10:22:56.347
1082;Midtjylland;2023-08-02;2;2025-02-25T10:22:56.347
1081;Nordjylland;2023-08-02;4;2025-02-25T10:22:56.347
1085;Sjælland;2023-08-02;6;2025-02-25T10:22:56.347
1083;Syddanmark;2023-08-02;4;2025-02-25T10:22:56.347
1084;Hovedstaden;2023-08-03;16;2025-02-25T10:22:56.347
1082;Midtjylland;2023-08-03;4;2025-02-25T10:22:56.347
1081;Nordjylland;2023-08-03;2;2025-02-25T10:22:56.347
1085;Sjælland;2023-08-03;2;2025-02-25T10:22:56.347
1083;Syddanmark;2023-08-03;5;2025-02-25T10:22:56.347
1084;Hovedstaden;2023-08-04;12;2025-02-25T10:22:56.347
1082;Midtjylland;2023-08-04;2;2025-02-25T10:22:56.347
1081;Nordjylland;2023-08-04;6;2025-02-25T10:22:56.347
1085;Sjælland;2023-08-04;2;2025-02-25T10:22:56.347
1083;Syddanmark;2023-08-04;4;2025-02-25T10:22:56.347
1084;Hovedstaden;2023-08-05;6;2025-02-25T10:22:56.347
1085;Sjælland;2023-08-05;2;2025-02-25T10:22:56.347
1083;Syddanmark;2023-08-05;4;2025-02-25T10:22:56.347
1084;Hovedstaden;2023-08-06;3;2025-02-25T10:22:56.347
1082;Midtjylland;2023-08-06;2;2025-02-25T10:22:56.347
1081;Nordjylland;2023-08-06;2;2025-02-25T10:22:56.347
1085;Sjælland;2023-08-06;1;2025-02-25T10:22:56.347
1083;Syddanmark;2023-08-06;2;2025-02-25T10:22:56.347
1084;Hovedstaden;2023-08-07;10;2025-02-25T10:22:56.347
1081;Nordjylland;2023-08-07;5;2025-02-25T10:22:56.347
1085;Sjælland;2023-08-07;2;2025-02-25T10:22:56.347
1083;Syddanmark;2023-08-07;7;2025-02-25T10:22:56.347
1084;Hovedstaden;2023-08-08;14;2025-02-25T10:22:56.347
1082;Midtjylland;2023-08-08;2;2025-02-25T10:22:56.347
1081;Nordjylland;2023-08-08;4;2025-02-25T10:22:56.347
1085;Sjælland;2023-08-08;2;2025-02-25T10:22:56.347
1083;Syddanmark;2023-08-08;6;2025-02-25T10:22:56.347
1084;Hovedstaden;2023-08-09;13;2025-02-25T10:22:56.347
1082;Midtjylland;2023-08-09;3;2025-02-25T10:22:56.347
1081;Nordjylland;2023-08-09;1;2025-02-25T10:22:56.347
1085;Sjælland;2023-08-09;3;2025-02-25T10:22:56.347
1083;Syddanmark;2023-08-09;11;2025-02-25T10:22:56.347
1084;Hovedstaden;2023-08-10;22;2025-02-25T10:22:56.347
1082;Midtjylland;2023-08-10;4;2025-02-25T10:22:56.347
1081;Nordjylland;2023-08-10;2;2025-02-25T10:22:56.347
1085;Sjælland;2023-08-10;4;2025-02-25T10:22:56.347
1083;Syddanmark;2023-08-10;6;2025-02-25T10:22:56.347
1084;Hovedstaden;2023-08-11;17;2025-02-25T10:22:56.347
1082;Midtjylland;2023-08-11;5;2025-02-25T10:22:56.347
1081;Nordjylland;2023-08-11;1;2025-02-25T10:22:56.347
1085;Sjælland;2023-08-11;7;2025-02-25T10:22:56.347
1083;Syddanmark;2023-08-11;6;2025-02-25T10:22:56.347
1084;Hovedstaden;2023-08-12;12;2025-02-25T10:22:56.347
1082;Midtjylland;2023-08-12;8;2025-02-25T10:22:56.347
1081;Nordjylland;2023-08-12;1;2025-02-25T10:22:56.347
1085;Sjælland;2023-08-12;1;2025-02-25T10:22:56.347
1083;Syddanmark;2023-08-12;2;2025-02-25T10:22:56.347
1084;Hovedstaden;2023-08-13;10;2025-02-25T10:22:56.347
1082;Midtjylland;2023-08-13;9;2025-02-25T10:22:56.347
1081;Nordjylland;2023-08-13;4;2025-02-25T10:22:56.347
1085;Sjælland;2023-08-13;6;2025-02-25T10:22:56.347
1083;Syddanmark;2023-08-13;4;2025-02-25T10:22:56.347
1084;Hovedstaden;2023-08-14;27;2025-02-25T10:22:56.347
1082;Midtjylland;2023-08-14;8;2025-02-25T10:22:56.347
1081;Nordjylland;2023-08-14;3;2025-02-25T10:22:56.347
1085;Sjælland;2023-08-14;8;2025-02-25T10:22:56.347
1083;Syddanmark;2023-08-14;13;2025-02-25T10:22:56.347
1084;Hovedstaden;2023-08-15;26;2025-02-25T10:22:56.347
1082;Midtjylland;2023-08-15;6;2025-02-25T10:22:56.347
1081;Nordjylland;2023-08-15;2;2025-02-25T10:22:56.347
1085;Sjælland;2023-08-15;12;2025-02-25T10:22:56.347
1083;Syddanmark;2023-08-15;4;2025-02-25T10:22:56.347
1084;Hovedstaden;2023-08-16;34;2025-02-25T10:22:56.347
1082;Midtjylland;2023-08-16;9;2025-02-25T10:22:56.347
1081;Nordjylland;2023-08-16;2;2025-02-25T10:22:56.347
1085;Sjælland;2023-08-16;12;2025-02-25T10:22:56.347
1083;Syddanmark;2023-08-16;8;2025-02-25T10:22:56.347
1084;Hovedstaden;2023-08-17;25;2025-02-25T10:22:56.347
1082;Midtjylland;2023-08-17;12;2025-02-25T10:22:56.347
1081;Nordjylland;2023-08-17;2;2025-02-25T10:22:56.347
1085;Sjælland;2023-08-17;6;2025-02-25T10:22:56.347
1083;Syddanmark;2023-08-17;10;2025-02-25T10:22:56.347
1084;Hovedstaden;2023-08-18;22;2025-02-25T10:22:56.347
1082;Midtjylland;2023-08-18;10;2025-02-25T10:22:56.347
1081;Nordjylland;2023-08-18;2;2025-02-25T10:22:56.347
1085;Sjælland;2023-08-18;8;2025-02-25T10:22:56.347
1083;Syddanmark;2023-08-18;10;2025-02-25T10:22:56.347
1084;Hovedstaden;2023-08-19;7;2025-02-25T10:22:56.347
1082;Midtjylland;2023-08-19;3;2025-02-25T10:22:56.347
1085;Sjælland;2023-08-19;5;2025-02-25T10:22:56.347
1083;Syddanmark;2023-08-19;7;2025-02-25T10:22:56.347
1084;Hovedstaden;2023-08-20;12;2025-02-25T10:22:56.347
1082;Midtjylland;2023-08-20;8;2025-02-25T10:22:56.347
1081;Nordjylland;2023-08-20;1;2025-02-25T10:22:56.347
1085;Sjælland;2023-08-20;8;2025-02-25T10:22:56.347
1083;Syddanmark;2023-08-20;6;2025-02-25T10:22:56.347
1084;Hovedstaden;2023-08-21;30;2025-02-25T10:22:56.347
1082;Midtjylland;2023-08-21;8;2025-02-25T10:22:56.347
1081;Nordjylland;2023-08-21;3;2025-02-25T10:22:56.347
1085;Sjælland;2023-08-21;12;2025-02-25T10:22:56.347
1083;Syddanmark;2023-08-21;13;2025-02-25T10:22:56.347
1084;Hovedstaden;2023-08-22;39;2025-02-25T10:22:56.347
1082;Midtjylland;2023-08-22;9;2025-02-25T10:22:56.347
1081;Nordjylland;2023-08-22;5;2025-02-25T10:22:56.347
1085;Sjælland;2023-08-22;10;2025-02-25T10:22:56.347
1083;Syddanmark;2023-08-22;5;2025-02-25T10:22:56.347
1084;Hovedstaden;2023-08-23;30;2025-02-25T10:22:56.347
1082;Midtjylland;2023-08-23;3;2025-02-25T10:22:56.347
1081;Nordjylland;2023-08-23;6;2025-02-25T10:22:56.347
1085;Sjælland;2023-08-23;10;2025-02-25T10:22:56.347
1083;Syddanmark;2023-08-23;7;2025-02-25T10:22:56.347
1084;Hovedstaden;2023-08-24;24;2025-02-25T10:22:56.347
1082;Midtjylland;2023-08-24;10;2025-02-25T10:22:56.347
1081;Nordjylland;2023-08-24;3;2025-02-25T10:22:56.347
1085;Sjælland;2023-08-24;9;2025-02-25T10:22:56.347
1083;Syddanmark;2023-08-24;16;2025-02-25T10:22:56.347
1084;Hovedstaden;2023-08-25;23;2025-02-25T10:22:56.347
1082;Midtjylland;2023-08-25;11;2025-02-25T10:22:56.347
1081;Nordjylland;2023-08-25;5;2025-02-25T10:22:56.347
1085;Sjælland;2023-08-25;13;2025-02-25T10:22:56.347
1083;Syddanmark;2023-08-25;9;2025-02-25T10:22:56.347
1084;Hovedstaden;2023-08-26;7;2025-02-25T10:22:56.347
1082;Midtjylland;2023-08-26;6;2025-02-25T10:22:56.347
1081;Nordjylland;2023-08-26;2;2025-02-25T10:22:56.347
1085;Sjælland;2023-08-26;1;2025-02-25T10:22:56.347
1083;Syddanmark;2023-08-26;9;2025-02-25T10:22:56.347
1084;Hovedstaden;2023-08-27;17;2025-02-25T10:22:56.347
1082;Midtjylland;2023-08-27;6;2025-02-25T10:22:56.347
1081;Nordjylland;2023-08-27;2;2025-02-25T10:22:56.347
1085;Sjælland;2023-08-27;3;2025-02-25T10:22:56.347
1083;Syddanmark;2023-08-27;6;2025-02-25T10:22:56.347
1084;Hovedstaden;2023-08-28;33;2025-02-25T10:22:56.347
1082;Midtjylland;2023-08-28;7;2025-02-25T10:22:56.347
1081;Nordjylland;2023-08-28;4;2025-02-25T10:22:56.347
1085;Sjælland;2023-08-28;16;2025-02-25T10:22:56.347
1083;Syddanmark;2023-08-28;12;2025-02-25T10:22:56.347
1084;Hovedstaden;2023-08-29;32;2025-02-25T10:22:56.347
1082;Midtjylland;2023-08-29;8;2025-02-25T10:22:56.347
1081;Nordjylland;2023-08-29;4;2025-02-25T10:22:56.347
1085;Sjælland;2023-08-29;6;2025-02-25T10:22:56.347
1083;Syddanmark;2023-08-29;10;2025-02-25T10:22:56.347
1084;Hovedstaden;2023-08-30;19;2025-02-25T10:22:56.347
1082;Midtjylland;2023-08-30;9;2025-02-25T10:22:56.347
1081;Nordjylland;2023-08-30;1;2025-02-25T10:22:56.347
1085;Sjælland;2023-08-30;11;2025-02-25T10:22:56.347
1083;Syddanmark;2023-08-30;7;2025-02-25T10:22:56.347
1084;Hovedstaden;2023-08-31;24;2025-02-25T10:22:56.347
1082;Midtjylland;2023-08-31;6;2025-02-25T10:22:56.347
1081;Nordjylland;2023-08-31;3;2025-02-25T10:22:56.347
1085;Sjælland;2023-08-31;8;2025-02-25T10:22:56.347
1083;Syddanmark;2023-08-31;7;2025-02-25T10:22:56.347
1084;Hovedstaden;2023-09-01;23;2025-02-25T10:22:56.347
1082;Midtjylland;2023-09-01;9;2025-02-25T10:22:56.347
1081;Nordjylland;2023-09-01;5;2025-02-25T10:22:56.347
1085;Sjælland;2023-09-01;11;2025-02-25T10:22:56.347
1083;Syddanmark;2023-09-01;9;2025-02-25T10:22:56.347
1084;Hovedstaden;2023-09-02;8;2025-02-25T10:22:56.347
1082;Midtjylland;2023-09-02;3;2025-02-25T10:22:56.347
1081;Nordjylland;2023-09-02;7;2025-02-25T10:22:56.347
1085;Sjælland;2023-09-02;7;2025-02-25T10:22:56.347
1083;Syddanmark;2023-09-02;6;2025-02-25T10:22:56.347
1084;Hovedstaden;2023-09-03;11;2025-02-25T10:22:56.347
1082;Midtjylland;2023-09-03;7;2025-02-25T10:22:56.347
1081;Nordjylland;2023-09-03;3;2025-02-25T10:22:56.347
1085;Sjælland;2023-09-03;7;2025-02-25T10:22:56.347
1083;Syddanmark;2023-09-03;8;2025-02-25T10:22:56.347
1084;Hovedstaden;2023-09-04;34;2025-02-25T10:22:56.347
1082;Midtjylland;2023-09-04;13;2025-02-25T10:22:56.347
1081;Nordjylland;2023-09-04;5;2025-02-25T10:22:56.347
1085;Sjælland;2023-09-04;12;2025-02-25T10:22:56.347
1083;Syddanmark;2023-09-04;18;2025-02-25T10:22:56.347
1084;Hovedstaden;2023-09-05;27;2025-02-25T10:22:56.347
1082;Midtjylland;2023-09-05;14;2025-02-25T10:22:56.347
1081;Nordjylland;2023-09-05;3;2025-02-25T10:22:56.347
1085;Sjælland;2023-09-05;10;2025-02-25T10:22:56.347
1083;Syddanmark;2023-09-05;8;2025-02-25T10:22:56.347
1084;Hovedstaden;2023-09-06;30;2025-02-25T10:22:56.347
1082;Midtjylland;2023-09-06;9;2025-02-25T10:22:56.347
1081;Nordjylland;2023-09-06;9;2025-02-25T10:22:56.347
1085;Sjælland;2023-09-06;5;2025-02-25T10:22:56.347
1083;Syddanmark;2023-09-06;12;2025-02-25T10:22:56.347
1084;Hovedstaden;2023-09-07;32;2025-02-25T10:22:56.347
1082;Midtjylland;2023-09-07;11;2025-02-25T10:22:56.347
1081;Nordjylland;2023-09-07;5;2025-02-25T10:22:56.347
1085;Sjælland;2023-09-07;10;2025-02-25T10:22:56.347
1083;Syddanmark;2023-09-07;16;2025-02-25T10:22:56.347
1084;Hovedstaden;2023-09-08;25;2025-02-25T10:22:56.347
1082;Midtjylland;2023-09-08;11;2025-02-25T10:22:56.347
1081;Nordjylland;2023-09-08;1;2025-02-25T10:22:56.347
1085;Sjælland;2023-09-08;9;2025-02-25T10:22:56.347
1083;Syddanmark;2023-09-08;20;2025-02-25T10:22:56.347
1084;Hovedstaden;2023-09-09;22;2025-02-25T10:22:56.347
1082;Midtjylland;2023-09-09;4;2025-02-25T10:22:56.347
1081;Nordjylland;2023-09-09;8;2025-02-25T10:22:56.347
1085;Sjælland;2023-09-09;2;2025-02-25T10:22:56.347
1083;Syddanmark;2023-09-09;7;2025-02-25T10:22:56.347
1084;Hovedstaden;2023-09-10;15;2025-02-25T10:22:56.347
1082;Midtjylland;2023-09-10;11;2025-02-25T10:22:56.347
1081;Nordjylland;2023-09-10;2;2025-02-25T10:22:56.347
1085;Sjælland;2023-09-10;8;2025-02-25T10:22:56.347
1083;Syddanmark;2023-09-10;7;2025-02-25T10:22:56.347
1084;Hovedstaden;2023-09-11;37;2025-02-25T10:22:56.347
1082;Midtjylland;2023-09-11;10;2025-02-25T10:22:56.347
1081;Nordjylland;2023-09-11;5;2025-02-25T10:22:56.347
1085;Sjælland;2023-09-11;13;2025-02-25T10:22:56.347
1083;Syddanmark;2023-09-11;20;2025-02-25T10:22:56.347
1084;Hovedstaden;2023-09-12;19;2025-02-25T10:22:56.347
1082;Midtjylland;2023-09-12;14;2025-02-25T10:22:56.347
1081;Nordjylland;2023-09-12;17;2025-02-25T10:22:56.347
1085;Sjælland;2023-09-12;11;2025-02-25T10:22:56.347
1083;Syddanmark;2023-09-12;11;2025-02-25T10:22:56.347
1084;Hovedstaden;2023-09-13;23;2025-02-25T10:22:56.347
1082;Midtjylland;2023-09-13;8;2025-02-25T10:22:56.347
1081;Nordjylland;2023-09-13;8;2025-02-25T10:22:56.347
1085;Sjælland;2023-09-13;11;2025-02-25T10:22:56.347
1083;Syddanmark;2023-09-13;20;2025-02-25T10:22:56.347
1084;Hovedstaden;2023-09-14;17;2025-02-25T10:22:56.347
1082;Midtjylland;2023-09-14;9;2025-02-25T10:22:56.347
1081;Nordjylland;2023-09-14;7;2025-02-25T10:22:56.347
1085;Sjælland;2023-09-14;5;2025-02-25T10:22:56.347
1083;Syddanmark;2023-09-14;17;2025-02-25T10:22:56.347
1084;Hovedstaden;2023-09-15;21;2025-02-25T10:22:56.347
1082;Midtjylland;2023-09-15;7;2025-02-25T10:22:56.347
1081;Nordjylland;2023-09-15;10;2025-02-25T10:22:56.347
1085;Sjælland;2023-09-15;4;2025-02-25T10:22:56.347
1083;Syddanmark;2023-09-15;13;2025-02-25T10:22:56.347
1084;Hovedstaden;2023-09-16;11;2025-02-25T10:22:56.347
1082;Midtjylland;2023-09-16;3;2025-02-25T10:22:56.347
1081;Nordjylland;2023-09-16;3;2025-02-25T10:22:56.347
1085;Sjælland;2023-09-16;4;2025-02-25T10:22:56.347
1083;Syddanmark;2023-09-16;5;2025-02-25T10:22:56.347
1084;Hovedstaden;2023-09-17;14;2025-02-25T10:22:56.347
1082;Midtjylland;2023-09-17;4;2025-02-25T10:22:56.347
1081;Nordjylland;2023-09-17;1;2025-02-25T10:22:56.347
1085;Sjælland;2023-09-17;4;2025-02-25T10:22:56.347
1083;Syddanmark;2023-09-17;8;2025-02-25T10:22:56.347
1084;Hovedstaden;2023-09-18;24;2025-02-25T10:22:56.347
1082;Midtjylland;2023-09-18;5;2025-02-25T10:22:56.347
1081;Nordjylland;2023-09-18;12;2025-02-25T10:22:56.347
1085;Sjælland;2023-09-18;9;2025-02-25T10:22:56.347
1083;Syddanmark;2023-09-18;14;2025-02-25T10:22:56.347
1084;Hovedstaden;2023-09-19;27;2025-02-25T10:22:56.347
1082;Midtjylland;2023-09-19;4;2025-02-25T10:22:56.347
1081;Nordjylland;2023-09-19;11;2025-02-25T10:22:56.347
1085;Sjælland;2023-09-19;9;2025-02-25T10:22:56.347
1083;Syddanmark;2023-09-19;11;2025-02-25T10:22:56.347
1084;Hovedstaden;2023-09-20;23;2025-02-25T10:22:56.347
1082;Midtjylland;2023-09-20;10;2025-02-25T10:22:56.347
1081;Nordjylland;2023-09-20;6;2025-02-25T10:22:56.347
1085;Sjælland;2023-09-20;8;2025-02-25T10:22:56.347
1083;Syddanmark;2023-09-20;11;2025-02-25T10:22:56.347
1084;Hovedstaden;2023-09-21;19;2025-02-25T10:22:56.347
1082;Midtjylland;2023-09-21;6;2025-02-25T10:22:56.347
1081;Nordjylland;2023-09-21;8;2025-02-25T10:22:56.347
1085;Sjælland;2023-09-21;12;2025-02-25T10:22:56.347
1083;Syddanmark;2023-09-21;11;2025-02-25T10:22:56.347
1084;Hovedstaden;2023-09-22;16;2025-02-25T10:22:56.347
1082;Midtjylland;2023-09-22;7;2025-02-25T10:22:56.347
1081;Nordjylland;2023-09-22;5;2025-02-25T10:22:56.347
1085;Sjælland;2023-09-22;12;2025-02-25T10:22:56.347
1083;Syddanmark;2023-09-22;9;2025-02-25T10:22:56.347
1084;Hovedstaden;2023-09-23;8;2025-02-25T10:22:56.347
1082;Midtjylland;2023-09-23;1;2025-02-25T10:22:56.347
1081;Nordjylland;2023-09-23;4;2025-02-25T10:22:56.347
1085;Sjælland;2023-09-23;4;2025-02-25T10:22:56.347
1084;Hovedstaden;2023-09-24;5;2025-02-25T10:22:56.347
1082;Midtjylland;2023-09-24;6;2025-02-25T10:22:56.347
1081;Nordjylland;2023-09-24;3;2025-02-25T10:22:56.347
1085;Sjælland;2023-09-24;5;2025-02-25T10:22:56.347
1083;Syddanmark;2023-09-24;4;2025-02-25T10:22:56.347
1084;Hovedstaden;2023-09-25;32;2025-02-25T10:22:56.347
1082;Midtjylland;2023-09-25;5;2025-02-25T10:22:56.347
1081;Nordjylland;2023-09-25;6;2025-02-25T10:22:56.347
1085;Sjælland;2023-09-25;10;2025-02-25T10:22:56.347
1083;Syddanmark;2023-09-25;9;2025-02-25T10:22:56.347
1084;Hovedstaden;2023-09-26;28;2025-02-25T10:22:56.347
1082;Midtjylland;2023-09-26;13;2025-02-25T10:22:56.347
1081;Nordjylland;2023-09-26;4;2025-02-25T10:22:56.347
1085;Sjælland;2023-09-26;7;2025-02-25T10:22:56.347
1083;Syddanmark;2023-09-26;9;2025-02-25T10:22:56.347
1084;Hovedstaden;2023-09-27;28;2025-02-25T10:22:56.347
1082;Midtjylland;2023-09-27;9;2025-02-25T10:22:56.347
1081;Nordjylland;2023-09-27;4;2025-02-25T10:22:56.347
1085;Sjælland;2023-09-27;10;2025-02-25T10:22:56.347
1083;Syddanmark;2023-09-27;13;2025-02-25T10:22:56.347
1084;Hovedstaden;2023-09-28;43;2025-02-25T10:22:56.347
1082;Midtjylland;2023-09-28;8;2025-02-25T10:22:56.347
1081;Nordjylland;2023-09-28;1;2025-02-25T10:22:56.347
1085;Sjælland;2023-09-28;3;2025-02-25T10:22:56.347
1083;Syddanmark;2023-09-28;9;2025-02-25T10:22:56.347
1084;Hovedstaden;2023-09-29;34;2025-02-25T10:22:56.347
1082;Midtjylland;2023-09-29;5;2025-02-25T10:22:56.347
1081;Nordjylland;2023-09-29;6;2025-02-25T10:22:56.347
1085;Sjælland;2023-09-29;14;2025-02-25T10:22:56.347
1083;Syddanmark;2023-09-29;13;2025-02-25T10:22:56.347
1084;Hovedstaden;2023-09-30;11;2025-02-25T10:22:56.347
1082;Midtjylland;2023-09-30;4;2025-02-25T10:22:56.347
1081;Nordjylland;2023-09-30;5;2025-02-25T10:22:56.347
1085;Sjælland;2023-09-30;7;2025-02-25T10:22:56.347
1083;Syddanmark;2023-09-30;5;2025-02-25T10:22:56.347
1084;Hovedstaden;2023-10-01;19;2025-02-25T10:22:56.347
1082;Midtjylland;2023-10-01;4;2025-02-25T10:22:56.347
1081;Nordjylland;2023-10-01;5;2025-02-25T10:22:56.347
1085;Sjælland;2023-10-01;6;2025-02-25T10:22:56.347
1083;Syddanmark;2023-10-01;4;2025-02-25T10:22:56.347
1084;Hovedstaden;2023-10-02;39;2025-02-25T10:22:56.347
1082;Midtjylland;2023-10-02;15;2025-02-25T10:22:56.347
1081;Nordjylland;2023-10-02;10;2025-02-25T10:22:56.347
1085;Sjælland;2023-10-02;15;2025-02-25T10:22:56.347
1083;Syddanmark;2023-10-02;12;2025-02-25T10:22:56.347
1084;Hovedstaden;2023-10-03;35;2025-02-25T10:22:56.347
1082;Midtjylland;2023-10-03;8;2025-02-25T10:22:56.347
1081;Nordjylland;2023-10-03;5;2025-02-25T10:22:56.347
1085;Sjælland;2023-10-03;11;2025-02-25T10:22:56.347
1083;Syddanmark;2023-10-03;19;2025-02-25T10:22:56.347
1084;Hovedstaden;2023-10-04;28;2025-02-25T10:22:56.347
1082;Midtjylland;2023-10-04;9;2025-02-25T10:22:56.347
1081;Nordjylland;2023-10-04;4;2025-02-25T10:22:56.347
1085;Sjælland;2023-10-04;12;2025-02-25T10:22:56.347
1083;Syddanmark;2023-10-04;14;2025-02-25T10:22:56.347
1084;Hovedstaden;2023-10-05;39;2025-02-25T10:22:56.347
1082;Midtjylland;2023-10-05;11;2025-02-25T10:22:56.347
1081;Nordjylland;2023-10-05;8;2025-02-25T10:22:56.347
1085;Sjælland;2023-10-05;13;2025-02-25T10:22:56.347
1083;Syddanmark;2023-10-05;6;2025-02-25T10:22:56.347
1084;Hovedstaden;2023-10-06;21;2025-02-25T10:22:56.347
1082;Midtjylland;2023-10-06;16;2025-02-25T10:22:56.347
1081;Nordjylland;2023-10-06;4;2025-02-25T10:22:56.347
1085;Sjælland;2023-10-06;9;2025-02-25T10:22:56.347
1083;Syddanmark;2023-10-06;12;2025-02-25T10:22:56.347
1084;Hovedstaden;2023-10-07;16;2025-02-25T10:22:56.347
1082;Midtjylland;2023-10-07;5;2025-02-25T10:22:56.347
1081;Nordjylland;2023-10-07;6;2025-02-25T10:22:56.347
1085;Sjælland;2023-10-07;4;2025-02-25T10:22:56.347
1083;Syddanmark;2023-10-07;12;2025-02-25T10:22:56.347
1084;Hovedstaden;2023-10-08;23;2025-02-25T10:22:56.347
1082;Midtjylland;2023-10-08;10;2025-02-25T10:22:56.347
1081;Nordjylland;2023-10-08;12;2025-02-25T10:22:56.347
1085;Sjælland;2023-10-08;7;2025-02-25T10:22:56.347
1083;Syddanmark;2023-10-08;12;2025-02-25T10:22:56.347
1084;Hovedstaden;2023-10-09;42;2025-02-25T10:22:56.347
1082;Midtjylland;2023-10-09;11;2025-02-25T10:22:56.347
1081;Nordjylland;2023-10-09;10;2025-02-25T10:22:56.347
1085;Sjælland;2023-10-09;13;2025-02-25T10:22:56.347
1083;Syddanmark;2023-10-09;17;2025-02-25T10:22:56.347
1084;Hovedstaden;2023-10-10;25;2025-02-25T10:22:56.347
1082;Midtjylland;2023-10-10;7;2025-02-25T10:22:56.347
1081;Nordjylland;2023-10-10;7;2025-02-25T10:22:56.347
1085;Sjælland;2023-10-10;11;2025-02-25T10:22:56.347
1083;Syddanmark;2023-10-10;13;2025-02-25T10:22:56.347
1084;Hovedstaden;2023-10-11;22;2025-02-25T10:22:56.347
1082;Midtjylland;2023-10-11;11;2025-02-25T10:22:56.347
1081;Nordjylland;2023-10-11;11;2025-02-25T10:22:56.347
1085;Sjælland;2023-10-11;11;2025-02-25T10:22:56.347
1083;Syddanmark;2023-10-11;21;2025-02-25T10:22:56.347
1084;Hovedstaden;2023-10-12;39;2025-02-25T10:22:56.347
1082;Midtjylland;2023-10-12;11;2025-02-25T10:22:56.347
1081;Nordjylland;2023-10-12;13;2025-02-25T10:22:56.347
1085;Sjælland;2023-10-12;16;2025-02-25T10:22:56.347
1083;Syddanmark;2023-10-12;22;2025-02-25T10:22:56.347
1084;Hovedstaden;2023-10-13;39;2025-02-25T10:22:56.347
1082;Midtjylland;2023-10-13;5;2025-02-25T10:22:56.347
1081;Nordjylland;2023-10-13;8;2025-02-25T10:22:56.347
1085;Sjælland;2023-10-13;10;2025-02-25T10:22:56.347
1083;Syddanmark;2023-10-13;19;2025-02-25T10:22:56.347
1084;Hovedstaden;2023-10-14;22;2025-02-25T10:22:56.347
1082;Midtjylland;2023-10-14;6;2025-02-25T10:22:56.347
1081;Nordjylland;2023-10-14;5;2025-02-25T10:22:56.347
1085;Sjælland;2023-10-14;14;2025-02-25T10:22:56.347
1083;Syddanmark;2023-10-14;6;2025-02-25T10:22:56.347
1084;Hovedstaden;2023-10-15;13;2025-02-25T10:22:56.347
1082;Midtjylland;2023-10-15;7;2025-02-25T10:22:56.347
1081;Nordjylland;2023-10-15;13;2025-02-25T10:22:56.347
1085;Sjælland;2023-10-15;10;2025-02-25T10:22:56.347
1083;Syddanmark;2023-10-15;11;2025-02-25T10:22:56.347
1084;Hovedstaden;2023-10-16;33;2025-02-25T10:22:56.347
1082;Midtjylland;2023-10-16;11;2025-02-25T10:22:56.347
1081;Nordjylland;2023-10-16;11;2025-02-25T10:22:56.347
1085;Sjælland;2023-10-16;15;2025-02-25T10:22:56.347
1083;Syddanmark;2023-10-16;23;2025-02-25T10:22:56.347
1084;Hovedstaden;2023-10-17;24;2025-02-25T10:22:56.347
1082;Midtjylland;2023-10-17;19;2025-02-25T10:22:56.347
1081;Nordjylland;2023-10-17;10;2025-02-25T10:22:56.347
1085;Sjælland;2023-10-17;24;2025-02-25T10:22:56.347
1083;Syddanmark;2023-10-17;19;2025-02-25T10:22:56.347
1084;Hovedstaden;2023-10-18;44;2025-02-25T10:22:56.347
1082;Midtjylland;2023-10-18;15;2025-02-25T10:22:56.347
1081;Nordjylland;2023-10-18;9;2025-02-25T10:22:56.347
1085;Sjælland;2023-10-18;20;2025-02-25T10:22:56.347
1083;Syddanmark;2023-10-18;17;2025-02-25T10:22:56.347
1084;Hovedstaden;2023-10-19;27;2025-02-25T10:22:56.347
1082;Midtjylland;2023-10-19;20;2025-02-25T10:22:56.347
1081;Nordjylland;2023-10-19;9;2025-02-25T10:22:56.347
1085;Sjælland;2023-10-19;13;2025-02-25T10:22:56.347
1083;Syddanmark;2023-10-19;18;2025-02-25T10:22:56.347
1084;Hovedstaden;2023-10-20;33;2025-02-25T10:22:56.347
1082;Midtjylland;2023-10-20;10;2025-02-25T10:22:56.347
1081;Nordjylland;2023-10-20;9;2025-02-25T10:22:56.347
1085;Sjælland;2023-10-20;19;2025-02-25T10:22:56.347
1083;Syddanmark;2023-10-20;16;2025-02-25T10:22:56.347
1084;Hovedstaden;2023-10-21;19;2025-02-25T10:22:56.347
1082;Midtjylland;2023-10-21;9;2025-02-25T10:22:56.347
1081;Nordjylland;2023-10-21;12;2025-02-25T10:22:56.347
1085;Sjælland;2023-10-21;9;2025-02-25T10:22:56.347
1083;Syddanmark;2023-10-21;16;2025-02-25T10:22:56.347
1084;Hovedstaden;2023-10-22;17;2025-02-25T10:22:56.347
1082;Midtjylland;2023-10-22;12;2025-02-25T10:22:56.347
1081;Nordjylland;2023-10-22;19;2025-02-25T10:22:56.347
1085;Sjælland;2023-10-22;14;2025-02-25T10:22:56.347
1083;Syddanmark;2023-10-22;7;2025-02-25T10:22:56.347
1084;Hovedstaden;2023-10-23;63;2025-02-25T10:22:56.347
1082;Midtjylland;2023-10-23;14;2025-02-25T10:22:56.347
1081;Nordjylland;2023-10-23;19;2025-02-25T10:22:56.347
1085;Sjælland;2023-10-23;30;2025-02-25T10:22:56.347
1083;Syddanmark;2023-10-23;21;2025-02-25T10:22:56.347
1084;Hovedstaden;2023-10-24;53;2025-02-25T10:22:56.347
1082;Midtjylland;2023-10-24;19;2025-02-25T10:22:56.347
1081;Nordjylland;2023-10-24;21;2025-02-25T10:22:56.347
1085;Sjælland;2023-10-24;23;2025-02-25T10:22:56.347
1083;Syddanmark;2023-10-24;25;2025-02-25T10:22:56.347
1084;Hovedstaden;2023-10-25;52;2025-02-25T10:22:56.347
1082;Midtjylland;2023-10-25;24;2025-02-25T10:22:56.347
1081;Nordjylland;2023-10-25;16;2025-02-25T10:22:56.347
1085;Sjælland;2023-10-25;20;2025-02-25T10:22:56.347
1083;Syddanmark;2023-10-25;29;2025-02-25T10:22:56.347
1084;Hovedstaden;2023-10-26;51;2025-02-25T10:22:56.347
1082;Midtjylland;2023-10-26;19;2025-02-25T10:22:56.347
1081;Nordjylland;2023-10-26;14;2025-02-25T10:22:56.347
1085;Sjælland;2023-10-26;14;2025-02-25T10:22:56.347
1083;Syddanmark;2023-10-26;27;2025-02-25T10:22:56.347
1084;Hovedstaden;2023-10-27;48;2025-02-25T10:22:56.347
1082;Midtjylland;2023-10-27;13;2025-02-25T10:22:56.347
1081;Nordjylland;2023-10-27;10;2025-02-25T10:22:56.347
1085;Sjælland;2023-10-27;22;2025-02-25T10:22:56.347
1083;Syddanmark;2023-10-27;24;2025-02-25T10:22:56.347
1084;Hovedstaden;2023-10-28;26;2025-02-25T10:22:56.347
1082;Midtjylland;2023-10-28;16;2025-02-25T10:22:56.347
1081;Nordjylland;2023-10-28;13;2025-02-25T10:22:56.347
1085;Sjælland;2023-10-28;6;2025-02-25T10:22:56.347
1083;Syddanmark;2023-10-28;8;2025-02-25T10:22:56.347
1084;Hovedstaden;2023-10-29;22;2025-02-25T10:22:56.347
1082;Midtjylland;2023-10-29;18;2025-02-25T10:22:56.347
1081;Nordjylland;2023-10-29;8;2025-02-25T10:22:56.347
1085;Sjælland;2023-10-29;15;2025-02-25T10:22:56.347
1083;Syddanmark;2023-10-29;16;2025-02-25T10:22:56.347
1084;Hovedstaden;2023-10-30;75;2025-02-25T10:22:56.347
1082;Midtjylland;2023-10-30;26;2025-02-25T10:22:56.347
1081;Nordjylland;2023-10-30;14;2025-02-25T10:22:56.347
1085;Sjælland;2023-10-30;26;2025-02-25T10:22:56.347
1083;Syddanmark;2023-10-30;38;2025-02-25T10:22:56.347
1084;Hovedstaden;2023-10-31;70;2025-02-25T10:22:56.347
1082;Midtjylland;2023-10-31;24;2025-02-25T10:22:56.347
1081;Nordjylland;2023-10-31;7;2025-02-25T10:22:56.347
1085;Sjælland;2023-10-31;28;2025-02-25T10:22:56.347
1083;Syddanmark;2023-10-31;26;2025-02-25T10:22:56.347
1084;Hovedstaden;2023-11-01;49;2025-02-25T10:22:56.347
1082;Midtjylland;2023-11-01;20;2025-02-25T10:22:56.347
1081;Nordjylland;2023-11-01;8;2025-02-25T10:22:56.347
1085;Sjælland;2023-11-01;23;2025-02-25T10:22:56.347
1083;Syddanmark;2023-11-01;21;2025-02-25T10:22:56.347
1084;Hovedstaden;2023-11-02;64;2025-02-25T10:22:56.347
1082;Midtjylland;2023-11-02;24;2025-02-25T10:22:56.347
1081;Nordjylland;2023-11-02;18;2025-02-25T10:22:56.347
1085;Sjælland;2023-11-02;31;2025-02-25T10:22:56.347
1083;Syddanmark;2023-11-02;34;2025-02-25T10:22:56.347
1084;Hovedstaden;2023-11-03;66;2025-02-25T10:22:56.347
1082;Midtjylland;2023-11-03;13;2025-02-25T10:22:56.347
1081;Nordjylland;2023-11-03;14;2025-02-25T10:22:56.347
1085;Sjælland;2023-11-03;26;2025-02-25T10:22:56.347
1083;Syddanmark;2023-11-03;30;2025-02-25T10:22:56.347
1084;Hovedstaden;2023-11-04;18;2025-02-25T10:22:56.347
1082;Midtjylland;2023-11-04;14;2025-02-25T10:22:56.347
1081;Nordjylland;2023-11-04;14;2025-02-25T10:22:56.347
1085;Sjælland;2023-11-04;11;2025-02-25T10:22:56.347
1083;Syddanmark;2023-11-04;18;2025-02-25T10:22:56.347
1084;Hovedstaden;2023-11-05;32;2025-02-25T10:22:56.347
1082;Midtjylland;2023-11-05;14;2025-02-25T10:22:56.347
1081;Nordjylland;2023-11-05;8;2025-02-25T10:22:56.347
1085;Sjælland;2023-11-05;10;2025-02-25T10:22:56.347
1083;Syddanmark;2023-11-05;19;2025-02-25T10:22:56.347
1084;Hovedstaden;2023-11-06;95;2025-02-25T10:22:56.347
1082;Midtjylland;2023-11-06;31;2025-02-25T10:22:56.347
1081;Nordjylland;2023-11-06;8;2025-02-25T10:22:56.347
1085;Sjælland;2023-11-06;31;2025-02-25T10:22:56.347
1083;Syddanmark;2023-11-06;36;2025-02-25T10:22:56.347
1084;Hovedstaden;2023-11-07;78;2025-02-25T10:22:56.347
1082;Midtjylland;2023-11-07;25;2025-02-25T10:22:56.347
1081;Nordjylland;2023-11-07;13;2025-02-25T10:22:56.347
1085;Sjælland;2023-11-07;33;2025-02-25T10:22:56.347
1083;Syddanmark;2023-11-07;32;2025-02-25T10:22:56.347
1084;Hovedstaden;2023-11-08;69;2025-02-25T10:22:56.347
1082;Midtjylland;2023-11-08;14;2025-02-25T10:22:56.347
1081;Nordjylland;2023-11-08;17;2025-02-25T10:22:56.347
1085;Sjælland;2023-11-08;29;2025-02-25T10:22:56.347
1083;Syddanmark;2023-11-08;35;2025-02-25T10:22:56.347
1084;Hovedstaden;2023-11-09;72;2025-02-25T10:22:56.347
1082;Midtjylland;2023-11-09;25;2025-02-25T10:22:56.347
1081;Nordjylland;2023-11-09;13;2025-02-25T10:22:56.347
1085;Sjælland;2023-11-09;30;2025-02-25T10:22:56.347
1083;Syddanmark;2023-11-09;40;2025-02-25T10:22:56.347
1084;Hovedstaden;2023-11-10;67;2025-02-25T10:22:56.347
1082;Midtjylland;2023-11-10;20;2025-02-25T10:22:56.347
1081;Nordjylland;2023-11-10;15;2025-02-25T10:22:56.347
1085;Sjælland;2023-11-10;25;2025-02-25T10:22:56.347
1083;Syddanmark;2023-11-10;46;2025-02-25T10:22:56.347
1084;Hovedstaden;2023-11-11;25;2025-02-25T10:22:56.347
1082;Midtjylland;2023-11-11;13;2025-02-25T10:22:56.347
1081;Nordjylland;2023-11-11;13;2025-02-25T10:22:56.347
1085;Sjælland;2023-11-11;11;2025-02-25T10:22:56.347
1083;Syddanmark;2023-11-11;20;2025-02-25T10:22:56.347
1084;Hovedstaden;2023-11-12;29;2025-02-25T10:22:56.347
1082;Midtjylland;2023-11-12;14;2025-02-25T10:22:56.347
1081;Nordjylland;2023-11-12;11;2025-02-25T10:22:56.347
1085;Sjælland;2023-11-12;24;2025-02-25T10:22:56.347
1083;Syddanmark;2023-11-12;14;2025-02-25T10:22:56.347
1084;Hovedstaden;2023-11-13;71;2025-02-25T10:22:56.347
1082;Midtjylland;2023-11-13;34;2025-02-25T10:22:56.347
1081;Nordjylland;2023-11-13;21;2025-02-25T10:22:56.347
1085;Sjælland;2023-11-13;37;2025-02-25T10:22:56.347
1083;Syddanmark;2023-11-13;45;2025-02-25T10:22:56.347
1084;Hovedstaden;2023-11-14;84;2025-02-25T10:22:56.347
1082;Midtjylland;2023-11-14;21;2025-02-25T10:22:56.347
1081;Nordjylland;2023-11-14;12;2025-02-25T10:22:56.347
1085;Sjælland;2023-11-14;34;2025-02-25T10:22:56.347
1083;Syddanmark;2023-11-14;44;2025-02-25T10:22:56.347
1084;Hovedstaden;2023-11-15;83;2025-02-25T10:22:56.347
1082;Midtjylland;2023-11-15;21;2025-02-25T10:22:56.347
1081;Nordjylland;2023-11-15;14;2025-02-25T10:22:56.347
1085;Sjælland;2023-11-15;40;2025-02-25T10:22:56.347
1083;Syddanmark;2023-11-15;38;2025-02-25T10:22:56.347
1084;Hovedstaden;2023-11-16;74;2025-02-25T10:22:56.347
1082;Midtjylland;2023-11-16;27;2025-02-25T10:22:56.347
1081;Nordjylland;2023-11-16;14;2025-02-25T10:22:56.347
1085;Sjælland;2023-11-16;49;2025-02-25T10:22:56.347
1083;Syddanmark;2023-11-16;35;2025-02-25T10:22:56.347
1084;Hovedstaden;2023-11-17;57;2025-02-25T10:22:56.347
1082;Midtjylland;2023-11-17;24;2025-02-25T10:22:56.347
1081;Nordjylland;2023-11-17;16;2025-02-25T10:22:56.347
1085;Sjælland;2023-11-17;30;2025-02-25T10:22:56.347
1083;Syddanmark;2023-11-17;46;2025-02-25T10:22:56.347
1084;Hovedstaden;2023-11-18;40;2025-02-25T10:22:56.347
1082;Midtjylland;2023-11-18;23;2025-02-25T10:22:56.347
1081;Nordjylland;2023-11-18;14;2025-02-25T10:22:56.347
1085;Sjælland;2023-11-18;16;2025-02-25T10:22:56.347
1083;Syddanmark;2023-11-18;21;2025-02-25T10:22:56.347
1084;Hovedstaden;2023-11-19;45;2025-02-25T10:22:56.347
1082;Midtjylland;2023-11-19;22;2025-02-25T10:22:56.347
1081;Nordjylland;2023-11-19;14;2025-02-25T10:22:56.347
1085;Sjælland;2023-11-19;12;2025-02-25T10:22:56.347
1083;Syddanmark;2023-11-19;24;2025-02-25T10:22:56.347
1084;Hovedstaden;2023-11-20;130;2025-02-25T10:22:56.347
1082;Midtjylland;2023-11-20;39;2025-02-25T10:22:56.347
1081;Nordjylland;2023-11-20;21;2025-02-25T10:22:56.347
1085;Sjælland;2023-11-20;46;2025-02-25T10:22:56.347
1083;Syddanmark;2023-11-20;34;2025-02-25T10:22:56.347
1084;Hovedstaden;2023-11-21;125;2025-02-25T10:22:56.347
1082;Midtjylland;2023-11-21;47;2025-02-25T10:22:56.347
1081;Nordjylland;2023-11-21;18;2025-02-25T10:22:56.347
1085;Sjælland;2023-11-21;55;2025-02-25T10:22:56.347
1083;Syddanmark;2023-11-21;55;2025-02-25T10:22:56.347
1084;Hovedstaden;2023-11-22;111;2025-02-25T10:22:56.347
1082;Midtjylland;2023-11-22;31;2025-02-25T10:22:56.347
1081;Nordjylland;2023-11-22;17;2025-02-25T10:22:56.347
1085;Sjælland;2023-11-22;53;2025-02-25T10:22:56.347
1083;Syddanmark;2023-11-22;67;2025-02-25T10:22:56.347
1084;Hovedstaden;2023-11-23;114;2025-02-25T10:22:56.347
1082;Midtjylland;2023-11-23;41;2025-02-25T10:22:56.347
1081;Nordjylland;2023-11-23;24;2025-02-25T10:22:56.347
1085;Sjælland;2023-11-23;45;2025-02-25T10:22:56.347
1083;Syddanmark;2023-11-23;49;2025-02-25T10:22:56.347
1084;Hovedstaden;2023-11-24;87;2025-02-25T10:22:56.347
1082;Midtjylland;2023-11-24;26;2025-02-25T10:22:56.347
1081;Nordjylland;2023-11-24;24;2025-02-25T10:22:56.347
1085;Sjælland;2023-11-24;41;2025-02-25T10:22:56.347
1083;Syddanmark;2023-11-24;52;2025-02-25T10:22:56.347
1084;Hovedstaden;2023-11-25;42;2025-02-25T10:22:56.347
1082;Midtjylland;2023-11-25;26;2025-02-25T10:22:56.347
1081;Nordjylland;2023-11-25;25;2025-02-25T10:22:56.347
1085;Sjælland;2023-11-25;22;2025-02-25T10:22:56.347
1083;Syddanmark;2023-11-25;27;2025-02-25T10:22:56.347
1084;Hovedstaden;2023-11-26;46;2025-02-25T10:22:56.347
1082;Midtjylland;2023-11-26;27;2025-02-25T10:22:56.347
1081;Nordjylland;2023-11-26;18;2025-02-25T10:22:56.347
1085;Sjælland;2023-11-26;38;2025-02-25T10:22:56.347
1083;Syddanmark;2023-11-26;28;2025-02-25T10:22:56.347
1084;Hovedstaden;2023-11-27;138;2025-02-25T10:22:56.347
1082;Midtjylland;2023-11-27;39;2025-02-25T10:22:56.347
1081;Nordjylland;2023-11-27;15;2025-02-25T10:22:56.347
1085;Sjælland;2023-11-27;69;2025-02-25T10:22:56.347
1083;Syddanmark;2023-11-27;58;2025-02-25T10:22:56.347
1084;Hovedstaden;2023-11-28;136;2025-02-25T10:22:56.347
1082;Midtjylland;2023-11-28;50;2025-02-25T10:22:56.347
1081;Nordjylland;2023-11-28;23;2025-02-25T10:22:56.347
1085;Sjælland;2023-11-28;71;2025-02-25T10:22:56.347
1083;Syddanmark;2023-11-28;54;2025-02-25T10:22:56.347
1084;Hovedstaden;2023-11-29;161;2025-02-25T10:22:56.347
1082;Midtjylland;2023-11-29;55;2025-02-25T10:22:56.347
1081;Nordjylland;2023-11-29;23;2025-02-25T10:22:56.347
1085;Sjælland;2023-11-29;48;2025-02-25T10:22:56.347
1083;Syddanmark;2023-11-29;59;2025-02-25T10:22:56.347
1084;Hovedstaden;2023-11-30;155;2025-02-25T10:22:56.347
1082;Midtjylland;2023-11-30;52;2025-02-25T10:22:56.347
1081;Nordjylland;2023-11-30;28;2025-02-25T10:22:56.347
1085;Sjælland;2023-11-30;60;2025-02-25T10:22:56.347
1083;Syddanmark;2023-11-30;69;2025-02-25T10:22:56.347
1084;Hovedstaden;2023-12-01;157;2025-02-25T10:22:56.347
1082;Midtjylland;2023-12-01;60;2025-02-25T10:22:56.347
1081;Nordjylland;2023-12-01;20;2025-02-25T10:22:56.347
1085;Sjælland;2023-12-01;53;2025-02-25T10:22:56.347
1083;Syddanmark;2023-12-01;56;2025-02-25T10:22:56.347
1084;Hovedstaden;2023-12-02;63;2025-02-25T10:22:56.347
1082;Midtjylland;2023-12-02;24;2025-02-25T10:22:56.347
1081;Nordjylland;2023-12-02;24;2025-02-25T10:22:56.347
1085;Sjælland;2023-12-02;25;2025-02-25T10:22:56.347
1083;Syddanmark;2023-12-02;39;2025-02-25T10:22:56.347
1084;Hovedstaden;2023-12-03;60;2025-02-25T10:22:56.347
1082;Midtjylland;2023-12-03;29;2025-02-25T10:22:56.347
1081;Nordjylland;2023-12-03;15;2025-02-25T10:22:56.347
1085;Sjælland;2023-12-03;30;2025-02-25T10:22:56.347
1083;Syddanmark;2023-12-03;25;2025-02-25T10:22:56.347
1084;Hovedstaden;2023-12-04;198;2025-02-25T10:22:56.347
1082;Midtjylland;2023-12-04;59;2025-02-25T10:22:56.347
1081;Nordjylland;2023-12-04;30;2025-02-25T10:22:56.347
1085;Sjælland;2023-12-04;85;2025-02-25T10:22:56.347
1083;Syddanmark;2023-12-04;78;2025-02-25T10:22:56.347
1084;Hovedstaden;2023-12-05;198;2025-02-25T10:22:56.347
1082;Midtjylland;2023-12-05;51;2025-02-25T10:22:56.347
1081;Nordjylland;2023-12-05;26;2025-02-25T10:22:56.347
1085;Sjælland;2023-12-05;80;2025-02-25T10:22:56.347
1083;Syddanmark;2023-12-05;67;2025-02-25T10:22:56.347
1084;Hovedstaden;2023-12-06;199;2025-02-25T10:22:56.347
1082;Midtjylland;2023-12-06;57;2025-02-25T10:22:56.347
1081;Nordjylland;2023-12-06;28;2025-02-25T10:22:56.347
1085;Sjælland;2023-12-06;77;2025-02-25T10:22:56.347
1083;Syddanmark;2023-12-06;80;2025-02-25T10:22:56.347
1084;Hovedstaden;2023-12-07;216;2025-02-25T10:22:56.347
1082;Midtjylland;2023-12-07;61;2025-02-25T10:22:56.347
1081;Nordjylland;2023-12-07;27;2025-02-25T10:22:56.347
1085;Sjælland;2023-12-07;90;2025-02-25T10:22:56.347
1083;Syddanmark;2023-12-07;91;2025-02-25T10:22:56.347
1084;Hovedstaden;2023-12-08;208;2025-02-25T10:22:56.347
1082;Midtjylland;2023-12-08;66;2025-02-25T10:22:56.347
1081;Nordjylland;2023-12-08;27;2025-02-25T10:22:56.347
1085;Sjælland;2023-12-08;75;2025-02-25T10:22:56.347
1083;Syddanmark;2023-12-08;87;2025-02-25T10:22:56.347
1084;Hovedstaden;2023-12-09;75;2025-02-25T10:22:56.347
1082;Midtjylland;2023-12-09;31;2025-02-25T10:22:56.347
1081;Nordjylland;2023-12-09;15;2025-02-25T10:22:56.347
1085;Sjælland;2023-12-09;29;2025-02-25T10:22:56.347
1083;Syddanmark;2023-12-09;42;2025-02-25T10:22:56.347
1084;Hovedstaden;2023-12-10;84;2025-02-25T10:22:56.347
1082;Midtjylland;2023-12-10;39;2025-02-25T10:22:56.347
1081;Nordjylland;2023-12-10;19;2025-02-25T10:22:56.347
1085;Sjælland;2023-12-10;51;2025-02-25T10:22:56.347
1083;Syddanmark;2023-12-10;54;2025-02-25T10:22:56.347
1084;Hovedstaden;2023-12-11;268;2025-02-25T10:22:56.347
1082;Midtjylland;2023-12-11;59;2025-02-25T10:22:56.347
1081;Nordjylland;2023-12-11;28;2025-02-25T10:22:56.347
1085;Sjælland;2023-12-11;107;2025-02-25T10:22:56.347
1083;Syddanmark;2023-12-11;87;2025-02-25T10:22:56.347
1084;Hovedstaden;2023-12-12;223;2025-02-25T10:22:56.347
1082;Midtjylland;2023-12-12;59;2025-02-25T10:22:56.347
1081;Nordjylland;2023-12-12;25;2025-02-25T10:22:56.347
1085;Sjælland;2023-12-12;91;2025-02-25T10:22:56.347
1083;Syddanmark;2023-12-12;90;2025-02-25T10:22:56.347
1084;Hovedstaden;2023-12-13;190;2025-02-25T10:22:56.347
1082;Midtjylland;2023-12-13;60;2025-02-25T10:22:56.347
1081;Nordjylland;2023-12-13;19;2025-02-25T10:22:56.347
1085;Sjælland;2023-12-13;109;2025-02-25T10:22:56.347
1083;Syddanmark;2023-12-13;74;2025-02-25T10:22:56.347
1084;Hovedstaden;2023-12-14;184;2025-02-25T10:22:56.347
1082;Midtjylland;2023-12-14;45;2025-02-25T10:22:56.347
1081;Nordjylland;2023-12-14;24;2025-02-25T10:22:56.347
1085;Sjælland;2023-12-14;77;2025-02-25T10:22:56.347
1083;Syddanmark;2023-12-14;92;2025-02-25T10:22:56.347
1084;Hovedstaden;2023-12-15;181;2025-02-25T10:22:56.347
1082;Midtjylland;2023-12-15;51;2025-02-25T10:22:56.347
1081;Nordjylland;2023-12-15;16;2025-02-25T10:22:56.347
1085;Sjælland;2023-12-15;64;2025-02-25T10:22:56.347
1083;Syddanmark;2023-12-15;69;2025-02-25T10:22:56.347
1084;Hovedstaden;2023-12-16;66;2025-02-25T10:22:56.347
1082;Midtjylland;2023-12-16;29;2025-02-25T10:22:56.347
1081;Nordjylland;2023-12-16;25;2025-02-25T10:22:56.347
1085;Sjælland;2023-12-16;22;2025-02-25T10:22:56.347
1083;Syddanmark;2023-12-16;32;2025-02-25T10:22:56.347
1084;Hovedstaden;2023-12-17;83;2025-02-25T10:22:56.347
1082;Midtjylland;2023-12-17;24;2025-02-25T10:22:56.347
1081;Nordjylland;2023-12-17;17;2025-02-25T10:22:56.347
1085;Sjælland;2023-12-17;37;2025-02-25T10:22:56.347
1083;Syddanmark;2023-12-17;46;2025-02-25T10:22:56.347
1084;Hovedstaden;2023-12-18;189;2025-02-25T10:22:56.347
1082;Midtjylland;2023-12-18;58;2025-02-25T10:22:56.347
1081;Nordjylland;2023-12-18;23;2025-02-25T10:22:56.347
1085;Sjælland;2023-12-18;82;2025-02-25T10:22:56.347
1083;Syddanmark;2023-12-18;91;2025-02-25T10:22:56.347
1084;Hovedstaden;2023-12-19;162;2025-02-25T10:22:56.347
1082;Midtjylland;2023-12-19;55;2025-02-25T10:22:56.347
1081;Nordjylland;2023-12-19;19;2025-02-25T10:22:56.347
1085;Sjælland;2023-12-19;85;2025-02-25T10:22:56.347
1083;Syddanmark;2023-12-19;69;2025-02-25T10:22:56.347
1084;Hovedstaden;2023-12-20;143;2025-02-25T10:22:56.347
1082;Midtjylland;2023-12-20;37;2025-02-25T10:22:56.347
1081;Nordjylland;2023-12-20;16;2025-02-25T10:22:56.347
1085;Sjælland;2023-12-20;61;2025-02-25T10:22:56.347
1083;Syddanmark;2023-12-20;53;2025-02-25T10:22:56.347
1084;Hovedstaden;2023-12-21;149;2025-02-25T10:22:56.347
1082;Midtjylland;2023-12-21;42;2025-02-25T10:22:56.347
1081;Nordjylland;2023-12-21;17;2025-02-25T10:22:56.347
1085;Sjælland;2023-12-21;61;2025-02-25T10:22:56.347
1083;Syddanmark;2023-12-21;56;2025-02-25T10:22:56.347
1084;Hovedstaden;2023-12-22;103;2025-02-25T10:22:56.347
1082;Midtjylland;2023-12-22;37;2025-02-25T10:22:56.347
1081;Nordjylland;2023-12-22;14;2025-02-25T10:22:56.347
1085;Sjælland;2023-12-22;51;2025-02-25T10:22:56.347
1083;Syddanmark;2023-12-22;37;2025-02-25T10:22:56.347
1084;Hovedstaden;2023-12-23;44;2025-02-25T10:22:56.347
1082;Midtjylland;2023-12-23;20;2025-02-25T10:22:56.347
1081;Nordjylland;2023-12-23;6;2025-02-25T10:22:56.347
1085;Sjælland;2023-12-23;16;2025-02-25T10:22:56.347
1083;Syddanmark;2023-12-23;32;2025-02-25T10:22:56.347
1084;Hovedstaden;2023-12-24;40;2025-02-25T10:22:56.347
1082;Midtjylland;2023-12-24;21;2025-02-25T10:22:56.347
1081;Nordjylland;2023-12-24;9;2025-02-25T10:22:56.347
1085;Sjælland;2023-12-24;22;2025-02-25T10:22:56.347
1083;Syddanmark;2023-12-24;22;2025-02-25T10:22:56.347
1084;Hovedstaden;2023-12-25;49;2025-02-25T10:22:56.347
1082;Midtjylland;2023-12-25;39;2025-02-25T10:22:56.347
1081;Nordjylland;2023-12-25;15;2025-02-25T10:22:56.347
1085;Sjælland;2023-12-25;20;2025-02-25T10:22:56.347
1083;Syddanmark;2023-12-25;30;2025-02-25T10:22:56.347
1084;Hovedstaden;2023-12-26;58;2025-02-25T10:22:56.347
1082;Midtjylland;2023-12-26;22;2025-02-25T10:22:56.347
1081;Nordjylland;2023-12-26;12;2025-02-25T10:22:56.347
1085;Sjælland;2023-12-26;10;2025-02-25T10:22:56.347
1083;Syddanmark;2023-12-26;19;2025-02-25T10:22:56.347
1084;Hovedstaden;2023-12-27;76;2025-02-25T10:22:56.347
1082;Midtjylland;2023-12-27;31;2025-02-25T10:22:56.347
1081;Nordjylland;2023-12-27;10;2025-02-25T10:22:56.347
1085;Sjælland;2023-12-27;34;2025-02-25T10:22:56.347
1083;Syddanmark;2023-12-27;38;2025-02-25T10:22:56.347
1084;Hovedstaden;2023-12-28;82;2025-02-25T10:22:56.347
1082;Midtjylland;2023-12-28;29;2025-02-25T10:22:56.347
1081;Nordjylland;2023-12-28;13;2025-02-25T10:22:56.347
1085;Sjælland;2023-12-28;35;2025-02-25T10:22:56.347
1083;Syddanmark;2023-12-28;29;2025-02-25T10:22:56.347
1084;Hovedstaden;2023-12-29;74;2025-02-25T10:22:56.347
1082;Midtjylland;2023-12-29;26;2025-02-25T10:22:56.347
1081;Nordjylland;2023-12-29;12;2025-02-25T10:22:56.347
1085;Sjælland;2023-12-29;46;2025-02-25T10:22:56.347
1083;Syddanmark;2023-12-29;23;2025-02-25T10:22:56.347
1084;Hovedstaden;2023-12-30;37;2025-02-25T10:22:56.347
1082;Midtjylland;2023-12-30;15;2025-02-25T10:22:56.347
1081;Nordjylland;2023-12-30;11;2025-02-25T10:22:56.347
1085;Sjælland;2023-12-30;13;2025-02-25T10:22:56.347
1083;Syddanmark;2023-12-30;25;2025-02-25T10:22:56.347
1084;Hovedstaden;2023-12-31;38;2025-02-25T10:22:56.347
1082;Midtjylland;2023-12-31;15;2025-02-25T10:22:56.347
1081;Nordjylland;2023-12-31;12;2025-02-25T10:22:56.347
1085;Sjælland;2023-12-31;14;2025-02-25T10:22:56.347
1083;Syddanmark;2023-12-31;16;2025-02-25T10:22:56.347
1084;Hovedstaden;2024-01-01;23;2025-02-25T10:22:56.347
1082;Midtjylland;2024-01-01;15;2025-02-25T10:22:56.347
1081;Nordjylland;2024-01-01;4;2025-02-25T10:22:56.347
1085;Sjælland;2024-01-01;15;2025-02-25T10:22:56.347
1083;Syddanmark;2024-01-01;15;2025-02-25T10:22:56.347
1084;Hovedstaden;2024-01-02;90;2025-02-25T10:22:56.347
1082;Midtjylland;2024-01-02;32;2025-02-25T10:22:56.347
1081;Nordjylland;2024-01-02;12;2025-02-25T10:22:56.347
1085;Sjælland;2024-01-02;39;2025-02-25T10:22:56.347
1083;Syddanmark;2024-01-02;28;2025-02-25T10:22:56.347
1084;Hovedstaden;2024-01-03;65;2025-02-25T10:22:56.347
1082;Midtjylland;2024-01-03;15;2025-02-25T10:22:56.347
1081;Nordjylland;2024-01-03;6;2025-02-25T10:22:56.347
1085;Sjælland;2024-01-03;22;2025-02-25T10:22:56.347
1083;Syddanmark;2024-01-03;30;2025-02-25T10:22:56.347
1084;Hovedstaden;2024-01-04;40;2025-02-25T10:22:56.347
1082;Midtjylland;2024-01-04;13;2025-02-25T10:22:56.347
1081;Nordjylland;2024-01-04;4;2025-02-25T10:22:56.347
1085;Sjælland;2024-01-04;24;2025-02-25T10:22:56.347
1083;Syddanmark;2024-01-04;22;2025-02-25T10:22:56.347
1084;Hovedstaden;2024-01-05;38;2025-02-25T10:22:56.347
1082;Midtjylland;2024-01-05;19;2025-02-25T10:22:56.347
1081;Nordjylland;2024-01-05;9;2025-02-25T10:22:56.347
1085;Sjælland;2024-01-05;15;2025-02-25T10:22:56.347
1083;Syddanmark;2024-01-05;25;2025-02-25T10:22:56.347
1084;Hovedstaden;2024-01-06;17;2025-02-25T10:22:56.347
1082;Midtjylland;2024-01-06;5;2025-02-25T10:22:56.347
1081;Nordjylland;2024-01-06;4;2025-02-25T10:22:56.347
1085;Sjælland;2024-01-06;10;2025-02-25T10:22:56.347
1083;Syddanmark;2024-01-06;9;2025-02-25T10:22:56.347
1084;Hovedstaden;2024-01-07;24;2025-02-25T10:22:56.347
1082;Midtjylland;2024-01-07;10;2025-02-25T10:22:56.347
1081;Nordjylland;2024-01-07;6;2025-02-25T10:22:56.347
1085;Sjælland;2024-01-07;4;2025-02-25T10:22:56.347
1083;Syddanmark;2024-01-07;16;2025-02-25T10:22:56.347
1084;Hovedstaden;2024-01-08;44;2025-02-25T10:22:56.347
1082;Midtjylland;2024-01-08;12;2025-02-25T10:22:56.347
1081;Nordjylland;2024-01-08;2;2025-02-25T10:22:56.347
1085;Sjælland;2024-01-08;16;2025-02-25T10:22:56.347
1083;Syddanmark;2024-01-08;9;2025-02-25T10:22:56.347
1084;Hovedstaden;2024-01-09;34;2025-02-25T10:22:56.347
1082;Midtjylland;2024-01-09;8;2025-02-25T10:22:56.347
1081;Nordjylland;2024-01-09;5;2025-02-25T10:22:56.347
1085;Sjælland;2024-01-09;11;2025-02-25T10:22:56.347
1083;Syddanmark;2024-01-09;12;2025-02-25T10:22:56.347
1084;Hovedstaden;2024-01-10;30;2025-02-25T10:22:56.347
1082;Midtjylland;2024-01-10;7;2025-02-25T10:22:56.347
1081;Nordjylland;2024-01-10;6;2025-02-25T10:22:56.347
1085;Sjælland;2024-01-10;5;2025-02-25T10:22:56.347
1083;Syddanmark;2024-01-10;11;2025-02-25T10:22:56.347
1084;Hovedstaden;2024-01-11;30;2025-02-25T10:22:56.347
1082;Midtjylland;2024-01-11;10;2025-02-25T10:22:56.347
1081;Nordjylland;2024-01-11;4;2025-02-25T10:22:56.347
1085;Sjælland;2024-01-11;10;2025-02-25T10:22:56.347
1083;Syddanmark;2024-01-11;11;2025-02-25T10:22:56.347
1084;Hovedstaden;2024-01-12;20;2025-02-25T10:22:56.347
1082;Midtjylland;2024-01-12;5;2025-02-25T10:22:56.347
1081;Nordjylland;2024-01-12;3;2025-02-25T10:22:56.347
1085;Sjælland;2024-01-12;11;2025-02-25T10:22:56.347
1083;Syddanmark;2024-01-12;10;2025-02-25T10:22:56.347
1084;Hovedstaden;2024-01-13;10;2025-02-25T10:22:56.347
1082;Midtjylland;2024-01-13;6;2025-02-25T10:22:56.347
1081;Nordjylland;2024-01-13;1;2025-02-25T10:22:56.347
1085;Sjælland;2024-01-13;2;2025-02-25T10:22:56.347
1083;Syddanmark;2024-01-13;8;2025-02-25T10:22:56.347
1084;Hovedstaden;2024-01-14;12;2025-02-25T10:22:56.347
1082;Midtjylland;2024-01-14;7;2025-02-25T10:22:56.347
1081;Nordjylland;2024-01-14;1;2025-02-25T10:22:56.347
1085;Sjælland;2024-01-14;6;2025-02-25T10:22:56.347
1083;Syddanmark;2024-01-14;8;2025-02-25T10:22:56.347
1084;Hovedstaden;2024-01-15;33;2025-02-25T10:22:56.347
1082;Midtjylland;2024-01-15;14;2025-02-25T10:22:56.347
1081;Nordjylland;2024-01-15;2;2025-02-25T10:22:56.347
1085;Sjælland;2024-01-15;13;2025-02-25T10:22:56.347
1083;Syddanmark;2024-01-15;9;2025-02-25T10:22:56.347
1084;Hovedstaden;2024-01-16;17;2025-02-25T10:22:56.347
1082;Midtjylland;2024-01-16;8;2025-02-25T10:22:56.347
1081;Nordjylland;2024-01-16;3;2025-02-25T10:22:56.347
1085;Sjælland;2024-01-16;9;2025-02-25T10:22:56.347
1083;Syddanmark;2024-01-16;7;2025-02-25T10:22:56.347
1084;Hovedstaden;2024-01-17;20;2025-02-25T10:22:56.347
1082;Midtjylland;2024-01-17;13;2025-02-25T10:22:56.347
1081;Nordjylland;2024-01-17;2;2025-02-25T10:22:56.347
1085;Sjælland;2024-01-17;13;2025-02-25T10:22:56.347
1083;Syddanmark;2024-01-17;6;2025-02-25T10:22:56.347
1084;Hovedstaden;2024-01-18;20;2025-02-25T10:22:56.347
1082;Midtjylland;2024-01-18;5;2025-02-25T10:22:56.347
1081;Nordjylland;2024-01-18;4;2025-02-25T10:22:56.347
1085;Sjælland;2024-01-18;13;2025-02-25T10:22:56.347
1083;Syddanmark;2024-01-18;8;2025-02-25T10:22:56.347
1084;Hovedstaden;2024-01-19;22;2025-02-25T10:22:56.347
1082;Midtjylland;2024-01-19;3;2025-02-25T10:22:56.347
1081;Nordjylland;2024-01-19;2;2025-02-25T10:22:56.347
1085;Sjælland;2024-01-19;7;2025-02-25T10:22:56.347
1083;Syddanmark;2024-01-19;10;2025-02-25T10:22:56.347
1084;Hovedstaden;2024-01-20;11;2025-02-25T10:22:56.347
1082;Midtjylland;2024-01-20;6;2025-02-25T10:22:56.347
1081;Nordjylland;2024-01-20;2;2025-02-25T10:22:56.347
1085;Sjælland;2024-01-20;2;2025-02-25T10:22:56.347
1083;Syddanmark;2024-01-20;5;2025-02-25T10:22:56.347
1084;Hovedstaden;2024-01-21;11;2025-02-25T10:22:56.347
1082;Midtjylland;2024-01-21;3;2025-02-25T10:22:56.347
1081;Nordjylland;2024-01-21;3;2025-02-25T10:22:56.347
1085;Sjælland;2024-01-21;1;2025-02-25T10:22:56.347
1083;Syddanmark;2024-01-21;9;2025-02-25T10:22:56.347
1084;Hovedstaden;2024-01-22;23;2025-02-25T10:22:56.347
1082;Midtjylland;2024-01-22;5;2025-02-25T10:22:56.347
1081;Nordjylland;2024-01-22;1;2025-02-25T10:22:56.347
1085;Sjælland;2024-01-22;7;2025-02-25T10:22:56.347
1083;Syddanmark;2024-01-22;7;2025-02-25T10:22:56.347
1084;Hovedstaden;2024-01-23;17;2025-02-25T10:22:56.347
1082;Midtjylland;2024-01-23;4;2025-02-25T10:22:56.347
1081;Nordjylland;2024-01-23;4;2025-02-25T10:22:56.347
1085;Sjælland;2024-01-23;5;2025-02-25T10:22:56.347
1083;Syddanmark;2024-01-23;9;2025-02-25T10:22:56.347
1084;Hovedstaden;2024-01-24;11;2025-02-25T10:22:56.347
1082;Midtjylland;2024-01-24;6;2025-02-25T10:22:56.347
1081;Nordjylland;2024-01-24;3;2025-02-25T10:22:56.347
1085;Sjælland;2024-01-24;7;2025-02-25T10:22:56.347
1083;Syddanmark;2024-01-24;8;2025-02-25T10:22:56.347
1084;Hovedstaden;2024-01-25;16;2025-02-25T10:22:56.347
1082;Midtjylland;2024-01-25;5;2025-02-25T10:22:56.347
1081;Nordjylland;2024-01-25;2;2025-02-25T10:22:56.347
1085;Sjælland;2024-01-25;9;2025-02-25T10:22:56.347
1083;Syddanmark;2024-01-25;4;2025-02-25T10:22:56.347
1084;Hovedstaden;2024-01-26;18;2025-02-25T10:22:56.347
1082;Midtjylland;2024-01-26;7;2025-02-25T10:22:56.347
1081;Nordjylland;2024-01-26;1;2025-02-25T10:22:56.347
1085;Sjælland;2024-01-26;5;2025-02-25T10:22:56.347
1083;Syddanmark;2024-01-26;9;2025-02-25T10:22:56.347
1084;Hovedstaden;2024-01-27;3;2025-02-25T10:22:56.347
1081;Nordjylland;2024-01-27;1;2025-02-25T10:22:56.347
1085;Sjælland;2024-01-27;3;2025-02-25T10:22:56.347
1084;Hovedstaden;2024-01-28;4;2025-02-25T10:22:56.347
1082;Midtjylland;2024-01-28;3;2025-02-25T10:22:56.347
1081;Nordjylland;2024-01-28;2;2025-02-25T10:22:56.347
1085;Sjælland;2024-01-28;3;2025-02-25T10:22:56.347
1083;Syddanmark;2024-01-28;2;2025-02-25T10:22:56.347
1084;Hovedstaden;2024-01-29;10;2025-02-25T10:22:56.347
1082;Midtjylland;2024-01-29;5;2025-02-25T10:22:56.347
1081;Nordjylland;2024-01-29;1;2025-02-25T10:22:56.347
1085;Sjælland;2024-01-29;8;2025-02-25T10:22:56.347
1083;Syddanmark;2024-01-29;7;2025-02-25T10:22:56.347
1084;Hovedstaden;2024-01-30;10;2025-02-25T10:22:56.347
1082;Midtjylland;2024-01-30;8;2025-02-25T10:22:56.347
1081;Nordjylland;2024-01-30;3;2025-02-25T10:22:56.347
1085;Sjælland;2024-01-30;5;2025-02-25T10:22:56.347
1083;Syddanmark;2024-01-30;5;2025-02-25T10:22:56.347
1084;Hovedstaden;2024-01-31;9;2025-02-25T10:22:56.347
1082;Midtjylland;2024-01-31;6;2025-02-25T10:22:56.347
1081;Nordjylland;2024-01-31;5;2025-02-25T10:22:56.347
1085;Sjælland;2024-01-31;2;2025-02-25T10:22:56.347
1083;Syddanmark;2024-01-31;4;2025-02-25T10:22:56.347
1084;Hovedstaden;2024-02-01;17;2025-02-25T10:22:56.347
1082;Midtjylland;2024-02-01;3;2025-02-25T10:22:56.347
1081;Nordjylland;2024-02-01;1;2025-02-25T10:22:56.347
1085;Sjælland;2024-02-01;4;2025-02-25T10:22:56.347
1083;Syddanmark;2024-02-01;5;2025-02-25T10:22:56.347
1084;Hovedstaden;2024-02-02;13;2025-02-25T10:22:56.347
1082;Midtjylland;2024-02-02;2;2025-02-25T10:22:56.347
1081;Nordjylland;2024-02-02;1;2025-02-25T10:22:56.347
1085;Sjælland;2024-02-02;1;2025-02-25T10:22:56.347
1083;Syddanmark;2024-02-02;6;2025-02-25T10:22:56.347
1084;Hovedstaden;2024-02-03;5;2025-02-25T10:22:56.347
1082;Midtjylland;2024-02-03;3;2025-02-25T10:22:56.347
1081;Nordjylland;2024-02-03;3;2025-02-25T10:22:56.347
1083;Syddanmark;2024-02-03;2;2025-02-25T10:22:56.347
1084;Hovedstaden;2024-02-04;4;2025-02-25T10:22:56.347
1082;Midtjylland;2024-02-04;2;2025-02-25T10:22:56.347
1081;Nordjylland;2024-02-04;1;2025-02-25T10:22:56.347
1085;Sjælland;2024-02-04;2;2025-02-25T10:22:56.347
1083;Syddanmark;2024-02-04;5;2025-02-25T10:22:56.347
1084;Hovedstaden;2024-02-05;17;2025-02-25T10:22:56.347
1082;Midtjylland;2024-02-05;4;2025-02-25T10:22:56.347
1081;Nordjylland;2024-02-05;2;2025-02-25T10:22:56.347
1085;Sjælland;2024-02-05;1;2025-02-25T10:22:56.347
1083;Syddanmark;2024-02-05;4;2025-02-25T10:22:56.347
1084;Hovedstaden;2024-02-06;5;2025-02-25T10:22:56.347
1082;Midtjylland;2024-02-06;6;2025-02-25T10:22:56.347
1085;Sjælland;2024-02-06;2;2025-02-25T10:22:56.347
1083;Syddanmark;2024-02-06;4;2025-02-25T10:22:56.347
1084;Hovedstaden;2024-02-07;6;2025-02-25T10:22:56.347
1082;Midtjylland;2024-02-07;1;2025-02-25T10:22:56.347
1085;Sjælland;2024-02-07;2;2025-02-25T10:22:56.347
1083;Syddanmark;2024-02-07;2;2025-02-25T10:22:56.347
1084;Hovedstaden;2024-02-08;9;2025-02-25T10:22:56.347
1082;Midtjylland;2024-02-08;3;2025-02-25T10:22:56.347
1081;Nordjylland;2024-02-08;3;2025-02-25T10:22:56.347
1085;Sjælland;2024-02-08;3;2025-02-25T10:22:56.347
1083;Syddanmark;2024-02-08;6;2025-02-25T10:22:56.347
1084;Hovedstaden;2024-02-09;9;2025-02-25T10:22:56.347
1082;Midtjylland;2024-02-09;4;2025-02-25T10:22:56.347
1081;Nordjylland;2024-02-09;1;2025-02-25T10:22:56.347
1085;Sjælland;2024-02-09;1;2025-02-25T10:22:56.347
1083;Syddanmark;2024-02-09;4;2025-02-25T10:22:56.347
1084;Hovedstaden;2024-02-10;3;2025-02-25T10:22:56.347
1082;Midtjylland;2024-02-10;2;2025-02-25T10:22:56.347
1081;Nordjylland;2024-02-10;1;2025-02-25T10:22:56.347
1085;Sjælland;2024-02-10;3;2025-02-25T10:22:56.347
1083;Syddanmark;2024-02-10;1;2025-02-25T10:22:56.347
1084;Hovedstaden;2024-02-11;4;2025-02-25T10:22:56.347
1082;Midtjylland;2024-02-11;5;2025-02-25T10:22:56.347
1081;Nordjylland;2024-02-11;1;2025-02-25T10:22:56.347
1085;Sjælland;2024-02-11;2;2025-02-25T10:22:56.347
1083;Syddanmark;2024-02-11;5;2025-02-25T10:22:56.347
1084;Hovedstaden;2024-02-12;12;2025-02-25T10:22:56.347
1081;Nordjylland;2024-02-12;3;2025-02-25T10:22:56.347
1085;Sjælland;2024-02-12;6;2025-02-25T10:22:56.347
1083;Syddanmark;2024-02-12;6;2025-02-25T10:22:56.347
1084;Hovedstaden;2024-02-13;7;2025-02-25T10:22:56.347
1082;Midtjylland;2024-02-13;3;2025-02-25T10:22:56.347
1081;Nordjylland;2024-02-13;1;2025-02-25T10:22:56.347
1085;Sjælland;2024-02-13;5;2025-02-25T10:22:56.347
1083;Syddanmark;2024-02-13;4;2025-02-25T10:22:56.347
1084;Hovedstaden;2024-02-14;7;2025-02-25T10:22:56.347
1082;Midtjylland;2024-02-14;4;2025-02-25T10:22:56.347
1081;Nordjylland;2024-02-14;3;2025-02-25T10:22:56.347
1085;Sjælland;2024-02-14;5;2025-02-25T10:22:56.347
1083;Syddanmark;2024-02-14;10;2025-02-25T10:22:56.347
1084;Hovedstaden;2024-02-15;5;2025-02-25T10:22:56.347
1082;Midtjylland;2024-02-15;4;2025-02-25T10:22:56.347
1085;Sjælland;2024-02-15;2;2025-02-25T10:22:56.347
1083;Syddanmark;2024-02-15;1;2025-02-25T10:22:56.347
1084;Hovedstaden;2024-02-16;8;2025-02-25T10:22:56.347
1082;Midtjylland;2024-02-16;3;2025-02-25T10:22:56.347
1085;Sjælland;2024-02-16;2;2025-02-25T10:22:56.347
1084;Hovedstaden;2024-02-17;4;2025-02-25T10:22:56.347
1082;Midtjylland;2024-02-17;2;2025-02-25T10:22:56.347
1081;Nordjylland;2024-02-17;1;2025-02-25T10:22:56.347
1085;Sjælland;2024-02-17;1;2025-02-25T10:22:56.347
1083;Syddanmark;2024-02-17;1;2025-02-25T10:22:56.347
1084;Hovedstaden;2024-02-18;4;2025-02-25T10:22:56.347
1082;Midtjylland;2024-02-18;1;2025-02-25T10:22:56.347
1085;Sjælland;2024-02-18;2;2025-02-25T10:22:56.347
1083;Syddanmark;2024-02-18;1;2025-02-25T10:22:56.347
1084;Hovedstaden;2024-02-19;6;2025-02-25T10:22:56.347
1082;Midtjylland;2024-02-19;2;2025-02-25T10:22:56.347
1081;Nordjylland;2024-02-19;2;2025-02-25T10:22:56.347
1085;Sjælland;2024-02-19;1;2025-02-25T10:22:56.347
1083;Syddanmark;2024-02-19;4;2025-02-25T10:22:56.347
1084;Hovedstaden;2024-02-20;14;2025-02-25T10:22:56.347
1082;Midtjylland;2024-02-20;3;2025-02-25T10:22:56.347
1085;Sjælland;2024-02-20;3;2025-02-25T10:22:56.347
1083;Syddanmark;2024-02-20;2;2025-02-25T10:22:56.347
1084;Hovedstaden;2024-02-21;6;2025-02-25T10:22:56.347
1082;Midtjylland;2024-02-21;2;2025-02-25T10:22:56.347
1081;Nordjylland;2024-02-21;2;2025-02-25T10:22:56.347
1085;Sjælland;2024-02-21;2;2025-02-25T10:22:56.347
1083;Syddanmark;2024-02-21;2;2025-02-25T10:22:56.347
1084;Hovedstaden;2024-02-22;3;2025-02-25T10:22:56.347
1082;Midtjylland;2024-02-22;2;2025-02-25T10:22:56.347
1081;Nordjylland;2024-02-22;1;2025-02-25T10:22:56.347
1085;Sjælland;2024-02-22;5;2025-02-25T10:22:56.347
1084;Hovedstaden;2024-02-23;7;2025-02-25T10:22:56.347
1082;Midtjylland;2024-02-23;2;2025-02-25T10:22:56.347
1081;Nordjylland;2024-02-23;1;2025-02-25T10:22:56.347
1085;Sjælland;2024-02-23;1;2025-02-25T10:22:56.347
1084;Hovedstaden;2024-02-24;5;2025-02-25T10:22:56.347
1082;Midtjylland;2024-02-24;1;2025-02-25T10:22:56.347
1081;Nordjylland;2024-02-24;1;2025-02-25T10:22:56.347
1085;Sjælland;2024-02-24;2;2025-02-25T10:22:56.347
1083;Syddanmark;2024-02-24;1;2025-02-25T10:22:56.347
1084;Hovedstaden;2024-02-25;4;2025-02-25T10:22:56.347
1082;Midtjylland;2024-02-25;2;2025-02-25T10:22:56.347
1085;Sjælland;2024-02-25;1;2025-02-25T10:22:56.347
1084;Hovedstaden;2024-02-26;8;2025-02-25T10:22:56.347
1082;Midtjylland;2024-02-26;2;2025-02-25T10:22:56.347
1081;Nordjylland;2024-02-26;3;2025-02-25T10:22:56.347
1083;Syddanmark;2024-02-26;2;2025-02-25T10:22:56.347
1084;Hovedstaden;2024-02-27;11;2025-02-25T10:22:56.347
1085;Sjælland;2024-02-27;5;2025-02-25T10:22:56.347
1083;Syddanmark;2024-02-27;2;2025-02-25T10:22:56.347
1084;Hovedstaden;2024-02-28;7;2025-02-25T10:22:56.347
1082;Midtjylland;2024-02-28;4;2025-02-25T10:22:56.347
1081;Nordjylland;2024-02-28;1;2025-02-25T10:22:56.347
1085;Sjælland;2024-02-28;1;2025-02-25T10:22:56.347
1083;Syddanmark;2024-02-28;3;2025-02-25T10:22:56.347
1084;Hovedstaden;2024-02-29;3;2025-02-25T10:22:56.347
1082;Midtjylland;2024-02-29;1;2025-02-25T10:22:56.347
1081;Nordjylland;2024-02-29;2;2025-02-25T10:22:56.347
1085;Sjælland;2024-02-29;2;2025-02-25T10:22:56.347
1083;Syddanmark;2024-02-29;3;2025-02-25T10:22:56.347
1084;Hovedstaden;2024-03-01;6;2025-02-25T10:22:56.347
1082;Midtjylland;2024-03-01;1;2025-02-25T10:22:56.347
1081;Nordjylland;2024-03-01;2;2025-02-25T10:22:56.347
1085;Sjælland;2024-03-01;6;2025-02-25T10:22:56.347
1083;Syddanmark;2024-03-01;2;2025-02-25T10:22:56.347
1082;Midtjylland;2024-03-02;1;2025-02-25T10:22:56.347
1085;Sjælland;2024-03-02;1;2025-02-25T10:22:56.347
1083;Syddanmark;2024-03-02;1;2025-02-25T10:22:56.347
1084;Hovedstaden;2024-03-03;3;2025-02-25T10:22:56.347
1082;Midtjylland;2024-03-03;2;2025-02-25T10:22:56.347
1083;Syddanmark;2024-03-03;1;2025-02-25T10:22:56.347
1084;Hovedstaden;2024-03-04;5;2025-02-25T10:22:56.347
1082;Midtjylland;2024-03-04;5;2025-02-25T10:22:56.347
1083;Syddanmark;2024-03-04;2;2025-02-25T10:22:56.347
1084;Hovedstaden;2024-03-05;2;2025-02-25T10:22:56.347
1082;Midtjylland;2024-03-05;2;2025-02-25T10:22:56.347
1081;Nordjylland;2024-03-05;1;2025-02-25T10:22:56.347
1085;Sjælland;2024-03-05;3;2025-02-25T10:22:56.347
1083;Syddanmark;2024-03-05;2;2025-02-25T10:22:56.347
1084;Hovedstaden;2024-03-06;7;2025-02-25T10:22:56.347
1082;Midtjylland;2024-03-06;2;2025-02-25T10:22:56.347
1085;Sjælland;2024-03-06;1;2025-02-25T10:22:56.347
1083;Syddanmark;2024-03-06;1;2025-02-25T10:22:56.347
1084;Hovedstaden;2024-03-07;5;2025-02-25T10:22:56.347
1085;Sjælland;2024-03-07;1;2025-02-25T10:22:56.347
1083;Syddanmark;2024-03-07;1;2025-02-25T10:22:56.347
1084;Hovedstaden;2024-03-08;6;2025-02-25T10:22:56.347
1082;Midtjylland;2024-03-08;1;2025-02-25T10:22:56.347
1085;Sjælland;2024-03-08;2;2025-02-25T10:22:56.347
1084;Hovedstaden;2024-03-09;4;2025-02-25T10:22:56.347
1083;Syddanmark;2024-03-09;1;2025-02-25T10:22:56.347
1084;Hovedstaden;2024-03-10;4;2025-02-25T10:22:56.347
1082;Midtjylland;2024-03-10;1;2025-02-25T10:22:56.347
1085;Sjælland;2024-03-10;2;2025-02-25T10:22:56.347
1083;Syddanmark;2024-03-10;1;2025-02-25T10:22:56.347
1084;Hovedstaden;2024-03-11;3;2025-02-25T10:22:56.347
1082;Midtjylland;2024-03-11;2;2025-02-25T10:22:56.347
1081;Nordjylland;2024-03-11;1;2025-02-25T10:22:56.347
1085;Sjælland;2024-03-11;5;2025-02-25T10:22:56.347
1083;Syddanmark;2024-03-11;1;2025-02-25T10:22:56.347
1084;Hovedstaden;2024-03-12;9;2025-02-25T10:22:56.347
1082;Midtjylland;2024-03-12;3;2025-02-25T10:22:56.347
1083;Syddanmark;2024-03-12;1;2025-02-25T10:22:56.347
1084;Hovedstaden;2024-03-13;2;2025-02-25T10:22:56.347
1082;Midtjylland;2024-03-13;1;2025-02-25T10:22:56.347
1083;Syddanmark;2024-03-13;1;2025-02-25T10:22:56.347
1084;Hovedstaden;2024-03-14;10;2025-02-25T10:22:56.347
1083;Syddanmark;2024-03-14;5;2025-02-25T10:22:56.347
1084;Hovedstaden;2024-03-15;2;2025-02-25T10:22:56.347
1082;Midtjylland;2024-03-15;3;2025-02-25T10:22:56.347
1085;Sjælland;2024-03-15;1;2025-02-25T10:22:56.347
1083;Syddanmark;2024-03-15;2;2025-02-25T10:22:56.347
1081;Nordjylland;2024-03-16;2;2025-02-25T10:22:56.347
1083;Syddanmark;2024-03-16;2;2025-02-25T10:22:56.347
1084;Hovedstaden;2024-03-17;3;2025-02-25T10:22:56.347
1085;Sjælland;2024-03-17;1;2025-02-25T10:22:56.347
1083;Syddanmark;2024-03-17;3;2025-02-25T10:22:56.347
1084;Hovedstaden;2024-03-18;3;2025-02-25T10:22:56.347
1082;Midtjylland;2024-03-18;1;2025-02-25T10:22:56.347
1083;Syddanmark;2024-03-18;1;2025-02-25T10:22:56.347
1084;Hovedstaden;2024-03-19;5;2025-02-25T10:22:56.347
1082;Midtjylland;2024-03-19;4;2025-02-25T10:22:56.347
1085;Sjælland;2024-03-19;2;2025-02-25T10:22:56.347
1083;Syddanmark;2024-03-19;3;2025-02-25T10:22:56.347
1084;Hovedstaden;2024-03-20;12;2025-02-25T10:22:56.347
1082;Midtjylland;2024-03-20;2;2025-02-25T10:22:56.347
1083;Syddanmark;2024-03-20;1;2025-02-25T10:22:56.347
1084;Hovedstaden;2024-03-21;4;2025-02-25T10:22:56.347
1082;Midtjylland;2024-03-21;1;2025-02-25T10:22:56.347
1085;Sjælland;2024-03-21;2;2025-02-25T10:22:56.347
1084;Hovedstaden;2024-03-22;7;2025-02-25T10:22:56.347
1082;Midtjylland;2024-03-22;3;2025-02-25T10:22:56.347
1081;Nordjylland;2024-03-22;1;2025-02-25T10:22:56.347
1085;Sjælland;2024-03-22;1;2025-02-25T10:22:56.347
1083;Syddanmark;2024-03-22;1;2025-02-25T10:22:56.347
1084;Hovedstaden;2024-03-23;1;2025-02-25T10:22:56.347
1082;Midtjylland;2024-03-23;2;2025-02-25T10:22:56.347
1085;Sjælland;2024-03-23;3;2025-02-25T10:22:56.347
1083;Syddanmark;2024-03-23;1;2025-02-25T10:22:56.347
1084;Hovedstaden;2024-03-24;2;2025-02-25T10:22:56.347
1085;Sjælland;2024-03-24;1;2025-02-25T10:22:56.347
1084;Hovedstaden;2024-03-25;4;2025-02-25T10:22:56.347
1081;Nordjylland;2024-03-25;3;2025-02-25T10:22:56.347
1085;Sjælland;2024-03-25;1;2025-02-25T10:22:56.347
1083;Syddanmark;2024-03-25;4;2025-02-25T10:22:56.347
1084;Hovedstaden;2024-03-26;7;2025-02-25T10:22:56.347
1081;Nordjylland;2024-03-26;1;2025-02-25T10:22:56.347
1085;Sjælland;2024-03-26;3;2025-02-25T10:22:56.347
1083;Syddanmark;2024-03-26;1;2025-02-25T10:22:56.347
1084;Hovedstaden;2024-03-27;1;2025-02-25T10:22:56.347
1082;Midtjylland;2024-03-27;2;2025-02-25T10:22:56.347
1081;Nordjylland;2024-03-27;1;2025-02-25T10:22:56.347
1085;Sjælland;2024-03-27;1;2025-02-25T10:22:56.347
1083;Syddanmark;2024-03-27;1;2025-02-25T10:22:56.347
1084;Hovedstaden;2024-03-28;4;2025-02-25T10:22:56.347
1081;Nordjylland;2024-03-28;1;2025-02-25T10:22:56.347
1084;Hovedstaden;2024-03-29;2;2025-02-25T10:22:56.347
1082;Midtjylland;2024-03-29;2;2025-02-25T10:22:56.347
1085;Sjælland;2024-03-29;2;2025-02-25T10:22:56.347
1084;Hovedstaden;2024-03-30;2;2025-02-25T10:22:56.347
1085;Sjælland;2024-03-30;2;2025-02-25T10:22:56.347
1084;Hovedstaden;2024-03-31;3;2025-02-25T10:22:56.347
1082;Midtjylland;2024-03-31;1;2025-02-25T10:22:56.347
1081;Nordjylland;2024-03-31;1;2025-02-25T10:22:56.347
1085;Sjælland;2024-03-31;3;2025-02-25T10:22:56.347
1083;Syddanmark;2024-03-31;3;2025-02-25T10:22:56.347
1084;Hovedstaden;2024-04-01;4;2025-02-25T10:22:56.347
1085;Sjælland;2024-04-01;1;2025-02-25T10:22:56.347
1084;Hovedstaden;2024-04-02;4;2025-02-25T10:22:56.347
1082;Midtjylland;2024-04-02;2;2025-02-25T10:22:56.347
1085;Sjælland;2024-04-02;2;2025-02-25T10:22:56.347
1084;Hovedstaden;2024-04-03;5;2025-02-25T10:22:56.347
1085;Sjælland;2024-04-03;5;2025-02-25T10:22:56.347
1084;Hovedstaden;2024-04-04;4;2025-02-25T10:22:56.347
1084;Hovedstaden;2024-04-05;3;2025-02-25T10:22:56.347
1083;Syddanmark;2024-04-05;3;2025-02-25T10:22:56.347
1082;Midtjylland;2024-04-06;2;2025-02-25T10:22:56.347
1084;Hovedstaden;2024-04-07;3;2025-02-25T10:22:56.347
1082;Midtjylland;2024-04-07;1;2025-02-25T10:22:56.347
1081;Nordjylland;2024-04-07;1;2025-02-25T10:22:56.347
1085;Sjælland;2024-04-07;1;2025-02-25T10:22:56.347
1083;Syddanmark;2024-04-07;1;2025-02-25T10:22:56.347
1084;Hovedstaden;2024-04-08;6;2025-02-25T10:22:56.347
1082;Midtjylland;2024-04-08;3;2025-02-25T10:22:56.347
1081;Nordjylland;2024-04-08;1;2025-02-25T10:22:56.347
1085;Sjælland;2024-04-08;5;2025-02-25T10:22:56.347
1084;Hovedstaden;2024-04-09;4;2025-02-25T10:22:56.347
1082;Midtjylland;2024-04-09;3;2025-02-25T10:22:56.347
1083;Syddanmark;2024-04-09;1;2025-02-25T10:22:56.347
1084;Hovedstaden;2024-04-10;3;2025-02-25T10:22:56.347
1082;Midtjylland;2024-04-10;2;2025-02-25T10:22:56.347
1083;Syddanmark;2024-04-10;2;2025-02-25T10:22:56.347
1084;Hovedstaden;2024-04-11;3;2025-02-25T10:22:56.347
1081;Nordjylland;2024-04-11;2;2025-02-25T10:22:56.347
1083;Syddanmark;2024-04-11;2;2025-02-25T10:22:56.347
1084;Hovedstaden;2024-04-12;4;2025-02-25T10:22:56.347
1081;Nordjylland;2024-04-12;1;2025-02-25T10:22:56.347
1085;Sjælland;2024-04-12;1;2025-02-25T10:22:56.347
1084;Hovedstaden;2024-04-13;2;2025-02-25T10:22:56.347
1082;Midtjylland;2024-04-13;1;2025-02-25T10:22:56.347
1081;Nordjylland;2024-04-14;2;2025-02-25T10:22:56.347
1085;Sjælland;2024-04-14;2;2025-02-25T10:22:56.347
1083;Syddanmark;2024-04-14;1;2025-02-25T10:22:56.347
1084;Hovedstaden;2024-04-15;2;2025-02-25T10:22:56.347
1082;Midtjylland;2024-04-15;1;2025-02-25T10:22:56.347
1081;Nordjylland;2024-04-15;2;2025-02-25T10:22:56.347
1085;Sjælland;2024-04-15;3;2025-02-25T10:22:56.347
1083;Syddanmark;2024-04-15;1;2025-02-25T10:22:56.347
1084;Hovedstaden;2024-04-16;3;2025-02-25T10:22:56.347
1085;Sjælland;2024-04-16;1;2025-02-25T10:22:56.347
1083;Syddanmark;2024-04-16;2;2025-02-25T10:22:56.347
1084;Hovedstaden;2024-04-17;2;2025-02-25T10:22:56.347
1083;Syddanmark;2024-04-17;1;2025-02-25T10:22:56.347
1084;Hovedstaden;2024-04-18;2;2025-02-25T10:22:56.347
1082;Midtjylland;2024-04-18;2;2025-02-25T10:22:56.347
1081;Nordjylland;2024-04-18;1;2025-02-25T10:22:56.347
1085;Sjælland;2024-04-18;2;2025-02-25T10:22:56.347
1083;Syddanmark;2024-04-18;1;2025-02-25T10:22:56.347
1084;Hovedstaden;2024-04-19;4;2025-02-25T10:22:56.347
1085;Sjælland;2024-04-19;1;2025-02-25T10:22:56.347
1084;Hovedstaden;2024-04-20;1;2025-02-25T10:22:56.347
1085;Sjælland;2024-04-20;3;2025-02-25T10:22:56.347
1083;Syddanmark;2024-04-20;1;2025-02-25T10:22:56.347
1085;Sjælland;2024-04-21;1;2025-02-25T10:22:56.347
1084;Hovedstaden;2024-04-22;3;2025-02-25T10:22:56.347
1082;Midtjylland;2024-04-22;3;2025-02-25T10:22:56.347
1085;Sjælland;2024-04-22;2;2025-02-25T10:22:56.347
1084;Hovedstaden;2024-04-23;2;2025-02-25T10:22:56.347
1082;Midtjylland;2024-04-23;1;2025-02-25T10:22:56.347
1085;Sjælland;2024-04-23;2;2025-02-25T10:22:56.347
1083;Syddanmark;2024-04-23;1;2025-02-25T10:22:56.347
1084;Hovedstaden;2024-04-24;3;2025-02-25T10:22:56.347
1082;Midtjylland;2024-04-24;1;2025-02-25T10:22:56.347
1085;Sjælland;2024-04-24;2;2025-02-25T10:22:56.347
1083;Syddanmark;2024-04-24;1;2025-02-25T10:22:56.347
1084;Hovedstaden;2024-04-25;4;2025-02-25T10:22:56.347
1083;Syddanmark;2024-04-25;1;2025-02-25T10:22:56.347
1084;Hovedstaden;2024-04-26;2;2025-02-25T10:22:56.347
1082;Midtjylland;2024-04-26;1;2025-02-25T10:22:56.347
1081;Nordjylland;2024-04-26;1;2025-02-25T10:22:56.347
1083;Syddanmark;2024-04-26;1;2025-02-25T10:22:56.347
1084;Hovedstaden;2024-04-27;1;2025-02-25T10:22:56.347
1082;Midtjylland;2024-04-27;1;2025-02-25T10:22:56.347
1085;Sjælland;2024-04-27;1;2025-02-25T10:22:56.347
1083;Syddanmark;2024-04-27;1;2025-02-25T10:22:56.347
1084;Hovedstaden;2024-04-28;3;2025-02-25T10:22:56.347
1083;Syddanmark;2024-04-28;2;2025-02-25T10:22:56.347
1084;Hovedstaden;2024-04-29;4;2025-02-25T10:22:56.347
1082;Midtjylland;2024-04-29;1;2025-02-25T10:22:56.347
1085;Sjælland;2024-04-29;2;2025-02-25T10:22:56.347
1083;Syddanmark;2024-04-29;2;2025-02-25T10:22:56.347
1084;Hovedstaden;2024-04-30;10;2025-02-25T10:22:56.347
1082;Midtjylland;2024-04-30;1;2025-02-25T10:22:56.347
1085;Sjælland;2024-04-30;3;2025-02-25T10:22:56.347
1083;Syddanmark;2024-04-30;2;2025-02-25T10:22:56.347
1084;Hovedstaden;2024-05-01;5;2025-02-25T10:22:56.347
1085;Sjælland;2024-05-01;3;2025-02-25T10:22:56.347
1083;Syddanmark;2024-05-01;1;2025-02-25T10:22:56.347
1084;Hovedstaden;2024-05-02;7;2025-02-25T10:22:56.347
1085;Sjælland;2024-05-02;1;2025-02-25T10:22:56.347
1084;Hovedstaden;2024-05-03;11;2025-02-25T10:22:56.347
1085;Sjælland;2024-05-03;1;2025-02-25T10:22:56.347
1083;Syddanmark;2024-05-03;1;2025-02-25T10:22:56.347
1084;Hovedstaden;2024-05-04;2;2025-02-25T10:22:56.347
1081;Nordjylland;2024-05-04;2;2025-02-25T10:22:56.347
1085;Sjælland;2024-05-04;1;2025-02-25T10:22:56.347
1083;Syddanmark;2024-05-04;1;2025-02-25T10:22:56.347
1084;Hovedstaden;2024-05-05;1;2025-02-25T10:22:56.347
1084;Hovedstaden;2024-05-06;6;2025-02-25T10:22:56.347
1082;Midtjylland;2024-05-06;3;2025-02-25T10:22:56.347
1085;Sjælland;2024-05-06;1;2025-02-25T10:22:56.347
1083;Syddanmark;2024-05-06;1;2025-02-25T10:22:56.347
1084;Hovedstaden;2024-05-07;9;2025-02-25T10:22:56.347
1082;Midtjylland;2024-05-07;2;2025-02-25T10:22:56.347
1085;Sjælland;2024-05-07;3;2025-02-25T10:22:56.347
1084;Hovedstaden;2024-05-08;2;2025-02-25T10:22:56.347
1085;Sjælland;2024-05-08;2;2025-02-25T10:22:56.347
1084;Hovedstaden;2024-05-09;5;2025-02-25T10:22:56.347
1084;Hovedstaden;2024-05-10;7;2025-02-25T10:22:56.347
1085;Sjælland;2024-05-10;1;2025-02-25T10:22:56.347
1083;Syddanmark;2024-05-10;2;2025-02-25T10:22:56.347
1083;Syddanmark;2024-05-11;1;2025-02-25T10:22:56.347
1084;Hovedstaden;2024-05-12;4;2025-02-25T10:22:56.347
1081;Nordjylland;2024-05-12;1;2025-02-25T10:22:56.347
1083;Syddanmark;2024-05-12;1;2025-02-25T10:22:56.347
1084;Hovedstaden;2024-05-13;2;2025-02-25T10:22:56.347
1081;Nordjylland;2024-05-13;1;2025-02-25T10:22:56.347
1085;Sjælland;2024-05-13;1;2025-02-25T10:22:56.347
1083;Syddanmark;2024-05-13;1;2025-02-25T10:22:56.347
1084;Hovedstaden;2024-05-14;10;2025-02-25T10:22:56.347
1082;Midtjylland;2024-05-14;4;2025-02-25T10:22:56.347
1085;Sjælland;2024-05-14;3;2025-02-25T10:22:56.347
1083;Syddanmark;2024-05-14;1;2025-02-25T10:22:56.347
1084;Hovedstaden;2024-05-15;4;2025-02-25T10:22:56.347
1081;Nordjylland;2024-05-15;2;2025-02-25T10:22:56.347
1083;Syddanmark;2024-05-15;2;2025-02-25T10:22:56.347
1084;Hovedstaden;2024-05-16;5;2025-02-25T10:22:56.347
1083;Syddanmark;2024-05-16;2;2025-02-25T10:22:56.347
1084;Hovedstaden;2024-05-17;12;2025-02-25T10:22:56.347
1082;Midtjylland;2024-05-17;2;2025-02-25T10:22:56.347
1085;Sjælland;2024-05-17;1;2025-02-25T10:22:56.347
1083;Syddanmark;2024-05-17;1;2025-02-25T10:22:56.347
1084;Hovedstaden;2024-05-18;5;2025-02-25T10:22:56.347
1082;Midtjylland;2024-05-18;1;2025-02-25T10:22:56.347
1084;Hovedstaden;2024-05-19;5;2025-02-25T10:22:56.347
1085;Sjælland;2024-05-19;1;2025-02-25T10:22:56.347
1084;Hovedstaden;2024-05-20;4;2025-02-25T10:22:56.347
1082;Midtjylland;2024-05-20;1;2025-02-25T10:22:56.347
1085;Sjælland;2024-05-20;2;2025-02-25T10:22:56.347
1083;Syddanmark;2024-05-20;1;2025-02-25T10:22:56.347
1084;Hovedstaden;2024-05-21;7;2025-02-25T10:22:56.347
1082;Midtjylland;2024-05-21;3;2025-02-25T10:22:56.347
1081;Nordjylland;2024-05-21;1;2025-02-25T10:22:56.347
1085;Sjælland;2024-05-21;4;2025-02-25T10:22:56.347
1083;Syddanmark;2024-05-21;3;2025-02-25T10:22:56.347
1084;Hovedstaden;2024-05-22;4;2025-02-25T10:22:56.347
1081;Nordjylland;2024-05-22;2;2025-02-25T10:22:56.347
1083;Syddanmark;2024-05-22;2;2025-02-25T10:22:56.347
1084;Hovedstaden;2024-05-23;8;2025-02-25T10:22:56.347
1083;Syddanmark;2024-05-23;2;2025-02-25T10:22:56.347
1084;Hovedstaden;2024-05-24;7;2025-02-25T10:22:56.347
1081;Nordjylland;2024-05-24;1;2025-02-25T10:22:56.347
1083;Syddanmark;2024-05-24;1;2025-02-25T10:22:56.347
1084;Hovedstaden;2024-05-25;2;2025-02-25T10:22:56.347
1084;Hovedstaden;2024-05-26;1;2025-02-25T10:22:56.347
1081;Nordjylland;2024-05-26;1;2025-02-25T10:22:56.347
1085;Sjælland;2024-05-26;2;2025-02-25T10:22:56.347
1084;Hovedstaden;2024-05-27;7;2025-02-25T10:22:56.347
1085;Sjælland;2024-05-27;4;2025-02-25T10:22:56.347
1083;Syddanmark;2024-05-27;2;2025-02-25T10:22:56.347
1084;Hovedstaden;2024-05-28;8;2025-02-25T10:22:56.347
1082;Midtjylland;2024-05-28;1;2025-02-25T10:22:56.347
1081;Nordjylland;2024-05-28;1;2025-02-25T10:22:56.347
1085;Sjælland;2024-05-28;1;2025-02-25T10:22:56.347
1083;Syddanmark;2024-05-28;3;2025-02-25T10:22:56.347
1084;Hovedstaden;2024-05-29;5;2025-02-25T10:22:56.347
1084;Hovedstaden;2024-05-30;7;2025-02-25T10:22:56.347
1082;Midtjylland;2024-05-30;1;2025-02-25T10:22:56.347
1083;Syddanmark;2024-05-30;2;2025-02-25T10:22:56.347
1084;Hovedstaden;2024-05-31;4;2025-02-25T10:22:56.347
1081;Nordjylland;2024-05-31;1;2025-02-25T10:22:56.347
1084;Hovedstaden;2024-06-01;2;2025-02-25T10:22:56.347
1085;Sjælland;2024-06-01;2;2025-02-25T10:22:56.347
1083;Syddanmark;2024-06-01;2;2025-02-25T10:22:56.347
1084;Hovedstaden;2024-06-02;4;2025-02-25T10:22:56.347
1082;Midtjylland;2024-06-02;1;2025-02-25T10:22:56.347
1085;Sjælland;2024-06-02;1;2025-02-25T10:22:56.347
1084;Hovedstaden;2024-06-03;8;2025-02-25T10:22:56.347
1082;Midtjylland;2024-06-03;3;2025-02-25T10:22:56.347
1085;Sjælland;2024-06-03;2;2025-02-25T10:22:56.347
1083;Syddanmark;2024-06-03;2;2025-02-25T10:22:56.347
1084;Hovedstaden;2024-06-04;8;2025-02-25T10:22:56.347
1085;Sjælland;2024-06-04;1;2025-02-25T10:22:56.347
1084;Hovedstaden;2024-06-05;3;2025-02-25T10:22:56.347
1082;Midtjylland;2024-06-05;1;2025-02-25T10:22:56.347
1085;Sjælland;2024-06-05;1;2025-02-25T10:22:56.347
1084;Hovedstaden;2024-06-06;6;2025-02-25T10:22:56.347
1082;Midtjylland;2024-06-06;3;2025-02-25T10:22:56.347
1085;Sjælland;2024-06-06;2;2025-02-25T10:22:56.347
1083;Syddanmark;2024-06-06;3;2025-02-25T10:22:56.347
1084;Hovedstaden;2024-06-07;6;2025-02-25T10:22:56.347
1082;Midtjylland;2024-06-07;1;2025-02-25T10:22:56.347
1081;Nordjylland;2024-06-07;2;2025-02-25T10:22:56.347
1085;Sjælland;2024-06-07;3;2025-02-25T10:22:56.347
1084;Hovedstaden;2024-06-08;3;2025-02-25T10:22:56.347
1081;Nordjylland;2024-06-08;1;2025-02-25T10:22:56.347
1085;Sjælland;2024-06-08;1;2025-02-25T10:22:56.347
1084;Hovedstaden;2024-06-09;3;2025-02-25T10:22:56.347
1082;Midtjylland;2024-06-09;1;2025-02-25T10:22:56.347
1084;Hovedstaden;2024-06-10;13;2025-02-25T10:22:56.347
1082;Midtjylland;2024-06-10;1;2025-02-25T10:22:56.347
1085;Sjælland;2024-06-10;1;2025-02-25T10:22:56.347
1083;Syddanmark;2024-06-10;1;2025-02-25T10:22:56.347
1084;Hovedstaden;2024-06-11;10;2025-02-25T10:22:56.347
1082;Midtjylland;2024-06-11;2;2025-02-25T10:22:56.347
1085;Sjælland;2024-06-11;1;2025-02-25T10:22:56.347
1083;Syddanmark;2024-06-11;2;2025-02-25T10:22:56.347
1084;Hovedstaden;2024-06-12;10;2025-02-25T10:22:56.347
1082;Midtjylland;2024-06-12;2;2025-02-25T10:22:56.347
1081;Nordjylland;2024-06-12;3;2025-02-25T10:22:56.347
1085;Sjælland;2024-06-12;1;2025-02-25T10:22:56.347
1083;Syddanmark;2024-06-12;1;2025-02-25T10:22:56.347
1084;Hovedstaden;2024-06-13;14;2025-02-25T10:22:56.347
1082;Midtjylland;2024-06-13;1;2025-02-25T10:22:56.347
1081;Nordjylland;2024-06-13;2;2025-02-25T10:22:56.347
1085;Sjælland;2024-06-13;1;2025-02-25T10:22:56.347
1084;Hovedstaden;2024-06-14;6;2025-02-25T10:22:56.347
1082;Midtjylland;2024-06-14;2;2025-02-25T10:22:56.347
1081;Nordjylland;2024-06-14;1;2025-02-25T10:22:56.347
1085;Sjælland;2024-06-14;2;2025-02-25T10:22:56.347
1084;Hovedstaden;2024-06-15;7;2025-02-25T10:22:56.347
1081;Nordjylland;2024-06-15;1;2025-02-25T10:22:56.347
1085;Sjælland;2024-06-15;4;2025-02-25T10:22:56.347
1083;Syddanmark;2024-06-15;1;2025-02-25T10:22:56.347
1084;Hovedstaden;2024-06-16;12;2025-02-25T10:22:56.347
1082;Midtjylland;2024-06-16;2;2025-02-25T10:22:56.347
1081;Nordjylland;2024-06-16;2;2025-02-25T10:22:56.347
1085;Sjælland;2024-06-16;4;2025-02-25T10:22:56.347
1083;Syddanmark;2024-06-16;2;2025-02-25T10:22:56.347
1084;Hovedstaden;2024-06-17;20;2025-02-25T10:22:56.347
1082;Midtjylland;2024-06-17;4;2025-02-25T10:22:56.347
1081;Nordjylland;2024-06-17;1;2025-02-25T10:22:56.347
1085;Sjælland;2024-06-17;4;2025-02-25T10:22:56.347
1083;Syddanmark;2024-06-17;5;2025-02-25T10:22:56.347
1084;Hovedstaden;2024-06-18;12;2025-02-25T10:22:56.347
1082;Midtjylland;2024-06-18;2;2025-02-25T10:22:56.347
1085;Sjælland;2024-06-18;5;2025-02-25T10:22:56.347
1083;Syddanmark;2024-06-18;3;2025-02-25T10:22:56.347
1084;Hovedstaden;2024-06-19;15;2025-02-25T10:22:56.347
1082;Midtjylland;2024-06-19;5;2025-02-25T10:22:56.347
1085;Sjælland;2024-06-19;7;2025-02-25T10:22:56.347
1083;Syddanmark;2024-06-19;5;2025-02-25T10:22:56.347
1084;Hovedstaden;2024-06-20;20;2025-02-25T10:22:56.347
1082;Midtjylland;2024-06-20;1;2025-02-25T10:22:56.347
1085;Sjælland;2024-06-20;3;2025-02-25T10:22:56.347
1083;Syddanmark;2024-06-20;2;2025-02-25T10:22:56.347
1084;Hovedstaden;2024-06-21;21;2025-02-25T10:22:56.347
1081;Nordjylland;2024-06-21;1;2025-02-25T10:22:56.347
1085;Sjælland;2024-06-21;4;2025-02-25T10:22:56.347
1083;Syddanmark;2024-06-21;3;2025-02-25T10:22:56.347
1084;Hovedstaden;2024-06-22;5;2025-02-25T10:22:56.347
1082;Midtjylland;2024-06-22;2;2025-02-25T10:22:56.347
1083;Syddanmark;2024-06-22;3;2025-02-25T10:22:56.347
1084;Hovedstaden;2024-06-23;16;2025-02-25T10:22:56.347
1082;Midtjylland;2024-06-23;5;2025-02-25T10:22:56.347
1081;Nordjylland;2024-06-23;1;2025-02-25T10:22:56.347
1085;Sjælland;2024-06-23;2;2025-02-25T10:22:56.347
1083;Syddanmark;2024-06-23;2;2025-02-25T10:22:56.347
1084;Hovedstaden;2024-06-24;23;2025-02-25T10:22:56.347
1082;Midtjylland;2024-06-24;4;2025-02-25T10:22:56.347
1085;Sjælland;2024-06-24;4;2025-02-25T10:22:56.347
1083;Syddanmark;2024-06-24;8;2025-02-25T10:22:56.347
1084;Hovedstaden;2024-06-25;26;2025-02-25T10:22:56.347
1082;Midtjylland;2024-06-25;1;2025-02-25T10:22:56.347
1081;Nordjylland;2024-06-25;2;2025-02-25T10:22:56.347
1083;Syddanmark;2024-06-25;3;2025-02-25T10:22:56.347
1084;Hovedstaden;2024-06-26;22;2025-02-25T10:22:56.347
1082;Midtjylland;2024-06-26;2;2025-02-25T10:22:56.347
1081;Nordjylland;2024-06-26;3;2025-02-25T10:22:56.347
1085;Sjælland;2024-06-26;4;2025-02-25T10:22:56.347
1083;Syddanmark;2024-06-26;6;2025-02-25T10:22:56.347
1084;Hovedstaden;2024-06-27;49;2025-02-25T10:22:56.347
1082;Midtjylland;2024-06-27;6;2025-02-25T10:22:56.347
1081;Nordjylland;2024-06-27;3;2025-02-25T10:22:56.347
1085;Sjælland;2024-06-27;2;2025-02-25T10:22:56.347
1084;Hovedstaden;2024-06-28;36;2025-02-25T10:22:56.347
1082;Midtjylland;2024-06-28;2;2025-02-25T10:22:56.347
1085;Sjælland;2024-06-28;2;2025-02-25T10:22:56.347
1083;Syddanmark;2024-06-28;7;2025-02-25T10:22:56.347
1084;Hovedstaden;2024-06-29;12;2025-02-25T10:22:56.347
1082;Midtjylland;2024-06-29;6;2025-02-25T10:22:56.347
1085;Sjælland;2024-06-29;3;2025-02-25T10:22:56.347
1083;Syddanmark;2024-06-29;3;2025-02-25T10:22:56.347
1084;Hovedstaden;2024-06-30;7;2025-02-25T10:22:56.347
1082;Midtjylland;2024-06-30;1;2025-02-25T10:22:56.347
1081;Nordjylland;2024-06-30;3;2025-02-25T10:22:56.347
1085;Sjælland;2024-06-30;2;2025-02-25T10:22:56.347
1083;Syddanmark;2024-06-30;6;2025-02-25T10:22:56.347
1084;Hovedstaden;2024-07-01;35;2025-02-25T10:22:56.347
1082;Midtjylland;2024-07-01;6;2025-02-25T10:22:56.347
1081;Nordjylland;2024-07-01;1;2025-02-25T10:22:56.347
1085;Sjælland;2024-07-01;5;2025-02-25T10:22:56.347
1083;Syddanmark;2024-07-01;5;2025-02-25T10:22:56.347
1084;Hovedstaden;2024-07-02;35;2025-02-25T10:22:56.347
1082;Midtjylland;2024-07-02;9;2025-02-25T10:22:56.347
1081;Nordjylland;2024-07-02;2;2025-02-25T10:22:56.347
1085;Sjælland;2024-07-02;7;2025-02-25T10:22:56.347
1083;Syddanmark;2024-07-02;8;2025-02-25T10:22:56.347
1084;Hovedstaden;2024-07-03;17;2025-02-25T10:22:56.347
1082;Midtjylland;2024-07-03;7;2025-02-25T10:22:56.347
1081;Nordjylland;2024-07-03;2;2025-02-25T10:22:56.347
1085;Sjælland;2024-07-03;5;2025-02-25T10:22:56.347
1083;Syddanmark;2024-07-03;7;2025-02-25T10:22:56.347
1084;Hovedstaden;2024-07-04;32;2025-02-25T10:22:56.347
1082;Midtjylland;2024-07-04;6;2025-02-25T10:22:56.347
1085;Sjælland;2024-07-04;3;2025-02-25T10:22:56.347
1083;Syddanmark;2024-07-04;7;2025-02-25T10:22:56.347
1084;Hovedstaden;2024-07-05;29;2025-02-25T10:22:56.347
1082;Midtjylland;2024-07-05;2;2025-02-25T10:22:56.347
1081;Nordjylland;2024-07-05;4;2025-02-25T10:22:56.347
1085;Sjælland;2024-07-05;4;2025-02-25T10:22:56.347
1083;Syddanmark;2024-07-05;6;2025-02-25T10:22:56.347
1084;Hovedstaden;2024-07-06;12;2025-02-25T10:22:56.347
1082;Midtjylland;2024-07-06;1;2025-02-25T10:22:56.347
1081;Nordjylland;2024-07-06;4;2025-02-25T10:22:56.347
1085;Sjælland;2024-07-06;3;2025-02-25T10:22:56.347
1083;Syddanmark;2024-07-06;5;2025-02-25T10:22:56.347
1084;Hovedstaden;2024-07-07;21;2025-02-25T10:22:56.347
1082;Midtjylland;2024-07-07;3;2025-02-25T10:22:56.347
1081;Nordjylland;2024-07-07;4;2025-02-25T10:22:56.347
1085;Sjælland;2024-07-07;1;2025-02-25T10:22:56.347
1083;Syddanmark;2024-07-07;4;2025-02-25T10:22:56.347
1084;Hovedstaden;2024-07-08;40;2025-02-25T10:22:56.347
1082;Midtjylland;2024-07-08;6;2025-02-25T10:22:56.347
1081;Nordjylland;2024-07-08;5;2025-02-25T10:22:56.347
1085;Sjælland;2024-07-08;5;2025-02-25T10:22:56.347
1083;Syddanmark;2024-07-08;7;2025-02-25T10:22:56.347
1084;Hovedstaden;2024-07-09;44;2025-02-25T10:22:56.347
1082;Midtjylland;2024-07-09;6;2025-02-25T10:22:56.347
1081;Nordjylland;2024-07-09;5;2025-02-25T10:22:56.347
1085;Sjælland;2024-07-09;6;2025-02-25T10:22:56.347
1083;Syddanmark;2024-07-09;11;2025-02-25T10:22:56.347
1084;Hovedstaden;2024-07-10;52;2025-02-25T10:22:56.347
1082;Midtjylland;2024-07-10;12;2025-02-25T10:22:56.347
1081;Nordjylland;2024-07-10;5;2025-02-25T10:22:56.347
1085;Sjælland;2024-07-10;6;2025-02-25T10:22:56.347
1083;Syddanmark;2024-07-10;14;2025-02-25T10:22:56.347
1084;Hovedstaden;2024-07-11;44;2025-02-25T10:22:56.347
1082;Midtjylland;2024-07-11;10;2025-02-25T10:22:56.347
1081;Nordjylland;2024-07-11;9;2025-02-25T10:22:56.347
1085;Sjælland;2024-07-11;11;2025-02-25T10:22:56.347
1083;Syddanmark;2024-07-11;10;2025-02-25T10:22:56.347
1084;Hovedstaden;2024-07-12;36;2025-02-25T10:22:56.347
1082;Midtjylland;2024-07-12;8;2025-02-25T10:22:56.347
1081;Nordjylland;2024-07-12;4;2025-02-25T10:22:56.347
1085;Sjælland;2024-07-12;4;2025-02-25T10:22:56.347
1083;Syddanmark;2024-07-12;12;2025-02-25T10:22:56.347
1084;Hovedstaden;2024-07-13;30;2025-02-25T10:22:56.347
1082;Midtjylland;2024-07-13;4;2025-02-25T10:22:56.347
1085;Sjælland;2024-07-13;4;2025-02-25T10:22:56.347
1083;Syddanmark;2024-07-13;8;2025-02-25T10:22:56.347
1084;Hovedstaden;2024-07-14;19;2025-02-25T10:22:56.347
1082;Midtjylland;2024-07-14;8;2025-02-25T10:22:56.347
1081;Nordjylland;2024-07-14;1;2025-02-25T10:22:56.347
1085;Sjælland;2024-07-14;4;2025-02-25T10:22:56.347
1083;Syddanmark;2024-07-14;5;2025-02-25T10:22:56.347
1084;Hovedstaden;2024-07-15;74;2025-02-25T10:22:56.347
1082;Midtjylland;2024-07-15;6;2025-02-25T10:22:56.347
1081;Nordjylland;2024-07-15;5;2025-02-25T10:22:56.347
1085;Sjælland;2024-07-15;14;2025-02-25T10:22:56.347
1083;Syddanmark;2024-07-15;17;2025-02-25T10:22:56.347
1084;Hovedstaden;2024-07-16;48;2025-02-25T10:22:56.347
1082;Midtjylland;2024-07-16;9;2025-02-25T10:22:56.347
1081;Nordjylland;2024-07-16;7;2025-02-25T10:22:56.347
1085;Sjælland;2024-07-16;5;2025-02-25T10:22:56.347
1083;Syddanmark;2024-07-16;18;2025-02-25T10:22:56.347
1084;Hovedstaden;2024-07-17;37;2025-02-25T10:22:56.347
1082;Midtjylland;2024-07-17;9;2025-02-25T10:22:56.347
1081;Nordjylland;2024-07-17;2;2025-02-25T10:22:56.347
1085;Sjælland;2024-07-17;5;2025-02-25T10:22:56.347
1083;Syddanmark;2024-07-17;10;2025-02-25T10:22:56.347
1084;Hovedstaden;2024-07-18;48;2025-02-25T10:22:56.347
1082;Midtjylland;2024-07-18;12;2025-02-25T10:22:56.347
1081;Nordjylland;2024-07-18;5;2025-02-25T10:22:56.347
1085;Sjælland;2024-07-18;11;2025-02-25T10:22:56.347
1083;Syddanmark;2024-07-18;12;2025-02-25T10:22:56.347
1084;Hovedstaden;2024-07-19;28;2025-02-25T10:22:56.347
1082;Midtjylland;2024-07-19;4;2025-02-25T10:22:56.347
1081;Nordjylland;2024-07-19;3;2025-02-25T10:22:56.347
1085;Sjælland;2024-07-19;8;2025-02-25T10:22:56.347
1083;Syddanmark;2024-07-19;9;2025-02-25T10:22:56.347
1084;Hovedstaden;2024-07-20;23;2025-02-25T10:22:56.347
1082;Midtjylland;2024-07-20;9;2025-02-25T10:22:56.347
1081;Nordjylland;2024-07-20;2;2025-02-25T10:22:56.347
1085;Sjælland;2024-07-20;4;2025-02-25T10:22:56.347
1083;Syddanmark;2024-07-20;12;2025-02-25T10:22:56.347
1084;Hovedstaden;2024-07-21;12;2025-02-25T10:22:56.347
1082;Midtjylland;2024-07-21;5;2025-02-25T10:22:56.347
1081;Nordjylland;2024-07-21;6;2025-02-25T10:22:56.347
1085;Sjælland;2024-07-21;10;2025-02-25T10:22:56.347
1083;Syddanmark;2024-07-21;13;2025-02-25T10:22:56.347
1084;Hovedstaden;2024-07-22;48;2025-02-25T10:22:56.347
1082;Midtjylland;2024-07-22;10;2025-02-25T10:22:56.347
1081;Nordjylland;2024-07-22;8;2025-02-25T10:22:56.347
1085;Sjælland;2024-07-22;5;2025-02-25T10:22:56.347
1083;Syddanmark;2024-07-22;18;2025-02-25T10:22:56.347
1084;Hovedstaden;2024-07-23;43;2025-02-25T10:22:56.347
1082;Midtjylland;2024-07-23;7;2025-02-25T10:22:56.347
1081;Nordjylland;2024-07-23;4;2025-02-25T10:22:56.347
1085;Sjælland;2024-07-23;12;2025-02-25T10:22:56.347
1083;Syddanmark;2024-07-23;9;2025-02-25T10:22:56.347
1084;Hovedstaden;2024-07-24;34;2025-02-25T10:22:56.347
1082;Midtjylland;2024-07-24;11;2025-02-25T10:22:56.347
1081;Nordjylland;2024-07-24;6;2025-02-25T10:22:56.347
1085;Sjælland;2024-07-24;5;2025-02-25T10:22:56.347
1083;Syddanmark;2024-07-24;10;2025-02-25T10:22:56.347
1084;Hovedstaden;2024-07-25;35;2025-02-25T10:22:56.347
1082;Midtjylland;2024-07-25;9;2025-02-25T10:22:56.347
1081;Nordjylland;2024-07-25;4;2025-02-25T10:22:56.347
1085;Sjælland;2024-07-25;8;2025-02-25T10:22:56.347
1083;Syddanmark;2024-07-25;12;2025-02-25T10:22:56.347
1084;Hovedstaden;2024-07-26;23;2025-02-25T10:22:56.347
1082;Midtjylland;2024-07-26;3;2025-02-25T10:22:56.347
1081;Nordjylland;2024-07-26;2;2025-02-25T10:22:56.347
1085;Sjælland;2024-07-26;9;2025-02-25T10:22:56.347
1083;Syddanmark;2024-07-26;10;2025-02-25T10:22:56.347
1084;Hovedstaden;2024-07-27;16;2025-02-25T10:22:56.347
1082;Midtjylland;2024-07-27;2;2025-02-25T10:22:56.347
1081;Nordjylland;2024-07-27;6;2025-02-25T10:22:56.347
1085;Sjælland;2024-07-27;6;2025-02-25T10:22:56.347
1083;Syddanmark;2024-07-27;4;2025-02-25T10:22:56.347
1084;Hovedstaden;2024-07-28;12;2025-02-25T10:22:56.347
1082;Midtjylland;2024-07-28;5;2025-02-25T10:22:56.347
1081;Nordjylland;2024-07-28;5;2025-02-25T10:22:56.347
1085;Sjælland;2024-07-28;5;2025-02-25T10:22:56.347
1083;Syddanmark;2024-07-28;5;2025-02-25T10:22:56.347
1084;Hovedstaden;2024-07-29;29;2025-02-25T10:22:56.347
1082;Midtjylland;2024-07-29;7;2025-02-25T10:22:56.347
1081;Nordjylland;2024-07-29;8;2025-02-25T10:22:56.347
1085;Sjælland;2024-07-29;6;2025-02-25T10:22:56.347
1083;Syddanmark;2024-07-29;7;2025-02-25T10:22:56.347
1084;Hovedstaden;2024-07-30;31;2025-02-25T10:22:56.347
1082;Midtjylland;2024-07-30;6;2025-02-25T10:22:56.347
1081;Nordjylland;2024-07-30;6;2025-02-25T10:22:56.347
1085;Sjælland;2024-07-30;7;2025-02-25T10:22:56.347
1083;Syddanmark;2024-07-30;9;2025-02-25T10:22:56.347
1084;Hovedstaden;2024-07-31;32;2025-02-25T10:22:56.347
1082;Midtjylland;2024-07-31;5;2025-02-25T10:22:56.347
1081;Nordjylland;2024-07-31;2;2025-02-25T10:22:56.347
1085;Sjælland;2024-07-31;6;2025-02-25T10:22:56.347
1083;Syddanmark;2024-07-31;9;2025-02-25T10:22:56.347
1084;Hovedstaden;2024-08-01;21;2025-02-25T10:22:56.347
1082;Midtjylland;2024-08-01;3;2025-02-25T10:22:56.347
1081;Nordjylland;2024-08-01;5;2025-02-25T10:22:56.347
1085;Sjælland;2024-08-01;5;2025-02-25T10:22:56.347
1083;Syddanmark;2024-08-01;9;2025-02-25T10:22:56.347
1084;Hovedstaden;2024-08-02;16;2025-02-25T10:22:56.347
1082;Midtjylland;2024-08-02;6;2025-02-25T10:22:56.347
1081;Nordjylland;2024-08-02;6;2025-02-25T10:22:56.347
1085;Sjælland;2024-08-02;5;2025-02-25T10:22:56.347
1083;Syddanmark;2024-08-02;7;2025-02-25T10:22:56.347
1084;Hovedstaden;2024-08-03;14;2025-02-25T10:22:56.347
1082;Midtjylland;2024-08-03;7;2025-02-25T10:22:56.347
1081;Nordjylland;2024-08-03;4;2025-02-25T10:22:56.347
1085;Sjælland;2024-08-03;3;2025-02-25T10:22:56.347
1083;Syddanmark;2024-08-03;4;2025-02-25T10:22:56.347
1084;Hovedstaden;2024-08-04;15;2025-02-25T10:22:56.347
1082;Midtjylland;2024-08-04;6;2025-02-25T10:22:56.347
1081;Nordjylland;2024-08-04;2;2025-02-25T10:22:56.347
1085;Sjælland;2024-08-04;11;2025-02-25T10:22:56.347
1083;Syddanmark;2024-08-04;7;2025-02-25T10:22:56.347
1084;Hovedstaden;2024-08-05;27;2025-02-25T10:22:56.347
1082;Midtjylland;2024-08-05;7;2025-02-25T10:22:56.347
1081;Nordjylland;2024-08-05;6;2025-02-25T10:22:56.347
1085;Sjælland;2024-08-05;6;2025-02-25T10:22:56.347
1083;Syddanmark;2024-08-05;9;2025-02-25T10:22:56.347
1084;Hovedstaden;2024-08-06;25;2025-02-25T10:22:56.347
1082;Midtjylland;2024-08-06;11;2025-02-25T10:22:56.347
1081;Nordjylland;2024-08-06;7;2025-02-25T10:22:56.347
1085;Sjælland;2024-08-06;3;2025-02-25T10:22:56.347
1083;Syddanmark;2024-08-06;10;2025-02-25T10:22:56.347
1084;Hovedstaden;2024-08-07;26;2025-02-25T10:22:56.347
1082;Midtjylland;2024-08-07;3;2025-02-25T10:22:56.347
1081;Nordjylland;2024-08-07;3;2025-02-25T10:22:56.347
1085;Sjælland;2024-08-07;8;2025-02-25T10:22:56.347
1083;Syddanmark;2024-08-07;9;2025-02-25T10:22:56.347
1084;Hovedstaden;2024-08-08;33;2025-02-25T10:22:56.347
1082;Midtjylland;2024-08-08;8;2025-02-25T10:22:56.347
1081;Nordjylland;2024-08-08;5;2025-02-25T10:22:56.347
1085;Sjælland;2024-08-08;6;2025-02-25T10:22:56.347
1083;Syddanmark;2024-08-08;8;2025-02-25T10:22:56.347
1084;Hovedstaden;2024-08-09;27;2025-02-25T10:22:56.347
1082;Midtjylland;2024-08-09;5;2025-02-25T10:22:56.347
1081;Nordjylland;2024-08-09;3;2025-02-25T10:22:56.347
1085;Sjælland;2024-08-09;7;2025-02-25T10:22:56.347
1083;Syddanmark;2024-08-09;13;2025-02-25T10:22:56.347
1084;Hovedstaden;2024-08-10;11;2025-02-25T10:22:56.347
1082;Midtjylland;2024-08-10;7;2025-02-25T10:22:56.347
1081;Nordjylland;2024-08-10;1;2025-02-25T10:22:56.347
1085;Sjælland;2024-08-10;7;2025-02-25T10:22:56.347
1083;Syddanmark;2024-08-10;5;2025-02-25T10:22:56.347
1084;Hovedstaden;2024-08-11;8;2025-02-25T10:22:56.347
1082;Midtjylland;2024-08-11;3;2025-02-25T10:22:56.347
1081;Nordjylland;2024-08-11;4;2025-02-25T10:22:56.347
1085;Sjælland;2024-08-11;10;2025-02-25T10:22:56.347
1083;Syddanmark;2024-08-11;4;2025-02-25T10:22:56.347
1084;Hovedstaden;2024-08-12;35;2025-02-25T10:22:56.347
1082;Midtjylland;2024-08-12;8;2025-02-25T10:22:56.347
1081;Nordjylland;2024-08-12;5;2025-02-25T10:22:56.347
1085;Sjælland;2024-08-12;11;2025-02-25T10:22:56.347
1083;Syddanmark;2024-08-12;12;2025-02-25T10:22:56.347
1084;Hovedstaden;2024-08-13;34;2025-02-25T10:22:56.347
1082;Midtjylland;2024-08-13;6;2025-02-25T10:22:56.347
1081;Nordjylland;2024-08-13;4;2025-02-25T10:22:56.347
1085;Sjælland;2024-08-13;9;2025-02-25T10:22:56.347
1083;Syddanmark;2024-08-13;11;2025-02-25T10:22:56.347
1084;Hovedstaden;2024-08-14;42;2025-02-25T10:22:56.347
1082;Midtjylland;2024-08-14;8;2025-02-25T10:22:56.347
1081;Nordjylland;2024-08-14;4;2025-02-25T10:22:56.347
1085;Sjælland;2024-08-14;8;2025-02-25T10:22:56.347
1083;Syddanmark;2024-08-14;10;2025-02-25T10:22:56.347
1084;Hovedstaden;2024-08-15;38;2025-02-25T10:22:56.347
1082;Midtjylland;2024-08-15;9;2025-02-25T10:22:56.347
1081;Nordjylland;2024-08-15;2;2025-02-25T10:22:56.347
1085;Sjælland;2024-08-15;4;2025-02-25T10:22:56.347
1083;Syddanmark;2024-08-15;14;2025-02-25T10:22:56.347
1084;Hovedstaden;2024-08-16;30;2025-02-25T10:22:56.347
1082;Midtjylland;2024-08-16;7;2025-02-25T10:22:56.347
1081;Nordjylland;2024-08-16;5;2025-02-25T10:22:56.347
1085;Sjælland;2024-08-16;8;2025-02-25T10:22:56.347
1083;Syddanmark;2024-08-16;6;2025-02-25T10:22:56.347
1084;Hovedstaden;2024-08-17;11;2025-02-25T10:22:56.347
1082;Midtjylland;2024-08-17;6;2025-02-25T10:22:56.347
1081;Nordjylland;2024-08-17;3;2025-02-25T10:22:56.347
1085;Sjælland;2024-08-17;5;2025-02-25T10:22:56.347
1083;Syddanmark;2024-08-17;5;2025-02-25T10:22:56.347
1084;Hovedstaden;2024-08-18;14;2025-02-25T10:22:56.347
1082;Midtjylland;2024-08-18;3;2025-02-25T10:22:56.347
1081;Nordjylland;2024-08-18;3;2025-02-25T10:22:56.347
1085;Sjælland;2024-08-18;11;2025-02-25T10:22:56.347
1083;Syddanmark;2024-08-18;3;2025-02-25T10:22:56.347
1084;Hovedstaden;2024-08-19;44;2025-02-25T10:22:56.347
1082;Midtjylland;2024-08-19;13;2025-02-25T10:22:56.347
1081;Nordjylland;2024-08-19;4;2025-02-25T10:22:56.347
1085;Sjælland;2024-08-19;7;2025-02-25T10:22:56.347
1083;Syddanmark;2024-08-19;10;2025-02-25T10:22:56.347
1084;Hovedstaden;2024-08-20;36;2025-02-25T10:22:56.347
1082;Midtjylland;2024-08-20;11;2025-02-25T10:22:56.347
1081;Nordjylland;2024-08-20;9;2025-02-25T10:22:56.347
1085;Sjælland;2024-08-20;9;2025-02-25T10:22:56.347
1083;Syddanmark;2024-08-20;12;2025-02-25T10:22:56.347
1084;Hovedstaden;2024-08-21;37;2025-02-25T10:22:56.347
1082;Midtjylland;2024-08-21;11;2025-02-25T10:22:56.347
1081;Nordjylland;2024-08-21;5;2025-02-25T10:22:56.347
1085;Sjælland;2024-08-21;3;2025-02-25T10:22:56.347
1083;Syddanmark;2024-08-21;7;2025-02-25T10:22:56.347
1084;Hovedstaden;2024-08-22;41;2025-02-25T10:22:56.347
1082;Midtjylland;2024-08-22;14;2025-02-25T10:22:56.347
1081;Nordjylland;2024-08-22;6;2025-02-25T10:22:56.347
1085;Sjælland;2024-08-22;3;2025-02-25T10:22:56.347
1083;Syddanmark;2024-08-22;11;2025-02-25T10:22:56.347
1084;Hovedstaden;2024-08-23;42;2025-02-25T10:22:56.347
1082;Midtjylland;2024-08-23;12;2025-02-25T10:22:56.347
1081;Nordjylland;2024-08-23;2;2025-02-25T10:22:56.347
1085;Sjælland;2024-08-23;5;2025-02-25T10:22:56.347
1083;Syddanmark;2024-08-23;8;2025-02-25T10:22:56.347
1084;Hovedstaden;2024-08-24;10;2025-02-25T10:22:56.347
1082;Midtjylland;2024-08-24;6;2025-02-25T10:22:56.347
1081;Nordjylland;2024-08-24;7;2025-02-25T10:22:56.347
1085;Sjælland;2024-08-24;9;2025-02-25T10:22:56.347
1083;Syddanmark;2024-08-24;5;2025-02-25T10:22:56.347
1084;Hovedstaden;2024-08-25;19;2025-02-25T10:22:56.347
1082;Midtjylland;2024-08-25;3;2025-02-25T10:22:56.347
1081;Nordjylland;2024-08-25;5;2025-02-25T10:22:56.347
1085;Sjælland;2024-08-25;6;2025-02-25T10:22:56.347
1083;Syddanmark;2024-08-25;8;2025-02-25T10:22:56.347
1084;Hovedstaden;2024-08-26;57;2025-02-25T10:22:56.347
1082;Midtjylland;2024-08-26;7;2025-02-25T10:22:56.347
1081;Nordjylland;2024-08-26;10;2025-02-25T10:22:56.347
1085;Sjælland;2024-08-26;7;2025-02-25T10:22:56.347
1083;Syddanmark;2024-08-26;12;2025-02-25T10:22:56.347
1084;Hovedstaden;2024-08-27;44;2025-02-25T10:22:56.347
1082;Midtjylland;2024-08-27;8;2025-02-25T10:22:56.347
1081;Nordjylland;2024-08-27;5;2025-02-25T10:22:56.347
1085;Sjælland;2024-08-27;7;2025-02-25T10:22:56.347
1083;Syddanmark;2024-08-27;16;2025-02-25T10:22:56.347
1084;Hovedstaden;2024-08-28;47;2025-02-25T10:22:56.347
1082;Midtjylland;2024-08-28;16;2025-02-25T10:22:56.347
1081;Nordjylland;2024-08-28;6;2025-02-25T10:22:56.347
1085;Sjælland;2024-08-28;6;2025-02-25T10:22:56.347
1083;Syddanmark;2024-08-28;15;2025-02-25T10:22:56.347
1084;Hovedstaden;2024-08-29;36;2025-02-25T10:22:56.347
1082;Midtjylland;2024-08-29;18;2025-02-25T10:22:56.347
1081;Nordjylland;2024-08-29;15;2025-02-25T10:22:56.347
1085;Sjælland;2024-08-29;8;2025-02-25T10:22:56.347
1083;Syddanmark;2024-08-29;14;2025-02-25T10:22:56.347
1084;Hovedstaden;2024-08-30;35;2025-02-25T10:22:56.347
1082;Midtjylland;2024-08-30;3;2025-02-25T10:22:56.347
1081;Nordjylland;2024-08-30;6;2025-02-25T10:22:56.347
1085;Sjælland;2024-08-30;9;2025-02-25T10:22:56.347
1083;Syddanmark;2024-08-30;14;2025-02-25T10:22:56.347
1084;Hovedstaden;2024-08-31;10;2025-02-25T10:22:56.347
1082;Midtjylland;2024-08-31;7;2025-02-25T10:22:56.347
1081;Nordjylland;2024-08-31;6;2025-02-25T10:22:56.347
1085;Sjælland;2024-08-31;6;2025-02-25T10:22:56.347
1083;Syddanmark;2024-08-31;2;2025-02-25T10:22:56.347
1084;Hovedstaden;2024-09-01;14;2025-02-25T10:22:56.347
1082;Midtjylland;2024-09-01;8;2025-02-25T10:22:56.347
1081;Nordjylland;2024-09-01;10;2025-02-25T10:22:56.347
1085;Sjælland;2024-09-01;7;2025-02-25T10:22:56.347
1083;Syddanmark;2024-09-01;8;2025-02-25T10:22:56.347
1084;Hovedstaden;2024-09-02;58;2025-02-25T10:22:56.347
1082;Midtjylland;2024-09-02;16;2025-02-25T10:22:56.347
1081;Nordjylland;2024-09-02;2;2025-02-25T10:22:56.347
1085;Sjælland;2024-09-02;10;2025-02-25T10:22:56.347
1083;Syddanmark;2024-09-02;11;2025-02-25T10:22:56.347
1084;Hovedstaden;2024-09-03;47;2025-02-25T10:22:56.347
1082;Midtjylland;2024-09-03;10;2025-02-25T10:22:56.347
1081;Nordjylland;2024-09-03;10;2025-02-25T10:22:56.347
1085;Sjælland;2024-09-03;14;2025-02-25T10:22:56.347
1083;Syddanmark;2024-09-03;14;2025-02-25T10:22:56.347
1084;Hovedstaden;2024-09-04;26;2025-02-25T10:22:56.347
1082;Midtjylland;2024-09-04;6;2025-02-25T10:22:56.347
1081;Nordjylland;2024-09-04;9;2025-02-25T10:22:56.347
1085;Sjælland;2024-09-04;8;2025-02-25T10:22:56.347
1083;Syddanmark;2024-09-04;10;2025-02-25T10:22:56.347
1084;Hovedstaden;2024-09-05;38;2025-02-25T10:22:56.347
1082;Midtjylland;2024-09-05;18;2025-02-25T10:22:56.347
1081;Nordjylland;2024-09-05;7;2025-02-25T10:22:56.347
1085;Sjælland;2024-09-05;12;2025-02-25T10:22:56.347
1083;Syddanmark;2024-09-05;18;2025-02-25T10:22:56.347
1084;Hovedstaden;2024-09-06;36;2025-02-25T10:22:56.347
1082;Midtjylland;2024-09-06;10;2025-02-25T10:22:56.347
1081;Nordjylland;2024-09-06;7;2025-02-25T10:22:56.347
1085;Sjælland;2024-09-06;18;2025-02-25T10:22:56.347
1083;Syddanmark;2024-09-06;12;2025-02-25T10:22:56.347
1084;Hovedstaden;2024-09-07;15;2025-02-25T10:22:56.347
1082;Midtjylland;2024-09-07;4;2025-02-25T10:22:56.347
1081;Nordjylland;2024-09-07;9;2025-02-25T10:22:56.347
1085;Sjælland;2024-09-07;10;2025-02-25T10:22:56.347
1083;Syddanmark;2024-09-07;7;2025-02-25T10:22:56.347
1084;Hovedstaden;2024-09-08;22;2025-02-25T10:22:56.347
1082;Midtjylland;2024-09-08;3;2025-02-25T10:22:56.347
1081;Nordjylland;2024-09-08;2;2025-02-25T10:22:56.347
1085;Sjælland;2024-09-08;13;2025-02-25T10:22:56.347
1083;Syddanmark;2024-09-08;6;2025-02-25T10:22:56.347
1084;Hovedstaden;2024-09-09;42;2025-02-25T10:22:56.347
1082;Midtjylland;2024-09-09;8;2025-02-25T10:22:56.347
1081;Nordjylland;2024-09-09;2;2025-02-25T10:22:56.347
1085;Sjælland;2024-09-09;10;2025-02-25T10:22:56.347
1083;Syddanmark;2024-09-09;17;2025-02-25T10:22:56.347
1084;Hovedstaden;2024-09-10;24;2025-02-25T10:22:56.347
1082;Midtjylland;2024-09-10;4;2025-02-25T10:22:56.347
1081;Nordjylland;2024-09-10;6;2025-02-25T10:22:56.347
1085;Sjælland;2024-09-10;2;2025-02-25T10:22:56.347
1083;Syddanmark;2024-09-10;15;2025-02-25T10:22:56.347
1084;Hovedstaden;2024-09-11;28;2025-02-25T10:22:56.347
1082;Midtjylland;2024-09-11;5;2025-02-25T10:22:56.347
1081;Nordjylland;2024-09-11;8;2025-02-25T10:22:56.347
1085;Sjælland;2024-09-11;10;2025-02-25T10:22:56.347
1083;Syddanmark;2024-09-11;8;2025-02-25T10:22:56.347
1084;Hovedstaden;2024-09-12;18;2025-02-25T10:22:56.347
1082;Midtjylland;2024-09-12;4;2025-02-25T10:22:56.347
1081;Nordjylland;2024-09-12;5;2025-02-25T10:22:56.347
1085;Sjælland;2024-09-12;10;2025-02-25T10:22:56.347
1083;Syddanmark;2024-09-12;4;2025-02-25T10:22:56.347
1084;Hovedstaden;2024-09-13;16;2025-02-25T10:22:56.347
1082;Midtjylland;2024-09-13;6;2025-02-25T10:22:56.347
1081;Nordjylland;2024-09-13;3;2025-02-25T10:22:56.347
1085;Sjælland;2024-09-13;5;2025-02-25T10:22:56.347
1083;Syddanmark;2024-09-13;5;2025-02-25T10:22:56.347
1084;Hovedstaden;2024-09-14;14;2025-02-25T10:22:56.347
1082;Midtjylland;2024-09-14;4;2025-02-25T10:22:56.347
1081;Nordjylland;2024-09-14;4;2025-02-25T10:22:56.347
1085;Sjælland;2024-09-14;6;2025-02-25T10:22:56.347
1083;Syddanmark;2024-09-14;6;2025-02-25T10:22:56.347
1084;Hovedstaden;2024-09-15;16;2025-02-25T10:22:56.347
1082;Midtjylland;2024-09-15;5;2025-02-25T10:22:56.347
1081;Nordjylland;2024-09-15;4;2025-02-25T10:22:56.347
1085;Sjælland;2024-09-15;10;2025-02-25T10:22:56.347
1083;Syddanmark;2024-09-15;2;2025-02-25T10:22:56.347
1084;Hovedstaden;2024-09-16;30;2025-02-25T10:22:56.347
1082;Midtjylland;2024-09-16;3;2025-02-25T10:22:56.347
1081;Nordjylland;2024-09-16;6;2025-02-25T10:22:56.347
1085;Sjælland;2024-09-16;10;2025-02-25T10:22:56.347
1083;Syddanmark;2024-09-16;11;2025-02-25T10:22:56.347
1084;Hovedstaden;2024-09-17;37;2025-02-25T10:22:56.347
1082;Midtjylland;2024-09-17;10;2025-02-25T10:22:56.347
1085;Sjælland;2024-09-17;13;2025-02-25T10:22:56.347
1083;Syddanmark;2024-09-17;10;2025-02-25T10:22:56.347
1084;Hovedstaden;2024-09-18;31;2025-02-25T10:22:56.347
1082;Midtjylland;2024-09-18;4;2025-02-25T10:22:56.347
1081;Nordjylland;2024-09-18;3;2025-02-25T10:22:56.347
1085;Sjælland;2024-09-18;6;2025-02-25T10:22:56.347
1083;Syddanmark;2024-09-18;8;2025-02-25T10:22:56.347
1084;Hovedstaden;2024-09-19;20;2025-02-25T10:22:56.347
1082;Midtjylland;2024-09-19;7;2025-02-25T10:22:56.347
1081;Nordjylland;2024-09-19;2;2025-02-25T10:22:56.347
1085;Sjælland;2024-09-19;7;2025-02-25T10:22:56.347
1083;Syddanmark;2024-09-19;13;2025-02-25T10:22:56.347
1084;Hovedstaden;2024-09-20;32;2025-02-25T10:22:56.347
1082;Midtjylland;2024-09-20;4;2025-02-25T10:22:56.347
1081;Nordjylland;2024-09-20;3;2025-02-25T10:22:56.347
1085;Sjælland;2024-09-20;6;2025-02-25T10:22:56.347
1083;Syddanmark;2024-09-20;7;2025-02-25T10:22:56.347
1084;Hovedstaden;2024-09-21;12;2025-02-25T10:22:56.347
1082;Midtjylland;2024-09-21;5;2025-02-25T10:22:56.347
1081;Nordjylland;2024-09-21;4;2025-02-25T10:22:56.347
1085;Sjælland;2024-09-21;7;2025-02-25T10:22:56.347
1083;Syddanmark;2024-09-21;5;2025-02-25T10:22:56.347
1084;Hovedstaden;2024-09-22;16;2025-02-25T10:22:56.347
1082;Midtjylland;2024-09-22;3;2025-02-25T10:22:56.347
1081;Nordjylland;2024-09-22;9;2025-02-25T10:22:56.347
1085;Sjælland;2024-09-22;9;2025-02-25T10:22:56.347
1083;Syddanmark;2024-09-22;8;2025-02-25T10:22:56.347
1084;Hovedstaden;2024-09-23;43;2025-02-25T10:22:56.347
1082;Midtjylland;2024-09-23;10;2025-02-25T10:22:56.347
1081;Nordjylland;2024-09-23;9;2025-02-25T10:22:56.347
1085;Sjælland;2024-09-23;12;2025-02-25T10:22:56.347
1083;Syddanmark;2024-09-23;9;2025-02-25T10:22:56.347
1084;Hovedstaden;2024-09-24;25;2025-02-25T10:22:56.347
1082;Midtjylland;2024-09-24;9;2025-02-25T10:22:56.347
1081;Nordjylland;2024-09-24;4;2025-02-25T10:22:56.347
1085;Sjælland;2024-09-24;4;2025-02-25T10:22:56.347
1083;Syddanmark;2024-09-24;11;2025-02-25T10:22:56.347
1084;Hovedstaden;2024-09-25;41;2025-02-25T10:22:56.347
1082;Midtjylland;2024-09-25;10;2025-02-25T10:22:56.347
1081;Nordjylland;2024-09-25;3;2025-02-25T10:22:56.347
1085;Sjælland;2024-09-25;5;2025-02-25T10:22:56.347
1083;Syddanmark;2024-09-25;7;2025-02-25T10:22:56.347
1084;Hovedstaden;2024-09-26;33;2025-02-25T10:22:56.347
1082;Midtjylland;2024-09-26;7;2025-02-25T10:22:56.347
1081;Nordjylland;2024-09-26;3;2025-02-25T10:22:56.347
1085;Sjælland;2024-09-26;7;2025-02-25T10:22:56.347
1083;Syddanmark;2024-09-26;9;2025-02-25T10:22:56.347
1084;Hovedstaden;2024-09-27;17;2025-02-25T10:22:56.347
1082;Midtjylland;2024-09-27;7;2025-02-25T10:22:56.347
1081;Nordjylland;2024-09-27;3;2025-02-25T10:22:56.347
1085;Sjælland;2024-09-27;4;2025-02-25T10:22:56.347
1083;Syddanmark;2024-09-27;7;2025-02-25T10:22:56.347
1084;Hovedstaden;2024-09-28;9;2025-02-25T10:22:56.347
1082;Midtjylland;2024-09-28;4;2025-02-25T10:22:56.347
1081;Nordjylland;2024-09-28;5;2025-02-25T10:22:56.347
1085;Sjælland;2024-09-28;4;2025-02-25T10:22:56.347
1083;Syddanmark;2024-09-28;6;2025-02-25T10:22:56.347
1084;Hovedstaden;2024-09-29;10;2025-02-25T10:22:56.347
1082;Midtjylland;2024-09-29;1;2025-02-25T10:22:56.347
1081;Nordjylland;2024-09-29;2;2025-02-25T10:22:56.347
1085;Sjælland;2024-09-29;5;2025-02-25T10:22:56.347
1083;Syddanmark;2024-09-29;7;2025-02-25T10:22:56.347
1084;Hovedstaden;2024-09-30;25;2025-02-25T10:22:56.347
1082;Midtjylland;2024-09-30;6;2025-02-25T10:22:56.347
1081;Nordjylland;2024-09-30;5;2025-02-25T10:22:56.347
1085;Sjælland;2024-09-30;2;2025-02-25T10:22:56.347
1083;Syddanmark;2024-09-30;13;2025-02-25T10:22:56.347
1084;Hovedstaden;2024-10-01;29;2025-02-25T10:22:56.347
1082;Midtjylland;2024-10-01;7;2025-02-25T10:22:56.347
1081;Nordjylland;2024-10-01;7;2025-02-25T10:22:56.347
1085;Sjælland;2024-10-01;9;2025-02-25T10:22:56.347
1083;Syddanmark;2024-10-01;6;2025-02-25T10:22:56.347
1084;Hovedstaden;2024-10-02;36;2025-02-25T10:22:56.347
1082;Midtjylland;2024-10-02;6;2025-02-25T10:22:56.347
1081;Nordjylland;2024-10-02;2;2025-02-25T10:22:56.347
1085;Sjælland;2024-10-02;12;2025-02-25T10:22:56.347
1083;Syddanmark;2024-10-02;10;2025-02-25T10:22:56.347
1084;Hovedstaden;2024-10-03;35;2025-02-25T10:22:56.347
1082;Midtjylland;2024-10-03;7;2025-02-25T10:22:56.347
1081;Nordjylland;2024-10-03;6;2025-02-25T10:22:56.347
1085;Sjælland;2024-10-03;9;2025-02-25T10:22:56.347
1083;Syddanmark;2024-10-03;9;2025-02-25T10:22:56.347
1084;Hovedstaden;2024-10-04;22;2025-02-25T10:22:56.347
1082;Midtjylland;2024-10-04;8;2025-02-25T10:22:56.347
1081;Nordjylland;2024-10-04;4;2025-02-25T10:22:56.347
1085;Sjælland;2024-10-04;13;2025-02-25T10:22:56.347
1083;Syddanmark;2024-10-04;10;2025-02-25T10:22:56.347
1084;Hovedstaden;2024-10-05;15;2025-02-25T10:22:56.347
1082;Midtjylland;2024-10-05;5;2025-02-25T10:22:56.347
1081;Nordjylland;2024-10-05;2;2025-02-25T10:22:56.347
1085;Sjælland;2024-10-05;5;2025-02-25T10:22:56.347
1083;Syddanmark;2024-10-05;9;2025-02-25T10:22:56.347
1084;Hovedstaden;2024-10-06;17;2025-02-25T10:22:56.347
1082;Midtjylland;2024-10-06;10;2025-02-25T10:22:56.347
1081;Nordjylland;2024-10-06;4;2025-02-25T10:22:56.347
1085;Sjælland;2024-10-06;7;2025-02-25T10:22:56.347
1083;Syddanmark;2024-10-06;9;2025-02-25T10:22:56.347
1084;Hovedstaden;2024-10-07;42;2025-02-25T10:22:56.347
1082;Midtjylland;2024-10-07;11;2025-02-25T10:22:56.347
1081;Nordjylland;2024-10-07;7;2025-02-25T10:22:56.347
1085;Sjælland;2024-10-07;10;2025-02-25T10:22:56.347
1083;Syddanmark;2024-10-07;24;2025-02-25T10:22:56.347
1084;Hovedstaden;2024-10-08;51;2025-02-25T10:22:56.347
1082;Midtjylland;2024-10-08;8;2025-02-25T10:22:56.347
1081;Nordjylland;2024-10-08;7;2025-02-25T10:22:56.347
1085;Sjælland;2024-10-08;11;2025-02-25T10:22:56.347
1083;Syddanmark;2024-10-08;15;2025-02-25T10:22:56.347
1084;Hovedstaden;2024-10-09;27;2025-02-25T10:22:56.347
1082;Midtjylland;2024-10-09;9;2025-02-25T10:22:56.347
1081;Nordjylland;2024-10-09;4;2025-02-25T10:22:56.347
1085;Sjælland;2024-10-09;17;2025-02-25T10:22:56.347
1083;Syddanmark;2024-10-09;11;2025-02-25T10:22:56.347
1084;Hovedstaden;2024-10-10;27;2025-02-25T10:22:56.347
1082;Midtjylland;2024-10-10;6;2025-02-25T10:22:56.347
1081;Nordjylland;2024-10-10;10;2025-02-25T10:22:56.347
1085;Sjælland;2024-10-10;14;2025-02-25T10:22:56.347
1083;Syddanmark;2024-10-10;9;2025-02-25T10:22:56.347
1084;Hovedstaden;2024-10-11;26;2025-02-25T10:22:56.347
1082;Midtjylland;2024-10-11;4;2025-02-25T10:22:56.347
1081;Nordjylland;2024-10-11;5;2025-02-25T10:22:56.347
1085;Sjælland;2024-10-11;10;2025-02-25T10:22:56.347
1083;Syddanmark;2024-10-11;15;2025-02-25T10:22:56.347
1084;Hovedstaden;2024-10-12;19;2025-02-25T10:22:56.347
1082;Midtjylland;2024-10-12;10;2025-02-25T10:22:56.347
1081;Nordjylland;2024-10-12;4;2025-02-25T10:22:56.347
1085;Sjælland;2024-10-12;5;2025-02-25T10:22:56.347
1083;Syddanmark;2024-10-12;10;2025-02-25T10:22:56.347
1084;Hovedstaden;2024-10-13;22;2025-02-25T10:22:56.347
1082;Midtjylland;2024-10-13;3;2025-02-25T10:22:56.347
1081;Nordjylland;2024-10-13;3;2025-02-25T10:22:56.347
1085;Sjælland;2024-10-13;4;2025-02-25T10:22:56.347
1083;Syddanmark;2024-10-13;12;2025-02-25T10:22:56.347
1084;Hovedstaden;2024-10-14;43;2025-02-25T10:22:56.347
1082;Midtjylland;2024-10-14;9;2025-02-25T10:22:56.347
1081;Nordjylland;2024-10-14;1;2025-02-25T10:22:56.347
1085;Sjælland;2024-10-14;8;2025-02-25T10:22:56.347
1083;Syddanmark;2024-10-14;14;2025-02-25T10:22:56.347
1084;Hovedstaden;2024-10-15;30;2025-02-25T10:22:56.347
1082;Midtjylland;2024-10-15;5;2025-02-25T10:22:56.347
1081;Nordjylland;2024-10-15;4;2025-02-25T10:22:56.347
1085;Sjælland;2024-10-15;7;2025-02-25T10:22:56.347
1083;Syddanmark;2024-10-15;10;2025-02-25T10:22:56.347
1084;Hovedstaden;2024-10-16;32;2025-02-25T10:22:56.347
1082;Midtjylland;2024-10-16;4;2025-02-25T10:22:56.347
1081;Nordjylland;2024-10-16;2;2025-02-25T10:22:56.347
1085;Sjælland;2024-10-16;10;2025-02-25T10:22:56.347
1083;Syddanmark;2024-10-16;14;2025-02-25T10:22:56.347
1084;Hovedstaden;2024-10-17;33;2025-02-25T10:22:56.347
1082;Midtjylland;2024-10-17;7;2025-02-25T10:22:56.347
1081;Nordjylland;2024-10-17;2;2025-02-25T10:22:56.347
1085;Sjælland;2024-10-17;1;2025-02-25T10:22:56.347
1083;Syddanmark;2024-10-17;11;2025-02-25T10:22:56.347
1084;Hovedstaden;2024-10-18;30;2025-02-25T10:22:56.347
1082;Midtjylland;2024-10-18;9;2025-02-25T10:22:56.347
1081;Nordjylland;2024-10-18;4;2025-02-25T10:22:56.347
1085;Sjælland;2024-10-18;7;2025-02-25T10:22:56.347
1083;Syddanmark;2024-10-18;16;2025-02-25T10:22:56.347
1084;Hovedstaden;2024-10-19;14;2025-02-25T10:22:56.347
1082;Midtjylland;2024-10-19;5;2025-02-25T10:22:56.347
1081;Nordjylland;2024-10-19;1;2025-02-25T10:22:56.347
1085;Sjælland;2024-10-19;6;2025-02-25T10:22:56.347
1083;Syddanmark;2024-10-19;9;2025-02-25T10:22:56.347
1084;Hovedstaden;2024-10-20;20;2025-02-25T10:22:56.347
1082;Midtjylland;2024-10-20;6;2025-02-25T10:22:56.347
1081;Nordjylland;2024-10-20;3;2025-02-25T10:22:56.347
1085;Sjælland;2024-10-20;7;2025-02-25T10:22:56.347
1083;Syddanmark;2024-10-20;9;2025-02-25T10:22:56.347
1084;Hovedstaden;2024-10-21;48;2025-02-25T10:22:56.347
1082;Midtjylland;2024-10-21;9;2025-02-25T10:22:56.347
1081;Nordjylland;2024-10-21;7;2025-02-25T10:22:56.347
1085;Sjælland;2024-10-21;7;2025-02-25T10:22:56.347
1083;Syddanmark;2024-10-21;17;2025-02-25T10:22:56.347
1084;Hovedstaden;2024-10-22;41;2025-02-25T10:22:56.347
1082;Midtjylland;2024-10-22;9;2025-02-25T10:22:56.347
1081;Nordjylland;2024-10-22;2;2025-02-25T10:22:56.347
1085;Sjælland;2024-10-22;14;2025-02-25T10:22:56.347
1083;Syddanmark;2024-10-22;11;2025-02-25T10:22:56.347
1084;Hovedstaden;2024-10-23;38;2025-02-25T10:22:56.347
1082;Midtjylland;2024-10-23;4;2025-02-25T10:22:56.347
1081;Nordjylland;2024-10-23;2;2025-02-25T10:22:56.347
1085;Sjælland;2024-10-23;11;2025-02-25T10:22:56.347
1083;Syddanmark;2024-10-23;15;2025-02-25T10:22:56.347
1084;Hovedstaden;2024-10-24;31;2025-02-25T10:22:56.347
1082;Midtjylland;2024-10-24;2;2025-02-25T10:22:56.347
1081;Nordjylland;2024-10-24;4;2025-02-25T10:22:56.347
1085;Sjælland;2024-10-24;8;2025-02-25T10:22:56.347
1083;Syddanmark;2024-10-24;8;2025-02-25T10:22:56.347
1084;Hovedstaden;2024-10-25;30;2025-02-25T10:22:56.347
1082;Midtjylland;2024-10-25;4;2025-02-25T10:22:56.347
1081;Nordjylland;2024-10-25;6;2025-02-25T10:22:56.347
1085;Sjælland;2024-10-25;15;2025-02-25T10:22:56.347
1083;Syddanmark;2024-10-25;15;2025-02-25T10:22:56.347
1084;Hovedstaden;2024-10-26;13;2025-02-25T10:22:56.347
1082;Midtjylland;2024-10-26;5;2025-02-25T10:22:56.347
1081;Nordjylland;2024-10-26;4;2025-02-25T10:22:56.347
1085;Sjælland;2024-10-26;6;2025-02-25T10:22:56.347
1083;Syddanmark;2024-10-26;6;2025-02-25T10:22:56.347
1084;Hovedstaden;2024-10-27;7;2025-02-25T10:22:56.347
1082;Midtjylland;2024-10-27;1;2025-02-25T10:22:56.347
1081;Nordjylland;2024-10-27;1;2025-02-25T10:22:56.347
1085;Sjælland;2024-10-27;12;2025-02-25T10:22:56.347
1083;Syddanmark;2024-10-27;7;2025-02-25T10:22:56.347
1084;Hovedstaden;2024-10-28;37;2025-02-25T10:22:56.347
1082;Midtjylland;2024-10-28;4;2025-02-25T10:22:56.347
1081;Nordjylland;2024-10-28;6;2025-02-25T10:22:56.347
1085;Sjælland;2024-10-28;12;2025-02-25T10:22:56.347
1083;Syddanmark;2024-10-28;14;2025-02-25T10:22:56.347
1084;Hovedstaden;2024-10-29;42;2025-02-25T10:22:56.347
1082;Midtjylland;2024-10-29;6;2025-02-25T10:22:56.347
1081;Nordjylland;2024-10-29;4;2025-02-25T10:22:56.347
1085;Sjælland;2024-10-29;12;2025-02-25T10:22:56.347
1083;Syddanmark;2024-10-29;13;2025-02-25T10:22:56.347
1084;Hovedstaden;2024-10-30;22;2025-02-25T10:22:56.347
1082;Midtjylland;2024-10-30;3;2025-02-25T10:22:56.347
1081;Nordjylland;2024-10-30;6;2025-02-25T10:22:56.347
1085;Sjælland;2024-10-30;13;2025-02-25T10:22:56.347
1083;Syddanmark;2024-10-30;13;2025-02-25T10:22:56.347
1084;Hovedstaden;2024-10-31;22;2025-02-25T10:22:56.347
1082;Midtjylland;2024-10-31;10;2025-02-25T10:22:56.347
1081;Nordjylland;2024-10-31;1;2025-02-25T10:22:56.347
1085;Sjælland;2024-10-31;8;2025-02-25T10:22:56.347
1083;Syddanmark;2024-10-31;7;2025-02-25T10:22:56.347
1084;Hovedstaden;2024-11-01;26;2025-02-25T10:22:56.347
1085;Sjælland;2024-11-01;7;2025-02-25T10:22:56.347
1083;Syddanmark;2024-11-01;7;2025-02-25T10:22:56.347
1084;Hovedstaden;2024-11-02;15;2025-02-25T10:22:56.347
1082;Midtjylland;2024-11-02;4;2025-02-25T10:22:56.347
1081;Nordjylland;2024-11-02;1;2025-02-25T10:22:56.347
1085;Sjælland;2024-11-02;3;2025-02-25T10:22:56.347
1083;Syddanmark;2024-11-02;4;2025-02-25T10:22:56.347
1084;Hovedstaden;2024-11-03;11;2025-02-25T10:22:56.347
1082;Midtjylland;2024-11-03;2;2025-02-25T10:22:56.347
1081;Nordjylland;2024-11-03;6;2025-02-25T10:22:56.347
1085;Sjælland;2024-11-03;5;2025-02-25T10:22:56.347
1083;Syddanmark;2024-11-03;6;2025-02-25T10:22:56.347
1084;Hovedstaden;2024-11-04;29;2025-02-25T10:22:56.347
1082;Midtjylland;2024-11-04;3;2025-02-25T10:22:56.347
1081;Nordjylland;2024-11-04;2;2025-02-25T10:22:56.347
1085;Sjælland;2024-11-04;7;2025-02-25T10:22:56.347
1083;Syddanmark;2024-11-04;8;2025-02-25T10:22:56.347
1084;Hovedstaden;2024-11-05;21;2025-02-25T10:22:56.347
1082;Midtjylland;2024-11-05;4;2025-02-25T10:22:56.347
1081;Nordjylland;2024-11-05;3;2025-02-25T10:22:56.347
1085;Sjælland;2024-11-05;8;2025-02-25T10:22:56.347
1083;Syddanmark;2024-11-05;7;2025-02-25T10:22:56.347
1084;Hovedstaden;2024-11-06;23;2025-02-25T10:22:56.347
1082;Midtjylland;2024-11-06;3;2025-02-25T10:22:56.347
1081;Nordjylland;2024-11-06;3;2025-02-25T10:22:56.347
1085;Sjælland;2024-11-06;10;2025-02-25T10:22:56.347
1083;Syddanmark;2024-11-06;7;2025-02-25T10:22:56.347
1084;Hovedstaden;2024-11-07;24;2025-02-25T10:22:56.347
1082;Midtjylland;2024-11-07;1;2025-02-25T10:22:56.347
1081;Nordjylland;2024-11-07;4;2025-02-25T10:22:56.347
1085;Sjælland;2024-11-07;12;2025-02-25T10:22:56.347
1083;Syddanmark;2024-11-07;11;2025-02-25T10:22:56.347
1084;Hovedstaden;2024-11-08;19;2025-02-25T10:22:56.347
1082;Midtjylland;2024-11-08;3;2025-02-25T10:22:56.347
1081;Nordjylland;2024-11-08;1;2025-02-25T10:22:56.347
1085;Sjælland;2024-11-08;8;2025-02-25T10:22:56.347
1083;Syddanmark;2024-11-08;9;2025-02-25T10:22:56.347
1084;Hovedstaden;2024-11-09;11;2025-02-25T10:22:56.347
1082;Midtjylland;2024-11-09;1;2025-02-25T10:22:56.347
1085;Sjælland;2024-11-09;5;2025-02-25T10:22:56.347
1083;Syddanmark;2024-11-09;4;2025-02-25T10:22:56.347
1084;Hovedstaden;2024-11-10;13;2025-02-25T10:22:56.347
1081;Nordjylland;2024-11-10;1;2025-02-25T10:22:56.347
1085;Sjælland;2024-11-10;6;2025-02-25T10:22:56.347
1083;Syddanmark;2024-11-10;3;2025-02-25T10:22:56.347
1084;Hovedstaden;2024-11-11;26;2025-02-25T10:22:56.347
1082;Midtjylland;2024-11-11;5;2025-02-25T10:22:56.347
1081;Nordjylland;2024-11-11;1;2025-02-25T10:22:56.347
1085;Sjælland;2024-11-11;9;2025-02-25T10:22:56.347
1083;Syddanmark;2024-11-11;10;2025-02-25T10:22:56.347
1084;Hovedstaden;2024-11-12;18;2025-02-25T10:22:56.347
1082;Midtjylland;2024-11-12;2;2025-02-25T10:22:56.347
1081;Nordjylland;2024-11-12;2;2025-02-25T10:22:56.347
1085;Sjælland;2024-11-12;9;2025-02-25T10:22:56.347
1083;Syddanmark;2024-11-12;6;2025-02-25T10:22:56.347
1084;Hovedstaden;2024-11-13;30;2025-02-25T10:22:56.347
1082;Midtjylland;2024-11-13;3;2025-02-25T10:22:56.347
1081;Nordjylland;2024-11-13;3;2025-02-25T10:22:56.347
1085;Sjælland;2024-11-13;6;2025-02-25T10:22:56.347
1083;Syddanmark;2024-11-13;5;2025-02-25T10:22:56.347
1084;Hovedstaden;2024-11-14;19;2025-02-25T10:22:56.347
1082;Midtjylland;2024-11-14;4;2025-02-25T10:22:56.347
1085;Sjælland;2024-11-14;9;2025-02-25T10:22:56.347
1083;Syddanmark;2024-11-14;14;2025-02-25T10:22:56.347
1084;Hovedstaden;2024-11-15;18;2025-02-25T10:22:56.347
1081;Nordjylland;2024-11-15;1;2025-02-25T10:22:56.347
1085;Sjælland;2024-11-15;11;2025-02-25T10:22:56.347
1083;Syddanmark;2024-11-15;8;2025-02-25T10:22:56.347
1084;Hovedstaden;2024-11-16;2;2025-02-25T10:22:56.347
1082;Midtjylland;2024-11-16;2;2025-02-25T10:22:56.347
1085;Sjælland;2024-11-16;7;2025-02-25T10:22:56.347
1083;Syddanmark;2024-11-16;1;2025-02-25T10:22:56.347
1084;Hovedstaden;2024-11-17;11;2025-02-25T10:22:56.347
1082;Midtjylland;2024-11-17;1;2025-02-25T10:22:56.347
1085;Sjælland;2024-11-17;7;2025-02-25T10:22:56.347
1083;Syddanmark;2024-11-17;1;2025-02-25T10:22:56.347
1084;Hovedstaden;2024-11-18;23;2025-02-25T10:22:56.347
1082;Midtjylland;2024-11-18;5;2025-02-25T10:22:56.347
1085;Sjælland;2024-11-18;10;2025-02-25T10:22:56.347
1083;Syddanmark;2024-11-18;7;2025-02-25T10:22:56.347
1084;Hovedstaden;2024-11-19;15;2025-02-25T10:22:56.347
1082;Midtjylland;2024-11-19;1;2025-02-25T10:22:56.347
1085;Sjælland;2024-11-19;6;2025-02-25T10:22:56.347
1083;Syddanmark;2024-11-19;5;2025-02-25T10:22:56.347
1084;Hovedstaden;2024-11-20;14;2025-02-25T10:22:56.347
1082;Midtjylland;2024-11-20;1;2025-02-25T10:22:56.347
1081;Nordjylland;2024-11-20;3;2025-02-25T10:22:56.347
1085;Sjælland;2024-11-20;10;2025-02-25T10:22:56.347
1083;Syddanmark;2024-11-20;5;2025-02-25T10:22:56.347
1084;Hovedstaden;2024-11-21;24;2025-02-25T10:22:56.347
1082;Midtjylland;2024-11-21;4;2025-02-25T10:22:56.347
1081;Nordjylland;2024-11-21;2;2025-02-25T10:22:56.347
1085;Sjælland;2024-11-21;9;2025-02-25T10:22:56.347
1083;Syddanmark;2024-11-21;5;2025-02-25T10:22:56.347
1084;Hovedstaden;2024-11-22;18;2025-02-25T10:22:56.347
1082;Midtjylland;2024-11-22;4;2025-02-25T10:22:56.347
1081;Nordjylland;2024-11-22;1;2025-02-25T10:22:56.347
1085;Sjælland;2024-11-22;8;2025-02-25T10:22:56.347
1083;Syddanmark;2024-11-22;5;2025-02-25T10:22:56.347
1084;Hovedstaden;2024-11-23;14;2025-02-25T10:22:56.347
1082;Midtjylland;2024-11-23;2;2025-02-25T10:22:56.347
1081;Nordjylland;2024-11-23;1;2025-02-25T10:22:56.347
1085;Sjælland;2024-11-23;3;2025-02-25T10:22:56.347
1083;Syddanmark;2024-11-23;3;2025-02-25T10:22:56.347
1084;Hovedstaden;2024-11-24;11;2025-02-25T10:22:56.347
1081;Nordjylland;2024-11-24;1;2025-02-25T10:22:56.347
1085;Sjælland;2024-11-24;7;2025-02-25T10:22:56.347
1083;Syddanmark;2024-11-24;4;2025-02-25T10:22:56.347
1084;Hovedstaden;2024-11-25;23;2025-02-25T10:22:56.347
1082;Midtjylland;2024-11-25;3;2025-02-25T10:22:56.347
1081;Nordjylland;2024-11-25;2;2025-02-25T10:22:56.347
1085;Sjælland;2024-11-25;10;2025-02-25T10:22:56.347
1083;Syddanmark;2024-11-25;7;2025-02-25T10:22:56.347
1084;Hovedstaden;2024-11-26;19;2025-02-25T10:22:56.347
1082;Midtjylland;2024-11-26;2;2025-02-25T10:22:56.347
1085;Sjælland;2024-11-26;8;2025-02-25T10:22:56.347
1083;Syddanmark;2024-11-26;2;2025-02-25T10:22:56.347
1084;Hovedstaden;2024-11-27;20;2025-02-25T10:22:56.347
1082;Midtjylland;2024-11-27;2;2025-02-25T10:22:56.347
1081;Nordjylland;2024-11-27;1;2025-02-25T10:22:56.347
1085;Sjælland;2024-11-27;12;2025-02-25T10:22:56.347
1083;Syddanmark;2024-11-27;8;2025-02-25T10:22:56.347
1084;Hovedstaden;2024-11-28;17;2025-02-25T10:22:56.347
1082;Midtjylland;2024-11-28;2;2025-02-25T10:22:56.347
1081;Nordjylland;2024-11-28;1;2025-02-25T10:22:56.347
1085;Sjælland;2024-11-28;11;2025-02-25T10:22:56.347
1083;Syddanmark;2024-11-28;3;2025-02-25T10:22:56.347
1084;Hovedstaden;2024-11-29;25;2025-02-25T10:22:56.347
1082;Midtjylland;2024-11-29;4;2025-02-25T10:22:56.347
1081;Nordjylland;2024-11-29;1;2025-02-25T10:22:56.347
1085;Sjælland;2024-11-29;10;2025-02-25T10:22:56.347
1083;Syddanmark;2024-11-29;5;2025-02-25T10:22:56.347
1084;Hovedstaden;2024-11-30;10;2025-02-25T10:22:56.347
1082;Midtjylland;2024-11-30;1;2025-02-25T10:22:56.347
1085;Sjælland;2024-11-30;10;2025-02-25T10:22:56.347
1083;Syddanmark;2024-11-30;2;2025-02-25T10:22:56.347
1084;Hovedstaden;2024-12-01;10;2025-02-25T10:22:56.347
1082;Midtjylland;2024-12-01;1;2025-02-25T10:22:56.347
1081;Nordjylland;2024-12-01;1;2025-02-25T10:22:56.347
1085;Sjælland;2024-12-01;5;2025-02-25T10:22:56.347
1083;Syddanmark;2024-12-01;5;2025-02-25T10:22:56.347
1084;Hovedstaden;2024-12-02;27;2025-02-25T10:22:56.347
1082;Midtjylland;2024-12-02;4;2025-02-25T10:22:56.347
1081;Nordjylland;2024-12-02;4;2025-02-25T10:22:56.347
1085;Sjælland;2024-12-02;10;2025-02-25T10:22:56.347
1083;Syddanmark;2024-12-02;6;2025-02-25T10:22:56.347
1084;Hovedstaden;2024-12-03;34;2025-02-25T10:22:56.347
1082;Midtjylland;2024-12-03;3;2025-02-25T10:22:56.347
1081;Nordjylland;2024-12-03;1;2025-02-25T10:22:56.347
1085;Sjælland;2024-12-03;11;2025-02-25T10:22:56.347
1083;Syddanmark;2024-12-03;5;2025-02-25T10:22:56.347
1084;Hovedstaden;2024-12-04;25;2025-02-25T10:22:56.347
1082;Midtjylland;2024-12-04;6;2025-02-25T10:22:56.347
1085;Sjælland;2024-12-04;11;2025-02-25T10:22:56.347
1083;Syddanmark;2024-12-04;5;2025-02-25T10:22:56.347
1084;Hovedstaden;2024-12-05;25;2025-02-25T10:22:56.347
1082;Midtjylland;2024-12-05;4;2025-02-25T10:22:56.347
1081;Nordjylland;2024-12-05;1;2025-02-25T10:22:56.347
1085;Sjælland;2024-12-05;10;2025-02-25T10:22:56.347
1083;Syddanmark;2024-12-05;4;2025-02-25T10:22:56.347
1084;Hovedstaden;2024-12-06;23;2025-02-25T10:22:56.347
1082;Midtjylland;2024-12-06;4;2025-02-25T10:22:56.347
1081;Nordjylland;2024-12-06;3;2025-02-25T10:22:56.347
1085;Sjælland;2024-12-06;5;2025-02-25T10:22:56.347
1083;Syddanmark;2024-12-06;10;2025-02-25T10:22:56.347
1084;Hovedstaden;2024-12-07;16;2025-02-25T10:22:56.347
1082;Midtjylland;2024-12-07;1;2025-02-25T10:22:56.347
1081;Nordjylland;2024-12-07;1;2025-02-25T10:22:56.347
1085;Sjælland;2024-12-07;5;2025-02-25T10:22:56.347
1083;Syddanmark;2024-12-07;6;2025-02-25T10:22:56.347
1084;Hovedstaden;2024-12-08;12;2025-02-25T10:22:56.347
1082;Midtjylland;2024-12-08;4;2025-02-25T10:22:56.347
1081;Nordjylland;2024-12-08;2;2025-02-25T10:22:56.347
1085;Sjælland;2024-12-08;4;2025-02-25T10:22:56.347
1083;Syddanmark;2024-12-08;7;2025-02-25T10:22:56.347
1084;Hovedstaden;2024-12-09;29;2025-02-25T10:22:56.347
1082;Midtjylland;2024-12-09;1;2025-02-25T10:22:56.347
1085;Sjælland;2024-12-09;11;2025-02-25T10:22:56.347
1083;Syddanmark;2024-12-09;4;2025-02-25T10:22:56.347
1084;Hovedstaden;2024-12-10;18;2025-02-25T10:22:56.347
1082;Midtjylland;2024-12-10;6;2025-02-25T10:22:56.347
1085;Sjælland;2024-12-10;7;2025-02-25T10:22:56.347
1083;Syddanmark;2024-12-10;5;2025-02-25T10:22:56.347
1084;Hovedstaden;2024-12-11;38;2025-02-25T10:22:56.347
1082;Midtjylland;2024-12-11;1;2025-02-25T10:22:56.347
1085;Sjælland;2024-12-11;9;2025-02-25T10:22:56.347
1083;Syddanmark;2024-12-11;10;2025-02-25T10:22:56.347
1084;Hovedstaden;2024-12-12;24;2025-02-25T10:22:56.347
1082;Midtjylland;2024-12-12;4;2025-02-25T10:22:56.347
1081;Nordjylland;2024-12-12;2;2025-02-25T10:22:56.347
1085;Sjælland;2024-12-12;14;2025-02-25T10:22:56.347
1083;Syddanmark;2024-12-12;7;2025-02-25T10:22:56.347
1084;Hovedstaden;2024-12-13;26;2025-02-25T10:22:56.347
1082;Midtjylland;2024-12-13;6;2025-02-25T10:22:56.347
1081;Nordjylland;2024-12-13;1;2025-02-25T10:22:56.347
1085;Sjælland;2024-12-13;13;2025-02-25T10:22:56.347
1083;Syddanmark;2024-12-13;9;2025-02-25T10:22:56.347
1084;Hovedstaden;2024-12-14;12;2025-02-25T10:22:56.347
1082;Midtjylland;2024-12-14;2;2025-02-25T10:22:56.347
1081;Nordjylland;2024-12-14;3;2025-02-25T10:22:56.347
1085;Sjælland;2024-12-14;4;2025-02-25T10:22:56.347
1083;Syddanmark;2024-12-14;2;2025-02-25T10:22:56.347
1084;Hovedstaden;2024-12-15;12;2025-02-25T10:22:56.347
1082;Midtjylland;2024-12-15;2;2025-02-25T10:22:56.347
1081;Nordjylland;2024-12-15;3;2025-02-25T10:22:56.347
1085;Sjælland;2024-12-15;8;2025-02-25T10:22:56.347
1083;Syddanmark;2024-12-15;5;2025-02-25T10:22:56.347
1084;Hovedstaden;2024-12-16;39;2025-02-25T10:22:56.347
1082;Midtjylland;2024-12-16;5;2025-02-25T10:22:56.347
1081;Nordjylland;2024-12-16;1;2025-02-25T10:22:56.347
1085;Sjælland;2024-12-16;9;2025-02-25T10:22:56.347
1083;Syddanmark;2024-12-16;8;2025-02-25T10:22:56.347
1084;Hovedstaden;2024-12-17;35;2025-02-25T10:22:56.347
1082;Midtjylland;2024-12-17;5;2025-02-25T10:22:56.347
1081;Nordjylland;2024-12-17;5;2025-02-25T10:22:56.347
1085;Sjælland;2024-12-17;10;2025-02-25T10:22:56.347
1083;Syddanmark;2024-12-17;4;2025-02-25T10:22:56.347
1084;Hovedstaden;2024-12-18;28;2025-02-25T10:22:56.347
1082;Midtjylland;2024-12-18;2;2025-02-25T10:22:56.347
1081;Nordjylland;2024-12-18;1;2025-02-25T10:22:56.347
1085;Sjælland;2024-12-18;8;2025-02-25T10:22:56.347
1083;Syddanmark;2024-12-18;9;2025-02-25T10:22:56.347
1084;Hovedstaden;2024-12-19;38;2025-02-25T10:22:56.347
1082;Midtjylland;2024-12-19;1;2025-02-25T10:22:56.347
1081;Nordjylland;2024-12-19;3;2025-02-25T10:22:56.347
1085;Sjælland;2024-12-19;10;2025-02-25T10:22:56.347
1083;Syddanmark;2024-12-19;3;2025-02-25T10:22:56.347
1084;Hovedstaden;2024-12-20;30;2025-02-25T10:22:56.347
1082;Midtjylland;2024-12-20;5;2025-02-25T10:22:56.347
1085;Sjælland;2024-12-20;14;2025-02-25T10:22:56.347
1083;Syddanmark;2024-12-20;4;2025-02-25T10:22:56.347
1084;Hovedstaden;2024-12-21;13;2025-02-25T10:22:56.347
1082;Midtjylland;2024-12-21;4;2025-02-25T10:22:56.347
1085;Sjælland;2024-12-21;5;2025-02-25T10:22:56.347
1083;Syddanmark;2024-12-21;8;2025-02-25T10:22:56.347
1084;Hovedstaden;2024-12-22;12;2025-02-25T10:22:56.347
1082;Midtjylland;2024-12-22;3;2025-02-25T10:22:56.347
1081;Nordjylland;2024-12-22;2;2025-02-25T10:22:56.347
1085;Sjælland;2024-12-22;5;2025-02-25T10:22:56.347
1083;Syddanmark;2024-12-22;1;2025-02-25T10:22:56.347
1084;Hovedstaden;2024-12-23;21;2025-02-25T10:22:56.347
1082;Midtjylland;2024-12-23;3;2025-02-25T10:22:56.347
1081;Nordjylland;2024-12-23;3;2025-02-25T10:22:56.347
1085;Sjælland;2024-12-23;9;2025-02-25T10:22:56.347
1083;Syddanmark;2024-12-23;6;2025-02-25T10:22:56.347
1084;Hovedstaden;2024-12-24;12;2025-02-25T10:22:56.347
1082;Midtjylland;2024-12-24;3;2025-02-25T10:22:56.347
1081;Nordjylland;2024-12-24;1;2025-02-25T10:22:56.347
1085;Sjælland;2024-12-24;1;2025-02-25T10:22:56.347
1083;Syddanmark;2024-12-24;5;2025-02-25T10:22:56.347
1084;Hovedstaden;2024-12-25;7;2025-02-25T10:22:56.347
1082;Midtjylland;2024-12-25;3;2025-02-25T10:22:56.347
1081;Nordjylland;2024-12-25;2;2025-02-25T10:22:56.347
1085;Sjælland;2024-12-25;5;2025-02-25T10:22:56.347
1083;Syddanmark;2024-12-25;2;2025-02-25T10:22:56.347
1084;Hovedstaden;2024-12-26;7;2025-02-25T10:22:56.347
1082;Midtjylland;2024-12-26;2;2025-02-25T10:22:56.347
1081;Nordjylland;2024-12-26;3;2025-02-25T10:22:56.347
1085;Sjælland;2024-12-26;7;2025-02-25T10:22:56.347
1083;Syddanmark;2024-12-26;4;2025-02-25T10:22:56.347
1084;Hovedstaden;2024-12-27;23;2025-02-25T10:22:56.347
1082;Midtjylland;2024-12-27;3;2025-02-25T10:22:56.347
1081;Nordjylland;2024-12-27;3;2025-02-25T10:22:56.347
1085;Sjælland;2024-12-27;11;2025-02-25T10:22:56.347
1083;Syddanmark;2024-12-27;5;2025-02-25T10:22:56.347
1084;Hovedstaden;2024-12-28;18;2025-02-25T10:22:56.347
1082;Midtjylland;2024-12-28;2;2025-02-25T10:22:56.347
1081;Nordjylland;2024-12-28;4;2025-02-25T10:22:56.347
1085;Sjælland;2024-12-28;5;2025-02-25T10:22:56.347
1083;Syddanmark;2024-12-28;7;2025-02-25T10:22:56.347
1084;Hovedstaden;2024-12-29;16;2025-02-25T10:22:56.347
1082;Midtjylland;2024-12-29;3;2025-02-25T10:22:56.347
1085;Sjælland;2024-12-29;6;2025-02-25T10:22:56.347
1083;Syddanmark;2024-12-29;2;2025-02-25T10:22:56.347
1084;Hovedstaden;2024-12-30;27;2025-02-25T10:22:56.347
1082;Midtjylland;2024-12-30;2;2025-02-25T10:22:56.347
1081;Nordjylland;2024-12-30;1;2025-02-25T10:22:56.347
1085;Sjælland;2024-12-30;9;2025-02-25T10:22:56.347
1083;Syddanmark;2024-12-30;8;2025-02-25T10:22:56.347
1084;Hovedstaden;2024-12-31;6;2025-02-25T10:22:56.347
1082;Midtjylland;2024-12-31;4;2025-02-25T10:22:56.347
1085;Sjælland;2024-12-31;3;2025-02-25T10:22:56.347
1083;Syddanmark;2024-12-31;4;2025-02-25T10:22:56.347
1084;Hovedstaden;2025-01-01;11;2025-02-25T10:22:56.347
1082;Midtjylland;2025-01-01;2;2025-02-25T10:22:56.347
1081;Nordjylland;2025-01-01;3;2025-02-25T10:22:56.347
1085;Sjælland;2025-01-01;2;2025-02-25T10:22:56.347
1083;Syddanmark;2025-01-01;2;2025-02-25T10:22:56.347
1084;Hovedstaden;2025-01-02;21;2025-02-25T10:22:56.347
1082;Midtjylland;2025-01-02;2;2025-02-25T10:22:56.347
1081;Nordjylland;2025-01-02;3;2025-02-25T10:22:56.347
1085;Sjælland;2025-01-02;6;2025-02-25T10:22:56.347
1083;Syddanmark;2025-01-02;5;2025-02-25T10:22:56.347
1084;Hovedstaden;2025-01-03;20;2025-02-25T10:22:56.347
1082;Midtjylland;2025-01-03;2;2025-02-25T10:22:56.347
1081;Nordjylland;2025-01-03;2;2025-02-25T10:22:56.347
1085;Sjælland;2025-01-03;10;2025-02-25T10:22:56.347
1083;Syddanmark;2025-01-03;4;2025-02-25T10:22:56.347
1084;Hovedstaden;2025-01-04;8;2025-02-25T10:22:56.347
1082;Midtjylland;2025-01-04;4;2025-02-25T10:22:56.347
1081;Nordjylland;2025-01-04;2;2025-02-25T10:22:56.347
1085;Sjælland;2025-01-04;6;2025-02-25T10:22:56.347
1083;Syddanmark;2025-01-04;5;2025-02-25T10:22:56.347
1084;Hovedstaden;2025-01-05;10;2025-02-25T10:22:56.347
1082;Midtjylland;2025-01-05;1;2025-02-25T10:22:56.347
1081;Nordjylland;2025-01-05;5;2025-02-25T10:22:56.347
1085;Sjælland;2025-01-05;4;2025-02-25T10:22:56.347
1083;Syddanmark;2025-01-05;3;2025-02-25T10:22:56.347
1084;Hovedstaden;2025-01-06;14;2025-02-25T10:22:56.347
1082;Midtjylland;2025-01-06;3;2025-02-25T10:22:56.347
1081;Nordjylland;2025-01-06;5;2025-02-25T10:22:56.347
1085;Sjælland;2025-01-06;3;2025-02-25T10:22:56.347
1083;Syddanmark;2025-01-06;5;2025-02-25T10:22:56.347
1084;Hovedstaden;2025-01-07;13;2025-02-25T10:22:56.347
1081;Nordjylland;2025-01-07;2;2025-02-25T10:22:56.347
1085;Sjælland;2025-01-07;6;2025-02-25T10:22:56.347
1083;Syddanmark;2025-01-07;5;2025-02-25T10:22:56.347
1084;Hovedstaden;2025-01-08;18;2025-02-25T10:22:56.347
1081;Nordjylland;2025-01-08;2;2025-02-25T10:22:56.347
1085;Sjælland;2025-01-08;3;2025-02-25T10:22:56.347
1083;Syddanmark;2025-01-08;10;2025-02-25T10:22:56.347
1084;Hovedstaden;2025-01-09;17;2025-02-25T10:22:56.347
1081;Nordjylland;2025-01-09;1;2025-02-25T10:22:56.347
1085;Sjælland;2025-01-09;9;2025-02-25T10:22:56.347
1083;Syddanmark;2025-01-09;4;2025-02-25T10:22:56.347
1084;Hovedstaden;2025-01-10;9;2025-02-25T10:22:56.347
1082;Midtjylland;2025-01-10;4;2025-02-25T10:22:56.347
1085;Sjælland;2025-01-10;4;2025-02-25T10:22:56.347
1083;Syddanmark;2025-01-10;4;2025-02-25T10:22:56.347
1084;Hovedstaden;2025-01-11;8;2025-02-25T10:22:56.347
1082;Midtjylland;2025-01-11;5;2025-02-25T10:22:56.347
1081;Nordjylland;2025-01-11;2;2025-02-25T10:22:56.347
1083;Syddanmark;2025-01-11;1;2025-02-25T10:22:56.347
1084;Hovedstaden;2025-01-12;9;2025-02-25T10:22:56.347
1081;Nordjylland;2025-01-12;3;2025-02-25T10:22:56.347
1085;Sjælland;2025-01-12;2;2025-02-25T10:22:56.347
1083;Syddanmark;2025-01-12;2;2025-02-25T10:22:56.347
1084;Hovedstaden;2025-01-13;16;2025-02-25T10:22:56.347
1081;Nordjylland;2025-01-13;4;2025-02-25T10:22:56.347
1085;Sjælland;2025-01-13;7;2025-02-25T10:22:56.347
1083;Syddanmark;2025-01-13;2;2025-02-25T10:22:56.347
1084;Hovedstaden;2025-01-14;7;2025-02-25T10:22:56.347
1082;Midtjylland;2025-01-14;2;2025-02-25T10:22:56.347
1081;Nordjylland;2025-01-14;2;2025-02-25T10:22:56.347
1085;Sjælland;2025-01-14;3;2025-02-25T10:22:56.347
1083;Syddanmark;2025-01-14;3;2025-02-25T10:22:56.347
1084;Hovedstaden;2025-01-15;10;2025-02-25T10:22:56.347
1085;Sjælland;2025-01-15;9;2025-02-25T10:22:56.347
1083;Syddanmark;2025-01-15;3;2025-02-25T10:22:56.347
1084;Hovedstaden;2025-01-16;14;2025-02-25T10:22:56.347
1082;Midtjylland;2025-01-16;2;2025-02-25T10:22:56.347
1081;Nordjylland;2025-01-16;2;2025-02-25T10:22:56.347
1085;Sjælland;2025-01-16;6;2025-02-25T10:22:56.347
1083;Syddanmark;2025-01-16;4;2025-02-25T10:22:56.347
1084;Hovedstaden;2025-01-17;10;2025-02-25T10:22:56.347
1082;Midtjylland;2025-01-17;2;2025-02-25T10:22:56.347
1081;Nordjylland;2025-01-17;1;2025-02-25T10:22:56.347
1085;Sjælland;2025-01-17;3;2025-02-25T10:22:56.347
1083;Syddanmark;2025-01-17;2;2025-02-25T10:22:56.347
1084;Hovedstaden;2025-01-18;1;2025-02-25T10:22:56.347
1082;Midtjylland;2025-01-18;1;2025-02-25T10:22:56.347
1081;Nordjylland;2025-01-18;2;2025-02-25T10:22:56.347
1085;Sjælland;2025-01-18;4;2025-02-25T10:22:56.347
1083;Syddanmark;2025-01-18;3;2025-02-25T10:22:56.347
1084;Hovedstaden;2025-01-19;4;2025-02-25T10:22:56.347
1082;Midtjylland;2025-01-19;2;2025-02-25T10:22:56.347
1081;Nordjylland;2025-01-19;2;2025-02-25T10:22:56.347
1085;Sjælland;2025-01-19;3;2025-02-25T10:22:56.347
1084;Hovedstaden;2025-01-20;14;2025-02-25T10:22:56.347
1081;Nordjylland;2025-01-20;2;2025-02-25T10:22:56.347
1085;Sjælland;2025-01-20;4;2025-02-25T10:22:56.347
1083;Syddanmark;2025-01-20;4;2025-02-25T10:22:56.347
1084;Hovedstaden;2025-01-21;8;2025-02-25T10:22:56.347
1082;Midtjylland;2025-01-21;3;2025-02-25T10:22:56.347
1085;Sjælland;2025-01-21;6;2025-02-25T10:22:56.347
1083;Syddanmark;2025-01-21;2;2025-02-25T10:22:56.347
1084;Hovedstaden;2025-01-22;17;2025-02-25T10:22:56.347
1082;Midtjylland;2025-01-22;2;2025-02-25T10:22:56.347
1081;Nordjylland;2025-01-22;1;2025-02-25T10:22:56.347
1085;Sjælland;2025-01-22;5;2025-02-25T10:22:56.347
1083;Syddanmark;2025-01-22;5;2025-02-25T10:22:56.347
1084;Hovedstaden;2025-01-23;9;2025-02-25T10:22:56.347
1082;Midtjylland;2025-01-23;1;2025-02-25T10:22:56.347
1081;Nordjylland;2025-01-23;2;2025-02-25T10:22:56.347
1085;Sjælland;2025-01-23;6;2025-02-25T10:22:56.347
1083;Syddanmark;2025-01-23;4;2025-02-25T10:22:56.347
1084;Hovedstaden;2025-01-24;14;2025-02-25T10:22:56.347
1082;Midtjylland;2025-01-24;1;2025-02-25T10:22:56.347
1085;Sjælland;2025-01-24;6;2025-02-25T10:22:56.347
1083;Syddanmark;2025-01-24;3;2025-02-25T10:22:56.347
1084;Hovedstaden;2025-01-25;2;2025-02-25T10:22:56.347
1082;Midtjylland;2025-01-25;1;2025-02-25T10:22:56.347
1081;Nordjylland;2025-01-25;1;2025-02-25T10:22:56.347
1085;Sjælland;2025-01-25;3;2025-02-25T10:22:56.347
1083;Syddanmark;2025-01-25;1;2025-02-25T10:22:56.347
1084;Hovedstaden;2025-01-26;7;2025-02-25T10:22:56.347
1081;Nordjylland;2025-01-26;1;2025-02-25T10:22:56.347
1085;Sjælland;2025-01-26;2;2025-02-25T10:22:56.347
1083;Syddanmark;2025-01-26;2;2025-02-25T10:22:56.347
1084;Hovedstaden;2025-01-27;19;2025-02-25T10:22:56.347
1082;Midtjylland;2025-01-27;1;2025-02-25T10:22:56.347
1081;Nordjylland;2025-01-27;1;2025-02-25T10:22:56.347
1085;Sjælland;2025-01-27;6;2025-02-25T10:22:56.347
1083;Syddanmark;2025-01-27;2;2025-02-25T10:22:56.347
1084;Hovedstaden;2025-01-28;7;2025-02-25T10:22:56.347
1082;Midtjylland;2025-01-28;1;2025-02-25T10:22:56.347
1081;Nordjylland;2025-01-28;2;2025-02-25T10:22:56.347
1085;Sjælland;2025-01-28;6;2025-02-25T10:22:56.347
1083;Syddanmark;2025-01-28;6;2025-02-25T10:22:56.347
1084;Hovedstaden;2025-01-29;12;2025-02-25T10:22:56.347
1082;Midtjylland;2025-01-29;1;2025-02-25T10:22:56.347
1081;Nordjylland;2025-01-29;2;2025-02-25T10:22:56.347
1085;Sjælland;2025-01-29;10;2025-02-25T10:22:56.347
1083;Syddanmark;2025-01-29;5;2025-02-25T10:22:56.347
1084;Hovedstaden;2025-01-30;13;2025-02-25T10:22:56.347
1081;Nordjylland;2025-01-30;4;2025-02-25T10:22:56.347
1085;Sjælland;2025-01-30;7;2025-02-25T10:22:56.347
1083;Syddanmark;2025-01-30;4;2025-02-25T10:22:56.347
1084;Hovedstaden;2025-01-31;14;2025-02-25T10:22:56.347
1082;Midtjylland;2025-01-31;2;2025-02-25T10:22:56.347
1081;Nordjylland;2025-01-31;3;2025-02-25T10:22:56.347
1085;Sjælland;2025-01-31;4;2025-02-25T10:22:56.347
1083;Syddanmark;2025-01-31;5;2025-02-25T10:22:56.347
1084;Hovedstaden;2025-02-01;5;2025-02-25T10:22:56.347
1082;Midtjylland;2025-02-01;2;2025-02-25T10:22:56.347
1083;Syddanmark;2025-02-01;3;2025-02-25T10:22:56.347
1084;Hovedstaden;2025-02-02;4;2025-02-25T10:22:56.347
1082;Midtjylland;2025-02-02;1;2025-02-25T10:22:56.347
1081;Nordjylland;2025-02-02;2;2025-02-25T10:22:56.347
1085;Sjælland;2025-02-02;3;2025-02-25T10:22:56.347
1083;Syddanmark;2025-02-02;2;2025-02-25T10:22:56.347
1084;Hovedstaden;2025-02-03;13;2025-02-25T10:22:56.347
1082;Midtjylland;2025-02-03;5;2025-02-25T10:22:56.347
1081;Nordjylland;2025-02-03;1;2025-02-25T10:22:56.347
1085;Sjælland;2025-02-03;1;2025-02-25T10:22:56.347
1083;Syddanmark;2025-02-03;5;2025-02-25T10:22:56.347
1084;Hovedstaden;2025-02-04;9;2025-02-25T10:22:56.347
1082;Midtjylland;2025-02-04;4;2025-02-25T10:22:56.347
1085;Sjælland;2025-02-04;3;2025-02-25T10:22:56.347
1083;Syddanmark;2025-02-04;2;2025-02-25T10:22:56.347
1084;Hovedstaden;2025-02-05;17;2025-02-25T10:22:56.347
1082;Midtjylland;2025-02-05;3;2025-02-25T10:22:56.347
1081;Nordjylland;2025-02-05;1;2025-02-25T10:22:56.347
1085;Sjælland;2025-02-05;3;2025-02-25T10:22:56.347
1083;Syddanmark;2025-02-05;3;2025-02-25T10:22:56.347
1084;Hovedstaden;2025-02-06;13;2025-02-25T10:22:56.347
1082;Midtjylland;2025-02-06;2;2025-02-25T10:22:56.347
1081;Nordjylland;2025-02-06;2;2025-02-25T10:22:56.347
1085;Sjælland;2025-02-06;7;2025-02-25T10:22:56.347
1083;Syddanmark;2025-02-06;4;2025-02-25T10:22:56.347
1084;Hovedstaden;2025-02-07;11;2025-02-25T10:22:56.347
1082;Midtjylland;2025-02-07;1;2025-02-25T10:22:56.347
1081;Nordjylland;2025-02-07;4;2025-02-25T10:22:56.347
1085;Sjælland;2025-02-07;6;2025-02-25T10:22:56.347
1083;Syddanmark;2025-02-07;3;2025-02-25T10:22:56.347
1084;Hovedstaden;2025-02-08;5;2025-02-25T10:22:56.347
1081;Nordjylland;2025-02-08;1;2025-02-25T10:22:56.347
1083;Syddanmark;2025-02-08;2;2025-02-25T10:22:56.347
1084;Hovedstaden;2025-02-09;2;2025-02-25T10:22:56.347
1082;Midtjylland;2025-02-09;1;2025-02-25T10:22:56.347
1085;Sjælland;2025-02-09;1;2025-02-25T10:22:56.347
1083;Syddanmark;2025-02-09;3;2025-02-25T10:22:56.347
1084;Hovedstaden;2025-02-10;16;2025-02-25T10:22:56.347
1082;Midtjylland;2025-02-10;2;2025-02-25T10:22:56.347
1081;Nordjylland;2025-02-10;2;2025-02-25T10:22:56.347
1085;Sjælland;2025-02-10;2;2025-02-25T10:22:56.347
1083;Syddanmark;2025-02-10;4;2025-02-25T10:22:56.347
1084;Hovedstaden;2025-02-11;11;2025-02-25T10:22:56.347
1082;Midtjylland;2025-02-11;1;2025-02-25T10:22:56.347
1085;Sjælland;2025-02-11;4;2025-02-25T10:22:56.347
1083;Syddanmark;2025-02-11;3;2025-02-25T10:22:56.347
1084;Hovedstaden;2025-02-12;9;2025-02-25T10:22:56.347
1082;Midtjylland;2025-02-12;2;2025-02-25T10:22:56.347
1081;Nordjylland;2025-02-12;3;2025-02-25T10:22:56.347
1085;Sjælland;2025-02-12;2;2025-02-25T10:22:56.347
1083;Syddanmark;2025-02-12;6;2025-02-25T10:22:56.347
1084;Hovedstaden;2025-02-13;14;2025-02-25T10:22:56.347
1082;Midtjylland;2025-02-13;2;2025-02-25T10:22:56.347
1081;Nordjylland;2025-02-13;3;2025-02-25T10:22:56.347
1085;Sjælland;2025-02-13;5;2025-02-25T10:22:56.347
1083;Syddanmark;2025-02-13;4;2025-02-25T10:22:56.347
1084;Hovedstaden;2025-02-14;9;2025-02-25T10:22:56.347
1082;Midtjylland;2025-02-14;2;2025-02-25T10:22:56.347
1081;Nordjylland;2025-02-14;2;2025-02-25T10:22:56.347
1085;Sjælland;2025-02-14;2;2025-02-25T10:22:56.347
1083;Syddanmark;2025-02-14;10;2025-02-25T10:22:56.347
1084;Hovedstaden;2025-02-15;3;2025-02-25T10:22:56.347
1082;Midtjylland;2025-02-15;1;2025-02-25T10:22:56.347
1081;Nordjylland;2025-02-15;3;2025-02-25T10:22:56.347
1085;Sjælland;2025-02-15;4;2025-02-25T10:22:56.347
1083;Syddanmark;2025-02-15;2;2025-02-25T10:22:56.347
1084;Hovedstaden;2025-02-16;4;2025-02-25T10:22:56.347
1082;Midtjylland;2025-02-16;2;2025-02-25T10:22:56.347
1081;Nordjylland;2025-02-16;3;2025-02-25T10:22:56.347
1085;Sjælland;2025-02-16;4;2025-02-25T10:22:56.347
1083;Syddanmark;2025-02-16;3;2025-02-25T10:22:56.347
1084;Hovedstaden;2025-02-17;11;2025-02-25T10:22:56.347
1082;Midtjylland;2025-02-17;1;2025-02-25T10:22:56.347
1081;Nordjylland;2025-02-17;2;2025-02-25T10:22:56.347
1085;Sjælland;2025-02-17;4;2025-02-25T10:22:56.347
1083;Syddanmark;2025-02-17;6;2025-02-25T10:22:56.347
1084;Hovedstaden;2025-02-18;3;2025-02-25T10:22:56.347
1081;Nordjylland;2025-02-18;1;2025-02-25T10:22:56.347
1085;Sjælland;2025-02-18;5;2025-02-25T10:22:56.347
1083;Syddanmark;2025-02-18;4;2025-02-25T10:22:56.347
1084;Hovedstaden;2025-02-19;11;2025-02-25T10:22:56.347
1082;Midtjylland;2025-02-19;3;2025-02-25T10:22:56.347
1085;Sjælland;2025-02-19;9;2025-02-25T10:22:56.347
1083;Syddanmark;2025-02-19;9;2025-02-25T10:22:56.347
1084;Hovedstaden;2025-02-20;8;2025-02-25T10:22:56.347
1082;Midtjylland;2025-02-20;2;2025-02-25T10:22:56.347
1081;Nordjylland;2025-02-20;2;2025-02-25T10:22:56.347
1085;Sjælland;2025-02-20;6;2025-02-25T10:22:56.347
1083;Syddanmark;2025-02-20;4;2025-02-25T10:22:56.347
1084;Hovedstaden;2025-02-21;8;2025-02-25T10:22:56.347
1082;Midtjylland;2025-02-21;3;2025-02-25T10:22:56.347
1081;Nordjylland;2025-02-21;4;2025-02-25T10:22:56.347
1085;Sjælland;2025-02-21;4;2025-02-25T10:22:56.347
1083;Syddanmark;2025-02-21;4;2025-02-25T10:22:56.347
1084;Hovedstaden;2025-02-22;8;2025-02-25T10:22:56.347
1082;Midtjylland;2025-02-22;1;2025-02-25T10:22:56.347
1085;Sjælland;2025-02-22;2;2025-02-25T10:22:56.347
1083;Syddanmark;2025-02-22;2;2025-02-25T10:22:56.347
1084;Hovedstaden;2025-02-23;4;2025-02-25T10:22:56.347
1081;Nordjylland;2025-02-23;1;2025-02-25T10:22:56.347
1085;Sjælland;2025-02-23;3;2025-02-25T10:22:56.347
1083;Syddanmark;2025-02-23;5;2025-02-25T10:22:56.347
1084;Hovedstaden;2025-02-24;11;2025-02-25T10:22:56.347
1081;Nordjylland;2025-02-24;3;2025-02-25T10:22:56.347
1085;Sjælland;2025-02-24;3;2025-02-25T10:22:56.347
1083;Syddanmark;2025-02-24;2;2025-02-25T10:22:56.347
